minuto;terminal;buses_cargando;puestos
0;Los Espinos + Santa Rosa;270;270
1;Los Espinos + Santa Rosa;270;270
2;Los Espinos + Santa Rosa;270;270
3;Los Espinos + Santa Rosa;270;270
4;Los Espinos + Santa Rosa;270;270
5;Los Espinos + Santa Rosa;270;270
6;Los Espinos + Santa Rosa;270;270
7;Los Espinos + Santa Rosa;270;270
8;Los Espinos + Santa Rosa;270;270
9;Los Espinos + Santa Rosa;270;270
10;Los Espinos + Santa Rosa;270;270
11;Los Espinos + Santa Rosa;270;270
12;Los Espinos + Santa Rosa;270;270
13;Los Espinos + Santa Rosa;270;270
14;Los Espinos + Santa Rosa;270;270
15;Los Espinos + Santa Rosa;270;270
16;Los Espinos + Santa Rosa;270;270
17;Los Espinos + Santa Rosa;270;270
18;Los Espinos + Santa Rosa;270;270
19;Los Espinos + Santa Rosa;270;270
20;Los Espinos + Santa Rosa;270;270
21;Los Espinos + Santa Rosa;270;270
22;Los Espinos + Santa Rosa;270;270
23;Los Espinos + Santa Rosa;270;270
24;Los Espinos + Santa Rosa;270;270
25;Los Espinos + Santa Rosa;270;270
26;Los Espinos + Santa Rosa;270;270
27;Los Espinos + Santa Rosa;270;270
28;Los Espinos + Santa Rosa;270;270
29;Los Espinos + Santa Rosa;270;270
30;Los Espinos + Santa Rosa;270;270
31;Los Espinos + Santa Rosa;270;270
32;Los Espinos + Santa Rosa;270;270
33;Los Espinos + Santa Rosa;270;270
34;Los Espinos + Santa Rosa;270;270
35;Los Espinos + Santa Rosa;270;270
36;Los Espinos + Santa Rosa;270;270
37;Los Espinos + Santa Rosa;270;270
38;Los Espinos + Santa Rosa;270;270
39;Los Espinos + Santa Rosa;270;270
40;Los Espinos + Santa Rosa;270;270
41;Los Espinos + Santa Rosa;270;270
42;Los Espinos + Santa Rosa;270;270
43;Los Espinos + Santa Rosa;270;270
44;Los Espinos + Santa Rosa;270;270
45;Los Espinos + Santa Rosa;270;270
46;Los Espinos + Santa Rosa;270;270
47;Los Espinos + Santa Rosa;270;270
48;Los Espinos + Santa Rosa;270;270
49;Los Espinos + Santa Rosa;270;270
50;Los Espinos + Santa Rosa;270;270
51;Los Espinos + Santa Rosa;270;270
52;Los Espinos + Santa Rosa;270;270
53;Los Espinos + Santa Rosa;270;270
54;Los Espinos + Santa Rosa;270;270
55;Los Espinos + Santa Rosa;270;270
56;Los Espinos + Santa Rosa;270;270
57;Los Espinos + Santa Rosa;270;270
58;Los Espinos + Santa Rosa;270;270
59;Los Espinos + Santa Rosa;270;270
60;Los Espinos + Santa Rosa;270;270
61;Los Espinos + Santa Rosa;270;270
62;Los Espinos + Santa Rosa;270;270
63;Los Espinos + Santa Rosa;270;270
64;Los Espinos + Santa Rosa;270;270
65;Los Espinos + Santa Rosa;270;270
66;Los Espinos + Santa Rosa;270;270
67;Los Espinos + Santa Rosa;270;270
68;Los Espinos + Santa Rosa;270;270
69;Los Espinos + Santa Rosa;270;270
70;Los Espinos + Santa Rosa;270;270
71;Los Espinos + Santa Rosa;270;270
72;Los Espinos + Santa Rosa;270;270
73;Los Espinos + Santa Rosa;270;270
74;Los Espinos + Santa Rosa;270;270
75;Los Espinos + Santa Rosa;270;270
76;Los Espinos + Santa Rosa;270;270
77;Los Espinos + Santa Rosa;270;270
78;Los Espinos + Santa Rosa;270;270
79;Los Espinos + Santa Rosa;270;270
80;Los Espinos + Santa Rosa;270;270
81;Los Espinos + Santa Rosa;270;270
82;Los Espinos + Santa Rosa;270;270
83;Los Espinos + Santa Rosa;270;270
84;Los Espinos + Santa Rosa;270;270
85;Los Espinos + Santa Rosa;270;270
86;Los Espinos + Santa Rosa;270;270
87;Los Espinos + Santa Rosa;270;270
88;Los Espinos + Santa Rosa;270;270
89;Los Espinos + Santa Rosa;270;270
90;Los Espinos + Santa Rosa;270;270
91;Los Espinos + Santa Rosa;270;270
92;Los Espinos + Santa Rosa;270;270
93;Los Espinos + Santa Rosa;270;270
94;Los Espinos + Santa Rosa;270;270
95;Los Espinos + Santa Rosa;270;270
96;Los Espinos + Santa Rosa;270;270
97;Los Espinos + Santa Rosa;270;270
98;Los Espinos + Santa Rosa;270;270
99;Los Espinos + Santa Rosa;270;270
100;Los Espinos + Santa Rosa;270;270
101;Los Espinos + Santa Rosa;270;270
102;Los Espinos + Santa Rosa;270;270
103;Los Espinos + Santa Rosa;270;270
104;Los Espinos + Santa Rosa;270;270
105;Los Espinos + Santa Rosa;270;270
106;Los Espinos + Santa Rosa;270;270
107;Los Espinos + Santa Rosa;270;270
108;Los Espinos + Santa Rosa;270;270
109;Los Espinos + Santa Rosa;270;270
110;Los Espinos + Santa Rosa;270;270
111;Los Espinos + Santa Rosa;270;270
112;Los Espinos + Santa Rosa;270;270
113;Los Espinos + Santa Rosa;270;270
114;Los Espinos + Santa Rosa;270;270
115;Los Espinos + Santa Rosa;270;270
116;Los Espinos + Santa Rosa;270;270
117;Los Espinos + Santa Rosa;270;270
118;Los Espinos + Santa Rosa;270;270
119;Los Espinos + Santa Rosa;270;270
120;Los Espinos + Santa Rosa;270;270
121;Los Espinos + Santa Rosa;270;270
122;Los Espinos + Santa Rosa;270;270
123;Los Espinos + Santa Rosa;270;270
124;Los Espinos + Santa Rosa;270;270
125;Los Espinos + Santa Rosa;270;270
126;Los Espinos + Santa Rosa;270;270
127;Los Espinos + Santa Rosa;270;270
128;Los Espinos + Santa Rosa;270;270
129;Los Espinos + Santa Rosa;270;270
130;Los Espinos + Santa Rosa;270;270
131;Los Espinos + Santa Rosa;270;270
132;Los Espinos + Santa Rosa;270;270
133;Los Espinos + Santa Rosa;270;270
134;Los Espinos + Santa Rosa;270;270
135;Los Espinos + Santa Rosa;270;270
136;Los Espinos + Santa Rosa;270;270
137;Los Espinos + Santa Rosa;270;270
138;Los Espinos + Santa Rosa;270;270
139;Los Espinos + Santa Rosa;270;270
140;Los Espinos + Santa Rosa;270;270
141;Los Espinos + Santa Rosa;270;270
142;Los Espinos + Santa Rosa;270;270
143;Los Espinos + Santa Rosa;270;270
144;Los Espinos + Santa Rosa;270;270
145;Los Espinos + Santa Rosa;270;270
146;Los Espinos + Santa Rosa;270;270
147;Los Espinos + Santa Rosa;270;270
148;Los Espinos + Santa Rosa;270;270
149;Los Espinos + Santa Rosa;270;270
150;Los Espinos + Santa Rosa;270;270
151;Los Espinos + Santa Rosa;270;270
152;Los Espinos + Santa Rosa;270;270
153;Los Espinos + Santa Rosa;270;270
154;Los Espinos + Santa Rosa;270;270
155;Los Espinos + Santa Rosa;270;270
156;Los Espinos + Santa Rosa;270;270
157;Los Espinos + Santa Rosa;270;270
158;Los Espinos + Santa Rosa;270;270
159;Los Espinos + Santa Rosa;270;270
160;Los Espinos + Santa Rosa;270;270
161;Los Espinos + Santa Rosa;270;270
162;Los Espinos + Santa Rosa;270;270
163;Los Espinos + Santa Rosa;270;270
164;Los Espinos + Santa Rosa;270;270
165;Los Espinos + Santa Rosa;270;270
166;Los Espinos + Santa Rosa;270;270
167;Los Espinos + Santa Rosa;270;270
168;Los Espinos + Santa Rosa;270;270
169;Los Espinos + Santa Rosa;270;270
170;Los Espinos + Santa Rosa;270;270
171;Los Espinos + Santa Rosa;270;270
172;Los Espinos + Santa Rosa;270;270
173;Los Espinos + Santa Rosa;270;270
174;Los Espinos + Santa Rosa;270;270
175;Los Espinos + Santa Rosa;270;270
176;Los Espinos + Santa Rosa;270;270
177;Los Espinos + Santa Rosa;270;270
178;Los Espinos + Santa Rosa;270;270
179;Los Espinos + Santa Rosa;270;270
180;Los Espinos + Santa Rosa;270;270
181;Los Espinos + Santa Rosa;270;270
182;Los Espinos + Santa Rosa;270;270
183;Los Espinos + Santa Rosa;270;270
184;Los Espinos + Santa Rosa;270;270
185;Los Espinos + Santa Rosa;270;270
186;Los Espinos + Santa Rosa;270;270
187;Los Espinos + Santa Rosa;270;270
188;Los Espinos + Santa Rosa;270;270
189;Los Espinos + Santa Rosa;270;270
190;Los Espinos + Santa Rosa;270;270
191;Los Espinos + Santa Rosa;270;270
192;Los Espinos + Santa Rosa;270;270
193;Los Espinos + Santa Rosa;270;270
194;Los Espinos + Santa Rosa;270;270
195;Los Espinos + Santa Rosa;270;270
196;Los Espinos + Santa Rosa;270;270
197;Los Espinos + Santa Rosa;270;270
198;Los Espinos + Santa Rosa;270;270
199;Los Espinos + Santa Rosa;270;270
200;Los Espinos + Santa Rosa;270;270
201;Los Espinos + Santa Rosa;270;270
202;Los Espinos + Santa Rosa;270;270
203;Los Espinos + Santa Rosa;270;270
204;Los Espinos + Santa Rosa;270;270
205;Los Espinos + Santa Rosa;270;270
206;Los Espinos + Santa Rosa;270;270
207;Los Espinos + Santa Rosa;270;270
208;Los Espinos + Santa Rosa;270;270
209;Los Espinos + Santa Rosa;270;270
210;Los Espinos + Santa Rosa;270;270
211;Los Espinos + Santa Rosa;270;270
212;Los Espinos + Santa Rosa;270;270
213;Los Espinos + Santa Rosa;270;270
214;Los Espinos + Santa Rosa;270;270
215;Los Espinos + Santa Rosa;270;270
216;Los Espinos + Santa Rosa;270;270
217;Los Espinos + Santa Rosa;270;270
218;Los Espinos + Santa Rosa;270;270
219;Los Espinos + Santa Rosa;270;270
220;Los Espinos + Santa Rosa;270;270
221;Los Espinos + Santa Rosa;270;270
222;Los Espinos + Santa Rosa;270;270
223;Los Espinos + Santa Rosa;270;270
224;Los Espinos + Santa Rosa;270;270
225;Los Espinos + Santa Rosa;270;270
226;Los Espinos + Santa Rosa;270;270
227;Los Espinos + Santa Rosa;270;270
228;Los Espinos + Santa Rosa;270;270
229;Los Espinos + Santa Rosa;270;270
230;Los Espinos + Santa Rosa;270;270
231;Los Espinos + Santa Rosa;270;270
232;Los Espinos + Santa Rosa;270;270
233;Los Espinos + Santa Rosa;270;270
234;Los Espinos + Santa Rosa;270;270
235;Los Espinos + Santa Rosa;270;270
236;Los Espinos + Santa Rosa;270;270
237;Los Espinos + Santa Rosa;270;270
238;Los Espinos + Santa Rosa;270;270
239;Los Espinos + Santa Rosa;270;270
240;Los Espinos + Santa Rosa;270;270
241;Los Espinos + Santa Rosa;270;270
242;Los Espinos + Santa Rosa;270;270
243;Los Espinos + Santa Rosa;270;270
244;Los Espinos + Santa Rosa;270;270
245;Los Espinos + Santa Rosa;270;270
246;Los Espinos + Santa Rosa;270;270
247;Los Espinos + Santa Rosa;270;270
248;Los Espinos + Santa Rosa;270;270
249;Los Espinos + Santa Rosa;270;270
250;Los Espinos + Santa Rosa;270;270
251;Los Espinos + Santa Rosa;270;270
252;Los Espinos + Santa Rosa;270;270
253;Los Espinos + Santa Rosa;270;270
254;Los Espinos + Santa Rosa;270;270
255;Los Espinos + Santa Rosa;270;270
256;Los Espinos + Santa Rosa;270;270
257;Los Espinos + Santa Rosa;270;270
258;Los Espinos + Santa Rosa;270;270
259;Los Espinos + Santa Rosa;270;270
260;Los Espinos + Santa Rosa;270;270
261;Los Espinos + Santa Rosa;270;270
262;Los Espinos + Santa Rosa;270;270
263;Los Espinos + Santa Rosa;270;270
264;Los Espinos + Santa Rosa;270;270
265;Los Espinos + Santa Rosa;270;270
266;Los Espinos + Santa Rosa;270;270
267;Los Espinos + Santa Rosa;270;270
268;Los Espinos + Santa Rosa;270;270
269;Los Espinos + Santa Rosa;270;270
270;Los Espinos + Santa Rosa;270;270
271;Los Espinos + Santa Rosa;270;270
272;Los Espinos + Santa Rosa;270;270
273;Los Espinos + Santa Rosa;270;270
274;Los Espinos + Santa Rosa;270;270
275;Los Espinos + Santa Rosa;270;270
276;Los Espinos + Santa Rosa;270;270
277;Los Espinos + Santa Rosa;270;270
278;Los Espinos + Santa Rosa;270;270
279;Los Espinos + Santa Rosa;270;270
280;Los Espinos + Santa Rosa;270;270
281;Los Espinos + Santa Rosa;270;270
282;Los Espinos + Santa Rosa;270;270
283;Los Espinos + Santa Rosa;270;270
284;Los Espinos + Santa Rosa;270;270
285;Los Espinos + Santa Rosa;270;270
286;Los Espinos + Santa Rosa;270;270
287;Los Espinos + Santa Rosa;270;270
288;Los Espinos + Santa Rosa;270;270
289;Los Espinos + Santa Rosa;270;270
290;Los Espinos + Santa Rosa;270;270
291;Los Espinos + Santa Rosa;270;270
292;Los Espinos + Santa Rosa;270;270
293;Los Espinos + Santa Rosa;270;270
294;Los Espinos + Santa Rosa;270;270
295;Los Espinos + Santa Rosa;270;270
296;Los Espinos + Santa Rosa;270;270
297;Los Espinos + Santa Rosa;270;270
298;Los Espinos + Santa Rosa;270;270
299;Los Espinos + Santa Rosa;270;270
300;Los Espinos + Santa Rosa;270;270
301;Los Espinos + Santa Rosa;270;270
302;Los Espinos + Santa Rosa;270;270
303;Los Espinos + Santa Rosa;270;270
304;Los Espinos + Santa Rosa;270;270
305;Los Espinos + Santa Rosa;270;270
306;Los Espinos + Santa Rosa;270;270
307;Los Espinos + Santa Rosa;270;270
308;Los Espinos + Santa Rosa;270;270
309;Los Espinos + Santa Rosa;270;270
310;Los Espinos + Santa Rosa;270;270
311;Los Espinos + Santa Rosa;270;270
312;Los Espinos + Santa Rosa;270;270
313;Los Espinos + Santa Rosa;270;270
314;Los Espinos + Santa Rosa;270;270
315;Los Espinos + Santa Rosa;270;270
316;Los Espinos + Santa Rosa;270;270
317;Los Espinos + Santa Rosa;270;270
318;Los Espinos + Santa Rosa;270;270
319;Los Espinos + Santa Rosa;270;270
320;Los Espinos + Santa Rosa;270;270
321;Los Espinos + Santa Rosa;270;270
322;Los Espinos + Santa Rosa;270;270
323;Los Espinos + Santa Rosa;270;270
324;Los Espinos + Santa Rosa;270;270
325;Los Espinos + Santa Rosa;270;270
326;Los Espinos + Santa Rosa;270;270
327;Los Espinos + Santa Rosa;270;270
328;Los Espinos + Santa Rosa;270;270
329;Los Espinos + Santa Rosa;270;270
330;Los Espinos + Santa Rosa;270;270
331;Los Espinos + Santa Rosa;270;270
332;Los Espinos + Santa Rosa;270;270
333;Los Espinos + Santa Rosa;270;270
334;Los Espinos + Santa Rosa;270;270
335;Los Espinos + Santa Rosa;270;270
336;Los Espinos + Santa Rosa;270;270
337;Los Espinos + Santa Rosa;270;270
338;Los Espinos + Santa Rosa;270;270
339;Los Espinos + Santa Rosa;270;270
340;Los Espinos + Santa Rosa;270;270
341;Los Espinos + Santa Rosa;270;270
342;Los Espinos + Santa Rosa;270;270
343;Los Espinos + Santa Rosa;270;270
344;Los Espinos + Santa Rosa;270;270
345;Los Espinos + Santa Rosa;270;270
346;Los Espinos + Santa Rosa;270;270
347;Los Espinos + Santa Rosa;270;270
348;Los Espinos + Santa Rosa;270;270
349;Los Espinos + Santa Rosa;270;270
350;Los Espinos + Santa Rosa;270;270
351;Los Espinos + Santa Rosa;270;270
352;Los Espinos + Santa Rosa;270;270
353;Los Espinos + Santa Rosa;270;270
354;Los Espinos + Santa Rosa;270;270
355;Los Espinos + Santa Rosa;270;270
356;Los Espinos + Santa Rosa;270;270
357;Los Espinos + Santa Rosa;270;270
358;Los Espinos + Santa Rosa;270;270
359;Los Espinos + Santa Rosa;270;270
360;Los Espinos + Santa Rosa;270;270
361;Los Espinos + Santa Rosa;270;270
362;Los Espinos + Santa Rosa;270;270
363;Los Espinos + Santa Rosa;270;270
364;Los Espinos + Santa Rosa;270;270
365;Los Espinos + Santa Rosa;270;270
366;Los Espinos + Santa Rosa;270;270
367;Los Espinos + Santa Rosa;270;270
368;Los Espinos + Santa Rosa;270;270
369;Los Espinos + Santa Rosa;270;270
370;Los Espinos + Santa Rosa;270;270
371;Los Espinos + Santa Rosa;270;270
372;Los Espinos + Santa Rosa;270;270
373;Los Espinos + Santa Rosa;270;270
374;Los Espinos + Santa Rosa;270;270
375;Los Espinos + Santa Rosa;270;270
376;Los Espinos + Santa Rosa;270;270
377;Los Espinos + Santa Rosa;270;270
378;Los Espinos + Santa Rosa;270;270
379;Los Espinos + Santa Rosa;270;270
380;Los Espinos + Santa Rosa;270;270
381;Los Espinos + Santa Rosa;270;270
382;Los Espinos + Santa Rosa;270;270
383;Los Espinos + Santa Rosa;270;270
384;Los Espinos + Santa Rosa;270;270
385;Los Espinos + Santa Rosa;270;270
386;Los Espinos + Santa Rosa;270;270
387;Los Espinos + Santa Rosa;270;270
388;Los Espinos + Santa Rosa;270;270
389;Los Espinos + Santa Rosa;270;270
390;Los Espinos + Santa Rosa;270;270
391;Los Espinos + Santa Rosa;270;270
392;Los Espinos + Santa Rosa;270;270
393;Los Espinos + Santa Rosa;270;270
394;Los Espinos + Santa Rosa;270;270
395;Los Espinos + Santa Rosa;270;270
396;Los Espinos + Santa Rosa;270;270
397;Los Espinos + Santa Rosa;270;270
398;Los Espinos + Santa Rosa;270;270
399;Los Espinos + Santa Rosa;270;270
400;Los Espinos + Santa Rosa;270;270
401;Los Espinos + Santa Rosa;270;270
402;Los Espinos + Santa Rosa;270;270
403;Los Espinos + Santa Rosa;270;270
404;Los Espinos + Santa Rosa;270;270
405;Los Espinos + Santa Rosa;270;270
406;Los Espinos + Santa Rosa;270;270
407;Los Espinos + Santa Rosa;270;270
408;Los Espinos + Santa Rosa;270;270
409;Los Espinos + Santa Rosa;270;270
410;Los Espinos + Santa Rosa;270;270
411;Los Espinos + Santa Rosa;270;270
412;Los Espinos + Santa Rosa;270;270
413;Los Espinos + Santa Rosa;270;270
414;Los Espinos + Santa Rosa;270;270
415;Los Espinos + Santa Rosa;270;270
416;Los Espinos + Santa Rosa;270;270
417;Los Espinos + Santa Rosa;270;270
418;Los Espinos + Santa Rosa;270;270
419;Los Espinos + Santa Rosa;270;270
420;Los Espinos + Santa Rosa;270;270
421;Los Espinos + Santa Rosa;270;270
422;Los Espinos + Santa Rosa;270;270
423;Los Espinos + Santa Rosa;270;270
424;Los Espinos + Santa Rosa;270;270
425;Los Espinos + Santa Rosa;270;270
426;Los Espinos + Santa Rosa;270;270
427;Los Espinos + Santa Rosa;270;270
428;Los Espinos + Santa Rosa;270;270
429;Los Espinos + Santa Rosa;270;270
430;Los Espinos + Santa Rosa;270;270
431;Los Espinos + Santa Rosa;270;270
432;Los Espinos + Santa Rosa;270;270
433;Los Espinos + Santa Rosa;270;270
434;Los Espinos + Santa Rosa;270;270
435;Los Espinos + Santa Rosa;270;270
436;Los Espinos + Santa Rosa;270;270
437;Los Espinos + Santa Rosa;270;270
438;Los Espinos + Santa Rosa;270;270
439;Los Espinos + Santa Rosa;270;270
440;Los Espinos + Santa Rosa;270;270
441;Los Espinos + Santa Rosa;270;270
442;Los Espinos + Santa Rosa;270;270
443;Los Espinos + Santa Rosa;270;270
444;Los Espinos + Santa Rosa;270;270
445;Los Espinos + Santa Rosa;270;270
446;Los Espinos + Santa Rosa;270;270
447;Los Espinos + Santa Rosa;270;270
448;Los Espinos + Santa Rosa;270;270
449;Los Espinos + Santa Rosa;270;270
450;Los Espinos + Santa Rosa;270;270
451;Los Espinos + Santa Rosa;270;270
452;Los Espinos + Santa Rosa;270;270
453;Los Espinos + Santa Rosa;270;270
454;Los Espinos + Santa Rosa;270;270
455;Los Espinos + Santa Rosa;270;270
456;Los Espinos + Santa Rosa;270;270
457;Los Espinos + Santa Rosa;270;270
458;Los Espinos + Santa Rosa;270;270
459;Los Espinos + Santa Rosa;270;270
460;Los Espinos + Santa Rosa;270;270
461;Los Espinos + Santa Rosa;270;270
462;Los Espinos + Santa Rosa;270;270
463;Los Espinos + Santa Rosa;270;270
464;Los Espinos + Santa Rosa;270;270
465;Los Espinos + Santa Rosa;270;270
466;Los Espinos + Santa Rosa;270;270
467;Los Espinos + Santa Rosa;270;270
468;Los Espinos + Santa Rosa;270;270
469;Los Espinos + Santa Rosa;270;270
470;Los Espinos + Santa Rosa;270;270
471;Los Espinos + Santa Rosa;270;270
472;Los Espinos + Santa Rosa;270;270
473;Los Espinos + Santa Rosa;270;270
474;Los Espinos + Santa Rosa;270;270
475;Los Espinos + Santa Rosa;270;270
476;Los Espinos + Santa Rosa;270;270
477;Los Espinos + Santa Rosa;270;270
478;Los Espinos + Santa Rosa;270;270
479;Los Espinos + Santa Rosa;270;270
480;Los Espinos + Santa Rosa;270;270
481;Los Espinos + Santa Rosa;270;270
482;Los Espinos + Santa Rosa;267;270
483;Los Espinos + Santa Rosa;267;270
484;Los Espinos + Santa Rosa;267;270
485;Los Espinos + Santa Rosa;268;270
486;Los Espinos + Santa Rosa;270;270
487;Los Espinos + Santa Rosa;270;270
488;Los Espinos + Santa Rosa;270;270
489;Los Espinos + Santa Rosa;270;270
490;Los Espinos + Santa Rosa;270;270
491;Los Espinos + Santa Rosa;270;270
492;Los Espinos + Santa Rosa;270;270
493;Los Espinos + Santa Rosa;270;270
494;Los Espinos + Santa Rosa;270;270
495;Los Espinos + Santa Rosa;270;270
496;Los Espinos + Santa Rosa;270;270
497;Los Espinos + Santa Rosa;270;270
498;Los Espinos + Santa Rosa;269;270
499;Los Espinos + Santa Rosa;270;270
500;Los Espinos + Santa Rosa;270;270
501;Los Espinos + Santa Rosa;270;270
502;Los Espinos + Santa Rosa;270;270
503;Los Espinos + Santa Rosa;270;270
504;Los Espinos + Santa Rosa;270;270
505;Los Espinos + Santa Rosa;268;270
506;Los Espinos + Santa Rosa;269;270
507;Los Espinos + Santa Rosa;270;270
508;Los Espinos + Santa Rosa;270;270
509;Los Espinos + Santa Rosa;270;270
510;Los Espinos + Santa Rosa;270;270
511;Los Espinos + Santa Rosa;270;270
512;Los Espinos + Santa Rosa;270;270
513;Los Espinos + Santa Rosa;268;270
514;Los Espinos + Santa Rosa;270;270
515;Los Espinos + Santa Rosa;270;270
516;Los Espinos + Santa Rosa;270;270
517;Los Espinos + Santa Rosa;270;270
518;Los Espinos + Santa Rosa;268;270
519;Los Espinos + Santa Rosa;270;270
520;Los Espinos + Santa Rosa;270;270
521;Los Espinos + Santa Rosa;270;270
522;Los Espinos + Santa Rosa;268;270
523;Los Espinos + Santa Rosa;270;270
524;Los Espinos + Santa Rosa;270;270
525;Los Espinos + Santa Rosa;270;270
526;Los Espinos + Santa Rosa;270;270
527;Los Espinos + Santa Rosa;270;270
528;Los Espinos + Santa Rosa;266;270
529;Los Espinos + Santa Rosa;265;270
530;Los Espinos + Santa Rosa;270;270
531;Los Espinos + Santa Rosa;270;270
532;Los Espinos + Santa Rosa;270;270
533;Los Espinos + Santa Rosa;270;270
534;Los Espinos + Santa Rosa;267;270
535;Los Espinos + Santa Rosa;267;270
536;Los Espinos + Santa Rosa;270;270
537;Los Espinos + Santa Rosa;270;270
538;Los Espinos + Santa Rosa;270;270
539;Los Espinos + Santa Rosa;270;270
540;Los Espinos + Santa Rosa;270;270
541;Los Espinos + Santa Rosa;270;270
542;Los Espinos + Santa Rosa;269;270
543;Los Espinos + Santa Rosa;266;270
544;Los Espinos + Santa Rosa;270;270
545;Los Espinos + Santa Rosa;270;270
546;Los Espinos + Santa Rosa;270;270
547;Los Espinos + Santa Rosa;270;270
548;Los Espinos + Santa Rosa;270;270
549;Los Espinos + Santa Rosa;270;270
550;Los Espinos + Santa Rosa;270;270
551;Los Espinos + Santa Rosa;270;270
552;Los Espinos + Santa Rosa;270;270
553;Los Espinos + Santa Rosa;270;270
554;Los Espinos + Santa Rosa;270;270
555;Los Espinos + Santa Rosa;270;270
556;Los Espinos + Santa Rosa;270;270
557;Los Espinos + Santa Rosa;270;270
558;Los Espinos + Santa Rosa;270;270
559;Los Espinos + Santa Rosa;270;270
560;Los Espinos + Santa Rosa;270;270
561;Los Espinos + Santa Rosa;270;270
562;Los Espinos + Santa Rosa;270;270
563;Los Espinos + Santa Rosa;270;270
564;Los Espinos + Santa Rosa;270;270
565;Los Espinos + Santa Rosa;270;270
566;Los Espinos + Santa Rosa;270;270
567;Los Espinos + Santa Rosa;270;270
568;Los Espinos + Santa Rosa;270;270
569;Los Espinos + Santa Rosa;270;270
570;Los Espinos + Santa Rosa;270;270
571;Los Espinos + Santa Rosa;270;270
572;Los Espinos + Santa Rosa;270;270
573;Los Espinos + Santa Rosa;270;270
574;Los Espinos + Santa Rosa;270;270
575;Los Espinos + Santa Rosa;270;270
576;Los Espinos + Santa Rosa;270;270
577;Los Espinos + Santa Rosa;270;270
578;Los Espinos + Santa Rosa;270;270
579;Los Espinos + Santa Rosa;270;270
580;Los Espinos + Santa Rosa;270;270
581;Los Espinos + Santa Rosa;270;270
582;Los Espinos + Santa Rosa;270;270
583;Los Espinos + Santa Rosa;270;270
584;Los Espinos + Santa Rosa;270;270
585;Los Espinos + Santa Rosa;270;270
586;Los Espinos + Santa Rosa;270;270
587;Los Espinos + Santa Rosa;270;270
588;Los Espinos + Santa Rosa;270;270
589;Los Espinos + Santa Rosa;270;270
590;Los Espinos + Santa Rosa;270;270
591;Los Espinos + Santa Rosa;270;270
592;Los Espinos + Santa Rosa;270;270
593;Los Espinos + Santa Rosa;270;270
594;Los Espinos + Santa Rosa;270;270
595;Los Espinos + Santa Rosa;270;270
596;Los Espinos + Santa Rosa;270;270
597;Los Espinos + Santa Rosa;270;270
598;Los Espinos + Santa Rosa;270;270
599;Los Espinos + Santa Rosa;270;270
600;Los Espinos + Santa Rosa;270;270
601;Los Espinos + Santa Rosa;270;270
602;Los Espinos + Santa Rosa;270;270
603;Los Espinos + Santa Rosa;269;270
604;Los Espinos + Santa Rosa;270;270
605;Los Espinos + Santa Rosa;270;270
606;Los Espinos + Santa Rosa;270;270
607;Los Espinos + Santa Rosa;270;270
608;Los Espinos + Santa Rosa;270;270
609;Los Espinos + Santa Rosa;270;270
610;Los Espinos + Santa Rosa;270;270
611;Los Espinos + Santa Rosa;269;270
612;Los Espinos + Santa Rosa;270;270
613;Los Espinos + Santa Rosa;270;270
614;Los Espinos + Santa Rosa;270;270
615;Los Espinos + Santa Rosa;270;270
616;Los Espinos + Santa Rosa;270;270
617;Los Espinos + Santa Rosa;270;270
618;Los Espinos + Santa Rosa;270;270
619;Los Espinos + Santa Rosa;270;270
620;Los Espinos + Santa Rosa;270;270
621;Los Espinos + Santa Rosa;270;270
622;Los Espinos + Santa Rosa;270;270
623;Los Espinos + Santa Rosa;270;270
624;Los Espinos + Santa Rosa;270;270
625;Los Espinos + Santa Rosa;270;270
626;Los Espinos + Santa Rosa;270;270
627;Los Espinos + Santa Rosa;270;270
628;Los Espinos + Santa Rosa;270;270
629;Los Espinos + Santa Rosa;270;270
630;Los Espinos + Santa Rosa;270;270
631;Los Espinos + Santa Rosa;270;270
632;Los Espinos + Santa Rosa;270;270
633;Los Espinos + Santa Rosa;270;270
634;Los Espinos + Santa Rosa;270;270
635;Los Espinos + Santa Rosa;270;270
636;Los Espinos + Santa Rosa;270;270
637;Los Espinos + Santa Rosa;270;270
638;Los Espinos + Santa Rosa;270;270
639;Los Espinos + Santa Rosa;270;270
640;Los Espinos + Santa Rosa;269;270
641;Los Espinos + Santa Rosa;270;270
642;Los Espinos + Santa Rosa;270;270
643;Los Espinos + Santa Rosa;270;270
644;Los Espinos + Santa Rosa;270;270
645;Los Espinos + Santa Rosa;270;270
646;Los Espinos + Santa Rosa;270;270
647;Los Espinos + Santa Rosa;270;270
648;Los Espinos + Santa Rosa;270;270
649;Los Espinos + Santa Rosa;270;270
650;Los Espinos + Santa Rosa;270;270
651;Los Espinos + Santa Rosa;270;270
652;Los Espinos + Santa Rosa;270;270
653;Los Espinos + Santa Rosa;270;270
654;Los Espinos + Santa Rosa;270;270
655;Los Espinos + Santa Rosa;270;270
656;Los Espinos + Santa Rosa;270;270
657;Los Espinos + Santa Rosa;270;270
658;Los Espinos + Santa Rosa;270;270
659;Los Espinos + Santa Rosa;270;270
660;Los Espinos + Santa Rosa;270;270
661;Los Espinos + Santa Rosa;270;270
662;Los Espinos + Santa Rosa;270;270
663;Los Espinos + Santa Rosa;270;270
664;Los Espinos + Santa Rosa;270;270
665;Los Espinos + Santa Rosa;270;270
666;Los Espinos + Santa Rosa;270;270
667;Los Espinos + Santa Rosa;270;270
668;Los Espinos + Santa Rosa;270;270
669;Los Espinos + Santa Rosa;270;270
670;Los Espinos + Santa Rosa;270;270
671;Los Espinos + Santa Rosa;270;270
672;Los Espinos + Santa Rosa;270;270
673;Los Espinos + Santa Rosa;270;270
674;Los Espinos + Santa Rosa;270;270
675;Los Espinos + Santa Rosa;270;270
676;Los Espinos + Santa Rosa;270;270
677;Los Espinos + Santa Rosa;270;270
678;Los Espinos + Santa Rosa;270;270
679;Los Espinos + Santa Rosa;270;270
680;Los Espinos + Santa Rosa;270;270
681;Los Espinos + Santa Rosa;270;270
682;Los Espinos + Santa Rosa;270;270
683;Los Espinos + Santa Rosa;270;270
684;Los Espinos + Santa Rosa;270;270
685;Los Espinos + Santa Rosa;270;270
686;Los Espinos + Santa Rosa;270;270
687;Los Espinos + Santa Rosa;270;270
688;Los Espinos + Santa Rosa;270;270
689;Los Espinos + Santa Rosa;270;270
690;Los Espinos + Santa Rosa;270;270
691;Los Espinos + Santa Rosa;270;270
692;Los Espinos + Santa Rosa;270;270
693;Los Espinos + Santa Rosa;270;270
694;Los Espinos + Santa Rosa;270;270
695;Los Espinos + Santa Rosa;270;270
696;Los Espinos + Santa Rosa;270;270
697;Los Espinos + Santa Rosa;270;270
698;Los Espinos + Santa Rosa;270;270
699;Los Espinos + Santa Rosa;270;270
700;Los Espinos + Santa Rosa;270;270
701;Los Espinos + Santa Rosa;270;270
702;Los Espinos + Santa Rosa;270;270
703;Los Espinos + Santa Rosa;270;270
704;Los Espinos + Santa Rosa;270;270
705;Los Espinos + Santa Rosa;270;270
706;Los Espinos + Santa Rosa;270;270
707;Los Espinos + Santa Rosa;270;270
708;Los Espinos + Santa Rosa;270;270
709;Los Espinos + Santa Rosa;270;270
710;Los Espinos + Santa Rosa;270;270
711;Los Espinos + Santa Rosa;270;270
712;Los Espinos + Santa Rosa;270;270
713;Los Espinos + Santa Rosa;270;270
714;Los Espinos + Santa Rosa;270;270
715;Los Espinos + Santa Rosa;270;270
716;Los Espinos + Santa Rosa;270;270
717;Los Espinos + Santa Rosa;270;270
718;Los Espinos + Santa Rosa;270;270
719;Los Espinos + Santa Rosa;270;270
720;Los Espinos + Santa Rosa;270;270
721;Los Espinos + Santa Rosa;270;270
722;Los Espinos + Santa Rosa;270;270
723;Los Espinos + Santa Rosa;270;270
724;Los Espinos + Santa Rosa;270;270
725;Los Espinos + Santa Rosa;270;270
726;Los Espinos + Santa Rosa;270;270
727;Los Espinos + Santa Rosa;270;270
728;Los Espinos + Santa Rosa;270;270
729;Los Espinos + Santa Rosa;270;270
730;Los Espinos + Santa Rosa;270;270
731;Los Espinos + Santa Rosa;270;270
732;Los Espinos + Santa Rosa;270;270
733;Los Espinos + Santa Rosa;270;270
734;Los Espinos + Santa Rosa;270;270
735;Los Espinos + Santa Rosa;270;270
736;Los Espinos + Santa Rosa;270;270
737;Los Espinos + Santa Rosa;270;270
738;Los Espinos + Santa Rosa;270;270
739;Los Espinos + Santa Rosa;270;270
740;Los Espinos + Santa Rosa;270;270
741;Los Espinos + Santa Rosa;270;270
742;Los Espinos + Santa Rosa;270;270
743;Los Espinos + Santa Rosa;270;270
744;Los Espinos + Santa Rosa;270;270
745;Los Espinos + Santa Rosa;270;270
746;Los Espinos + Santa Rosa;270;270
747;Los Espinos + Santa Rosa;270;270
748;Los Espinos + Santa Rosa;270;270
749;Los Espinos + Santa Rosa;270;270
750;Los Espinos + Santa Rosa;270;270
751;Los Espinos + Santa Rosa;270;270
752;Los Espinos + Santa Rosa;270;270
753;Los Espinos + Santa Rosa;270;270
754;Los Espinos + Santa Rosa;270;270
755;Los Espinos + Santa Rosa;270;270
756;Los Espinos + Santa Rosa;270;270
757;Los Espinos + Santa Rosa;270;270
758;Los Espinos + Santa Rosa;270;270
759;Los Espinos + Santa Rosa;270;270
760;Los Espinos + Santa Rosa;270;270
761;Los Espinos + Santa Rosa;270;270
762;Los Espinos + Santa Rosa;270;270
763;Los Espinos + Santa Rosa;270;270
764;Los Espinos + Santa Rosa;270;270
765;Los Espinos + Santa Rosa;270;270
766;Los Espinos + Santa Rosa;270;270
767;Los Espinos + Santa Rosa;270;270
768;Los Espinos + Santa Rosa;270;270
769;Los Espinos + Santa Rosa;270;270
770;Los Espinos + Santa Rosa;270;270
771;Los Espinos + Santa Rosa;270;270
772;Los Espinos + Santa Rosa;270;270
773;Los Espinos + Santa Rosa;270;270
774;Los Espinos + Santa Rosa;270;270
775;Los Espinos + Santa Rosa;270;270
776;Los Espinos + Santa Rosa;270;270
777;Los Espinos + Santa Rosa;270;270
778;Los Espinos + Santa Rosa;270;270
779;Los Espinos + Santa Rosa;270;270
780;Los Espinos + Santa Rosa;270;270
781;Los Espinos + Santa Rosa;270;270
782;Los Espinos + Santa Rosa;270;270
783;Los Espinos + Santa Rosa;270;270
784;Los Espinos + Santa Rosa;270;270
785;Los Espinos + Santa Rosa;270;270
786;Los Espinos + Santa Rosa;270;270
787;Los Espinos + Santa Rosa;270;270
788;Los Espinos + Santa Rosa;270;270
789;Los Espinos + Santa Rosa;270;270
790;Los Espinos + Santa Rosa;270;270
791;Los Espinos + Santa Rosa;270;270
792;Los Espinos + Santa Rosa;270;270
793;Los Espinos + Santa Rosa;270;270
794;Los Espinos + Santa Rosa;270;270
795;Los Espinos + Santa Rosa;270;270
796;Los Espinos + Santa Rosa;270;270
797;Los Espinos + Santa Rosa;270;270
798;Los Espinos + Santa Rosa;270;270
799;Los Espinos + Santa Rosa;270;270
800;Los Espinos + Santa Rosa;270;270
801;Los Espinos + Santa Rosa;270;270
802;Los Espinos + Santa Rosa;270;270
803;Los Espinos + Santa Rosa;270;270
804;Los Espinos + Santa Rosa;270;270
805;Los Espinos + Santa Rosa;270;270
806;Los Espinos + Santa Rosa;270;270
807;Los Espinos + Santa Rosa;270;270
808;Los Espinos + Santa Rosa;270;270
809;Los Espinos + Santa Rosa;270;270
810;Los Espinos + Santa Rosa;270;270
811;Los Espinos + Santa Rosa;270;270
812;Los Espinos + Santa Rosa;270;270
813;Los Espinos + Santa Rosa;270;270
814;Los Espinos + Santa Rosa;270;270
815;Los Espinos + Santa Rosa;270;270
816;Los Espinos + Santa Rosa;270;270
817;Los Espinos + Santa Rosa;270;270
818;Los Espinos + Santa Rosa;270;270
819;Los Espinos + Santa Rosa;270;270
820;Los Espinos + Santa Rosa;270;270
821;Los Espinos + Santa Rosa;270;270
822;Los Espinos + Santa Rosa;270;270
823;Los Espinos + Santa Rosa;270;270
824;Los Espinos + Santa Rosa;270;270
825;Los Espinos + Santa Rosa;270;270
826;Los Espinos + Santa Rosa;270;270
827;Los Espinos + Santa Rosa;270;270
828;Los Espinos + Santa Rosa;270;270
829;Los Espinos + Santa Rosa;270;270
830;Los Espinos + Santa Rosa;270;270
831;Los Espinos + Santa Rosa;270;270
832;Los Espinos + Santa Rosa;270;270
833;Los Espinos + Santa Rosa;270;270
834;Los Espinos + Santa Rosa;270;270
835;Los Espinos + Santa Rosa;270;270
836;Los Espinos + Santa Rosa;270;270
837;Los Espinos + Santa Rosa;270;270
838;Los Espinos + Santa Rosa;270;270
839;Los Espinos + Santa Rosa;270;270
840;Los Espinos + Santa Rosa;270;270
841;Los Espinos + Santa Rosa;270;270
842;Los Espinos + Santa Rosa;270;270
843;Los Espinos + Santa Rosa;270;270
844;Los Espinos + Santa Rosa;270;270
845;Los Espinos + Santa Rosa;270;270
846;Los Espinos + Santa Rosa;270;270
847;Los Espinos + Santa Rosa;270;270
848;Los Espinos + Santa Rosa;270;270
849;Los Espinos + Santa Rosa;270;270
850;Los Espinos + Santa Rosa;270;270
851;Los Espinos + Santa Rosa;270;270
852;Los Espinos + Santa Rosa;270;270
853;Los Espinos + Santa Rosa;270;270
854;Los Espinos + Santa Rosa;270;270
855;Los Espinos + Santa Rosa;270;270
856;Los Espinos + Santa Rosa;270;270
857;Los Espinos + Santa Rosa;270;270
858;Los Espinos + Santa Rosa;270;270
859;Los Espinos + Santa Rosa;270;270
860;Los Espinos + Santa Rosa;270;270
861;Los Espinos + Santa Rosa;270;270
862;Los Espinos + Santa Rosa;270;270
863;Los Espinos + Santa Rosa;270;270
864;Los Espinos + Santa Rosa;270;270
865;Los Espinos + Santa Rosa;270;270
866;Los Espinos + Santa Rosa;270;270
867;Los Espinos + Santa Rosa;270;270
868;Los Espinos + Santa Rosa;270;270
869;Los Espinos + Santa Rosa;270;270
870;Los Espinos + Santa Rosa;270;270
871;Los Espinos + Santa Rosa;269;270
872;Los Espinos + Santa Rosa;270;270
873;Los Espinos + Santa Rosa;270;270
874;Los Espinos + Santa Rosa;270;270
875;Los Espinos + Santa Rosa;270;270
876;Los Espinos + Santa Rosa;270;270
877;Los Espinos + Santa Rosa;270;270
878;Los Espinos + Santa Rosa;270;270
879;Los Espinos + Santa Rosa;270;270
880;Los Espinos + Santa Rosa;270;270
881;Los Espinos + Santa Rosa;270;270
882;Los Espinos + Santa Rosa;270;270
883;Los Espinos + Santa Rosa;270;270
884;Los Espinos + Santa Rosa;270;270
885;Los Espinos + Santa Rosa;270;270
886;Los Espinos + Santa Rosa;270;270
887;Los Espinos + Santa Rosa;270;270
888;Los Espinos + Santa Rosa;270;270
889;Los Espinos + Santa Rosa;270;270
890;Los Espinos + Santa Rosa;270;270
891;Los Espinos + Santa Rosa;270;270
892;Los Espinos + Santa Rosa;270;270
893;Los Espinos + Santa Rosa;270;270
894;Los Espinos + Santa Rosa;270;270
895;Los Espinos + Santa Rosa;270;270
896;Los Espinos + Santa Rosa;270;270
897;Los Espinos + Santa Rosa;270;270
898;Los Espinos + Santa Rosa;270;270
899;Los Espinos + Santa Rosa;270;270
900;Los Espinos + Santa Rosa;270;270
901;Los Espinos + Santa Rosa;270;270
902;Los Espinos + Santa Rosa;270;270
903;Los Espinos + Santa Rosa;270;270
904;Los Espinos + Santa Rosa;270;270
905;Los Espinos + Santa Rosa;270;270
906;Los Espinos + Santa Rosa;270;270
907;Los Espinos + Santa Rosa;270;270
908;Los Espinos + Santa Rosa;270;270
909;Los Espinos + Santa Rosa;270;270
910;Los Espinos + Santa Rosa;270;270
911;Los Espinos + Santa Rosa;270;270
912;Los Espinos + Santa Rosa;270;270
913;Los Espinos + Santa Rosa;269;270
914;Los Espinos + Santa Rosa;270;270
915;Los Espinos + Santa Rosa;270;270
916;Los Espinos + Santa Rosa;270;270
917;Los Espinos + Santa Rosa;270;270
918;Los Espinos + Santa Rosa;270;270
919;Los Espinos + Santa Rosa;270;270
920;Los Espinos + Santa Rosa;270;270
921;Los Espinos + Santa Rosa;270;270
922;Los Espinos + Santa Rosa;270;270
923;Los Espinos + Santa Rosa;270;270
924;Los Espinos + Santa Rosa;270;270
925;Los Espinos + Santa Rosa;270;270
926;Los Espinos + Santa Rosa;270;270
927;Los Espinos + Santa Rosa;270;270
928;Los Espinos + Santa Rosa;270;270
929;Los Espinos + Santa Rosa;270;270
930;Los Espinos + Santa Rosa;270;270
931;Los Espinos + Santa Rosa;270;270
932;Los Espinos + Santa Rosa;270;270
933;Los Espinos + Santa Rosa;270;270
934;Los Espinos + Santa Rosa;268;270
935;Los Espinos + Santa Rosa;265;270
936;Los Espinos + Santa Rosa;257;270
937;Los Espinos + Santa Rosa;250;270
938;Los Espinos + Santa Rosa;241;270
939;Los Espinos + Santa Rosa;240;270
940;Los Espinos + Santa Rosa;232;270
941;Los Espinos + Santa Rosa;230;270
942;Los Espinos + Santa Rosa;226;270
943;Los Espinos + Santa Rosa;218;270
944;Los Espinos + Santa Rosa;213;270
945;Los Espinos + Santa Rosa;203;270
946;Los Espinos + Santa Rosa;199;270
947;Los Espinos + Santa Rosa;196;270
948;Los Espinos + Santa Rosa;190;270
949;Los Espinos + Santa Rosa;186;270
950;Los Espinos + Santa Rosa;178;270
951;Los Espinos + Santa Rosa;173;270
952;Los Espinos + Santa Rosa;167;270
953;Los Espinos + Santa Rosa;159;270
954;Los Espinos + Santa Rosa;154;270
955;Los Espinos + Santa Rosa;149;270
956;Los Espinos + Santa Rosa;147;270
957;Los Espinos + Santa Rosa;145;270
958;Los Espinos + Santa Rosa;141;270
959;Los Espinos + Santa Rosa;138;270
960;Los Espinos + Santa Rosa;133;270
961;Los Espinos + Santa Rosa;132;270
962;Los Espinos + Santa Rosa;125;270
963;Los Espinos + Santa Rosa;123;270
964;Los Espinos + Santa Rosa;118;270
965;Los Espinos + Santa Rosa;111;270
966;Los Espinos + Santa Rosa;107;270
967;Los Espinos + Santa Rosa;104;270
968;Los Espinos + Santa Rosa;100;270
969;Los Espinos + Santa Rosa;98;270
970;Los Espinos + Santa Rosa;94;270
971;Los Espinos + Santa Rosa;90;270
972;Los Espinos + Santa Rosa;88;270
973;Los Espinos + Santa Rosa;84;270
974;Los Espinos + Santa Rosa;83;270
975;Los Espinos + Santa Rosa;83;270
976;Los Espinos + Santa Rosa;82;270
977;Los Espinos + Santa Rosa;80;270
978;Los Espinos + Santa Rosa;75;270
979;Los Espinos + Santa Rosa;75;270
980;Los Espinos + Santa Rosa;70;270
981;Los Espinos + Santa Rosa;67;270
982;Los Espinos + Santa Rosa;66;270
983;Los Espinos + Santa Rosa;65;270
984;Los Espinos + Santa Rosa;63;270
985;Los Espinos + Santa Rosa;59;270
986;Los Espinos + Santa Rosa;59;270
987;Los Espinos + Santa Rosa;60;270
988;Los Espinos + Santa Rosa;58;270
989;Los Espinos + Santa Rosa;57;270
990;Los Espinos + Santa Rosa;57;270
991;Los Espinos + Santa Rosa;55;270
992;Los Espinos + Santa Rosa;53;270
993;Los Espinos + Santa Rosa;54;270
994;Los Espinos + Santa Rosa;53;270
995;Los Espinos + Santa Rosa;52;270
996;Los Espinos + Santa Rosa;53;270
997;Los Espinos + Santa Rosa;53;270
998;Los Espinos + Santa Rosa;51;270
999;Los Espinos + Santa Rosa;50;270
1000;Los Espinos + Santa Rosa;46;270
1001;Los Espinos + Santa Rosa;44;270
1002;Los Espinos + Santa Rosa;46;270
1003;Los Espinos + Santa Rosa;44;270
1004;Los Espinos + Santa Rosa;43;270
1005;Los Espinos + Santa Rosa;43;270
1006;Los Espinos + Santa Rosa;44;270
1007;Los Espinos + Santa Rosa;44;270
1008;Los Espinos + Santa Rosa;42;270
1009;Los Espinos + Santa Rosa;42;270
1010;Los Espinos + Santa Rosa;43;270
1011;Los Espinos + Santa Rosa;44;270
1012;Los Espinos + Santa Rosa;44;270
1013;Los Espinos + Santa Rosa;44;270
1014;Los Espinos + Santa Rosa;43;270
1015;Los Espinos + Santa Rosa;44;270
1016;Los Espinos + Santa Rosa;45;270
1017;Los Espinos + Santa Rosa;45;270
1018;Los Espinos + Santa Rosa;45;270
1019;Los Espinos + Santa Rosa;45;270
1020;Los Espinos + Santa Rosa;45;270
1021;Los Espinos + Santa Rosa;45;270
1022;Los Espinos + Santa Rosa;44;270
1023;Los Espinos + Santa Rosa;45;270
1024;Los Espinos + Santa Rosa;45;270
1025;Los Espinos + Santa Rosa;45;270
1026;Los Espinos + Santa Rosa;45;270
1027;Los Espinos + Santa Rosa;45;270
1028;Los Espinos + Santa Rosa;48;270
1029;Los Espinos + Santa Rosa;49;270
1030;Los Espinos + Santa Rosa;48;270
1031;Los Espinos + Santa Rosa;48;270
1032;Los Espinos + Santa Rosa;45;270
1033;Los Espinos + Santa Rosa;47;270
1034;Los Espinos + Santa Rosa;47;270
1035;Los Espinos + Santa Rosa;46;270
1036;Los Espinos + Santa Rosa;46;270
1037;Los Espinos + Santa Rosa;46;270
1038;Los Espinos + Santa Rosa;45;270
1039;Los Espinos + Santa Rosa;44;270
1040;Los Espinos + Santa Rosa;45;270
1041;Los Espinos + Santa Rosa;47;270
1042;Los Espinos + Santa Rosa;47;270
1043;Los Espinos + Santa Rosa;48;270
1044;Los Espinos + Santa Rosa;49;270
1045;Los Espinos + Santa Rosa;49;270
1046;Los Espinos + Santa Rosa;49;270
1047;Los Espinos + Santa Rosa;51;270
1048;Los Espinos + Santa Rosa;50;270
1049;Los Espinos + Santa Rosa;49;270
1050;Los Espinos + Santa Rosa;49;270
1051;Los Espinos + Santa Rosa;51;270
1052;Los Espinos + Santa Rosa;50;270
1053;Los Espinos + Santa Rosa;51;270
1054;Los Espinos + Santa Rosa;50;270
1055;Los Espinos + Santa Rosa;49;270
1056;Los Espinos + Santa Rosa;48;270
1057;Los Espinos + Santa Rosa;47;270
1058;Los Espinos + Santa Rosa;47;270
1059;Los Espinos + Santa Rosa;47;270
1060;Los Espinos + Santa Rosa;46;270
1061;Los Espinos + Santa Rosa;46;270
1062;Los Espinos + Santa Rosa;45;270
1063;Los Espinos + Santa Rosa;45;270
1064;Los Espinos + Santa Rosa;44;270
1065;Los Espinos + Santa Rosa;44;270
1066;Los Espinos + Santa Rosa;46;270
1067;Los Espinos + Santa Rosa;46;270
1068;Los Espinos + Santa Rosa;47;270
1069;Los Espinos + Santa Rosa;47;270
1070;Los Espinos + Santa Rosa;47;270
1071;Los Espinos + Santa Rosa;47;270
1072;Los Espinos + Santa Rosa;45;270
1073;Los Espinos + Santa Rosa;47;270
1074;Los Espinos + Santa Rosa;47;270
1075;Los Espinos + Santa Rosa;47;270
1076;Los Espinos + Santa Rosa;47;270
1077;Los Espinos + Santa Rosa;47;270
1078;Los Espinos + Santa Rosa;47;270
1079;Los Espinos + Santa Rosa;47;270
1080;Los Espinos + Santa Rosa;47;270
1081;Los Espinos + Santa Rosa;47;270
1082;Los Espinos + Santa Rosa;44;270
1083;Los Espinos + Santa Rosa;43;270
1084;Los Espinos + Santa Rosa;44;270
1085;Los Espinos + Santa Rosa;44;270
1086;Los Espinos + Santa Rosa;44;270
1087;Los Espinos + Santa Rosa;44;270
1088;Los Espinos + Santa Rosa;44;270
1089;Los Espinos + Santa Rosa;44;270
1090;Los Espinos + Santa Rosa;44;270
1091;Los Espinos + Santa Rosa;45;270
1092;Los Espinos + Santa Rosa;46;270
1093;Los Espinos + Santa Rosa;46;270
1094;Los Espinos + Santa Rosa;46;270
1095;Los Espinos + Santa Rosa;46;270
1096;Los Espinos + Santa Rosa;46;270
1097;Los Espinos + Santa Rosa;46;270
1098;Los Espinos + Santa Rosa;45;270
1099;Los Espinos + Santa Rosa;44;270
1100;Los Espinos + Santa Rosa;44;270
1101;Los Espinos + Santa Rosa;45;270
1102;Los Espinos + Santa Rosa;45;270
1103;Los Espinos + Santa Rosa;45;270
1104;Los Espinos + Santa Rosa;46;270
1105;Los Espinos + Santa Rosa;44;270
1106;Los Espinos + Santa Rosa;44;270
1107;Los Espinos + Santa Rosa;45;270
1108;Los Espinos + Santa Rosa;47;270
1109;Los Espinos + Santa Rosa;46;270
1110;Los Espinos + Santa Rosa;47;270
1111;Los Espinos + Santa Rosa;48;270
1112;Los Espinos + Santa Rosa;48;270
1113;Los Espinos + Santa Rosa;48;270
1114;Los Espinos + Santa Rosa;48;270
1115;Los Espinos + Santa Rosa;50;270
1116;Los Espinos + Santa Rosa;50;270
1117;Los Espinos + Santa Rosa;50;270
1118;Los Espinos + Santa Rosa;49;270
1119;Los Espinos + Santa Rosa;50;270
1120;Los Espinos + Santa Rosa;54;270
1121;Los Espinos + Santa Rosa;54;270
1122;Los Espinos + Santa Rosa;54;270
1123;Los Espinos + Santa Rosa;53;270
1124;Los Espinos + Santa Rosa;53;270
1125;Los Espinos + Santa Rosa;52;270
1126;Los Espinos + Santa Rosa;52;270
1127;Los Espinos + Santa Rosa;53;270
1128;Los Espinos + Santa Rosa;53;270
1129;Los Espinos + Santa Rosa;55;270
1130;Los Espinos + Santa Rosa;53;270
1131;Los Espinos + Santa Rosa;53;270
1132;Los Espinos + Santa Rosa;54;270
1133;Los Espinos + Santa Rosa;54;270
1134;Los Espinos + Santa Rosa;56;270
1135;Los Espinos + Santa Rosa;56;270
1136;Los Espinos + Santa Rosa;55;270
1137;Los Espinos + Santa Rosa;55;270
1138;Los Espinos + Santa Rosa;55;270
1139;Los Espinos + Santa Rosa;55;270
1140;Los Espinos + Santa Rosa;54;270
1141;Los Espinos + Santa Rosa;54;270
1142;Los Espinos + Santa Rosa;53;270
1143;Los Espinos + Santa Rosa;53;270
1144;Los Espinos + Santa Rosa;55;270
1145;Los Espinos + Santa Rosa;57;270
1146;Los Espinos + Santa Rosa;57;270
1147;Los Espinos + Santa Rosa;59;270
1148;Los Espinos + Santa Rosa;61;270
1149;Los Espinos + Santa Rosa;62;270
1150;Los Espinos + Santa Rosa;66;270
1151;Los Espinos + Santa Rosa;64;270
1152;Los Espinos + Santa Rosa;66;270
1153;Los Espinos + Santa Rosa;65;270
1154;Los Espinos + Santa Rosa;64;270
1155;Los Espinos + Santa Rosa;64;270
1156;Los Espinos + Santa Rosa;66;270
1157;Los Espinos + Santa Rosa;68;270
1158;Los Espinos + Santa Rosa;74;270
1159;Los Espinos + Santa Rosa;75;270
1160;Los Espinos + Santa Rosa;76;270
1161;Los Espinos + Santa Rosa;76;270
1162;Los Espinos + Santa Rosa;78;270
1163;Los Espinos + Santa Rosa;80;270
1164;Los Espinos + Santa Rosa;80;270
1165;Los Espinos + Santa Rosa;82;270
1166;Los Espinos + Santa Rosa;85;270
1167;Los Espinos + Santa Rosa;88;270
1168;Los Espinos + Santa Rosa;89;270
1169;Los Espinos + Santa Rosa;89;270
1170;Los Espinos + Santa Rosa;93;270
1171;Los Espinos + Santa Rosa;93;270
1172;Los Espinos + Santa Rosa;96;270
1173;Los Espinos + Santa Rosa;98;270
1174;Los Espinos + Santa Rosa;104;270
1175;Los Espinos + Santa Rosa;111;270
1176;Los Espinos + Santa Rosa;113;270
1177;Los Espinos + Santa Rosa;114;270
1178;Los Espinos + Santa Rosa;119;270
1179;Los Espinos + Santa Rosa;123;270
1180;Los Espinos + Santa Rosa;127;270
1181;Los Espinos + Santa Rosa;129;270
1182;Los Espinos + Santa Rosa;134;270
1183;Los Espinos + Santa Rosa;137;270
1184;Los Espinos + Santa Rosa;141;270
1185;Los Espinos + Santa Rosa;144;270
1186;Los Espinos + Santa Rosa;145;270
1187;Los Espinos + Santa Rosa;147;270
1188;Los Espinos + Santa Rosa;156;270
1189;Los Espinos + Santa Rosa;159;270
1190;Los Espinos + Santa Rosa;163;270
1191;Los Espinos + Santa Rosa;165;270
1192;Los Espinos + Santa Rosa;170;270
1193;Los Espinos + Santa Rosa;174;270
1194;Los Espinos + Santa Rosa;177;270
1195;Los Espinos + Santa Rosa;179;270
1196;Los Espinos + Santa Rosa;183;270
1197;Los Espinos + Santa Rosa;185;270
1198;Los Espinos + Santa Rosa;187;270
1199;Los Espinos + Santa Rosa;193;270
1200;Los Espinos + Santa Rosa;200;270
1201;Los Espinos + Santa Rosa;202;270
1202;Los Espinos + Santa Rosa;209;270
1203;Los Espinos + Santa Rosa;214;270
1204;Los Espinos + Santa Rosa;219;270
1205;Los Espinos + Santa Rosa;222;270
1206;Los Espinos + Santa Rosa;228;270
1207;Los Espinos + Santa Rosa;236;270
1208;Los Espinos + Santa Rosa;239;270
1209;Los Espinos + Santa Rosa;244;270
1210;Los Espinos + Santa Rosa;249;270
1211;Los Espinos + Santa Rosa;250;270
1212;Los Espinos + Santa Rosa;258;270
1213;Los Espinos + Santa Rosa;262;270
1214;Los Espinos + Santa Rosa;268;270
1215;Los Espinos + Santa Rosa;270;270
1216;Los Espinos + Santa Rosa;270;270
1217;Los Espinos + Santa Rosa;270;270
1218;Los Espinos + Santa Rosa;270;270
1219;Los Espinos + Santa Rosa;270;270
1220;Los Espinos + Santa Rosa;270;270
1221;Los Espinos + Santa Rosa;270;270
1222;Los Espinos + Santa Rosa;270;270
1223;Los Espinos + Santa Rosa;270;270
1224;Los Espinos + Santa Rosa;270;270
1225;Los Espinos + Santa Rosa;270;270
1226;Los Espinos + Santa Rosa;270;270
1227;Los Espinos + Santa Rosa;270;270
1228;Los Espinos + Santa Rosa;270;270
1229;Los Espinos + Santa Rosa;270;270
1230;Los Espinos + Santa Rosa;270;270
1231;Los Espinos + Santa Rosa;270;270
1232;Los Espinos + Santa Rosa;270;270
1233;Los Espinos + Santa Rosa;270;270
1234;Los Espinos + Santa Rosa;270;270
1235;Los Espinos + Santa Rosa;270;270
1236;Los Espinos + Santa Rosa;270;270
1237;Los Espinos + Santa Rosa;270;270
1238;Los Espinos + Santa Rosa;270;270
1239;Los Espinos + Santa Rosa;270;270
1240;Los Espinos + Santa Rosa;270;270
1241;Los Espinos + Santa Rosa;270;270
1242;Los Espinos + Santa Rosa;270;270
1243;Los Espinos + Santa Rosa;270;270
1244;Los Espinos + Santa Rosa;270;270
1245;Los Espinos + Santa Rosa;270;270
1246;Los Espinos + Santa Rosa;270;270
1247;Los Espinos + Santa Rosa;270;270
1248;Los Espinos + Santa Rosa;270;270
1249;Los Espinos + Santa Rosa;270;270
1250;Los Espinos + Santa Rosa;270;270
1251;Los Espinos + Santa Rosa;270;270
1252;Los Espinos + Santa Rosa;270;270
1253;Los Espinos + Santa Rosa;270;270
1254;Los Espinos + Santa Rosa;270;270
1255;Los Espinos + Santa Rosa;270;270
1256;Los Espinos + Santa Rosa;270;270
1257;Los Espinos + Santa Rosa;270;270
1258;Los Espinos + Santa Rosa;270;270
1259;Los Espinos + Santa Rosa;270;270
1260;Los Espinos + Santa Rosa;270;270
1261;Los Espinos + Santa Rosa;270;270
1262;Los Espinos + Santa Rosa;270;270
1263;Los Espinos + Santa Rosa;270;270
1264;Los Espinos + Santa Rosa;270;270
1265;Los Espinos + Santa Rosa;270;270
1266;Los Espinos + Santa Rosa;270;270
1267;Los Espinos + Santa Rosa;270;270
1268;Los Espinos + Santa Rosa;270;270
1269;Los Espinos + Santa Rosa;270;270
1270;Los Espinos + Santa Rosa;270;270
1271;Los Espinos + Santa Rosa;270;270
1272;Los Espinos + Santa Rosa;270;270
1273;Los Espinos + Santa Rosa;270;270
1274;Los Espinos + Santa Rosa;270;270
1275;Los Espinos + Santa Rosa;270;270
1276;Los Espinos + Santa Rosa;270;270
1277;Los Espinos + Santa Rosa;270;270
1278;Los Espinos + Santa Rosa;270;270
1279;Los Espinos + Santa Rosa;270;270
1280;Los Espinos + Santa Rosa;270;270
1281;Los Espinos + Santa Rosa;270;270
1282;Los Espinos + Santa Rosa;270;270
1283;Los Espinos + Santa Rosa;270;270
1284;Los Espinos + Santa Rosa;270;270
1285;Los Espinos + Santa Rosa;270;270
1286;Los Espinos + Santa Rosa;270;270
1287;Los Espinos + Santa Rosa;270;270
1288;Los Espinos + Santa Rosa;270;270
1289;Los Espinos + Santa Rosa;270;270
1290;Los Espinos + Santa Rosa;270;270
1291;Los Espinos + Santa Rosa;270;270
1292;Los Espinos + Santa Rosa;270;270
1293;Los Espinos + Santa Rosa;270;270
1294;Los Espinos + Santa Rosa;270;270
1295;Los Espinos + Santa Rosa;270;270
1296;Los Espinos + Santa Rosa;270;270
1297;Los Espinos + Santa Rosa;270;270
1298;Los Espinos + Santa Rosa;270;270
1299;Los Espinos + Santa Rosa;270;270
1300;Los Espinos + Santa Rosa;270;270
1301;Los Espinos + Santa Rosa;270;270
1302;Los Espinos + Santa Rosa;270;270
1303;Los Espinos + Santa Rosa;270;270
1304;Los Espinos + Santa Rosa;270;270
1305;Los Espinos + Santa Rosa;270;270
1306;Los Espinos + Santa Rosa;270;270
1307;Los Espinos + Santa Rosa;270;270
1308;Los Espinos + Santa Rosa;270;270
1309;Los Espinos + Santa Rosa;270;270
1310;Los Espinos + Santa Rosa;270;270
1311;Los Espinos + Santa Rosa;270;270
1312;Los Espinos + Santa Rosa;270;270
1313;Los Espinos + Santa Rosa;270;270
1314;Los Espinos + Santa Rosa;270;270
1315;Los Espinos + Santa Rosa;270;270
1316;Los Espinos + Santa Rosa;270;270
1317;Los Espinos + Santa Rosa;270;270
1318;Los Espinos + Santa Rosa;270;270
1319;Los Espinos + Santa Rosa;270;270
1320;Los Espinos + Santa Rosa;270;270
1321;Los Espinos + Santa Rosa;270;270
1322;Los Espinos + Santa Rosa;270;270
1323;Los Espinos + Santa Rosa;270;270
1324;Los Espinos + Santa Rosa;270;270
1325;Los Espinos + Santa Rosa;270;270
1326;Los Espinos + Santa Rosa;270;270
1327;Los Espinos + Santa Rosa;270;270
1328;Los Espinos + Santa Rosa;270;270
1329;Los Espinos + Santa Rosa;270;270
1330;Los Espinos + Santa Rosa;270;270
1331;Los Espinos + Santa Rosa;270;270
1332;Los Espinos + Santa Rosa;270;270
1333;Los Espinos + Santa Rosa;270;270
1334;Los Espinos + Santa Rosa;270;270
1335;Los Espinos + Santa Rosa;270;270
1336;Los Espinos + Santa Rosa;270;270
1337;Los Espinos + Santa Rosa;270;270
1338;Los Espinos + Santa Rosa;270;270
1339;Los Espinos + Santa Rosa;270;270
1340;Los Espinos + Santa Rosa;270;270
1341;Los Espinos + Santa Rosa;270;270
1342;Los Espinos + Santa Rosa;270;270
1343;Los Espinos + Santa Rosa;270;270
1344;Los Espinos + Santa Rosa;270;270
1345;Los Espinos + Santa Rosa;270;270
1346;Los Espinos + Santa Rosa;270;270
1347;Los Espinos + Santa Rosa;270;270
1348;Los Espinos + Santa Rosa;270;270
1349;Los Espinos + Santa Rosa;270;270
1350;Los Espinos + Santa Rosa;270;270
1351;Los Espinos + Santa Rosa;270;270
1352;Los Espinos + Santa Rosa;270;270
1353;Los Espinos + Santa Rosa;270;270
1354;Los Espinos + Santa Rosa;270;270
1355;Los Espinos + Santa Rosa;270;270
1356;Los Espinos + Santa Rosa;270;270
1357;Los Espinos + Santa Rosa;270;270
1358;Los Espinos + Santa Rosa;270;270
1359;Los Espinos + Santa Rosa;270;270
1360;Los Espinos + Santa Rosa;270;270
1361;Los Espinos + Santa Rosa;270;270
1362;Los Espinos + Santa Rosa;270;270
1363;Los Espinos + Santa Rosa;270;270
1364;Los Espinos + Santa Rosa;270;270
1365;Los Espinos + Santa Rosa;270;270
1366;Los Espinos + Santa Rosa;270;270
1367;Los Espinos + Santa Rosa;270;270
1368;Los Espinos + Santa Rosa;270;270
1369;Los Espinos + Santa Rosa;270;270
1370;Los Espinos + Santa Rosa;270;270
1371;Los Espinos + Santa Rosa;270;270
1372;Los Espinos + Santa Rosa;270;270
1373;Los Espinos + Santa Rosa;270;270
1374;Los Espinos + Santa Rosa;270;270
1375;Los Espinos + Santa Rosa;270;270
1376;Los Espinos + Santa Rosa;270;270
1377;Los Espinos + Santa Rosa;270;270
1378;Los Espinos + Santa Rosa;270;270
1379;Los Espinos + Santa Rosa;270;270
1380;Los Espinos + Santa Rosa;270;270
1381;Los Espinos + Santa Rosa;270;270
1382;Los Espinos + Santa Rosa;270;270
1383;Los Espinos + Santa Rosa;270;270
1384;Los Espinos + Santa Rosa;270;270
1385;Los Espinos + Santa Rosa;270;270
1386;Los Espinos + Santa Rosa;270;270
1387;Los Espinos + Santa Rosa;270;270
1388;Los Espinos + Santa Rosa;270;270
1389;Los Espinos + Santa Rosa;270;270
1390;Los Espinos + Santa Rosa;270;270
1391;Los Espinos + Santa Rosa;270;270
1392;Los Espinos + Santa Rosa;270;270
1393;Los Espinos + Santa Rosa;270;270
1394;Los Espinos + Santa Rosa;270;270
1395;Los Espinos + Santa Rosa;270;270
1396;Los Espinos + Santa Rosa;270;270
1397;Los Espinos + Santa Rosa;270;270
1398;Los Espinos + Santa Rosa;270;270
1399;Los Espinos + Santa Rosa;270;270
1400;Los Espinos + Santa Rosa;270;270
1401;Los Espinos + Santa Rosa;270;270
1402;Los Espinos + Santa Rosa;270;270
1403;Los Espinos + Santa Rosa;270;270
1404;Los Espinos + Santa Rosa;270;270
1405;Los Espinos + Santa Rosa;270;270
1406;Los Espinos + Santa Rosa;270;270
1407;Los Espinos + Santa Rosa;270;270
1408;Los Espinos + Santa Rosa;270;270
1409;Los Espinos + Santa Rosa;270;270
1410;Los Espinos + Santa Rosa;270;270
1411;Los Espinos + Santa Rosa;270;270
1412;Los Espinos + Santa Rosa;270;270
1413;Los Espinos + Santa Rosa;270;270
1414;Los Espinos + Santa Rosa;270;270
1415;Los Espinos + Santa Rosa;270;270
1416;Los Espinos + Santa Rosa;270;270
1417;Los Espinos + Santa Rosa;270;270
1418;Los Espinos + Santa Rosa;270;270
1419;Los Espinos + Santa Rosa;270;270
1420;Los Espinos + Santa Rosa;270;270
1421;Los Espinos + Santa Rosa;270;270
1422;Los Espinos + Santa Rosa;270;270
1423;Los Espinos + Santa Rosa;270;270
1424;Los Espinos + Santa Rosa;270;270
1425;Los Espinos + Santa Rosa;270;270
1426;Los Espinos + Santa Rosa;270;270
1427;Los Espinos + Santa Rosa;270;270
1428;Los Espinos + Santa Rosa;270;270
1429;Los Espinos + Santa Rosa;270;270
1430;Los Espinos + Santa Rosa;270;270
1431;Los Espinos + Santa Rosa;270;270
1432;Los Espinos + Santa Rosa;270;270
1433;Los Espinos + Santa Rosa;270;270
1434;Los Espinos + Santa Rosa;270;270
1435;Los Espinos + Santa Rosa;270;270
1436;Los Espinos + Santa Rosa;270;270
1437;Los Espinos + Santa Rosa;270;270
1438;Los Espinos + Santa Rosa;270;270
1439;Los Espinos + Santa Rosa;270;270
0;Vespucio Norte;150;150
1;Vespucio Norte;150;150
2;Vespucio Norte;150;150
3;Vespucio Norte;150;150
4;Vespucio Norte;150;150
5;Vespucio Norte;150;150
6;Vespucio Norte;150;150
7;Vespucio Norte;150;150
8;Vespucio Norte;150;150
9;Vespucio Norte;150;150
10;Vespucio Norte;150;150
11;Vespucio Norte;150;150
12;Vespucio Norte;150;150
13;Vespucio Norte;150;150
14;Vespucio Norte;150;150
15;Vespucio Norte;150;150
16;Vespucio Norte;150;150
17;Vespucio Norte;150;150
18;Vespucio Norte;150;150
19;Vespucio Norte;150;150
20;Vespucio Norte;150;150
21;Vespucio Norte;150;150
22;Vespucio Norte;150;150
23;Vespucio Norte;150;150
24;Vespucio Norte;150;150
25;Vespucio Norte;150;150
26;Vespucio Norte;150;150
27;Vespucio Norte;150;150
28;Vespucio Norte;150;150
29;Vespucio Norte;150;150
30;Vespucio Norte;150;150
31;Vespucio Norte;150;150
32;Vespucio Norte;150;150
33;Vespucio Norte;150;150
34;Vespucio Norte;150;150
35;Vespucio Norte;150;150
36;Vespucio Norte;150;150
37;Vespucio Norte;150;150
38;Vespucio Norte;150;150
39;Vespucio Norte;150;150
40;Vespucio Norte;150;150
41;Vespucio Norte;150;150
42;Vespucio Norte;150;150
43;Vespucio Norte;150;150
44;Vespucio Norte;150;150
45;Vespucio Norte;150;150
46;Vespucio Norte;150;150
47;Vespucio Norte;150;150
48;Vespucio Norte;150;150
49;Vespucio Norte;150;150
50;Vespucio Norte;150;150
51;Vespucio Norte;150;150
52;Vespucio Norte;150;150
53;Vespucio Norte;150;150
54;Vespucio Norte;150;150
55;Vespucio Norte;150;150
56;Vespucio Norte;150;150
57;Vespucio Norte;150;150
58;Vespucio Norte;150;150
59;Vespucio Norte;150;150
60;Vespucio Norte;150;150
61;Vespucio Norte;150;150
62;Vespucio Norte;150;150
63;Vespucio Norte;150;150
64;Vespucio Norte;150;150
65;Vespucio Norte;150;150
66;Vespucio Norte;150;150
67;Vespucio Norte;150;150
68;Vespucio Norte;150;150
69;Vespucio Norte;150;150
70;Vespucio Norte;150;150
71;Vespucio Norte;150;150
72;Vespucio Norte;150;150
73;Vespucio Norte;150;150
74;Vespucio Norte;150;150
75;Vespucio Norte;150;150
76;Vespucio Norte;150;150
77;Vespucio Norte;150;150
78;Vespucio Norte;150;150
79;Vespucio Norte;150;150
80;Vespucio Norte;150;150
81;Vespucio Norte;150;150
82;Vespucio Norte;150;150
83;Vespucio Norte;150;150
84;Vespucio Norte;150;150
85;Vespucio Norte;150;150
86;Vespucio Norte;150;150
87;Vespucio Norte;150;150
88;Vespucio Norte;150;150
89;Vespucio Norte;150;150
90;Vespucio Norte;150;150
91;Vespucio Norte;150;150
92;Vespucio Norte;150;150
93;Vespucio Norte;150;150
94;Vespucio Norte;150;150
95;Vespucio Norte;150;150
96;Vespucio Norte;150;150
97;Vespucio Norte;150;150
98;Vespucio Norte;150;150
99;Vespucio Norte;150;150
100;Vespucio Norte;150;150
101;Vespucio Norte;150;150
102;Vespucio Norte;150;150
103;Vespucio Norte;150;150
104;Vespucio Norte;150;150
105;Vespucio Norte;150;150
106;Vespucio Norte;150;150
107;Vespucio Norte;150;150
108;Vespucio Norte;150;150
109;Vespucio Norte;150;150
110;Vespucio Norte;150;150
111;Vespucio Norte;150;150
112;Vespucio Norte;150;150
113;Vespucio Norte;150;150
114;Vespucio Norte;150;150
115;Vespucio Norte;150;150
116;Vespucio Norte;150;150
117;Vespucio Norte;150;150
118;Vespucio Norte;150;150
119;Vespucio Norte;150;150
120;Vespucio Norte;150;150
121;Vespucio Norte;150;150
122;Vespucio Norte;150;150
123;Vespucio Norte;150;150
124;Vespucio Norte;150;150
125;Vespucio Norte;150;150
126;Vespucio Norte;150;150
127;Vespucio Norte;150;150
128;Vespucio Norte;150;150
129;Vespucio Norte;150;150
130;Vespucio Norte;150;150
131;Vespucio Norte;150;150
132;Vespucio Norte;150;150
133;Vespucio Norte;150;150
134;Vespucio Norte;150;150
135;Vespucio Norte;150;150
136;Vespucio Norte;150;150
137;Vespucio Norte;150;150
138;Vespucio Norte;150;150
139;Vespucio Norte;150;150
140;Vespucio Norte;150;150
141;Vespucio Norte;150;150
142;Vespucio Norte;150;150
143;Vespucio Norte;150;150
144;Vespucio Norte;150;150
145;Vespucio Norte;150;150
146;Vespucio Norte;150;150
147;Vespucio Norte;150;150
148;Vespucio Norte;150;150
149;Vespucio Norte;150;150
150;Vespucio Norte;150;150
151;Vespucio Norte;150;150
152;Vespucio Norte;150;150
153;Vespucio Norte;150;150
154;Vespucio Norte;150;150
155;Vespucio Norte;150;150
156;Vespucio Norte;150;150
157;Vespucio Norte;150;150
158;Vespucio Norte;150;150
159;Vespucio Norte;150;150
160;Vespucio Norte;150;150
161;Vespucio Norte;150;150
162;Vespucio Norte;150;150
163;Vespucio Norte;150;150
164;Vespucio Norte;150;150
165;Vespucio Norte;150;150
166;Vespucio Norte;150;150
167;Vespucio Norte;150;150
168;Vespucio Norte;150;150
169;Vespucio Norte;150;150
170;Vespucio Norte;150;150
171;Vespucio Norte;150;150
172;Vespucio Norte;150;150
173;Vespucio Norte;150;150
174;Vespucio Norte;150;150
175;Vespucio Norte;150;150
176;Vespucio Norte;150;150
177;Vespucio Norte;150;150
178;Vespucio Norte;150;150
179;Vespucio Norte;150;150
180;Vespucio Norte;150;150
181;Vespucio Norte;150;150
182;Vespucio Norte;150;150
183;Vespucio Norte;150;150
184;Vespucio Norte;150;150
185;Vespucio Norte;150;150
186;Vespucio Norte;150;150
187;Vespucio Norte;150;150
188;Vespucio Norte;150;150
189;Vespucio Norte;150;150
190;Vespucio Norte;150;150
191;Vespucio Norte;150;150
192;Vespucio Norte;150;150
193;Vespucio Norte;150;150
194;Vespucio Norte;150;150
195;Vespucio Norte;150;150
196;Vespucio Norte;150;150
197;Vespucio Norte;150;150
198;Vespucio Norte;150;150
199;Vespucio Norte;150;150
200;Vespucio Norte;150;150
201;Vespucio Norte;150;150
202;Vespucio Norte;150;150
203;Vespucio Norte;146;150
204;Vespucio Norte;141;150
205;Vespucio Norte;140;150
206;Vespucio Norte;135;150
207;Vespucio Norte;132;150
208;Vespucio Norte;127;150
209;Vespucio Norte;122;150
210;Vespucio Norte;121;150
211;Vespucio Norte;115;150
212;Vespucio Norte;110;150
213;Vespucio Norte;110;150
214;Vespucio Norte;106;150
215;Vespucio Norte;105;150
216;Vespucio Norte;98;150
217;Vespucio Norte;97;150
218;Vespucio Norte;96;150
219;Vespucio Norte;94;150
220;Vespucio Norte;91;150
221;Vespucio Norte;91;150
222;Vespucio Norte;88;150
223;Vespucio Norte;87;150
224;Vespucio Norte;86;150
225;Vespucio Norte;84;150
226;Vespucio Norte;82;150
227;Vespucio Norte;81;150
228;Vespucio Norte;79;150
229;Vespucio Norte;76;150
230;Vespucio Norte;71;150
231;Vespucio Norte;67;150
232;Vespucio Norte;64;150
233;Vespucio Norte;59;150
234;Vespucio Norte;54;150
235;Vespucio Norte;53;150
236;Vespucio Norte;51;150
237;Vespucio Norte;47;150
238;Vespucio Norte;45;150
239;Vespucio Norte;44;150
240;Vespucio Norte;44;150
241;Vespucio Norte;43;150
242;Vespucio Norte;41;150
243;Vespucio Norte;39;150
244;Vespucio Norte;37;150
245;Vespucio Norte;36;150
246;Vespucio Norte;34;150
247;Vespucio Norte;33;150
248;Vespucio Norte;33;150
249;Vespucio Norte;32;150
250;Vespucio Norte;30;150
251;Vespucio Norte;30;150
252;Vespucio Norte;30;150
253;Vespucio Norte;30;150
254;Vespucio Norte;28;150
255;Vespucio Norte;28;150
256;Vespucio Norte;28;150
257;Vespucio Norte;28;150
258;Vespucio Norte;28;150
259;Vespucio Norte;26;150
260;Vespucio Norte;25;150
261;Vespucio Norte;24;150
262;Vespucio Norte;24;150
263;Vespucio Norte;23;150
264;Vespucio Norte;19;150
265;Vespucio Norte;16;150
266;Vespucio Norte;15;150
267;Vespucio Norte;14;150
268;Vespucio Norte;14;150
269;Vespucio Norte;12;150
270;Vespucio Norte;12;150
271;Vespucio Norte;12;150
272;Vespucio Norte;12;150
273;Vespucio Norte;12;150
274;Vespucio Norte;10;150
275;Vespucio Norte;9;150
276;Vespucio Norte;9;150
277;Vespucio Norte;8;150
278;Vespucio Norte;8;150
279;Vespucio Norte;7;150
280;Vespucio Norte;7;150
281;Vespucio Norte;7;150
282;Vespucio Norte;7;150
283;Vespucio Norte;6;150
284;Vespucio Norte;6;150
285;Vespucio Norte;5;150
286;Vespucio Norte;4;150
287;Vespucio Norte;4;150
288;Vespucio Norte;4;150
289;Vespucio Norte;4;150
290;Vespucio Norte;4;150
291;Vespucio Norte;3;150
292;Vespucio Norte;3;150
293;Vespucio Norte;2;150
294;Vespucio Norte;1;150
295;Vespucio Norte;1;150
296;Vespucio Norte;1;150
297;Vespucio Norte;0;150
298;Vespucio Norte;0;150
299;Vespucio Norte;0;150
300;Vespucio Norte;0;150
301;Vespucio Norte;0;150
302;Vespucio Norte;0;150
303;Vespucio Norte;0;150
304;Vespucio Norte;0;150
305;Vespucio Norte;0;150
306;Vespucio Norte;0;150
307;Vespucio Norte;0;150
308;Vespucio Norte;0;150
309;Vespucio Norte;0;150
310;Vespucio Norte;0;150
311;Vespucio Norte;0;150
312;Vespucio Norte;0;150
313;Vespucio Norte;0;150
314;Vespucio Norte;0;150
315;Vespucio Norte;0;150
316;Vespucio Norte;0;150
317;Vespucio Norte;0;150
318;Vespucio Norte;0;150
319;Vespucio Norte;0;150
320;Vespucio Norte;0;150
321;Vespucio Norte;0;150
322;Vespucio Norte;0;150
323;Vespucio Norte;0;150
324;Vespucio Norte;0;150
325;Vespucio Norte;0;150
326;Vespucio Norte;0;150
327;Vespucio Norte;0;150
328;Vespucio Norte;0;150
329;Vespucio Norte;0;150
330;Vespucio Norte;0;150
331;Vespucio Norte;0;150
332;Vespucio Norte;0;150
333;Vespucio Norte;0;150
334;Vespucio Norte;0;150
335;Vespucio Norte;0;150
336;Vespucio Norte;0;150
337;Vespucio Norte;0;150
338;Vespucio Norte;0;150
339;Vespucio Norte;0;150
340;Vespucio Norte;0;150
341;Vespucio Norte;0;150
342;Vespucio Norte;0;150
343;Vespucio Norte;0;150
344;Vespucio Norte;0;150
345;Vespucio Norte;0;150
346;Vespucio Norte;0;150
347;Vespucio Norte;0;150
348;Vespucio Norte;0;150
349;Vespucio Norte;0;150
350;Vespucio Norte;0;150
351;Vespucio Norte;0;150
352;Vespucio Norte;0;150
353;Vespucio Norte;0;150
354;Vespucio Norte;0;150
355;Vespucio Norte;0;150
356;Vespucio Norte;0;150
357;Vespucio Norte;0;150
358;Vespucio Norte;0;150
359;Vespucio Norte;0;150
360;Vespucio Norte;0;150
361;Vespucio Norte;0;150
362;Vespucio Norte;0;150
363;Vespucio Norte;0;150
364;Vespucio Norte;0;150
365;Vespucio Norte;0;150
366;Vespucio Norte;0;150
367;Vespucio Norte;0;150
368;Vespucio Norte;0;150
369;Vespucio Norte;0;150
370;Vespucio Norte;0;150
371;Vespucio Norte;0;150
372;Vespucio Norte;0;150
373;Vespucio Norte;0;150
374;Vespucio Norte;0;150
375;Vespucio Norte;0;150
376;Vespucio Norte;0;150
377;Vespucio Norte;0;150
378;Vespucio Norte;0;150
379;Vespucio Norte;0;150
380;Vespucio Norte;0;150
381;Vespucio Norte;0;150
382;Vespucio Norte;0;150
383;Vespucio Norte;0;150
384;Vespucio Norte;0;150
385;Vespucio Norte;0;150
386;Vespucio Norte;0;150
387;Vespucio Norte;0;150
388;Vespucio Norte;0;150
389;Vespucio Norte;0;150
390;Vespucio Norte;0;150
391;Vespucio Norte;0;150
392;Vespucio Norte;0;150
393;Vespucio Norte;0;150
394;Vespucio Norte;0;150
395;Vespucio Norte;0;150
396;Vespucio Norte;0;150
397;Vespucio Norte;0;150
398;Vespucio Norte;0;150
399;Vespucio Norte;0;150
400;Vespucio Norte;0;150
401;Vespucio Norte;0;150
402;Vespucio Norte;0;150
403;Vespucio Norte;0;150
404;Vespucio Norte;0;150
405;Vespucio Norte;0;150
406;Vespucio Norte;0;150
407;Vespucio Norte;0;150
408;Vespucio Norte;0;150
409;Vespucio Norte;0;150
410;Vespucio Norte;0;150
411;Vespucio Norte;0;150
412;Vespucio Norte;0;150
413;Vespucio Norte;0;150
414;Vespucio Norte;0;150
415;Vespucio Norte;1;150
416;Vespucio Norte;1;150
417;Vespucio Norte;1;150
418;Vespucio Norte;1;150
419;Vespucio Norte;1;150
420;Vespucio Norte;1;150
421;Vespucio Norte;1;150
422;Vespucio Norte;1;150
423;Vespucio Norte;1;150
424;Vespucio Norte;1;150
425;Vespucio Norte;1;150
426;Vespucio Norte;1;150
427;Vespucio Norte;1;150
428;Vespucio Norte;1;150
429;Vespucio Norte;1;150
430;Vespucio Norte;1;150
431;Vespucio Norte;1;150
432;Vespucio Norte;1;150
433;Vespucio Norte;1;150
434;Vespucio Norte;1;150
435;Vespucio Norte;1;150
436;Vespucio Norte;1;150
437;Vespucio Norte;1;150
438;Vespucio Norte;1;150
439;Vespucio Norte;1;150
440;Vespucio Norte;1;150
441;Vespucio Norte;1;150
442;Vespucio Norte;1;150
443;Vespucio Norte;1;150
444;Vespucio Norte;1;150
445;Vespucio Norte;2;150
446;Vespucio Norte;2;150
447;Vespucio Norte;2;150
448;Vespucio Norte;2;150
449;Vespucio Norte;2;150
450;Vespucio Norte;2;150
451;Vespucio Norte;2;150
452;Vespucio Norte;2;150
453;Vespucio Norte;2;150
454;Vespucio Norte;2;150
455;Vespucio Norte;2;150
456;Vespucio Norte;2;150
457;Vespucio Norte;2;150
458;Vespucio Norte;2;150
459;Vespucio Norte;2;150
460;Vespucio Norte;2;150
461;Vespucio Norte;2;150
462;Vespucio Norte;2;150
463;Vespucio Norte;2;150
464;Vespucio Norte;2;150
465;Vespucio Norte;2;150
466;Vespucio Norte;2;150
467;Vespucio Norte;2;150
468;Vespucio Norte;2;150
469;Vespucio Norte;2;150
470;Vespucio Norte;2;150
471;Vespucio Norte;2;150
472;Vespucio Norte;2;150
473;Vespucio Norte;2;150
474;Vespucio Norte;2;150
475;Vespucio Norte;3;150
476;Vespucio Norte;3;150
477;Vespucio Norte;3;150
478;Vespucio Norte;3;150
479;Vespucio Norte;3;150
480;Vespucio Norte;3;150
481;Vespucio Norte;3;150
482;Vespucio Norte;3;150
483;Vespucio Norte;3;150
484;Vespucio Norte;3;150
485;Vespucio Norte;3;150
486;Vespucio Norte;3;150
487;Vespucio Norte;3;150
488;Vespucio Norte;3;150
489;Vespucio Norte;3;150
490;Vespucio Norte;1;150
491;Vespucio Norte;1;150
492;Vespucio Norte;1;150
493;Vespucio Norte;1;150
494;Vespucio Norte;1;150
495;Vespucio Norte;1;150
496;Vespucio Norte;1;150
497;Vespucio Norte;1;150
498;Vespucio Norte;2;150
499;Vespucio Norte;2;150
500;Vespucio Norte;2;150
501;Vespucio Norte;2;150
502;Vespucio Norte;2;150
503;Vespucio Norte;2;150
504;Vespucio Norte;2;150
505;Vespucio Norte;2;150
506;Vespucio Norte;2;150
507;Vespucio Norte;2;150
508;Vespucio Norte;2;150
509;Vespucio Norte;3;150
510;Vespucio Norte;3;150
511;Vespucio Norte;3;150
512;Vespucio Norte;2;150
513;Vespucio Norte;2;150
514;Vespucio Norte;2;150
515;Vespucio Norte;2;150
516;Vespucio Norte;2;150
517;Vespucio Norte;2;150
518;Vespucio Norte;2;150
519;Vespucio Norte;2;150
520;Vespucio Norte;2;150
521;Vespucio Norte;2;150
522;Vespucio Norte;2;150
523;Vespucio Norte;2;150
524;Vespucio Norte;3;150
525;Vespucio Norte;3;150
526;Vespucio Norte;3;150
527;Vespucio Norte;3;150
528;Vespucio Norte;3;150
529;Vespucio Norte;3;150
530;Vespucio Norte;3;150
531;Vespucio Norte;3;150
532;Vespucio Norte;3;150
533;Vespucio Norte;4;150
534;Vespucio Norte;4;150
535;Vespucio Norte;4;150
536;Vespucio Norte;4;150
537;Vespucio Norte;4;150
538;Vespucio Norte;4;150
539;Vespucio Norte;5;150
540;Vespucio Norte;5;150
541;Vespucio Norte;6;150
542;Vespucio Norte;6;150
543;Vespucio Norte;6;150
544;Vespucio Norte;6;150
545;Vespucio Norte;6;150
546;Vespucio Norte;6;150
547;Vespucio Norte;5;150
548;Vespucio Norte;5;150
549;Vespucio Norte;5;150
550;Vespucio Norte;6;150
551;Vespucio Norte;7;150
552;Vespucio Norte;7;150
553;Vespucio Norte;7;150
554;Vespucio Norte;7;150
555;Vespucio Norte;7;150
556;Vespucio Norte;7;150
557;Vespucio Norte;8;150
558;Vespucio Norte;8;150
559;Vespucio Norte;8;150
560;Vespucio Norte;8;150
561;Vespucio Norte;8;150
562;Vespucio Norte;7;150
563;Vespucio Norte;6;150
564;Vespucio Norte;6;150
565;Vespucio Norte;6;150
566;Vespucio Norte;7;150
567;Vespucio Norte;8;150
568;Vespucio Norte;8;150
569;Vespucio Norte;7;150
570;Vespucio Norte;7;150
571;Vespucio Norte;7;150
572;Vespucio Norte;7;150
573;Vespucio Norte;8;150
574;Vespucio Norte;7;150
575;Vespucio Norte;7;150
576;Vespucio Norte;7;150
577;Vespucio Norte;7;150
578;Vespucio Norte;8;150
579;Vespucio Norte;8;150
580;Vespucio Norte;7;150
581;Vespucio Norte;7;150
582;Vespucio Norte;7;150
583;Vespucio Norte;9;150
584;Vespucio Norte;9;150
585;Vespucio Norte;9;150
586;Vespucio Norte;9;150
587;Vespucio Norte;8;150
588;Vespucio Norte;8;150
589;Vespucio Norte;8;150
590;Vespucio Norte;8;150
591;Vespucio Norte;7;150
592;Vespucio Norte;7;150
593;Vespucio Norte;7;150
594;Vespucio Norte;7;150
595;Vespucio Norte;8;150
596;Vespucio Norte;8;150
597;Vespucio Norte;8;150
598;Vespucio Norte;7;150
599;Vespucio Norte;7;150
600;Vespucio Norte;7;150
601;Vespucio Norte;7;150
602;Vespucio Norte;6;150
603;Vespucio Norte;7;150
604;Vespucio Norte;7;150
605;Vespucio Norte;7;150
606;Vespucio Norte;7;150
607;Vespucio Norte;9;150
608;Vespucio Norte;9;150
609;Vespucio Norte;9;150
610;Vespucio Norte;9;150
611;Vespucio Norte;9;150
612;Vespucio Norte;10;150
613;Vespucio Norte;10;150
614;Vespucio Norte;9;150
615;Vespucio Norte;10;150
616;Vespucio Norte;11;150
617;Vespucio Norte;12;150
618;Vespucio Norte;13;150
619;Vespucio Norte;12;150
620;Vespucio Norte;12;150
621;Vespucio Norte;12;150
622;Vespucio Norte;12;150
623;Vespucio Norte;13;150
624;Vespucio Norte;14;150
625;Vespucio Norte;14;150
626;Vespucio Norte;14;150
627;Vespucio Norte;13;150
628;Vespucio Norte;12;150
629;Vespucio Norte;12;150
630;Vespucio Norte;12;150
631;Vespucio Norte;12;150
632;Vespucio Norte;11;150
633;Vespucio Norte;12;150
634;Vespucio Norte;11;150
635;Vespucio Norte;11;150
636;Vespucio Norte;11;150
637;Vespucio Norte;11;150
638;Vespucio Norte;11;150
639;Vespucio Norte;11;150
640;Vespucio Norte;11;150
641;Vespucio Norte;12;150
642;Vespucio Norte;12;150
643;Vespucio Norte;11;150
644;Vespucio Norte;11;150
645;Vespucio Norte;11;150
646;Vespucio Norte;10;150
647;Vespucio Norte;6;150
648;Vespucio Norte;6;150
649;Vespucio Norte;6;150
650;Vespucio Norte;6;150
651;Vespucio Norte;6;150
652;Vespucio Norte;5;150
653;Vespucio Norte;5;150
654;Vespucio Norte;5;150
655;Vespucio Norte;4;150
656;Vespucio Norte;4;150
657;Vespucio Norte;3;150
658;Vespucio Norte;3;150
659;Vespucio Norte;3;150
660;Vespucio Norte;3;150
661;Vespucio Norte;2;150
662;Vespucio Norte;2;150
663;Vespucio Norte;2;150
664;Vespucio Norte;1;150
665;Vespucio Norte;1;150
666;Vespucio Norte;1;150
667;Vespucio Norte;1;150
668;Vespucio Norte;1;150
669;Vespucio Norte;1;150
670;Vespucio Norte;1;150
671;Vespucio Norte;1;150
672;Vespucio Norte;1;150
673;Vespucio Norte;1;150
674;Vespucio Norte;2;150
675;Vespucio Norte;2;150
676;Vespucio Norte;2;150
677;Vespucio Norte;2;150
678;Vespucio Norte;2;150
679;Vespucio Norte;2;150
680;Vespucio Norte;2;150
681;Vespucio Norte;2;150
682;Vespucio Norte;2;150
683;Vespucio Norte;2;150
684;Vespucio Norte;2;150
685;Vespucio Norte;2;150
686;Vespucio Norte;2;150
687;Vespucio Norte;2;150
688;Vespucio Norte;2;150
689;Vespucio Norte;2;150
690;Vespucio Norte;2;150
691;Vespucio Norte;2;150
692;Vespucio Norte;2;150
693;Vespucio Norte;2;150
694;Vespucio Norte;3;150
695;Vespucio Norte;4;150
696;Vespucio Norte;4;150
697;Vespucio Norte;4;150
698;Vespucio Norte;4;150
699;Vespucio Norte;4;150
700;Vespucio Norte;4;150
701;Vespucio Norte;5;150
702;Vespucio Norte;5;150
703;Vespucio Norte;5;150
704;Vespucio Norte;5;150
705;Vespucio Norte;5;150
706;Vespucio Norte;5;150
707;Vespucio Norte;5;150
708;Vespucio Norte;5;150
709;Vespucio Norte;5;150
710;Vespucio Norte;5;150
711;Vespucio Norte;5;150
712;Vespucio Norte;5;150
713;Vespucio Norte;5;150
714;Vespucio Norte;5;150
715;Vespucio Norte;5;150
716;Vespucio Norte;5;150
717;Vespucio Norte;4;150
718;Vespucio Norte;4;150
719;Vespucio Norte;4;150
720;Vespucio Norte;4;150
721;Vespucio Norte;3;150
722;Vespucio Norte;3;150
723;Vespucio Norte;3;150
724;Vespucio Norte;3;150
725;Vespucio Norte;3;150
726;Vespucio Norte;3;150
727;Vespucio Norte;3;150
728;Vespucio Norte;3;150
729;Vespucio Norte;3;150
730;Vespucio Norte;3;150
731;Vespucio Norte;3;150
732;Vespucio Norte;3;150
733;Vespucio Norte;3;150
734;Vespucio Norte;3;150
735;Vespucio Norte;3;150
736;Vespucio Norte;3;150
737;Vespucio Norte;3;150
738;Vespucio Norte;3;150
739;Vespucio Norte;3;150
740;Vespucio Norte;3;150
741;Vespucio Norte;3;150
742;Vespucio Norte;3;150
743;Vespucio Norte;3;150
744;Vespucio Norte;3;150
745;Vespucio Norte;3;150
746;Vespucio Norte;3;150
747;Vespucio Norte;3;150
748;Vespucio Norte;3;150
749;Vespucio Norte;3;150
750;Vespucio Norte;3;150
751;Vespucio Norte;3;150
752;Vespucio Norte;3;150
753;Vespucio Norte;3;150
754;Vespucio Norte;3;150
755;Vespucio Norte;3;150
756;Vespucio Norte;3;150
757;Vespucio Norte;3;150
758;Vespucio Norte;3;150
759;Vespucio Norte;3;150
760;Vespucio Norte;3;150
761;Vespucio Norte;3;150
762;Vespucio Norte;3;150
763;Vespucio Norte;3;150
764;Vespucio Norte;3;150
765;Vespucio Norte;3;150
766;Vespucio Norte;3;150
767;Vespucio Norte;3;150
768;Vespucio Norte;3;150
769;Vespucio Norte;3;150
770;Vespucio Norte;3;150
771;Vespucio Norte;3;150
772;Vespucio Norte;3;150
773;Vespucio Norte;3;150
774;Vespucio Norte;3;150
775;Vespucio Norte;3;150
776;Vespucio Norte;2;150
777;Vespucio Norte;2;150
778;Vespucio Norte;2;150
779;Vespucio Norte;2;150
780;Vespucio Norte;2;150
781;Vespucio Norte;2;150
782;Vespucio Norte;3;150
783;Vespucio Norte;3;150
784;Vespucio Norte;3;150
785;Vespucio Norte;5;150
786;Vespucio Norte;5;150
787;Vespucio Norte;5;150
788;Vespucio Norte;5;150
789;Vespucio Norte;5;150
790;Vespucio Norte;5;150
791;Vespucio Norte;5;150
792;Vespucio Norte;5;150
793;Vespucio Norte;5;150
794;Vespucio Norte;5;150
795;Vespucio Norte;5;150
796;Vespucio Norte;5;150
797;Vespucio Norte;5;150
798;Vespucio Norte;4;150
799;Vespucio Norte;4;150
800;Vespucio Norte;6;150
801;Vespucio Norte;6;150
802;Vespucio Norte;6;150
803;Vespucio Norte;5;150
804;Vespucio Norte;5;150
805;Vespucio Norte;5;150
806;Vespucio Norte;5;150
807;Vespucio Norte;5;150
808;Vespucio Norte;5;150
809;Vespucio Norte;5;150
810;Vespucio Norte;5;150
811;Vespucio Norte;4;150
812;Vespucio Norte;4;150
813;Vespucio Norte;4;150
814;Vespucio Norte;4;150
815;Vespucio Norte;4;150
816;Vespucio Norte;4;150
817;Vespucio Norte;4;150
818;Vespucio Norte;4;150
819;Vespucio Norte;4;150
820;Vespucio Norte;4;150
821;Vespucio Norte;4;150
822;Vespucio Norte;4;150
823;Vespucio Norte;4;150
824;Vespucio Norte;4;150
825;Vespucio Norte;4;150
826;Vespucio Norte;4;150
827;Vespucio Norte;3;150
828;Vespucio Norte;3;150
829;Vespucio Norte;3;150
830;Vespucio Norte;3;150
831;Vespucio Norte;3;150
832;Vespucio Norte;3;150
833;Vespucio Norte;3;150
834;Vespucio Norte;3;150
835;Vespucio Norte;3;150
836;Vespucio Norte;3;150
837;Vespucio Norte;4;150
838;Vespucio Norte;4;150
839;Vespucio Norte;4;150
840;Vespucio Norte;5;150
841;Vespucio Norte;5;150
842;Vespucio Norte;5;150
843;Vespucio Norte;5;150
844;Vespucio Norte;5;150
845;Vespucio Norte;5;150
846;Vespucio Norte;5;150
847;Vespucio Norte;5;150
848;Vespucio Norte;5;150
849;Vespucio Norte;4;150
850;Vespucio Norte;4;150
851;Vespucio Norte;4;150
852;Vespucio Norte;4;150
853;Vespucio Norte;4;150
854;Vespucio Norte;4;150
855;Vespucio Norte;4;150
856;Vespucio Norte;4;150
857;Vespucio Norte;4;150
858;Vespucio Norte;5;150
859;Vespucio Norte;5;150
860;Vespucio Norte;5;150
861;Vespucio Norte;5;150
862;Vespucio Norte;4;150
863;Vespucio Norte;4;150
864;Vespucio Norte;4;150
865;Vespucio Norte;5;150
866;Vespucio Norte;5;150
867;Vespucio Norte;5;150
868;Vespucio Norte;5;150
869;Vespucio Norte;5;150
870;Vespucio Norte;5;150
871;Vespucio Norte;5;150
872;Vespucio Norte;4;150
873;Vespucio Norte;4;150
874;Vespucio Norte;4;150
875;Vespucio Norte;4;150
876;Vespucio Norte;5;150
877;Vespucio Norte;5;150
878;Vespucio Norte;5;150
879;Vespucio Norte;5;150
880;Vespucio Norte;5;150
881;Vespucio Norte;5;150
882;Vespucio Norte;6;150
883;Vespucio Norte;6;150
884;Vespucio Norte;6;150
885;Vespucio Norte;5;150
886;Vespucio Norte;5;150
887;Vespucio Norte;4;150
888;Vespucio Norte;4;150
889;Vespucio Norte;4;150
890;Vespucio Norte;4;150
891;Vespucio Norte;5;150
892;Vespucio Norte;5;150
893;Vespucio Norte;5;150
894;Vespucio Norte;5;150
895;Vespucio Norte;6;150
896;Vespucio Norte;6;150
897;Vespucio Norte;6;150
898;Vespucio Norte;6;150
899;Vespucio Norte;6;150
900;Vespucio Norte;6;150
901;Vespucio Norte;5;150
902;Vespucio Norte;4;150
903;Vespucio Norte;4;150
904;Vespucio Norte;3;150
905;Vespucio Norte;3;150
906;Vespucio Norte;3;150
907;Vespucio Norte;3;150
908;Vespucio Norte;3;150
909;Vespucio Norte;3;150
910;Vespucio Norte;3;150
911;Vespucio Norte;3;150
912;Vespucio Norte;3;150
913;Vespucio Norte;3;150
914;Vespucio Norte;3;150
915;Vespucio Norte;3;150
916;Vespucio Norte;3;150
917;Vespucio Norte;3;150
918;Vespucio Norte;3;150
919;Vespucio Norte;3;150
920;Vespucio Norte;3;150
921;Vespucio Norte;3;150
922;Vespucio Norte;3;150
923;Vespucio Norte;3;150
924;Vespucio Norte;3;150
925;Vespucio Norte;3;150
926;Vespucio Norte;3;150
927;Vespucio Norte;3;150
928;Vespucio Norte;3;150
929;Vespucio Norte;3;150
930;Vespucio Norte;3;150
931;Vespucio Norte;3;150
932;Vespucio Norte;3;150
933;Vespucio Norte;3;150
934;Vespucio Norte;3;150
935;Vespucio Norte;3;150
936;Vespucio Norte;5;150
937;Vespucio Norte;5;150
938;Vespucio Norte;5;150
939;Vespucio Norte;6;150
940;Vespucio Norte;6;150
941;Vespucio Norte;6;150
942;Vespucio Norte;6;150
943;Vespucio Norte;6;150
944;Vespucio Norte;6;150
945;Vespucio Norte;5;150
946;Vespucio Norte;6;150
947;Vespucio Norte;6;150
948;Vespucio Norte;7;150
949;Vespucio Norte;6;150
950;Vespucio Norte;6;150
951;Vespucio Norte;6;150
952;Vespucio Norte;6;150
953;Vespucio Norte;6;150
954;Vespucio Norte;6;150
955;Vespucio Norte;6;150
956;Vespucio Norte;6;150
957;Vespucio Norte;6;150
958;Vespucio Norte;6;150
959;Vespucio Norte;6;150
960;Vespucio Norte;6;150
961;Vespucio Norte;6;150
962;Vespucio Norte;7;150
963;Vespucio Norte;7;150
964;Vespucio Norte;8;150
965;Vespucio Norte;8;150
966;Vespucio Norte;8;150
967;Vespucio Norte;7;150
968;Vespucio Norte;7;150
969;Vespucio Norte;8;150
970;Vespucio Norte;8;150
971;Vespucio Norte;8;150
972;Vespucio Norte;9;150
973;Vespucio Norte;9;150
974;Vespucio Norte;9;150
975;Vespucio Norte;8;150
976;Vespucio Norte;8;150
977;Vespucio Norte;8;150
978;Vespucio Norte;8;150
979;Vespucio Norte;8;150
980;Vespucio Norte;7;150
981;Vespucio Norte;7;150
982;Vespucio Norte;7;150
983;Vespucio Norte;7;150
984;Vespucio Norte;7;150
985;Vespucio Norte;7;150
986;Vespucio Norte;7;150
987;Vespucio Norte;7;150
988;Vespucio Norte;7;150
989;Vespucio Norte;7;150
990;Vespucio Norte;8;150
991;Vespucio Norte;8;150
992;Vespucio Norte;8;150
993;Vespucio Norte;8;150
994;Vespucio Norte;8;150
995;Vespucio Norte;8;150
996;Vespucio Norte;8;150
997;Vespucio Norte;9;150
998;Vespucio Norte;10;150
999;Vespucio Norte;11;150
1000;Vespucio Norte;12;150
1001;Vespucio Norte;12;150
1002;Vespucio Norte;12;150
1003;Vespucio Norte;12;150
1004;Vespucio Norte;12;150
1005;Vespucio Norte;12;150
1006;Vespucio Norte;12;150
1007;Vespucio Norte;12;150
1008;Vespucio Norte;12;150
1009;Vespucio Norte;12;150
1010;Vespucio Norte;12;150
1011;Vespucio Norte;12;150
1012;Vespucio Norte;12;150
1013;Vespucio Norte;12;150
1014;Vespucio Norte;12;150
1015;Vespucio Norte;11;150
1016;Vespucio Norte;11;150
1017;Vespucio Norte;11;150
1018;Vespucio Norte;11;150
1019;Vespucio Norte;11;150
1020;Vespucio Norte;11;150
1021;Vespucio Norte;11;150
1022;Vespucio Norte;11;150
1023;Vespucio Norte;11;150
1024;Vespucio Norte;11;150
1025;Vespucio Norte;11;150
1026;Vespucio Norte;11;150
1027;Vespucio Norte;11;150
1028;Vespucio Norte;11;150
1029;Vespucio Norte;11;150
1030;Vespucio Norte;11;150
1031;Vespucio Norte;10;150
1032;Vespucio Norte;10;150
1033;Vespucio Norte;10;150
1034;Vespucio Norte;9;150
1035;Vespucio Norte;9;150
1036;Vespucio Norte;9;150
1037;Vespucio Norte;9;150
1038;Vespucio Norte;8;150
1039;Vespucio Norte;8;150
1040;Vespucio Norte;8;150
1041;Vespucio Norte;8;150
1042;Vespucio Norte;8;150
1043;Vespucio Norte;8;150
1044;Vespucio Norte;8;150
1045;Vespucio Norte;8;150
1046;Vespucio Norte;7;150
1047;Vespucio Norte;7;150
1048;Vespucio Norte;7;150
1049;Vespucio Norte;7;150
1050;Vespucio Norte;6;150
1051;Vespucio Norte;6;150
1052;Vespucio Norte;6;150
1053;Vespucio Norte;6;150
1054;Vespucio Norte;7;150
1055;Vespucio Norte;7;150
1056;Vespucio Norte;7;150
1057;Vespucio Norte;8;150
1058;Vespucio Norte;8;150
1059;Vespucio Norte;8;150
1060;Vespucio Norte;8;150
1061;Vespucio Norte;8;150
1062;Vespucio Norte;8;150
1063;Vespucio Norte;8;150
1064;Vespucio Norte;8;150
1065;Vespucio Norte;8;150
1066;Vespucio Norte;7;150
1067;Vespucio Norte;7;150
1068;Vespucio Norte;7;150
1069;Vespucio Norte;7;150
1070;Vespucio Norte;7;150
1071;Vespucio Norte;6;150
1072;Vespucio Norte;6;150
1073;Vespucio Norte;6;150
1074;Vespucio Norte;7;150
1075;Vespucio Norte;8;150
1076;Vespucio Norte;8;150
1077;Vespucio Norte;8;150
1078;Vespucio Norte;8;150
1079;Vespucio Norte;8;150
1080;Vespucio Norte;8;150
1081;Vespucio Norte;8;150
1082;Vespucio Norte;8;150
1083;Vespucio Norte;8;150
1084;Vespucio Norte;8;150
1085;Vespucio Norte;7;150
1086;Vespucio Norte;7;150
1087;Vespucio Norte;7;150
1088;Vespucio Norte;7;150
1089;Vespucio Norte;7;150
1090;Vespucio Norte;7;150
1091;Vespucio Norte;7;150
1092;Vespucio Norte;7;150
1093;Vespucio Norte;7;150
1094;Vespucio Norte;7;150
1095;Vespucio Norte;5;150
1096;Vespucio Norte;5;150
1097;Vespucio Norte;5;150
1098;Vespucio Norte;5;150
1099;Vespucio Norte;5;150
1100;Vespucio Norte;5;150
1101;Vespucio Norte;5;150
1102;Vespucio Norte;5;150
1103;Vespucio Norte;5;150
1104;Vespucio Norte;6;150
1105;Vespucio Norte;7;150
1106;Vespucio Norte;7;150
1107;Vespucio Norte;7;150
1108;Vespucio Norte;8;150
1109;Vespucio Norte;8;150
1110;Vespucio Norte;8;150
1111;Vespucio Norte;8;150
1112;Vespucio Norte;10;150
1113;Vespucio Norte;11;150
1114;Vespucio Norte;12;150
1115;Vespucio Norte;13;150
1116;Vespucio Norte;13;150
1117;Vespucio Norte;14;150
1118;Vespucio Norte;14;150
1119;Vespucio Norte;14;150
1120;Vespucio Norte;14;150
1121;Vespucio Norte;14;150
1122;Vespucio Norte;15;150
1123;Vespucio Norte;16;150
1124;Vespucio Norte;17;150
1125;Vespucio Norte;18;150
1126;Vespucio Norte;18;150
1127;Vespucio Norte;18;150
1128;Vespucio Norte;18;150
1129;Vespucio Norte;18;150
1130;Vespucio Norte;17;150
1131;Vespucio Norte;17;150
1132;Vespucio Norte;18;150
1133;Vespucio Norte;18;150
1134;Vespucio Norte;18;150
1135;Vespucio Norte;18;150
1136;Vespucio Norte;18;150
1137;Vespucio Norte;18;150
1138;Vespucio Norte;18;150
1139;Vespucio Norte;19;150
1140;Vespucio Norte;19;150
1141;Vespucio Norte;21;150
1142;Vespucio Norte;21;150
1143;Vespucio Norte;21;150
1144;Vespucio Norte;21;150
1145;Vespucio Norte;23;150
1146;Vespucio Norte;23;150
1147;Vespucio Norte;23;150
1148;Vespucio Norte;23;150
1149;Vespucio Norte;24;150
1150;Vespucio Norte;24;150
1151;Vespucio Norte;25;150
1152;Vespucio Norte;26;150
1153;Vespucio Norte;28;150
1154;Vespucio Norte;30;150
1155;Vespucio Norte;32;150
1156;Vespucio Norte;32;150
1157;Vespucio Norte;33;150
1158;Vespucio Norte;33;150
1159;Vespucio Norte;34;150
1160;Vespucio Norte;35;150
1161;Vespucio Norte;37;150
1162;Vespucio Norte;37;150
1163;Vespucio Norte;38;150
1164;Vespucio Norte;37;150
1165;Vespucio Norte;38;150
1166;Vespucio Norte;38;150
1167;Vespucio Norte;40;150
1168;Vespucio Norte;44;150
1169;Vespucio Norte;46;150
1170;Vespucio Norte;47;150
1171;Vespucio Norte;47;150
1172;Vespucio Norte;49;150
1173;Vespucio Norte;50;150
1174;Vespucio Norte;50;150
1175;Vespucio Norte;50;150
1176;Vespucio Norte;52;150
1177;Vespucio Norte;56;150
1178;Vespucio Norte;56;150
1179;Vespucio Norte;55;150
1180;Vespucio Norte;53;150
1181;Vespucio Norte;53;150
1182;Vespucio Norte;56;150
1183;Vespucio Norte;57;150
1184;Vespucio Norte;60;150
1185;Vespucio Norte;62;150
1186;Vespucio Norte;63;150
1187;Vespucio Norte;65;150
1188;Vespucio Norte;65;150
1189;Vespucio Norte;67;150
1190;Vespucio Norte;68;150
1191;Vespucio Norte;68;150
1192;Vespucio Norte;71;150
1193;Vespucio Norte;73;150
1194;Vespucio Norte;74;150
1195;Vespucio Norte;75;150
1196;Vespucio Norte;77;150
1197;Vespucio Norte;78;150
1198;Vespucio Norte;79;150
1199;Vespucio Norte;85;150
1200;Vespucio Norte;86;150
1201;Vespucio Norte;87;150
1202;Vespucio Norte;89;150
1203;Vespucio Norte;89;150
1204;Vespucio Norte;89;150
1205;Vespucio Norte;89;150
1206;Vespucio Norte;90;150
1207;Vespucio Norte;89;150
1208;Vespucio Norte;87;150
1209;Vespucio Norte;84;150
1210;Vespucio Norte;87;150
1211;Vespucio Norte;88;150
1212;Vespucio Norte;92;150
1213;Vespucio Norte;93;150
1214;Vespucio Norte;94;150
1215;Vespucio Norte;91;150
1216;Vespucio Norte;91;150
1217;Vespucio Norte;94;150
1218;Vespucio Norte;95;150
1219;Vespucio Norte;93;150
1220;Vespucio Norte;93;150
1221;Vespucio Norte;95;150
1222;Vespucio Norte;98;150
1223;Vespucio Norte;99;150
1224;Vespucio Norte;100;150
1225;Vespucio Norte;100;150
1226;Vespucio Norte;97;150
1227;Vespucio Norte;99;150
1228;Vespucio Norte;99;150
1229;Vespucio Norte;99;150
1230;Vespucio Norte;99;150
1231;Vespucio Norte;101;150
1232;Vespucio Norte;101;150
1233;Vespucio Norte;105;150
1234;Vespucio Norte;107;150
1235;Vespucio Norte;107;150
1236;Vespucio Norte;107;150
1237;Vespucio Norte;111;150
1238;Vespucio Norte;111;150
1239;Vespucio Norte;116;150
1240;Vespucio Norte;115;150
1241;Vespucio Norte;113;150
1242;Vespucio Norte;112;150
1243;Vespucio Norte;115;150
1244;Vespucio Norte;118;150
1245;Vespucio Norte;119;150
1246;Vespucio Norte;123;150
1247;Vespucio Norte;125;150
1248;Vespucio Norte;127;150
1249;Vespucio Norte;132;150
1250;Vespucio Norte;135;150
1251;Vespucio Norte;135;150
1252;Vespucio Norte;137;150
1253;Vespucio Norte;135;150
1254;Vespucio Norte;136;150
1255;Vespucio Norte;138;150
1256;Vespucio Norte;137;150
1257;Vespucio Norte;136;150
1258;Vespucio Norte;139;150
1259;Vespucio Norte;148;150
1260;Vespucio Norte;149;150
1261;Vespucio Norte;150;150
1262;Vespucio Norte;150;150
1263;Vespucio Norte;150;150
1264;Vespucio Norte;150;150
1265;Vespucio Norte;150;150
1266;Vespucio Norte;150;150
1267;Vespucio Norte;150;150
1268;Vespucio Norte;150;150
1269;Vespucio Norte;150;150
1270;Vespucio Norte;150;150
1271;Vespucio Norte;150;150
1272;Vespucio Norte;150;150
1273;Vespucio Norte;150;150
1274;Vespucio Norte;150;150
1275;Vespucio Norte;150;150
1276;Vespucio Norte;150;150
1277;Vespucio Norte;150;150
1278;Vespucio Norte;150;150
1279;Vespucio Norte;150;150
1280;Vespucio Norte;150;150
1281;Vespucio Norte;150;150
1282;Vespucio Norte;150;150
1283;Vespucio Norte;150;150
1284;Vespucio Norte;150;150
1285;Vespucio Norte;150;150
1286;Vespucio Norte;150;150
1287;Vespucio Norte;150;150
1288;Vespucio Norte;150;150
1289;Vespucio Norte;150;150
1290;Vespucio Norte;150;150
1291;Vespucio Norte;150;150
1292;Vespucio Norte;150;150
1293;Vespucio Norte;150;150
1294;Vespucio Norte;150;150
1295;Vespucio Norte;150;150
1296;Vespucio Norte;150;150
1297;Vespucio Norte;150;150
1298;Vespucio Norte;150;150
1299;Vespucio Norte;150;150
1300;Vespucio Norte;150;150
1301;Vespucio Norte;150;150
1302;Vespucio Norte;150;150
1303;Vespucio Norte;150;150
1304;Vespucio Norte;150;150
1305;Vespucio Norte;150;150
1306;Vespucio Norte;150;150
1307;Vespucio Norte;150;150
1308;Vespucio Norte;150;150
1309;Vespucio Norte;150;150
1310;Vespucio Norte;150;150
1311;Vespucio Norte;150;150
1312;Vespucio Norte;150;150
1313;Vespucio Norte;150;150
1314;Vespucio Norte;150;150
1315;Vespucio Norte;150;150
1316;Vespucio Norte;150;150
1317;Vespucio Norte;150;150
1318;Vespucio Norte;150;150
1319;Vespucio Norte;150;150
1320;Vespucio Norte;150;150
1321;Vespucio Norte;150;150
1322;Vespucio Norte;150;150
1323;Vespucio Norte;150;150
1324;Vespucio Norte;150;150
1325;Vespucio Norte;150;150
1326;Vespucio Norte;150;150
1327;Vespucio Norte;150;150
1328;Vespucio Norte;150;150
1329;Vespucio Norte;150;150
1330;Vespucio Norte;150;150
1331;Vespucio Norte;150;150
1332;Vespucio Norte;150;150
1333;Vespucio Norte;150;150
1334;Vespucio Norte;150;150
1335;Vespucio Norte;150;150
1336;Vespucio Norte;150;150
1337;Vespucio Norte;150;150
1338;Vespucio Norte;150;150
1339;Vespucio Norte;150;150
1340;Vespucio Norte;150;150
1341;Vespucio Norte;150;150
1342;Vespucio Norte;150;150
1343;Vespucio Norte;150;150
1344;Vespucio Norte;150;150
1345;Vespucio Norte;150;150
1346;Vespucio Norte;150;150
1347;Vespucio Norte;150;150
1348;Vespucio Norte;150;150
1349;Vespucio Norte;150;150
1350;Vespucio Norte;150;150
1351;Vespucio Norte;150;150
1352;Vespucio Norte;150;150
1353;Vespucio Norte;150;150
1354;Vespucio Norte;150;150
1355;Vespucio Norte;150;150
1356;Vespucio Norte;150;150
1357;Vespucio Norte;150;150
1358;Vespucio Norte;150;150
1359;Vespucio Norte;150;150
1360;Vespucio Norte;150;150
1361;Vespucio Norte;150;150
1362;Vespucio Norte;150;150
1363;Vespucio Norte;150;150
1364;Vespucio Norte;150;150
1365;Vespucio Norte;150;150
1366;Vespucio Norte;150;150
1367;Vespucio Norte;150;150
1368;Vespucio Norte;150;150
1369;Vespucio Norte;150;150
1370;Vespucio Norte;150;150
1371;Vespucio Norte;150;150
1372;Vespucio Norte;150;150
1373;Vespucio Norte;150;150
1374;Vespucio Norte;150;150
1375;Vespucio Norte;150;150
1376;Vespucio Norte;150;150
1377;Vespucio Norte;150;150
1378;Vespucio Norte;150;150
1379;Vespucio Norte;150;150
1380;Vespucio Norte;150;150
1381;Vespucio Norte;150;150
1382;Vespucio Norte;150;150
1383;Vespucio Norte;150;150
1384;Vespucio Norte;150;150
1385;Vespucio Norte;150;150
1386;Vespucio Norte;150;150
1387;Vespucio Norte;150;150
1388;Vespucio Norte;150;150
1389;Vespucio Norte;150;150
1390;Vespucio Norte;150;150
1391;Vespucio Norte;150;150
1392;Vespucio Norte;150;150
1393;Vespucio Norte;150;150
1394;Vespucio Norte;150;150
1395;Vespucio Norte;150;150
1396;Vespucio Norte;150;150
1397;Vespucio Norte;150;150
1398;Vespucio Norte;150;150
1399;Vespucio Norte;150;150
1400;Vespucio Norte;150;150
1401;Vespucio Norte;150;150
1402;Vespucio Norte;150;150
1403;Vespucio Norte;150;150
1404;Vespucio Norte;150;150
1405;Vespucio Norte;150;150
1406;Vespucio Norte;150;150
1407;Vespucio Norte;150;150
1408;Vespucio Norte;150;150
1409;Vespucio Norte;150;150
1410;Vespucio Norte;150;150
1411;Vespucio Norte;150;150
1412;Vespucio Norte;150;150
1413;Vespucio Norte;150;150
1414;Vespucio Norte;150;150
1415;Vespucio Norte;150;150
1416;Vespucio Norte;150;150
1417;Vespucio Norte;150;150
1418;Vespucio Norte;150;150
1419;Vespucio Norte;150;150
1420;Vespucio Norte;150;150
1421;Vespucio Norte;150;150
1422;Vespucio Norte;150;150
1423;Vespucio Norte;150;150
1424;Vespucio Norte;150;150
1425;Vespucio Norte;150;150
1426;Vespucio Norte;150;150
1427;Vespucio Norte;150;150
1428;Vespucio Norte;150;150
1429;Vespucio Norte;150;150
1430;Vespucio Norte;150;150
1431;Vespucio Norte;150;150
1432;Vespucio Norte;150;150
1433;Vespucio Norte;150;150
1434;Vespucio Norte;150;150
1435;Vespucio Norte;150;150
1436;Vespucio Norte;150;150
1437;Vespucio Norte;150;150
1438;Vespucio Norte;150;150
1439;Vespucio Norte;150;150
0;El Conquistador;180;180
1;El Conquistador;180;180
2;El Conquistador;180;180
3;El Conquistador;180;180
4;El Conquistador;180;180
5;El Conquistador;180;180
6;El Conquistador;180;180
7;El Conquistador;180;180
8;El Conquistador;180;180
9;El Conquistador;180;180
10;El Conquistador;180;180
11;El Conquistador;180;180
12;El Conquistador;180;180
13;El Conquistador;180;180
14;El Conquistador;180;180
15;El Conquistador;180;180
16;El Conquistador;180;180
17;El Conquistador;180;180
18;El Conquistador;180;180
19;El Conquistador;180;180
20;El Conquistador;180;180
21;El Conquistador;180;180
22;El Conquistador;180;180
23;El Conquistador;180;180
24;El Conquistador;180;180
25;El Conquistador;180;180
26;El Conquistador;180;180
27;El Conquistador;180;180
28;El Conquistador;180;180
29;El Conquistador;180;180
30;El Conquistador;180;180
31;El Conquistador;180;180
32;El Conquistador;180;180
33;El Conquistador;180;180
34;El Conquistador;180;180
35;El Conquistador;180;180
36;El Conquistador;180;180
37;El Conquistador;180;180
38;El Conquistador;180;180
39;El Conquistador;180;180
40;El Conquistador;180;180
41;El Conquistador;180;180
42;El Conquistador;180;180
43;El Conquistador;180;180
44;El Conquistador;180;180
45;El Conquistador;180;180
46;El Conquistador;180;180
47;El Conquistador;180;180
48;El Conquistador;180;180
49;El Conquistador;180;180
50;El Conquistador;180;180
51;El Conquistador;180;180
52;El Conquistador;180;180
53;El Conquistador;180;180
54;El Conquistador;180;180
55;El Conquistador;180;180
56;El Conquistador;180;180
57;El Conquistador;180;180
58;El Conquistador;180;180
59;El Conquistador;180;180
60;El Conquistador;180;180
61;El Conquistador;180;180
62;El Conquistador;180;180
63;El Conquistador;180;180
64;El Conquistador;180;180
65;El Conquistador;180;180
66;El Conquistador;180;180
67;El Conquistador;180;180
68;El Conquistador;180;180
69;El Conquistador;180;180
70;El Conquistador;180;180
71;El Conquistador;180;180
72;El Conquistador;180;180
73;El Conquistador;180;180
74;El Conquistador;180;180
75;El Conquistador;180;180
76;El Conquistador;180;180
77;El Conquistador;180;180
78;El Conquistador;180;180
79;El Conquistador;180;180
80;El Conquistador;180;180
81;El Conquistador;180;180
82;El Conquistador;180;180
83;El Conquistador;180;180
84;El Conquistador;180;180
85;El Conquistador;180;180
86;El Conquistador;180;180
87;El Conquistador;180;180
88;El Conquistador;180;180
89;El Conquistador;180;180
90;El Conquistador;180;180
91;El Conquistador;180;180
92;El Conquistador;180;180
93;El Conquistador;180;180
94;El Conquistador;180;180
95;El Conquistador;180;180
96;El Conquistador;180;180
97;El Conquistador;180;180
98;El Conquistador;180;180
99;El Conquistador;180;180
100;El Conquistador;180;180
101;El Conquistador;180;180
102;El Conquistador;180;180
103;El Conquistador;180;180
104;El Conquistador;180;180
105;El Conquistador;180;180
106;El Conquistador;180;180
107;El Conquistador;180;180
108;El Conquistador;180;180
109;El Conquistador;180;180
110;El Conquistador;180;180
111;El Conquistador;180;180
112;El Conquistador;180;180
113;El Conquistador;180;180
114;El Conquistador;180;180
115;El Conquistador;180;180
116;El Conquistador;180;180
117;El Conquistador;180;180
118;El Conquistador;180;180
119;El Conquistador;180;180
120;El Conquistador;180;180
121;El Conquistador;180;180
122;El Conquistador;180;180
123;El Conquistador;180;180
124;El Conquistador;180;180
125;El Conquistador;180;180
126;El Conquistador;180;180
127;El Conquistador;180;180
128;El Conquistador;180;180
129;El Conquistador;180;180
130;El Conquistador;180;180
131;El Conquistador;180;180
132;El Conquistador;180;180
133;El Conquistador;180;180
134;El Conquistador;180;180
135;El Conquistador;180;180
136;El Conquistador;180;180
137;El Conquistador;180;180
138;El Conquistador;180;180
139;El Conquistador;180;180
140;El Conquistador;180;180
141;El Conquistador;180;180
142;El Conquistador;180;180
143;El Conquistador;180;180
144;El Conquistador;180;180
145;El Conquistador;180;180
146;El Conquistador;180;180
147;El Conquistador;180;180
148;El Conquistador;180;180
149;El Conquistador;180;180
150;El Conquistador;180;180
151;El Conquistador;180;180
152;El Conquistador;180;180
153;El Conquistador;180;180
154;El Conquistador;180;180
155;El Conquistador;180;180
156;El Conquistador;180;180
157;El Conquistador;180;180
158;El Conquistador;180;180
159;El Conquistador;180;180
160;El Conquistador;180;180
161;El Conquistador;180;180
162;El Conquistador;180;180
163;El Conquistador;180;180
164;El Conquistador;180;180
165;El Conquistador;180;180
166;El Conquistador;180;180
167;El Conquistador;180;180
168;El Conquistador;180;180
169;El Conquistador;180;180
170;El Conquistador;180;180
171;El Conquistador;180;180
172;El Conquistador;180;180
173;El Conquistador;180;180
174;El Conquistador;180;180
175;El Conquistador;180;180
176;El Conquistador;180;180
177;El Conquistador;180;180
178;El Conquistador;180;180
179;El Conquistador;180;180
180;El Conquistador;180;180
181;El Conquistador;180;180
182;El Conquistador;180;180
183;El Conquistador;180;180
184;El Conquistador;180;180
185;El Conquistador;180;180
186;El Conquistador;180;180
187;El Conquistador;180;180
188;El Conquistador;180;180
189;El Conquistador;180;180
190;El Conquistador;180;180
191;El Conquistador;180;180
192;El Conquistador;180;180
193;El Conquistador;180;180
194;El Conquistador;180;180
195;El Conquistador;180;180
196;El Conquistador;180;180
197;El Conquistador;180;180
198;El Conquistador;180;180
199;El Conquistador;180;180
200;El Conquistador;180;180
201;El Conquistador;180;180
202;El Conquistador;180;180
203;El Conquistador;180;180
204;El Conquistador;180;180
205;El Conquistador;180;180
206;El Conquistador;180;180
207;El Conquistador;180;180
208;El Conquistador;180;180
209;El Conquistador;180;180
210;El Conquistador;180;180
211;El Conquistador;180;180
212;El Conquistador;180;180
213;El Conquistador;180;180
214;El Conquistador;180;180
215;El Conquistador;180;180
216;El Conquistador;180;180
217;El Conquistador;180;180
218;El Conquistador;180;180
219;El Conquistador;180;180
220;El Conquistador;180;180
221;El Conquistador;180;180
222;El Conquistador;180;180
223;El Conquistador;180;180
224;El Conquistador;180;180
225;El Conquistador;180;180
226;El Conquistador;180;180
227;El Conquistador;180;180
228;El Conquistador;180;180
229;El Conquistador;180;180
230;El Conquistador;180;180
231;El Conquistador;180;180
232;El Conquistador;180;180
233;El Conquistador;180;180
234;El Conquistador;180;180
235;El Conquistador;180;180
236;El Conquistador;180;180
237;El Conquistador;180;180
238;El Conquistador;180;180
239;El Conquistador;180;180
240;El Conquistador;180;180
241;El Conquistador;180;180
242;El Conquistador;180;180
243;El Conquistador;180;180
244;El Conquistador;180;180
245;El Conquistador;180;180
246;El Conquistador;180;180
247;El Conquistador;180;180
248;El Conquistador;180;180
249;El Conquistador;180;180
250;El Conquistador;180;180
251;El Conquistador;180;180
252;El Conquistador;180;180
253;El Conquistador;180;180
254;El Conquistador;180;180
255;El Conquistador;180;180
256;El Conquistador;180;180
257;El Conquistador;180;180
258;El Conquistador;180;180
259;El Conquistador;180;180
260;El Conquistador;180;180
261;El Conquistador;180;180
262;El Conquistador;180;180
263;El Conquistador;180;180
264;El Conquistador;180;180
265;El Conquistador;180;180
266;El Conquistador;180;180
267;El Conquistador;180;180
268;El Conquistador;180;180
269;El Conquistador;180;180
270;El Conquistador;180;180
271;El Conquistador;180;180
272;El Conquistador;180;180
273;El Conquistador;180;180
274;El Conquistador;180;180
275;El Conquistador;180;180
276;El Conquistador;180;180
277;El Conquistador;180;180
278;El Conquistador;180;180
279;El Conquistador;180;180
280;El Conquistador;180;180
281;El Conquistador;180;180
282;El Conquistador;180;180
283;El Conquistador;180;180
284;El Conquistador;180;180
285;El Conquistador;180;180
286;El Conquistador;180;180
287;El Conquistador;180;180
288;El Conquistador;180;180
289;El Conquistador;180;180
290;El Conquistador;180;180
291;El Conquistador;180;180
292;El Conquistador;180;180
293;El Conquistador;180;180
294;El Conquistador;180;180
295;El Conquistador;180;180
296;El Conquistador;180;180
297;El Conquistador;180;180
298;El Conquistador;180;180
299;El Conquistador;180;180
300;El Conquistador;180;180
301;El Conquistador;180;180
302;El Conquistador;180;180
303;El Conquistador;180;180
304;El Conquistador;180;180
305;El Conquistador;180;180
306;El Conquistador;180;180
307;El Conquistador;180;180
308;El Conquistador;180;180
309;El Conquistador;180;180
310;El Conquistador;180;180
311;El Conquistador;180;180
312;El Conquistador;180;180
313;El Conquistador;180;180
314;El Conquistador;180;180
315;El Conquistador;180;180
316;El Conquistador;180;180
317;El Conquistador;180;180
318;El Conquistador;180;180
319;El Conquistador;180;180
320;El Conquistador;180;180
321;El Conquistador;180;180
322;El Conquistador;180;180
323;El Conquistador;180;180
324;El Conquistador;180;180
325;El Conquistador;180;180
326;El Conquistador;180;180
327;El Conquistador;180;180
328;El Conquistador;180;180
329;El Conquistador;180;180
330;El Conquistador;180;180
331;El Conquistador;180;180
332;El Conquistador;180;180
333;El Conquistador;180;180
334;El Conquistador;180;180
335;El Conquistador;180;180
336;El Conquistador;180;180
337;El Conquistador;180;180
338;El Conquistador;180;180
339;El Conquistador;180;180
340;El Conquistador;180;180
341;El Conquistador;180;180
342;El Conquistador;180;180
343;El Conquistador;180;180
344;El Conquistador;180;180
345;El Conquistador;180;180
346;El Conquistador;180;180
347;El Conquistador;180;180
348;El Conquistador;180;180
349;El Conquistador;180;180
350;El Conquistador;180;180
351;El Conquistador;180;180
352;El Conquistador;180;180
353;El Conquistador;180;180
354;El Conquistador;180;180
355;El Conquistador;180;180
356;El Conquistador;180;180
357;El Conquistador;180;180
358;El Conquistador;180;180
359;El Conquistador;180;180
360;El Conquistador;180;180
361;El Conquistador;180;180
362;El Conquistador;180;180
363;El Conquistador;180;180
364;El Conquistador;180;180
365;El Conquistador;180;180
366;El Conquistador;180;180
367;El Conquistador;180;180
368;El Conquistador;180;180
369;El Conquistador;180;180
370;El Conquistador;180;180
371;El Conquistador;180;180
372;El Conquistador;180;180
373;El Conquistador;180;180
374;El Conquistador;180;180
375;El Conquistador;180;180
376;El Conquistador;180;180
377;El Conquistador;180;180
378;El Conquistador;180;180
379;El Conquistador;180;180
380;El Conquistador;180;180
381;El Conquistador;180;180
382;El Conquistador;180;180
383;El Conquistador;180;180
384;El Conquistador;180;180
385;El Conquistador;180;180
386;El Conquistador;180;180
387;El Conquistador;180;180
388;El Conquistador;180;180
389;El Conquistador;180;180
390;El Conquistador;180;180
391;El Conquistador;180;180
392;El Conquistador;180;180
393;El Conquistador;180;180
394;El Conquistador;180;180
395;El Conquistador;180;180
396;El Conquistador;180;180
397;El Conquistador;179;180
398;El Conquistador;180;180
399;El Conquistador;180;180
400;El Conquistador;180;180
401;El Conquistador;180;180
402;El Conquistador;180;180
403;El Conquistador;180;180
404;El Conquistador;180;180
405;El Conquistador;180;180
406;El Conquistador;180;180
407;El Conquistador;180;180
408;El Conquistador;180;180
409;El Conquistador;180;180
410;El Conquistador;180;180
411;El Conquistador;180;180
412;El Conquistador;180;180
413;El Conquistador;180;180
414;El Conquistador;180;180
415;El Conquistador;180;180
416;El Conquistador;180;180
417;El Conquistador;180;180
418;El Conquistador;180;180
419;El Conquistador;180;180
420;El Conquistador;180;180
421;El Conquistador;180;180
422;El Conquistador;180;180
423;El Conquistador;180;180
424;El Conquistador;180;180
425;El Conquistador;180;180
426;El Conquistador;180;180
427;El Conquistador;180;180
428;El Conquistador;180;180
429;El Conquistador;180;180
430;El Conquistador;180;180
431;El Conquistador;180;180
432;El Conquistador;180;180
433;El Conquistador;180;180
434;El Conquistador;180;180
435;El Conquistador;179;180
436;El Conquistador;180;180
437;El Conquistador;180;180
438;El Conquistador;180;180
439;El Conquistador;180;180
440;El Conquistador;180;180
441;El Conquistador;180;180
442;El Conquistador;180;180
443;El Conquistador;180;180
444;El Conquistador;180;180
445;El Conquistador;180;180
446;El Conquistador;180;180
447;El Conquistador;180;180
448;El Conquistador;180;180
449;El Conquistador;180;180
450;El Conquistador;180;180
451;El Conquistador;180;180
452;El Conquistador;180;180
453;El Conquistador;180;180
454;El Conquistador;180;180
455;El Conquistador;180;180
456;El Conquistador;180;180
457;El Conquistador;180;180
458;El Conquistador;180;180
459;El Conquistador;180;180
460;El Conquistador;180;180
461;El Conquistador;180;180
462;El Conquistador;180;180
463;El Conquistador;180;180
464;El Conquistador;180;180
465;El Conquistador;180;180
466;El Conquistador;180;180
467;El Conquistador;180;180
468;El Conquistador;180;180
469;El Conquistador;180;180
470;El Conquistador;180;180
471;El Conquistador;180;180
472;El Conquistador;180;180
473;El Conquistador;180;180
474;El Conquistador;180;180
475;El Conquistador;180;180
476;El Conquistador;180;180
477;El Conquistador;180;180
478;El Conquistador;180;180
479;El Conquistador;180;180
480;El Conquistador;180;180
481;El Conquistador;180;180
482;El Conquistador;180;180
483;El Conquistador;180;180
484;El Conquistador;180;180
485;El Conquistador;180;180
486;El Conquistador;180;180
487;El Conquistador;179;180
488;El Conquistador;180;180
489;El Conquistador;176;180
490;El Conquistador;178;180
491;El Conquistador;179;180
492;El Conquistador;180;180
493;El Conquistador;178;180
494;El Conquistador;178;180
495;El Conquistador;179;180
496;El Conquistador;180;180
497;El Conquistador;179;180
498;El Conquistador;180;180
499;El Conquistador;180;180
500;El Conquistador;180;180
501;El Conquistador;179;180
502;El Conquistador;180;180
503;El Conquistador;180;180
504;El Conquistador;180;180
505;El Conquistador;180;180
506;El Conquistador;180;180
507;El Conquistador;180;180
508;El Conquistador;180;180
509;El Conquistador;180;180
510;El Conquistador;180;180
511;El Conquistador;180;180
512;El Conquistador;180;180
513;El Conquistador;180;180
514;El Conquistador;180;180
515;El Conquistador;179;180
516;El Conquistador;180;180
517;El Conquistador;180;180
518;El Conquistador;180;180
519;El Conquistador;180;180
520;El Conquistador;180;180
521;El Conquistador;180;180
522;El Conquistador;180;180
523;El Conquistador;180;180
524;El Conquistador;180;180
525;El Conquistador;180;180
526;El Conquistador;180;180
527;El Conquistador;180;180
528;El Conquistador;180;180
529;El Conquistador;180;180
530;El Conquistador;180;180
531;El Conquistador;180;180
532;El Conquistador;180;180
533;El Conquistador;180;180
534;El Conquistador;180;180
535;El Conquistador;180;180
536;El Conquistador;180;180
537;El Conquistador;180;180
538;El Conquistador;180;180
539;El Conquistador;180;180
540;El Conquistador;180;180
541;El Conquistador;180;180
542;El Conquistador;180;180
543;El Conquistador;180;180
544;El Conquistador;180;180
545;El Conquistador;180;180
546;El Conquistador;180;180
547;El Conquistador;180;180
548;El Conquistador;180;180
549;El Conquistador;180;180
550;El Conquistador;180;180
551;El Conquistador;180;180
552;El Conquistador;180;180
553;El Conquistador;180;180
554;El Conquistador;180;180
555;El Conquistador;180;180
556;El Conquistador;179;180
557;El Conquistador;180;180
558;El Conquistador;180;180
559;El Conquistador;180;180
560;El Conquistador;180;180
561;El Conquistador;180;180
562;El Conquistador;180;180
563;El Conquistador;180;180
564;El Conquistador;180;180
565;El Conquistador;180;180
566;El Conquistador;180;180
567;El Conquistador;180;180
568;El Conquistador;180;180
569;El Conquistador;180;180
570;El Conquistador;180;180
571;El Conquistador;180;180
572;El Conquistador;180;180
573;El Conquistador;180;180
574;El Conquistador;180;180
575;El Conquistador;180;180
576;El Conquistador;180;180
577;El Conquistador;180;180
578;El Conquistador;180;180
579;El Conquistador;180;180
580;El Conquistador;180;180
581;El Conquistador;180;180
582;El Conquistador;180;180
583;El Conquistador;180;180
584;El Conquistador;180;180
585;El Conquistador;180;180
586;El Conquistador;180;180
587;El Conquistador;180;180
588;El Conquistador;180;180
589;El Conquistador;180;180
590;El Conquistador;180;180
591;El Conquistador;179;180
592;El Conquistador;180;180
593;El Conquistador;180;180
594;El Conquistador;180;180
595;El Conquistador;180;180
596;El Conquistador;180;180
597;El Conquistador;180;180
598;El Conquistador;180;180
599;El Conquistador;180;180
600;El Conquistador;180;180
601;El Conquistador;180;180
602;El Conquistador;180;180
603;El Conquistador;180;180
604;El Conquistador;180;180
605;El Conquistador;180;180
606;El Conquistador;180;180
607;El Conquistador;180;180
608;El Conquistador;180;180
609;El Conquistador;180;180
610;El Conquistador;180;180
611;El Conquistador;180;180
612;El Conquistador;180;180
613;El Conquistador;180;180
614;El Conquistador;180;180
615;El Conquistador;180;180
616;El Conquistador;180;180
617;El Conquistador;180;180
618;El Conquistador;180;180
619;El Conquistador;180;180
620;El Conquistador;180;180
621;El Conquistador;180;180
622;El Conquistador;180;180
623;El Conquistador;180;180
624;El Conquistador;180;180
625;El Conquistador;180;180
626;El Conquistador;180;180
627;El Conquistador;180;180
628;El Conquistador;180;180
629;El Conquistador;180;180
630;El Conquistador;180;180
631;El Conquistador;180;180
632;El Conquistador;180;180
633;El Conquistador;180;180
634;El Conquistador;180;180
635;El Conquistador;180;180
636;El Conquistador;179;180
637;El Conquistador;179;180
638;El Conquistador;180;180
639;El Conquistador;180;180
640;El Conquistador;180;180
641;El Conquistador;180;180
642;El Conquistador;180;180
643;El Conquistador;180;180
644;El Conquistador;180;180
645;El Conquistador;177;180
646;El Conquistador;180;180
647;El Conquistador;180;180
648;El Conquistador;180;180
649;El Conquistador;180;180
650;El Conquistador;180;180
651;El Conquistador;180;180
652;El Conquistador;180;180
653;El Conquistador;180;180
654;El Conquistador;180;180
655;El Conquistador;180;180
656;El Conquistador;180;180
657;El Conquistador;180;180
658;El Conquistador;180;180
659;El Conquistador;180;180
660;El Conquistador;180;180
661;El Conquistador;180;180
662;El Conquistador;180;180
663;El Conquistador;180;180
664;El Conquistador;180;180
665;El Conquistador;180;180
666;El Conquistador;180;180
667;El Conquistador;180;180
668;El Conquistador;180;180
669;El Conquistador;180;180
670;El Conquistador;180;180
671;El Conquistador;180;180
672;El Conquistador;180;180
673;El Conquistador;180;180
674;El Conquistador;180;180
675;El Conquistador;178;180
676;El Conquistador;180;180
677;El Conquistador;180;180
678;El Conquistador;180;180
679;El Conquistador;180;180
680;El Conquistador;180;180
681;El Conquistador;180;180
682;El Conquistador;180;180
683;El Conquistador;180;180
684;El Conquistador;180;180
685;El Conquistador;180;180
686;El Conquistador;180;180
687;El Conquistador;180;180
688;El Conquistador;180;180
689;El Conquistador;180;180
690;El Conquistador;180;180
691;El Conquistador;180;180
692;El Conquistador;180;180
693;El Conquistador;180;180
694;El Conquistador;180;180
695;El Conquistador;180;180
696;El Conquistador;180;180
697;El Conquistador;180;180
698;El Conquistador;180;180
699;El Conquistador;180;180
700;El Conquistador;180;180
701;El Conquistador;180;180
702;El Conquistador;180;180
703;El Conquistador;180;180
704;El Conquistador;180;180
705;El Conquistador;180;180
706;El Conquistador;180;180
707;El Conquistador;180;180
708;El Conquistador;180;180
709;El Conquistador;180;180
710;El Conquistador;180;180
711;El Conquistador;180;180
712;El Conquistador;180;180
713;El Conquistador;180;180
714;El Conquistador;180;180
715;El Conquistador;180;180
716;El Conquistador;180;180
717;El Conquistador;180;180
718;El Conquistador;180;180
719;El Conquistador;180;180
720;El Conquistador;180;180
721;El Conquistador;180;180
722;El Conquistador;180;180
723;El Conquistador;180;180
724;El Conquistador;180;180
725;El Conquistador;180;180
726;El Conquistador;180;180
727;El Conquistador;180;180
728;El Conquistador;180;180
729;El Conquistador;180;180
730;El Conquistador;180;180
731;El Conquistador;180;180
732;El Conquistador;180;180
733;El Conquistador;180;180
734;El Conquistador;180;180
735;El Conquistador;180;180
736;El Conquistador;180;180
737;El Conquistador;180;180
738;El Conquistador;180;180
739;El Conquistador;180;180
740;El Conquistador;180;180
741;El Conquistador;180;180
742;El Conquistador;180;180
743;El Conquistador;180;180
744;El Conquistador;180;180
745;El Conquistador;180;180
746;El Conquistador;180;180
747;El Conquistador;180;180
748;El Conquistador;180;180
749;El Conquistador;180;180
750;El Conquistador;180;180
751;El Conquistador;180;180
752;El Conquistador;180;180
753;El Conquistador;180;180
754;El Conquistador;180;180
755;El Conquistador;180;180
756;El Conquistador;180;180
757;El Conquistador;180;180
758;El Conquistador;180;180
759;El Conquistador;180;180
760;El Conquistador;180;180
761;El Conquistador;180;180
762;El Conquistador;180;180
763;El Conquistador;180;180
764;El Conquistador;180;180
765;El Conquistador;180;180
766;El Conquistador;180;180
767;El Conquistador;180;180
768;El Conquistador;180;180
769;El Conquistador;180;180
770;El Conquistador;180;180
771;El Conquistador;180;180
772;El Conquistador;180;180
773;El Conquistador;180;180
774;El Conquistador;180;180
775;El Conquistador;180;180
776;El Conquistador;180;180
777;El Conquistador;180;180
778;El Conquistador;180;180
779;El Conquistador;180;180
780;El Conquistador;180;180
781;El Conquistador;180;180
782;El Conquistador;180;180
783;El Conquistador;180;180
784;El Conquistador;180;180
785;El Conquistador;180;180
786;El Conquistador;179;180
787;El Conquistador;180;180
788;El Conquistador;180;180
789;El Conquistador;180;180
790;El Conquistador;180;180
791;El Conquistador;180;180
792;El Conquistador;180;180
793;El Conquistador;180;180
794;El Conquistador;180;180
795;El Conquistador;180;180
796;El Conquistador;180;180
797;El Conquistador;180;180
798;El Conquistador;180;180
799;El Conquistador;180;180
800;El Conquistador;180;180
801;El Conquistador;180;180
802;El Conquistador;180;180
803;El Conquistador;180;180
804;El Conquistador;180;180
805;El Conquistador;180;180
806;El Conquistador;180;180
807;El Conquistador;180;180
808;El Conquistador;180;180
809;El Conquistador;180;180
810;El Conquistador;180;180
811;El Conquistador;180;180
812;El Conquistador;180;180
813;El Conquistador;179;180
814;El Conquistador;180;180
815;El Conquistador;180;180
816;El Conquistador;180;180
817;El Conquistador;180;180
818;El Conquistador;180;180
819;El Conquistador;180;180
820;El Conquistador;180;180
821;El Conquistador;180;180
822;El Conquistador;180;180
823;El Conquistador;180;180
824;El Conquistador;180;180
825;El Conquistador;180;180
826;El Conquistador;180;180
827;El Conquistador;180;180
828;El Conquistador;180;180
829;El Conquistador;180;180
830;El Conquistador;180;180
831;El Conquistador;180;180
832;El Conquistador;180;180
833;El Conquistador;180;180
834;El Conquistador;180;180
835;El Conquistador;179;180
836;El Conquistador;180;180
837;El Conquistador;180;180
838;El Conquistador;180;180
839;El Conquistador;180;180
840;El Conquistador;180;180
841;El Conquistador;180;180
842;El Conquistador;180;180
843;El Conquistador;180;180
844;El Conquistador;180;180
845;El Conquistador;180;180
846;El Conquistador;180;180
847;El Conquistador;180;180
848;El Conquistador;180;180
849;El Conquistador;180;180
850;El Conquistador;179;180
851;El Conquistador;177;180
852;El Conquistador;172;180
853;El Conquistador;168;180
854;El Conquistador;167;180
855;El Conquistador;163;180
856;El Conquistador;159;180
857;El Conquistador;158;180
858;El Conquistador;155;180
859;El Conquistador;151;180
860;El Conquistador;148;180
861;El Conquistador;146;180
862;El Conquistador;144;180
863;El Conquistador;139;180
864;El Conquistador;132;180
865;El Conquistador;127;180
866;El Conquistador;122;180
867;El Conquistador;121;180
868;El Conquistador;119;180
869;El Conquistador;117;180
870;El Conquistador;116;180
871;El Conquistador;112;180
872;El Conquistador;109;180
873;El Conquistador;105;180
874;El Conquistador;99;180
875;El Conquistador;99;180
876;El Conquistador;97;180
877;El Conquistador;96;180
878;El Conquistador;95;180
879;El Conquistador;90;180
880;El Conquistador;85;180
881;El Conquistador;84;180
882;El Conquistador;77;180
883;El Conquistador;75;180
884;El Conquistador;73;180
885;El Conquistador;68;180
886;El Conquistador;66;180
887;El Conquistador;63;180
888;El Conquistador;63;180
889;El Conquistador;58;180
890;El Conquistador;58;180
891;El Conquistador;57;180
892;El Conquistador;57;180
893;El Conquistador;56;180
894;El Conquistador;52;180
895;El Conquistador;51;180
896;El Conquistador;50;180
897;El Conquistador;49;180
898;El Conquistador;49;180
899;El Conquistador;49;180
900;El Conquistador;48;180
901;El Conquistador;47;180
902;El Conquistador;48;180
903;El Conquistador;47;180
904;El Conquistador;47;180
905;El Conquistador;46;180
906;El Conquistador;43;180
907;El Conquistador;39;180
908;El Conquistador;38;180
909;El Conquistador;37;180
910;El Conquistador;37;180
911;El Conquistador;35;180
912;El Conquistador;33;180
913;El Conquistador;33;180
914;El Conquistador;32;180
915;El Conquistador;31;180
916;El Conquistador;30;180
917;El Conquistador;29;180
918;El Conquistador;28;180
919;El Conquistador;26;180
920;El Conquistador;26;180
921;El Conquistador;25;180
922;El Conquistador;25;180
923;El Conquistador;26;180
924;El Conquistador;25;180
925;El Conquistador;25;180
926;El Conquistador;25;180
927;El Conquistador;23;180
928;El Conquistador;21;180
929;El Conquistador;21;180
930;El Conquistador;21;180
931;El Conquistador;22;180
932;El Conquistador;21;180
933;El Conquistador;20;180
934;El Conquistador;19;180
935;El Conquistador;19;180
936;El Conquistador;18;180
937;El Conquistador;17;180
938;El Conquistador;17;180
939;El Conquistador;17;180
940;El Conquistador;17;180
941;El Conquistador;17;180
942;El Conquistador;17;180
943;El Conquistador;16;180
944;El Conquistador;17;180
945;El Conquistador;17;180
946;El Conquistador;18;180
947;El Conquistador;19;180
948;El Conquistador;19;180
949;El Conquistador;19;180
950;El Conquistador;19;180
951;El Conquistador;19;180
952;El Conquistador;18;180
953;El Conquistador;18;180
954;El Conquistador;18;180
955;El Conquistador;18;180
956;El Conquistador;18;180
957;El Conquistador;18;180
958;El Conquistador;18;180
959;El Conquistador;20;180
960;El Conquistador;20;180
961;El Conquistador;20;180
962;El Conquistador;18;180
963;El Conquistador;18;180
964;El Conquistador;18;180
965;El Conquistador;18;180
966;El Conquistador;18;180
967;El Conquistador;18;180
968;El Conquistador;19;180
969;El Conquistador;19;180
970;El Conquistador;19;180
971;El Conquistador;19;180
972;El Conquistador;19;180
973;El Conquistador;19;180
974;El Conquistador;18;180
975;El Conquistador;19;180
976;El Conquistador;19;180
977;El Conquistador;19;180
978;El Conquistador;19;180
979;El Conquistador;19;180
980;El Conquistador;19;180
981;El Conquistador;20;180
982;El Conquistador;20;180
983;El Conquistador;20;180
984;El Conquistador;20;180
985;El Conquistador;20;180
986;El Conquistador;20;180
987;El Conquistador;19;180
988;El Conquistador;18;180
989;El Conquistador;18;180
990;El Conquistador;18;180
991;El Conquistador;18;180
992;El Conquistador;18;180
993;El Conquistador;18;180
994;El Conquistador;18;180
995;El Conquistador;17;180
996;El Conquistador;17;180
997;El Conquistador;17;180
998;El Conquistador;19;180
999;El Conquistador;19;180
1000;El Conquistador;19;180
1001;El Conquistador;18;180
1002;El Conquistador;17;180
1003;El Conquistador;17;180
1004;El Conquistador;17;180
1005;El Conquistador;17;180
1006;El Conquistador;16;180
1007;El Conquistador;16;180
1008;El Conquistador;16;180
1009;El Conquistador;16;180
1010;El Conquistador;16;180
1011;El Conquistador;16;180
1012;El Conquistador;16;180
1013;El Conquistador;16;180
1014;El Conquistador;17;180
1015;El Conquistador;17;180
1016;El Conquistador;17;180
1017;El Conquistador;17;180
1018;El Conquistador;18;180
1019;El Conquistador;18;180
1020;El Conquistador;17;180
1021;El Conquistador;17;180
1022;El Conquistador;18;180
1023;El Conquistador;17;180
1024;El Conquistador;17;180
1025;El Conquistador;17;180
1026;El Conquistador;17;180
1027;El Conquistador;17;180
1028;El Conquistador;18;180
1029;El Conquistador;19;180
1030;El Conquistador;17;180
1031;El Conquistador;16;180
1032;El Conquistador;17;180
1033;El Conquistador;17;180
1034;El Conquistador;18;180
1035;El Conquistador;20;180
1036;El Conquistador;20;180
1037;El Conquistador;20;180
1038;El Conquistador;20;180
1039;El Conquistador;20;180
1040;El Conquistador;20;180
1041;El Conquistador;21;180
1042;El Conquistador;21;180
1043;El Conquistador;21;180
1044;El Conquistador;20;180
1045;El Conquistador;20;180
1046;El Conquistador;20;180
1047;El Conquistador;21;180
1048;El Conquistador;21;180
1049;El Conquistador;21;180
1050;El Conquistador;21;180
1051;El Conquistador;20;180
1052;El Conquistador;21;180
1053;El Conquistador;21;180
1054;El Conquistador;21;180
1055;El Conquistador;21;180
1056;El Conquistador;21;180
1057;El Conquistador;22;180
1058;El Conquistador;22;180
1059;El Conquistador;21;180
1060;El Conquistador;20;180
1061;El Conquistador;20;180
1062;El Conquistador;23;180
1063;El Conquistador;24;180
1064;El Conquistador;25;180
1065;El Conquistador;25;180
1066;El Conquistador;25;180
1067;El Conquistador;28;180
1068;El Conquistador;30;180
1069;El Conquistador;29;180
1070;El Conquistador;29;180
1071;El Conquistador;30;180
1072;El Conquistador;31;180
1073;El Conquistador;32;180
1074;El Conquistador;34;180
1075;El Conquistador;34;180
1076;El Conquistador;34;180
1077;El Conquistador;33;180
1078;El Conquistador;33;180
1079;El Conquistador;34;180
1080;El Conquistador;34;180
1081;El Conquistador;34;180
1082;El Conquistador;34;180
1083;El Conquistador;34;180
1084;El Conquistador;33;180
1085;El Conquistador;35;180
1086;El Conquistador;38;180
1087;El Conquistador;38;180
1088;El Conquistador;38;180
1089;El Conquistador;39;180
1090;El Conquistador;39;180
1091;El Conquistador;40;180
1092;El Conquistador;40;180
1093;El Conquistador;41;180
1094;El Conquistador;43;180
1095;El Conquistador;44;180
1096;El Conquistador;45;180
1097;El Conquistador;45;180
1098;El Conquistador;45;180
1099;El Conquistador;45;180
1100;El Conquistador;45;180
1101;El Conquistador;44;180
1102;El Conquistador;47;180
1103;El Conquistador;48;180
1104;El Conquistador;48;180
1105;El Conquistador;48;180
1106;El Conquistador;47;180
1107;El Conquistador;47;180
1108;El Conquistador;48;180
1109;El Conquistador;48;180
1110;El Conquistador;48;180
1111;El Conquistador;48;180
1112;El Conquistador;51;180
1113;El Conquistador;53;180
1114;El Conquistador;53;180
1115;El Conquistador;52;180
1116;El Conquistador;53;180
1117;El Conquistador;53;180
1118;El Conquistador;54;180
1119;El Conquistador;55;180
1120;El Conquistador;54;180
1121;El Conquistador;54;180
1122;El Conquistador;55;180
1123;El Conquistador;54;180
1124;El Conquistador;56;180
1125;El Conquistador;57;180
1126;El Conquistador;60;180
1127;El Conquistador;61;180
1128;El Conquistador;62;180
1129;El Conquistador;62;180
1130;El Conquistador;64;180
1131;El Conquistador;67;180
1132;El Conquistador;67;180
1133;El Conquistador;69;180
1134;El Conquistador;71;180
1135;El Conquistador;71;180
1136;El Conquistador;70;180
1137;El Conquistador;73;180
1138;El Conquistador;75;180
1139;El Conquistador;76;180
1140;El Conquistador;79;180
1141;El Conquistador;79;180
1142;El Conquistador;81;180
1143;El Conquistador;84;180
1144;El Conquistador;83;180
1145;El Conquistador;84;180
1146;El Conquistador;88;180
1147;El Conquistador;91;180
1148;El Conquistador;92;180
1149;El Conquistador;94;180
1150;El Conquistador;94;180
1151;El Conquistador;95;180
1152;El Conquistador;99;180
1153;El Conquistador;100;180
1154;El Conquistador;102;180
1155;El Conquistador;105;180
1156;El Conquistador;110;180
1157;El Conquistador;111;180
1158;El Conquistador;110;180
1159;El Conquistador;111;180
1160;El Conquistador;111;180
1161;El Conquistador;111;180
1162;El Conquistador;112;180
1163;El Conquistador;115;180
1164;El Conquistador;121;180
1165;El Conquistador;121;180
1166;El Conquistador;123;180
1167;El Conquistador;126;180
1168;El Conquistador;130;180
1169;El Conquistador;132;180
1170;El Conquistador;137;180
1171;El Conquistador;142;180
1172;El Conquistador;142;180
1173;El Conquistador;146;180
1174;El Conquistador;146;180
1175;El Conquistador;148;180
1176;El Conquistador;149;180
1177;El Conquistador;150;180
1178;El Conquistador;155;180
1179;El Conquistador;158;180
1180;El Conquistador;162;180
1181;El Conquistador;165;180
1182;El Conquistador;173;180
1183;El Conquistador;175;180
1184;El Conquistador;177;180
1185;El Conquistador;180;180
1186;El Conquistador;180;180
1187;El Conquistador;180;180
1188;El Conquistador;180;180
1189;El Conquistador;180;180
1190;El Conquistador;180;180
1191;El Conquistador;180;180
1192;El Conquistador;180;180
1193;El Conquistador;180;180
1194;El Conquistador;180;180
1195;El Conquistador;180;180
1196;El Conquistador;180;180
1197;El Conquistador;180;180
1198;El Conquistador;180;180
1199;El Conquistador;180;180
1200;El Conquistador;180;180
1201;El Conquistador;180;180
1202;El Conquistador;180;180
1203;El Conquistador;180;180
1204;El Conquistador;180;180
1205;El Conquistador;180;180
1206;El Conquistador;180;180
1207;El Conquistador;180;180
1208;El Conquistador;180;180
1209;El Conquistador;180;180
1210;El Conquistador;180;180
1211;El Conquistador;180;180
1212;El Conquistador;180;180
1213;El Conquistador;180;180
1214;El Conquistador;180;180
1215;El Conquistador;180;180
1216;El Conquistador;180;180
1217;El Conquistador;180;180
1218;El Conquistador;180;180
1219;El Conquistador;180;180
1220;El Conquistador;180;180
1221;El Conquistador;180;180
1222;El Conquistador;180;180
1223;El Conquistador;180;180
1224;El Conquistador;180;180
1225;El Conquistador;180;180
1226;El Conquistador;180;180
1227;El Conquistador;180;180
1228;El Conquistador;180;180
1229;El Conquistador;180;180
1230;El Conquistador;180;180
1231;El Conquistador;180;180
1232;El Conquistador;180;180
1233;El Conquistador;180;180
1234;El Conquistador;180;180
1235;El Conquistador;180;180
1236;El Conquistador;180;180
1237;El Conquistador;180;180
1238;El Conquistador;180;180
1239;El Conquistador;180;180
1240;El Conquistador;180;180
1241;El Conquistador;180;180
1242;El Conquistador;180;180
1243;El Conquistador;180;180
1244;El Conquistador;180;180
1245;El Conquistador;180;180
1246;El Conquistador;180;180
1247;El Conquistador;180;180
1248;El Conquistador;180;180
1249;El Conquistador;180;180
1250;El Conquistador;180;180
1251;El Conquistador;180;180
1252;El Conquistador;180;180
1253;El Conquistador;180;180
1254;El Conquistador;180;180
1255;El Conquistador;180;180
1256;El Conquistador;180;180
1257;El Conquistador;180;180
1258;El Conquistador;180;180
1259;El Conquistador;180;180
1260;El Conquistador;180;180
1261;El Conquistador;180;180
1262;El Conquistador;180;180
1263;El Conquistador;180;180
1264;El Conquistador;180;180
1265;El Conquistador;180;180
1266;El Conquistador;180;180
1267;El Conquistador;180;180
1268;El Conquistador;180;180
1269;El Conquistador;180;180
1270;El Conquistador;180;180
1271;El Conquistador;180;180
1272;El Conquistador;180;180
1273;El Conquistador;180;180
1274;El Conquistador;180;180
1275;El Conquistador;180;180
1276;El Conquistador;180;180
1277;El Conquistador;180;180
1278;El Conquistador;180;180
1279;El Conquistador;180;180
1280;El Conquistador;180;180
1281;El Conquistador;180;180
1282;El Conquistador;180;180
1283;El Conquistador;180;180
1284;El Conquistador;180;180
1285;El Conquistador;180;180
1286;El Conquistador;180;180
1287;El Conquistador;180;180
1288;El Conquistador;180;180
1289;El Conquistador;180;180
1290;El Conquistador;180;180
1291;El Conquistador;180;180
1292;El Conquistador;180;180
1293;El Conquistador;180;180
1294;El Conquistador;180;180
1295;El Conquistador;180;180
1296;El Conquistador;180;180
1297;El Conquistador;180;180
1298;El Conquistador;180;180
1299;El Conquistador;180;180
1300;El Conquistador;180;180
1301;El Conquistador;180;180
1302;El Conquistador;180;180
1303;El Conquistador;180;180
1304;El Conquistador;180;180
1305;El Conquistador;180;180
1306;El Conquistador;180;180
1307;El Conquistador;180;180
1308;El Conquistador;180;180
1309;El Conquistador;180;180
1310;El Conquistador;180;180
1311;El Conquistador;180;180
1312;El Conquistador;180;180
1313;El Conquistador;180;180
1314;El Conquistador;180;180
1315;El Conquistador;180;180
1316;El Conquistador;180;180
1317;El Conquistador;180;180
1318;El Conquistador;180;180
1319;El Conquistador;180;180
1320;El Conquistador;180;180
1321;El Conquistador;180;180
1322;El Conquistador;180;180
1323;El Conquistador;180;180
1324;El Conquistador;180;180
1325;El Conquistador;180;180
1326;El Conquistador;180;180
1327;El Conquistador;180;180
1328;El Conquistador;180;180
1329;El Conquistador;180;180
1330;El Conquistador;180;180
1331;El Conquistador;180;180
1332;El Conquistador;180;180
1333;El Conquistador;180;180
1334;El Conquistador;180;180
1335;El Conquistador;180;180
1336;El Conquistador;180;180
1337;El Conquistador;180;180
1338;El Conquistador;180;180
1339;El Conquistador;180;180
1340;El Conquistador;180;180
1341;El Conquistador;180;180
1342;El Conquistador;180;180
1343;El Conquistador;180;180
1344;El Conquistador;180;180
1345;El Conquistador;180;180
1346;El Conquistador;180;180
1347;El Conquistador;180;180
1348;El Conquistador;180;180
1349;El Conquistador;180;180
1350;El Conquistador;180;180
1351;El Conquistador;180;180
1352;El Conquistador;180;180
1353;El Conquistador;180;180
1354;El Conquistador;180;180
1355;El Conquistador;180;180
1356;El Conquistador;180;180
1357;El Conquistador;180;180
1358;El Conquistador;180;180
1359;El Conquistador;180;180
1360;El Conquistador;180;180
1361;El Conquistador;180;180
1362;El Conquistador;180;180
1363;El Conquistador;180;180
1364;El Conquistador;180;180
1365;El Conquistador;180;180
1366;El Conquistador;180;180
1367;El Conquistador;180;180
1368;El Conquistador;180;180
1369;El Conquistador;180;180
1370;El Conquistador;180;180
1371;El Conquistador;180;180
1372;El Conquistador;180;180
1373;El Conquistador;180;180
1374;El Conquistador;180;180
1375;El Conquistador;180;180
1376;El Conquistador;180;180
1377;El Conquistador;180;180
1378;El Conquistador;180;180
1379;El Conquistador;180;180
1380;El Conquistador;180;180
1381;El Conquistador;180;180
1382;El Conquistador;180;180
1383;El Conquistador;180;180
1384;El Conquistador;180;180
1385;El Conquistador;180;180
1386;El Conquistador;180;180
1387;El Conquistador;180;180
1388;El Conquistador;180;180
1389;El Conquistador;180;180
1390;El Conquistador;180;180
1391;El Conquistador;180;180
1392;El Conquistador;180;180
1393;El Conquistador;180;180
1394;El Conquistador;180;180
1395;El Conquistador;180;180
1396;El Conquistador;180;180
1397;El Conquistador;180;180
1398;El Conquistador;180;180
1399;El Conquistador;180;180
1400;El Conquistador;180;180
1401;El Conquistador;180;180
1402;El Conquistador;180;180
1403;El Conquistador;180;180
1404;El Conquistador;180;180
1405;El Conquistador;180;180
1406;El Conquistador;180;180
1407;El Conquistador;180;180
1408;El Conquistador;180;180
1409;El Conquistador;180;180
1410;El Conquistador;180;180
1411;El Conquistador;180;180
1412;El Conquistador;180;180
1413;El Conquistador;180;180
1414;El Conquistador;180;180
1415;El Conquistador;180;180
1416;El Conquistador;180;180
1417;El Conquistador;180;180
1418;El Conquistador;180;180
1419;El Conquistador;180;180
1420;El Conquistador;180;180
1421;El Conquistador;180;180
1422;El Conquistador;180;180
1423;El Conquistador;180;180
1424;El Conquistador;180;180
1425;El Conquistador;180;180
1426;El Conquistador;180;180
1427;El Conquistador;180;180
1428;El Conquistador;180;180
1429;El Conquistador;180;180
1430;El Conquistador;180;180
1431;El Conquistador;180;180
1432;El Conquistador;180;180
1433;El Conquistador;180;180
1434;El Conquistador;180;180
1435;El Conquistador;180;180
1436;El Conquistador;180;180
1437;El Conquistador;180;180
1438;El Conquistador;180;180
1439;El Conquistador;180;180
0;La Reina;100;100
1;La Reina;100;100
2;La Reina;100;100
3;La Reina;100;100
4;La Reina;100;100
5;La Reina;100;100
6;La Reina;100;100
7;La Reina;100;100
8;La Reina;100;100
9;La Reina;100;100
10;La Reina;100;100
11;La Reina;100;100
12;La Reina;100;100
13;La Reina;100;100
14;La Reina;100;100
15;La Reina;100;100
16;La Reina;100;100
17;La Reina;100;100
18;La Reina;100;100
19;La Reina;100;100
20;La Reina;100;100
21;La Reina;100;100
22;La Reina;100;100
23;La Reina;100;100
24;La Reina;100;100
25;La Reina;100;100
26;La Reina;100;100
27;La Reina;100;100
28;La Reina;100;100
29;La Reina;100;100
30;La Reina;100;100
31;La Reina;100;100
32;La Reina;100;100
33;La Reina;100;100
34;La Reina;100;100
35;La Reina;100;100
36;La Reina;100;100
37;La Reina;100;100
38;La Reina;100;100
39;La Reina;100;100
40;La Reina;100;100
41;La Reina;100;100
42;La Reina;100;100
43;La Reina;100;100
44;La Reina;100;100
45;La Reina;100;100
46;La Reina;100;100
47;La Reina;100;100
48;La Reina;100;100
49;La Reina;100;100
50;La Reina;100;100
51;La Reina;100;100
52;La Reina;100;100
53;La Reina;100;100
54;La Reina;100;100
55;La Reina;100;100
56;La Reina;100;100
57;La Reina;100;100
58;La Reina;100;100
59;La Reina;100;100
60;La Reina;100;100
61;La Reina;100;100
62;La Reina;100;100
63;La Reina;100;100
64;La Reina;100;100
65;La Reina;100;100
66;La Reina;100;100
67;La Reina;100;100
68;La Reina;100;100
69;La Reina;100;100
70;La Reina;100;100
71;La Reina;100;100
72;La Reina;100;100
73;La Reina;100;100
74;La Reina;100;100
75;La Reina;100;100
76;La Reina;100;100
77;La Reina;100;100
78;La Reina;100;100
79;La Reina;100;100
80;La Reina;100;100
81;La Reina;100;100
82;La Reina;100;100
83;La Reina;100;100
84;La Reina;100;100
85;La Reina;100;100
86;La Reina;100;100
87;La Reina;100;100
88;La Reina;100;100
89;La Reina;100;100
90;La Reina;100;100
91;La Reina;100;100
92;La Reina;100;100
93;La Reina;100;100
94;La Reina;100;100
95;La Reina;100;100
96;La Reina;100;100
97;La Reina;100;100
98;La Reina;100;100
99;La Reina;100;100
100;La Reina;100;100
101;La Reina;100;100
102;La Reina;100;100
103;La Reina;100;100
104;La Reina;100;100
105;La Reina;100;100
106;La Reina;100;100
107;La Reina;100;100
108;La Reina;100;100
109;La Reina;100;100
110;La Reina;100;100
111;La Reina;100;100
112;La Reina;100;100
113;La Reina;100;100
114;La Reina;100;100
115;La Reina;100;100
116;La Reina;100;100
117;La Reina;100;100
118;La Reina;100;100
119;La Reina;100;100
120;La Reina;100;100
121;La Reina;100;100
122;La Reina;100;100
123;La Reina;100;100
124;La Reina;100;100
125;La Reina;100;100
126;La Reina;100;100
127;La Reina;100;100
128;La Reina;100;100
129;La Reina;100;100
130;La Reina;100;100
131;La Reina;100;100
132;La Reina;100;100
133;La Reina;100;100
134;La Reina;100;100
135;La Reina;100;100
136;La Reina;100;100
137;La Reina;100;100
138;La Reina;100;100
139;La Reina;100;100
140;La Reina;100;100
141;La Reina;100;100
142;La Reina;100;100
143;La Reina;100;100
144;La Reina;100;100
145;La Reina;100;100
146;La Reina;100;100
147;La Reina;100;100
148;La Reina;100;100
149;La Reina;100;100
150;La Reina;100;100
151;La Reina;100;100
152;La Reina;100;100
153;La Reina;100;100
154;La Reina;100;100
155;La Reina;100;100
156;La Reina;100;100
157;La Reina;100;100
158;La Reina;100;100
159;La Reina;100;100
160;La Reina;100;100
161;La Reina;100;100
162;La Reina;100;100
163;La Reina;100;100
164;La Reina;100;100
165;La Reina;100;100
166;La Reina;100;100
167;La Reina;100;100
168;La Reina;100;100
169;La Reina;100;100
170;La Reina;100;100
171;La Reina;100;100
172;La Reina;100;100
173;La Reina;100;100
174;La Reina;100;100
175;La Reina;100;100
176;La Reina;100;100
177;La Reina;100;100
178;La Reina;100;100
179;La Reina;100;100
180;La Reina;100;100
181;La Reina;100;100
182;La Reina;100;100
183;La Reina;100;100
184;La Reina;100;100
185;La Reina;100;100
186;La Reina;100;100
187;La Reina;100;100
188;La Reina;100;100
189;La Reina;100;100
190;La Reina;100;100
191;La Reina;100;100
192;La Reina;100;100
193;La Reina;100;100
194;La Reina;100;100
195;La Reina;100;100
196;La Reina;100;100
197;La Reina;100;100
198;La Reina;100;100
199;La Reina;100;100
200;La Reina;100;100
201;La Reina;100;100
202;La Reina;100;100
203;La Reina;100;100
204;La Reina;100;100
205;La Reina;100;100
206;La Reina;100;100
207;La Reina;100;100
208;La Reina;100;100
209;La Reina;100;100
210;La Reina;100;100
211;La Reina;100;100
212;La Reina;100;100
213;La Reina;100;100
214;La Reina;100;100
215;La Reina;100;100
216;La Reina;100;100
217;La Reina;100;100
218;La Reina;100;100
219;La Reina;100;100
220;La Reina;100;100
221;La Reina;100;100
222;La Reina;100;100
223;La Reina;100;100
224;La Reina;100;100
225;La Reina;100;100
226;La Reina;100;100
227;La Reina;100;100
228;La Reina;100;100
229;La Reina;100;100
230;La Reina;100;100
231;La Reina;100;100
232;La Reina;100;100
233;La Reina;100;100
234;La Reina;100;100
235;La Reina;100;100
236;La Reina;100;100
237;La Reina;100;100
238;La Reina;100;100
239;La Reina;100;100
240;La Reina;100;100
241;La Reina;100;100
242;La Reina;100;100
243;La Reina;100;100
244;La Reina;100;100
245;La Reina;100;100
246;La Reina;100;100
247;La Reina;100;100
248;La Reina;100;100
249;La Reina;100;100
250;La Reina;100;100
251;La Reina;100;100
252;La Reina;100;100
253;La Reina;100;100
254;La Reina;100;100
255;La Reina;100;100
256;La Reina;100;100
257;La Reina;100;100
258;La Reina;100;100
259;La Reina;100;100
260;La Reina;100;100
261;La Reina;100;100
262;La Reina;100;100
263;La Reina;100;100
264;La Reina;100;100
265;La Reina;100;100
266;La Reina;100;100
267;La Reina;100;100
268;La Reina;100;100
269;La Reina;100;100
270;La Reina;100;100
271;La Reina;100;100
272;La Reina;100;100
273;La Reina;100;100
274;La Reina;100;100
275;La Reina;100;100
276;La Reina;100;100
277;La Reina;100;100
278;La Reina;100;100
279;La Reina;100;100
280;La Reina;100;100
281;La Reina;100;100
282;La Reina;100;100
283;La Reina;100;100
284;La Reina;100;100
285;La Reina;100;100
286;La Reina;100;100
287;La Reina;100;100
288;La Reina;100;100
289;La Reina;100;100
290;La Reina;100;100
291;La Reina;100;100
292;La Reina;100;100
293;La Reina;100;100
294;La Reina;100;100
295;La Reina;100;100
296;La Reina;100;100
297;La Reina;100;100
298;La Reina;100;100
299;La Reina;100;100
300;La Reina;100;100
301;La Reina;100;100
302;La Reina;100;100
303;La Reina;100;100
304;La Reina;100;100
305;La Reina;100;100
306;La Reina;100;100
307;La Reina;100;100
308;La Reina;100;100
309;La Reina;100;100
310;La Reina;100;100
311;La Reina;100;100
312;La Reina;100;100
313;La Reina;100;100
314;La Reina;100;100
315;La Reina;100;100
316;La Reina;100;100
317;La Reina;100;100
318;La Reina;100;100
319;La Reina;100;100
320;La Reina;100;100
321;La Reina;100;100
322;La Reina;100;100
323;La Reina;100;100
324;La Reina;100;100
325;La Reina;100;100
326;La Reina;100;100
327;La Reina;100;100
328;La Reina;100;100
329;La Reina;100;100
330;La Reina;100;100
331;La Reina;100;100
332;La Reina;100;100
333;La Reina;100;100
334;La Reina;100;100
335;La Reina;100;100
336;La Reina;100;100
337;La Reina;100;100
338;La Reina;100;100
339;La Reina;100;100
340;La Reina;100;100
341;La Reina;100;100
342;La Reina;100;100
343;La Reina;100;100
344;La Reina;100;100
345;La Reina;100;100
346;La Reina;100;100
347;La Reina;100;100
348;La Reina;100;100
349;La Reina;100;100
350;La Reina;100;100
351;La Reina;100;100
352;La Reina;100;100
353;La Reina;100;100
354;La Reina;100;100
355;La Reina;100;100
356;La Reina;100;100
357;La Reina;100;100
358;La Reina;100;100
359;La Reina;100;100
360;La Reina;100;100
361;La Reina;100;100
362;La Reina;100;100
363;La Reina;100;100
364;La Reina;100;100
365;La Reina;100;100
366;La Reina;100;100
367;La Reina;100;100
368;La Reina;100;100
369;La Reina;100;100
370;La Reina;100;100
371;La Reina;100;100
372;La Reina;100;100
373;La Reina;100;100
374;La Reina;100;100
375;La Reina;100;100
376;La Reina;100;100
377;La Reina;100;100
378;La Reina;100;100
379;La Reina;100;100
380;La Reina;100;100
381;La Reina;100;100
382;La Reina;100;100
383;La Reina;100;100
384;La Reina;100;100
385;La Reina;100;100
386;La Reina;100;100
387;La Reina;100;100
388;La Reina;100;100
389;La Reina;100;100
390;La Reina;100;100
391;La Reina;100;100
392;La Reina;100;100
393;La Reina;100;100
394;La Reina;100;100
395;La Reina;100;100
396;La Reina;100;100
397;La Reina;100;100
398;La Reina;100;100
399;La Reina;100;100
400;La Reina;100;100
401;La Reina;100;100
402;La Reina;100;100
403;La Reina;100;100
404;La Reina;100;100
405;La Reina;100;100
406;La Reina;100;100
407;La Reina;100;100
408;La Reina;100;100
409;La Reina;100;100
410;La Reina;100;100
411;La Reina;100;100
412;La Reina;100;100
413;La Reina;100;100
414;La Reina;100;100
415;La Reina;100;100
416;La Reina;100;100
417;La Reina;100;100
418;La Reina;100;100
419;La Reina;100;100
420;La Reina;100;100
421;La Reina;100;100
422;La Reina;100;100
423;La Reina;100;100
424;La Reina;100;100
425;La Reina;100;100
426;La Reina;100;100
427;La Reina;100;100
428;La Reina;100;100
429;La Reina;100;100
430;La Reina;100;100
431;La Reina;100;100
432;La Reina;100;100
433;La Reina;100;100
434;La Reina;100;100
435;La Reina;100;100
436;La Reina;100;100
437;La Reina;100;100
438;La Reina;100;100
439;La Reina;100;100
440;La Reina;100;100
441;La Reina;100;100
442;La Reina;100;100
443;La Reina;100;100
444;La Reina;100;100
445;La Reina;100;100
446;La Reina;100;100
447;La Reina;100;100
448;La Reina;100;100
449;La Reina;100;100
450;La Reina;100;100
451;La Reina;100;100
452;La Reina;100;100
453;La Reina;100;100
454;La Reina;100;100
455;La Reina;100;100
456;La Reina;100;100
457;La Reina;100;100
458;La Reina;100;100
459;La Reina;100;100
460;La Reina;100;100
461;La Reina;100;100
462;La Reina;100;100
463;La Reina;100;100
464;La Reina;100;100
465;La Reina;100;100
466;La Reina;100;100
467;La Reina;100;100
468;La Reina;100;100
469;La Reina;100;100
470;La Reina;100;100
471;La Reina;100;100
472;La Reina;100;100
473;La Reina;100;100
474;La Reina;100;100
475;La Reina;100;100
476;La Reina;100;100
477;La Reina;100;100
478;La Reina;100;100
479;La Reina;100;100
480;La Reina;100;100
481;La Reina;100;100
482;La Reina;100;100
483;La Reina;100;100
484;La Reina;100;100
485;La Reina;100;100
486;La Reina;100;100
487;La Reina;100;100
488;La Reina;100;100
489;La Reina;100;100
490;La Reina;100;100
491;La Reina;100;100
492;La Reina;100;100
493;La Reina;100;100
494;La Reina;100;100
495;La Reina;100;100
496;La Reina;100;100
497;La Reina;100;100
498;La Reina;100;100
499;La Reina;99;100
500;La Reina;98;100
501;La Reina;100;100
502;La Reina;100;100
503;La Reina;100;100
504;La Reina;100;100
505;La Reina;100;100
506;La Reina;100;100
507;La Reina;100;100
508;La Reina;100;100
509;La Reina;100;100
510;La Reina;100;100
511;La Reina;100;100
512;La Reina;100;100
513;La Reina;100;100
514;La Reina;99;100
515;La Reina;100;100
516;La Reina;100;100
517;La Reina;100;100
518;La Reina;99;100
519;La Reina;99;100
520;La Reina;99;100
521;La Reina;100;100
522;La Reina;100;100
523;La Reina;100;100
524;La Reina;100;100
525;La Reina;98;100
526;La Reina;100;100
527;La Reina;100;100
528;La Reina;100;100
529;La Reina;99;100
530;La Reina;99;100
531;La Reina;100;100
532;La Reina;100;100
533;La Reina;100;100
534;La Reina;100;100
535;La Reina;100;100
536;La Reina;99;100
537;La Reina;100;100
538;La Reina;99;100
539;La Reina;100;100
540;La Reina;100;100
541;La Reina;100;100
542;La Reina;100;100
543;La Reina;100;100
544;La Reina;100;100
545;La Reina;100;100
546;La Reina;99;100
547;La Reina;99;100
548;La Reina;99;100
549;La Reina;100;100
550;La Reina;100;100
551;La Reina;100;100
552;La Reina;99;100
553;La Reina;100;100
554;La Reina;100;100
555;La Reina;100;100
556;La Reina;100;100
557;La Reina;100;100
558;La Reina;100;100
559;La Reina;100;100
560;La Reina;100;100
561;La Reina;100;100
562;La Reina;99;100
563;La Reina;100;100
564;La Reina;100;100
565;La Reina;99;100
566;La Reina;98;100
567;La Reina;100;100
568;La Reina;100;100
569;La Reina;100;100
570;La Reina;100;100
571;La Reina;100;100
572;La Reina;100;100
573;La Reina;99;100
574;La Reina;99;100
575;La Reina;99;100
576;La Reina;100;100
577;La Reina;100;100
578;La Reina;100;100
579;La Reina;100;100
580;La Reina;100;100
581;La Reina;100;100
582;La Reina;100;100
583;La Reina;100;100
584;La Reina;100;100
585;La Reina;99;100
586;La Reina;98;100
587;La Reina;97;100
588;La Reina;97;100
589;La Reina;100;100
590;La Reina;100;100
591;La Reina;100;100
592;La Reina;100;100
593;La Reina;100;100
594;La Reina;100;100
595;La Reina;100;100
596;La Reina;100;100
597;La Reina;100;100
598;La Reina;100;100
599;La Reina;100;100
600;La Reina;100;100
601;La Reina;100;100
602;La Reina;99;100
603;La Reina;100;100
604;La Reina;100;100
605;La Reina;100;100
606;La Reina;100;100
607;La Reina;100;100
608;La Reina;100;100
609;La Reina;100;100
610;La Reina;100;100
611;La Reina;100;100
612;La Reina;100;100
613;La Reina;100;100
614;La Reina;100;100
615;La Reina;100;100
616;La Reina;100;100
617;La Reina;100;100
618;La Reina;100;100
619;La Reina;100;100
620;La Reina;100;100
621;La Reina;100;100
622;La Reina;100;100
623;La Reina;100;100
624;La Reina;100;100
625;La Reina;100;100
626;La Reina;100;100
627;La Reina;100;100
628;La Reina;100;100
629;La Reina;100;100
630;La Reina;100;100
631;La Reina;100;100
632;La Reina;100;100
633;La Reina;100;100
634;La Reina;100;100
635;La Reina;100;100
636;La Reina;100;100
637;La Reina;100;100
638;La Reina;100;100
639;La Reina;100;100
640;La Reina;100;100
641;La Reina;100;100
642;La Reina;100;100
643;La Reina;100;100
644;La Reina;100;100
645;La Reina;100;100
646;La Reina;100;100
647;La Reina;100;100
648;La Reina;100;100
649;La Reina;100;100
650;La Reina;100;100
651;La Reina;100;100
652;La Reina;100;100
653;La Reina;100;100
654;La Reina;100;100
655;La Reina;100;100
656;La Reina;100;100
657;La Reina;100;100
658;La Reina;100;100
659;La Reina;100;100
660;La Reina;100;100
661;La Reina;100;100
662;La Reina;100;100
663;La Reina;100;100
664;La Reina;100;100
665;La Reina;100;100
666;La Reina;100;100
667;La Reina;100;100
668;La Reina;100;100
669;La Reina;100;100
670;La Reina;100;100
671;La Reina;100;100
672;La Reina;100;100
673;La Reina;100;100
674;La Reina;100;100
675;La Reina;100;100
676;La Reina;100;100
677;La Reina;100;100
678;La Reina;100;100
679;La Reina;100;100
680;La Reina;100;100
681;La Reina;100;100
682;La Reina;100;100
683;La Reina;100;100
684;La Reina;100;100
685;La Reina;100;100
686;La Reina;100;100
687;La Reina;100;100
688;La Reina;100;100
689;La Reina;100;100
690;La Reina;100;100
691;La Reina;100;100
692;La Reina;100;100
693;La Reina;100;100
694;La Reina;100;100
695;La Reina;100;100
696;La Reina;100;100
697;La Reina;100;100
698;La Reina;100;100
699;La Reina;100;100
700;La Reina;100;100
701;La Reina;100;100
702;La Reina;100;100
703;La Reina;100;100
704;La Reina;100;100
705;La Reina;100;100
706;La Reina;100;100
707;La Reina;100;100
708;La Reina;100;100
709;La Reina;100;100
710;La Reina;100;100
711;La Reina;100;100
712;La Reina;100;100
713;La Reina;100;100
714;La Reina;100;100
715;La Reina;100;100
716;La Reina;100;100
717;La Reina;100;100
718;La Reina;100;100
719;La Reina;100;100
720;La Reina;100;100
721;La Reina;100;100
722;La Reina;100;100
723;La Reina;100;100
724;La Reina;99;100
725;La Reina;99;100
726;La Reina;99;100
727;La Reina;100;100
728;La Reina;100;100
729;La Reina;100;100
730;La Reina;100;100
731;La Reina;100;100
732;La Reina;100;100
733;La Reina;100;100
734;La Reina;100;100
735;La Reina;100;100
736;La Reina;100;100
737;La Reina;100;100
738;La Reina;100;100
739;La Reina;100;100
740;La Reina;100;100
741;La Reina;100;100
742;La Reina;100;100
743;La Reina;100;100
744;La Reina;100;100
745;La Reina;100;100
746;La Reina;100;100
747;La Reina;100;100
748;La Reina;100;100
749;La Reina;100;100
750;La Reina;100;100
751;La Reina;100;100
752;La Reina;100;100
753;La Reina;100;100
754;La Reina;100;100
755;La Reina;100;100
756;La Reina;100;100
757;La Reina;100;100
758;La Reina;100;100
759;La Reina;100;100
760;La Reina;100;100
761;La Reina;100;100
762;La Reina;100;100
763;La Reina;100;100
764;La Reina;100;100
765;La Reina;100;100
766;La Reina;100;100
767;La Reina;100;100
768;La Reina;100;100
769;La Reina;100;100
770;La Reina;100;100
771;La Reina;100;100
772;La Reina;100;100
773;La Reina;100;100
774;La Reina;100;100
775;La Reina;100;100
776;La Reina;100;100
777;La Reina;100;100
778;La Reina;100;100
779;La Reina;100;100
780;La Reina;100;100
781;La Reina;100;100
782;La Reina;100;100
783;La Reina;100;100
784;La Reina;100;100
785;La Reina;100;100
786;La Reina;100;100
787;La Reina;97;100
788;La Reina;97;100
789;La Reina;93;100
790;La Reina;91;100
791;La Reina;89;100
792;La Reina;89;100
793;La Reina;90;100
794;La Reina;90;100
795;La Reina;87;100
796;La Reina;85;100
797;La Reina;82;100
798;La Reina;78;100
799;La Reina;77;100
800;La Reina;76;100
801;La Reina;73;100
802;La Reina;73;100
803;La Reina;67;100
804;La Reina;66;100
805;La Reina;65;100
806;La Reina;63;100
807;La Reina;60;100
808;La Reina;59;100
809;La Reina;59;100
810;La Reina;59;100
811;La Reina;57;100
812;La Reina;57;100
813;La Reina;57;100
814;La Reina;56;100
815;La Reina;53;100
816;La Reina;50;100
817;La Reina;49;100
818;La Reina;46;100
819;La Reina;45;100
820;La Reina;43;100
821;La Reina;41;100
822;La Reina;39;100
823;La Reina;39;100
824;La Reina;38;100
825;La Reina;37;100
826;La Reina;36;100
827;La Reina;35;100
828;La Reina;35;100
829;La Reina;32;100
830;La Reina;31;100
831;La Reina;30;100
832;La Reina;29;100
833;La Reina;27;100
834;La Reina;27;100
835;La Reina;25;100
836;La Reina;25;100
837;La Reina;24;100
838;La Reina;24;100
839;La Reina;23;100
840;La Reina;20;100
841;La Reina;20;100
842;La Reina;19;100
843;La Reina;19;100
844;La Reina;18;100
845;La Reina;18;100
846;La Reina;17;100
847;La Reina;16;100
848;La Reina;16;100
849;La Reina;13;100
850;La Reina;11;100
851;La Reina;11;100
852;La Reina;10;100
853;La Reina;9;100
854;La Reina;9;100
855;La Reina;9;100
856;La Reina;10;100
857;La Reina;9;100
858;La Reina;9;100
859;La Reina;9;100
860;La Reina;8;100
861;La Reina;8;100
862;La Reina;8;100
863;La Reina;8;100
864;La Reina;8;100
865;La Reina;8;100
866;La Reina;8;100
867;La Reina;8;100
868;La Reina;8;100
869;La Reina;9;100
870;La Reina;9;100
871;La Reina;9;100
872;La Reina;9;100
873;La Reina;9;100
874;La Reina;9;100
875;La Reina;9;100
876;La Reina;9;100
877;La Reina;9;100
878;La Reina;9;100
879;La Reina;9;100
880;La Reina;9;100
881;La Reina;10;100
882;La Reina;10;100
883;La Reina;10;100
884;La Reina;11;100
885;La Reina;11;100
886;La Reina;11;100
887;La Reina;11;100
888;La Reina;10;100
889;La Reina;10;100
890;La Reina;10;100
891;La Reina;11;100
892;La Reina;11;100
893;La Reina;11;100
894;La Reina;11;100
895;La Reina;11;100
896;La Reina;10;100
897;La Reina;10;100
898;La Reina;9;100
899;La Reina;9;100
900;La Reina;9;100
901;La Reina;9;100
902;La Reina;9;100
903;La Reina;9;100
904;La Reina;9;100
905;La Reina;9;100
906;La Reina;10;100
907;La Reina;10;100
908;La Reina;10;100
909;La Reina;10;100
910;La Reina;9;100
911;La Reina;9;100
912;La Reina;9;100
913;La Reina;9;100
914;La Reina;9;100
915;La Reina;10;100
916;La Reina;10;100
917;La Reina;11;100
918;La Reina;11;100
919;La Reina;11;100
920;La Reina;12;100
921;La Reina;12;100
922;La Reina;11;100
923;La Reina;9;100
924;La Reina;9;100
925;La Reina;11;100
926;La Reina;11;100
927;La Reina;11;100
928;La Reina;11;100
929;La Reina;11;100
930;La Reina;11;100
931;La Reina;12;100
932;La Reina;12;100
933;La Reina;12;100
934;La Reina;12;100
935;La Reina;12;100
936;La Reina;13;100
937;La Reina;13;100
938;La Reina;12;100
939;La Reina;12;100
940;La Reina;12;100
941;La Reina;11;100
942;La Reina;11;100
943;La Reina;12;100
944;La Reina;12;100
945;La Reina;12;100
946;La Reina;11;100
947;La Reina;11;100
948;La Reina;11;100
949;La Reina;11;100
950;La Reina;11;100
951;La Reina;11;100
952;La Reina;11;100
953;La Reina;11;100
954;La Reina;12;100
955;La Reina;12;100
956;La Reina;12;100
957;La Reina;12;100
958;La Reina;11;100
959;La Reina;12;100
960;La Reina;12;100
961;La Reina;12;100
962;La Reina;12;100
963;La Reina;12;100
964;La Reina;12;100
965;La Reina;12;100
966;La Reina;12;100
967;La Reina;12;100
968;La Reina;12;100
969;La Reina;12;100
970;La Reina;13;100
971;La Reina;14;100
972;La Reina;14;100
973;La Reina;14;100
974;La Reina;13;100
975;La Reina;13;100
976;La Reina;13;100
977;La Reina;13;100
978;La Reina;13;100
979;La Reina;14;100
980;La Reina;14;100
981;La Reina;14;100
982;La Reina;14;100
983;La Reina;15;100
984;La Reina;15;100
985;La Reina;15;100
986;La Reina;14;100
987;La Reina;14;100
988;La Reina;14;100
989;La Reina;14;100
990;La Reina;14;100
991;La Reina;14;100
992;La Reina;14;100
993;La Reina;15;100
994;La Reina;15;100
995;La Reina;16;100
996;La Reina;16;100
997;La Reina;17;100
998;La Reina;17;100
999;La Reina;18;100
1000;La Reina;18;100
1001;La Reina;18;100
1002;La Reina;18;100
1003;La Reina;18;100
1004;La Reina;19;100
1005;La Reina;20;100
1006;La Reina;21;100
1007;La Reina;21;100
1008;La Reina;23;100
1009;La Reina;24;100
1010;La Reina;24;100
1011;La Reina;23;100
1012;La Reina;23;100
1013;La Reina;23;100
1014;La Reina;23;100
1015;La Reina;22;100
1016;La Reina;22;100
1017;La Reina;20;100
1018;La Reina;20;100
1019;La Reina;20;100
1020;La Reina;21;100
1021;La Reina;21;100
1022;La Reina;22;100
1023;La Reina;22;100
1024;La Reina;22;100
1025;La Reina;21;100
1026;La Reina;21;100
1027;La Reina;21;100
1028;La Reina;21;100
1029;La Reina;21;100
1030;La Reina;21;100
1031;La Reina;21;100
1032;La Reina;21;100
1033;La Reina;21;100
1034;La Reina;21;100
1035;La Reina;21;100
1036;La Reina;22;100
1037;La Reina;22;100
1038;La Reina;22;100
1039;La Reina;21;100
1040;La Reina;21;100
1041;La Reina;22;100
1042;La Reina;22;100
1043;La Reina;22;100
1044;La Reina;23;100
1045;La Reina;23;100
1046;La Reina;22;100
1047;La Reina;23;100
1048;La Reina;23;100
1049;La Reina;23;100
1050;La Reina;23;100
1051;La Reina;24;100
1052;La Reina;25;100
1053;La Reina;25;100
1054;La Reina;25;100
1055;La Reina;23;100
1056;La Reina;24;100
1057;La Reina;24;100
1058;La Reina;24;100
1059;La Reina;24;100
1060;La Reina;24;100
1061;La Reina;25;100
1062;La Reina;26;100
1063;La Reina;25;100
1064;La Reina;25;100
1065;La Reina;25;100
1066;La Reina;26;100
1067;La Reina;26;100
1068;La Reina;26;100
1069;La Reina;28;100
1070;La Reina;27;100
1071;La Reina;27;100
1072;La Reina;28;100
1073;La Reina;28;100
1074;La Reina;28;100
1075;La Reina;28;100
1076;La Reina;27;100
1077;La Reina;27;100
1078;La Reina;26;100
1079;La Reina;25;100
1080;La Reina;25;100
1081;La Reina;27;100
1082;La Reina;27;100
1083;La Reina;27;100
1084;La Reina;27;100
1085;La Reina;27;100
1086;La Reina;28;100
1087;La Reina;28;100
1088;La Reina;28;100
1089;La Reina;28;100
1090;La Reina;28;100
1091;La Reina;28;100
1092;La Reina;28;100
1093;La Reina;29;100
1094;La Reina;30;100
1095;La Reina;30;100
1096;La Reina;29;100
1097;La Reina;28;100
1098;La Reina;28;100
1099;La Reina;27;100
1100;La Reina;28;100
1101;La Reina;28;100
1102;La Reina;29;100
1103;La Reina;29;100
1104;La Reina;29;100
1105;La Reina;28;100
1106;La Reina;29;100
1107;La Reina;28;100
1108;La Reina;27;100
1109;La Reina;27;100
1110;La Reina;27;100
1111;La Reina;28;100
1112;La Reina;28;100
1113;La Reina;28;100
1114;La Reina;28;100
1115;La Reina;28;100
1116;La Reina;30;100
1117;La Reina;29;100
1118;La Reina;29;100
1119;La Reina;31;100
1120;La Reina;31;100
1121;La Reina;32;100
1122;La Reina;31;100
1123;La Reina;32;100
1124;La Reina;33;100
1125;La Reina;33;100
1126;La Reina;33;100
1127;La Reina;36;100
1128;La Reina;40;100
1129;La Reina;42;100
1130;La Reina;45;100
1131;La Reina;49;100
1132;La Reina;52;100
1133;La Reina;53;100
1134;La Reina;54;100
1135;La Reina;53;100
1136;La Reina;54;100
1137;La Reina;55;100
1138;La Reina;55;100
1139;La Reina;56;100
1140;La Reina;55;100
1141;La Reina;56;100
1142;La Reina;61;100
1143;La Reina;60;100
1144;La Reina;60;100
1145;La Reina;62;100
1146;La Reina;63;100
1147;La Reina;65;100
1148;La Reina;65;100
1149;La Reina;65;100
1150;La Reina;64;100
1151;La Reina;65;100
1152;La Reina;67;100
1153;La Reina;69;100
1154;La Reina;70;100
1155;La Reina;71;100
1156;La Reina;71;100
1157;La Reina;74;100
1158;La Reina;74;100
1159;La Reina;75;100
1160;La Reina;77;100
1161;La Reina;79;100
1162;La Reina;79;100
1163;La Reina;80;100
1164;La Reina;81;100
1165;La Reina;85;100
1166;La Reina;86;100
1167;La Reina;90;100
1168;La Reina;91;100
1169;La Reina;92;100
1170;La Reina;94;100
1171;La Reina;93;100
1172;La Reina;96;100
1173;La Reina;97;100
1174;La Reina;99;100
1175;La Reina;100;100
1176;La Reina;100;100
1177;La Reina;100;100
1178;La Reina;100;100
1179;La Reina;100;100
1180;La Reina;100;100
1181;La Reina;100;100
1182;La Reina;100;100
1183;La Reina;100;100
1184;La Reina;100;100
1185;La Reina;100;100
1186;La Reina;100;100
1187;La Reina;100;100
1188;La Reina;100;100
1189;La Reina;100;100
1190;La Reina;100;100
1191;La Reina;100;100
1192;La Reina;100;100
1193;La Reina;100;100
1194;La Reina;100;100
1195;La Reina;100;100
1196;La Reina;100;100
1197;La Reina;100;100
1198;La Reina;100;100
1199;La Reina;100;100
1200;La Reina;100;100
1201;La Reina;100;100
1202;La Reina;100;100
1203;La Reina;100;100
1204;La Reina;100;100
1205;La Reina;100;100
1206;La Reina;100;100
1207;La Reina;100;100
1208;La Reina;100;100
1209;La Reina;100;100
1210;La Reina;100;100
1211;La Reina;100;100
1212;La Reina;100;100
1213;La Reina;100;100
1214;La Reina;100;100
1215;La Reina;100;100
1216;La Reina;100;100
1217;La Reina;100;100
1218;La Reina;100;100
1219;La Reina;100;100
1220;La Reina;100;100
1221;La Reina;100;100
1222;La Reina;100;100
1223;La Reina;100;100
1224;La Reina;100;100
1225;La Reina;100;100
1226;La Reina;100;100
1227;La Reina;100;100
1228;La Reina;100;100
1229;La Reina;100;100
1230;La Reina;100;100
1231;La Reina;100;100
1232;La Reina;100;100
1233;La Reina;100;100
1234;La Reina;100;100
1235;La Reina;100;100
1236;La Reina;100;100
1237;La Reina;100;100
1238;La Reina;100;100
1239;La Reina;100;100
1240;La Reina;100;100
1241;La Reina;100;100
1242;La Reina;100;100
1243;La Reina;100;100
1244;La Reina;100;100
1245;La Reina;100;100
1246;La Reina;100;100
1247;La Reina;100;100
1248;La Reina;100;100
1249;La Reina;100;100
1250;La Reina;100;100
1251;La Reina;100;100
1252;La Reina;100;100
1253;La Reina;100;100
1254;La Reina;100;100
1255;La Reina;100;100
1256;La Reina;100;100
1257;La Reina;100;100
1258;La Reina;100;100
1259;La Reina;100;100
1260;La Reina;100;100
1261;La Reina;100;100
1262;La Reina;100;100
1263;La Reina;100;100
1264;La Reina;100;100
1265;La Reina;100;100
1266;La Reina;100;100
1267;La Reina;100;100
1268;La Reina;100;100
1269;La Reina;100;100
1270;La Reina;100;100
1271;La Reina;100;100
1272;La Reina;100;100
1273;La Reina;100;100
1274;La Reina;100;100
1275;La Reina;100;100
1276;La Reina;100;100
1277;La Reina;100;100
1278;La Reina;100;100
1279;La Reina;100;100
1280;La Reina;100;100
1281;La Reina;100;100
1282;La Reina;100;100
1283;La Reina;100;100
1284;La Reina;100;100
1285;La Reina;100;100
1286;La Reina;100;100
1287;La Reina;100;100
1288;La Reina;100;100
1289;La Reina;100;100
1290;La Reina;100;100
1291;La Reina;100;100
1292;La Reina;100;100
1293;La Reina;100;100
1294;La Reina;100;100
1295;La Reina;100;100
1296;La Reina;100;100
1297;La Reina;100;100
1298;La Reina;100;100
1299;La Reina;100;100
1300;La Reina;100;100
1301;La Reina;100;100
1302;La Reina;100;100
1303;La Reina;100;100
1304;La Reina;100;100
1305;La Reina;100;100
1306;La Reina;100;100
1307;La Reina;100;100
1308;La Reina;100;100
1309;La Reina;100;100
1310;La Reina;100;100
1311;La Reina;100;100
1312;La Reina;100;100
1313;La Reina;100;100
1314;La Reina;100;100
1315;La Reina;100;100
1316;La Reina;100;100
1317;La Reina;100;100
1318;La Reina;100;100
1319;La Reina;100;100
1320;La Reina;100;100
1321;La Reina;100;100
1322;La Reina;100;100
1323;La Reina;100;100
1324;La Reina;100;100
1325;La Reina;100;100
1326;La Reina;100;100
1327;La Reina;100;100
1328;La Reina;100;100
1329;La Reina;100;100
1330;La Reina;100;100
1331;La Reina;100;100
1332;La Reina;100;100
1333;La Reina;100;100
1334;La Reina;100;100
1335;La Reina;100;100
1336;La Reina;100;100
1337;La Reina;100;100
1338;La Reina;100;100
1339;La Reina;100;100
1340;La Reina;100;100
1341;La Reina;100;100
1342;La Reina;100;100
1343;La Reina;100;100
1344;La Reina;100;100
1345;La Reina;100;100
1346;La Reina;100;100
1347;La Reina;100;100
1348;La Reina;100;100
1349;La Reina;100;100
1350;La Reina;100;100
1351;La Reina;100;100
1352;La Reina;100;100
1353;La Reina;100;100
1354;La Reina;100;100
1355;La Reina;100;100
1356;La Reina;100;100
1357;La Reina;100;100
1358;La Reina;100;100
1359;La Reina;100;100
1360;La Reina;100;100
1361;La Reina;100;100
1362;La Reina;100;100
1363;La Reina;100;100
1364;La Reina;100;100
1365;La Reina;100;100
1366;La Reina;100;100
1367;La Reina;100;100
1368;La Reina;100;100
1369;La Reina;100;100
1370;La Reina;100;100
1371;La Reina;100;100
1372;La Reina;100;100
1373;La Reina;100;100
1374;La Reina;100;100
1375;La Reina;100;100
1376;La Reina;100;100
1377;La Reina;100;100
1378;La Reina;100;100
1379;La Reina;100;100
1380;La Reina;100;100
1381;La Reina;100;100
1382;La Reina;100;100
1383;La Reina;100;100
1384;La Reina;100;100
1385;La Reina;100;100
1386;La Reina;100;100
1387;La Reina;100;100
1388;La Reina;100;100
1389;La Reina;100;100
1390;La Reina;100;100
1391;La Reina;100;100
1392;La Reina;100;100
1393;La Reina;100;100
1394;La Reina;100;100
1395;La Reina;100;100
1396;La Reina;100;100
1397;La Reina;100;100
1398;La Reina;100;100
1399;La Reina;100;100
1400;La Reina;100;100
1401;La Reina;100;100
1402;La Reina;100;100
1403;La Reina;100;100
1404;La Reina;100;100
1405;La Reina;100;100
1406;La Reina;100;100
1407;La Reina;100;100
1408;La Reina;100;100
1409;La Reina;100;100
1410;La Reina;100;100
1411;La Reina;100;100
1412;La Reina;100;100
1413;La Reina;100;100
1414;La Reina;100;100
1415;La Reina;100;100
1416;La Reina;100;100
1417;La Reina;100;100
1418;La Reina;100;100
1419;La Reina;100;100
1420;La Reina;100;100
1421;La Reina;100;100
1422;La Reina;100;100
1423;La Reina;100;100
1424;La Reina;100;100
1425;La Reina;100;100
1426;La Reina;100;100
1427;La Reina;100;100
1428;La Reina;100;100
1429;La Reina;100;100
1430;La Reina;100;100
1431;La Reina;100;100
1432;La Reina;100;100
1433;La Reina;100;100
1434;La Reina;100;100
1435;La Reina;100;100
1436;La Reina;100;100
1437;La Reina;100;100
1438;La Reina;100;100
1439;La Reina;100;100
