jornada_id;orden;terminal;tipo;t_ini;t_fin;t_ini_mod24;t_fin_mod24;kwh_consumidos_desde_ventana_anterior
1;1;El Conquistador;final;1351.818;1768.357;1351.818;328.357;292.378
1.1;1;El Conquistador;final;1499.784;2781.455;59.784;1341.455;72.633
2;1;El Conquistador;final;1210.255;1783.357;1210.255;343.357;260.549
3;1;El Conquistador;final;1396.443;1798.357;1396.443;358.357;302.623
3.1;1;El Conquistador;final;1490.959;2788.357;50.959;1348.357;67.309
4;1;El Conquistador;final;1346.153;1809.607;1346.153;369.607;283.468
4.1;1;El Conquistador;final;1462.418;2744.719;22.418;1304.719;73.038
5;1;El Conquistador;final;1160.675;1727.43;1160.675;287.43;244.179
6;1;El Conquistador;final;1340.568;1735.997;1340.568;295.997;307.023
6.1;1;El Conquistador;final;1511.749;2771.455;71.749;1331.455;85.935
7;1;El Conquistador;final;1355.942;1744.564;1355.942;304.564;313.263
8;1;El Conquistador;final;472.126;1753.13;472.126;313.13;64.994
9;1;El Conquistador;final;1400.942;1761.697;1400.942;321.697;313.263
9.1;1;El Conquistador;final;1466.743;2768.83;26.743;1328.83;64.994
10;1;El Conquistador;final;1350.202;1778.83;1350.202;338.83;295.041
10.1;1;El Conquistador;final;1444.519;2766.731;4.519;1326.731;62.78
11;1;El Conquistador;final;1244.675;1787.43;1244.675;347.43;244.179
12;1;El Conquistador;final;1256.675;1798.68;1256.675;358.68;244.179
13;1;El Conquistador;final;1363.068;1821.18;1363.068;381.18;279.195
13.1;1;El Conquistador;final;1535.276;2796.455;95.276;1356.455;83.51
14;1;Los Espinos + Santa Rosa;final;644.646;1407.287;644.646;1407.287;308.296
14.1;1;Los Espinos + Santa Rosa;final;1395.413;2008.397;1395.413;568.397;247.404
15;1;Los Espinos + Santa Rosa;final;1141.349;1437.287;1141.349;1437.287;304.81
15.1;1;Los Espinos + Santa Rosa;final;1391.336;2500.377;1391.336;1060.377;136.469
16;1;Los Espinos + Santa Rosa;final;1296.234;1767.287;1296.234;327.287;299.753
17;1;Los Espinos + Santa Rosa;final;1261.608;1797.287;1261.608;357.287;279.267
17.1;1;Los Espinos + Santa Rosa;final;1383.581;2599.177;1383.581;1159.177;107.217
18;1;Los Espinos + Santa Rosa;final;1329.075;1812.287;1329.075;372.287;304.08
18.1;1;Los Espinos + Santa Rosa;final;1503.503;2707.809;63.503;1267.809;112.261
19;1;Los Espinos + Santa Rosa;final;1372.79;1827.287;1372.79;387.287;291.739
19.1;1;Los Espinos + Santa Rosa;final;1513.724;2755.248;73.724;1315.248;94.977
20;1;Los Espinos + Santa Rosa;final;1390.452;1842.287;1390.452;402.287;300.907
21;1;Los Espinos + Santa Rosa;final;893.289;1387.363;893.289;1387.363;302.592
21.1;1;Los Espinos + Santa Rosa;final;1406.125;2289.411;1406.125;849.411;216.611
22;1;Los Espinos + Santa Rosa;final;763.832;1417.363;763.832;1417.363;286.475
22.1;1;Los Espinos + Santa Rosa;final;1365.029;2149.542;1365.029;709.542;215.794
23;1;Los Espinos + Santa Rosa;final;1315.594;1727.363;1315.594;287.363;293.561
23.1;1;Los Espinos + Santa Rosa;final;1385.194;2667.048;1385.194;1227.048;66.435
24;1;Los Espinos + Santa Rosa;final;1253.663;1737.363;1253.663;297.363;282.154
24.1;1;Los Espinos + Santa Rosa;final;1372.131;2601.197;1372.131;1161.197;91.53
25;1;Los Espinos + Santa Rosa;final;1237.619;1747.363;1237.619;307.363;278.49
26;1;Los Espinos + Santa Rosa;final;1289.292;1767.363;1289.292;327.363;300.098
26.1;1;Los Espinos + Santa Rosa;final;1475.437;2681.937;35.437;1241.937;101.263
27;1;Los Espinos + Santa Rosa;final;1319.955;1777.363;1319.955;337.363;292.921
27.1;1;Los Espinos + Santa Rosa;final;1521.036;2739.168;81.036;1299.168;107.489
28;1;La Reina;intermedia;786.622;860.0;786.622;860.0;302.978
28;2;La Reina;final;1198.005;1408.384;1198.005;1408.384;84.804
29;1;La Reina;final;724.348;1438.384;724.348;1438.384;299.792
29.1;1;La Reina;final;1406.898;2157.777;1406.898;717.777;196.1
30;1;La Reina;final;998.443;1468.384;998.443;28.384;312.158
30.1;1;La Reina;final;1491.938;2407.355;51.938;967.355;204.434
31;1;La Reina;final;1350.965;1778.384;1350.965;338.384;285.954
32;1;La Reina;final;1315.015;1798.384;1315.015;358.384;281.391
33;1;La Reina;final;1388.215;1808.384;1388.215;368.384;285.685
34;1;La Reina;final;1264.672;1818.384;1264.672;378.384;228.45
35;1;La Reina;final;1459.246;1828.384;19.246;388.384;300.064
36;1;La Reina;final;1454.581;1908.384;14.581;468.384;285.954
37;1;La Reina;final;1195.548;2448.384;1195.548;1008.384;57.72
38;1;La Reina;final;1215.548;2468.384;1215.548;1028.384;57.72
39;1;La Reina;final;1370.0;2488.384;1370.0;1048.384;112.246
40;1;La Reina;final;1378.566;2498.384;1378.566;1058.384;112.246
41;1;La Reina;final;1255.548;2508.384;1255.548;1068.384;57.72
42;1;La Reina;final;1217.905;1407.777;1217.905;1407.777;300.27
43;1;La Reina;final;1184.829;1437.777;1184.829;1437.777;298.452
43.1;1;La Reina;final;1467.965;2588.355;27.965;1148.355;124.891
44;1;La Reina;final;986.146;1467.777;986.146;27.777;305.214
44.1;1;La Reina;final;1355.805;2431.648;1355.805;991.648;120.695
45;1;La Reina;final;1211.465;1747.777;1211.465;307.777;267.615
45.1;1;La Reina;final;1548.276;2594.877;108.276;1154.877;178.338
46;1;La Reina;final;1390.405;1757.777;1390.405;317.777;306.574
46.1;1;La Reina;final;1502.322;2830.658;62.322;1390.658;52.14
47;1;La Reina;final;1265.165;1767.777;1265.165;327.777;287.367
48;1;La Reina;final;1203.479;1777.777;1203.479;337.777;230.486
49;1;La Reina;final;1277.465;1787.777;1277.465;347.777;270.685
49.1;1;La Reina;final;1397.3;2663.477;1397.3;1223.477;81.23
50;1;La Reina;final;1345.143;1797.777;1345.143;357.777;290.555
51;1;La Reina;final;1453.752;1842.777;13.752;402.777;310.35
52;1;La Reina;final;1241.465;1851.777;1241.465;411.777;238.65
53;1;La Reina;final;1415.389;1860.777;1415.389;420.777;306.432
53.1;1;La Reina;final;1503.746;2726.15;63.746;1286.15;104.648
54;1;La Reina;final;1424.624;1878.777;1424.624;438.777;296.998
54.1;1;La Reina;final;1490.346;2827.758;50.346;1387.758;48.217
55;1;La Reina;final;1292.862;1907.777;1292.862;467.777;132.485
56;1;La Reina;final;756.317;1410.983;756.317;1410.983;267.044
56.1;1;La Reina;final;1484.371;2184.983;44.371;744.983;239.605
57;1;La Reina;final;726.317;1430.983;726.317;1430.983;312.038
57.1;1;La Reina;final;1513.333;2154.983;73.333;714.983;255.688
58;1;La Reina;final;1091.893;1450.983;1091.893;10.983;311.157
58.1;1;La Reina;final;1440.723;2495.521;0.723;1055.521;139.601
59;1;La Reina;final;1181.167;1764.983;1181.167;324.983;255.688
60;1;La Reina;final;1240.967;1800.983;1240.967;360.983;256.071
61;1;La Reina;final;1259.367;1812.983;1259.367;372.983;256.071
62;1;La Reina;final;1277.767;1824.983;1277.767;384.983;256.071
63;1;La Reina;final;1367.633;1890.983;1367.633;450.983;267.044
63.1;1;La Reina;final;1487.633;2765.25;47.633;1325.25;73.617
64;1;La Reina;final;1387.633;1908.983;1387.633;468.983;267.044
64.1;1;La Reina;final;1504.767;2782.383;64.767;1342.383;73.617
65;1;La Reina;final;1222.567;2456.183;1222.567;1016.183;73.617
66;1;La Reina;final;916.41;1372.927;916.41;1372.927;297.497
66.1;1;La Reina;final;1277.079;2332.438;1277.079;892.438;115.87
67;1;La Reina;final;840.317;1402.927;840.317;1402.927;314.223
67.1;1;La Reina;final;1424.5;2268.283;1424.5;828.283;194.998
68;1;La Reina;final;905.617;1432.927;905.617;1432.927;314.223
68.1;1;La Reina;final;1337.633;2325.95;1337.633;885.95;145.663
69;1;La Reina;intermedia;1020.688;1026.0;1020.688;1026.0;275.512
69;2;La Reina;final;1166.069;1548.627;1166.069;108.627;46.394
69.1;1;La Reina;final;1294.015;2537.314;1294.015;1097.314;81.165
70;1;La Reina;final;1050.912;1606.477;1050.912;166.477;285.022
70.1;1;La Reina;final;1318.6;2438.384;1318.6;998.384;112.246
71;1;La Reina;final;1257.101;1664.327;1257.101;224.327;314.103
71.1;1;La Reina;final;1344.56;2627.016;1344.56;1187.016;75.629
72;1;La Reina;final;1282.367;1702.927;1282.367;262.927;302.867
73;1;La Reina;final;1273.85;1708.927;1273.85;268.927;302.867
74;1;La Reina;final;1334.15;1714.927;1334.15;274.927;314.223
74.1;1;La Reina;final;1487.25;2724.983;47.25;1284.983;84.973
75;1;La Reina;final;1327.633;1720.927;1327.633;280.927;314.223
75.1;1;La Reina;final;1454.5;2718.983;14.5;1278.983;73.617
76;1;La Reina;final;1293.85;1726.927;1293.85;286.927;302.867
77;1;La Reina;final;1303.85;1738.927;1303.85;298.927;302.867
78;1;La Reina;final;1357.633;1744.927;1357.633;304.927;314.223
78.1;1;La Reina;final;1500.583;2748.117;60.583;1308.117;84.973
79;1;La Reina;final;1347.633;1750.927;1347.633;310.927;314.223
79.1;1;La Reina;final;1461.933;2739.55;21.933;1299.55;73.617
80;1;La Reina;final;1145.06;1756.927;1145.06;316.927;267.779
81;1;La Reina;final;1363.85;1762.927;1363.85;322.927;302.485
82;1;La Reina;final;914.767;1767.427;914.767;327.427;181.104
83;1;La Reina;final;1373.85;1776.427;1373.85;336.427;302.485
84;1;La Reina;final;1383.85;1780.927;1383.85;340.927;302.485
85;1;La Reina;final;1171.967;1789.927;1171.967;349.927;241.794
86;1;La Reina;final;1407.25;1794.427;1407.25;354.427;313.84
86.1;1;La Reina;final;1521.9;2799.517;81.9;1359.517;73.617
87;1;La Reina;final;1387.427;1803.427;1387.427;363.427;287.67
87.1;1;La Reina;final;1477.49;2797.438;37.49;1357.438;61.429
88;1;La Reina;final;1420.583;1812.427;1420.583;372.427;313.84
88.1;1;La Reina;final;1539.033;2816.65;99.033;1376.65;73.617
89;1;La Reina;final;1190.367;1816.927;1190.367;376.927;241.794
90;1;La Reina;final;1199.567;1825.927;1199.567;385.927;241.794
91;1;La Reina;final;1394.5;1830.427;1394.5;390.427;302.485
92;1;La Reina;final;1412.5;1834.927;1412.5;394.927;302.485
93;1;La Reina;final;1231.767;1839.427;1231.767;399.427;241.794
94;1;La Reina;final;1447.243;1843.927;7.243;403.927;310.894
95;1;La Reina;final;1257.436;1848.427;1257.436;408.427;297.794
95.1;1;La Reina;final;1388.5;2652.983;1388.5;1212.983;73.617
96;1;La Reina;final;1382.5;1852.927;1382.5;412.927;302.485
97;1;La Reina;final;1400.5;1858.927;1400.5;418.927;302.485
98;1;El Conquistador;final;1026.451;1469.779;1026.451;29.779;305.099
98.1;1;El Conquistador;final;1477.001;2439.779;37.001;999.779;178.777
99;1;El Conquistador;final;1274.556;1746.446;1274.556;306.446;301.007
99.1;1;El Conquistador;final;1353.601;2614.069;1353.601;1174.069;75.674
100;1;El Conquistador;final;1269.717;1759.779;1269.717;319.779;282.474
101;1;El Conquistador;final;1351.389;1766.446;1351.389;326.446;302.738
101.1;1;El Conquistador;final;1443.551;2704.019;3.551;1264.019;75.674
102;1;El Conquistador;final;1312.667;1773.112;1312.667;333.112;279.076
102.1;1;El Conquistador;final;1537.206;2704.029;97.206;1264.029;126.398
103;1;El Conquistador;final;1352.667;1779.779;1352.667;339.779;304.543
104;1;El Conquistador;final;1327.389;1793.112;1327.389;353.112;303.294
104.1;1;El Conquistador;final;1405.001;2665.469;1405.001;1225.469;75.674
105;1;El Conquistador;final;1341.682;1799.779;1341.682;359.779;293.533
106;1;El Conquistador;final;1473.365;1806.696;33.365;366.696;303.523
107;1;El Conquistador;final;1318.417;1820.529;1318.417;380.529;255.896
108;1;El Conquistador;final;1274.667;1827.446;1274.667;387.446;256.223
109;1;El Conquistador;final;1257.517;1834.362;1257.517;394.362;230.201
110;1;El Conquistador;final;1254.667;1841.279;1254.667;401.279;253.936
111;1;El Conquistador;final;1392.117;1882.779;1392.117;442.779;279.632
112;1;El Conquistador;final;1449.572;1889.696;9.572;449.696;303.294
112.1;1;El Conquistador;final;1517.582;2814.352;77.582;1374.352;60.678
113;1;El Conquistador;final;1366.048;1889.779;1366.048;449.779;246.656
114;1;El Conquistador;final;750.609;1444.069;750.609;4.069;287.161
114.1;1;El Conquistador;final;1390.249;2178.28;1390.249;738.28;212.773
115;1;El Conquistador;final;1292.667;1720.735;1292.667;280.735;306.019
116;1;El Conquistador;final;1265.084;1727.402;1265.084;287.402;278.266
116.1;1;El Conquistador;final;1398.067;2654.779;1398.067;1214.779;76.485
117;1;El Conquistador;final;1302.491;1734.069;1302.491;294.069;311.38
117.1;1;El Conquistador;final;1351.422;2691.935;1351.422;1251.935;40.416
118;1;El Conquistador;final;1282.667;1740.735;1282.667;300.735;280.553
118.1;1;El Conquistador;final;1413.067;2669.779;1413.067;1229.779;76.485
119;1;El Conquistador;final;1286.417;1747.402;1286.417;307.402;281.108
120;1;El Conquistador;final;1331.917;1754.069;1331.917;314.069;304.288
121;1;El Conquistador;final;1229.084;1760.735;1229.084;320.735;278.593
121.1;1;El Conquistador;final;1483.417;2619.779;43.417;1179.779;125.36
122;1;El Conquistador;final;1335.389;1767.402;1335.389;327.402;304.77
122.1;1;El Conquistador;final;1523.417;2678.319;83.417;1238.319;124.55
123;1;El Conquistador;final;1320.767;1774.069;1320.767;334.069;278.266
123.1;1;El Conquistador;final;1458.067;2714.779;18.067;1274.779;76.485
124;1;El Conquistador;final;1430.701;1780.985;1430.701;340.985;306.248
125;1;El Conquistador;final;1383.067;1787.902;1383.067;347.902;306.575
125.1;1;El Conquistador;final;1485.217;2769.779;45.217;1329.779;77.04
126;1;El Conquistador;final;1271.493;1794.819;1271.493;354.819;273.185
127;1;El Conquistador;final;1377.301;1864.069;1377.301;424.069;281.108
127.1;1;El Conquistador;final;1551.784;2764.046;111.784;1324.046;102.18
128;1;El Conquistador;final;1434.572;1891.735;1434.572;451.735;302.483
128.1;1;El Conquistador;final;1500.384;2772.602;60.384;1332.602;75.674
129;1;Los Espinos + Santa Rosa;final;1479.479;1745.714;39.479;305.714;287.243
129.1;1;Los Espinos + Santa Rosa;final;1552.634;2830.311;112.634;1390.311;76.898
130;1;Los Espinos + Santa Rosa;final;1212.808;1757.714;1212.808;317.714;299.612
130.1;1;Los Espinos + Santa Rosa;final;1288.658;2541.391;1288.658;1101.391;82.549
131;1;Los Espinos + Santa Rosa;final;1505.565;1769.714;65.565;329.714;301.12
132;1;Los Espinos + Santa Rosa;final;1198.103;1781.714;1198.103;341.714;158.826
133;1;Los Espinos + Santa Rosa;final;1529.096;1793.714;89.096;353.714;296.79
134;1;Los Espinos + Santa Rosa;final;1372.634;1805.714;1372.634;365.714;216.856
135;1;Los Espinos + Santa Rosa;final;1358.003;1873.214;1358.003;433.214;186.862
136;1;Los Espinos + Santa Rosa;final;1271.425;1712.332;1271.425;272.332;308.34
136.1;1;Los Espinos + Santa Rosa;final;1370.802;2708.008;1370.802;1268.008;41.89
137;1;Los Espinos + Santa Rosa;final;1262.049;1722.332;1262.049;282.332;294.741
138;1;Los Espinos + Santa Rosa;final;1307.742;1742.332;1307.742;302.332;301.973
138.1;1;Los Espinos + Santa Rosa;final;1535.225;2642.332;95.225;1202.332;151.213
139;1;Los Espinos + Santa Rosa;final;1299.158;1752.332;1299.158;312.332;301.973
139.1;1;Los Espinos + Santa Rosa;final;1501.546;2630.332;61.546;1190.332;137.698
140;1;Los Espinos + Santa Rosa;final;1254.946;1762.332;1254.946;322.332;280.538
140.1;1;Los Espinos + Santa Rosa;final;1518.68;2633.63;78.68;1193.63;138.945
141;1;Los Espinos + Santa Rosa;final;1337.742;1772.332;1337.742;332.332;301.952
142;1;Los Espinos + Santa Rosa;final;1289.03;1779.832;1289.03;339.832;288.436
142.1;1;Los Espinos + Santa Rosa;final;1426.525;2663.63;1426.525;1223.63;87.619
143;1;Los Espinos + Santa Rosa;final;1319.209;1794.832;1319.209;354.832;302.062
143.1;1;Los Espinos + Santa Rosa;final;1442.987;2663.193;2.987;1223.193;99.365
144;1;Los Espinos + Santa Rosa;final;1315.696;1802.332;1315.696;362.332;288.436
144.1;1;Los Espinos + Santa Rosa;final;1527.496;2693.63;87.496;1253.63;124.083
145;1;Los Espinos + Santa Rosa;final;1257.742;1809.832;1257.742;369.832;259.645
146;1;Los Espinos + Santa Rosa;final;1352.042;1817.332;1352.042;377.332;294.684
146.1;1;Los Espinos + Santa Rosa;final;1603.758;2687.332;163.758;1247.332;158.807
147;1;Los Espinos + Santa Rosa;final;1365.413;1832.332;1365.413;392.332;288.841
147.1;1;Los Espinos + Santa Rosa;final;1500.958;2740.764;60.958;1300.764;94.887
148;1;Los Espinos + Santa Rosa;final;1421.996;1847.332;1421.996;407.332;303.703
149;1;Los Espinos + Santa Rosa;final;1406.996;1854.832;1406.996;414.832;296.435
150;1;Los Espinos + Santa Rosa;final;1190.43;1733.63;1190.43;293.63;274.19
150.1;1;Los Espinos + Santa Rosa;final;1459.8;2566.104;19.8;1126.104;143.791
151;1;Los Espinos + Santa Rosa;final;1235.558;1748.63;1235.558;308.63;287.953
151.1;1;Los Espinos + Santa Rosa;final;1467.575;2572.332;27.575;1132.332;143.946
152;1;Los Espinos + Santa Rosa;final;1257.896;1763.63;1257.896;323.63;281.784
152.1;1;Los Espinos + Santa Rosa;final;1396.525;2633.63;1396.525;1193.63;87.619
153;1;Los Espinos + Santa Rosa;final;1313.242;1778.63;1313.242;338.63;302.893
154;1;Los Espinos + Santa Rosa;final;1317.742;1793.63;1317.742;353.63;288.032
154.1;1;Los Espinos + Santa Rosa;final;1436.996;2657.332;1436.996;1217.332;95.065
155;1;Los Espinos + Santa Rosa;final;1397.242;1801.797;1397.242;361.797;310.487
156;1;Los Espinos + Santa Rosa;final;1225.196;1809.964;1225.196;369.964;246.745
156.1;1;Los Espinos + Santa Rosa;final;1407.909;2598.804;1407.909;1158.804;101.231
157;1;Los Espinos + Santa Rosa;final;1388.042;1818.13;1388.042;378.13;303.219
157.1;1;Los Espinos + Santa Rosa;final;1458.963;2719.465;18.963;1279.465;87.471
158;1;Los Espinos + Santa Rosa;final;1386.109;1826.297;1386.109;386.297;301.802
159;1;Los Espinos + Santa Rosa;final;1355.585;1834.464;1355.585;394.464;309.908
160;1;Los Espinos + Santa Rosa;final;1300.608;1842.63;1300.608;402.63;273.091
161;1;Los Espinos + Santa Rosa;final;1369.03;1850.797;1369.03;410.797;282.11
162;1;Los Espinos + Santa Rosa;final;1327.275;1858.964;1327.275;418.964;273.091
163;1;Los Espinos + Santa Rosa;final;1282.596;1875.297;1282.596;435.297;239.151
164;1;Los Espinos + Santa Rosa;final;1297.742;1883.464;1297.742;443.464;245.32
165;1;Los Espinos + Santa Rosa;final;1411.525;1883.63;1411.525;443.63;295.626
165.1;1;Los Espinos + Santa Rosa;final;1500.308;2742.332;60.308;1302.332;93.64
166;1;La Reina;final;700.731;1401.614;700.731;1401.614;292.841
166.1;1;La Reina;final;1509.645;2140.543;69.645;700.543;289.451
167;1;La Reina;final;1075.912;1431.614;1075.912;1431.614;312.528
167.1;1;La Reina;final;1254.812;2488.355;1254.812;1048.355;59.517
168;1;La Reina;final;883.981;1461.614;883.981;21.614;305.106
168.1;1;La Reina;final;1475.841;2310.843;35.841;870.843;210.125
169;1;La Reina;final;918.533;1484.097;918.533;44.097;287.848
169.1;1;La Reina;final;1266.766;2336.214;1266.766;896.214;135.691
170;1;La Reina;final;1187.465;1746.614;1187.465;306.614;261.062
170.1;1;La Reina;final;1465.063;2577.743;25.063;1137.743;136.255
171;1;La Reina;final;1360.596;1754.114;1360.596;314.114;310.131
172;1;La Reina;final;1189.922;1761.614;1189.922;321.614;263.916
173;1;La Reina;final;1206.054;1769.114;1206.054;329.114;274.221
174;1;La Reina;final;1305.029;1784.114;1305.029;344.114;302.264
174.1;1;La Reina;final;1502.231;2708.355;62.231;1268.355;99.393
175;1;La Reina;final;1303.968;1833.614;1303.968;393.614;272.241
176;1;La Reina;final;1186.054;1845.614;1186.054;405.614;217.246
177;1;La Reina;final;1424.212;1851.614;1424.212;411.614;304.675
178;1;La Reina;final;536.729;1407.777;536.729;1407.777;264.64
178.1;1;La Reina;final;1383.838;1965.898;1383.838;525.898;249.221
178.2;1;La Reina;final;1599.779;2816.314;159.779;1376.314;102.874
179;1;La Reina;final;605.631;1437.777;605.631;1437.777;281.851
179.1;1;La Reina;final;1296.196;2003.477;1296.196;563.477;240.074
179.2;1;La Reina;final;1523.562;2723.898;83.562;1283.898;102.874
180;1;La Reina;intermedia;660.955;679.0;660.955;679.0;257.237
180;2;La Reina;final;952.195;1467.777;952.195;27.777;102.874
180.1;1;La Reina;final;1358.245;2197.645;1358.245;757.645;201.116
181;1;La Reina;final;1173.688;1613.143;1173.688;173.143;285.865
181.1;1;La Reina;final;1276.735;2600.245;1276.735;1160.245;46.394
182;1;La Reina;final;1183.255;1654.677;1183.255;214.677;299.249
182.1;1;La Reina;final;1272.181;2590.145;1272.181;1150.145;43.205
183;1;La Reina;final;1264.452;1737.777;1264.452;297.777;290.034
183.1;1;La Reina;final;1462.305;2672.698;22.305;1232.698;99.824
184;1;La Reina;final;1155.1;1742.06;1155.1;302.06;288.869
184.1;1;La Reina;final;1285.448;2528.747;1285.448;1088.747;81.165
185;1;La Reina;final;1241.965;1746.343;1241.965;306.343;282.68
185.1;1;La Reina;final;1349.165;2625.777;1349.165;1185.777;61.265
186;1;La Reina;final;1335.962;1750.627;1335.962;310.627;294.619
187;1;La Reina;final;1277.165;1754.91;1277.165;314.91;285.206
187.1;1;La Reina;final;1513.917;2663.477;73.917;1223.477;121.547
188;1;La Reina;final;1251.338;1759.193;1251.338;319.193;246.643
189;1;La Reina;final;1217.465;1763.477;1217.465;323.477;282.16
189.1;1;La Reina;final;1325.165;2601.777;1325.165;1161.777;61.265
190;1;La Reina;final;1296.465;1767.76;1296.465;327.76;310.421
190.1;1;La Reina;final;1338.471;2682.777;1338.471;1242.777;43.274
191;1;La Reina;final;1126.852;1772.043;1126.852;332.043;249.57
192;1;La Reina;final;1323.085;1776.327;1323.085;336.327;303.875
192.1;1;La Reina;final;1463.452;2731.198;23.452;1291.198;75.111
193;1;La Reina;final;1269.243;1780.61;1269.243;340.61;311.392
193.1;1;La Reina;final;1496.571;2620.207;56.571;1180.207;132.455
194;1;La Reina;final;1176.435;1784.893;1176.435;344.893;269.222
195;1;La Reina;final;1363.465;1789.177;1363.465;349.177;311.914
195.1;1;La Reina;final;1556.167;2747.777;116.167;1307.777;110.192
196;1;La Reina;final;1250.605;1797.743;1250.605;357.743;260.634
197;1;La Reina;final;1374.035;1797.777;1374.035;357.777;312.55
198;1;La Reina;final;1399.465;1809.01;1399.465;369.01;299.631
199;1;La Reina;final;1368.348;1825.86;1368.348;385.86;287.925
199.1;1;La Reina;final;1505.381;2751.777;65.381;1311.777;85.173
200;1;La Reina;final;1235.502;1853.943;1235.502;413.943;245.921
200.1;1;La Reina;final;1481.045;2637.075;41.045;1197.075;111.363
201;1;La Reina;final;1339.886;1876.41;1339.886;436.41;248.918
202;1;La Reina;final;1388.248;1887.777;1388.248;447.777;270.743
203;1;La Reina;final;1293.471;1917.777;1293.471;477.777;245.737
204;1;La Reina;final;1260.1;2491.11;1260.1;1051.11;81.23
205;1;La Reina;final;1273.433;2504.443;1273.433;1064.443;81.23
206;1;La Reina;final;1485.048;2517.777;45.048;1077.777;178.031
207;1;El Conquistador;final;1136.384;1793.132;1136.384;353.132;250.412
208;1;El Conquistador;final;1439.784;1805.982;1439.784;365.982;186.995
209;1;El Conquistador;final;1401.522;1818.832;1401.522;378.832;170.609
210;1;El Conquistador;final;1396.818;1831.682;1396.818;391.682;304.677
210.1;1;El Conquistador;final;1484.739;2831.455;44.739;1391.455;43.503
211;1;El Conquistador;final;474.318;1821.455;474.318;381.455;33.295
212;1;El Conquistador;final;1288.463;1848.455;1288.463;408.455;258.035
213;1;El Conquistador;final;1483.876;1857.455;43.876;417.455;181.772
214;1;Los Espinos + Santa Rosa;final;968.202;1442.332;968.202;2.332;301.348
214.1;1;Los Espinos + Santa Rosa;final;1271.107;2346.532;1271.107;906.532;126.245
215;1;Los Espinos + Santa Rosa;final;1343.3;1719.832;1343.3;279.832;310.75
215.1;1;Los Espinos + Santa Rosa;final;1488.026;2721.604;48.026;1281.604;101.105
216;1;Los Espinos + Santa Rosa;final;1377.346;1727.332;1377.346;287.332;312.657
217;1;Los Espinos + Santa Rosa;final;1199.558;1734.832;1199.558;294.832;279.517
217.1;1;Los Espinos + Santa Rosa;final;1313.942;2532.332;1313.942;1092.332;93.64
218;1;Los Espinos + Santa Rosa;final;1264.163;1742.332;1264.163;302.332;287.884
219;1;Los Espinos + Santa Rosa;final;1309.427;1749.832;1309.427;309.832;308.974
219.1;1;Los Espinos + Santa Rosa;final;1459.393;2752.01;19.393;1312.01;66.877
220;1;Los Espinos + Santa Rosa;final;1265.413;1764.832;1265.413;324.832;288.21
221;1;Los Espinos + Santa Rosa;final;1302.363;1772.332;1302.363;332.332;295.804
221.1;1;Los Espinos + Santa Rosa;final;1441.525;2678.63;1.525;1238.63;87.619
222;1;Los Espinos + Santa Rosa;final;1279.696;1779.832;1279.696;339.832;280.943
223;1;Los Espinos + Santa Rosa;final;1304.042;1787.332;1304.042;347.332;294.379
224;1;Los Espinos + Santa Rosa;final;1290.596;1794.832;1290.596;354.832;280.943
225;1;Los Espinos + Santa Rosa;final;1203.158;1802.332;1203.158;362.332;251.746
226;1;Los Espinos + Santa Rosa;final;1287.275;1809.832;1287.275;369.832;287.111
227;1;Los Espinos + Santa Rosa;final;1335.413;1817.332;1335.413;377.332;288.21
228;1;Los Espinos + Santa Rosa;final;1329.03;1824.832;1329.03;384.832;288.21
228.1;1;Los Espinos + Santa Rosa;final;1570.08;2708.63;130.08;1268.63;131.677
229;1;Los Espinos + Santa Rosa;final;1382.363;1839.832;1382.363;399.832;295.804
229.1;1;Los Espinos + Santa Rosa;final;1518.092;2757.897;78.092;1317.897;94.887
230;1;Los Espinos + Santa Rosa;final;1395.696;1898.332;1395.696;458.332;288.21
231;1;Los Espinos + Santa Rosa;final;1205.225;1733.63;1205.225;293.63;280.764
231.1;1;Los Espinos + Santa Rosa;final;1544.63;2542.332;104.63;1102.332;187.678
232;1;Los Espinos + Santa Rosa;final;1227.158;1745.63;1227.158;305.63;280.764
232.1;1;Los Espinos + Santa Rosa;final;1569.492;2558.998;129.492;1118.998;193.846
233;1;Los Espinos + Santa Rosa;final;1246.996;1757.63;1246.996;317.63;274.843
233.1;1;Los Espinos + Santa Rosa;final;1440.609;2631.504;0.609;1191.504;101.231
234;1;Los Espinos + Santa Rosa;final;1272.588;1769.63;1272.588;329.63;305.348
234.1;1;Los Espinos + Santa Rosa;final;1467.444;2677.481;27.444;1237.481;89.378
235;1;Los Espinos + Santa Rosa;final;1325.242;1793.63;1325.242;353.63;295.626
235.1;1;Los Espinos + Santa Rosa;final;1552.358;2657.332;112.358;1217.332;151.213
236;1;Los Espinos + Santa Rosa;final;1350.902;1801.13;1350.902;361.13;308.79
236.1;1;Los Espinos + Santa Rosa;final;1451.019;2781.098;11.019;1341.098;47.597
237;1;Los Espinos + Santa Rosa;final;1349.242;1808.63;1349.242;368.63;295.952
237.1;1;Los Espinos + Santa Rosa;final;1552.946;2684.332;112.946;1244.332;137.698
238;1;Los Espinos + Santa Rosa;final;1368.33;1816.13;1368.33;376.13;309.961
239;1;Los Espinos + Santa Rosa;final;1291.813;1823.63;1291.813;383.63;267.249
240;1;Los Espinos + Santa Rosa;final;622.625;1831.13;622.625;391.13;87.619
241;1;Los Espinos + Santa Rosa;final;1301.496;1838.63;1301.496;398.63;267.249
241.1;1;Los Espinos + Santa Rosa;final;1457.658;2678.63;17.658;1238.63;94.887
242;1;Los Espinos + Santa Rosa;final;1328.042;1846.13;1328.042;406.13;280.764
242.1;1;Los Espinos + Santa Rosa;final;1510.363;2666.332;70.363;1226.332;130.104
243;1;Los Espinos + Santa Rosa;final;1340.042;1853.63;1340.042;413.63;281.09
243.1;1;Los Espinos + Santa Rosa;final;1570.375;2672.332;130.375;1232.332;151.54
244;1;Los Espinos + Santa Rosa;final;1409.242;1861.13;1409.242;421.13;295.626
245;1;Los Espinos + Santa Rosa;final;1353.942;1868.63;1353.942;428.63;280.685
245.1;1;Los Espinos + Santa Rosa;final;1586.625;2687.332;146.625;1247.332;151.213
246;1;Los Espinos + Santa Rosa;final;1400.042;1876.13;1400.042;436.13;288.358
246.1;1;Los Espinos + Santa Rosa;final;1476.096;2736.598;36.096;1296.598;87.471
247;1;Los Espinos + Santa Rosa;final;1376.042;1883.63;1376.042;443.63;280.764
248;1;Los Espinos + Santa Rosa;final;1275.413;1973.63;1275.413;533.63;224.616
249;1;Los Espinos + Santa Rosa;final;1501.842;2513.63;61.842;1073.63;180.557
250;1;El Conquistador;final;1314.059;1742.776;1314.059;302.776;284.246
250.1;1;El Conquistador;final;1492.425;2707.534;52.425;1267.534;93.49
251;1;El Conquistador;final;1328.371;1750.276;1328.371;310.276;280.793
251.1;1;El Conquistador;final;1572.171;2655.152;132.171;1215.152;152.703
252;1;El Conquistador;final;1266.825;1757.776;1266.825;317.776;251.157
253;1;El Conquistador;final;1474.963;1765.276;34.963;325.276;245.662
254;1;El Conquistador;final;1254.271;1772.776;1254.271;332.776;270.447
255;1;El Conquistador;final;1298.279;1780.276;1298.279;340.276;289.012
255.1;1;El Conquistador;final;1434.714;2694.134;1434.714;1254.134;77.254
256;1;El Conquistador;final;1260.671;1787.776;1260.671;347.776;270.447
257;1;El Conquistador;final;1263.238;1795.276;1263.238;355.276;149.583
258;1;El Conquistador;final;1347.491;1802.776;1347.491;362.776;172.299
259;1;El Conquistador;final;1382.08;1811.776;1382.08;371.776;313.269
260;1;El Conquistador;final;1294.521;1820.776;1294.521;380.776;270.447
260.1;1;El Conquistador;final;1536.171;2625.152;96.171;1185.152;152.703
261;1;El Conquistador;final;1312.791;1829.776;1312.791;389.776;255.938
261.1;1;El Conquistador;final;1473.462;2696.61;33.462;1256.61;94.222
262;1;El Conquistador;final;1414.521;1838.776;1414.521;398.776;280.793
263;1;El Conquistador;final;1412.317;1847.776;1412.317;407.776;314.385
264;1;El Conquistador;final;1223.479;1856.776;1223.479;416.776;226.481
265;1;El Conquistador;final;1327.925;1865.776;1327.925;425.776;255.497
265.1;1;El Conquistador;final;1477.929;2711.61;37.929;1271.61;91.057
266;1;El Conquistador;final;1429.335;1874.776;1429.335;434.776;300.727
267;1;El Conquistador;final;1288.625;1710.152;1288.625;270.152;313.739
267.1;1;El Conquistador;final;1375.973;2676.535;1375.973;1236.535;61.832
268;1;El Conquistador;final;1218.156;1725.152;1218.156;285.152;289.194
268.1;1;El Conquistador;final;1525.217;2558.069;85.217;1118.069;176.268
269;1;El Conquistador;final;1316.317;1732.652;1316.317;292.652;298.012
269.1;1;El Conquistador;final;1522.447;2620.433;82.447;1180.433;149.824
270;1;El Conquistador;final;1207.962;1740.152;1207.962;300.152;261.104
270.1;1;El Conquistador;final;1362.314;2605.684;1362.314;1165.684;77.254
271;1;El Conquistador;final;1352.466;1747.652;1352.466;307.652;305.772
272;1;El Conquistador;final;1244.667;1755.152;1244.667;315.152;293.841
272.1;1;El Conquistador;final;1448.984;2631.779;8.984;1191.779;102.18
273;1;El Conquistador;final;1102.985;1762.652;1102.985;322.652;261.937
273.1;1;El Conquistador;final;1276.671;2498.776;1276.671;1058.776;81.501
274;1;El Conquistador;final;1120.618;1770.152;1120.618;330.152;261.937
274.1;1;El Conquistador;final;1292.671;2514.776;1292.671;1074.776;81.501
275;1;El Conquistador;final;1138.252;1786.485;1138.252;346.485;261.937
275.1;1;El Conquistador;final;1284.521;2532.776;1284.521;1092.776;81.501
276;1;El Conquistador;final;1330.841;1794.652;1330.841;354.652;313.739
276.1;1;El Conquistador;final;1534.551;2715.648;94.551;1275.648;112.599
277;1;El Conquistador;final;1302.756;1802.819;1302.756;362.819;289.194
277.1;1;El Conquistador;final;1379.301;2639.769;1379.301;1199.769;75.674
278;1;El Conquistador;final;1166.768;1810.985;1166.768;370.985;261.937
278.1;1;El Conquistador;final;1314.521;2562.776;1314.521;1122.776;81.501
279;1;El Conquistador;final;1251.8;1819.152;1251.8;379.152;287.666
280;1;El Conquistador;final;1314.217;1835.485;1314.217;395.485;285.942
281;1;El Conquistador;final;1355.679;1851.819;1355.679;411.819;290.503
281.1;1;El Conquistador;final;1477.349;2657.881;37.349;1217.881;109.237
282;1;El Conquistador;final;1419.028;1860.152;1419.028;420.152;312.385
283;1;El Conquistador;final;1439.859;1910.152;1439.859;470.152;313.39
283.1;1;El Conquistador;final;1593.229;2833.284;153.229;1393.284;93.381
284;1;El Conquistador;final;763.102;1412.734;763.102;1412.734;288.255
284.1;1;El Conquistador;final;1345.471;2185.276;1345.471;745.276;181.147
285;1;El Conquistador;final;1358.044;1442.734;1358.044;2.734;245.581
286;1;El Conquistador;intermedia;636.862;650.0;636.862;650.0;274.922
286;2;El Conquistador;final;822.467;1380.152;822.467;1380.152;74.739
286.1;1;El Conquistador;final;1299.434;2156.198;1299.434;716.198;194.422
287;1;El Conquistador;final;591.325;1410.152;591.325;1410.152;263.301
287.1;1;El Conquistador;final;1275.291;1976.61;1275.291;536.61;204.924
288;1;El Conquistador;final;774.012;1440.152;774.012;0.152;277.577
288.1;1;El Conquistador;final;1396.617;2226.984;1396.617;786.984;213.314
289;1;El Conquistador;final;878.712;1470.152;878.712;30.152;277.577
289.1;1;El Conquistador;final;1356.041;2321.934;1356.041;881.934;156.273
290;1;El Conquistador;final;1157.962;1620.152;1157.962;180.152;288.539
290.1;1;El Conquistador;final;1459.701;2555.434;19.701;1115.434;142.56
291;1;El Conquistador;final;1185.129;1431.455;1185.129;1431.455;301.323
291.1;1;El Conquistador;final;1287.997;2605.845;1287.997;1165.845;50.694
292;1;El Conquistador;final;1144.193;1461.455;1144.193;21.455;290.76
292.1;1;El Conquistador;final;1518.143;2542.357;78.143;1102.357;164.457
293;1;El Conquistador;final;1260.484;1776.455;1260.484;336.455;251.3
294;1;El Conquistador;final;1361.153;1806.455;1361.153;366.455;310.124
294.1;1;El Conquistador;final;1485.383;2761.852;45.383;1321.852;69.712
295;1;El Conquistador;final;1372.513;1821.455;1372.513;381.455;308.638
296;1;El Conquistador;final;1258.469;1832.705;1258.469;392.705;258.436
297;1;El Conquistador;final;1346.563;1843.955;1346.563;403.955;279.991
298;1;El Conquistador;final;1300.484;1724.009;1300.484;284.009;154.703
299;1;El Conquistador;final;1445.708;1732.576;5.708;292.576;223.216
300;1;El Conquistador;final;1272.509;1741.142;1272.509;301.142;171.869
301;1;El Conquistador;final;1264.918;1749.709;1264.918;309.709;288.037
301.1;1;El Conquistador;final;1478.785;2653.357;38.785;1213.357;118.17
302;1;El Conquistador;final;1324.584;1758.276;1324.584;318.276;312.682
302.1;1;El Conquistador;final;1498.729;2714.84;58.729;1274.84;102.341
303;1;El Conquistador;final;1383.495;1766.842;1383.495;326.842;172.052
304;1;El Conquistador;final;1213.755;1775.409;1213.755;335.409;255.087
305;1;El Conquistador;final;1165.595;1783.976;1165.595;343.976;247.533
306;1;El Conquistador;final;1181.845;1784.009;1181.845;344.009;246.463
307;1;El Conquistador;final;1281.657;1795.259;1281.657;355.259;294.674
308;1;El Conquistador;final;1409.784;1806.509;1409.784;366.509;314.632
308.1;1;El Conquistador;final;1520.502;2841.455;80.502;1401.455;55.236
309;1;El Conquistador;final;1382.15;1885.259;1382.15;445.259;293.096
309.1;1;El Conquistador;final;1450.667;2799.902;10.667;1359.902;57.843
310;1;El Conquistador;final;1269.321;1797.74;1269.321;357.74;277.419
310.1;1;El Conquistador;final;1569.995;2685.498;129.995;1245.498;137.979
311;1;El Conquistador;final;1211.189;1805.24;1211.189;365.24;264.434
312;1;El Conquistador;final;1283.863;1812.74;1283.863;372.74;270.966
313;1;El Conquistador;final;1258.272;1820.24;1258.272;380.24;264.198
314;1;El Conquistador;final;1208.312;1835.24;1208.312;395.24;249.62
315;1;El Conquistador;final;1419.44;1850.24;1419.44;410.24;291.508
315.1;1;El Conquistador;final;1506.48;2818.974;66.48;1378.974;56.263
316;1;El Conquistador;final;1384.484;1857.74;1384.484;417.74;159.919
317;1;El Conquistador;final;1370.645;1872.74;1370.645;432.74;239.739
318;1;El Conquistador;final;1328.923;1880.24;1328.923;440.24;271.624
318.1;1;El Conquistador;final;1568.746;2717.074;128.746;1277.074;129.123
319;1;El Conquistador;final;1272.849;1887.74;1272.849;447.74;248.039
320;1;El Conquistador;final;1313.834;1736.718;1313.834;296.718;314.626
320.1;1;El Conquistador;final;1430.48;2728.103;1430.48;1288.103;63.713
321;1;El Conquistador;final;1261.905;1756.718;1261.905;316.718;273.857
322;1;El Conquistador;final;1219.639;1776.718;1219.639;336.718;288.905
322.1;1;El Conquistador;final;1334.579;2600.718;1334.579;1160.718;74.465
323;1;El Conquistador;final;1340.4;1796.718;1340.4;356.718;312.727
323.1;1;El Conquistador;final;1377.349;2727.298;1377.349;1287.298;43.2
324;1;El Conquistador;final;1379.852;1804.218;1379.852;364.218;308.655
324.1;1;El Conquistador;final;1535.502;2744.009;95.502;1304.009;106.778
325;1;El Conquistador;final;1259.903;1811.718;1259.903;371.718;247.15
326;1;El Conquistador;final;1265.595;1819.218;1265.595;379.218;262.441
327;1;El Conquistador;final;1432.667;1826.718;1432.667;386.718;297.944
327.1;1;El Conquistador;final;1503.556;2839.633;63.556;1399.633;51.917
328;1;El Conquistador;final;1405.278;1834.218;1405.278;394.218;265.273
329;1;El Conquistador;final;1343.584;1841.718;1343.584;401.718;240.065
330;1;El Conquistador;final;1408.977;1849.218;1408.977;409.218;304.272
330.1;1;El Conquistador;final;1484.289;2757.29;44.289;1317.29;84.9
331;1;El Conquistador;final;1298.395;1864.218;1298.395;424.218;272.578
332;1;El Conquistador;final;1455.383;1879.218;15.383;439.218;299.307
333;1;El Conquistador;final;1342.665;1886.718;1342.665;446.718;276.561
334;1;El Conquistador;final;1254.121;1770.013;1254.121;330.013;285.339
335;1;El Conquistador;final;1293.971;1810.013;1293.971;370.013;285.339
336;1;El Conquistador;final;1333.97;1820.013;1333.97;380.013;298.431
336.1;1;El Conquistador;final;1460.388;2740.013;20.388;1300.013;73.406
337;1;El Conquistador;final;1239.843;1830.013;1239.843;390.013;309.855
337.1;1;El Conquistador;final;1534.651;2649.817;94.651;1209.817;157.327
338;1;El Conquistador;final;1310.579;1840.013;1310.579;400.013;290.981
339;1;El Conquistador;final;895.549;1431.808;895.549;1431.808;248.799
339.1;1;El Conquistador;final;1245.885;2307.193;1245.885;867.193;120.835
340;1;El Conquistador;final;1039.27;1611.808;1039.27;171.808;285.742
340.1;1;El Conquistador;final;1418.471;2460.013;1418.471;1020.013;144.051
341;1;El Conquistador;final;1214.079;1701.808;1214.079;261.808;301.964
342;1;El Conquistador;final;1174.079;1711.808;1174.079;271.808;305.977
342.1;1;El Conquistador;final;1476.745;2556.718;36.745;1116.718;152.14
343;1;El Conquistador;final;1183.187;1721.808;1183.187;281.808;285.742
343.1;1;El Conquistador;final;1450.693;2590.013;10.693;1150.013;123.707
344;1;El Conquistador;final;1204.987;1731.808;1204.987;291.808;285.742
344.1;1;El Conquistador;final;1520.388;2614.013;80.388;1174.013;144.051
345;1;El Conquistador;final;1194.087;1741.808;1194.087;301.808;285.742
345.1;1;El Conquistador;final;1353.971;2602.013;1353.971;1162.013;73.406
346;1;El Conquistador;final;1260.745;1751.808;1260.745;311.808;301.964
347;1;El Conquistador;final;1253.454;1761.808;1253.454;321.808;285.742
347.1;1;El Conquistador;final;1480.207;2662.863;40.207;1222.863;112.997
348;1;El Conquistador;final;1331.44;1771.808;1331.44;331.808;312.241
348.1;1;El Conquistador;final;1369.169;2708.543;1369.169;1268.543;44.969
349;1;El Conquistador;final;1266.787;1781.808;1266.787;341.808;285.742
349.1;1;El Conquistador;final;1502.533;2675.713;62.533;1235.713;118.345
350;1;El Conquistador;final;1293.454;1801.808;1293.454;361.808;285.742
350.1;1;El Conquistador;final;1464.754;2701.413;24.754;1261.413;86.499
351;1;El Conquistador;final;1320.12;1821.808;1320.12;381.808;285.742
351.1;1;El Conquistador;final;1494.754;2739.963;54.754;1299.963;86.499
352;1;El Conquistador;final;1306.787;1851.808;1306.787;411.808;285.742
352.1;1;El Conquistador;final;1444.171;2714.263;4.171;1274.263;73.406
353;1;El Conquistador;final;1327.338;1861.808;1327.338;421.808;285.988
353.1;1;El Conquistador;final;1391.933;2741.532;1391.933;1301.532;43.159
354;1;El Conquistador;final;1377.971;2481.808;1377.971;1041.808;131.362
355;1;Los Espinos + Santa Rosa;final;1320.903;1737.953;1320.903;297.953;310.667
355.1;1;Los Espinos + Santa Rosa;final;1432.979;2750.881;1432.979;1310.881;55.079
356;1;Los Espinos + Santa Rosa;final;1251.166;1747.953;1251.166;307.953;291.629
356.1;1;Los Espinos + Santa Rosa;final;1512.684;2633.015;72.684;1193.015;167.906
357;1;Los Espinos + Santa Rosa;final;1291.802;1757.953;1291.802;317.953;288.97
358;1;Los Espinos + Santa Rosa;final;1240.961;1767.953;1240.961;327.953;281.716
358.1;1;Los Espinos + Santa Rosa;final;1376.215;2593.525;1376.215;1153.525;90.272
359;1;Los Espinos + Santa Rosa;final;1268.827;1789.203;1268.827;349.203;276.809
359.1;1;Los Espinos + Santa Rosa;final;1508.026;2616.405;68.026;1176.405;154.115
360;1;Los Espinos + Santa Rosa;final;1235.275;1800.453;1235.275;360.453;262.948
361;1;Los Espinos + Santa Rosa;final;1348.64;1811.703;1348.64;371.703;299.565
361.1;1;Los Espinos + Santa Rosa;final;1499.133;2786.716;59.133;1346.716;69.944
362;1;Los Espinos + Santa Rosa;final;1260.386;1845.453;1260.386;405.453;247.76
363;1;Los Espinos + Santa Rosa;final;1333.817;1794.971;1333.817;354.971;252.099
364;1;Los Espinos + Santa Rosa;final;1277.451;1806.221;1277.451;366.221;305.767
365;1;Los Espinos + Santa Rosa;final;1359.056;1828.721;1359.056;388.721;310.505
365.1;1;Los Espinos + Santa Rosa;final;1450.868;2753.041;10.868;1313.041;67.699
366;1;Los Espinos + Santa Rosa;final;1262.873;1884.971;1262.873;444.971;248.122
367;1;Los Espinos + Santa Rosa;final;1212.092;1717.405;1212.092;277.405;301.815
367.1;1;Los Espinos + Santa Rosa;final;1444.553;2607.603;4.553;1167.603;122.367
368;1;Los Espinos + Santa Rosa;final;1251.084;1737.405;1251.084;297.405;283.533
368.1;1;Los Espinos + Santa Rosa;final;1570.682;2637.187;130.682;1197.187;156.557
369;1;Los Espinos + Santa Rosa;final;1239.681;1757.405;1239.681;317.405;290.78
370;1;Los Espinos + Santa Rosa;final;1403.652;1777.405;1403.652;337.405;271.778
371;1;Los Espinos + Santa Rosa;final;1257.084;1793.739;1257.084;353.739;294.205
371.1;1;Los Espinos + Santa Rosa;final;1345.121;2609.616;1345.121;1169.616;70.239
372;1;Los Espinos + Santa Rosa;final;513.555;1801.905;513.555;361.905;59.62
373;1;Los Espinos + Santa Rosa;final;1333.381;1810.072;1333.381;370.072;301.955
374;1;Los Espinos + Santa Rosa;final;1232.772;1818.239;1232.772;378.239;257.322
375;1;Los Espinos + Santa Rosa;final;538.055;1826.405;538.055;386.405;59.62
376;1;Los Espinos + Santa Rosa;final;1337.804;1834.572;1337.804;394.572;288.242
377;1;Los Espinos + Santa Rosa;final;1341.908;1842.739;1341.908;402.739;282.484
378;1;Los Espinos + Santa Rosa;final;1288.966;1859.072;1288.966;419.072;124.269
379;1;Los Espinos + Santa Rosa;final;1281.017;1804.175;1281.017;364.175;175.897
380;1;Los Espinos + Santa Rosa;final;1374.85;1815.425;1374.85;375.425;223.77
381;1;Los Espinos + Santa Rosa;final;1206.348;1826.675;1206.348;386.675;233.736
382;1;Los Espinos + Santa Rosa;final;1384.804;1837.925;1384.804;397.925;300.47
382.1;1;Los Espinos + Santa Rosa;final;1487.551;2787.961;47.551;1347.961;68.517
383;1;Los Espinos + Santa Rosa;final;1310.534;1849.175;1310.534;409.175;290.319
383.1;1;Los Espinos + Santa Rosa;final;1410.65;2657.695;1410.65;1217.695;89.118
384;1;Los Espinos + Santa Rosa;final;1300.627;1871.675;1300.627;431.675;241.247
385;1;Los Espinos + Santa Rosa;final;1350.442;1882.925;1350.442;442.925;296.651
385.1;1;Los Espinos + Santa Rosa;final;1471.989;2709.976;31.989;1269.976;90.674
386;1;Los Espinos + Santa Rosa;final;1118.975;1717.953;1118.975;277.953;285.644
386.1;1;Los Espinos + Santa Rosa;final;1269.355;2521.87;1269.355;1081.87;76.17
387;1;Los Espinos + Santa Rosa;final;1198.902;1737.953;1198.902;297.953;296.175
387.1;1;Los Espinos + Santa Rosa;final;1383.97;2585.494;1383.97;1145.494;91.158
388;1;Los Espinos + Santa Rosa;final;1223.827;1757.953;1223.827;317.953;302.406
388.1;1;Los Espinos + Santa Rosa;final;1553.242;2570.311;113.242;1130.311;188.337
389;1;Los Espinos + Santa Rosa;final;1314.028;1777.953;1314.028;337.953;305.885
390;1;Los Espinos + Santa Rosa;final;548.55;1822.953;548.55;382.953;75.673
391;1;Los Espinos + Santa Rosa;final;559.8;1834.203;559.8;394.203;75.673
392;1;Los Espinos + Santa Rosa;final;1216.04;1751.507;1216.04;311.507;251.721
393;1;Los Espinos + Santa Rosa;final;1397.757;1766.507;1397.757;326.507;307.848
393.1;1;Los Espinos + Santa Rosa;final;1498.19;2798.507;58.19;1358.507;64.953
394;1;Los Espinos + Santa Rosa;final;1360.657;1781.507;1360.657;341.507;289.459
395;1;Los Espinos + Santa Rosa;final;1243.874;1796.507;1243.874;356.507;233.333
396;1;Los Espinos + Santa Rosa;final;1450.19;1886.507;10.19;446.507;289.459
397;1;Los Espinos + Santa Rosa;final;1474.19;1899.357;34.19;459.357;289.459
398;1;Los Espinos + Santa Rosa;final;1174.183;1448.056;1174.183;8.056;308.463
398.1;1;Los Espinos + Santa Rosa;final;1505.824;2512.431;65.824;1072.431;179.312
399;1;Los Espinos + Santa Rosa;final;1246.686;1718.056;1246.686;278.056;304.819
400;1;Los Espinos + Santa Rosa;final;1309.374;1728.056;1309.374;288.056;288.514
400.1;1;Los Espinos + Santa Rosa;final;1412.057;2700.757;1412.057;1260.757;64.953
401;1;Los Espinos + Santa Rosa;final;1322.707;1738.056;1322.707;298.056;288.514
402;1;Los Espinos + Santa Rosa;final;1276.707;1748.056;1276.707;308.056;270.125
403;1;Los Espinos + Santa Rosa;final;1337.757;1758.056;1337.757;318.056;288.514
403.1;1;Los Espinos + Santa Rosa;final;1487.124;2726.457;47.124;1286.457;83.342
404;1;Los Espinos + Santa Rosa;final;1181.157;1768.056;1181.157;328.056;232.388
405;1;Los Espinos + Santa Rosa;final;530.54;1786.222;530.54;346.222;64.008
406;1;Los Espinos + Santa Rosa;final;1353.007;1802.556;1353.007;362.556;270.125
407;1;Los Espinos + Santa Rosa;final;1407.124;1818.889;1407.124;378.889;294.002
407.1;1;Los Espinos + Santa Rosa;final;1522.19;2822.507;82.19;1382.507;64.953
408;1;Los Espinos + Santa Rosa;final;1371.182;1835.222;1371.182;395.222;287.228
409;1;Los Espinos + Santa Rosa;final;1373.507;1843.389;1373.507;403.389;270.125
410;1;Los Espinos + Santa Rosa;final;1223.874;1851.556;1223.874;411.556;213.999
411;1;Los Espinos + Santa Rosa;final;1432.701;1867.889;1432.701;427.889;311.368
412;1;Los Espinos + Santa Rosa;final;1386.357;1868.056;1386.357;428.056;270.125
413;1;Los Espinos + Santa Rosa;final;1296.994;1725.544;1296.994;285.544;292.719
413.1;1;Los Espinos + Santa Rosa;final;1385.935;2636.405;1385.935;1196.405;85.905
414;1;Los Espinos + Santa Rosa;final;1233.434;1735.544;1233.434;295.544;303.968
414.1;1;Los Espinos + Santa Rosa;final;1339.804;2578.668;1339.804;1138.668;89.506
415;1;Los Espinos + Santa Rosa;final;1243.942;1745.544;1243.942;305.544;275.357
415.1;1;Los Espinos + Santa Rosa;final;1371.215;2642.587;1371.215;1202.587;83.007
416;1;Los Espinos + Santa Rosa;final;1256.155;1755.544;1256.155;315.544;284.696
416.1;1;Los Espinos + Santa Rosa;final;1406.452;2634.078;1406.452;1194.078;93.627
417;1;Los Espinos + Santa Rosa;final;1411.934;1765.544;1411.934;325.544;285.785
417.1;1;Los Espinos + Santa Rosa;final;1525.266;2795.82;85.266;1355.82;77.404
418;1;Los Espinos + Santa Rosa;final;1206.7;1775.544;1206.7;335.544;266.943
418.1;1;Los Espinos + Santa Rosa;final;1540.775;2566.4;100.775;1126.4;170.972
419;1;Los Espinos + Santa Rosa;final;524.202;1785.544;524.202;345.544;64.823
420;1;Los Espinos + Santa Rosa;final;534.202;1795.544;534.202;355.544;64.823
421;1;Los Espinos + Santa Rosa;final;544.202;1805.544;544.202;365.544;64.823
422;1;Los Espinos + Santa Rosa;final;554.202;1815.544;554.202;375.544;64.823
423;1;Los Espinos + Santa Rosa;final;564.202;1825.544;564.202;385.544;64.823
424;1;Los Espinos + Santa Rosa;final;1279.681;1835.544;1279.681;395.544;258.728
425;1;Los Espinos + Santa Rosa;final;1330.284;1845.544;1330.284;405.544;309.331
425.1;1;Los Espinos + Santa Rosa;final;1450.381;2690.724;10.381;1250.724;99.323
426;1;Los Espinos + Santa Rosa;final;1369.804;1855.544;1369.804;415.544;283.79
426.1;1;Los Espinos + Santa Rosa;final;1534.688;2770.828;94.688;1330.828;96.397
427;1;Los Espinos + Santa Rosa;final;1371.12;1875.544;1371.12;435.544;287.732
427.1;1;Los Espinos + Santa Rosa;final;1480.614;2778.049;40.614;1338.049;60.058
428;1;Los Espinos + Santa Rosa;final;1382.127;1794.971;1382.127;354.971;311.543
429;1;Los Espinos + Santa Rosa;final;1266.617;1809.971;1266.617;369.971;275.582
430;1;Los Espinos + Santa Rosa;final;1315.048;1854.971;1315.048;414.971;175.109
431;1;Los Espinos + Santa Rosa;final;1323.292;1869.971;1323.292;429.971;264.57
432;1;Los Espinos + Santa Rosa;final;1426.511;1884.971;1426.511;444.971;313.637
432.1;1;Los Espinos + Santa Rosa;final;1524.031;2777.825;84.031;1337.825;90.272
433;1;Los Espinos + Santa Rosa;final;1239.965;1726.474;1239.965;286.474;187.358
434;1;Los Espinos + Santa Rosa;final;1284.386;1741.474;1284.386;301.474;300.566
435;1;Los Espinos + Santa Rosa;final;1215.617;1756.474;1215.617;316.474;273.696
436;1;Los Espinos + Santa Rosa;final;1313.426;1771.474;1313.426;331.474;311.786
436.1;1;Los Espinos + Santa Rosa;final;1413.052;2645.137;1413.052;1205.137;97.236
437;1;Los Espinos + Santa Rosa;final;1320.994;1786.474;1320.994;346.474;312.52
437.1;1;Los Espinos + Santa Rosa;final;1536.108;2666.405;96.108;1226.405;142.247
438;1;Los Espinos + Santa Rosa;final;1230.665;1801.474;1230.665;361.474;274.154
439;1;Los Espinos + Santa Rosa;final;1297.035;1816.474;1297.035;376.474;270.505
440;1;Los Espinos + Santa Rosa;final;1245.922;1831.474;1245.922;391.474;260.174
441;1;Los Espinos + Santa Rosa;final;1285.069;1846.474;1285.069;406.474;274.454
442;1;Los Espinos + Santa Rosa;final;1299.115;1861.474;1299.115;421.474;271.952
443;1;Los Espinos + Santa Rosa;final;1283.702;1876.474;1283.702;436.474;261.948
444;1;Los Espinos + Santa Rosa;final;1249.884;2506.407;1249.884;1066.407;76.146
445;1;Los Espinos + Santa Rosa;final;1233.467;2506.474;1233.467;1066.474;76.146
446;1;Vespucio Norte;final;1211.736;1762.624;1211.736;322.624;279.033
447;1;Vespucio Norte;final;1340.622;1774.624;1340.622;334.624;296.915
447.1;1;Vespucio Norte;final;1461.789;2726.069;21.789;1286.069;85.152
448;1;Vespucio Norte;final;1294.135;1833.124;1294.135;393.124;291.648
449;1;Vespucio Norte;final;1364.646;1866.874;1364.646;426.874;291.807
450;1;La Reina;final;1172.95;1744.307;1172.95;304.307;252.474
450.1;1;La Reina;final;1455.266;2555.353;15.266;1115.353;147.235
451;1;La Reina;final;1334.755;1756.307;1334.755;316.307;314.37
452;1;La Reina;final;1415.841;1768.307;1415.841;328.307;314.935
452.1;1;La Reina;final;1473.212;2810.624;33.212;1370.624;48.217
453;1;La Reina;final;1319.243;1780.307;1319.243;340.307;274.34
454;1;La Reina;final;1369.063;1789.307;1369.063;349.307;300.49
455;1;La Reina;final;1301.466;1798.307;1301.466;358.307;277.696
456;1;La Reina;final;1375.886;1807.307;1375.886;367.307;292.935
456.1;1;La Reina;final;1476.22;2775.708;36.22;1335.708;66.793
457;1;La Reina;final;1319.715;1816.307;1319.715;376.307;280.975
458;1;La Reina;final;1409.381;1852.307;1409.381;412.307;297.277
459;1;La Reina;final;1484.498;1879.307;44.498;439.307;308.137
460;1;La Reina;final;1241.143;1888.307;1241.143;448.307;227.785
461;1;La Reina;final;1388.955;1897.307;1388.955;457.307;284.715
461.1;1;La Reina;final;1467.365;2779.784;27.365;1339.784;57.72
462;1;La Reina;final;1294.731;1906.307;1294.731;466.307;229.245
463;1;La Reina;final;1456.388;1915.307;16.388;475.307;313.95
463.1;1;La Reina;final;1535.898;2848.318;95.898;1408.318;57.72
464;1;La Reina;final;1083.762;1467.777;1083.762;27.777;273.403
464.1;1;La Reina;final;1364.212;2464.131;1364.212;1024.131;118.921
465;1;La Reina;final;1240.1;1737.777;1240.1;297.777;295.562
465.1;1;La Reina;final;1379.681;2622.981;1379.681;1182.981;81.165
466;1;La Reina;final;1160.905;1749.777;1160.905;309.777;267.214
467;1;La Reina;final;1269.238;1773.777;1269.238;333.777;263.925
468;1;La Reina;final;1188.872;1785.777;1188.872;345.777;241.491
469;1;La Reina;final;1381.198;1797.777;1381.198;357.777;289.418
470;1;La Reina;final;1360.015;1812.777;1360.015;372.777;284.187
470.1;1;La Reina;final;1464.5;2744.91;24.5;1304.91;81.23
471;1;La Reina;final;1345.862;1820.277;1345.862;380.277;274.734
472;1;La Reina;final;1262.031;1842.777;1262.031;402.777;230.95
473;1;La Reina;final;1308.471;1865.277;1308.471;425.277;239.473
474;1;La Reina;final;1354.465;1887.777;1354.465;447.777;254.939
475;1;La Reina;final;1384.593;1932.777;1384.593;492.777;267.964
476;1;Vespucio Norte;final;1287.061;1766.488;1287.061;326.488;304.522
477;1;Vespucio Norte;final;1286.445;1796.488;1286.445;356.488;278.861
478;1;Vespucio Norte;final;1281.145;1851.488;1281.145;411.488;279.431
479;1;Vespucio Norte;final;1361.847;1861.488;1361.847;421.488;182.548
480;1;Los Espinos + Santa Rosa;final;1210.027;1716.405;1210.027;276.405;270.612
480.1;1;Los Espinos + Santa Rosa;final;1465.976;2558.311;25.976;1118.311;147.205
481;1;Los Espinos + Santa Rosa;final;1238.544;1724.972;1238.544;284.972;290.899
482;1;Los Espinos + Santa Rosa;final;1259.028;1733.539;1259.028;293.539;292.106
483;1;Los Espinos + Santa Rosa;final;1302.613;1742.105;1302.613;302.105;297.943
483.1;1;Los Espinos + Santa Rosa;final;1466.608;2708.87;26.608;1268.87;89.764
484;1;Los Espinos + Santa Rosa;final;1255.027;1750.672;1255.027;310.672;270.612
484.1;1;Los Espinos + Santa Rosa;final;1384.781;2602.092;1384.781;1162.092;90.272
485;1;Los Espinos + Santa Rosa;final;1273.961;1759.239;1273.961;319.239;270.612
485.1;1;Los Espinos + Santa Rosa;final;1382.081;2619.292;1382.081;1179.292;90.272
486;1;Los Espinos + Santa Rosa;final;1412.31;1767.805;1412.31;327.805;314.321
487;1;Los Espinos + Santa Rosa;final;1178.609;1776.372;1178.609;336.372;235.839
488;1;Los Espinos + Santa Rosa;final;1456.06;1776.405;16.06;336.405;314.321
489;1;Los Espinos + Santa Rosa;final;1295.921;1783.905;1295.921;343.905;272.44
490;1;Los Espinos + Santa Rosa;final;1272.504;1791.405;1272.504;351.405;272.44
491;1;Los Espinos + Santa Rosa;final;1353.961;1798.905;1353.961;358.905;270.612
492;1;Los Espinos + Santa Rosa;final;1267.51;1806.405;1267.51;366.405;225.245
493;1;Los Espinos + Santa Rosa;final;1277.51;1813.905;1277.51;373.905;225.245
494;1;Los Espinos + Santa Rosa;final;1357.112;1821.405;1357.112;381.405;255.839
495;1;Los Espinos + Santa Rosa;final;1295.142;1836.405;1295.142;396.405;253.714
496;1;Los Espinos + Santa Rosa;final;1468.166;1843.905;28.166;403.905;310.593
497;1;Los Espinos + Santa Rosa;final;1294.394;1858.905;1294.394;418.905;225.245
498;1;Los Espinos + Santa Rosa;final;1342.395;1866.405;1342.395;426.405;279.261
499;1;Los Espinos + Santa Rosa;final;1354.402;1738.205;1354.402;298.205;314.689
500;1;Los Espinos + Santa Rosa;final;1395.41;1746.772;1395.41;306.772;301.73
500.1;1;Los Espinos + Santa Rosa;final;1526.628;2769.357;86.628;1329.357;91.194
501;1;Los Espinos + Santa Rosa;final;1242.539;1772.472;1242.539;332.472;279.934
501.1;1;Los Espinos + Santa Rosa;final;1383.889;2643.041;1383.889;1203.041;71.883
502;1;Los Espinos + Santa Rosa;final;1338.591;1797.138;1338.591;357.138;311.706
503;1;Los Espinos + Santa Rosa;final;1307.681;1804.638;1307.681;364.638;265.289
504;1;Los Espinos + Santa Rosa;final;1324.815;1819.638;1324.815;379.638;265.289
505;1;Los Espinos + Santa Rosa;final;741.373;1399.437;741.373;1399.437;287.416
505.1;1;Los Espinos + Santa Rosa;final;1271.44;2161.327;1271.44;721.327;147.805
506;1;Los Espinos + Santa Rosa;final;1196.513;1429.437;1196.513;1429.437;312.528
506.1;1;Los Espinos + Santa Rosa;final;1366.381;2543.997;1366.381;1103.997;108.914
507;1;Los Espinos + Santa Rosa;final;553.567;1769.437;553.567;329.437;84.187
508;1;Los Espinos + Santa Rosa;final;1252.569;1789.437;1252.569;349.437;246.736
509;1;Los Espinos + Santa Rosa;final;1242.208;1796.937;1242.208;356.937;297.201
509.1;1;Los Espinos + Santa Rosa;final;1473.617;2620.709;33.617;1180.709;128.18
510;1;Los Espinos + Santa Rosa;final;1277.362;1804.437;1277.362;364.437;278.54
511;1;Los Espinos + Santa Rosa;final;1147.338;1418.213;1147.338;1418.213;299.853
511.1;1;Los Espinos + Santa Rosa;final;1379.972;2526.168;1379.972;1086.168;136.748
512;1;Los Espinos + Santa Rosa;final;933.618;1448.213;933.618;8.213;303.52
512.1;1;Los Espinos + Santa Rosa;final;1461.207;2312.449;21.207;872.449;207.43
513;1;Los Espinos + Santa Rosa;final;1030.319;1478.213;1030.319;38.213;292.155
513.1;1;Los Espinos + Santa Rosa;final;1586.782;2474.881;146.782;1034.881;190.397
514;1;Los Espinos + Santa Rosa;final;1281.909;1748.213;1281.909;308.213;291.643
515;1;Los Espinos + Santa Rosa;final;1256.461;1753.663;1256.461;313.663;279.024
515.1;1;Los Espinos + Santa Rosa;final;1335.192;2611.976;1335.192;1171.976;79.536
516;1;Los Espinos + Santa Rosa;final;1356.275;1759.113;1356.275;319.113;290.746
517;1;Los Espinos + Santa Rosa;final;1274.558;1764.563;1274.558;324.563;293.896
518;1;Los Espinos + Santa Rosa;final;1293.355;1770.013;1293.355;330.013;281.516
519;1;Los Espinos + Santa Rosa;final;1269.608;1775.463;1269.608;335.463;258.016
519.1;1;Los Espinos + Santa Rosa;final;1381.981;2662.737;1381.981;1222.737;83.007
520;1;Los Espinos + Santa Rosa;final;1331.379;1780.913;1331.379;340.913;306.742
520.1;1;Los Espinos + Santa Rosa;final;1516.707;2658.246;76.707;1218.246;131.121
521;1;Los Espinos + Santa Rosa;final;1354.113;1786.363;1354.113;346.363;312.018
521.1;1;Los Espinos + Santa Rosa;final;1398.78;2710.347;1398.78;1270.347;57.776
522;1;Los Espinos + Santa Rosa;final;1391.779;1791.813;1391.779;351.813;300.776
523;1;Los Espinos + Santa Rosa;final;1312.655;1797.263;1312.655;357.263;314.766
523.1;1;Los Espinos + Santa Rosa;final;1413.836;2716.111;1413.836;1276.111;65.029
524;1;Los Espinos + Santa Rosa;final;1370.307;1802.713;1370.307;362.713;313.893
524.1;1;Los Espinos + Santa Rosa;final;1448.252;2761.163;8.252;1321.163;53.835
525;1;Los Espinos + Santa Rosa;final;1286.696;1808.163;1286.696;368.163;281.304
526;1;Los Espinos + Santa Rosa;final;1246.358;1808.213;1246.358;368.213;271.801
526.1;1;Los Espinos + Santa Rosa;final;1361.981;2642.737;1361.981;1202.737;83.007
527;1;Los Espinos + Santa Rosa;final;1355.374;1818.213;1355.374;378.213;270.306
528;1;Los Espinos + Santa Rosa;final;1384.725;1823.213;1384.725;383.213;283.394
529;1;Los Espinos + Santa Rosa;final;1322.942;1828.213;1322.942;388.213;268.587
530;1;Los Espinos + Santa Rosa;final;1365.258;1833.213;1365.258;393.213;295.999
530.1;1;Los Espinos + Santa Rosa;final;1505.132;2798.008;65.132;1358.008;71.54
531;1;Los Espinos + Santa Rosa;final;1346.651;1838.213;1346.651;398.213;279.84
532;1;Los Espinos + Santa Rosa;final;1191.307;1843.213;1191.307;403.213;218.206
533;1;Los Espinos + Santa Rosa;final;1279.146;1848.213;1279.146;408.213;246.014
534;1;Los Espinos + Santa Rosa;final;1219.558;1853.213;1219.558;413.213;231.264
535;1;Los Espinos + Santa Rosa;final;1295.621;1858.213;1295.621;418.213;232.974
536;1;Los Espinos + Santa Rosa;final;1391.842;1863.213;1391.842;423.213;299.525
537;1;Los Espinos + Santa Rosa;final;1325.789;1868.213;1325.789;428.213;285.608
537.1;1;Los Espinos + Santa Rosa;final;1468.355;2739.168;28.355;1299.168;70.927
538;1;Los Espinos + Santa Rosa;final;1377.814;1873.213;1377.814;433.213;310.915
538.1;1;Los Espinos + Santa Rosa;final;1494.038;2727.53;54.038;1287.53;88.295
539;1;Los Espinos + Santa Rosa;final;1315.904;1878.213;1315.904;438.213;251.627
540;1;Los Espinos + Santa Rosa;final;1437.736;1888.213;1437.736;448.213;313.099
541;1;Los Espinos + Santa Rosa;final;1293.665;1898.213;1293.665;458.213;240.002
542;1;El Conquistador;final;1218.286;1560.768;1218.286;120.768;299.742
542.1;1;El Conquistador;final;1403.436;2617.412;1403.436;1177.412;118.876
543;1;El Conquistador;final;1235.844;1599.335;1235.844;159.335;306.977
544;1;El Conquistador;final;1195.786;1637.901;1195.786;197.901;297.724
544.1;1;El Conquistador;final;1494.194;2591.712;54.194;1151.712;146.853
545;1;El Conquistador;final;1270.786;1676.468;1270.786;236.468;299.742
545.1;1;El Conquistador;final;1452.354;2665.83;12.354;1225.83;122.182
546;1;El Conquistador;final;1249.903;1715.035;1249.903;275.035;299.742
546.1;1;El Conquistador;final;1370.487;2643.33;1370.487;1203.33;85.956
547;1;El Conquistador;final;1279.34;1753.601;1279.34;313.601;276.1
548;1;El Conquistador;final;1137.018;1753.635;1137.018;313.635;214.458
549;1;El Conquistador;final;1303.34;1763.635;1303.34;323.635;276.1
549.1;1;El Conquistador;final;1417.461;2717.885;1417.461;1277.885;61.31
550;1;El Conquistador;final;1355.653;1773.635;1355.653;333.635;300.921
551;1;El Conquistador;final;1358.337;1783.635;1358.337;343.635;300.212
552;1;El Conquistador;final;1287.536;1793.635;1287.536;353.635;295.035
552.1;1;El Conquistador;final;1479.02;2688.33;39.02;1248.33;122.182
553;1;El Conquistador;final;1348.603;1803.635;1348.603;363.635;298.837
554;1;El Conquistador;final;1233.036;1813.635;1233.036;373.635;279.779
555;1;El Conquistador;final;1378.911;1824.885;1378.911;384.885;306.977
556;1;El Conquistador;final;1391.761;1836.135;1391.761;396.135;306.977
557;1;El Conquistador;final;1271.844;1881.135;1271.844;441.135;245.56
558;1;El Conquistador;final;1443.161;1892.385;3.161;452.385;306.977
558.1;1;El Conquistador;final;1475.24;2785.119;35.24;1345.119;60.817
559;1;El Conquistador;final;1250.561;1903.635;1250.561;463.635;245.56
560;1;El Conquistador;final;1298.561;1942.185;1298.561;502.185;245.56
561;1;El Conquistador;final;1505.502;1993.635;65.502;553.635;314.887
562;1;El Conquistador;final;1342.702;2263.635;1342.702;823.635;174.548
563;1;El Conquistador;final;1258.008;2303.635;1258.008;863.635;124.448
564;1;El Conquistador;final;683.784;1385.119;683.784;1385.119;305.756
564.1;1;El Conquistador;final;1306.303;2134.233;1306.303;694.233;185.227
565;1;El Conquistador;final;1337.661;1415.119;1337.661;1415.119;304.183
565.1;1;El Conquistador;final;1382.134;2710.316;1382.134;1270.316;57.759
566;1;El Conquistador;final;1246.008;1735.119;1246.008;295.119;295.784
567;1;El Conquistador;final;1186.008;1745.119;1186.008;305.119;222.706
568;1;El Conquistador;final;544.534;1755.119;544.534;315.119;96.232
569;1;El Conquistador;final;1260.885;1765.119;1260.885;325.119;246.606
570;1;El Conquistador;final;1286.561;1775.119;1286.561;335.119;294.063
571;1;El Conquistador;final;1323.869;1786.369;1323.869;346.369;301.973
571.1;1;El Conquistador;final;1490.502;2680.259;50.502;1240.259;106.778
572;1;El Conquistador;final;1310.561;1808.869;1310.561;368.869;294.063
573;1;El Conquistador;final;1182.469;1820.119;1182.469;380.119;266.865
573.1;1;El Conquistador;final;1403.337;2583.145;1403.337;1143.145;121.968
574;1;El Conquistador;final;1192.469;1831.369;1192.469;391.369;266.865
575;1;El Conquistador;final;1334.022;1842.619;1334.022;402.619;290.24
575.1;1;El Conquistador;final;1515.862;2715.468;75.862;1275.468;121.438
576;1;El Conquistador;final;1322.772;1853.869;1322.772;413.869;283.923
576.1;1;El Conquistador;final;1419.629;2704.218;1419.629;1264.218;74.465
577;1;El Conquistador;final;1139.942;1865.119;1139.942;425.119;161.29
578;1;El Conquistador;final;1532.354;2459.119;92.354;1019.119;208.266
579;1;El Conquistador;final;1334.561;2471.119;1334.561;1031.119;109.813
580;1;El Conquistador;final;1346.561;2483.119;1346.561;1043.119;109.813
581;1;El Conquistador;final;1408.379;2495.119;1408.379;1055.119;146.058
582;1;El Conquistador;final;1367.002;2531.119;1367.002;1091.119;111.406
583;1;Los Espinos + Santa Rosa;final;1362.76;1769.437;1362.76;329.437;310.844
584;1;Los Espinos + Santa Rosa;final;1357.302;1789.437;1357.302;349.437;297.261
584.1;1;Los Espinos + Santa Rosa;final;1428.475;2710.649;1428.475;1270.649;73.421
585;1;Los Espinos + Santa Rosa;final;1195.275;1868.187;1195.275;428.187;225.214
586;1;Los Espinos + Santa Rosa;final;1289.684;1748.213;1289.684;308.213;278.365
586.1;1;Los Espinos + Santa Rosa;final;1506.898;2652.1;66.898;1212.1;135.897
587;1;Los Espinos + Santa Rosa;final;1327.208;1758.213;1327.208;318.213;304.381
587.1;1;Los Espinos + Santa Rosa;final;1503.394;2699.521;63.394;1259.521;119.756
588;1;Los Espinos + Santa Rosa;final;1313.231;1768.213;1313.231;328.213;304.934
588.1;1;Los Espinos + Santa Rosa;final;1473.958;2751.277;33.958;1311.277;61.377
589;1;Los Espinos + Santa Rosa;final;1315.536;1778.213;1315.536;338.213;279.713
590;1;Los Espinos + Santa Rosa;final;1215.171;1788.213;1215.171;348.213;235.352
591;1;Los Espinos + Santa Rosa;final;1279.072;1798.213;1279.072;358.213;286.484
591.1;1;Los Espinos + Santa Rosa;final;1380.086;2682.361;1380.086;1242.361;65.029
592;1;Los Espinos + Santa Rosa;final;1321.472;1808.213;1321.472;368.213;279.909
592.1;1;Los Espinos + Santa Rosa;final;1455.642;2727.361;15.642;1287.361;79.639
593;1;Los Espinos + Santa Rosa;final;1338.64;1815.713;1338.64;375.713;287.11
593.1;1;Los Espinos + Santa Rosa;final;1448.44;2674.572;8.44;1234.572;92.659
594;1;Los Espinos + Santa Rosa;final;1395.242;1823.213;1395.242;383.213;281.548
594.1;1;Los Espinos + Santa Rosa;final;1516.742;2798.103;76.742;1358.103;77.443
595;1;Los Espinos + Santa Rosa;final;1361.88;1830.713;1361.88;390.713;284.984
596;1;Los Espinos + Santa Rosa;final;1337.123;1838.213;1337.123;398.213;295.81
596.1;1;Los Espinos + Santa Rosa;final;1477.839;2706.621;37.839;1266.621;104.102
597;1;Los Espinos + Santa Rosa;final;1410.877;1845.713;1410.877;405.713;314.037
598;1;Los Espinos + Santa Rosa;final;1347.993;1853.213;1347.993;413.213;259.204
599;1;Los Espinos + Santa Rosa;final;1409.225;1860.713;1409.225;420.713;283.594
600;1;Los Espinos + Santa Rosa;final;1256.951;1868.213;1256.951;428.213;240.261
601;1;Los Espinos + Santa Rosa;final;1339.553;1875.713;1339.553;435.713;241.693
602;1;Los Espinos + Santa Rosa;final;749.655;1472.641;749.655;32.641;281.804
602.1;1;Los Espinos + Santa Rosa;final;1479.114;2179.695;39.114;739.695;242.672
603;1;Los Espinos + Santa Rosa;final;1205.527;1452.081;1205.527;12.081;312.435
603.1;1;Los Espinos + Santa Rosa;final;1283.307;2564.392;1283.307;1124.392;70.129
604;1;Los Espinos + Santa Rosa;final;1201.86;1632.081;1201.86;192.081;289.093
604.1;1;Los Espinos + Santa Rosa;final;1450.635;2610.284;10.635;1170.284;100.012
605;1;Los Espinos + Santa Rosa;final;1489.586;1722.081;49.586;282.081;278.934
606;1;Los Espinos + Santa Rosa;final;1369.843;1730.648;1369.843;290.648;302.064
607;1;Los Espinos + Santa Rosa;final;1238.911;1739.214;1238.911;299.214;262.106
608;1;Los Espinos + Santa Rosa;final;1310.026;1747.781;1310.026;307.781;307.495
608.1;1;Los Espinos + Santa Rosa;final;1508.564;2664.976;68.564;1224.976;124.194
609;1;Los Espinos + Santa Rosa;final;1320.182;1764.914;1320.182;324.914;309.909
609.1;1;Los Espinos + Santa Rosa;final;1518.998;2663.536;78.998;1223.536;162.87
610;1;Los Espinos + Santa Rosa;final;1354.437;1773.481;1354.437;333.481;302.753
610.1;1;Los Espinos + Santa Rosa;final;1472.276;2758.296;32.276;1318.296;58.587
611;1;Los Espinos + Santa Rosa;final;1394.654;1782.081;1394.654;342.081;298.745
611.1;1;Los Espinos + Santa Rosa;final;1493.111;2806.83;53.111;1366.83;57.961
612;1;Los Espinos + Santa Rosa;final;1407.261;1814.748;1407.261;374.748;314.231
613;1;Los Espinos + Santa Rosa;final;1404.929;1822.914;1404.929;382.914;285.955
614;1;Los Espinos + Santa Rosa;final;1470.944;1872.081;30.944;432.081;300.382
615;1;Los Espinos + Santa Rosa;final;1175.903;1753.72;1175.903;313.72;293.505
615.1;1;Los Espinos + Santa Rosa;final;1366.414;2571.041;1366.414;1131.041;96.025
616;1;Los Espinos + Santa Rosa;final;1196.866;1773.72;1196.866;333.72;265.505
617;1;Los Espinos + Santa Rosa;final;1295.708;1816.22;1295.708;376.22;287.647
618;1;Los Espinos + Santa Rosa;final;1360.308;1872.47;1360.308;432.47;291.305
618.1;1;Los Espinos + Santa Rosa;final;1417.375;2683.741;1417.375;1243.741;82.549
619;1;Los Espinos + Santa Rosa;final;1287.486;1883.72;1287.486;443.72;241.247
620;1;Los Espinos + Santa Rosa;final;1282.942;1761.573;1282.942;321.573;280.022
621;1;Los Espinos + Santa Rosa;final;1193.055;1791.573;1193.055;351.573;236.49
622;1;Los Espinos + Santa Rosa;final;1345.208;1826.573;1345.208;386.573;308.838
622.1;1;Los Espinos + Santa Rosa;final;1387.139;2723.72;1387.139;1283.72;47.829
623;1;Los Espinos + Santa Rosa;final;543.567;1846.573;543.567;406.573;48.363
624;1;La Reina;final;1282.862;1734.131;1282.862;294.131;297.03
625;1;La Reina;final;1297.495;1746.131;1297.495;306.131;297.03
625.1;1;La Reina;final;1409.212;2679.131;1409.212;1239.131;74.47
626;1;La Reina;final;1279.243;1758.131;1279.243;318.131;300.873
627;1;La Reina;final;1319.295;1770.131;1319.295;330.131;296.725
628;1;La Reina;final;1182.862;1782.131;1182.862;342.131;252.274
629;1;La Reina;final;1362.895;1794.131;1362.895;354.131;297.03
630;1;La Reina;final;1373.795;1804.131;1373.795;364.131;297.03
631;1;La Reina;final;1384.695;1814.131;1384.695;374.131;297.03
632;1;La Reina;final;1395.595;1824.131;1395.595;384.131;297.03
633;1;La Reina;final;1262.862;1834.131;1262.862;394.131;252.579
634;1;La Reina;final;1379.212;1844.131;1379.212;404.131;297.03
635;1;La Reina;final;1394.212;1864.131;1394.212;424.131;297.03
636;1;La Reina;final;1479.438;1917.881;39.438;477.881;313.671
637;1;La Reina;final;1351.995;1929.131;1351.995;489.131;252.274
638;1;Vespucio Norte;final;1147.23;1434.396;1147.23;1434.396;307.084
638.1;1;Vespucio Norte;final;1391.847;2558.154;1391.847;1118.154;106.23
639;1;Vespucio Norte;final;818.539;1454.396;818.539;14.396;314.944
639.1;1;Vespucio Norte;final;1276.023;2282.257;1276.023;842.257;117.698
640;1;Vespucio Norte;intermedia;921.139;941.0;921.139;941.0;301.652
640;2;Vespucio Norte;final;1047.572;1474.396;1047.572;34.396;42.284
640.1;1;Vespucio Norte;final;1436.646;2446.119;1436.646;1006.119;166.498
641;1;Vespucio Norte;intermedia;948.356;970.0;948.356;970.0;303.975
641;2;Vespucio Norte;final;1099.739;1494.396;1099.739;54.396;40.206
641.1;1;Vespucio Norte;final;1316.509;2542.074;1316.509;1102.074;69.266
642;1;Vespucio Norte;final;1124.723;1674.262;1124.723;234.262;266.2
642.1;1;Vespucio Norte;final;1356.143;2562.829;1356.143;1122.829;94.124
643;1;Vespucio Norte;final;1302.206;1764.196;1302.206;324.196;300.859
643.1;1;Vespucio Norte;final;1528.189;2743.146;88.189;1303.146;96.05
644;1;Vespucio Norte;final;1246.346;1764.396;1246.346;324.396;288.872
644.1;1;Vespucio Norte;final;1325.379;2677.372;1325.379;1237.372;42.97
645;1;Vespucio Norte;final;1268.617;1771.896;1268.617;331.896;265.655
646;1;Vespucio Norte;final;1295.689;1779.396;1295.689;339.396;283.288
646.1;1;Vespucio Norte;final;1514.856;2731.896;74.856;1291.896;96.05
647;1;Vespucio Norte;final;1307.493;1786.896;1307.493;346.896;291.182
648;1;Vespucio Norte;final;1168.473;1794.396;1168.473;354.396;240.743
648.1;1;Vespucio Norte;final;1435.473;2608.912;1435.473;1168.912;96.05
649;1;Vespucio Norte;final;1135.056;1801.896;1135.056;361.896;225.308
649.1;1;Vespucio Norte;final;1365.36;2572.046;1365.36;1132.046;94.124
650;1;Vespucio Norte;final;1378.239;1809.396;1378.239;369.396;300.859
650.1;1;Vespucio Norte;final;1453.956;2814.396;13.956;1374.396;38.07
651;1;Vespucio Norte;final;1372.317;1816.896;1372.317;376.896;295.549
652;1;Vespucio Norte;final;1392.828;1824.396;1392.828;384.396;306.613
652.1;1;Vespucio Norte;final;1495.985;2809.599;55.985;1369.599;57.415
653;1;Vespucio Norte;final;1230.206;1831.896;1230.206;391.896;242.88
654;1;Vespucio Norte;final;1404.784;1839.396;1404.784;399.396;301.295
655;1;Vespucio Norte;final;1111.056;1846.896;1111.056;406.896;202.967
656;1;Vespucio Norte;final;1421.839;1854.396;1421.839;414.396;302.996
656.1;1;Vespucio Norte;final;1567.493;2855.057;127.493;1415.057;69.266
657;1;Vespucio Norte;final;1307.293;1861.896;1307.293;421.896;255.543
658;1;Vespucio Norte;final;1205.951;1869.396;1205.951;429.396;207.676
659;1;Vespucio Norte;final;1371.223;1876.896;1371.223;436.896;283.288
659.1;1;Vespucio Norte;final;1567.077;2807.729;127.077;1367.729;94.124
660;1;Vespucio Norte;final;1247.131;1884.396;1247.131;444.396;221.084
661;1;Vespucio Norte;final;1353.867;1891.896;1353.867;451.896;265.655
662;1;Vespucio Norte;final;1278.017;1899.396;1278.017;459.396;231.824
663;1;Vespucio Norte;final;1391.089;1906.896;1391.089;466.896;268.007
664;1;Vespucio Norte;final;1490.373;1914.396;50.373;474.396;313.665
665;1;Vespucio Norte;final;1354.81;2535.762;1354.81;1095.762;94.124
666;1;Vespucio Norte;final;1580.41;2544.329;140.41;1104.329;187.743
667;1;Vespucio Norte;final;1553.743;2544.396;113.743;1104.396;187.743
668;1;Vespucio Norte;intermedia;582.946;587.0;582.946;587.0;292.473
668;2;Vespucio Norte;intermedia;693.112;715.0;693.112;715.0;34.311
668;3;Vespucio Norte;intermedia;821.612;844.0;821.612;844.0;34.311
668;4;Vespucio Norte;final;1109.225;1338.243;1109.225;1338.243;91.552
668.1;1;Vespucio Norte;final;1326.379;2436.054;1326.379;996.054;127.988
669;1;Vespucio Norte;final;1087.23;1358.243;1087.23;1358.243;309.355
669.1;1;Vespucio Norte;final;1490.316;2497.824;50.316;1057.824;159.238
670;1;Vespucio Norte;final;901.045;1378.243;901.045;1378.243;311.128
670.1;1;Vespucio Norte;final;1293.095;2311.184;1293.095;871.184;131.522
671;1;Vespucio Norte;final;414.052;1398.243;414.052;1398.243;224.059
672;1;Vespucio Norte;final;1242.776;1675.743;1242.776;235.743;307.564
673;1;Vespucio Norte;final;582.745;1683.243;582.745;243.243;131.486
674;1;Vespucio Norte;final;1248.617;1698.243;1248.617;258.243;284.174
675;1;Vespucio Norte;final;1079.423;1705.743;1079.423;265.743;258.778
675.1;1;Vespucio Norte;final;1328.167;2514.424;1328.167;1074.424;79.378
676;1;Vespucio Norte;final;1072.751;1720.743;1072.751;280.743;235.4
676.1;1;Vespucio Norte;final;1329.11;2510.062;1329.11;1070.062;94.124
677;1;Vespucio Norte;final;1249.789;1728.243;1249.789;288.243;281.118
677.1;1;Vespucio Norte;final;1474.856;2686.896;34.856;1246.896;96.05
678;1;Vespucio Norte;final;1254.223;1743.243;1254.223;303.243;275.856
678.1;1;Vespucio Norte;final;1439.051;2687.957;1439.051;1247.957;79.378
679;1;Vespucio Norte;final;1191.056;1750.743;1191.056;310.743;260.914
679.1;1;Vespucio Norte;final;1434.856;2627.346;1434.856;1187.346;96.05
680;1;Vespucio Norte;final;1379.567;1765.743;1379.567;325.743;311.931
681;1;Vespucio Norte;final;1355.689;1773.243;1355.689;333.243;293.924
682;1;Vespucio Norte;final;1240.143;1780.743;1240.143;340.743;262.104
683;1;Vespucio Norte;final;1265.123;1850.91;1265.123;410.91;243.826
684;1;Vespucio Norte;final;1408.956;1859.077;1408.956;419.077;314.125
684.1;1;Vespucio Norte;final;1483.956;2844.396;43.956;1404.396;38.07
685;1;Vespucio Norte;final;1310.379;1867.243;1310.379;427.243;303.113
685.1;1;Vespucio Norte;final;1478.322;2740.913;38.322;1300.913;75.541
686;1;Vespucio Norte;final;1171.034;1908.243;1171.034;468.243;199.761
687;1;Los Espinos + Santa Rosa;final;1239.712;1746.438;1239.712;306.438;291.869
687.1;1;Los Espinos + Santa Rosa;final;1375.59;2611.438;1375.59;1171.438;101.061
688;1;Los Espinos + Santa Rosa;final;1247.315;1753.938;1247.315;313.938;289.276
688.1;1;Los Espinos + Santa Rosa;final;1547.794;2619.738;107.794;1179.738;180.81
689;1;Los Espinos + Santa Rosa;final;1372.528;1761.438;1372.528;321.438;293.775
690;1;Los Espinos + Santa Rosa;final;1258.215;1768.938;1258.215;328.938;289.276
690.1;1;Los Espinos + Santa Rosa;final;1489.136;2630.866;49.136;1190.866;135.955
691;1;Los Espinos + Santa Rosa;final;1223.681;1776.438;1223.681;336.438;287.942
692;1;Los Espinos + Santa Rosa;final;1289.57;1783.938;1289.57;343.938;300.902
692.1;1;Los Espinos + Santa Rosa;final;1444.071;2691.561;4.071;1251.561;79.476
693;1;Los Espinos + Santa Rosa;final;1339.684;1791.438;1339.684;351.438;314.78
693.1;1;Los Espinos + Santa Rosa;final;1394.135;2703.574;1394.135;1263.574;64.39
694;1;Los Espinos + Santa Rosa;final;1302.471;1802.004;1302.471;362.004;275.191
695;1;Los Espinos + Santa Rosa;final;1318.256;1807.288;1318.256;367.288;299.358
695.1;1;Los Espinos + Santa Rosa;final;1370.075;2716.327;1370.075;1276.327;39.83
696;1;Los Espinos + Santa Rosa;final;1314.512;1865.404;1314.512;425.404;280.88
696.1;1;Los Espinos + Santa Rosa;final;1513.45;2691.221;73.45;1251.221;116.504
697;1;Los Espinos + Santa Rosa;final;1403.742;1881.438;1403.742;441.438;302.446
697.1;1;Los Espinos + Santa Rosa;final;1513.651;2801.588;73.651;1361.588;76.007
698;1;Los Espinos + Santa Rosa;final;1233.453;1747.466;1233.453;307.466;300.234
699;1;Los Espinos + Santa Rosa;final;1326.217;1753.466;1326.217;313.466;294.095
699.1;1;Los Espinos + Santa Rosa;final;1381.963;2653.431;1381.963;1213.431;76.031
700;1;Los Espinos + Santa Rosa;final;1167.648;1759.466;1167.648;319.466;270.081
700.1;1;Los Espinos + Santa Rosa;final;1290.231;2519.297;1290.231;1079.297;91.53
701;1;Los Espinos + Santa Rosa;final;1274.612;1765.466;1274.612;325.466;313.362
701.1;1;Los Espinos + Santa Rosa;final;1487.794;2657.471;47.794;1217.471;124.296
702;1;Los Espinos + Santa Rosa;final;1326.651;1771.466;1326.651;331.466;301.849
702.1;1;Los Espinos + Santa Rosa;final;1518.755;2720.287;78.755;1280.287;102.331
703;1;Los Espinos + Santa Rosa;final;1316.88;1845.633;1316.88;405.633;262.486
704;1;Los Espinos + Santa Rosa;final;528.336;1726.846;528.336;286.846;98.692
705;1;Los Espinos + Santa Rosa;final;1285.536;1746.846;1285.536;306.846;299.613
705.1;1;Los Espinos + Santa Rosa;final;1543.373;2694.168;103.373;1254.168;128.745
706;1;Los Espinos + Santa Rosa;final;1289.68;1766.846;1289.68;326.846;295.443
706.1;1;Los Espinos + Santa Rosa;final;1367.278;2642.476;1367.278;1202.476;87.115
707;1;Los Espinos + Santa Rosa;final;1281.379;1774.346;1281.379;334.346;284.869
708;1;Los Espinos + Santa Rosa;final;1345.415;1789.346;1345.415;349.346;309.566
708.1;1;Los Espinos + Santa Rosa;final;1495.059;2720.816;55.059;1280.816;99.715
709;1;Los Espinos + Santa Rosa;final;1291.909;1796.846;1291.909;356.846;277.306
710;1;Los Espinos + Santa Rosa;final;1285.269;1804.346;1285.269;364.346;252.162
711;1;Los Espinos + Santa Rosa;final;1389.166;1811.846;1389.166;371.846;314.388
711.1;1;Los Espinos + Santa Rosa;final;1475.374;2759.521;35.374;1319.521;76.497
712;1;Los Espinos + Santa Rosa;final;1259.975;1819.346;1259.975;379.346;260.699
713;1;Los Espinos + Santa Rosa;final;1462.05;1892.846;22.05;452.846;299.718
713.1;1;Los Espinos + Santa Rosa;final;1521.116;2811.945;81.116;1371.945;71.272
714;1;Los Espinos + Santa Rosa;final;1325.505;1745.196;1325.505;305.196;304.426
714.1;1;Los Espinos + Santa Rosa;final;1400.85;2737.769;1400.85;1297.769;47.804
715;1;Los Espinos + Santa Rosa;final;1207.775;1752.696;1207.775;312.696;268.689
715.1;1;Los Espinos + Santa Rosa;final;1328.915;2600.287;1328.915;1160.287;83.007
716;1;Los Espinos + Santa Rosa;final;1327.114;1760.196;1327.114;320.196;300.119
716.1;1;Los Espinos + Santa Rosa;final;1547.413;2674.397;107.413;1234.397;127.9
717;1;Los Espinos + Santa Rosa;final;1341.825;1767.696;1341.825;327.696;298.663
717.1;1;Los Espinos + Santa Rosa;final;1478.749;2720.709;38.749;1280.709;94.253
718;1;Los Espinos + Santa Rosa;final;1200.055;1775.196;1200.055;335.196;229.538
719;1;Los Espinos + Santa Rosa;final;1362.484;1782.696;1362.484;342.696;283.901
719.1;1;Los Espinos + Santa Rosa;final;1530.857;2744.42;90.857;1304.42;99.575
720;1;Los Espinos + Santa Rosa;final;1253.942;1790.196;1253.942;350.196;262.93
720.1;1;Los Espinos + Santa Rosa;final;1417.725;2652.737;1417.725;1212.737;106.651
721;1;Los Espinos + Santa Rosa;final;1352.108;1797.696;1352.108;357.696;290.243
722;1;Los Espinos + Santa Rosa;final;1271.402;1804.612;1271.402;364.612;253.41
723;1;Los Espinos + Santa Rosa;final;1392.892;1811.529;1392.892;371.529;287.029
724;1;Los Espinos + Santa Rosa;final;738.006;1368.849;738.006;1368.849;313.949
724.1;1;Los Espinos + Santa Rosa;final;1275.347;2161.227;1275.347;721.227;149.441
725;1;Los Espinos + Santa Rosa;final;612.09;1388.849;612.09;1388.849;285.488
725.1;1;Los Espinos + Santa Rosa;final;1281.388;2017.327;1281.388;577.327;198.773
726;1;Los Espinos + Santa Rosa;final;638.39;1408.849;638.39;1408.849;283.549
726.1;1;Los Espinos + Santa Rosa;final;1241.388;2009.905;1241.388;569.905;190.784
727;1;Los Espinos + Santa Rosa;final;988.321;1428.849;988.321;1428.849;295.083
727.1;1;Los Espinos + Santa Rosa;final;1352.88;2395.915;1352.88;955.915;141.311
728;1;Los Espinos + Santa Rosa;final;511.771;1455.849;511.771;15.849;233.167
729;1;Los Espinos + Santa Rosa;final;650.092;1400.053;650.092;1400.053;305.513
729.1;1;Los Espinos + Santa Rosa;final;1436.707;2034.976;1436.707;594.976;251.032
730;1;Los Espinos + Santa Rosa;final;725.37;1420.053;725.37;1420.053;304.952
730.1;1;Los Espinos + Santa Rosa;final;1356.123;2134.847;1356.123;694.847;208.076
731;1;Los Espinos + Santa Rosa;final;705.169;1440.053;705.169;0.053;308.939
731.1;1;Los Espinos + Santa Rosa;final;1289.489;2109.976;1289.489;669.976;184.292
732;1;Los Espinos + Santa Rosa;final;996.942;1460.053;996.942;20.053;299.665
732.1;1;Los Espinos + Santa Rosa;final;1311.011;2427.637;1311.011;987.637;143.627
733;1;Los Espinos + Santa Rosa;final;1183.775;1741.937;1183.775;301.937;279.072
734;1;Los Espinos + Santa Rosa;final;1320.595;1746.937;1320.595;306.937;298.996
734.1;1;Los Espinos + Santa Rosa;final;1471.019;2748.415;31.019;1308.415;65.914
735;1;Los Espinos + Santa Rosa;final;1258.094;1751.937;1258.094;311.937;301.624
735.1;1;Los Espinos + Santa Rosa;final;1381.719;2606.311;1381.719;1166.311;93.523
736;1;Los Espinos + Santa Rosa;final;1340.951;1756.937;1340.951;316.937;309.285
736.1;1;Los Espinos + Santa Rosa;final;1380.069;2661.875;1380.069;1221.875;76.982
737;1;Los Espinos + Santa Rosa;final;1313.792;1761.937;1313.792;321.937;298.364
738;1;Los Espinos + Santa Rosa;final;1240.418;1766.937;1240.418;326.937;286.172
739;1;Los Espinos + Santa Rosa;final;1296.275;1771.937;1296.275;331.937;296.419
740;1;Los Espinos + Santa Rosa;final;1307.402;1776.937;1307.402;336.937;287.333
741;1;Los Espinos + Santa Rosa;final;1267.508;1781.937;1267.508;341.937;285.167
742;1;Los Espinos + Santa Rosa;final;1191.575;1786.937;1191.575;346.937;241.73
743;1;Los Espinos + Santa Rosa;final;1255.413;1791.937;1255.413;351.937;289.886
743.1;1;Los Espinos + Santa Rosa;final;1484.553;2610.576;44.553;1170.576;139.171
744;1;Los Espinos + Santa Rosa;final;1385.75;1796.937;1385.75;356.937;304.613
744.1;1;Los Espinos + Santa Rosa;final;1483.355;2746.474;43.355;1306.474;83.324
745;1;Los Espinos + Santa Rosa;final;1338.008;1801.937;1338.008;361.937;299.288
745.1;1;Los Espinos + Santa Rosa;final;1408.103;2731.937;1408.103;1291.937;53.79
746;1;Los Espinos + Santa Rosa;final;1345.514;1807.553;1345.514;367.553;290.701
746.1;1;Los Espinos + Santa Rosa;final;1418.446;2697.497;1418.446;1257.497;72.411
747;1;Los Espinos + Santa Rosa;final;1319.292;1813.17;1319.292;373.17;278.382
747.1;1;Los Espinos + Santa Rosa;final;1495.832;2713.937;55.832;1273.937;102.395
748;1;Los Espinos + Santa Rosa;final;1357.634;1818.787;1357.634;378.787;291.594
749;1;Los Espinos + Santa Rosa;final;1173.475;1824.403;1173.475;384.403;232.054
750;1;Los Espinos + Santa Rosa;final;1280.255;1830.02;1280.255;390.02;254.848
751;1;Los Espinos + Santa Rosa;final;1333.203;1846.87;1333.203;406.87;273.697
751.1;1;Los Espinos + Santa Rosa;final;1442.229;2764.214;2.229;1324.214;51.507
752;1;Los Espinos + Santa Rosa;final;1379.148;1852.487;1379.148;412.487;294.17
752.1;1;Los Espinos + Santa Rosa;final;1495.715;2754.519;55.715;1314.519;82.882
753;1;Los Espinos + Santa Rosa;final;1345.242;1858.103;1345.242;418.103;272.437
754;1;Los Espinos + Santa Rosa;final;1294.551;1863.72;1294.551;423.72;282.78
755;1;Los Espinos + Santa Rosa;final;1352.951;1869.337;1352.951;429.337;288.575
756;1;Los Espinos + Santa Rosa;final;1395.029;1880.57;1395.029;440.57;275.21
757;1;Los Espinos + Santa Rosa;final;1244.344;1886.187;1244.344;446.187;256.555
758;1;Los Espinos + Santa Rosa;final;1498.893;1891.803;58.893;451.803;298.195
759;1;Los Espinos + Santa Rosa;final;1363.242;1891.937;1363.242;451.937;296.419
759.1;1;Los Espinos + Santa Rosa;final;1522.725;2762.737;82.725;1322.737;106.651
760;1;Los Espinos + Santa Rosa;final;1147.969;1789.763;1147.969;349.763;298.958
760.1;1;Los Espinos + Santa Rosa;final;1412.472;2509.976;1412.472;1069.976;147.143
761;1;Los Espinos + Santa Rosa;final;1417.392;1879.763;1417.392;439.763;303.422
762;1;Los Espinos + Santa Rosa;final;1242.47;1744.362;1242.47;304.362;312.973
762.1;1;Los Espinos + Santa Rosa;final;1345.358;2620.597;1345.358;1180.597;62.143
763;1;Los Espinos + Santa Rosa;final;1252.088;1751.029;1252.088;311.029;273.369
763.1;1;Los Espinos + Santa Rosa;final;1363.538;2635.915;1363.538;1195.915;74.056
764;1;Los Espinos + Santa Rosa;final;1215.621;1757.696;1215.621;317.696;284.443
764.1;1;Los Espinos + Santa Rosa;final;1341.227;2611.379;1341.227;1171.379;71.024
765;1;Los Espinos + Santa Rosa;final;1285.242;1771.029;1285.242;331.029;309.834
765.1;1;Los Espinos + Santa Rosa;final;1364.371;2693.103;1364.371;1253.103;46.872
766;1;Los Espinos + Santa Rosa;final;1303.192;1784.362;1303.192;344.362;306.251
766.1;1;Los Espinos + Santa Rosa;final;1488.166;2658.526;48.166;1218.526;126.699
767;1;Los Espinos + Santa Rosa;final;1364.936;1797.696;1364.936;357.696;314.977
768;1;Los Espinos + Santa Rosa;final;1165.369;1768.061;1165.369;328.061;237.211
769;1;Los Espinos + Santa Rosa;final;1271.192;1776.628;1271.192;336.628;293.799
770;1;Los Espinos + Santa Rosa;final;1305.196;1785.194;1305.196;345.194;304.264
771;1;Los Espinos + Santa Rosa;final;1315.002;1793.761;1315.002;353.761;309.307
772;1;Los Espinos + Santa Rosa;final;1274.622;1793.794;1274.622;353.794;258.838
773;1;Los Espinos + Santa Rosa;final;1264.972;1800.711;1264.972;360.711;277.285
773.1;1;Los Espinos + Santa Rosa;final;1368.836;2671.111;1368.836;1231.111;65.029
774;1;Los Espinos + Santa Rosa;final;1257.451;1807.628;1257.451;367.628;263.844
775;1;Los Espinos + Santa Rosa;final;1246.651;1869.878;1246.651;429.878;239.424
776;1;Los Espinos + Santa Rosa;final;1371.588;1883.794;1371.588;443.794;295.266
777;1;Los Espinos + Santa Rosa;final;1264.019;1722.363;1264.019;282.363;296.675
778;1;Los Espinos + Santa Rosa;final;1199.838;1727.363;1199.838;287.363;291.166
779;1;Los Espinos + Santa Rosa;final;1222.1;1732.363;1222.1;292.363;290.343
780;1;Los Espinos + Santa Rosa;final;1272.101;1747.363;1272.101;307.363;305.85
781;1;Los Espinos + Santa Rosa;final;1322.703;1752.363;1322.703;312.363;302.237
781.1;1;Los Espinos + Santa Rosa;final;1522.985;2700.825;82.985;1260.825;112.774
782;1;Los Espinos + Santa Rosa;final;1307.88;1767.363;1307.88;327.363;298.409
783;1;Los Espinos + Santa Rosa;final;780.292;1403.794;780.292;1403.794;299.073
783.1;1;Los Espinos + Santa Rosa;final;1521.808;2225.305;81.808;785.305;268.797
784;1;Los Espinos + Santa Rosa;final;928.465;1423.794;928.465;1423.794;310.45
784.1;1;Los Espinos + Santa Rosa;final;1332.346;2314.542;1332.346;874.542;144.964
785;1;Los Espinos + Santa Rosa;final;1022.086;1463.794;1022.086;23.794;293.054
785.1;1;Los Espinos + Santa Rosa;final;1490.5;2432.737;50.5;992.737;218.695
786;1;Los Espinos + Santa Rosa;final;737.263;1387.363;737.263;1387.363;305.138
786.1;1;Los Espinos + Santa Rosa;final;1395.065;2134.377;1395.065;694.377;234.657
787;1;Los Espinos + Santa Rosa;final;857.814;1417.363;857.814;1417.363;308.241
787.1;1;Los Espinos + Santa Rosa;final;1461.953;2242.218;21.953;802.218;226.274
788;1;Los Espinos + Santa Rosa;final;859.482;1403.995;859.482;1403.995;285.843
788.1;1;Los Espinos + Santa Rosa;final;1449.552;2239.8;9.552;799.8;204.911
789;1;Los Espinos + Santa Rosa;final;986.501;1423.995;986.501;1423.995;301.972
789.1;1;Los Espinos + Santa Rosa;final;1379.231;2415.72;1379.231;975.72;142.354
790;1;Los Espinos + Santa Rosa;final;899.289;1443.995;899.289;3.995;280.642
790.1;1;Los Espinos + Santa Rosa;final;1411.998;2295.928;1411.998;855.928;201.339
791;1;Los Espinos + Santa Rosa;final;1275.893;1753.995;1275.893;313.995;295.817
791.1;1;Los Espinos + Santa Rosa;final;1413.958;2644.201;1413.958;1204.201;81.107
792;1;Los Espinos + Santa Rosa;final;1312.114;1773.995;1312.114;333.995;293.916
792.1;1;Los Espinos + Santa Rosa;final;1385.467;2658.947;1385.467;1218.947;76.934
793;1;Los Espinos + Santa Rosa;final;1277.678;1793.995;1277.678;353.995;290.001
794;1;Los Espinos + Santa Rosa;final;1341.982;1802.161;1341.982;362.161;288.276
794.1;1;Los Espinos + Santa Rosa;final;1536.416;2695.542;96.416;1255.542;124.469
795;1;Los Espinos + Santa Rosa;final;1406.54;1810.328;1406.54;370.328;314.307
795.1;1;Los Espinos + Santa Rosa;final;1493.564;2785.248;53.564;1345.248;71.461
796;1;Los Espinos + Santa Rosa;final;1383.621;1818.495;1383.621;378.495;293.564
797;1;Los Espinos + Santa Rosa;final;1481.427;1875.661;41.427;435.661;312.144
798;1;Los Espinos + Santa Rosa;final;1447.139;1883.828;7.139;443.828;302.238
799;1;Los Espinos + Santa Rosa;final;1453.488;1883.995;13.488;443.995;314.301
800;1;Los Espinos + Santa Rosa;final;758.951;1388.554;758.951;1388.554;312.449
800.1;1;Los Espinos + Santa Rosa;final;1479.385;2121.875;39.385;681.875;293.84
801;1;Los Espinos + Santa Rosa;final;1197.989;1418.554;1197.989;1418.554;312.359
801.1;1;Los Espinos + Santa Rosa;final;1446.82;2595.041;6.82;1155.041;125.802
802;1;Los Espinos + Santa Rosa;final;1323.374;1742.554;1323.374;302.554;306.445
802.1;1;Los Espinos + Santa Rosa;final;1503.373;2697.263;63.373;1257.263;111.405
803;1;Los Espinos + Santa Rosa;final;776.339;1399.763;776.339;1399.763;311.181
803.1;1;Los Espinos + Santa Rosa;final;1577.935;2210.245;137.935;770.245;283.724
804;1;Los Espinos + Santa Rosa;final;528.055;1429.763;528.055;1429.763;203.347
805;1;Los Espinos + Santa Rosa;final;1316.858;1767.263;1316.858;327.263;300.257
806;1;Los Espinos + Santa Rosa;final;1149.253;1782.263;1149.253;342.263;233.635
807;1;Los Espinos + Santa Rosa;final;1177.486;1789.763;1177.486;349.763;241.667
808;1;Los Espinos + Santa Rosa;final;1290.727;1803.597;1290.727;363.597;292.882
808.1;1;Los Espinos + Santa Rosa;final;1506.473;2645.676;66.473;1205.676;145.059
809;1;Los Espinos + Santa Rosa;final;736.125;1407.696;736.125;1407.696;283.087
809.1;1;Los Espinos + Santa Rosa;final;1475.479;2184.437;35.479;744.437;236.904
810;1;Los Espinos + Santa Rosa;final;729.655;1437.696;729.655;1437.696;293.828
810.1;1;Los Espinos + Santa Rosa;final;1476.061;2153.995;36.061;713.995;239.808
811;1;Los Espinos + Santa Rosa;final;1329.166;1737.696;1329.166;297.696;299.227
811.1;1;Los Espinos + Santa Rosa;final;1496.59;2697.263;56.59;1257.263;102.791
812;1;Los Espinos + Santa Rosa;final;1384.756;1742.696;1384.756;302.696;304.505
813;1;Los Espinos + Santa Rosa;final;1262.47;1747.696;1262.47;307.696;273.782
814;1;Los Espinos + Santa Rosa;final;1251.922;1752.696;1251.922;312.696;272.634
815;1;Los Espinos + Santa Rosa;final;1181.241;1757.696;1181.241;317.696;287.075
815.1;1;Los Espinos + Santa Rosa;final;1399.164;2552.354;1399.164;1112.354;129.072
816;1;Los Espinos + Santa Rosa;final;1243.775;1762.696;1243.775;322.696;286.188
816.1;1;Los Espinos + Santa Rosa;final;1322.358;2641.87;1322.358;1201.87;52.197
817;1;Los Espinos + Santa Rosa;final;1323.008;1767.696;1323.008;327.696;298.442
817.1;1;Los Espinos + Santa Rosa;final;1508.475;2716.555;68.475;1276.555;103.215
818;1;Los Espinos + Santa Rosa;final;1289.527;1772.696;1289.527;332.696;301.925
819;1;Los Espinos + Santa Rosa;final;1181.336;1777.696;1181.336;337.696;290.516
819.1;1;Los Espinos + Santa Rosa;final;1331.641;2560.709;1331.641;1120.709;89.456
820;1;Los Espinos + Santa Rosa;final;1324.733;1782.696;1324.733;342.696;294.594
821;1;Los Espinos + Santa Rosa;final;1266.651;1787.696;1266.651;347.696;288.033
821.1;1;Los Espinos + Santa Rosa;final;1432.628;2651.12;1432.628;1211.12;89.889
822;1;Los Espinos + Santa Rosa;final;1291.955;1792.696;1291.955;352.696;290.937
822.1;1;Los Espinos + Santa Rosa;final;1491.989;2667.745;51.989;1227.745;120.627
823;1;Los Espinos + Santa Rosa;final;1304.958;1797.696;1304.958;357.696;286.1
823.1;1;Los Espinos + Santa Rosa;final;1495.142;2700.221;55.142;1260.221;103.215
824;1;Los Espinos + Santa Rosa;final;1311.192;1808.789;1311.192;368.789;299.007
825;1;Los Espinos + Santa Rosa;final;1278.496;1821.639;1278.496;381.639;270.57
826;1;Los Espinos + Santa Rosa;final;1202.425;1873.039;1202.425;433.039;222.286
827;1;Los Espinos + Santa Rosa;final;1410.689;1898.789;1410.689;458.789;293.536
828;1;Los Espinos + Santa Rosa;final;1230.81;1737.696;1230.81;297.696;297.846
828.1;1;Los Espinos + Santa Rosa;final;1340.627;2576.405;1340.627;1136.405;92.461
829;1;Los Espinos + Santa Rosa;final;1157.969;1752.696;1157.969;312.696;310.058
829.1;1;Los Espinos + Santa Rosa;final;1308.322;2518.409;1308.322;1078.409;91.795
830;1;Los Espinos + Santa Rosa;final;1294.808;1767.696;1294.808;327.696;293.589
830.1;1;Los Espinos + Santa Rosa;final;1560.528;2669.259;120.528;1229.259;149.593
831;1;Los Espinos + Santa Rosa;final;1274.674;1782.696;1274.674;342.696;294.498
831.1;1;Los Espinos + Santa Rosa;final;1356.907;2655.539;1356.907;1215.539;62.964
832;1;Los Espinos + Santa Rosa;final;902.218;1399.521;902.218;1399.521;314.495
832.1;1;Los Espinos + Santa Rosa;final;1311.621;2278.366;1311.621;838.366;152.196
833;1;Los Espinos + Santa Rosa;final;563.886;1429.521;563.886;1429.521;237.281
834;1;Los Espinos + Santa Rosa;final;558.755;1755.221;558.755;315.221;105.894
835;1;Los Espinos + Santa Rosa;final;1282.47;1772.354;1282.47;332.354;293.327
835.1;1;Los Espinos + Santa Rosa;final;1361.031;2660.671;1361.031;1220.671;64.248
836;1;Los Espinos + Santa Rosa;final;1200.992;1780.921;1200.992;340.921;261.289
836.1;1;Los Espinos + Santa Rosa;final;1365.069;2595.055;1365.069;1155.055;93.694
837;1;Los Espinos + Santa Rosa;final;1285.362;1789.488;1285.362;349.488;298.706
838;1;Los Espinos + Santa Rosa;final;1370.083;1789.521;1370.083;349.521;303.009
838.1;1;Los Espinos + Santa Rosa;final;1457.302;2804.632;17.302;1364.632;43.387
839;1;Los Espinos + Santa Rosa;final;1375.621;1804.521;1375.621;364.521;299.567
840;1;Los Espinos + Santa Rosa;final;1344.166;1812.021;1344.166;372.021;293.071
840.1;1;Los Espinos + Santa Rosa;final;1496.207;2719.521;56.207;1279.521;104.921
841;1;Los Espinos + Santa Rosa;final;1270.784;1872.021;1270.784;432.021;259.488
842;1;Los Espinos + Santa Rosa;final;1338.497;1879.521;1338.497;439.521;252.927
843;1;Los Espinos + Santa Rosa;final;849.732;1385.708;849.732;1385.708;289.984
843.1;1;Los Espinos + Santa Rosa;final;1374.811;2271.863;1374.811;831.863;186.388
844;1;Los Espinos + Santa Rosa;final;536.22;1415.708;536.22;1415.708;185.592
845;1;Los Espinos + Santa Rosa;final;1261.548;1738.208;1261.548;298.208;306.299
845.1;1;Los Espinos + Santa Rosa;final;1466.911;2608.536;26.911;1168.536;127.917
846;1;Los Espinos + Santa Rosa;final;1211.425;1745.708;1211.425;305.708;278.969
846.1;1;Los Espinos + Santa Rosa;final;1344.364;2651.008;1344.364;1211.008;53.419
847;1;Los Espinos + Santa Rosa;final;1350.392;1753.208;1350.392;313.208;314.114
847.1;1;Los Espinos + Santa Rosa;final;1511.452;2747.737;71.452;1307.737;87.373
848;1;Los Espinos + Santa Rosa;final;1279.621;1768.208;1279.621;328.208;303.348
849;1;Los Espinos + Santa Rosa;final;1215.5;1775.708;1215.5;335.708;267.904
850;1;Los Espinos + Santa Rosa;final;1380.375;1865.708;1380.375;425.708;299.545
850.1;1;Los Espinos + Santa Rosa;final;1517.332;2750.709;77.332;1310.709;98.614
851;1;Los Espinos + Santa Rosa;final;1255.166;1719.976;1255.166;279.976;309.06
851.1;1;Los Espinos + Santa Rosa;final;1365.657;2629.454;1365.657;1189.454;76.497
852;1;Los Espinos + Santa Rosa;final;1265.682;1726.642;1265.682;286.642;308.001
852.1;1;Los Espinos + Santa Rosa;final;1449.427;2622.042;9.427;1182.042;117.436
853;1;Los Espinos + Santa Rosa;final;1253.925;1733.309;1253.925;293.309;300.641
854;1;Los Espinos + Santa Rosa;final;1213.725;1739.976;1213.725;299.976;283.749
854.1;1;Los Espinos + Santa Rosa;final;1339.689;2609.937;1339.689;1169.937;76.17
855;1;Los Espinos + Santa Rosa;final;1163.974;1746.642;1163.974;306.642;295.838
855.1;1;Los Espinos + Santa Rosa;final;1491.704;2545.494;51.704;1105.494;154.693
856;1;Los Espinos + Santa Rosa;final;1277.882;1753.309;1277.882;313.309;276.58
857;1;Los Espinos + Santa Rosa;final;1247.192;1759.976;1247.192;319.976;302.119
857.1;1;Los Espinos + Santa Rosa;final;1519.596;2601.359;79.596;1161.359;146.04
858;1;Los Espinos + Santa Rosa;final;1368.652;1766.642;1368.652;326.642;305.492
859;1;Los Espinos + Santa Rosa;final;1229.346;1773.309;1229.346;333.309;285.96
859.1;1;Los Espinos + Santa Rosa;final;1366.963;2576.697;1366.963;1136.697;98.463
860;1;Los Espinos + Santa Rosa;final;1341.756;1779.976;1341.756;339.976;308.189
861;1;Los Espinos + Santa Rosa;final;1300.663;1785.592;1300.663;345.592;306.065
861.1;1;Los Espinos + Santa Rosa;final;1493.163;2650.377;53.163;1210.377;124.443
862;1;Los Espinos + Santa Rosa;final;1359.261;1791.209;1359.261;351.209;305.67
862.1;1;Los Espinos + Santa Rosa;final;1391.741;2712.081;1391.741;1272.081;54.491
863;1;Los Espinos + Santa Rosa;final;1298.246;1796.826;1298.246;356.826;313.67
863.1;1;Los Espinos + Santa Rosa;final;1508.896;2649.976;68.896;1209.976;116.818
864;1;Los Espinos + Santa Rosa;final;1287.475;1802.442;1287.475;362.442;270.593
865;1;Los Espinos + Santa Rosa;final;1298.674;1808.059;1298.674;368.059;299.113
865.1;1;Los Espinos + Santa Rosa;final;1385.65;2671.589;1385.65;1231.589;66.243
866;1;Los Espinos + Santa Rosa;final;1237.005;1813.676;1237.005;373.676;275.619
866.1;1;Los Espinos + Santa Rosa;final;1346.336;2648.611;1346.336;1208.611;65.029
867;1;Los Espinos + Santa Rosa;final;551.242;1819.292;551.242;379.292;79.536
868;1;Los Espinos + Santa Rosa;final;1272.252;1824.909;1272.252;384.909;275.935
869;1;Los Espinos + Santa Rosa;final;1280.119;1830.526;1280.119;390.526;265.976
869.1;1;Los Espinos + Santa Rosa;final;1413.096;2709.881;1413.096;1269.881;56.287
870;1;Los Espinos + Santa Rosa;final;1255.439;1836.142;1255.439;396.142;275.619
870.1;1;Los Espinos + Santa Rosa;final;1357.586;2659.861;1357.586;1219.861;65.029
871;1;Los Espinos + Santa Rosa;final;1323.946;1841.759;1323.946;401.759;300.27
871.1;1;Los Espinos + Santa Rosa;final;1431.741;2676.226;1431.741;1236.226;99.697
872;1;Los Espinos + Santa Rosa;final;1312.507;1847.376;1312.507;407.376;262.452
873;1;Los Espinos + Santa Rosa;final;1334.808;1852.992;1334.808;412.992;285.732
874;1;Los Espinos + Santa Rosa;final;1272.092;1858.609;1272.092;418.609;264.463
874.1;1;Los Espinos + Santa Rosa;final;1395.873;2667.555;1395.873;1227.555;74.855
875;1;Los Espinos + Santa Rosa;final;1370.966;1864.226;1370.966;424.226;296.272
875.1;1;Los Espinos + Santa Rosa;final;1526.261;2790.591;86.261;1350.591;81.105
876;1;Los Espinos + Santa Rosa;final;1305.536;1869.842;1305.536;429.842;257.275
877;1;Los Espinos + Santa Rosa;final;1421.186;1869.976;1421.186;429.976;296.629
877.1;1;Los Espinos + Santa Rosa;final;1535.563;2857.547;95.563;1417.547;51.507
878;1;Los Espinos + Santa Rosa;final;1313.989;1789.521;1313.989;349.521;307.525
879;1;Los Espinos + Santa Rosa;final;1126.337;1800.771;1126.337;360.771;240.413
880;1;Los Espinos + Santa Rosa;final;1339.758;1879.521;1339.758;439.521;275.51
880.1;1;Los Espinos + Santa Rosa;final;1445.118;2733.055;5.118;1293.055;76.007
881;1;Los Espinos + Santa Rosa;final;1272.355;1783.875;1272.355;343.875;300.512
881.1;1;Los Espinos + Santa Rosa;final;1370.913;2646.845;1370.913;1206.845;72.977
882;1;Vespucio Norte;final;1363.445;1749.372;1363.445;309.372;265.553
883;1;Vespucio Norte;final;1216.262;1753.972;1216.262;313.972;217.514
884;1;Vespucio Norte;final;1336.445;1758.572;1336.445;318.572;265.553
885;1;Vespucio Norte;final;1390.445;1763.172;1390.445;323.172;286.16
886;1;Vespucio Norte;final;1341.312;1767.772;1341.312;327.772;265.553
887;1;Vespucio Norte;final;1425.762;1772.372;1425.762;332.372;292.987
887.1;1;Vespucio Norte;final;1492.428;2832.705;52.428;1392.705;43.852
888;1;Vespucio Norte;final;1466.378;1776.972;26.378;336.972;299.814
889;1;Vespucio Norte;final;1246.262;1781.572;1246.262;341.572;222.107
890;1;Vespucio Norte;final;1363.578;1786.172;1363.578;346.172;260.96
891;1;Vespucio Norte;final;1465.762;1790.772;25.762;350.772;309.0
892;1;Vespucio Norte;final;1264.262;1795.372;1264.262;355.372;231.293
893;1;Vespucio Norte;final;1288.247;1799.972;1288.247;359.972;261.074
894;1;Vespucio Norte;final;1354.445;1804.572;1354.445;364.572;249.54
895;1;Vespucio Norte;final;1210.262;1809.372;1210.262;369.372;199.266
896;1;Vespucio Norte;final;1172.862;1814.372;1172.862;374.372;187.846
897;1;Vespucio Norte;final;1449.245;1819.372;9.245;379.372;283.801
898;1;Vespucio Norte;final;1505.762;1839.372;65.762;399.372;292.987
899;1;Vespucio Norte;final;1397.845;1899.372;1397.845;459.372;228.934
900;1;Vespucio Norte;final;1318.262;1749.372;1318.262;309.372;265.553
901;1;Vespucio Norte;final;1282.262;1754.372;1282.262;314.372;233.527
902;1;Vespucio Norte;final;1270.262;1759.372;1270.262;319.372;238.12
903;1;Vespucio Norte;final;1195.23;1764.372;1195.23;324.372;140.637
904;1;Vespucio Norte;final;1254.612;1769.372;1254.612;329.372;233.527
905;1;Vespucio Norte;final;1412.428;1774.372;1412.428;334.372;288.394
905.1;1;Vespucio Norte;final;1479.095;2819.372;39.095;1379.372;43.852
906;1;Vespucio Norte;final;1166.678;1809.372;1166.678;369.372;183.253
907;1;Vespucio Norte;final;1483.512;1821.072;43.512;381.072;297.58
908;1;Vespucio Norte;final;1281.862;1844.472;1281.862;404.472;201.5
909;1;Vespucio Norte;final;1275.978;1848.372;1275.978;408.372;206.093
910;1;Vespucio Norte;final;1300.262;1891.272;1300.262;451.272;203.859
911;1;Los Espinos + Santa Rosa;final;790.792;1403.995;790.792;1403.995;303.878
911.1;1;Los Espinos + Santa Rosa;final;1272.075;2236.937;1272.075;796.937;156.821
912;1;Los Espinos + Santa Rosa;final;800.659;1423.995;800.659;1423.995;293.086
912.1;1;Los Espinos + Santa Rosa;final;1385.242;2246.853;1385.242;806.853;180.181
913;1;Los Espinos + Santa Rosa;final;956.646;1443.995;956.646;3.995;310.837
913.1;1;Los Espinos + Santa Rosa;final;1415.437;2346.846;1415.437;906.846;192.194
914;1;Los Espinos + Santa Rosa;final;1230.496;1757.995;1230.496;317.995;286.763
915;1;Los Espinos + Santa Rosa;final;1264.958;1769.995;1264.958;329.995;286.865
915.1;1;Los Espinos + Santa Rosa;final;1530.925;2659.388;90.925;1219.388;138.948
916;1;Los Espinos + Santa Rosa;final;1231.475;1781.995;1231.475;341.995;263.435
917;1;Los Espinos + Santa Rosa;final;1203.603;1793.995;1203.603;353.995;264.526
917.1;1;Los Espinos + Santa Rosa;final;1486.742;2608.103;46.742;1168.103;137.397
918;1;Los Espinos + Santa Rosa;final;1341.344;1803.995;1341.344;363.995;290.661
918.1;1;Los Espinos + Santa Rosa;final;1456.614;2697.243;16.614;1257.243;89.941
919;1;Los Espinos + Santa Rosa;final;1388.942;1813.995;1388.942;373.995;308.909
919.1;1;Los Espinos + Santa Rosa;final;1496.518;2784.455;56.518;1344.455;76.007
920;1;Los Espinos + Santa Rosa;final;1378.674;1863.995;1378.674;423.995;313.857
920.1;1;Los Espinos + Santa Rosa;final;1444.759;2754.519;4.759;1314.519;58.592
921;1;Los Espinos + Santa Rosa;final;1353.514;1883.995;1353.514;443.995;278.325
921.1;1;Los Espinos + Santa Rosa;final;1494.963;2710.347;54.963;1270.347;105.81
922;1;Los Espinos + Santa Rosa;final;1149.3;1385.708;1149.3;1385.708;306.75
922.1;1;Los Espinos + Santa Rosa;final;1314.424;2488.445;1314.424;1048.445;108.315
923;1;Los Espinos + Santa Rosa;intermedia;725.684;739.0;725.684;739.0;275.631
923;2;Los Espinos + Santa Rosa;final;935.965;1415.708;935.965;1415.708;73.544
923.1;1;Los Espinos + Santa Rosa;final;1402.586;2322.042;1402.586;882.042;176.49
924;1;Los Espinos + Santa Rosa;final;1187.532;1723.208;1187.532;283.208;296.356
924.1;1;Los Espinos + Santa Rosa;final;1490.698;2557.763;50.698;1117.763;133.374
925;1;Los Espinos + Santa Rosa;final;1297.896;1730.708;1297.896;290.708;301.927
925.1;1;Los Espinos + Santa Rosa;final;1461.479;2646.097;21.479;1206.097;117.241
926;1;Los Espinos + Santa Rosa;final;1287.621;1738.208;1287.621;298.208;294.458
927;1;Los Espinos + Santa Rosa;final;1286.241;1745.708;1286.241;305.708;283.383
927.1;1;Los Espinos + Santa Rosa;final;1521.323;2655.221;81.323;1215.221;145.326
928;1;Los Espinos + Santa Rosa;final;1308.022;1760.708;1308.022;320.708;307.279
928.1;1;Los Espinos + Santa Rosa;final;1445.141;2685.194;5.141;1245.194;86.066
929;1;Los Espinos + Santa Rosa;final;1303.908;1768.208;1303.908;328.208;303.906
929.1;1;Los Espinos + Santa Rosa;final;1361.125;2627.491;1361.125;1187.491;82.549
930;1;Los Espinos + Santa Rosa;final;1181.425;1775.708;1181.425;335.708;274.077
930.1;1;Los Espinos + Santa Rosa;final;1401.058;2576.388;1401.058;1136.388;103.215
931;1;Los Espinos + Santa Rosa;final;1301.955;1783.875;1301.955;343.875;301.526
931.1;1;Los Espinos + Santa Rosa;final;1445.332;2678.995;5.332;1238.995;95.693
932;1;Los Espinos + Santa Rosa;final;1334.179;1865.708;1334.179;425.708;282.936
932.1;1;Los Espinos + Santa Rosa;final;1517.107;2684.647;77.107;1244.647;126.497
933;1;Los Espinos + Santa Rosa;final;1295.092;1719.976;1295.092;279.976;296.732
933.1;1;Los Espinos + Santa Rosa;final;1482.089;2730.508;42.089;1290.508;77.374
934;1;Los Espinos + Santa Rosa;final;1226.111;1727.476;1226.111;287.476;288.89
935;1;Los Espinos + Santa Rosa;final;1260.199;1734.976;1260.199;294.976;296.43
935.1;1;Los Espinos + Santa Rosa;final;1385.166;2644.685;1385.166;1204.685;71.872
936;1;Los Espinos + Santa Rosa;final;1238.312;1742.476;1238.312;302.476;253.913
937;1;Los Espinos + Santa Rosa;final;1280.532;1749.976;1280.532;309.976;291.313
937.1;1;Los Espinos + Santa Rosa;final;1518.311;2638.375;78.311;1198.375;136.78
938;1;Los Espinos + Santa Rosa;final;1204.311;1757.476;1204.311;317.476;254.292
939;1;Los Espinos + Santa Rosa;final;1249.052;1764.976;1249.052;324.976;259.515
940;1;Los Espinos + Santa Rosa;final;1422.261;1772.476;1422.261;332.476;314.911
941;1;Los Espinos + Santa Rosa;final;1277.208;1779.976;1277.208;339.976;261.179
942;1;Los Espinos + Santa Rosa;final;1262.626;1786.892;1262.626;346.892;283.375
943;1;Los Espinos + Santa Rosa;final;1307.503;1793.809;1307.503;353.809;289.249
943.1;1;Los Espinos + Santa Rosa;final;1388.88;2741.881;1388.88;1301.881;35.967
944;1;Los Espinos + Santa Rosa;final;1234.448;1800.726;1234.448;360.726;260.002
945;1;Los Espinos + Santa Rosa;final;548.011;1807.642;548.011;367.642;87.115
946;1;Los Espinos + Santa Rosa;final;1093.369;1814.559;1093.369;374.559;281.414
946.1;1;Los Espinos + Santa Rosa;final;1463.841;2480.709;23.841;1040.709;163.438
947;1;Los Espinos + Santa Rosa;final;1183.619;1821.476;1183.619;381.476;217.506
948;1;Los Espinos + Santa Rosa;final;1395.028;1835.309;1395.028;395.309;304.096
949;1;Los Espinos + Santa Rosa;final;1369.56;1842.226;1369.56;402.226;293.609
950;1;Los Espinos + Santa Rosa;final;1240.249;1849.142;1240.249;409.142;217.19
951;1;Los Espinos + Santa Rosa;final;1349.585;1856.059;1349.585;416.059;183.721
952;1;Los Espinos + Santa Rosa;final;1396.303;1862.976;1396.303;422.976;303.44
952.1;1;Los Espinos + Santa Rosa;final;1483.669;2834.881;43.669;1394.881;42.938
953;1;Los Espinos + Santa Rosa;final;1385.482;1869.892;1385.482;429.892;267.901
954;1;Los Espinos + Santa Rosa;final;1382.693;1869.976;1382.693;429.976;294.494
955;1;Los Espinos + Santa Rosa;final;995.965;1407.287;995.965;1407.287;308.373
955.1;1;Los Espinos + Santa Rosa;final;1319.192;2382.042;1319.192;942.042;150.415
956;1;Los Espinos + Santa Rosa;final;1188.084;1427.287;1188.084;1427.287;309.316
956.1;1;Los Espinos + Santa Rosa;final;1370.278;2577.237;1370.278;1137.237;89.889
957;1;Los Espinos + Santa Rosa;final;1076.432;1447.287;1076.432;7.287;309.432
957.1;1;Los Espinos + Santa Rosa;final;1400.437;2469.763;1400.437;1029.763;144.096
958;1;Los Espinos + Santa Rosa;final;1112.967;1467.287;1112.967;27.287;308.529
958.1;1;Los Espinos + Santa Rosa;final;1470.217;2517.103;30.217;1077.103;133.653
959;1;Los Espinos + Santa Rosa;final;1314.322;1770.62;1314.322;330.62;300.292
959.1;1;Los Espinos + Santa Rosa;final;1488.707;2724.168;48.707;1284.168;94.459
960;1;Los Espinos + Santa Rosa;final;1372.73;1777.287;1372.73;337.287;278.585
961;1;Los Espinos + Santa Rosa;final;1345.065;1783.953;1345.065;343.953;300.182
962;1;Los Espinos + Santa Rosa;final;1367.525;1797.287;1367.525;357.287;305.722
962.1;1;Los Espinos + Santa Rosa;final;1501.161;2743.995;61.161;1303.995;87.69
963;1;Los Espinos + Santa Rosa;final;1249.902;1802.57;1249.902;362.57;292.674
963.1;1;Los Espinos + Santa Rosa;final;1316.176;2678.881;1316.176;1238.881;30.429
964;1;Los Espinos + Santa Rosa;final;1453.281;1807.853;13.281;367.853;302.92
964.1;1;Los Espinos + Santa Rosa;final;1513.281;2800.397;73.281;1360.397;66.949
965;1;Los Espinos + Santa Rosa;final;1311.967;1818.42;1311.967;378.42;268.255
966;1;Los Espinos + Santa Rosa;final;1236.586;1839.553;1236.586;399.553;233.201
967;1;Los Espinos + Santa Rosa;final;1448.742;1844.837;8.742;404.837;304.143
967.1;1;Los Espinos + Santa Rosa;final;1580.496;2851.87;140.496;1411.87;78.912
968;1;Los Espinos + Santa Rosa;intermedia;926.936;948.0;926.936;948.0;294.173
968;2;Los Espinos + Santa Rosa;final;1163.298;1388.554;1163.298;1388.554;76.449
968.1;1;Los Espinos + Santa Rosa;final;1445.482;2508.536;5.482;1068.536;167.027
969;1;Los Espinos + Santa Rosa;final;1009.001;1408.554;1009.001;1408.554;301.327
969.1;1;Los Espinos + Santa Rosa;final;1303.146;2434.153;1303.146;994.153;105.851
970;1;Los Espinos + Santa Rosa;final;1038.31;1428.554;1038.31;1428.554;289.389
970.1;1;Los Espinos + Santa Rosa;final;1379.552;2413.201;1379.552;973.201;139.744
971;1;Los Espinos + Santa Rosa;final;1024.001;1448.554;1024.001;8.554;301.327
971.1;1;Los Espinos + Santa Rosa;final;1560.802;2443.37;120.802;1003.37;208.033
972;1;Los Espinos + Santa Rosa;final;1274.221;1743.554;1274.221;303.554;281.793
973;1;Los Espinos + Santa Rosa;final;1240.169;1753.554;1240.169;313.554;295.402
973.1;1;Los Espinos + Santa Rosa;final;1402.298;2669.047;1402.298;1229.047;69.342
974;1;Los Espinos + Santa Rosa;final;574.244;1794.657;574.244;354.657;90.729
975;1;Los Espinos + Santa Rosa;final;1329.52;1824.657;1329.52;384.657;262.692
976;1;Los Espinos + Santa Rosa;final;1239.327;1748.951;1239.327;308.951;276.095
976.1;1;Los Espinos + Santa Rosa;final;1324.344;2593.309;1324.344;1153.309;87.115
977;1;Los Espinos + Santa Rosa;final;802.658;1407.287;802.658;1407.287;290.659
977.1;1;Los Espinos + Santa Rosa;final;1524.553;2252.971;84.553;812.971;274.11
978;1;Los Espinos + Santa Rosa;final;795.929;1437.287;795.929;1437.287;298.023
978.1;1;Los Espinos + Santa Rosa;final;1226.546;2166.097;1226.546;726.097;144.286
979;1;Los Espinos + Santa Rosa;intermedia;935.353;955.0;935.353;955.0;273.825
979;2;Los Espinos + Santa Rosa;final;1095.446;1467.287;1095.446;27.287;51.507
979.1;1;Los Espinos + Santa Rosa;final;1404.931;2450.397;1404.931;1010.397;156.948
980;1;Los Espinos + Santa Rosa;final;1271.336;1761.287;1271.336;321.287;300.071
980.1;1;Los Espinos + Santa Rosa;final;1466.967;2700.881;26.967;1260.881;88.472
981;1;Los Espinos + Santa Rosa;final;1320.663;1773.287;1320.663;333.287;309.455
981.1;1;Los Espinos + Santa Rosa;final;1424.848;2671.797;1424.848;1231.797;91.53
982;1;Los Espinos + Santa Rosa;final;1260.998;1785.287;1260.998;345.287;271.547
983;1;Los Espinos + Santa Rosa;final;1317.961;1797.287;1317.961;357.287;276.304
984;1;Los Espinos + Santa Rosa;final;1340.714;1817.287;1340.714;377.287;293.666
985;1;Los Espinos + Santa Rosa;final;1435.887;1827.287;1435.887;387.287;305.912
985.1;1;Los Espinos + Santa Rosa;final;1527.378;2841.096;87.378;1401.096;57.961
986;1;Los Espinos + Santa Rosa;final;857.911;1387.363;857.911;1387.363;302.409
986.1;1;Los Espinos + Santa Rosa;final;1323.158;2232.081;1323.158;792.081;148.953
987;1;Los Espinos + Santa Rosa;final;829.063;1417.363;829.063;1417.363;307.968
987.1;1;Los Espinos + Santa Rosa;final;1247.555;2224.377;1247.555;784.377;159.229
988;1;Los Espinos + Santa Rosa;final;464.701;1717.363;464.701;277.363;78.304
989;1;Los Espinos + Santa Rosa;final;1237.961;1741.363;1237.961;301.363;283.779
990;1;Los Espinos + Santa Rosa;final;1297.458;1753.363;1297.458;313.363;295.159
991;1;Los Espinos + Santa Rosa;final;1385.863;1819.676;1385.863;379.676;294.602
991.1;1;Los Espinos + Santa Rosa;final;1492.948;2794.62;52.948;1354.62;69.595
992;1;Los Espinos + Santa Rosa;final;1127.446;1443.502;1127.446;3.502;299.8
992.1;1;Los Espinos + Santa Rosa;final;1477.725;2480.397;37.725;1040.397;187.493
993;1;Los Espinos + Santa Rosa;intermedia;799.513;814.0;799.513;814.0;271.456
993;2;Los Espinos + Santa Rosa;final;981.914;1488.502;981.914;48.502;69.595
993.1;1;Los Espinos + Santa Rosa;final;1451.942;2363.502;11.942;923.502;187.953
994;1;Los Espinos + Santa Rosa;final;1127.147;1578.502;1127.147;138.502;308.567
994.1;1;Los Espinos + Santa Rosa;final;1294.435;2565.283;1294.435;1125.283;60.201
995;1;Los Espinos + Santa Rosa;final;1116.713;1623.502;1116.713;183.502;273.583
995.1;1;Los Espinos + Santa Rosa;final;1445.799;2524.437;5.799;1084.437;133.959
996;1;Los Espinos + Santa Rosa;final;1208.88;1713.502;1208.88;273.502;273.583
996.1;1;Los Espinos + Santa Rosa;final;1507.948;2614.62;67.948;1174.62;137.875
997;1;Los Espinos + Santa Rosa;final;1218.096;1722.068;1218.096;282.068;273.583
997.1;1;Los Espinos + Santa Rosa;final;1447.098;2624.62;7.098;1184.62;99.423
998;1;Los Espinos + Santa Rosa;final;1158.087;1730.635;1158.087;290.635;253.71
999;1;Los Espinos + Santa Rosa;final;1295.136;1739.202;1295.136;299.202;290.84
999.1;1;Los Espinos + Santa Rosa;final;1435.95;2725.131;1435.95;1285.131;56.817
1000;1;Los Espinos + Santa Rosa;final;1371.285;1747.768;1371.285;307.768;313.226
1001;1;Los Espinos + Santa Rosa;final;1219.663;1756.335;1219.663;316.335;273.583
1001.1;1;Los Espinos + Santa Rosa;final;1492.979;2634.62;52.979;1194.62;129.422
1002;1;Los Espinos + Santa Rosa;final;1316.678;1764.902;1316.678;324.902;313.483
1002.1;1;Los Espinos + Santa Rosa;final;1431.061;2667.081;1431.061;1227.081;84.949
1003;1;Los Espinos + Santa Rosa;final;1247.313;1773.468;1247.313;333.468;273.583
1003.1;1;Los Espinos + Santa Rosa;final;1464.626;2644.62;24.626;1204.62;108.759
1004;1;Los Espinos + Santa Rosa;final;1284.18;1773.502;1284.18;333.502;273.583
1004.1;1;Los Espinos + Santa Rosa;final;1537.948;2683.17;97.948;1243.17;137.875
1005;1;Los Espinos + Santa Rosa;final;1312.504;1775.881;1312.504;335.881;298.165
1005.1;1;Los Espinos + Santa Rosa;final;1375.002;2723.296;1375.002;1283.296;36.289
1006;1;Los Espinos + Santa Rosa;final;1351.264;1805.881;1351.264;365.881;294.347
1006.1;1;Los Espinos + Santa Rosa;final;1417.717;2722.218;1417.717;1282.218;64.866
1007;1;Los Espinos + Santa Rosa;final;1276.529;1885.881;1276.529;445.881;227.476
1008;1;Los Espinos + Santa Rosa;final;1299.285;1910.881;1299.285;470.881;221.788
1009;1;Los Espinos + Santa Rosa;final;1199.119;1723.138;1199.119;283.138;289.854
1009.1;1;Los Espinos + Santa Rosa;final;1295.735;2630.881;1295.735;1190.881;42.938
1010;1;Los Espinos + Santa Rosa;final;1273.872;1728.138;1273.872;288.138;297.643
1010.1;1;Los Espinos + Santa Rosa;final;1359.166;2679.168;1359.166;1239.168;52.761
1011;1;Los Espinos + Santa Rosa;final;1310.308;1733.138;1310.308;293.138;262.13
1012;1;Los Espinos + Santa Rosa;final;1262.507;1738.138;1262.507;298.138;307.773
1012.1;1;Los Espinos + Santa Rosa;final;1369.324;2659.163;1369.324;1219.163;64.86
1013;1;Los Espinos + Santa Rosa;final;1376.934;1743.138;1376.934;303.138;305.031
1013.1;1;Los Espinos + Santa Rosa;final;1492.346;2749.8;52.346;1309.8;85.313
1014;1;Los Espinos + Santa Rosa;final;1278.786;1748.138;1278.786;308.138;285.423
1015;1;Los Espinos + Santa Rosa;final;1392.346;1753.138;1392.346;313.138;311.572
1016;1;Los Espinos + Santa Rosa;final;1296.651;1758.138;1296.651;318.138;308.341
1016.1;1;Los Espinos + Santa Rosa;final;1486.484;2678.787;46.484;1238.787;105.908
1017;1;Los Espinos + Santa Rosa;final;1290.127;1763.138;1290.127;323.138;285.849
1017.1;1;Los Espinos + Santa Rosa;final;1501.41;2679.929;61.41;1239.929;115.237
1018;1;Los Espinos + Santa Rosa;final;1322.626;1768.138;1322.626;328.138;298.447
1019;1;Los Espinos + Santa Rosa;final;522.902;1773.138;522.902;333.138;79.355
1020;1;Los Espinos + Santa Rosa;final;1364.298;1788.138;1364.298;348.138;304.16
1020.1;1;Los Espinos + Santa Rosa;final;1406.748;2708.536;1406.748;1268.536;67.833
1021;1;Los Espinos + Santa Rosa;final;1302.136;1798.138;1302.136;358.138;271.657
1021.1;1;Los Espinos + Santa Rosa;final;1437.596;2734.381;1437.596;1294.381;56.287
1022;1;Los Espinos + Santa Rosa;final;1298.221;1808.138;1298.221;368.138;262.326
1023;1;Los Espinos + Santa Rosa;final;494.053;1828.138;494.053;388.138;42.129
1024;1;Los Espinos + Santa Rosa;final;1346.853;1833.138;1346.853;393.138;294.32
1024.1;1;Los Espinos + Santa Rosa;final;1470.556;2774.881;30.556;1334.881;54.477
1025;1;Los Espinos + Santa Rosa;final;1176.627;1838.138;1176.627;398.138;211.207
1026;1;Los Espinos + Santa Rosa;final;1269.936;1843.138;1269.936;403.138;231.782
1027;1;Los Espinos + Santa Rosa;final;1210.285;1848.138;1210.285;408.138;223.772
1028;1;Los Espinos + Santa Rosa;final;1052.092;1386.58;1052.092;1386.58;314.513
1028.1;1;Los Espinos + Santa Rosa;final;1312.47;2467.337;1312.47;1027.337;113.208
1029;1;Los Espinos + Santa Rosa;final;934.896;1416.58;934.896;1416.58;310.033
1029.1;1;Los Espinos + Santa Rosa;final;1199.57;2367.261;1199.57;927.261;91.158
1030;1;Los Espinos + Santa Rosa;final;505.836;1716.58;505.836;276.58;95.715
1031;1;Los Espinos + Santa Rosa;final;1263.998;1726.58;1263.998;286.58;303.79
1031.1;1;Los Espinos + Santa Rosa;final;1467.924;2621.975;27.924;1181.975;128.644
1032;1;Los Espinos + Santa Rosa;final;1289.015;1736.58;1289.015;296.58;302.513
1033;1;Los Espinos + Santa Rosa;final;1215.635;1746.58;1215.635;306.58;292.934
1033.1;1;Los Espinos + Santa Rosa;final;1537.979;2660.132;97.979;1220.132;139.398
1034;1;Los Espinos + Santa Rosa;final;1214.108;1756.58;1214.108;316.58;262.308
1034.1;1;Los Espinos + Santa Rosa;final;1383.625;2607.337;1383.625;1167.337;106.651
1035;1;Los Espinos + Santa Rosa;final;1183.68;1766.58;1183.68;326.58;256.29
1036;1;Los Espinos + Santa Rosa;final;1380.592;1776.58;1380.592;336.58;314.056
1037;1;Los Espinos + Santa Rosa;final;1226.208;1783.497;1226.208;343.497;275.652
1037.1;1;Los Espinos + Santa Rosa;final;1448.305;2595.188;8.305;1155.188;125.924
1038;1;Los Espinos + Santa Rosa;final;1287.829;1790.413;1287.829;350.413;265.797
1039;1;Los Espinos + Santa Rosa;final;1236.692;1797.33;1236.692;357.33;270.994
1039.1;1;Los Espinos + Santa Rosa;final;1374.723;2629.721;1374.723;1189.721;74.855
1040;1;Los Espinos + Santa Rosa;final;1475.5;1804.247;35.5;364.247;270.181
1041;1;Los Espinos + Santa Rosa;final;1311.941;1811.163;1311.941;371.163;293.838
1041.1;1;Los Espinos + Santa Rosa;final;1516.839;2680.921;76.839;1240.921;124.132
1042;1;Los Espinos + Santa Rosa;final;1202.975;1818.08;1202.975;378.08;238.071
1043;1;Los Espinos + Santa Rosa;final;1387.114;1824.997;1387.114;384.997;313.089
1044;1;Los Espinos + Santa Rosa;final;1216.621;1831.913;1216.621;391.913;233.212
1045;1;Los Espinos + Santa Rosa;final;1371.379;1838.83;1371.379;398.83;295.164
1045.1;1;Los Espinos + Santa Rosa;final;1535.565;2696.846;95.565;1256.846;139.051
1046;1;Los Espinos + Santa Rosa;final;1468.103;2496.58;28.103;1056.58;178.13
1047;1;Los Espinos + Santa Rosa;final;1251.011;1743.055;1251.011;303.055;307.956
1047.1;1;Los Espinos + Santa Rosa;final;1370.944;2602.081;1370.944;1162.081;85.301
1048;1;Los Espinos + Santa Rosa;final;1349.271;1748.505;1349.271;308.505;291.341
1049;1;Los Espinos + Santa Rosa;final;1251.955;1753.955;1251.955;313.955;294.094
1049.1;1;Los Espinos + Santa Rosa;final;1521.427;2633.995;81.427;1193.995;147.325
1050;1;Los Espinos + Santa Rosa;final;1316.275;1759.405;1316.275;319.405;298.889
1051;1;Los Espinos + Santa Rosa;final;1281.608;1764.855;1281.608;324.855;298.506
1052;1;Los Espinos + Santa Rosa;final;1337.292;1770.305;1337.292;330.305;284.939
1052.1;1;Los Espinos + Santa Rosa;final;1491.323;2731.937;51.323;1291.937;99.127
1053;1;Los Espinos + Santa Rosa;final;1302.942;1775.755;1302.942;335.755;285.617
1054;1;Los Espinos + Santa Rosa;final;1360.61;1781.205;1360.61;341.205;300.972
1054.1;1;Los Espinos + Santa Rosa;final;1498.135;2707.011;58.135;1267.011;97.973
1055;1;Los Espinos + Santa Rosa;final;1322.542;1786.655;1322.542;346.655;284.85
1055.1;1;Los Espinos + Santa Rosa;final;1459.342;2726.853;19.342;1286.853;77.443
1056;1;Los Espinos + Santa Rosa;final;1331.2;1792.105;1331.2;352.105;291.429
1056.1;1;Los Espinos + Santa Rosa;final;1452.211;2690.65;12.211;1250.65;90.063
1057;1;Los Espinos + Santa Rosa;final;1299.967;1797.555;1299.967;357.555;257.331
1058;1;Los Espinos + Santa Rosa;final;1237.775;1803.005;1237.775;363.005;272.011
1058.1;1;Los Espinos + Santa Rosa;final;1364.951;2631.055;1364.951;1191.055;76.007
1059;1;Los Espinos + Santa Rosa;final;1311.955;1803.055;1311.955;363.055;291.676
1060;1;Los Espinos + Santa Rosa;final;1295.192;1809.055;1295.192;369.055;301.172
1060.1;1;Los Espinos + Santa Rosa;final;1507.839;2645.676;67.839;1205.676;147.143
1061;1;Los Espinos + Santa Rosa;final;1327.292;1815.055;1327.292;375.055;266.087
1061.1;1;Los Espinos + Santa Rosa;final;1441.981;2722.737;1.981;1282.737;83.007
1062;1;Los Espinos + Santa Rosa;final;1431.155;1821.055;1431.155;381.055;297.322
1063;1;Los Espinos + Santa Rosa;final;1314.815;1827.055;1314.815;387.055;266.707
1064;1;Los Espinos + Santa Rosa;final;1271.621;1833.055;1271.621;393.055;241.944
1065;1;Los Espinos + Santa Rosa;final;1316.808;1839.055;1316.808;399.055;288.831
1066;1;Los Espinos + Santa Rosa;final;1373.661;1845.055;1373.661;405.055;295.113
1067;1;Los Espinos + Santa Rosa;final;1388.124;1851.055;1388.124;411.055;294.762
1067.1;1;Los Espinos + Santa Rosa;final;1432.725;2709.991;1432.725;1269.991;82.549
1068;1;Los Espinos + Santa Rosa;final;1346.936;1857.055;1346.936;417.055;286.647
1069;1;Los Espinos + Santa Rosa;final;1210.992;1863.055;1210.992;423.055;234.142
1070;1;Los Espinos + Santa Rosa;final;1309.808;1869.055;1309.808;429.055;268.797
1070.1;1;Los Espinos + Santa Rosa;final;1462.725;2702.737;22.725;1262.737;106.651
1071;1;Los Espinos + Santa Rosa;final;1430.442;1875.055;1430.442;435.055;291.251
1071.1;1;Los Espinos + Santa Rosa;final;1492.839;2784.976;52.839;1344.976;73.254
1072;1;Los Espinos + Santa Rosa;final;1207.486;1881.055;1207.486;441.055;202.249
1073;1;Los Espinos + Santa Rosa;final;1373.922;1887.055;1373.922;447.055;290.497
1073.1;1;Los Espinos + Santa Rosa;final;1497.153;2750.461;57.153;1310.461;84.861
1074;1;Los Espinos + Santa Rosa;final;1305.225;1893.055;1305.225;453.055;259.942
1075;1;Los Espinos + Santa Rosa;final;1365.642;1770.709;1365.642;330.709;314.017
1075.1;1;Los Espinos + Santa Rosa;final;1481.993;2804.408;41.993;1364.408;56.977
1076;1;Los Espinos + Santa Rosa;final;508.766;1448.302;508.766;8.302;133.399
1077;1;Los Espinos + Santa Rosa;final;1291.645;1718.302;1291.645;278.302;303.871
1077.1;1;Los Espinos + Santa Rosa;final;1453.885;2714.665;13.885;1274.665;65.914
1078;1;Los Espinos + Santa Rosa;final;1240.566;1728.302;1240.566;288.302;291.361
1078.1;1;Los Espinos + Santa Rosa;final;1384.394;2644.551;1384.394;1204.551;66.921
1079;1;Los Espinos + Santa Rosa;final;1157.336;1738.302;1157.336;298.302;314.727
1079.1;1;Los Espinos + Santa Rosa;final;1392.594;2530.709;1392.594;1090.709;120.874
1080;1;Los Espinos + Santa Rosa;final;1166.99;1748.302;1166.99;308.302;312.084
1080.1;1;Los Espinos + Santa Rosa;final;1355.536;2537.087;1355.536;1097.087;98.66
1081;1;Los Espinos + Santa Rosa;final;1169.336;1758.302;1169.336;318.302;314.727
1081.1;1;Los Espinos + Santa Rosa;final;1353.869;2540.709;1353.869;1100.709;112.261
1082;1;Los Espinos + Santa Rosa;final;1244.784;1768.302;1244.784;328.302;306.34
1082.1;1;Los Espinos + Santa Rosa;final;1534.079;2627.287;94.079;1187.287;139.326
1083;1;Los Espinos + Santa Rosa;final;1177.331;1778.302;1177.331;338.302;298.276
1083.1;1;Los Espinos + Santa Rosa;final;1350.784;2524.397;1350.784;1084.397;104.738
1084;1;Los Espinos + Santa Rosa;final;1220.907;1788.302;1220.907;348.302;313.572
1084.1;1;Los Espinos + Santa Rosa;final;1507.236;2592.387;67.236;1152.387;141.37
1085;1;Los Espinos + Santa Rosa;final;1205.336;1798.302;1205.336;358.302;314.727
1085.1;1;Los Espinos + Santa Rosa;final;1455.83;2579.492;15.83;1139.492;124.962
1086;1;Los Espinos + Santa Rosa;final;1295.166;1808.302;1295.166;368.302;305.587
1086.1;1;Los Espinos + Santa Rosa;final;1506.061;2663.513;66.061;1223.513;116.45
1087;1;Los Espinos + Santa Rosa;final;1374.557;1828.302;1374.557;388.302;310.416
1087.1;1;Los Espinos + Santa Rosa;final;1490.85;2753.72;50.85;1313.72;78.122
1088;1;Los Espinos + Santa Rosa;final;1325.741;1858.302;1325.741;418.302;283.867
1088.1;1;Los Espinos + Santa Rosa;final;1532.402;2738.042;92.402;1298.042;101.185
1089;1;Vespucio Norte;final;1209.912;1701.191;1209.912;261.191;291.695
1089.1;1;Vespucio Norte;final;1468.562;2649.654;28.562;1209.654;99.273
1090;1;Vespucio Norte;final;1280.111;1711.191;1280.111;271.191;310.114
1091;1;Vespucio Norte;final;1274.964;1721.191;1274.964;281.191;307.614
1092;1;Vespucio Norte;final;1192.779;1731.191;1192.779;291.191;298.013
1092.1;1;Vespucio Norte;final;1335.496;2632.396;1335.496;1192.396;62.752
1093;1;Vespucio Norte;final;1270.206;1741.191;1270.206;301.191;285.396
1093.1;1;Vespucio Norte;final;1482.427;2709.396;42.427;1269.396;94.124
1094;1;Vespucio Norte;final;1222.206;1751.191;1222.206;311.191;257.639
1094.1;1;Vespucio Norte;final;1390.859;2662.257;1390.859;1222.257;69.266
1095;1;Vespucio Norte;final;1159.764;1761.191;1159.764;321.191;231.48
1096;1;Vespucio Norte;final;1196.734;1768.691;1196.734;328.691;241.66
1097;1;Vespucio Norte;final;1339.689;1776.191;1339.689;336.191;310.366
1098;1;Vespucio Norte;final;1286.277;1783.691;1286.277;343.691;293.005
1099;1;Vespucio Norte;final;1288.017;1791.191;1288.017;351.191;273.361
1100;1;Vespucio Norte;final;1326.839;1798.691;1326.839;358.691;290.993
1101;1;Vespucio Norte;final;1155.556;1813.691;1155.556;373.691;225.46
1101.1;1;Vespucio Norte;final;1607.077;2590.479;167.077;1150.479;187.743
1102;1;Vespucio Norte;final;1232.656;1843.691;1232.656;403.691;233.342
1103;1;Vespucio Norte;final;1341.423;1869.191;1341.423;429.191;268.982
1104;1;Vespucio Norte;final;1321.868;1878.191;1321.868;438.191;260.109
1105;1;Vespucio Norte;final;1393.711;1887.191;1393.711;447.191;296.998
1106;1;Vespucio Norte;final;1233.601;1762.257;1233.601;322.257;249.528
1107;1;Vespucio Norte;final;1327.317;1792.257;1327.317;352.257;286.975
1108;1;Vespucio Norte;final;1275.689;1802.257;1275.689;362.257;267.16
1109;1;Vespucio Norte;final;1389.739;1812.257;1389.739;372.257;295.401
1109.1;1;Vespucio Norte;final;1452.817;2826.225;12.817;1386.225;32.437
1110;1;Vespucio Norte;final;1238.206;1822.257;1238.206;382.257;239.074
1110.1;1;Vespucio Norte;final;1461.523;2675.646;21.523;1235.646;96.05
1111;1;Vespucio Norte;final;1248.017;1837.257;1248.017;397.257;223.578
1112;1;Vespucio Norte;final;1438.973;1844.757;1438.973;404.757;306.744
1112.1;1;Vespucio Norte;final;1524.639;2874.329;84.639;1434.329;40.206
1113;1;Vespucio Norte;final;1421.523;1852.257;1421.523;412.257;302.8
1113.1;1;Vespucio Norte;final;1507.506;2857.196;67.506;1417.196;40.206
1114;1;Los Espinos + Santa Rosa;final;1109.442;1472.737;1109.442;32.737;303.746
1114.1;1;Los Espinos + Santa Rosa;final;1491.994;2513.303;51.994;1073.303;176.316
1115;1;Los Espinos + Santa Rosa;final;1249.592;1742.737;1249.592;302.737;295.385
1115.1;1;Los Espinos + Santa Rosa;final;1292.936;2641.937;1292.936;1201.937;42.883
1116;1;Los Espinos + Santa Rosa;final;1300.222;1747.02;1300.222;307.02;305.59
1116.1;1;Los Espinos + Santa Rosa;final;1550.565;2709.168;110.565;1269.168;136.817
1117;1;Los Espinos + Santa Rosa;final;1343.968;1751.304;1343.968;311.304;314.847
1117.1;1;Los Espinos + Santa Rosa;final;1433.725;2702.316;1433.725;1262.316;73.421
1118;1;Los Espinos + Santa Rosa;final;1161.608;1755.587;1161.608;315.587;269.689
1118.1;1;Los Espinos + Santa Rosa;final;1490.04;2561.937;50.04;1121.937;153.952
1119;1;Los Espinos + Santa Rosa;final;1277.675;1759.87;1277.675;319.87;304.752
1119.1;1;Los Espinos + Santa Rosa;final;1525.277;2649.521;85.277;1209.521;149.867
1120;1;Los Espinos + Santa Rosa;final;1219.292;1764.154;1219.292;324.154;292.397
1120.1;1;Los Espinos + Santa Rosa;final;1547.918;2611.937;107.918;1171.937;155.103
1121;1;Los Espinos + Santa Rosa;final;1245.258;1768.437;1245.258;328.437;301.943
1121.1;1;Los Espinos + Santa Rosa;final;1380.413;2641.937;1380.413;1201.937;78.912
1122;1;Los Espinos + Santa Rosa;final;1232.258;1772.72;1232.258;332.72;301.943
1122.1;1;Los Espinos + Santa Rosa;final;1548.809;2625.937;108.809;1185.937;166.269
1123;1;Los Espinos + Santa Rosa;final;1212.176;1777.004;1212.176;337.004;284.387
1123.1;1;Los Espinos + Santa Rosa;final;1499.705;2564.492;59.705;1124.492;165.758
1124;1;Los Espinos + Santa Rosa;final;1288.092;1781.287;1288.092;341.287;299.053
1125;1;Los Espinos + Santa Rosa;final;1241.955;1785.57;1241.955;345.57;298.94
1125.1;1;Los Espinos + Santa Rosa;final;1489.245;2633.811;49.245;1193.811;114.439
1126;1;Los Espinos + Santa Rosa;final;1256.275;1789.854;1256.275;349.854;289.053
1127;1;Los Espinos + Santa Rosa;final;1238.28;1794.137;1238.28;354.137;292.196
1127.1;1;Los Espinos + Santa Rosa;final;1377.955;2592.142;1377.955;1152.142;93.283
1128;1;Los Espinos + Santa Rosa;final;1284.834;1798.42;1284.834;358.42;294.053
1128.1;1;Los Espinos + Santa Rosa;final;1425.281;2631.995;1425.281;1191.995;106.725
1129;1;Los Espinos + Santa Rosa;final;1345.508;1802.704;1345.508;362.704;293.586
1129.1;1;Los Espinos + Santa Rosa;final;1535.142;2746.388;95.142;1306.388;103.215
1130;1;Los Espinos + Santa Rosa;final;557.131;1802.737;557.131;362.737;83.007
1131;1;Los Espinos + Santa Rosa;final;1390.442;1806.637;1390.442;366.637;311.46
1131.1;1;Los Espinos + Santa Rosa;final;1439.164;2749.976;1439.164;1309.976;58.776
1132;1;Los Espinos + Santa Rosa;final;564.931;1810.537;564.931;370.537;83.007
1133;1;Los Espinos + Santa Rosa;final;1375.065;1814.437;1375.065;374.437;296.792
1134;1;Los Espinos + Santa Rosa;final;1311.294;1818.337;1311.294;378.337;298.142
1135;1;Los Espinos + Santa Rosa;final;576.631;1822.237;576.631;382.237;83.007
1136;1;Los Espinos + Santa Rosa;final;1233.808;1826.137;1233.808;386.137;251.862
1137;1;Los Espinos + Santa Rosa;final;584.431;1830.037;584.431;390.037;83.007
1138;1;Los Espinos + Santa Rosa;final;1189.052;1833.937;1189.052;393.937;239.54
1139;1;Los Espinos + Santa Rosa;final;592.231;1837.837;592.231;397.837;83.007
1140;1;Los Espinos + Santa Rosa;final;1271.379;1845.637;1271.379;405.637;273.968
1141;1;Los Espinos + Santa Rosa;final;603.931;1849.537;603.931;409.537;83.007
1142;1;Los Espinos + Santa Rosa;final;611.731;1857.337;611.731;417.337;83.007
1143;1;Los Espinos + Santa Rosa;final;1335.372;1861.237;1335.372;421.237;294.36
1143.1;1;Los Espinos + Santa Rosa;final;1484.028;2723.945;44.028;1283.945;87.69
1144;1;Los Espinos + Santa Rosa;final;1319.402;1865.137;1319.402;425.137;295.657
1145;1;Los Espinos + Santa Rosa;final;1414.642;1869.037;1414.642;429.037;312.309
1145.1;1;Los Espinos + Santa Rosa;final;1546.229;2817.603;106.229;1377.603;78.912
1146;1;Los Espinos + Santa Rosa;final;1331.011;1872.937;1331.011;432.937;312.802
1146.1;1;Los Espinos + Santa Rosa;final;1480.181;2682.081;40.181;1242.081;104.269
1147;1;Los Espinos + Santa Rosa;final;631.231;1876.837;631.231;436.837;83.007
1148;1;Los Espinos + Santa Rosa;final;635.131;1880.737;635.131;440.737;83.007
1149;1;Los Espinos + Santa Rosa;final;1345.058;1884.637;1345.058;444.637;308.392
1150;1;Los Espinos + Santa Rosa;final;1269.965;1888.537;1269.965;448.537;132.286
1151;1;Los Espinos + Santa Rosa;final;1344.344;1892.437;1344.344;452.437;310.766
1152;1;Los Espinos + Santa Rosa;final;1280.971;1892.737;1280.971;452.737;257.602
1153;1;Los Espinos + Santa Rosa;intermedia;872.936;895.0;872.936;895.0;305.04
1153;2;Los Espinos + Santa Rosa;final;1020.832;1371.118;1020.832;1371.118;53.727
1153.1;1;Los Espinos + Santa Rosa;final;1414.821;2378.536;1414.821;938.536;184.273
1154;1;Los Espinos + Santa Rosa;final;964.658;1401.118;964.658;1401.118;295.589
1154.1;1;Los Espinos + Santa Rosa;final;1262.942;2403.055;1262.942;963.055;103.215
1155;1;Los Espinos + Santa Rosa;final;556.97;1726.818;556.97;286.818;115.658
1156;1;Los Espinos + Santa Rosa;final;1198.069;1735.384;1198.069;295.384;279.479
1156.1;1;Los Espinos + Santa Rosa;final;1494.535;2602.901;54.535;1162.901;147.584
1157;1;Los Espinos + Santa Rosa;final;1229.292;1743.951;1229.292;303.951;307.003
1157.1;1;Los Espinos + Santa Rosa;final;1368.057;2623.055;1368.057;1183.055;74.855
1158;1;Los Espinos + Santa Rosa;final;1263.998;1752.518;1263.998;312.518;303.839
1158.1;1;Los Espinos + Santa Rosa;final;1384.731;2613.797;1384.731;1173.797;91.53
1159;1;Los Espinos + Santa Rosa;final;1226.966;1761.084;1226.966;321.084;292.458
1159.1;1;Los Espinos + Santa Rosa;final;1481.808;2599.763;41.808;1159.763;140.384
1160;1;Los Espinos + Santa Rosa;final;1237.769;1761.118;1237.769;321.118;276.817
1161;1;Los Espinos + Santa Rosa;final;1306.622;1765.401;1306.622;325.401;303.285
1161.1;1;Los Espinos + Santa Rosa;final;1449.761;2685.395;9.761;1245.395;87.69
1162;1;Los Espinos + Santa Rosa;final;1296.658;1769.684;1296.658;329.684;306.467
1163;1;Los Espinos + Santa Rosa;final;1262.392;1773.968;1262.392;333.968;271.344
1164;1;Los Espinos + Santa Rosa;final;1353.621;1778.251;1353.621;338.251;311.958
1165;1;Los Espinos + Santa Rosa;final;1259.336;1782.534;1259.336;342.534;271.644
1166;1;Los Espinos + Santa Rosa;final;1244.108;1786.818;1244.108;346.818;273.889
1166.1;1;Los Espinos + Santa Rosa;final;1371.373;2643.055;1371.373;1203.055;74.855
1167;1;Los Espinos + Santa Rosa;final;1264.566;1720.842;1264.566;280.842;278.511
1167.1;1;Los Espinos + Santa Rosa;final;1482.261;2664.618;42.261;1224.618;108.831
1168;1;Los Espinos + Santa Rosa;final;1205.566;1740.842;1205.566;300.842;289.956
1168.1;1;Los Espinos + Santa Rosa;final;1418.316;2581.715;1418.316;1141.715;131.977
1169;1;Los Espinos + Santa Rosa;final;1253.666;1760.842;1253.666;320.842;298.29
1169.1;1;Los Espinos + Santa Rosa;final;1363.221;2598.141;1363.221;1158.141;77.675
1170;1;Los Espinos + Santa Rosa;final;1312.088;1834.842;1312.088;394.842;269.397
1171;1;Los Espinos + Santa Rosa;final;1077.998;1708.935;1077.998;268.935;272.797
1171.1;1;Los Espinos + Santa Rosa;final;1465.181;2519.008;25.181;1079.008;138.114
1172;1;Los Espinos + Santa Rosa;final;1207.549;1738.935;1207.549;298.935;302.011
1173;1;Los Espinos + Santa Rosa;final;1375.953;1848.935;1375.953;408.935;291.525
1173.1;1;Los Espinos + Santa Rosa;final;1512.919;2810.881;72.919;1370.881;70.91
1174;1;Los Espinos + Santa Rosa;final;834.637;1404.847;834.637;1404.847;304.576
1174.1;1;Los Espinos + Santa Rosa;final;1263.621;2244.678;1263.621;804.678;131.845
1175;1;Los Espinos + Santa Rosa;intermedia;799.79;821.0;799.79;821.0;288.531
1175;2;Los Espinos + Santa Rosa;final;1018.099;1424.847;1018.099;1424.847;70.732
1175.1;1;Los Espinos + Santa Rosa;final;1393.052;2427.263;1393.052;987.263;160.556
1176;1;Los Espinos + Santa Rosa;final;1115.534;1444.847;1115.534;4.847;312.464
1176.1;1;Los Espinos + Santa Rosa;final;1427.784;2466.345;1427.784;1026.345;158.981
1177;1;Los Espinos + Santa Rosa;final;1290.61;1743.414;1290.61;303.414;310.723
1177.1;1;Los Espinos + Santa Rosa;final;1512.175;2632.011;72.175;1192.011;129.125
1178;1;Los Espinos + Santa Rosa;final;536.104;1751.981;536.104;311.981;76.891
1179;1;Los Espinos + Santa Rosa;final;542.521;1760.547;542.521;320.547;76.891
1180;1;Los Espinos + Santa Rosa;final;555.354;1769.114;555.354;329.114;76.891
1181;1;Los Espinos + Santa Rosa;final;561.771;1777.681;561.771;337.681;76.891
1182;1;Los Espinos + Santa Rosa;final;1317.035;1786.247;1317.035;346.247;280.471
1182.1;1;Los Espinos + Santa Rosa;final;1399.581;2699.221;1399.581;1259.221;64.248
1183;1;Los Espinos + Santa Rosa;final;1368.104;1794.814;1368.104;354.814;307.652
1183.1;1;Los Espinos + Santa Rosa;final;1505.211;2783.296;65.211;1343.296;67.597
1184;1;Los Espinos + Santa Rosa;final;1400.442;1794.847;1400.442;354.847;305.018
1184.1;1;Los Espinos + Santa Rosa;final;1462.839;2754.976;22.839;1314.976;73.254
1185;1;Los Espinos + Santa Rosa;final;1348.334;1801.764;1348.334;361.764;311.647
1185.1;1;Los Espinos + Santa Rosa;final;1575.431;2716.35;135.431;1276.35;135.897
1186;1;Los Espinos + Santa Rosa;final;1213.775;1815.597;1213.775;375.597;245.207
1187;1;Los Espinos + Santa Rosa;final;1201.909;1857.097;1201.909;417.097;210.201
1188;1;Los Espinos + Santa Rosa;final;1417.839;1870.931;1417.839;430.931;303.58
1188.1;1;Los Espinos + Santa Rosa;final;1510.277;2798.995;70.277;1358.995;74.778
1189;1;Los Espinos + Santa Rosa;final;1305.242;1877.847;1305.242;437.847;287.324
1190;1;Los Espinos + Santa Rosa;final;1348.222;1884.764;1348.222;444.764;292.53
1190.1;1;Los Espinos + Santa Rosa;final;1513.151;2723.995;73.151;1283.995;103.709
1191;1;Los Espinos + Santa Rosa;final;1353.713;1884.847;1353.713;444.847;294.027
1191.1;1;Los Espinos + Santa Rosa;final;1431.394;2709.976;1431.394;1269.976;87.115
1192;1;Los Espinos + Santa Rosa;final;1215.367;1756.037;1215.367;316.037;266.606
1192.1;1;Los Espinos + Santa Rosa;final;1556.592;2576.4;116.592;1136.4;172.845
1193;1;Los Espinos + Santa Rosa;final;1352.808;1773.171;1352.808;333.171;218.182
1194;1;Los Espinos + Santa Rosa;final;1385.065;1781.737;1385.065;341.737;302.981
1195;1;Los Espinos + Santa Rosa;final;1350.029;1790.304;1350.029;350.304;305.041
1195.1;1;Los Espinos + Santa Rosa;final;1443.64;2755.184;3.64;1315.184;54.521
1196;1;Los Espinos + Santa Rosa;final;1341.1;1807.437;1341.1;367.437;308.017
1197;1;Los Espinos + Santa Rosa;final;1212.655;1807.471;1212.655;367.471;235.235
1198;1;Los Espinos + Santa Rosa;final;529.687;1826.721;529.687;386.721;47.167
1199;1;Los Espinos + Santa Rosa;final;1290.992;1871.637;1290.992;431.637;271.135
1199.1;1;Los Espinos + Santa Rosa;final;1412.207;2683.888;1412.207;1243.888;74.855
1200;1;Los Espinos + Santa Rosa;final;1276.176;1884.471;1276.176;444.471;241.024
1201;1;Los Espinos + Santa Rosa;final;1206.669;1753.325;1206.669;313.325;265.089
1202;1;Los Espinos + Santa Rosa;final;1344.944;1763.325;1344.944;323.325;312.357
1203;1;Los Espinos + Santa Rosa;final;1300.314;1773.325;1300.314;333.325;299.061
1204;1;Los Espinos + Santa Rosa;final;1349.132;1783.325;1349.132;343.325;288.453
1204.1;1;Los Espinos + Santa Rosa;final;1465.42;2750.14;25.42;1310.14;71.062
1205;1;Los Espinos + Santa Rosa;final;1234.958;1793.325;1234.958;353.325;275.024
1205.1;1;Los Espinos + Santa Rosa;final;1556.707;2631.937;116.707;1191.937;153.952
1206;1;Los Espinos + Santa Rosa;final;1306.651;1803.325;1306.651;363.325;289.34
1206.1;1;Los Espinos + Santa Rosa;final;1479.457;2688.687;39.457;1248.687;100.453
1207;1;Los Espinos + Santa Rosa;final;1455.606;1883.325;15.606;443.325;313.696
1207.1;1;Los Espinos + Santa Rosa;final;1549.166;2830.461;109.166;1390.461;73.959
1208;1;Los Espinos + Santa Rosa;final;1325.075;1893.325;1325.075;453.325;258.454
1209;1;Los Espinos + Santa Rosa;final;1268.05;1731.904;1268.05;291.904;294.385
1209.1;1;Los Espinos + Santa Rosa;final;1326.64;2624.392;1326.64;1184.392;70.129
1210;1;Los Espinos + Santa Rosa;final;1297.548;1741.904;1297.548;301.904;309.898
1210.1;1;Los Espinos + Santa Rosa;final;1396.171;2644.236;1396.171;1204.236;90.276
1211;1;Los Espinos + Santa Rosa;final;1286.674;1751.904;1286.674;311.904;308.006
1212;1;Los Espinos + Santa Rosa;final;1323.62;1761.904;1323.62;321.904;299.467
1212.1;1;Los Espinos + Santa Rosa;final;1463.969;2738.246;23.969;1298.246;58.906
1213;1;La Reina;final;1164.796;1414.808;1164.796;1414.808;288.308
1213.1;1;La Reina;final;1284.312;2568.355;1284.312;1128.355;57.831
1214;1;La Reina;final;1085.047;1444.808;1085.047;4.808;299.134
1214.1;1;La Reina;final;1341.242;2506.656;1341.242;1066.656;112.12
1215;1;La Reina;final;1244.812;1759.808;1244.812;319.808;285.715
1215.1;1;La Reina;final;1530.346;2648.355;90.346;1208.355;132.64
1216;1;La Reina;final;1367.848;1774.808;1367.848;334.808;309.376
1216.1;1;La Reina;final;1484.34;2731.519;44.34;1291.519;88.676
1217;1;La Reina;final;1238.909;1789.808;1238.909;349.808;300.522
1217.1;1;La Reina;final;1423.955;2636.175;1423.955;1196.175;88.926
1218;1;La Reina;final;1341.029;1804.808;1341.029;364.808;294.613
1219;1;La Reina;final;1323.414;1814.808;1323.414;374.808;296.926
1219.1;1;La Reina;final;1380.846;2724.958;1380.846;1284.958;39.983
1220;1;La Reina;final;1377.648;1824.808;1377.648;384.808;304.922
1221;1;La Reina;final;1333.414;1834.808;1333.414;394.808;296.926
1221.1;1;La Reina;final;1468.817;2733.856;28.817;1293.856;90.926
1222;1;La Reina;final;1319.679;1844.808;1319.679;404.808;282.954
1222.1;1;La Reina;final;1481.414;2723.355;41.414;1283.355;80.558
1223;1;La Reina;final;1321.155;2533.375;1321.155;1093.375;88.926
1224;1;La Reina;final;1295.502;1710.45;1295.502;270.45;289.935
1225;1;La Reina;final;1176.054;1719.017;1176.054;279.017;275.37
1225.1;1;La Reina;final;1439.212;2557.731;1439.212;1117.731;118.921
1226;1;La Reina;final;1179.37;1727.584;1179.37;287.584;245.157
1226.1;1;La Reina;final;1421.079;2577.108;1421.079;1137.108;111.363
1227;1;La Reina;final;1197.379;1736.15;1197.379;296.15;289.373
1227.1;1;La Reina;final;1289.224;2602.088;1289.224;1162.088;48.875
1228;1;La Reina;final;1372.135;1744.717;1372.135;304.717;294.643
1229;1;La Reina;final;1321.796;1753.284;1321.796;313.284;306.728
1229.1;1;La Reina;final;1460.786;2727.105;20.786;1287.105;78.178
1230;1;La Reina;final;1197.481;1761.85;1197.481;321.85;271.814
1230.1;1;La Reina;final;1558.272;2600.956;118.272;1160.956;180.334
1231;1;La Reina;final;1338.946;1761.884;1338.946;321.884;307.892
1232;1;La Reina;final;1128.703;1770.884;1128.703;330.884;195.345
1233;1;La Reina;final;1383.146;1779.884;1383.146;339.884;301.832
1233.1;1;La Reina;final;1507.479;2786.355;67.479;1346.355;66.173
1234;1;La Reina;final;1223.812;1788.884;1223.812;348.884;253.848
1235;1;La Reina;final;1274.862;1797.884;1274.862;357.884;292.084
1235.1;1;La Reina;final;1388.029;2678.355;1388.029;1238.355;58.518
1236;1;La Reina;final;1294.862;1806.884;1294.862;366.884;289.373
1237;1;La Reina;final;1304.862;1815.884;1304.862;375.884;289.373
1237.1;1;La Reina;final;1518.258;2707.935;78.258;1267.935;109.327
1238;1;La Reina;final;1316.874;1824.884;1316.874;384.884;263.66
1239;1;La Reina;final;1384.21;1833.884;1384.21;393.884;301.434
1240;1;La Reina;final;1300.846;1842.884;1300.846;402.884;289.373
1240.1;1;La Reina;final;1491.029;2704.605;51.029;1264.605;102.027
1241;1;La Reina;final;1310.846;1851.884;1310.846;411.884;289.373
1241.1;1;La Reina;final;1527.462;2715.855;87.462;1275.855;100.682
1242;1;La Reina;final;1434.431;1861.884;1434.431;421.884;301.964
1242.1;1;La Reina;final;1507.246;2818.041;67.246;1378.041;58.255
1243;1;La Reina;final;1320.846;1871.884;1320.846;431.884;289.373
1243.1;1;La Reina;final;1483.246;2725.455;43.246;1285.455;84.017
1244;1;La Reina;final;1315.275;1881.884;1315.275;441.884;268.723
1244.1;1;La Reina;final;1473.489;2714.808;33.489;1274.808;88.926
1245;1;La Reina;final;1363.037;1891.884;1363.037;451.884;303.082
1246;1;La Reina;final;1340.846;1901.884;1340.846;461.884;265.949
1247;1;La Reina;final;1432.45;2521.884;1432.45;1081.884;156.022
1248;1;La Reina;final;1468.792;2531.884;28.792;1091.884;177.216
1249;1;Los Espinos + Santa Rosa;final;1363.569;1800.14;1363.569;360.14;299.56
1249.1;1;Los Espinos + Santa Rosa;final;1515.156;2794.481;75.156;1354.481;70.74
1250;1;Los Espinos + Santa Rosa;final;1436.198;1810.14;1436.198;370.14;302.755
1250.1;1;Los Espinos + Santa Rosa;final;1500.657;2840.745;60.657;1400.745;46.912
1251;1;Los Espinos + Santa Rosa;final;518.719;1820.14;518.719;380.14;53.881
1252;1;Los Espinos + Santa Rosa;final;1420.712;1830.14;1420.712;390.14;299.908
1252.1;1;Los Espinos + Santa Rosa;final;1506.861;2855.082;66.861;1415.082;39.951
1253;1;Los Espinos + Santa Rosa;final;1323.688;1840.14;1323.688;400.14;272.474
1253.1;1;Los Espinos + Santa Rosa;final;1492.993;2713.015;52.993;1273.015;90.675
1254;1;Los Espinos + Santa Rosa;final;1425.253;1850.14;1425.253;410.14;297.791
1254.1;1;Los Espinos + Santa Rosa;final;1488.152;2851.38;48.152;1411.38;32.884
1255;1;Los Espinos + Santa Rosa;final;1270.103;1860.14;1270.103;420.14;218.826
1256;1;Los Espinos + Santa Rosa;final;1350.571;1870.14;1350.571;430.14;264.389
1257;1;Los Espinos + Santa Rosa;final;1296.146;1880.14;1296.146;440.14;241.558
1258;1;Los Espinos + Santa Rosa;final;1477.426;1890.14;37.426;450.14;276.788
1259;1;Los Espinos + Santa Rosa;final;858.113;1399.763;858.113;1399.763;305.421
1259.1;1;Los Espinos + Santa Rosa;final;1328.906;2230.347;1328.906;790.347;175.803
1260;1;Los Espinos + Santa Rosa;final;549.644;1429.763;549.644;1429.763;167.187
1261;1;Los Espinos + Santa Rosa;final;1401.512;1759.763;1401.512;319.763;311.885
1262;1;Los Espinos + Santa Rosa;final;1247.322;1774.763;1247.322;334.763;300.643
1262.1;1;Los Espinos + Santa Rosa;final;1412.276;2591.735;1412.276;1151.735;125.21
1263;1;Los Espinos + Santa Rosa;final;1283.402;1789.763;1283.402;349.763;278.9
1264;1;Los Espinos + Santa Rosa;final;1218.269;1798.763;1218.269;358.763;240.463
1265;1;Los Espinos + Santa Rosa;final;522.386;1387.359;522.386;1387.359;201.357
1266;1;Los Espinos + Santa Rosa;intermedia;856.058;875.0;856.058;875.0;266.93
1266;2;Los Espinos + Santa Rosa;final;1048.641;1417.359;1048.641;1417.359;81.207
1266.1;1;Los Espinos + Santa Rosa;final;1217.486;2394.991;1217.486;954.991;102.943
1267;1;Los Espinos + Santa Rosa;final;1187.486;1717.359;1187.486;277.359;293.083
1268;1;Los Espinos + Santa Rosa;final;1283.942;1724.859;1283.942;284.859;285.27
1268.1;1;Los Espinos + Santa Rosa;final;1509.596;2677.937;69.596;1237.937;122.89
1269;1;Los Espinos + Santa Rosa;final;1301.909;1732.359;1301.909;292.359;303.521
1270;1;Los Espinos + Santa Rosa;final;1319.908;1739.859;1319.908;299.859;305.646
1270.1;1;Los Espinos + Santa Rosa;final;1362.944;2677.192;1362.944;1237.192;55.585
1271;1;Los Espinos + Santa Rosa;final;1246.816;1747.359;1246.816;307.359;289.036
1271.1;1;Los Espinos + Santa Rosa;final;1503.85;2621.763;63.85;1181.763;131.491
1272;1;Los Espinos + Santa Rosa;final;1221.608;1754.859;1221.608;314.859;264.336
1272.1;1;Los Espinos + Santa Rosa;final;1394.875;2614.387;1394.875;1174.387;106.651
1273;1;Los Espinos + Santa Rosa;final;1290.496;1762.359;1290.496;322.359;277.622
1274;1;Los Espinos + Santa Rosa;final;1335.119;1769.859;1335.119;329.859;297.358
1274.1;1;Los Espinos + Santa Rosa;final;1445.736;2764.214;5.736;1324.214;64.269
1275;1;Los Espinos + Santa Rosa;final;1232.471;1721.616;1232.471;281.616;285.778
1276;1;Los Espinos + Santa Rosa;final;548.055;1736.616;548.055;296.616;99.727
1277;1;Los Espinos + Santa Rosa;final;568.055;1751.616;568.055;311.616;99.727
1278;1;Los Espinos + Santa Rosa;final;1305.084;1766.616;1305.084;326.616;300.914
1278.1;1;Los Espinos + Santa Rosa;final;1376.354;2660.166;1376.354;1220.166;70.239
1279;1;Los Espinos + Santa Rosa;final;1285.121;1781.616;1285.121;341.616;285.307
1279.1;1;Los Espinos + Santa Rosa;final;1466.154;2691.561;26.154;1251.561;96.397
1280;1;Los Espinos + Santa Rosa;final;1352.361;1791.616;1352.361;351.616;310.426
1281;1;Los Espinos + Santa Rosa;final;1321.121;1801.616;1321.121;361.616;302.229
1281.1;1;Los Espinos + Santa Rosa;final;1396.555;2721.561;1396.555;1281.561;48.555
1282;1;Los Espinos + Santa Rosa;final;1279.004;1811.616;1279.004;371.616;268.386
1282.1;1;Los Espinos + Santa Rosa;final;1556.084;2680.311;116.084;1240.311;145.847
1283;1;Los Espinos + Santa Rosa;final;1263.251;1841.616;1263.251;401.616;274.349
1284;1;Los Espinos + Santa Rosa;final;1355.513;1881.616;1355.513;441.616;290.695
1285;1;Los Espinos + Santa Rosa;final;1262.772;1891.616;1262.772;451.616;254.387
1286;1;Los Espinos + Santa Rosa;final;1389.204;1901.616;1389.204;461.616;302.229
1286.1;1;Los Espinos + Santa Rosa;final;1462.939;2796.561;22.939;1356.561;48.555
1287;1;Los Espinos + Santa Rosa;final;1247.772;1911.616;1247.772;471.616;237.465
1288;1;Los Espinos + Santa Rosa;final;1249.917;1746.561;1249.917;306.561;300.507
1289;1;Los Espinos + Santa Rosa;final;1309.004;1758.561;1309.004;318.561;311.466
1289.1;1;Los Espinos + Santa Rosa;final;1483.288;2714.061;43.288;1274.061;96.397
1290;1;Los Espinos + Santa Rosa;final;1184.672;1770.561;1184.672;330.561;246.702
1291;1;Los Espinos + Santa Rosa;final;1294.004;1782.561;1294.004;342.561;277.622
1291.1;1;Los Espinos + Santa Rosa;final;1414.284;2702.811;1414.284;1262.811;68.517
1292;1;Los Espinos + Santa Rosa;final;1341.084;1806.561;1341.084;366.561;300.978
1292.1;1;Los Espinos + Santa Rosa;final;1466.955;2698.716;26.955;1258.716;91.633
1293;1;Los Espinos + Santa Rosa;final;1322.072;1778.014;1322.072;338.014;289.584
1293.1;1;Los Espinos + Santa Rosa;final;1490.014;2688.394;50.014;1248.394;95.574
1294;1;Los Espinos + Santa Rosa;final;1257.769;1786.581;1257.769;346.581;264.662
1295;1;Los Espinos + Santa Rosa;final;483.153;1795.147;483.153;355.147;43.749
1296;1;Los Espinos + Santa Rosa;final;535.912;1803.714;535.912;363.714;69.604
1297;1;Los Espinos + Santa Rosa;final;1339.04;1820.881;1339.04;380.881;275.664
1297.1;1;Los Espinos + Santa Rosa;final;1433.564;2725.248;1433.564;1285.248;71.461
1298;1;Los Espinos + Santa Rosa;final;1295.536;1734.57;1295.536;294.57;292.857
1299;1;Los Espinos + Santa Rosa;final;1272.507;1739.17;1272.507;299.17;284.52
1300;1;Los Espinos + Santa Rosa;final;1319.588;1743.77;1319.588;303.77;306.63
1300.1;1;Los Espinos + Santa Rosa;final;1455.319;2700.165;15.319;1260.165;86.94
1301;1;Los Espinos + Santa Rosa;final;1366.303;1748.37;1366.303;308.37;302.349
1301.1;1;Los Espinos + Santa Rosa;final;1477.979;2795.881;37.979;1355.881;55.079
1302;1;Los Espinos + Santa Rosa;final;1308.269;1752.97;1308.269;312.97;288.982
1302.1;1;Los Espinos + Santa Rosa;final;1427.779;2741.881;1427.779;1301.881;51.507
1303;1;Los Espinos + Santa Rosa;final;1229.336;1757.57;1229.336;317.57;272.699
1303.1;1;Los Espinos + Santa Rosa;final;1515.268;2600.709;75.268;1160.709;144.791
1304;1;Los Espinos + Santa Rosa;final;1285.271;1762.17;1285.271;322.17;280.654
1305;1;Los Espinos + Santa Rosa;final;1364.179;1766.77;1364.179;326.77;297.152
1306;1;Los Espinos + Santa Rosa;final;1272.685;1771.37;1272.685;331.37;190.153
1307;1;Los Espinos + Santa Rosa;final;1378.239;1780.57;1378.239;340.57;313.427
1308;1;Los Espinos + Santa Rosa;final;1414.092;1785.17;1414.092;345.17;299.011
1308.1;1;Los Espinos + Santa Rosa;final;1527.797;2853.008;87.797;1413.008;53.419
1309;1;Los Espinos + Santa Rosa;final;611.702;1794.37;611.702;354.37;103.248
1310;1;Los Espinos + Santa Rosa;final;1371.039;1794.57;1371.039;354.57;303.636
1310.1;1;Los Espinos + Santa Rosa;final;1482.919;2777.499;42.919;1337.499;62.348
1311;1;Los Espinos + Santa Rosa;final;1392.081;1799.303;1392.081;359.303;301.047
1312;1;Los Espinos + Santa Rosa;final;1262.914;1808.77;1262.914;368.77;252.259
1313;1;Los Espinos + Santa Rosa;final;1359.755;1818.236;1359.755;378.236;261.624
1314;1;Los Espinos + Santa Rosa;final;1309.888;1822.97;1309.888;382.97;248.466
1315;1;Los Espinos + Santa Rosa;final;1394.092;1827.703;1394.092;387.703;277.258
1315.1;1;Los Espinos + Santa Rosa;final;1516.26;2838.675;76.26;1398.675;56.977
1316;1;Los Espinos + Santa Rosa;final;506.819;1837.17;506.819;397.17;38.05
1317;1;Los Espinos + Santa Rosa;final;1341.346;1841.903;1341.346;401.903;275.363
1318;1;Los Espinos + Santa Rosa;final;1350.29;1846.636;1350.29;406.636;288.298
1319;1;Los Espinos + Santa Rosa;final;1415.824;1884.57;1415.824;444.57;304.139
1319.1;1;Los Espinos + Santa Rosa;final;1505.8;2803.039;65.8;1363.039;66.243
1320;1;Los Espinos + Santa Rosa;final;1161.225;1754.678;1161.225;314.678;251.133
1321;1;Los Espinos + Santa Rosa;final;1292.47;1774.678;1292.47;334.678;296.983
1322;1;Los Espinos + Santa Rosa;final;1197.486;1794.678;1197.486;354.678;230.744
1323;1;Los Espinos + Santa Rosa;final;1294.222;1803.678;1294.222;363.678;256.349
1324;1;Los Espinos + Santa Rosa;final;1321.9;1812.678;1321.9;372.678;286.232
1324.1;1;Los Espinos + Santa Rosa;final;1402.802;2750.132;1402.802;1310.132;43.387
1325;1;Los Espinos + Santa Rosa;final;1247.046;1830.678;1247.046;390.678;275.076
1326;1;Los Espinos + Santa Rosa;final;1407.678;1857.678;1407.678;417.678;291.02
1327;1;Los Espinos + Santa Rosa;final;1322.208;1866.678;1322.208;426.678;271.972
1327.1;1;Los Espinos + Santa Rosa;final;1465.415;2694.959;25.415;1254.959;94.253
1328;1;Los Espinos + Santa Rosa;final;1319.371;1875.678;1319.371;435.678;263.308
1329;1;Los Espinos + Santa Rosa;final;1396.408;1884.678;1396.408;444.678;282.812
1329.1;1;Los Espinos + Santa Rosa;final;1480.059;2792.737;40.059;1352.737;62.383
1330;1;Los Espinos + Santa Rosa;final;1261.802;1737.696;1261.802;297.696;280.668
1330.1;1;Los Espinos + Santa Rosa;final;1487.276;2655.587;47.276;1215.587;123.339
1331;1;Los Espinos + Santa Rosa;final;1219.775;1749.696;1219.775;309.696;271.558
1332;1;Los Espinos + Santa Rosa;final;1305.929;1773.696;1305.929;333.696;295.246
1333;1;Los Espinos + Santa Rosa;final;1295.242;1785.696;1295.242;345.696;313.675
1334;1;Los Espinos + Santa Rosa;final;1315.492;1797.696;1315.492;357.696;301.545
1334.1;1;Los Espinos + Santa Rosa;final;1398.121;2726.853;1398.121;1286.853;46.872
1335;1;Vespucio Norte;intermedia;630.306;652.0;630.306;652.0;265.22
1335;2;Vespucio Norte;final;1091.034;1434.396;1091.034;1434.396;109.272
1335.1;1;Vespucio Norte;final;1429.179;2529.654;1429.179;1089.654;134.913
1336;1;Vespucio Norte;final;938.246;1464.396;938.246;24.396;297.848
1336.1;1;Vespucio Norte;final;1291.868;2384.154;1291.868;944.154;112.442
1337;1;Vespucio Norte;intermedia;941.023;961.0;941.023;961.0;313.665
1337;2;Vespucio Norte;final;1067.889;1494.396;1067.889;54.396;38.07
1337.1;1;Vespucio Norte;final;1338.617;2505.207;1338.617;1065.207;79.378
1338;1;Vespucio Norte;final;444.052;1629.396;444.052;189.396;132.61
1339;1;Vespucio Norte;final;1278.617;1764.396;1278.617;324.396;266.139
1340;1;Vespucio Norte;final;1265.413;1776.396;1265.413;336.396;270.678
1340.1;1;Vespucio Norte;final;1428.396;2695.913;1428.396;1255.913;78.845
1341;1;Vespucio Norte;final;1287.493;1788.396;1287.493;348.396;276.231
1342;1;Vespucio Norte;final;1256.362;1800.396;1256.362;360.396;253.754
1343;1;Vespucio Norte;final;1175.056;1812.396;1175.056;372.396;220.046
1344;1;Vespucio Norte;final;1232.423;1824.396;1232.423;384.396;227.928
1345;1;Vespucio Norte;final;1393.956;1834.396;1393.956;394.396;283.771
1345.1;1;Vespucio Norte;final;1468.956;2829.396;28.956;1389.396;38.07
1346;1;Vespucio Norte;final;1275.489;1844.396;1275.489;404.396;242.88
1347;1;Vespucio Norte;final;1285.689;1854.396;1285.689;414.396;240.25
1347.1;1;Vespucio Norte;final;1501.523;2720.646;61.523;1280.646;96.05
1348;1;Vespucio Norte;final;1246.206;1874.396;1246.206;434.396;220.046
1349;1;Vespucio Norte;final;1396.923;1884.396;1396.923;444.396;275.889
1349.1;1;Vespucio Norte;final;1593.743;2834.396;153.743;1394.396;94.124
1350;1;Vespucio Norte;final;1238.617;1914.396;1238.617;474.396;209.812
1351;1;Vespucio Norte;final;1421.917;2520.396;1421.917;1080.396;116.193
1352;1;Vespucio Norte;final;1527.077;2532.396;87.077;1092.396;169.675
1353;1;Vespucio Norte;final;1464.693;2544.396;24.693;1104.396;141.72
1354;1;Los Espinos + Santa Rosa;final;1241.791;1735.915;1241.791;295.915;285.703
1354.1;1;Los Espinos + Santa Rosa;final;1414.759;2621.039;1414.759;1181.039;91.324
1355;1;Los Espinos + Santa Rosa;final;1350.484;1744.481;1350.484;304.481;301.025
1356;1;Los Espinos + Santa Rosa;final;1297.769;1753.048;1297.769;313.048;290.537
1356.1;1;Los Espinos + Santa Rosa;final;1479.472;2730.881;39.472;1290.881;83.657
1357;1;Los Espinos + Santa Rosa;final;1312.891;1761.615;1312.891;321.615;301.97
1357.1;1;Los Espinos + Santa Rosa;final;1474.743;2715.691;34.743;1275.691;85.441
1358;1;Los Espinos + Santa Rosa;final;1302.571;1770.181;1302.571;330.181;309.747
1358.1;1;Los Espinos + Santa Rosa;final;1329.819;2680.56;1329.819;1240.56;42.156
1359;1;Los Espinos + Santa Rosa;final;1280.819;1778.748;1280.819;338.748;279.271
1359.1;1;Los Espinos + Santa Rosa;final;1403.563;2710.881;1403.563;1270.881;55.079
1360;1;Los Espinos + Santa Rosa;final;1360.23;1787.315;1360.23;347.315;297.118
1361;1;Los Espinos + Santa Rosa;final;1238.128;1795.881;1238.128;355.881;241.706
1362;1;Los Espinos + Santa Rosa;final;1391.069;1795.915;1391.069;355.915;220.811
1363;1;Los Espinos + Santa Rosa;final;1320.083;1804.081;1320.083;364.081;304.433
1363.1;1;Los Espinos + Santa Rosa;final;1454.869;2693.315;14.869;1253.315;101.849
1364;1;Los Espinos + Santa Rosa;final;1273.548;1812.248;1273.548;372.248;295.721
1364.1;1;Los Espinos + Santa Rosa;final;1424.602;2618.536;1424.602;1178.536;117.491
1365;1;Los Espinos + Santa Rosa;final;1277.174;1828.581;1277.174;388.581;274.503
1366;1;Los Espinos + Santa Rosa;final;1447.059;1836.748;7.059;396.748;286.877
1366.1;1;Los Espinos + Santa Rosa;final;1556.705;2824.078;116.705;1384.078;78.366
1367;1;Los Espinos + Santa Rosa;final;1362.196;1861.248;1362.196;421.248;287.353
1367.1;1;Los Espinos + Santa Rosa;final;1527.394;2710.397;87.394;1270.397;132.064
1368;1;Los Espinos + Santa Rosa;final;1312.64;1869.415;1312.64;429.415;254.527
1369;1;Los Espinos + Santa Rosa;final;1289.115;1877.581;1289.115;437.581;260.5
1370;1;Los Espinos + Santa Rosa;final;1402.45;1885.748;1402.45;445.748;291.876
1370.1;1;Los Espinos + Santa Rosa;final;1490.002;2837.332;50.002;1397.332;43.387
1371;1;Los Espinos + Santa Rosa;final;1271.469;1885.915;1271.469;445.915;242.747
1372;1;Los Espinos + Santa Rosa;final;535.867;1763.794;535.867;323.794;92.739
1373;1;Los Espinos + Santa Rosa;final;1205.536;1778.794;1205.536;338.794;268.425
1373.1;1;Los Espinos + Santa Rosa;final;1382.276;2636.881;1382.276;1196.881;122.299
1374;1;Los Espinos + Santa Rosa;final;1370.865;1793.794;1370.865;353.794;313.291
1375;1;Los Espinos + Santa Rosa;final;1206.561;1811.794;1206.561;371.794;269.791
1375.1;1;Los Espinos + Santa Rosa;final;1291.011;2559.976;1291.011;1119.976;87.115
1376;1;Los Espinos + Santa Rosa;final;1336.651;1874.794;1336.651;434.794;272.768
1376.1;1;Los Espinos + Santa Rosa;final;1525.896;2727.237;85.896;1287.237;105.851
1377;1;Los Espinos + Santa Rosa;final;1426.19;1883.794;1426.19;443.794;296.306
1378;1;Los Espinos + Santa Rosa;final;933.919;1461.904;933.919;21.904;313.541
1378.1;1;Los Espinos + Santa Rosa;final;1424.907;2327.625;1424.907;887.625;182.63
1379;1;Los Espinos + Santa Rosa;final;1242.415;1743.904;1242.415;303.904;293.825
1379.1;1;Los Espinos + Santa Rosa;final;1476.473;2596.275;36.473;1156.275;143.464
1380;1;Los Espinos + Santa Rosa;final;1281.955;1755.904;1281.955;315.904;313.128
1380.1;1;Los Espinos + Santa Rosa;final;1424.861;2659.695;1424.861;1219.695;88.755
1381;1;Los Espinos + Santa Rosa;final;1346.053;1767.904;1346.053;327.904;306.216
1381.1;1;Los Espinos + Santa Rosa;final;1423.669;2774.881;1423.669;1334.881;42.938
1382;1;Los Espinos + Santa Rosa;final;1338.869;1737.098;1338.869;297.098;294.34
1382.1;1;Los Espinos + Santa Rosa;final;1480.716;2720.659;40.716;1280.659;89.567
1383;1;Los Espinos + Santa Rosa;final;1317.092;1752.098;1317.092;312.098;301.526
1383.1;1;Los Espinos + Santa Rosa;final;1392.353;2711.937;1392.353;1271.937;53.79
1384;1;Los Espinos + Santa Rosa;final;1290.484;1767.098;1290.484;327.098;293.473
1384.1;1;Los Espinos + Santa Rosa;final;1484.101;2675.837;44.101;1235.837;110.265
1385;1;Los Espinos + Santa Rosa;final;1405.141;1782.098;1405.141;342.098;309.151
1386;1;Los Espinos + Santa Rosa;final;1303.925;1797.098;1303.925;357.098;252.889
1387;1;Los Espinos + Santa Rosa;final;1318.925;1812.098;1318.925;372.098;252.889
1388;1;Los Espinos + Santa Rosa;final;1258.925;1842.098;1258.925;402.098;224.758
1389;1;Los Espinos + Santa Rosa;final;1446.414;1887.098;6.414;447.098;280.937
1390;1;Los Espinos + Santa Rosa;final;1227.514;1720.397;1227.514;280.397;301.382
1390.1;1;Los Espinos + Santa Rosa;final;1478.44;2576.697;38.44;1136.697;131.427
1391;1;Los Espinos + Santa Rosa;final;1262.571;1724.68;1262.571;284.68;297.462
1392;1;Los Espinos + Santa Rosa;final;1273.666;1728.963;1273.666;288.963;304.101
1392.1;1;Los Espinos + Santa Rosa;final;1363.738;2617.341;1363.738;1177.341;77.675
1393;1;Los Espinos + Santa Rosa;final;1294.958;1733.247;1294.958;293.247;287.465
1393.1;1;Los Espinos + Santa Rosa;final;1484.838;2686.937;44.838;1246.937;103.117
1394;1;Los Espinos + Santa Rosa;final;1146.702;1737.53;1146.702;297.53;255.283
1394.1;1;Los Espinos + Santa Rosa;final;1473.021;2576.881;33.021;1136.881;171.761
1395;1;Los Espinos + Santa Rosa;final;1264.119;1741.813;1264.119;301.813;287.62
1396;1;Los Espinos + Santa Rosa;final;1263.98;1746.097;1263.98;306.097;310.737
1396.1;1;Los Espinos + Santa Rosa;final;1399.622;2619.976;1399.622;1179.976;90.674
1397;1;Los Espinos + Santa Rosa;final;1263.46;1750.38;1263.46;310.38;294.574
1397.1;1;Los Espinos + Santa Rosa;final;1372.327;2654.229;1372.327;1214.229;71.024
1398;1;Los Espinos + Santa Rosa;final;1214.375;1754.663;1214.375;314.663;261.402
1399;1;Los Espinos + Santa Rosa;final;1353.269;1758.947;1353.269;318.947;309.286
1400;1;Los Espinos + Santa Rosa;final;1286.786;1763.23;1286.786;323.23;279.433
1400.1;1;Los Espinos + Santa Rosa;final;1400.779;2714.881;1400.779;1274.881;51.507
1401;1;Los Espinos + Santa Rosa;final;1244.446;1767.513;1244.446;327.513;301.316
1401.1;1;Los Espinos + Santa Rosa;final;1480.019;2593.711;40.019;1153.711;137.383
1402;1;Los Espinos + Santa Rosa;final;1261.955;1771.797;1261.955;331.797;293.16
1403;1;Los Espinos + Santa Rosa;final;1340.77;1776.08;1340.77;336.08;307.09
1403.1;1;Los Espinos + Santa Rosa;final;1481.186;2765.713;41.186;1325.713;58.629
1404;1;Los Espinos + Santa Rosa;final;1295.075;1780.363;1295.075;340.363;295.124
1405;1;Los Espinos + Santa Rosa;final;1307.942;1780.397;1307.942;340.397;284.877
1405.1;1;Los Espinos + Santa Rosa;final;1501.654;2741.758;61.654;1301.758;77.602
1406;1;Los Espinos + Santa Rosa;final;1287.755;1784.68;1287.755;344.68;292.034
1407;1;Los Espinos + Santa Rosa;final;1392.626;1788.963;1392.626;348.963;302.639
1407.1;1;Los Espinos + Santa Rosa;final;1460.437;2798.103;20.437;1358.103;46.872
1408;1;Los Espinos + Santa Rosa;final;1273.514;1793.247;1273.514;353.247;293.851
1408.1;1;Los Espinos + Santa Rosa;final;1346.917;2620.397;1346.917;1180.397;76.934
1409;1;Los Espinos + Santa Rosa;final;1350.182;1797.53;1350.182;357.53;302.497
1409.1;1;Los Espinos + Santa Rosa;final;1411.965;2695.636;1411.965;1255.636;76.79
1410;1;Los Espinos + Santa Rosa;final;1340.889;1810.38;1340.889;370.38;297.571
1410.1;1;Los Espinos + Santa Rosa;final;1481.345;2731.379;41.345;1291.379;88.862
1411;1;Los Espinos + Santa Rosa;final;1352.784;1823.23;1352.784;383.23;314.606
1411.1;1;Los Espinos + Santa Rosa;final;1418.752;2709.095;1418.752;1269.095;71.792
1412;1;Los Espinos + Santa Rosa;final;1275.755;1861.78;1275.755;421.78;256.257
1413;1;Los Espinos + Santa Rosa;final;1320.069;1870.347;1320.069;430.347;275.361
1414;1;Los Espinos + Santa Rosa;final;1412.847;1870.397;1412.847;430.397;295.654
1414.1;1;Los Espinos + Santa Rosa;final;1463.708;2817.499;23.708;1377.499;39.85
1415;1;Los Espinos + Santa Rosa;final;519.508;1742.186;519.508;302.186;73.661
1416;1;Los Espinos + Santa Rosa;final;1285.578;1754.186;1285.578;314.186;253.23
1417;1;Los Espinos + Santa Rosa;final;484.953;1766.186;484.953;326.186;55.727
1418;1;Los Espinos + Santa Rosa;final;496.186;1778.186;496.186;338.186;55.727
1419;1;Los Espinos + Santa Rosa;final;1345.536;1790.186;1345.536;350.186;285.08
1420;1;Los Espinos + Santa Rosa;final;1173.336;1802.186;1173.336;362.186;232.505
1421;1;Los Espinos + Santa Rosa;final;1213.362;1813.436;1213.362;373.436;211.084
1422;1;Los Espinos + Santa Rosa;final;1339.594;1824.686;1339.594;384.686;263.37
1423;1;Los Espinos + Santa Rosa;final;1432.31;1835.936;1432.31;395.936;301.457
1424;1;Los Espinos + Santa Rosa;final;1194.993;1847.186;1194.993;407.186;205.679
1425;1;Los Espinos + Santa Rosa;final;1218.993;1858.436;1218.993;418.436;205.679
1426;1;Los Espinos + Santa Rosa;final;1290.993;1869.686;1290.993;429.686;222.279
1427;1;Los Espinos + Santa Rosa;final;1378.78;1880.936;1378.78;440.936;269.226
1428;1;Los Espinos + Santa Rosa;final;1492.12;1892.186;52.12;452.186;310.737
1429;1;Los Espinos + Santa Rosa;final;1047.208;1413.342;1047.208;1413.342;303.261
1429.1;1;Los Espinos + Santa Rosa;final;1472.346;2423.192;32.346;983.192;173.885
1430;1;Los Espinos + Santa Rosa;final;687.815;1433.342;687.815;1433.342;303.447
1430.1;1;Los Espinos + Santa Rosa;final;1404.811;2066.536;1404.811;626.536;252.779
1431;1;Los Espinos + Santa Rosa;final;1001.914;1453.342;1001.914;13.342;309.904
1431.1;1;Los Espinos + Santa Rosa;final;1387.298;2382.718;1387.298;942.718;175.19
1432;1;Los Espinos + Santa Rosa;intermedia;781.214;797.0;781.214;797.0;310.267
1432;2;Los Espinos + Santa Rosa;final;923.637;1393.138;923.637;1393.138;42.482
1432.1;1;Los Espinos + Santa Rosa;final;1306.678;2363.296;1306.678;923.296;131.659
1433;1;Los Espinos + Santa Rosa;final;704.648;1423.138;704.648;1423.138;312.601
1433.1;1;Los Espinos + Santa Rosa;final;1483.841;2122.252;43.841;682.252;272.548
1434;1;Vespucio Norte;final;176.085;1432.514;176.085;1432.514;95.781
1435;1;Vespucio Norte;final;694.725;1452.514;694.725;12.514;307.697
1435.1;1;Vespucio Norte;final;1459.375;2017.521;19.375;577.521;308.834
1435.2;1;Vespucio Norte;final;1477.179;2793.521;37.179;1353.521;63.026
1436;1;Vespucio Norte;final;216.085;1472.514;216.085;32.514;95.781
1437;1;Vespucio Norte;final;929.563;1492.514;929.563;52.514;310.146
1437.1;1;Vespucio Norte;final;1339.363;2364.86;1339.363;924.86;156.202
1438;1;Vespucio Norte;final;474.052;1349.452;474.052;1349.452;279.71
1439;1;Vespucio Norte;final;556.839;1369.452;556.839;1369.452;291.894
1439.1;1;Vespucio Norte;final;1448.31;1996.896;8.31;556.896;264.274
1440;1;Vespucio Norte;intermedia;673.367;710.0;673.367;710.0;304.155
1440;2;Vespucio Norte;final;1041.389;1389.452;1041.389;1389.452;96.05
1440.1;1;Vespucio Norte;final;1456.106;2484.396;16.106;1044.396;149.261
1441;1;Vespucio Norte;final;707.153;1409.452;707.153;1409.452;295.484
1441.1;1;Vespucio Norte;final;1271.246;2146.773;1271.246;706.773;197.175
1442;1;Vespucio Norte;final;978.517;1439.452;978.517;1439.452;302.125
1442.1;1;Vespucio Norte;final;1392.378;2391.83;1392.378;951.83;150.387
1443;1;Los Espinos + Santa Rosa;final;1332.116;1748.394;1332.116;308.394;307.833
1443.1;1;Los Espinos + Santa Rosa;final;1536.705;2683.607;96.705;1243.607;123.44
1444;1;Los Espinos + Santa Rosa;final;1347.116;1768.394;1347.116;328.394;301.026
1444.1;1;Los Espinos + Santa Rosa;final;1444.205;2697.807;4.205;1257.807;77.675
1445;1;Los Espinos + Santa Rosa;final;1354.392;1788.394;1354.392;348.394;289.647
1445.1;1;Los Espinos + Santa Rosa;final;1557.755;2732.645;117.755;1292.645;106.83
1446;1;Los Espinos + Santa Rosa;final;1243.105;1796.561;1243.105;356.561;254.21
1447;1;Los Espinos + Santa Rosa;final;1384.186;1812.894;1384.186;372.894;300.39
1447.1;1;Los Espinos + Santa Rosa;final;1485.482;2817.547;45.482;1377.547;53.727
1448;1;Los Espinos + Santa Rosa;final;1455.332;1829.228;15.332;389.228;297.885
1448.1;1;Los Espinos + Santa Rosa;final;1537.755;2800.674;97.755;1360.674;77.675
1449;1;Los Espinos + Santa Rosa;final;1448.589;1878.394;8.589;438.394;310.706
1450;1;Los Espinos + Santa Rosa;final;1302.116;1742.056;1302.116;302.056;286.446
1450.1;1;Los Espinos + Santa Rosa;final;1526.816;2655.207;86.816;1215.207;120.567
1451;1;Los Espinos + Santa Rosa;final;1316.155;1790.056;1316.155;350.056;289.318
1451.1;1;Los Espinos + Santa Rosa;final;1517.755;2692.195;77.755;1252.195;106.83
1452;1;Los Espinos + Santa Rosa;final;1335.303;1806.39;1335.303;366.39;281.615
1452.1;1;Los Espinos + Santa Rosa;final;1479.798;2764.214;39.798;1324.214;68.116
1453;1;Los Espinos + Santa Rosa;final;1373.333;1814.556;1373.333;374.556;286.135
1453.1;1;Los Espinos + Santa Rosa;final;1474.746;2810.132;34.746;1370.132;49.127
1454;1;Los Espinos + Santa Rosa;final;1428.916;1880.056;1428.916;440.056;307.501
1454.1;1;Los Espinos + Santa Rosa;final;1511.088;2774.007;71.088;1334.007;77.675
1455;1;Vespucio Norte;final;1281.095;1764.396;1281.095;324.396;275.04
1456;1;Vespucio Norte;final;1198.389;1776.396;1198.389;336.396;238.113
1457;1;Vespucio Norte;final;1345.523;1788.396;1345.523;348.396;297.901
1457.1;1;Vespucio Norte;final;1540.41;2781.062;100.41;1341.062;94.124
1458;1;Vespucio Norte;final;1422.623;1800.396;1422.623;360.396;313.665
1458.1;1;Vespucio Norte;final;1498.956;2859.396;58.956;1419.396;38.07
1459;1;Vespucio Norte;final;1181.034;1812.396;1181.034;372.396;219.502
1460;1;Vespucio Norte;final;1189.823;1824.396;1189.823;384.396;225.308
1461;1;Vespucio Norte;final;1258.017;1832.562;1258.017;392.562;237.569
1462;1;Vespucio Norte;final;1206.956;1840.729;1206.956;400.729;225.308
1462.1;1;Vespucio Norte;final;1448.189;2645.779;8.189;1205.779;96.05
1463;1;Vespucio Norte;final;1357.317;1848.896;1357.317;408.896;258.257
1464;1;Vespucio Norte;final;1325.689;1857.062;1325.689;417.062;260.947
1465;1;Vespucio Norte;final;1262.206;1865.229;1262.206;425.229;240.743
1465.1;1;Vespucio Norte;final;1488.189;2698.146;48.189;1258.146;96.05
1466;1;Vespucio Norte;final;1380.817;1873.396;1380.817;433.396;275.345
1467;1;Vespucio Norte;final;1337.677;1881.562;1337.677;441.562;266.081
1468;1;Vespucio Norte;final;1423.956;1889.729;1423.956;449.729;296.586
1468.1;1;Vespucio Norte;final;1620.41;2861.062;180.41;1421.062;94.124
1469;1;Vespucio Norte;final;1404.739;1897.896;1404.739;457.896;280.655
1469.1;1;Vespucio Norte;final;1550.359;2837.924;110.359;1397.924;69.266
1470;1;Vespucio Norte;final;1328.617;1906.062;1328.617;466.062;243.315
1471;1;Vespucio Norte;final;1238.017;1914.229;1238.017;474.229;209.483
1472;1;Vespucio Norte;final;1245.689;1914.396;1245.689;474.396;208.22
1473;1;Vespucio Norte;final;1457.527;2536.396;17.527;1096.396;129.763
1474;1;Vespucio Norte;final;1319.623;2544.396;1319.623;1104.396;75.846
1475;1;Los Espinos + Santa Rosa;final;1300.022;1724.618;1300.022;284.618;311.715
1476;1;Los Espinos + Santa Rosa;final;1292.951;1754.618;1292.951;314.618;309.076
1476.1;1;Los Espinos + Santa Rosa;final;1519.104;2616.875;79.104;1176.875;157.456
1477;1;Los Espinos + Santa Rosa;final;1275.998;1784.618;1275.998;344.618;303.855
1477.1;1;Los Espinos + Santa Rosa;final;1360.867;2630.209;1360.867;1190.209;73.82
1478;1;Los Espinos + Santa Rosa;final;1320.036;1829.618;1320.036;389.618;294.176
1478.1;1;Los Espinos + Santa Rosa;final;1428.896;2750.881;1428.896;1310.881;51.507
1479;1;Los Espinos + Santa Rosa;final;785.382;1394.392;785.382;1394.392;300.989
1479.1;1;Los Espinos + Santa Rosa;final;1325.083;2172.042;1325.083;732.042;184.875
1480;1;La Reina;final;1005.979;1424.107;1005.979;1424.107;295.594
1480.1;1;La Reina;final;1496.079;2426.788;56.079;986.788;172.517
1481;1;La Reina;final;1068.109;1711.241;1068.109;271.241;273.077
1481.1;1;La Reina;final;1307.039;2481.908;1307.039;1041.908;88.926
1482;1;La Reina;final;1093.109;1719.807;1093.109;279.807;273.077
1482.1;1;La Reina;final;1332.739;2507.608;1332.739;1067.608;88.926
1483;1;La Reina;final;1080.609;1728.374;1080.609;288.374;273.077
1483.1;1;La Reina;final;1506.872;2490.475;66.872;1050.475;181.85
1484;1;La Reina;final;1105.609;1736.941;1105.609;296.941;273.077
1484.1;1;La Reina;final;1394.464;2516.175;1394.464;1076.175;112.201
1485;1;La Reina;final;1128.909;1745.507;1128.909;305.507;273.077
1485.1;1;La Reina;final;1312.589;2524.808;1312.589;1084.808;88.926
1486;1;La Reina;final;1204.862;1754.074;1204.862;314.074;292.531
1486.1;1;La Reina;final;1358.696;2611.305;1358.696;1171.305;59.539
1487;1;La Reina;final;1267.367;1754.107;1267.367;314.107;294.592
1487.1;1;La Reina;final;1343.414;2581.884;1343.414;1141.884;83.979
1488;1;La Reina;final;1178.909;1763.107;1178.909;323.107;273.077
1488.1;1;La Reina;final;1420.164;2576.208;1420.164;1136.208;112.201
1489;1;La Reina;final;1339.546;1772.107;1339.546;332.107;300.412
1490;1;La Reina;final;1264.862;1781.107;1264.862;341.107;292.531
1491;1;La Reina;final;1269.029;1790.107;1269.029;350.107;291.762
1491.1;1;La Reina;final;1499.329;2674.055;59.329;1234.055;107.64
1492;1;La Reina;final;1326.612;1854.107;1326.612;414.107;287.798
1492.1;1;La Reina;final;1456.079;2738.305;16.079;1298.305;66.173
1493;1;La Reina;final;1382.652;1864.107;1382.652;424.107;300.028
1494;1;La Reina;final;585.962;1413.856;585.962;1413.856;192.504
1495;1;La Reina;final;1055.609;1443.856;1055.609;3.856;296.846
1495.1;1;La Reina;final;1298.472;2473.341;1298.472;1033.341;88.926
1496;1;La Reina;final;1218.909;1743.856;1218.909;303.856;296.846
1496.1;1;La Reina;final;1391.85;2618.089;1391.85;1178.089;90.926
1497;1;La Reina;final;1315.362;1773.856;1315.362;333.856;290.909
1498;1;La Reina;final;1304.375;1803.856;1304.375;363.856;296.846
1498.1;1;La Reina;final;1506.481;2704.808;66.481;1264.808;112.201
1499;1;La Reina;final;1292.346;1813.856;1292.346;373.856;277.194
1500;1;La Reina;final;1194.836;1823.856;1194.836;383.856;248.53
1500.1;1;La Reina;final;1471.519;2594.241;31.519;1154.241;126.833
1501;1;La Reina;final;1352.848;1833.856;1352.848;393.856;306.709
1501.1;1;La Reina;final;1485.098;2714.386;45.098;1274.386;99.129
1502;1;La Reina;final;1304.312;1843.856;1304.312;403.856;272.603
1503;1;La Reina;final;1408.731;1853.856;1408.731;413.856;307.294
1504;1;La Reina;final;1219.281;1863.856;1219.281;423.856;246.318
1504.1;1;La Reina;final;1406.822;2619.041;1406.822;1179.041;88.926
1505;1;La Reina;final;1305.896;1883.856;1305.896;443.856;256.834
1506;1;La Reina;final;1241.081;1893.856;1241.081;453.856;246.318
1506.1;1;La Reina;final;1403.489;2644.808;1403.489;1204.808;88.926
1507;1;La Reina;final;1306.184;2532.422;1306.184;1092.422;90.926
1508;1;La Reina;final;1489.739;2549.556;49.739;1109.556;180.334
1509;1;La Reina;final;1543.817;2609.522;103.817;1169.522;182.776
1510;1;La Reina;final;1392.45;2643.856;1392.45;1203.856;90.926
1511;1;Los Espinos + Santa Rosa;final;815.719;1387.341;815.719;1387.341;284.855
1511.1;1;Los Espinos + Santa Rosa;final;1435.992;2252.737;1435.992;812.737;213.742
1512;1;Los Espinos + Santa Rosa;final;861.139;1407.341;861.139;1407.341;291.679
1512.1;1;Los Espinos + Santa Rosa;final;1516.705;2259.078;76.705;819.078;226.825
1513;1;Los Espinos + Santa Rosa;final;881.176;1427.341;881.176;1427.341;291.676
1513.1;1;Los Espinos + Santa Rosa;final;1487.138;2279.078;47.138;839.078;221.892
1514;1;Los Espinos + Santa Rosa;final;1200.275;1447.341;1200.275;7.341;314.57
1514.1;1;Los Espinos + Santa Rosa;final;1326.325;2639.008;1326.325;1199.008;47.154
1515;1;Los Espinos + Santa Rosa;final;1389.238;1792.341;1389.238;352.341;305.784
1516;1;Los Espinos + Santa Rosa;final;1319.363;1796.091;1319.363;356.091;289.463
1517;1;Los Espinos + Santa Rosa;final;1351.9;1799.841;1351.9;359.841;307.636
1517.1;1;Los Espinos + Santa Rosa;final;1463.333;2780.132;23.333;1340.132;57.911
1518;1;Los Espinos + Santa Rosa;final;1377.621;1803.591;1377.621;363.591;296.852
1519;1;Los Espinos + Santa Rosa;final;1421.242;1807.341;1421.242;367.341;299.487
1519.1;1;Los Espinos + Santa Rosa;final;1510.989;2804.078;70.989;1364.078;67.216
1520;1;Los Espinos + Santa Rosa;final;1321.802;1811.091;1321.802;371.091;272.692
1521;1;Los Espinos + Santa Rosa;final;1361.402;1814.841;1361.402;374.841;290.83
1522;1;Los Espinos + Santa Rosa;final;1365.121;1818.591;1365.121;378.591;280.438
1523;1;Los Espinos + Santa Rosa;final;1457.755;1883.674;17.755;443.674;300.362
1524;1;Los Espinos + Santa Rosa;final;1361.588;1887.757;1361.588;447.757;266.521
1525;1;Los Espinos + Santa Rosa;final;1465.267;1891.841;25.267;451.841;314.816
1525.1;1;Los Espinos + Santa Rosa;final;1576.666;2847.22;136.666;1407.22;77.404
1526;1;Los Espinos + Santa Rosa;final;1398.569;1895.924;1398.569;455.924;275.338
1527;1;Los Espinos + Santa Rosa;final;1259.836;1900.007;1259.836;460.007;220.111
1528;1;Los Espinos + Santa Rosa;final;1472.148;1904.091;32.148;464.091;311.594
1529;1;Los Espinos + Santa Rosa;final;1465.899;1908.174;25.899;468.174;309.862
1529.1;1;Los Espinos + Santa Rosa;final;1544.421;2807.341;104.421;1367.341;77.675
1530;1;Los Espinos + Santa Rosa;final;1481.281;1912.257;41.281;472.257;294.098
1531;1;Los Espinos + Santa Rosa;final;1415.572;1957.341;1415.572;517.341;275.18
1531.1;1;Los Espinos + Santa Rosa;final;1509.166;2790.461;69.166;1350.461;73.959
1532;1;Los Espinos + Santa Rosa;final;1477.755;2511.741;37.755;1071.741;151.904
1533;1;Los Espinos + Santa Rosa;final;1340.686;2569.341;1340.686;1129.341;74.154
1534;1;Los Espinos + Santa Rosa;final;854.372;1400.056;854.372;1400.056;291.781
1534.1;1;Los Espinos + Santa Rosa;final;1383.755;2253.394;1383.755;813.394;182.028
1535;1;Los Espinos + Santa Rosa;final;969.452;1420.056;969.452;1420.056;314.936
1535.1;1;Los Espinos + Santa Rosa;final;1232.975;2389.24;1232.975;949.24;81.61
1536;1;Los Espinos + Santa Rosa;final;1095.666;1440.056;1095.666;0.056;311.742
1536.1;1;Los Espinos + Santa Rosa;final;1472.003;2481.998;32.003;1041.998;202.181
1537;1;Los Espinos + Santa Rosa;final;991.863;1460.056;991.863;20.056;311.417
1537.1;1;Los Espinos + Santa Rosa;final;1445.753;2373.744;5.753;933.744;196.087
1538;1;Los Espinos + Santa Rosa;final;982.149;1475.056;982.149;35.056;300.058
1538.1;1;Los Espinos + Santa Rosa;final;1436.134;2332.341;1436.134;892.341;236.183
1539;1;Los Espinos + Santa Rosa;final;1217.208;1610.056;1217.208;170.056;301.362
1539.1;1;Los Espinos + Santa Rosa;final;1486.748;2573.192;46.748;1133.192;155.346
1540;1;Los Espinos + Santa Rosa;final;1301.802;1685.056;1301.802;245.056;303.724
1540.1;1;Los Espinos + Santa Rosa;final;1472.684;2694.137;32.684;1254.137;102.986
1541;1;Los Espinos + Santa Rosa;final;1282.91;1730.056;1282.91;290.056;287.739
1542;1;Los Espinos + Santa Rosa;final;1341.913;1733.806;1341.913;293.806;311.417
1542.1;1;Los Espinos + Santa Rosa;final;1421.934;2690.377;1421.934;1250.377;76.898
1543;1;Los Espinos + Santa Rosa;final;1312.116;1737.556;1312.116;297.556;300.058
1543.1;1;Los Espinos + Santa Rosa;final;1510.059;2664.674;70.059;1224.674;118.213
1544;1;Los Espinos + Santa Rosa;final;1231.388;1741.306;1231.388;301.306;252.198
1545;1;Los Espinos + Santa Rosa;final;1252.072;1745.056;1252.072;305.056;284.975
1545.1;1;Los Espinos + Santa Rosa;final;1466.849;2618.394;26.849;1178.394;111.732
1546;1;Los Espinos + Santa Rosa;final;1296.792;1748.806;1296.792;308.806;296.121
1546.1;1;Los Espinos + Santa Rosa;final;1565.051;2672.628;125.051;1232.628;147.472
1547;1;Los Espinos + Santa Rosa;final;1306.392;1756.306;1306.392;316.306;296.121
1547.1;1;Los Espinos + Santa Rosa;final;1466.452;2685.478;26.452;1245.478;93.627
1548;1;Los Espinos + Santa Rosa;final;1351.324;1763.806;1351.324;323.806;311.809
1548.1;1;Los Espinos + Santa Rosa;final;1470.657;2746.163;30.657;1306.163;73.698
1549;1;Los Espinos + Santa Rosa;final;1371.753;1767.556;1371.753;327.556;305.39
1549.1;1;Los Espinos + Santa Rosa;final;1485.657;2805.381;45.657;1365.381;52.248
1550;1;Los Espinos + Santa Rosa;final;1334.515;1775.056;1334.515;335.056;295.7
1550.1;1;Los Espinos + Santa Rosa;final;1401.602;2707.966;1401.602;1267.966;59.961
1551;1;Los Espinos + Santa Rosa;final;1315.854;1778.806;1315.854;338.806;279.391
1552;1;Los Espinos + Santa Rosa;final;1392.339;1790.056;1392.339;350.056;302.931
1553;1;Los Espinos + Santa Rosa;final;1415.805;1794.14;1415.805;354.14;312.619
1554;1;Los Espinos + Santa Rosa;final;1388.752;1802.306;1388.752;362.306;308.707
1555;1;Los Espinos + Santa Rosa;final;1386.649;1806.39;1386.649;366.39;300.058
1556;1;Los Espinos + Santa Rosa;final;1277.631;1822.723;1277.631;382.723;269.216
1557;1;Los Espinos + Santa Rosa;final;1471.182;1880.056;31.182;440.056;287.849
1557.1;1;Los Espinos + Santa Rosa;final;1551.088;2814.007;111.088;1374.007;77.675
1558;1;Los Espinos + Santa Rosa;final;1296.685;1772.881;1296.685;332.881;277.771
1559;1;Los Espinos + Santa Rosa;final;1256.866;1784.881;1256.866;344.881;277.652
1559.1;1;Los Espinos + Santa Rosa;final;1387.214;2634.57;1387.214;1194.57;74.879
1560;1;Los Espinos + Santa Rosa;final;1326.155;1796.881;1326.155;356.881;287.149
1560.1;1;Los Espinos + Santa Rosa;final;1531.088;2702.762;91.088;1262.762;106.83
1561;1;Los Espinos + Santa Rosa;final;1397.521;1808.881;1397.521;368.881;305.083
1562;1;Los Espinos + Santa Rosa;final;1400.896;1910.881;1400.896;470.881;290.458
1562.1;1;Los Espinos + Santa Rosa;final;1464.721;2784.678;24.721;1344.678;55.059
1563;1;Los Espinos + Santa Rosa;final;1061.463;1464.078;1061.463;24.078;298.891
1563.1;1;Los Espinos + Santa Rosa;final;1407.031;2487.57;1407.031;1047.57;137.875
1564;1;Los Espinos + Santa Rosa;final;1233.062;1599.078;1233.062;159.078;306.957
1564.1;1;Los Espinos + Santa Rosa;final;1304.146;2621.417;1304.146;1181.417;49.66
1565;1;Los Espinos + Santa Rosa;final;1323.569;1734.078;1323.569;294.078;308.746
1566;1;Los Espinos + Santa Rosa;final;1293.369;1740.078;1293.369;300.078;287.91
1567;1;Los Espinos + Santa Rosa;final;1331.588;1746.078;1331.588;306.078;313.161
1567.1;1;Los Espinos + Santa Rosa;final;1480.746;2707.546;40.746;1267.546;89.748
1568;1;Los Espinos + Santa Rosa;final;1292.352;1752.078;1292.352;312.078;282.062
1568.1;1;Los Espinos + Santa Rosa;final;1429.552;2680.14;1429.552;1240.14;78.938
1569;1;Los Espinos + Santa Rosa;final;1368.392;1758.078;1368.392;318.078;308.98
1570;1;Los Espinos + Santa Rosa;final;523.903;1764.078;523.903;324.078;72.116
1571;1;Los Espinos + Santa Rosa;final;504.886;1770.078;504.886;330.078;58.296
1572;1;Los Espinos + Santa Rosa;final;1316.192;1776.078;1316.192;336.078;265.464
1573;1;Los Espinos + Santa Rosa;final;1260.736;1782.078;1260.736;342.078;286.236
1574;1;Los Espinos + Santa Rosa;final;1300.903;1788.078;1300.903;348.078;287.56
1574.1;1;Los Espinos + Santa Rosa;final;1535.832;2678.325;95.832;1238.325;129.779
1575;1;Los Espinos + Santa Rosa;final;1456.303;1794.078;16.303;354.078;312.901
1576;1;Los Espinos + Santa Rosa;final;1333.146;1797.412;1333.146;357.412;192.997
1577;1;Los Espinos + Santa Rosa;final;1409.867;1800.745;1409.867;360.745;298.078
1578;1;Los Espinos + Santa Rosa;final;1359.89;1804.078;1359.89;364.078;296.101
1578.1;1;Los Espinos + Santa Rosa;final;1467.797;2793.008;27.797;1353.008;53.419
1579;1;Los Espinos + Santa Rosa;final;1288.063;1807.412;1288.063;367.412;266.066
1580;1;Los Espinos + Santa Rosa;final;1361.708;1810.745;1361.708;370.745;203.761
1581;1;Los Espinos + Santa Rosa;final;1271.955;1814.078;1271.955;374.078;295.9
1581.1;1;Los Espinos + Santa Rosa;final;1410.825;2646.644;1410.825;1206.644;86.066
1582;1;Los Espinos + Santa Rosa;final;1395.83;1817.412;1395.83;377.412;273.392
1583;1;Los Espinos + Santa Rosa;final;541.98;1820.745;541.98;380.745;59.831
1584;1;Los Espinos + Santa Rosa;final;1277.442;1824.078;1277.442;384.078;258.544
1585;1;Los Espinos + Santa Rosa;final;1223.911;1827.412;1223.911;387.412;216.501
1586;1;Los Espinos + Santa Rosa;final;1343.273;1830.745;1343.273;390.745;281.674
1586.1;1;Los Espinos + Santa Rosa;final;1511.207;2719.521;71.207;1279.521;106.713
1587;1;Los Espinos + Santa Rosa;final;1359.194;1834.078;1359.194;394.078;293.661
1587.1;1;Los Espinos + Santa Rosa;final;1498.355;2712.081;58.355;1272.081;102.713
1588;1;Los Espinos + Santa Rosa;final;1395.554;1837.412;1395.554;397.412;226.008
1589;1;Los Espinos + Santa Rosa;final;1460.85;1840.745;20.85;400.745;238.678
1590;1;Los Espinos + Santa Rosa;final;1198.821;1844.078;1198.821;404.078;219.999
1591;1;Los Espinos + Santa Rosa;final;485.403;1847.412;485.403;407.412;29.575
1592;1;Los Espinos + Santa Rosa;final;1321.514;1850.745;1321.514;410.745;250.464
1593;1;Los Espinos + Santa Rosa;final;1283.146;1857.412;1283.146;417.412;255.775
1594;1;Los Espinos + Santa Rosa;final;1376.069;1864.078;1376.069;424.078;300.682
1595;1;Los Espinos + Santa Rosa;final;1451.664;1867.412;11.664;427.412;300.013
1595.1;1;Los Espinos + Santa Rosa;final;1510.715;2829.519;70.715;1389.519;56.599
1596;1;Los Espinos + Santa Rosa;final;1254.087;1870.745;1254.087;430.745;192.75
1597;1;Los Espinos + Santa Rosa;final;1500.176;1874.078;60.176;434.078;309.285
1598;1;Los Espinos + Santa Rosa;final;515.403;1877.412;515.403;437.412;29.575
1599;1;Los Espinos + Santa Rosa;final;1418.817;1880.745;1418.817;440.745;299.509
1599.1;1;Los Espinos + Santa Rosa;final;1464.302;2855.808;24.302;1415.808;22.125
1600;1;Los Espinos + Santa Rosa;final;1435.663;1884.078;1435.663;444.078;300.154
1600.1;1;Los Espinos + Santa Rosa;final;1494.472;2785.377;54.472;1345.377;72.082
1601;1;Los Espinos + Santa Rosa;final;1152.808;1774.575;1152.808;334.575;289.67
1601.1;1;Los Espinos + Santa Rosa;final;1473.052;2478.991;33.052;1038.991;183.905
1602;1;Los Espinos + Santa Rosa;final;1303.772;1742.737;1303.772;302.737;293.563
1602.1;1;Los Espinos + Santa Rosa;final;1426.089;2679.078;1426.089;1239.078;78.366
1603;1;Los Espinos + Santa Rosa;final;1231.007;1750.237;1231.007;310.237;295.845
1603.1;1;Los Espinos + Santa Rosa;final;1373.881;2610.215;1373.881;1170.215;97.567
1604;1;Los Espinos + Santa Rosa;final;1237.678;1757.737;1237.678;317.737;288.386
1605;1;Los Espinos + Santa Rosa;final;1303.112;1765.237;1303.112;325.237;308.338
1605.1;1;Los Espinos + Santa Rosa;final;1468.692;2679.971;28.692;1239.971;105.492
1606;1;Los Espinos + Santa Rosa;final;1297.961;1772.737;1297.961;332.737;284.456
1607;1;Los Espinos + Santa Rosa;final;1308.812;1780.237;1308.812;340.237;308.338
1607.1;1;Los Espinos + Santa Rosa;final;1457.276;2681.438;17.276;1241.438;95.881
1608;1;Los Espinos + Santa Rosa;final;1289.58;1787.737;1289.58;347.737;276.297
1609;1;Los Espinos + Santa Rosa;final;1296.766;1795.237;1296.766;355.237;284.298
1609.1;1;Los Espinos + Santa Rosa;final;1354.896;2673.315;1354.896;1233.315;63.209
1610;1;Los Espinos + Santa Rosa;final;1275.227;1802.737;1275.227;362.737;286.302
1610.1;1;Los Espinos + Santa Rosa;final;1500.243;2618.311;60.243;1178.311;147.205
1611;1;Los Espinos + Santa Rosa;final;1304.951;1809.654;1304.951;369.654;270.706
1612;1;Los Espinos + Santa Rosa;final;1332.394;1823.487;1332.394;383.487;289.108
1613;1;Los Espinos + Santa Rosa;final;1270.958;1830.404;1270.958;390.404;239.684
1614;1;Los Espinos + Santa Rosa;final;1246.786;1851.154;1246.786;411.154;222.8
1615;1;Los Espinos + Santa Rosa;final;1391.105;1858.07;1391.105;418.07;288.35
1615.1;1;Los Espinos + Santa Rosa;final;1509.682;2766.912;69.682;1326.912;75.493
1616;1;Los Espinos + Santa Rosa;final;1484.421;1864.987;44.421;424.987;307.603
1617;1;Los Espinos + Santa Rosa;final;1260.665;1878.82;1260.665;438.82;231.609
1618;1;Los Espinos + Santa Rosa;final;1459.839;1885.737;19.839;445.737;285.946
1619;1;Los Espinos + Santa Rosa;final;1251.802;1892.654;1251.802;452.654;216.862
1620;1;Los Espinos + Santa Rosa;final;1350.202;1892.737;1350.202;452.737;276.328
1621;1;Los Espinos + Santa Rosa;final;854.184;1399.409;854.184;1399.409;276.876
1621.1;1;Los Espinos + Santa Rosa;final;1472.739;2293.42;32.739;853.42;216.679
1622;1;Los Espinos + Santa Rosa;final;761.518;1429.409;761.518;1429.409;307.845
1622.1;1;Los Espinos + Santa Rosa;final;1411.981;2161.399;1411.981;721.399;238.041
1623;1;Los Espinos + Santa Rosa;final;702.259;1412.737;702.259;1412.737;276.228
1623.1;1;Los Espinos + Santa Rosa;final;1434.199;2101.078;1434.199;661.078;245.007
1624;1;Los Espinos + Santa Rosa;final;905.617;1442.737;905.617;2.737;310.455
1624.1;1;Los Espinos + Santa Rosa;final;1466.507;2347.52;26.507;907.52;188.316
1625;1;Los Espinos + Santa Rosa;final;807.294;1472.737;807.294;32.737;307.499
1625.1;1;Los Espinos + Santa Rosa;final;1406.561;2187.081;1406.561;747.081;212.861
1626;1;El Conquistador;final;849.179;1408.751;849.179;1408.751;295.495
1626.1;1;El Conquistador;final;1483.079;2302.874;43.079;862.874;232.662
1627;1;El Conquistador;intermedia;834.153;860.0;834.153;860.0;288.264
1627;2;El Conquistador;final;1062.751;1438.751;1062.751;1438.751;73.038
1627.1;1;El Conquistador;final;1345.513;2486.152;1345.513;1046.152;115.077
1628;1;El Conquistador;final;600.177;1468.751;600.177;28.751;196.79
1629;1;El Conquistador;final;1250.244;1648.751;1250.244;208.751;305.587
1629.1;1;El Conquistador;final;1552.822;2591.89;112.822;1151.89;179.764
1630;1;El Conquistador;final;1221.322;1738.751;1221.322;298.751;246.139
1631;1;El Conquistador;final;1145.862;1747.318;1145.862;307.318;264.209
1631.1;1;El Conquistador;final;1297.797;2541.168;1297.797;1101.168;77.254
1632;1;El Conquistador;final;1334.664;1764.451;1334.664;324.451;271.518
1633;1;El Conquistador;final;1314.247;1773.018;1314.247;333.018;283.287
1634;1;El Conquistador;final;1366.23;1781.585;1366.23;341.585;310.217
1634.1;1;El Conquistador;final;1486.83;2703.575;46.83;1263.575;103.775
1635;1;El Conquistador;final;1277.322;1790.151;1277.322;350.151;246.139
1636;1;El Conquistador;final;1309.322;1798.718;1309.322;358.718;246.139
1637;1;El Conquistador;final;1423.556;1798.751;1423.556;358.751;301.138
1637.1;1;El Conquistador;final;1484.067;2814.418;44.067;1374.418;51.656
1638;1;El Conquistador;final;1182.464;1804.751;1182.464;364.751;247.733
1639;1;El Conquistador;final;1436.889;1810.751;1436.889;370.751;301.138
1640;1;El Conquistador;final;1425.383;1816.751;1425.383;376.751;291.579
1640.1;1;El Conquistador;final;1524.813;2832.001;84.813;1392.001;62.616
1641;1;El Conquistador;final;1422.418;1822.751;1422.418;382.751;294.905
1641.1;1;El Conquistador;final;1521.097;2830.386;81.097;1390.386;61.138
1642;1;El Conquistador;final;1301.066;1828.751;1301.066;388.751;237.395
1643;1;El Conquistador;final;1313.022;1834.751;1313.022;394.751;246.139
1644;1;El Conquistador;final;1177.822;1840.751;1177.822;400.751;191.139
1645;1;El Conquistador;final;1324.272;1846.751;1324.272;406.751;246.139
1646;1;El Conquistador;final;1195.822;1852.751;1195.822;412.751;191.139
1647;1;El Conquistador;final;1207.822;1858.751;1207.822;418.751;191.139
1648;1;El Conquistador;final;1476.889;1864.751;36.889;424.751;301.138
1649;1;El Conquistador;final;1213.822;1870.751;1213.822;430.751;191.139
1650;1;El Conquistador;final;1213.322;1876.751;1213.322;436.751;191.139
1651;1;El Conquistador;final;645.177;1412.966;645.177;1412.966;304.923
1651.1;1;El Conquistador;final;1294.344;1985.89;1294.344;545.89;237.416
1652;1;El Conquistador;final;738.589;1442.966;738.589;2.966;259.761
1652.1;1;El Conquistador;final;1376.206;2157.174;1376.206;717.174;217.397
1653;1;El Conquistador;final;1159.434;1472.966;1159.434;32.966;297.427
1653.1;1;El Conquistador;final;1223.149;2552.624;1223.149;1112.624;43.053
1654;1;El Conquistador;final;1238.149;1820.966;1238.149;380.966;208.17
1655;1;El Conquistador;final;1283.149;1892.966;1283.149;452.966;208.17
1656;1;El Conquistador;final;1334.417;1757.039;1334.417;317.039;294.361
1656.1;1;El Conquistador;final;1571.472;2729.779;131.472;1289.779;125.842
1657;1;El Conquistador;final;1264.667;1764.539;1264.667;324.539;298.086
1657.1;1;El Conquistador;final;1466.117;2654.779;26.117;1214.779;102.18
1658;1;El Conquistador;final;1356.048;1772.039;1356.048;332.039;311.143
1658.1;1;El Conquistador;final;1534.715;2777.039;94.715;1337.039;76.911
1659;1;El Conquistador;final;1287.389;1779.539;1287.389;339.539;295.17
1659.1;1;El Conquistador;final;1366.451;2626.919;1366.451;1186.919;75.674
1660;1;El Conquistador;final;1307.165;1787.039;1307.165;347.039;279.93
1661;1;El Conquistador;final;1314.665;1794.539;1314.665;354.539;279.93
1661.1;1;El Conquistador;final;1423.485;2735.789;1423.485;1295.789;58.105
1662;1;El Conquistador;final;1322.165;1802.039;1322.165;362.039;279.93
1662.1;1;El Conquistador;final;1500.448;2747.039;60.448;1307.039;76.911
1663;1;El Conquistador;final;1235.051;1809.539;1235.051;369.539;261.123
1664;1;El Conquistador;final;1265.051;1817.039;1265.051;377.039;261.123
1665;1;El Conquistador;final;1272.551;1825.206;1272.551;385.206;261.123
1666;1;El Conquistador;final;1326.417;1833.373;1326.417;393.373;268.666
1666.1;1;El Conquistador;final;1441.551;2716.879;1.551;1276.879;77.04
1667;1;El Conquistador;final;1295.051;1841.539;1295.051;401.539;261.123
1668;1;El Conquistador;final;1376.048;1857.873;1376.048;417.873;279.93
1669;1;El Conquistador;final;1317.551;1874.206;1317.551;434.206;261.123
1670;1;El Conquistador;final;1238.565;1898.706;1238.565;458.706;212.257
1671;1;El Conquistador;final;1344.735;1906.873;1344.735;466.873;261.123
1672;1;El Conquistador;final;1247.132;1907.039;1247.132;467.039;212.257
1673;1;El Conquistador;final;1262.417;1917.039;1262.417;477.039;227.116
1674;1;El Conquistador;final;1329.665;2544.539;1329.665;1104.539;76.911
1675;1;El Conquistador;final;1287.551;2589.539;1287.551;1149.539;58.105
1676;1;El Conquistador;final;1521.318;2649.539;81.318;1209.539;125.778
1677;1;El Conquistador;final;1302.551;1721.552;1302.551;281.552;312.563
1678;1;El Conquistador;final;1306.439;1736.552;1306.439;296.552;305.48
1679;1;El Conquistador;final;1325.051;1751.552;1325.051;311.552;312.563
1679.1;1;El Conquistador;final;1396.048;2681.552;1396.048;1241.552;60.678
1680;1;El Conquistador;final;1332.551;1766.552;1332.551;326.552;312.563
1681;1;El Conquistador;final;1270.417;1781.552;1270.417;341.552;278.555
1682;1;El Conquistador;final;1262.165;1789.052;1262.165;349.052;263.697
1683;1;El Conquistador;final;1378.485;1796.552;1378.485;356.552;312.563
1684;1;El Conquistador;final;1190.851;1804.052;1190.851;364.052;244.89
1685;1;El Conquistador;final;1284.665;1811.552;1284.665;371.552;263.697
1686;1;El Conquistador;final;1400.985;1819.052;1400.985;379.052;312.563
1687;1;El Conquistador;final;1412.235;1826.552;1412.235;386.552;312.563
1687.1;1;El Conquistador;final;1466.182;2762.952;26.182;1322.952;60.678
1688;1;El Conquistador;final;1250.051;1864.052;1250.051;424.052;244.89
1689;1;El Conquistador;final;1344.665;1871.552;1344.665;431.552;263.697
1690;1;El Conquistador;final;1280.051;1898.552;1280.051;458.552;244.89
1691;1;El Conquistador;final;1406.048;2475.785;1406.048;1035.785;128.351
1692;1;El Conquistador;final;1239.665;2509.052;1239.665;1069.052;60.678
1693;1;El Conquistador;final;1414.782;2516.552;1414.782;1076.552;128.351
1694;1;El Conquistador;final;1367.235;2524.052;1367.235;1084.052;109.544
1695;1;Vespucio Norte;final;640.999;1466.119;640.999;26.119;225.195
1696;1;Vespucio Norte;final;1336.328;1556.119;1336.328;116.119;306.197
1696.1;1;Vespucio Norte;final;1425.763;2728.024;1425.763;1288.024;69.96
1697;1;Vespucio Norte;final;1433.179;1742.786;1433.179;302.786;309.339
1698;1;Vespucio Norte;final;1352.622;1749.453;1352.622;309.453;276.264
1699;1;Vespucio Norte;final;1268.632;1756.119;1268.632;316.119;276.089
1699.1;1;Vespucio Norte;final;1413.532;2653.349;1413.532;1213.349;96.814
1700;1;Vespucio Norte;final;1468.729;1762.786;28.729;322.786;314.843
1701;1;Vespucio Norte;final;1423.239;1802.536;1423.239;362.536;312.078
1701.1;1;Vespucio Norte;final;1571.922;2806.119;131.922;1366.119;98.616
1702;1;Vespucio Norte;final;1292.905;1808.953;1292.905;368.953;251.65
1703;1;Vespucio Norte;final;1260.239;1821.786;1260.239;381.786;193.553
1704;1;Vespucio Norte;final;1409.348;1853.869;1409.348;413.869;301.494
1705;1;Vespucio Norte;final;1399.729;1886.119;1399.729;446.119;296.812
1705.1;1;Vespucio Norte;final;1504.896;2837.829;64.896;1397.829;51.221
1706;1;Vespucio Norte;final;1259.736;1736.119;1259.736;296.119;242.798
1707;1;Vespucio Norte;final;1355.805;1744.686;1355.805;304.686;264.755
1708;1;Vespucio Norte;final;1257.596;1753.253;1257.596;313.253;235.498
1709;1;Vespucio Norte;final;1263.629;1761.819;1263.629;321.819;295.46
1710;1;Vespucio Norte;final;1332.811;1770.386;1332.811;330.386;310.433
1711;1;Vespucio Norte;final;1184.695;1787.519;1184.695;347.519;270.147
1712;1;Vespucio Norte;final;1258.948;1822.536;1258.948;382.536;267.278
1713;1;Vespucio Norte;final;1226.136;1833.103;1226.136;393.103;248.131
1714;1;Vespucio Norte;final;799.945;1838.386;799.945;398.386;115.73
1715;1;Vespucio Norte;final;1150.651;1848.953;1150.651;408.953;199.544
1716;1;Vespucio Norte;final;1238.113;1864.803;1238.113;424.803;226.469
1717;1;Vespucio Norte;final;1408.896;1870.086;1408.896;430.086;252.544
1718;1;Vespucio Norte;final;1258.296;1880.653;1258.296;440.653;245.225
1719;1;Vespucio Norte;final;1265.363;1886.119;1265.363;446.119;264.428
1720;1;Vespucio Norte;final;1171.732;1762.272;1171.732;322.272;252.68
1720.1;1;Vespucio Norte;final;1537.655;2558.349;97.655;1118.349;197.332
1721;1;Vespucio Norte;final;1330.532;1777.272;1330.532;337.272;307.308
1721.1;1;Vespucio Norte;final;1393.232;2649.235;1393.232;1209.235;88.632
1722;1;Vespucio Norte;final;1295.18;1792.272;1295.18;352.272;282.509
1722.1;1;Vespucio Norte;final;1406.847;2714.707;1406.847;1274.707;52.387
1723;1;Vespucio Norte;final;1461.695;1827.555;21.695;387.555;314.868
1724;1;Vespucio Norte;final;1273.705;1838.122;1273.705;398.122;192.619
1725;1;Vespucio Norte;final;1303.905;1864.538;1303.905;424.538;232.409
1726;1;El Conquistador;final;1056.98;1465.674;1056.98;25.674;265.901
1726.1;1;El Conquistador;final;1462.841;2483.003;22.841;1043.003;156.503
1727;1;El Conquistador;final;1153.517;1555.674;1153.517;115.674;289.493
1727.1;1;El Conquistador;final;1470.519;2565.077;30.519;1125.077;137.855
1728;1;El Conquistador;final;1190.08;1645.674;1190.08;205.674;305.847
1728.1;1;El Conquistador;final;1490.945;2511.677;50.945;1071.677;174.224
1729;1;El Conquistador;final;1345.032;1735.674;1345.032;295.674;214.055
1730;1;El Conquistador;final;1205.322;1745.674;1205.322;305.674;253.979
1731;1;El Conquistador;final;1235.55;1755.674;1235.55;315.674;285.633
1731.1;1;El Conquistador;final;1315.903;2635.751;1315.903;1195.751;53.583
1732;1;El Conquistador;final;1320.484;1765.674;1320.484;325.674;303.928
1732.1;1;El Conquistador;final;1436.745;2751.455;1436.745;1311.455;59.454
1733;1;El Conquistador;final;1322.334;1775.674;1322.334;335.674;304.45
1733.1;1;El Conquistador;final;1460.414;2719.834;20.414;1279.834;77.254
1734;1;El Conquistador;final;1256.421;1795.674;1256.421;355.674;279.765
1734.1;1;El Conquistador;final;1378.06;2634.271;1378.06;1194.271;86.832
1735;1;El Conquistador;final;1474.883;1804.674;34.883;364.674;229.39
1736;1;El Conquistador;final;1245.129;1813.674;1245.129;373.674;256.757
1737;1;El Conquistador;final;1256.579;1822.674;1256.579;382.674;266.427
1737.1;1;El Conquistador;final;1396.164;2655.584;1396.164;1215.584;77.254
1738;1;El Conquistador;final;1283.279;1831.674;1283.279;391.674;269.108
1738.1;1;El Conquistador;final;1421.864;2681.284;1421.864;1241.284;77.254
1739;1;El Conquistador;final;1380.915;1840.674;1380.915;400.674;268.64
1740;1;El Conquistador;final;1472.455;1849.674;32.455;409.674;289.916
1741;1;El Conquistador;final;1298.149;1858.674;1298.149;418.674;251.14
1742;1;El Conquistador;final;1199.22;1893.751;1199.22;453.751;112.121
1743;1;El Conquistador;final;510.635;1463.216;510.635;23.216;101.292
1744;1;El Conquistador;final;1272.246;1740.716;1272.246;300.716;288.909
1745;1;El Conquistador;final;1152.576;1748.216;1152.576;308.216;299.119
1745.1;1;El Conquistador;final;1280.459;2569.438;1280.459;1129.438;53.73
1746;1;El Conquistador;final;1341.539;1755.716;1341.539;315.716;279.907
1746.1;1;El Conquistador;final;1532.355;2727.174;92.355;1287.174;123.852
1747;1;El Conquistador;final;1343.881;1763.216;1343.881;323.216;291.565
1748;1;El Conquistador;final;1129.517;1770.716;1129.517;330.716;260.032
1748.1;1;El Conquistador;final;1442.959;2541.077;2.959;1101.077;135.874
1749;1;El Conquistador;final;1372.978;1778.216;1372.978;338.216;313.815
1750;1;El Conquistador;final;1263.62;1785.716;1263.62;345.716;273.127
1751;1;El Conquistador;final;1252.849;1793.216;1252.849;353.216;295.894
1751.1;1;El Conquistador;final;1455.299;2632.993;15.299;1192.993;115.143
1752;1;El Conquistador;final;1344.945;1793.865;1344.945;353.865;264.236
1753;1;El Conquistador;final;1296.739;1808.865;1296.739;368.865;232.746
1754;1;El Conquistador;final;1305.62;1817.865;1305.62;377.865;288.143
1755;1;El Conquistador;final;1413.922;1826.865;1413.922;386.865;286.509
1755.1;1;El Conquistador;final;1535.494;2807.174;95.494;1367.174;85.195
1756;1;El Conquistador;final;1413.589;1835.865;1413.589;395.865;290.96
1756.1;1;El Conquistador;final;1476.235;2726.98;36.235;1286.98;88.887
1757;1;El Conquistador;final;1312.628;1898.865;1312.628;458.865;204.037
1758;1;Vespucio Norte;final;1188.832;1736.119;1188.832;296.119;254.103
1758.1;1;Vespucio Norte;final;1404.482;2578.349;1404.482;1138.349;120.133
1759;1;Vespucio Norte;final;1234.329;1748.119;1234.329;308.119;268.202
1760;1;Vespucio Norte;final;1144.163;1760.119;1144.163;320.119;226.95
1761;1;Vespucio Norte;final;1385.763;1772.119;1385.763;332.119;313.927
1761.1;1;Vespucio Norte;final;1487.763;2820.696;47.763;1380.696;51.221
1762;1;Vespucio Norte;final;1342.194;1796.119;1342.194;356.119;269.809
1763;1;Vespucio Norte;final;1343.246;1805.119;1343.246;365.119;303.374
1764;1;Vespucio Norte;final;1376.702;1809.619;1376.702;369.619;266.684
1765;1;Vespucio Norte;final;1365.46;1818.619;1365.46;378.619;304.682
1765.1;1;Vespucio Norte;final;1450.376;2780.624;10.376;1340.624;49.905
1766;1;Vespucio Norte;final;1426.078;1841.119;1426.078;401.119;263.066
1767;1;Vespucio Norte;final;1281.515;1854.619;1281.515;414.619;278.364
1768;1;Vespucio Norte;final;1257.145;1863.619;1257.145;423.619;240.483
1769;1;Vespucio Norte;final;1402.636;1886.119;1402.636;446.119;286.959
1770;1;El Conquistador;final;1430.417;1734.534;1430.417;294.534;306.549
1770.1;1;El Conquistador;final;1550.443;2852.033;110.443;1412.033;63.269
1771;1;El Conquistador;final;1362.034;1749.534;1362.034;309.534;267.83
1771.1;1;El Conquistador;final;1485.093;2779.633;45.093;1339.633;66.965
1772;1;El Conquistador;final;1204.812;1764.534;1204.812;324.534;310.07
1772.1;1;El Conquistador;final;1383.962;2532.976;1383.962;1092.976;122.406
1773;1;El Conquistador;final;517.138;1779.534;517.138;339.534;92.431
1774;1;El Conquistador;final;1305.005;1804.534;1305.005;364.534;220.131
1775;1;El Conquistador;final;1211.238;1814.534;1211.238;374.534;156.281
1776;1;El Conquistador;final;1331.415;1824.534;1331.415;384.534;302.712
1776.1;1;El Conquistador;final;1573.229;2732.89;133.229;1292.89;134.093
1777;1;El Conquistador;final;1168.643;1834.534;1168.643;394.534;250.337
1778;1;El Conquistador;final;1210.771;1844.534;1210.771;404.534;156.281
1779;1;El Conquistador;final;1242.312;1871.876;1242.312;431.876;271.192
1780;1;Vespucio Norte;final;1255.905;1744.686;1255.905;304.686;272.614
1780.1;1;Vespucio Norte;final;1371.839;2636.119;1371.839;1196.119;85.152
1781;1;Vespucio Norte;final;1438.896;1753.253;1438.896;313.253;308.28
1781.1;1;Vespucio Norte;final;1495.455;2872.205;55.455;1432.205;28.731
1782;1;Vespucio Norte;final;1522.029;1761.819;82.029;321.819;300.408
1783;1;Vespucio Norte;final;1410.389;1770.386;1410.389;330.386;274.061
1784;1;Vespucio Norte;final;1245.336;1778.953;1245.336;338.953;190.215
1785;1;Vespucio Norte;final;1307.805;1796.119;1307.805;356.119;235.917
1786;1;Vespucio Norte;final;1243.581;1828.786;1243.581;388.786;248.97
1787;1;Vespucio Norte;final;1297.629;1836.953;1297.629;396.953;248.16
1788;1;Vespucio Norte;final;1443.532;1853.286;3.532;413.286;309.561
1789;1;Vespucio Norte;final;1279.055;1861.453;1279.055;421.453;183.784
1790;1;Vespucio Norte;final;1433.346;1869.619;1433.346;429.619;297.235
1791;1;Vespucio Norte;final;1410.045;1886.119;1410.045;446.119;298.246
1792;1;Vespucio Norte;final;1242.11;1748.119;1242.11;308.119;280.672
1792.1;1;Vespucio Norte;final;1489.411;2650.624;49.411;1210.624;108.422
1793;1;Vespucio Norte;final;1192.536;1760.119;1192.536;320.119;229.664
1794;1;Vespucio Norte;final;1366.135;1772.119;1366.135;332.119;307.616
1795;1;Vespucio Norte;final;1394.622;1796.119;1394.622;356.119;298.59
1795.1;1;Vespucio Norte;final;1503.389;2777.519;63.389;1337.519;85.152
1796;1;Vespucio Norte;final;1296.636;1812.453;1296.636;372.453;180.908
1797;1;Vespucio Norte;final;1460.646;1820.619;20.646;380.619;313.5
1798;1;Vespucio Norte;final;1264.446;1828.786;1264.446;388.786;226.137
1799;1;Vespucio Norte;final;1374.348;1836.953;1374.348;396.953;244.556
1800;1;Vespucio Norte;final;1261.905;1845.119;1261.905;405.119;193.553
1801;1;Vespucio Norte;final;1278.811;1853.286;1278.811;413.286;239.554
1802;1;Vespucio Norte;final;1167.313;1861.453;1167.313;421.453;204.744
1803;1;Vespucio Norte;final;1305.255;1869.619;1305.255;429.619;229.046
1804;1;El Conquistador;final;1117.666;1463.216;1117.666;23.216;312.727
1804.1;1;El Conquistador;final;1169.092;2534.314;1169.092;1094.314;28.891
1805;1;El Conquistador;final;1267.819;1643.216;1267.819;203.216;293.784
1805.1;1;El Conquistador;final;1402.213;2674.777;1402.213;1234.777;72.936
1806;1;El Conquistador;final;1317.884;1737.816;1317.884;297.816;304.222
1806.1;1;El Conquistador;final;1466.934;2735.089;26.934;1295.089;83.069
1807;1;El Conquistador;final;1222.984;1742.416;1222.984;302.416;292.605
1807.1;1;El Conquistador;final;1299.62;2619.751;1299.62;1179.751;56.117
1808;1;El Conquistador;final;1313.384;1747.016;1313.384;307.016;280.392
1808.1;1;El Conquistador;final;1494.646;2706.984;54.646;1266.984;95.748
1809;1;El Conquistador;final;1256.544;1751.616;1256.544;311.616;280.09
1810;1;El Conquistador;final;1207.406;1756.216;1207.406;316.216;285.433
1810.1;1;El Conquistador;final;1439.021;2593.474;1439.021;1153.474;123.852
1811;1;El Conquistador;final;1139.444;1760.816;1139.444;320.816;285.094
1811.1;1;El Conquistador;final;1281.539;2507.89;1281.539;1067.89;85.056
1812;1;El Conquistador;final;1169.444;1765.416;1169.444;325.416;287.627
1812.1;1;El Conquistador;final;1438.06;2540.89;1438.06;1100.89;142.708
1813;1;El Conquistador;final;1257.62;1770.016;1257.62;330.016;277.049
1814;1;El Conquistador;final;1304.084;1774.616;1304.084;334.616;289.768
1814.1;1;El Conquistador;final;1504.739;2704.978;64.739;1264.978;106.489
1815;1;El Conquistador;final;1238.421;1779.216;1238.421;339.216;286.737
1815.1;1;El Conquistador;final;1322.439;2620.54;1322.439;1180.54;55.956
1816;1;El Conquistador;final;1281.62;1783.816;1281.62;343.816;274.515
1817;1;El Conquistador;final;1240.106;1788.416;1240.106;348.416;285.433
1817.1;1;El Conquistador;final;1400.839;2623.296;1400.839;1183.296;107.129
1818;1;El Conquistador;final;1245.455;1793.016;1245.455;353.016;297.711
1819;1;El Conquistador;final;1211.22;1795.674;1211.22;355.674;148.386
1820;1;El Conquistador;final;1329.515;1799.424;1329.515;359.424;312.663
1820.1;1;El Conquistador;final;1450.02;2715.595;10.02;1275.595;86.663
1821;1;El Conquistador;final;1162.033;1803.174;1162.033;363.174;148.638
1822;1;El Conquistador;final;1313.787;1810.674;1313.787;370.674;200.567
1823;1;El Conquistador;final;1342.384;1814.424;1342.384;374.424;301.173
1824;1;El Conquistador;final;1236.472;1818.174;1236.472;378.174;289.367
1824.1;1;El Conquistador;final;1513.811;2620.718;73.811;1180.718;146.271
1825;1;El Conquistador;final;1369.284;1821.924;1369.284;381.924;290.794
1825.1;1;El Conquistador;final;1461.13;2770.419;21.13;1330.419;61.138
1826;1;El Conquistador;final;1306.877;1829.424;1306.877;389.424;259.203
1827;1;El Conquistador;final;1275.62;1833.174;1275.62;393.174;269.333
1828;1;El Conquistador;final;1497.282;1836.924;57.282;396.924;280.134
1829;1;El Conquistador;final;1344.519;1840.674;1344.519;400.674;280.449
1830;1;El Conquistador;final;1273.706;1844.424;1273.706;404.424;253.128
1831;1;El Conquistador;final;1381.617;1848.174;1381.617;408.174;272.215
1832;1;El Conquistador;final;1203.62;1851.924;1203.62;411.924;148.386
1833;1;El Conquistador;final;1309.81;1855.674;1309.81;415.674;254.3
1834;1;El Conquistador;final;1252.684;1859.424;1252.684;419.424;164.685
1835;1;El Conquistador;final;1298.579;1870.674;1298.579;430.674;250.24
1836;1;Los Espinos + Santa Rosa;final;1397.009;1768.042;1397.009;328.042;299.273
1836.1;1;Los Espinos + Santa Rosa;final;1483.8;2719.071;43.8;1279.071;100.341
1837;1;Los Espinos + Santa Rosa;final;1435.991;1788.042;1435.991;348.042;296.237
1838;1;Los Espinos + Santa Rosa;final;1187.142;1886.792;1187.142;446.792;186.386
1839;1;Los Espinos + Santa Rosa;final;1206.46;1459.728;1206.46;19.728;268.111
1839.1;1;Los Espinos + Santa Rosa;final;1354.394;2580.17;1354.394;1140.17;84.764
1840;1;Los Espinos + Santa Rosa;final;1285.002;1741.728;1285.002;301.728;290.979
1841;1;Los Espinos + Santa Rosa;final;1269.928;1753.728;1269.928;313.728;287.617
1842;1;Los Espinos + Santa Rosa;final;1286.176;1765.728;1286.176;325.728;304.706
1843;1;Los Espinos + Santa Rosa;final;1246.678;1777.728;1246.678;337.728;298.943
1843.1;1;Los Espinos + Santa Rosa;final;1303.465;2598.081;1303.465;1158.081;59.288
1844;1;Los Espinos + Santa Rosa;final;1360.225;1789.728;1360.225;349.728;218.477
1845;1;Los Espinos + Santa Rosa;final;511.741;1812.228;511.741;372.228;55.113
1846;1;Los Espinos + Santa Rosa;final;1242.794;1823.478;1242.794;383.478;248.216
1847;1;Los Espinos + Santa Rosa;final;556.741;1857.228;556.741;417.228;55.113
1848;1;Los Espinos + Santa Rosa;final;1185.025;1844.296;1185.025;404.296;208.455
1849;1;Los Espinos + Santa Rosa;final;1453.929;1898.296;13.929;458.296;256.481
1850;1;Los Espinos + Santa Rosa;final;1305.633;1807.728;1305.633;367.728;282.567
1850.1;1;Los Espinos + Santa Rosa;final;1457.626;2676.604;17.626;1236.604;101.105
1851;1;Los Espinos + Santa Rosa;final;1223.142;1825.728;1223.142;385.728;249.062
1852;1;Los Espinos + Santa Rosa;final;1289.832;1763.008;1289.832;323.008;292.466
1853;1;Los Espinos + Santa Rosa;final;1286.888;1775.008;1286.888;335.008;282.594
1854;1;Los Espinos + Santa Rosa;final;1296.433;1787.008;1296.433;347.008;290.252
1855;1;Los Espinos + Santa Rosa;final;1312.396;1799.008;1312.396;359.008;275.722
1856;1;Los Espinos + Santa Rosa;final;1341.965;1811.008;1341.965;371.008;286.542
1857;1;Los Espinos + Santa Rosa;final;1372.263;1823.008;1372.263;383.008;284.785
1858;1;Los Espinos + Santa Rosa;final;1357.364;1835.858;1357.364;395.858;289.244
1859;1;Los Espinos + Santa Rosa;final;1280.992;1848.708;1280.992;408.708;274.127
1859.1;1;Los Espinos + Santa Rosa;final;1468.475;2675.721;28.475;1235.721;103.215
1860;1;Los Espinos + Santa Rosa;final;1455.253;1874.408;15.253;434.408;300.16
1861;1;Los Espinos + Santa Rosa;final;1262.531;1913.008;1262.531;473.008;213.863
1862;1;Los Espinos + Santa Rosa;final;1282.127;1748.049;1282.127;308.049;302.271
1863;1;Los Espinos + Santa Rosa;final;482.624;1758.049;482.624;318.049;70.131
1864;1;Los Espinos + Santa Rosa;final;1328.557;1768.049;1328.557;328.049;305.68
1864.1;1;Los Espinos + Santa Rosa;final;1457.491;2710.139;17.491;1270.139;77.402
1865;1;Los Espinos + Santa Rosa;final;1232.114;1778.049;1232.114;338.049;264.816
1866;1;Los Espinos + Santa Rosa;final;1259.821;1788.049;1259.821;348.049;259.495
1867;1;Los Espinos + Santa Rosa;final;1184.253;1798.049;1184.253;358.049;224.433
1868;1;Los Espinos + Santa Rosa;final;1344.285;1808.049;1344.285;368.049;293.015
1869;1;Los Espinos + Santa Rosa;final;1482.038;1838.049;42.038;398.049;313.402
1870;1;Los Espinos + Santa Rosa;final;485.048;1868.049;485.048;428.049;23.753
1871;1;Los Espinos + Santa Rosa;final;1225.152;1888.049;1225.152;448.049;193.679
1872;1;Los Espinos + Santa Rosa;final;1470.989;1898.049;30.989;458.049;275.735
1873;1;Los Espinos + Santa Rosa;final;1272.419;1747.76;1272.419;307.76;278.757
1873.1;1;Los Espinos + Santa Rosa;final;1409.552;2660.14;1409.552;1220.14;78.938
1874;1;Los Espinos + Santa Rosa;final;1263.282;1729.201;1263.282;289.201;305.931
1874.1;1;Los Espinos + Santa Rosa;final;1322.757;2620.534;1322.757;1180.534;62.852
1875;1;Los Espinos + Santa Rosa;final;1256.289;1744.201;1256.289;304.201;286.206
1875.1;1;Los Espinos + Santa Rosa;final;1541.163;2633.794;101.163;1193.794;152.422
1876;1;Los Espinos + Santa Rosa;final;1253.314;1774.201;1253.314;334.201;288.254
1876.1;1;Los Espinos + Santa Rosa;final;1481.224;2633.2;41.224;1193.2;127.862
1877;1;Los Espinos + Santa Rosa;final;1333.014;1789.201;1333.014;349.201;278.317
1878;1;Los Espinos + Santa Rosa;final;1385.352;1799.201;1385.352;359.201;296.423
1879;1;Los Espinos + Santa Rosa;final;1318.015;1809.201;1318.015;369.201;277.67
1880;1;Los Espinos + Santa Rosa;final;1431.296;1819.201;1431.296;379.201;304.376
1880.1;1;Los Espinos + Santa Rosa;final;1462.886;2778.93;22.886;1338.93;55.743
1881;1;Los Espinos + Santa Rosa;final;1292.488;1839.201;1292.488;399.201;270.427
1882;1;Los Espinos + Santa Rosa;final;1192.41;1849.201;1192.41;409.201;205.313
1883;1;Los Espinos + Santa Rosa;final;1277.527;1859.201;1277.527;419.201;250.979
1884;1;Los Espinos + Santa Rosa;final;1237.736;1762.76;1237.736;322.76;263.104
1885;1;Los Espinos + Santa Rosa;final;1260.627;1729.201;1260.627;289.201;270.537
1885.1;1;Los Espinos + Santa Rosa;final;1393.348;2610.658;1393.348;1170.658;90.272
1886;1;Los Espinos + Santa Rosa;final;1348.739;1739.201;1348.739;299.201;289.024
1886.1;1;Los Espinos + Santa Rosa;final;1456.705;2724.078;16.705;1284.078;78.366
1887;1;Los Espinos + Santa Rosa;final;1330.215;1749.201;1330.215;309.201;291.85
1887.1;1;Los Espinos + Santa Rosa;final;1395.461;2699.8;1395.461;1259.8;58.722
1888;1;Los Espinos + Santa Rosa;final;1381.303;1759.201;1381.303;319.201;312.49
1888.1;1;Los Espinos + Santa Rosa;final;1495.563;2817.547;55.563;1377.547;51.507
1889;1;Los Espinos + Santa Rosa;final;1192.426;1769.201;1192.426;329.201;246.425
1890;1;Los Espinos + Santa Rosa;final;1311.408;1779.201;1311.408;339.201;271.623
1891;1;Los Espinos + Santa Rosa;final;1361.821;1807.201;1361.821;367.201;280.692
1892;1;Los Espinos + Santa Rosa;final;1455.657;1861.201;15.657;421.201;218.278
1893;1;Los Espinos + Santa Rosa;final;1374.692;1870.201;1374.692;430.201;245.77
1894;1;Los Espinos + Santa Rosa;final;1447.169;1879.201;7.169;439.201;307.551
1895;1;Los Espinos + Santa Rosa;final;1274.723;1736.548;1274.723;296.548;289.571
1896;1;Los Espinos + Santa Rosa;final;1332.32;1746.548;1332.32;306.548;296.977
1896.1;1;Los Espinos + Santa Rosa;final;1383.969;2738.296;1383.969;1298.296;35.546
1897;1;Los Espinos + Santa Rosa;final;1277.142;1756.548;1277.142;316.548;284.531
1898;1;Los Espinos + Santa Rosa;final;1293.146;1766.548;1293.146;326.548;275.68
1899;1;Los Espinos + Santa Rosa;final;1113.32;1407.761;1113.32;1407.761;299.897
1899.1;1;Los Espinos + Santa Rosa;final;1273.819;2538.58;1273.819;1098.58;61.734
1900;1;Los Espinos + Santa Rosa;final;1024.582;1437.761;1024.582;1437.761;305.511
1900.1;1;Los Espinos + Santa Rosa;final;1490.25;2421.107;50.25;981.107;173.52
1901;1;Los Espinos + Santa Rosa;final;1310.735;1749.761;1310.735;309.761;313.856
1902;1;Los Espinos + Santa Rosa;final;1359.322;1761.761;1359.322;321.761;308.76
1903;1;Los Espinos + Santa Rosa;final;1306.694;1773.761;1306.694;333.761;265.588
1904;1;Los Espinos + Santa Rosa;final;1288.252;1785.761;1288.252;345.761;270.303
1905;1;Los Espinos + Santa Rosa;final;1289.414;1797.761;1289.414;357.761;240.138
1906;1;Los Espinos + Santa Rosa;final;1263.315;1820.261;1263.315;380.261;249.926
1907;1;Los Espinos + Santa Rosa;final;1252.217;1887.761;1252.217;447.761;223.984
1908;1;Los Espinos + Santa Rosa;final;1307.176;1742.865;1307.176;302.865;285.603
1909;1;Los Espinos + Santa Rosa;final;1284.314;1752.865;1284.314;312.865;300.139
1909.1;1;Los Espinos + Santa Rosa;final;1504.708;2695.72;64.708;1255.72;111.8
1910;1;Los Espinos + Santa Rosa;final;1317.065;1762.865;1317.065;322.865;295.535
1911;1;Los Espinos + Santa Rosa;final;1323.448;1772.865;1323.448;332.865;296.533
1911.1;1;Los Espinos + Santa Rosa;final;1450.181;2724.495;10.181;1284.495;69.372
1912;1;Los Espinos + Santa Rosa;final;1317.775;1782.865;1317.775;342.865;284.467
1912.1;1;Los Espinos + Santa Rosa;final;1499.222;2753.008;59.222;1313.008;80.509
1913;1;Los Espinos + Santa Rosa;final;1342.364;1819.198;1342.364;379.198;300.139
1914;1;Los Espinos + Santa Rosa;final;1353.285;1835.531;1353.285;395.531;258.302
1915;1;Los Espinos + Santa Rosa;final;1346.661;1851.865;1346.661;411.865;290.583
1915.1;1;Los Espinos + Santa Rosa;final;1510.244;2699.181;70.244;1259.181;110.904
1916;1;Los Espinos + Santa Rosa;final;1306.284;1860.031;1306.284;420.031;273.294
1917;1;Los Espinos + Santa Rosa;final;1244.314;1868.198;1244.314;428.198;246.397
1918;1;Los Espinos + Santa Rosa;final;1296.325;1770.72;1296.325;330.72;288.116
1918.1;1;Los Espinos + Santa Rosa;final;1373.091;2735.008;1373.091;1295.008;33.398
1919;1;Los Espinos + Santa Rosa;final;1257.556;1790.72;1257.556;350.72;294.819
1919.1;1;Los Espinos + Santa Rosa;final;1479.133;2655.891;39.133;1215.891;110.33
1920;1;Los Espinos + Santa Rosa;final;1358.189;1810.72;1358.189;370.72;285.471
1920.1;1;Los Espinos + Santa Rosa;final;1439.133;2753.041;1439.133;1313.041;60.448
1921;1;Los Espinos + Santa Rosa;final;1344.603;1819.72;1344.603;379.72;308.078
1921.1;1;Los Espinos + Santa Rosa;final;1499.126;2753.385;59.126;1313.385;85.21
1922;1;Los Espinos + Santa Rosa;final;1301.68;1837.72;1301.68;397.72;268.604
1922.1;1;Los Espinos + Santa Rosa;final;1429.377;2731.532;1429.377;1291.532;58.332
1923;1;Los Espinos + Santa Rosa;final;1217.905;1758.049;1217.905;318.049;301.778
1923.1;1;Los Espinos + Santa Rosa;final;1445.336;2622.501;5.336;1182.501;109.45
1924;1;Los Espinos + Santa Rosa;final;1305.017;1768.049;1305.017;328.049;253.939
1925;1;Los Espinos + Santa Rosa;final;1259.729;1778.049;1259.729;338.049;301.812
1925.1;1;Los Espinos + Santa Rosa;final;1398.317;2647.417;1398.317;1207.417;83.162
1926;1;Los Espinos + Santa Rosa;final;1371.14;1808.049;1371.14;368.049;297.68
1926.1;1;Los Espinos + Santa Rosa;final;1530.868;2803.849;90.868;1363.849;77.195
1927;1;Los Espinos + Santa Rosa;final;1452.993;1838.049;12.993;398.049;303.017
1928;1;Los Espinos + Santa Rosa;final;1354.675;1858.049;1354.675;418.049;303.706
1929;1;Los Espinos + Santa Rosa;final;1237.817;1878.049;1237.817;438.049;225.896
1930;1;Los Espinos + Santa Rosa;final;1225.578;1898.049;1225.578;458.049;194.91
1931;1;Los Espinos + Santa Rosa;final;1193.336;1747.826;1193.336;307.826;313.408
1931.1;1;Los Espinos + Santa Rosa;final;1353.08;2566.159;1353.08;1126.159;89.254
1932;1;Los Espinos + Santa Rosa;final;1245.297;1762.826;1245.297;322.826;295.074
1932.1;1;Los Espinos + Santa Rosa;final;1471.654;2676.277;31.654;1236.277;89.605
1933;1;Los Espinos + Santa Rosa;final;1369.377;1804.076;1369.377;364.076;284.124
1933.1;1;Los Espinos + Santa Rosa;final;1510.793;2803.41;70.793;1363.41;66.877
1934;1;Los Espinos + Santa Rosa;final;1361.842;1815.326;1361.842;375.326;289.953
1935;1;Los Espinos + Santa Rosa;final;920.965;1418.049;920.965;1418.049;314.483
1935.1;1;Los Espinos + Santa Rosa;final;1502.041;2312.042;62.041;872.042;227.433
1936;1;Los Espinos + Santa Rosa;final;921.552;1448.049;921.552;8.049;307.248
1936.1;1;Los Espinos + Santa Rosa;final;1350.069;2352.737;1350.069;912.737;158.905
1937;1;Los Espinos + Santa Rosa;final;927.772;1403.72;927.772;1403.72;304.962
1937.1;1;Los Espinos + Santa Rosa;final;1281.289;2329.078;1281.289;889.078;119.571
1938;1;Los Espinos + Santa Rosa;final;801.498;1433.72;801.498;1433.72;301.871
1938.1;1;Los Espinos + Santa Rosa;final;1332.933;2170.397;1332.933;730.397;204.705
1939;1;Los Espinos + Santa Rosa;intermedia;956.169;980.0;956.169;980.0;293.852
1939;2;Los Espinos + Santa Rosa;final;1230.735;1463.72;1230.735;23.72;88.006
1939.1;1;Los Espinos + Santa Rosa;final;1331.069;2584.738;1331.069;1144.738;80.441
1940;1;Los Espinos + Santa Rosa;final;1312.112;1711.387;1312.112;271.387;287.396
1941;1;Los Espinos + Santa Rosa;final;1228.499;1723.387;1228.499;283.387;291.328
1941.1;1;Los Espinos + Santa Rosa;final;1522.229;2605.763;82.229;1165.763;135.446
1942;1;Los Espinos + Santa Rosa;final;512.408;1735.387;512.408;295.387;88.663
1943;1;Los Espinos + Santa Rosa;final;1264.592;1747.387;1264.592;307.387;307.114
1943.1;1;Los Espinos + Santa Rosa;final;1404.535;2658.055;1404.535;1218.055;93.694
1944;1;Los Espinos + Santa Rosa;final;590.476;1759.387;590.476;319.387;112.243
1945;1;Los Espinos + Santa Rosa;final;1270.369;1771.387;1270.369;331.387;301.167
1945.1;1;Los Espinos + Santa Rosa;final;1348.181;2647.821;1348.181;1207.821;64.248
1946;1;Los Espinos + Santa Rosa;final;1302.217;1782.637;1302.217;342.637;293.136
1947;1;Los Espinos + Santa Rosa;final;1247.715;1793.887;1247.715;353.887;261.0
1948;1;Los Espinos + Santa Rosa;final;1364.552;1805.137;1364.552;365.137;300.917
1949;1;Los Espinos + Santa Rosa;final;1384.774;1827.637;1384.774;387.637;297.987
1950;1;Los Espinos + Santa Rosa;final;1282.285;1838.887;1282.285;398.887;250.124
1951;1;Los Espinos + Santa Rosa;final;1383.841;1850.137;1383.841;410.137;290.75
1952;1;Los Espinos + Santa Rosa;final;1430.437;1861.387;1430.437;421.387;310.068
1952.1;1;Los Espinos + Santa Rosa;final;1501.781;2810.638;61.781;1370.638;64.248
1953;1;Los Espinos + Santa Rosa;final;1328.851;1763.008;1328.851;323.008;227.324
1954;1;Los Espinos + Santa Rosa;final;1292.05;1783.008;1292.05;343.008;291.348
1954.1;1;Los Espinos + Santa Rosa;final;1397.491;2670.768;1397.491;1230.768;76.025
1955;1;Los Espinos + Santa Rosa;final;1340.482;1803.008;1340.482;363.008;296.402
1955.1;1;Los Espinos + Santa Rosa;final;1502.398;2708.55;62.398;1268.55;106.712
1956;1;Los Espinos + Santa Rosa;final;1283.794;1823.008;1283.794;383.008;272.218
1957;1;Los Espinos + Santa Rosa;final;1242.179;1835.858;1242.179;395.858;223.393
1958;1;Los Espinos + Santa Rosa;final;1355.696;1874.408;1355.696;434.408;281.191
1959;1;Los Espinos + Santa Rosa;final;1482.572;1913.008;42.572;473.008;305.667
1960;1;Los Espinos + Santa Rosa;final;1165.964;1462.827;1165.964;22.827;304.59
1960.1;1;Los Espinos + Santa Rosa;final;1300.41;2511.935;1300.41;1071.935;91.089
1961;1;Los Espinos + Santa Rosa;final;1178.558;1597.827;1178.558;157.827;292.572
1961.1;1;Los Espinos + Santa Rosa;final;1283.448;2613.008;1283.448;1173.008;36.624
1962;1;Los Espinos + Santa Rosa;final;1280.448;1732.827;1280.448;292.827;298.377
1962.1;1;Los Espinos + Santa Rosa;final;1347.807;2679.495;1347.807;1239.495;46.912
1963;1;Los Espinos + Santa Rosa;final;1251.149;1742.827;1251.149;302.827;285.605
1964;1;Los Espinos + Santa Rosa;final;1324.314;1752.827;1324.314;312.827;314.255
1964.1;1;Los Espinos + Santa Rosa;final;1461.718;2738.296;21.718;1298.296;62.987
1965;1;Los Espinos + Santa Rosa;final;1257.03;1762.827;1257.03;322.827;291.501
1965.1;1;Los Espinos + Santa Rosa;final;1427.335;2660.899;1427.335;1220.899;78.321
1966;1;Los Espinos + Santa Rosa;final;1229.925;1772.827;1229.925;332.827;277.752
1966.1;1;Los Espinos + Santa Rosa;final;1472.807;2663.008;32.807;1223.008;101.732
1967;1;Los Espinos + Santa Rosa;final;1249.008;1782.827;1249.008;342.827;250.187
1968;1;Los Espinos + Santa Rosa;final;1292.735;1792.827;1292.735;352.827;300.388
1968.1;1;Los Espinos + Santa Rosa;final;1384.321;2728.598;1384.321;1288.598;39.183
1969;1;Los Espinos + Santa Rosa;final;1427.39;1804.077;1427.39;364.077;314.119
1970;1;Los Espinos + Santa Rosa;final;1305.413;1815.327;1305.413;375.327;280.167
1971;1;Los Espinos + Santa Rosa;final;1378.682;1837.827;1378.682;397.827;305.305
1972;1;Los Espinos + Santa Rosa;final;1223.417;1860.327;1223.417;420.327;238.767
1973;1;Los Espinos + Santa Rosa;final;1423.682;1882.827;1423.682;442.827;305.305
1974;1;Los Espinos + Santa Rosa;final;1440.72;1895.677;0.72;455.677;303.17
1974.1;1;Los Espinos + Santa Rosa;final;1487.574;2835.841;47.574;1395.841;45.312
1975;1;Los Espinos + Santa Rosa;final;1333.697;1770.72;1333.697;330.72;305.717
1975.1;1;Los Espinos + Santa Rosa;final;1434.919;2737.499;1434.919;1297.499;62.348
1976;1;Los Espinos + Santa Rosa;final;1355.091;1790.72;1355.091;350.72;311.371
1976.1;1;Los Espinos + Santa Rosa;final;1507.797;2758.735;67.797;1318.735;84.229
1977;1;Los Espinos + Santa Rosa;final;1389.32;1810.72;1389.32;370.72;312.86
1978;1;Los Espinos + Santa Rosa;final;1306.821;1821.97;1306.821;381.97;284.708
1979;1;Los Espinos + Santa Rosa;final;1250.448;1878.22;1250.448;438.22;232.455
1980;1;Los Espinos + Santa Rosa;final;1397.35;1900.72;1397.35;460.72;286.042
1981;1;La Reina;final;587.705;1336.245;587.705;1336.245;277.656
1981.1;1;La Reina;final;1407.595;2025.348;1407.595;585.348;251.678
1982;1;La Reina;intermedia;795.622;829.0;795.622;829.0;310.874
1982;2;La Reina;final;1129.763;1366.245;1129.763;1366.245;79.512
1982.1;1;La Reina;final;1382.362;2558.081;1382.362;1118.081;102.874
1983;1;La Reina;final;872.124;1396.245;872.124;1396.245;313.752
1983.1;1;La Reina;final;1343.92;2262.809;1343.92;822.809;171.426
1984;1;La Reina;intermedia;890.013;923.0;890.013;923.0;300.45
1984;2;La Reina;final;1212.045;1418.728;1212.045;1418.728;102.874
1984.1;1;La Reina;final;1267.255;2458.245;1267.255;1018.245;102.298
1985;1;La Reina;final;1419.229;1643.562;1419.229;203.562;269.842
1986;1;La Reina;final;1162.372;1666.245;1162.372;226.245;284.551
1986.1;1;La Reina;final;1385.681;2590.245;1385.681;1150.245;95.002
1987;1;La Reina;final;1173.214;1673.745;1173.214;233.745;305.08
1987.1;1;La Reina;final;1513.817;2575.256;73.817;1135.256;182.776
1988;1;La Reina;final;1123.385;1688.745;1123.385;248.745;277.131
1989;1;La Reina;final;1193.214;1696.245;1193.214;256.245;305.08
1989.1;1;La Reina;final;1558.817;2593.341;118.817;1153.341;184.243
1990;1;La Reina;final;1302.543;1703.745;1302.543;263.745;305.982
1990.1;1;La Reina;final;1427.567;2703.771;1427.567;1263.771;69.037
1991;1;La Reina;final;1269.177;1711.245;1269.177;271.245;311.872
1992;1;La Reina;final;1205.363;1718.745;1205.363;278.745;257.589
1992.1;1;La Reina;final;1476.288;2631.814;36.288;1191.814;111.143
1993;1;La Reina;final;1259.243;1726.245;1259.243;286.245;285.166
1994;1;La Reina;final;1259.465;1731.528;1259.465;291.528;294.814
1995;1;La Reina;final;1230.129;1736.812;1230.129;296.812;263.646
1995.1;1;La Reina;final;1459.312;2659.648;19.312;1219.648;102.874
1996;1;La Reina;final;1268.315;1742.095;1268.315;302.095;295.87
1997;1;La Reina;final;1353.471;1747.378;1353.471;307.378;306.209
1998;1;La Reina;final;1330.262;1752.662;1330.262;312.662;292.798
1999;1;La Reina;final;1384.412;1757.945;1384.412;317.945;304.007
1999.1;1;La Reina;final;1461.812;2789.755;21.812;1349.755;53.926
2000;1;La Reina;final;1282.722;1763.228;1282.722;323.228;246.005
2001;1;La Reina;final;1238.805;1768.512;1238.805;328.512;253.529
2002;1;La Reina;final;1308.063;1773.795;1308.063;333.795;268.315
2002.1;1;La Reina;final;1536.412;2736.748;96.412;1296.748;102.874
2003;1;La Reina;final;1190.641;1779.078;1190.641;339.078;225.393
2004;1;La Reina;final;1248.268;1784.362;1248.268;344.362;272.462
2005;1;La Reina;final;1239.705;1789.645;1239.705;349.645;241.336
2006;1;La Reina;final;1254.805;1794.928;1254.805;354.928;253.529
2007;1;La Reina;final;1375.862;1800.212;1375.862;360.212;291.646
2008;1;La Reina;final;1350.405;1810.778;1350.405;370.778;271.478
2009;1;La Reina;final;1354.722;1816.062;1354.722;376.062;268.871
2010;1;La Reina;final;1274.665;1816.245;1274.665;376.245;267.074
2011;1;La Reina;final;1348.968;1834.245;1348.968;394.245;277.131
2012;1;La Reina;final;1371.115;1852.245;1371.115;412.245;268.343
2013;1;La Reina;final;1412.355;1861.245;1412.355;421.245;284.52
2014;1;La Reina;final;1373.619;1870.245;1373.619;430.245;283.015
2015;1;La Reina;final;1278.705;1879.245;1278.705;439.245;227.184
2016;1;La Reina;final;1358.712;1973.745;1358.712;533.745;243.072
2017;1;La Reina;final;1368.471;2074.995;1368.471;634.995;236.799
2018;1;La Reina;final;1174.805;2326.245;1174.805;886.245;102.298
2019;1;La Reina;final;1531.143;2350.245;91.143;910.245;238.81
2020;1;La Reina;final;1214.805;2366.245;1214.805;926.245;102.298
2021;1;La Reina;final;1286.805;2438.245;1286.805;998.245;102.298
2022;1;La Reina;intermedia;720.069;759.0;720.069;759.0;262.613
2022;2;La Reina;final;1256.035;1429.648;1256.035;1429.648;162.95
2022.1;1;La Reina;final;1486.635;2607.997;46.635;1167.997;136.215
2023;1;La Reina;final;1099.37;1444.648;1099.37;4.648;311.793
2023.1;1;La Reina;final;1403.945;2502.218;1403.945;1062.218;128.195
2024;1;La Reina;final;861.415;1459.648;861.415;19.648;278.34
2024.1;1;La Reina;final;1352.866;2293.91;1352.866;853.91;157.309
2025;1;La Reina;intermedia;893.605;923.0;893.605;923.0;291.704
2025;2;La Reina;final;1283.974;1474.648;1283.974;34.648;107.056
2025.1;1;La Reina;final;1524.005;2660.387;84.005;1220.387;138.605
2026;1;La Reina;final;935.819;1489.648;935.819;49.648;306.654
2026.1;1;La Reina;final;1281.245;2405.641;1281.245;965.641;111.363
2027;1;La Reina;final;1086.072;1519.648;1086.072;79.648;305.243
2027.1;1;La Reina;final;1174.305;2516.658;1174.305;1076.658;25.757
2028;1;La Reina;final;1360.952;1774.648;1360.952;334.648;280.574
2028.1;1;La Reina;final;1465.048;2741.614;25.048;1301.614;81.165
2029;1;La Reina;final;1254.836;1789.648;1254.836;349.648;281.73
2030;1;La Reina;final;1360.769;1819.648;1360.769;379.648;312.24
2030.1;1;La Reina;final;1396.885;2759.708;1396.885;1319.708;36.117
2031;1;La Reina;final;1268.245;1830.898;1268.245;390.898;254.135
2032;1;La Reina;final;1391.579;1864.648;1391.579;424.648;285.127
2033;1;La Reina;final;1238.005;1875.898;1238.005;435.898;193.099
2034;1;La Reina;final;1284.063;1808.016;1284.063;368.016;239.351
2034.1;1;La Reina;final;1543.519;2711.048;103.519;1271.048;118.344
2035;1;La Reina;final;1446.163;1853.016;6.163;413.016;297.585
2036;1;La Reina;final;1147.385;1898.016;1147.385;458.016;200.689
2037;1;La Reina;final;1446.736;1928.016;6.736;488.016;294.076
2038;1;La Reina;final;1486.163;2528.016;46.163;1088.016;156.213
2039;1;La Reina;final;1339.369;1864.648;1339.369;424.648;265.611
2040;1;El Conquistador;final;1337.933;1747.993;1337.933;307.993;301.645
2040.1;1;El Conquistador;final;1513.301;2725.656;73.301;1285.656;109.943
2041;1;El Conquistador;final;1293.201;1762.993;1293.201;322.993;297.867
2042;1;El Conquistador;final;1359.733;1777.993;1359.733;337.993;301.645
2043;1;El Conquistador;final;1231.955;1792.993;1231.955;352.993;252.805
2044;1;El Conquistador;final;1148.935;1801.159;1148.935;361.159;207.473
2045;1;El Conquistador;final;1170.085;1809.326;1170.085;369.326;214.003
2046;1;El Conquistador;final;1280.085;1817.493;1280.085;377.493;262.669
2047;1;El Conquistador;final;1391.94;1825.659;1391.94;385.659;309.005
2048;1;El Conquistador;final;1294.333;1833.826;1294.333;393.826;263.251
2049;1;El Conquistador;final;1286.385;1841.993;1286.385;401.993;256.139
2050;1;El Conquistador;final;1129.518;1850.159;1129.518;410.159;210.822
2051;1;El Conquistador;final;1384.121;1866.493;1384.121;426.493;287.836
2052;1;El Conquistador;final;1299.868;1874.659;1299.868;434.659;252.121
2053;1;La Reina;final;965.979;1393.458;965.979;1393.458;290.329
2053.1;1;La Reina;final;1126.629;2396.755;1126.629;956.755;60.526
2054;1;La Reina;final;972.297;1423.458;972.297;1423.458;289.123
2054.1;1;La Reina;final;1433.489;2412.422;1433.489;972.422;180.334
2055;1;La Reina;final;1233.1;1749.158;1233.1;309.158;278.355
2056;1;La Reina;final;1289.922;1757.725;1289.922;317.725;279.467
2057;1;La Reina;final;1260.25;1766.291;1260.25;326.291;235.923
2058;1;La Reina;final;1303.414;1774.858;1303.414;334.858;306.235
2058.1;1;La Reina;final;1472.662;2704.958;32.662;1264.958;82.147
2059;1;La Reina;final;1255.168;1783.458;1255.168;343.458;248.231
2060;1;La Reina;final;1321.262;1790.958;1321.262;350.958;283.099
2060.1;1;La Reina;final;1408.963;2727.105;1408.963;1287.105;49.471
2061;1;La Reina;final;536.035;1820.958;536.035;380.958;51.406
2062;1;La Reina;final;558.535;1843.458;558.535;403.458;51.406
2063;1;La Reina;final;566.035;1850.958;566.035;410.958;51.406
2064;1;La Reina;final;573.535;1858.458;573.535;418.458;51.406
2065;1;La Reina;final;581.035;1865.958;581.035;425.958;51.406
2066;1;La Reina;final;1090.12;1426.657;1090.12;1426.657;306.286
2066.1;1;La Reina;final;1266.353;2494.218;1266.353;1054.218;78.577
2067;1;La Reina;final;930.312;1456.657;930.312;16.657;306.639
2067.1;1;La Reina;final;1358.748;2363.355;1358.748;923.355;135.554
2068;1;La Reina;final;1120.858;1486.657;1120.858;46.657;289.248
2068.1;1;La Reina;final;1411.246;2527.935;1411.246;1087.935;114.954
2069;1;La Reina;final;532.269;1756.657;532.269;316.657;82.945
2070;1;La Reina;final;1294.795;1766.657;1294.795;326.657;283.133
2071;1;La Reina;final;1369.679;1776.657;1369.679;336.657;288.041
2072;1;La Reina;final;1372.345;1786.657;1372.345;346.657;300.272
2072.1;1;La Reina;final;1461.552;2611.245;21.552;1171.245;131.754
2073;1;La Reina;final;1323.702;1796.657;1323.702;356.657;252.892
2074;1;La Reina;final;551.035;1806.657;551.035;366.657;59.428
2075;1;La Reina;final;1333.585;1816.657;1333.585;376.657;244.413
2076;1;La Reina;final;584.385;1824.823;584.385;384.823;57.942
2077;1;La Reina;final;1365.295;1832.99;1365.295;392.99;271.293
2078;1;La Reina;final;1423.838;1841.157;1423.838;401.157;277.128
2079;1;La Reina;final;1303.362;1849.323;1303.362;409.323;242.639
2080;1;La Reina;final;1203.768;1857.49;1203.768;417.49;203.04
2081;1;La Reina;final;1422.322;1865.657;1422.322;425.657;270.559
2081.1;1;La Reina;final;1522.322;2850.658;82.322;1410.658;52.14
2082;1;La Reina;final;1266.253;1873.823;1266.253;433.823;226.724
2083;1;La Reina;final;1186.1;1881.99;1186.1;441.99;210.281
2084;1;La Reina;final;1397.835;1890.157;1397.835;450.157;251.406
2085;1;La Reina;final;1246.602;1898.323;1246.602;458.323;203.04
2086;1;La Reina;final;1329.17;1906.49;1329.17;466.49;239.941
2087;1;La Reina;final;1473.917;1906.657;33.917;466.657;310.621
2088;1;La Reina;final;1267.652;1914.157;1267.652;474.157;204.982
2089;1;La Reina;final;1176.268;1929.157;1176.268;489.157;160.965
2090;1;La Reina;final;1393.495;1936.657;1393.495;496.657;245.183
2091;1;La Reina;final;1381.196;1951.657;1381.196;511.657;227.592
2092;1;El Conquistador;final;948.528;1406.718;948.528;1406.718;307.374
2092.1;1;El Conquistador;final;1317.31;2335.482;1317.31;895.482;139.68
2093;1;El Conquistador;final;1036.369;1426.718;1036.369;1426.718;308.453
2093.1;1;El Conquistador;final;1395.383;2462.152;1395.383;1022.152;121.305
2094;1;El Conquistador;intermedia;793.234;924.0;793.234;924.0;283.032
2094;2;El Conquistador;final;1388.145;1446.718;1388.145;6.718;179.398
2095;1;El Conquistador;final;1266.269;1736.718;1266.269;296.718;302.135
2096;1;El Conquistador;final;1308.45;1748.718;1308.45;308.718;311.034
2096.1;1;El Conquistador;final;1353.915;2718.617;1353.915;1278.617;32.859
2097;1;El Conquistador;final;1349.467;1760.718;1349.467;320.718;307.641
2098;1;El Conquistador;final;1290.618;1772.718;1290.618;332.718;286.591
2098.1;1;El Conquistador;final;1390.513;2691.152;1390.513;1251.152;61.138
2099;1;El Conquistador;final;1269.322;1784.718;1269.322;344.718;269.094
2100;1;El Conquistador;final;1142.579;1796.718;1142.579;356.718;90.168
2101;1;El Conquistador;final;1270.234;1807.968;1270.234;367.968;257.093
2102;1;El Conquistador;final;1369.4;1819.218;1369.4;379.218;302.195
2102.1;1;El Conquistador;final;1451.178;2670.484;11.178;1230.484;97.152
2103;1;El Conquistador;final;1311.013;1830.468;1311.013;390.468;269.51
2104;1;El Conquistador;final;1390.272;1841.718;1390.272;401.718;298.919
2105;1;El Conquistador;final;1260.129;1852.968;1260.129;412.968;240.827
2106;1;El Conquistador;final;1202.93;1864.218;1202.93;424.218;225.486
2107;1;El Conquistador;final;1296.068;1875.468;1296.068;435.468;260.147
2108;1;El Conquistador;final;1276.019;1736.718;1276.019;296.718;310.452
2108.1;1;El Conquistador;final;1473.115;2667.798;33.115;1227.798;82.46
2109;1;El Conquistador;final;1415.063;1756.718;1415.063;316.718;307.43
2109.1;1;El Conquistador;final;1515.936;2735.01;75.936;1295.01;101.896
2110;1;El Conquistador;final;1225.349;1776.718;1225.349;336.718;107.056
2111;1;El Conquistador;final;1105.743;1796.718;1105.743;356.718;294.866
2111.1;1;El Conquistador;final;1338.993;2529.634;1338.993;1089.634;127.487
2112;1;El Conquistador;final;1278.829;1801.452;1278.829;361.452;299.866
2113;1;El Conquistador;final;1261.322;1806.185;1261.322;366.185;266.575
2114;1;El Conquistador;final;1240.12;1810.918;1240.12;370.918;283.644
2114.1;1;El Conquistador;final;1494.417;2650.013;54.417;1210.013;138.403
2115;1;El Conquistador;final;1393.973;1815.652;1393.973;375.652;296.493
2116;1;El Conquistador;final;1380.362;1820.385;1380.362;380.385;278.248
2116.1;1;El Conquistador;final;1495.651;2784.134;55.651;1344.134;74.739
2117;1;El Conquistador;final;1245.321;1829.852;1245.321;389.852;239.369
2118;1;El Conquistador;final;1165.817;1834.585;1165.817;394.585;277.186
2118.1;1;El Conquistador;final;1518.417;2577.902;78.417;1137.902;210.327
2119;1;El Conquistador;final;1220.745;1839.318;1220.745;399.318;311.307
2120;1;El Conquistador;final;1252.468;1844.052;1252.468;404.052;279.6
2121;1;El Conquistador;final;1227.412;1848.785;1227.412;408.785;311.307
2121.1;1;El Conquistador;final;1269.683;2614.495;1269.683;1174.495;42.998
2122;1;El Conquistador;final;493.044;1853.518;493.044;413.518;32.865
2123;1;El Conquistador;final;497.778;1858.252;497.778;418.252;32.865
2124;1;El Conquistador;final;502.511;1862.985;502.511;422.985;32.865
2125;1;El Conquistador;final;1389.971;1867.718;1389.971;427.718;303.781
2126;1;El Conquistador;final;1401.003;1881.918;1401.003;441.918;158.571
2127;1;El Conquistador;final;1161.845;1886.718;1161.845;446.718;64.914
2128;1;El Conquistador;final;1228.909;1896.718;1228.909;456.718;104.903
2129;1;El Conquistador;final;741.7;1380.152;741.7;1380.152;308.359
2129.1;1;El Conquistador;final;1339.521;2135.933;1339.521;695.933;207.746
2130;1;El Conquistador;final;722.462;1410.152;722.462;1410.152;297.684
2130.1;1;El Conquistador;final;1508.897;2093.881;68.897;653.881;304.428
2131;1;El Conquistador;final;708.968;1440.152;708.968;0.152;282.629
2131.1;1;El Conquistador;final;1305.571;2132.776;1305.571;692.776;181.147
2132;1;El Conquistador;final;1368.641;1710.152;1368.641;270.152;310.289
2132.1;1;El Conquistador;final;1512.212;2750.61;72.212;1310.61;94.222
2133;1;El Conquistador;final;1081.109;1714.752;1081.109;274.752;262.173
2133.1;1;El Conquistador;final;1356.099;2485.784;1356.099;1045.784;115.243
2134;1;El Conquistador;final;1271.446;1719.352;1271.446;279.352;293.559
2134.1;1;El Conquistador;final;1350.291;2575.381;1350.291;1135.381;90.734
2135;1;El Conquistador;final;1256.446;1723.952;1256.446;283.952;290.394
2135.1;1;El Conquistador;final;1545.225;2560.381;105.225;1120.381;178.309
2136;1;El Conquistador;final;1255.835;1728.552;1255.835;288.552;282.629
2137;1;El Conquistador;final;1278.946;1737.752;1278.946;297.752;290.394
2137.1;1;El Conquistador;final;1357.791;2582.881;1357.791;1142.881;90.734
2138;1;El Conquistador;final;1177.538;1742.352;1177.538;302.352;252.35
2139;1;El Conquistador;final;1286.05;1746.952;1286.05;306.952;288.997
2139.1;1;El Conquistador;final;1381.241;2591.333;1381.241;1151.333;90.535
2140;1;El Conquistador;final;1266.059;1751.552;1266.059;311.552;276.938
2141;1;El Conquistador;final;1317.979;1756.152;1317.979;316.152;297.684
2142;1;El Conquistador;final;1335.533;1760.752;1335.533;320.752;296.288
2143;1;El Conquistador;final;1246.562;1765.352;1246.562;325.352;261.205
2143.1;1;El Conquistador;final;1383.314;2642.734;1383.314;1202.734;77.254
2144;1;El Conquistador;final;1303.746;1769.952;1303.746;329.952;297.684
2144.1;1;El Conquistador;final;1388.791;2610.731;1388.791;1170.731;93.458
2145;1;El Conquistador;final;1367.252;1770.152;1367.252;330.152;292.337
2145.1;1;El Conquistador;final;1463.829;2690.241;23.829;1250.241;96.057
2146;1;El Conquistador;final;1319.746;1774.435;1319.746;334.435;289.953
2146.1;1;El Conquistador;final;1535.85;2623.581;95.85;1183.581;154.961
2147;1;El Conquistador;final;1333.879;1778.719;1333.879;338.719;293.559
2147.1;1;El Conquistador;final;1546.447;2636.431;106.447;1196.431;152.748
2148;1;El Conquistador;final;1334.552;1783.002;1334.552;343.002;293.953
2149;1;El Conquistador;final;1343.746;1787.285;1343.746;347.285;289.953
2150;1;El Conquistador;final;1334.75;1791.569;1334.75;351.569;298.012
2151;1;El Conquistador;final;1332.667;1795.852;1332.667;355.852;290.052
2151.1;1;El Conquistador;final;1454.401;2729.729;14.401;1289.729;77.04
2152;1;El Conquistador;final;1277.071;1800.135;1277.071;360.135;252.35
2153;1;El Conquistador;final;1327.734;1804.419;1327.734;364.419;295.851
2154;1;El Conquistador;final;1311.533;1808.702;1311.533;368.702;298.012
2155;1;El Conquistador;final;1428.145;1812.985;1428.145;372.985;300.882
2155.1;1;El Conquistador;final;1540.81;2809.938;100.81;1369.938;86.832
2156;1;El Conquistador;final;1347.434;1817.269;1347.434;377.269;294.949
2157;1;El Conquistador;final;1443.5;1821.552;3.5;381.552;296.288
2157.1;1;El Conquistador;final;1548.171;2747.933;108.171;1307.933;108.1
2158;1;El Conquistador;final;1204.671;1830.119;1204.671;390.119;242.004
2159;1;El Conquistador;final;1256.759;1838.685;1256.759;398.685;227.255
2160;1;El Conquistador;final;1417.413;1851.535;1417.413;411.535;290.606
2160.1;1;El Conquistador;final;1473.878;2735.233;33.878;1295.233;85.981
2161;1;El Conquistador;final;1335.835;1855.819;1335.835;415.819;272.283
2161.1;1;El Conquistador;final;1515.002;2732.776;75.002;1292.776;111.78
2162;1;El Conquistador;final;1431.979;1860.152;1431.979;420.152;293.559
2162.1;1;El Conquistador;final;1498.775;2739.281;58.775;1299.281;93.458
2163;1;El Conquistador;final;1284.671;1887.819;1284.671;447.819;242.004
2164;1;El Conquistador;final;1318.241;1908.569;1318.241;468.569;234.785
2165;1;El Conquistador;final;1164.721;1367.933;1164.721;1367.933;312.336
2166;1;El Conquistador;final;763.205;1387.933;763.205;1387.933;297.046
2166.1;1;El Conquistador;final;1406.802;2108.902;1406.802;668.902;261.937
2166.2;1;El Conquistador;final;1525.738;2801.31;85.738;1361.31;81.501
2167;1;El Conquistador;final;943.105;1407.933;943.105;1407.933;307.393
2167.1;1;El Conquistador;final;1228.671;2273.052;1228.671;833.052;142.357
2168;1;El Conquistador;final;798.843;1427.933;798.843;1427.933;279.133
2168.1;1;El Conquistador;final;1335.746;2230.784;1335.746;790.784;182.572
2169;1;El Conquistador;final;824.475;1457.933;824.475;17.933;279.372
2169.1;1;El Conquistador;final;1410.179;2269.677;1410.179;829.677;181.797
2170;1;El Conquistador;final;1332.243;1783.633;1332.243;343.633;282.298
2170.1;1;El Conquistador;final;1533.878;2733.234;93.878;1293.234;104.308
2171;1;El Conquistador;final;1212.671;1796.483;1212.671;356.483;286.7
2171.1;1;El Conquistador;final;1474.796;2540.152;34.796;1100.152;161.458
2172;1;La Reina;final;563.938;1467.154;563.938;27.154;243.394
2173;1;La Reina;final;1266.115;1737.154;1266.115;297.154;295.958
2173.1;1;La Reina;final;1384.45;2650.627;1384.45;1210.627;81.23
2174;1;La Reina;final;1295.846;1747.154;1295.846;307.154;199.087
2175;1;La Reina;final;1358.363;1757.154;1358.363;317.154;241.894
2176;1;La Reina;final;1264.58;1767.154;1264.58;327.154;199.087
2177;1;La Reina;final;1294.58;1777.154;1294.58;337.154;199.087
2178;1;La Reina;final;1418.363;1787.154;1418.363;347.154;241.894
2179;1;La Reina;final;1364.58;1797.154;1364.58;357.154;199.087
2180;1;La Reina;final;1249.763;1806.154;1249.763;366.154;156.279
2181;1;La Reina;final;1258.98;1815.154;1258.98;375.154;156.279
2182;1;La Reina;final;1268.196;1824.154;1268.196;384.154;156.279
2183;1;La Reina;final;1277.413;1833.154;1277.413;393.154;156.279
2184;1;La Reina;final;1388.363;1842.154;1388.363;402.154;199.087
2185;1;El Conquistador;final;958.058;1466.61;958.058;26.61;302.955
2185.1;1;El Conquistador;final;1289.459;2372.743;1289.459;932.743;117.109
2186;1;El Conquistador;final;1272.275;1736.577;1272.275;296.577;304.68
2187;1;El Conquistador;final;1248.621;1736.61;1248.621;296.61;267.546
2188;1;El Conquistador;final;1259.563;1741.61;1259.563;301.61;283.845
2189;1;El Conquistador;final;1343.441;1746.61;1343.441;306.61;290.884
2189.1;1;El Conquistador;final;1526.692;2728.548;86.692;1288.548;102.99
2190;1;El Conquistador;final;1248.679;1751.61;1248.679;311.61;266.207
2191;1;El Conquistador;final;1261.609;1756.61;1261.609;316.61;278.389
2191.1;1;El Conquistador;final;1431.412;2656.134;1431.412;1216.134;93.381
2192;1;El Conquistador;final;1096.603;1761.61;1096.603;321.61;259.591
2192.1;1;El Conquistador;final;1493.368;2492.638;53.368;1052.638;199.996
2193;1;El Conquistador;final;1383.259;1766.61;1383.259;326.61;307.496
2194;1;El Conquistador;final;1190.542;1771.61;1190.542;331.61;246.903
2195;1;El Conquistador;final;1163.905;1776.61;1163.905;336.61;232.944
2196;1;El Conquistador;final;1301.446;1781.61;1301.446;341.61;276.878
2197;1;El Conquistador;final;1295.225;1786.61;1295.225;346.61;298.717
2197.1;1;El Conquistador;final;1425.536;2687.604;1425.536;1247.604;99.492
2198;1;El Conquistador;final;1266.395;1791.61;1266.395;351.61;263.33
2199;1;El Conquistador;final;1424.525;1796.61;1424.525;356.61;302.955
2199.1;1;El Conquistador;final;1561.296;2806.61;121.296;1366.61;91.057
2200;1;El Conquistador;final;1335.959;1800.36;1335.959;360.36;296.113
2200.1;1;El Conquistador;final;1493.229;2733.284;53.229;1293.284;93.381
2201;1;El Conquistador;final;1261.349;1804.11;1261.349;364.11;261.317
2202;1;El Conquistador;final;1311.679;1807.86;1311.679;367.86;270.988
2203;1;El Conquistador;final;1344.521;1811.61;1344.521;371.61;311.898
2204;1;El Conquistador;final;1312.079;1815.36;1312.079;375.36;273.713
2205;1;El Conquistador;final;1276.425;1819.11;1276.425;379.11;254.143
2206;1;El Conquistador;final;1469.338;1822.86;29.338;382.86;310.174
2206.1;1;El Conquistador;final;1591.533;2800.152;151.533;1360.152;109.066
2207;1;El Conquistador;final;1354.521;1830.36;1354.521;390.36;311.898
2207.1;1;El Conquistador;final;1596.171;2685.152;156.171;1245.152;152.703
2208;1;El Conquistador;final;1311.746;1834.11;1311.746;394.11;270.547
2209;1;El Conquistador;final;1259.521;1837.86;1259.521;397.86;269.271
2209.1;1;El Conquistador;final;1512.171;2586.152;72.171;1146.152;152.703
2210;1;El Conquistador;final;1353.097;1841.61;1353.097;401.61;295.978
2211;1;El Conquistador;final;1447.025;1852.86;7.025;412.86;290.884
2212;1;El Conquistador;final;1191.359;1860.36;1191.359;420.36;204.684
2213;1;El Conquistador;final;1288.471;1864.11;1288.471;424.11;220.873
2214;1;El Conquistador;final;1400.53;1871.61;1400.53;431.61;281.334
2215;1;El Conquistador;final;1405.088;1879.11;1405.088;439.11;311.898
2215.1;1;El Conquistador;final;1463.602;2734.419;23.602;1294.419;83.336
2216;1;El Conquistador;final;1196.671;1882.86;1196.671;442.86;222.598
2217;1;El Conquistador;final;1458.159;1909.11;18.159;469.11;284.776
2218;1;El Conquistador;final;1277.725;1785.6;1277.725;345.6;267.301
2218.1;1;El Conquistador;final;1486.551;2664.248;46.551;1224.248;112.599
2219;1;El Conquistador;final;1271.951;1792.517;1271.951;352.517;264.038
2219.1;1;El Conquistador;final;1479.975;2665.121;39.975;1225.121;133.897
2220;1;El Conquistador;final;1324.521;1813.267;1324.521;373.267;284.976
2221;1;La Reina;final;1181.893;1807.893;1181.893;367.893;224.786
2222;1;La Reina;final;1196.604;1816.06;1196.604;376.06;247.841
2223;1;La Reina;final;1252.123;1824.226;1252.123;384.226;308.9
2223.1;1;La Reina;final;1492.259;2657.927;52.259;1217.927;137.674
2224;1;La Reina;final;1131.543;1832.393;1131.543;392.393;199.011
2225;1;La Reina;final;1270.805;1840.56;1270.805;400.56;177.505
2226;1;La Reina;final;1267.123;1848.726;1267.123;408.726;308.9
2227;1;La Reina;final;1127.993;1865.06;1127.993;425.06;131.444
2228;1;La Reina;final;1326.196;1873.226;1326.196;433.226;234.518
2229;1;La Reina;final;1385.973;1889.56;1385.973;449.56;225.697
2230;1;La Reina;final;1146.426;1897.726;1146.426;457.726;131.444
2231;1;La Reina;final;1321.116;1897.893;1321.116;457.893;256.63
2231.1;1;La Reina;final;1499.645;2705.353;59.645;1265.353;106.986
2232;1;La Reina;final;1174.076;2463.193;1174.076;1023.193;55.703
2233;1;La Reina;final;1368.723;2481.626;1368.723;1041.626;135.847
2234;1;La Reina;final;1444.593;2527.893;4.593;1087.893;137.366
2235;1;El Conquistador;final;928.058;1408.548;928.058;1408.548;301.787
2235.1;1;El Conquistador;final;1522.247;2350.41;82.247;910.41;209.039
2236;1;El Conquistador;final;813.411;1438.548;813.411;1438.548;289.239
2236.1;1;El Conquistador;final;1181.946;2249.105;1181.946;809.105;111.966
2237;1;El Conquistador;final;1257.495;1738.548;1257.495;298.548;284.324
2238;1;El Conquistador;final;1307.026;1743.998;1307.026;303.998;289.14
2238.1;1;El Conquistador;final;1372.605;2719.376;1372.605;1279.376;53.553
2239;1;El Conquistador;final;1277.495;1749.448;1277.495;309.448;284.324
2239.1;1;El Conquistador;final;1517.346;2665.674;77.346;1225.674;129.123
2240;1;El Conquistador;final;1271.559;1754.898;1271.559;314.898;255.827
2241;1;El Conquistador;final;1327.495;1760.348;1327.495;320.348;272.153
2241.1;1;El Conquistador;final;1509.559;2714.105;69.559;1274.105;104.258
2242;1;El Conquistador;final;1305.825;1771.248;1305.825;331.248;281.507
2243;1;El Conquistador;final;1326.23;1776.698;1326.23;336.698;278.721
2244;1;El Conquistador;final;1359.308;1782.148;1359.308;342.148;294.391
2245;1;El Conquistador;final;1370.051;1793.048;1370.051;353.048;286.13
2245.1;1;El Conquistador;final;1485.869;2762.638;45.869;1322.638;104.375
2246;1;El Conquistador;final;1312.896;1798.498;1312.896;358.498;281.214
2247;1;El Conquistador;final;1347.495;1798.548;1347.495;358.548;284.324
2248;1;El Conquistador;final;1353.337;1802.832;1353.337;362.832;292.863
2248.1;1;El Conquistador;final;1468.292;2660.111;28.292;1220.111;110.983
2249;1;El Conquistador;final;1346.23;1811.398;1346.23;371.398;273.213
2250;1;El Conquistador;final;1302.77;1824.248;1302.77;384.248;253.729
2251;1;El Conquistador;final;1329.225;1828.532;1329.225;388.532;255.194
2251.1;1;El Conquistador;final;1508.512;2733.234;68.512;1293.234;93.381
2252;1;El Conquistador;final;1166.743;1837.098;1166.743;397.098;200.513
2253;1;El Conquistador;final;1179.792;1854.232;1179.792;414.232;192.248
2254;1;El Conquistador;final;1450.552;1862.798;10.552;422.798;302.574
2255;1;El Conquistador;final;1383.522;1918.548;1383.522;478.548;243.304
2256;1;El Conquistador;final;710.83;1375.233;710.83;1375.233;312.114
2256.1;1;El Conquistador;final;1399.952;2125.233;1399.952;685.233;236.829
2257;1;El Conquistador;final;1133.727;1405.233;1133.727;1405.233;288.441
2258;1;El Conquistador;final;654.841;1435.233;654.841;1435.233;265.419
2258.1;1;El Conquistador;final;1252.435;2080.743;1252.435;640.743;163.577
2259;1;El Conquistador;final;515.593;1735.233;515.593;295.233;88.949
2260;1;El Conquistador;final;1348.009;1745.233;1348.009;305.233;290.076
2261;1;El Conquistador;final;1378.73;1755.233;1378.73;315.233;302.435
2262;1;El Conquistador;final;1394.297;1765.233;1394.297;325.233;296.928
2262.1;1;El Conquistador;final;1445.846;2712.366;5.846;1272.366;82.87
2263;1;El Conquistador;final;1257.295;1770.516;1257.295;330.516;262.005
2264;1;El Conquistador;final;1293.726;1775.799;1293.726;335.799;181.074
2265;1;El Conquistador;final;1260.146;1781.083;1260.146;341.083;256.401
2266;1;El Conquistador;final;1403.513;1786.366;1403.513;346.366;306.606
2267;1;El Conquistador;final;1336.048;1796.933;1336.048;356.933;304.669
2268;1;El Conquistador;final;1350.417;1802.216;1350.417;362.216;290.73
2269;1;El Conquistador;final;1312.872;1807.499;1312.872;367.499;167.718
2270;1;El Conquistador;final;1335.849;1812.783;1335.849;372.783;269.88
2271;1;El Conquistador;final;1400.697;1818.066;1400.697;378.066;314.607
2272;1;El Conquistador;final;1282.851;1828.633;1282.851;388.633;260.796
2273;1;El Conquistador;final;1357.225;1900.233;1357.225;460.233;251.187
2274;1;El Conquistador;final;1216.946;1748.28;1216.946;308.28;277.311
2275;1;El Conquistador;final;1244.596;1756.847;1244.596;316.847;277.311
2275.1;1;El Conquistador;final;1380.586;2642.638;1380.586;1202.638;104.375
2276;1;El Conquistador;final;1316.231;1765.413;1316.231;325.413;263.937
2277;1;El Conquistador;final;1373.365;1773.98;1373.365;333.98;224.915
2278;1;El Conquistador;final;1323.434;1782.547;1323.434;342.547;311.066
2279;1;El Conquistador;final;1326.022;1791.113;1326.022;351.113;265.454
2280;1;El Conquistador;final;1231.876;1799.68;1231.876;359.68;297.09
2280.1;1;El Conquistador;final;1518.595;2651.748;78.595;1211.748;137.979
2281;1;El Conquistador;final;1110.176;1808.247;1110.176;368.247;254.712
2281.1;1;El Conquistador;final;1528.497;2512.284;88.497;1072.284;180.06
2282;1;El Conquistador;final;1300.644;1808.28;1300.644;368.28;248.82
2283;1;El Conquistador;final;1283.046;1813.563;1283.046;373.563;277.449
2284;1;El Conquistador;final;1222.234;1818.847;1222.234;378.847;225.553
2285;1;El Conquistador;final;1311.62;1824.13;1311.62;384.13;194.342
2286;1;El Conquistador;final;1370.633;1829.413;1370.633;389.413;295.435
2286.1;1;El Conquistador;final;1510.6;2749.943;70.6;1309.943;97.686
2287;1;El Conquistador;final;1288.008;1834.697;1288.008;394.697;241.645
2288;1;El Conquistador;final;495.797;1839.98;495.797;399.98;38.835
2289;1;El Conquistador;final;1255.546;1845.263;1255.546;405.263;243.193
2290;1;El Conquistador;final;1293.62;1850.547;1293.62;410.547;259.316
2291;1;El Conquistador;final;1170.165;1855.83;1170.165;415.83;241.82
2292;1;El Conquistador;final;1443.44;1861.113;3.44;421.113;301.015
2293;1;El Conquistador;final;1423.885;1866.397;1423.885;426.397;279.131
2294;1;El Conquistador;final;1273.785;1871.68;1273.785;431.68;236.154
2295;1;El Conquistador;final;1283.903;1876.963;1283.903;436.963;240.598
2296;1;El Conquistador;final;1337.251;1887.53;1337.251;447.53;250.511
2297;1;El Conquistador;final;1441.003;1892.813;1.003;452.813;291.189
2298;1;El Conquistador;final;1280.582;1898.28;1280.582;458.28;224.111
2299;1;El Conquistador;final;1391.616;1905.197;1391.616;465.197;254.507
2299.1;1;El Conquistador;final;1539.385;2781.374;99.385;1341.374;94.81
2300;1;El Conquistador;final;1374.271;1919.03;1374.271;479.03;254.866
2301;1;El Conquistador;final;1425.687;1925.947;1425.687;485.947;236.433
2302;1;El Conquistador;final;1324.182;1932.863;1324.182;492.863;213.451
2303;1;El Conquistador;final;1423.999;1939.78;1423.999;499.78;261.037
2304;1;El Conquistador;final;1152.018;1946.697;1152.018;506.697;156.2
2305;1;El Conquistador;final;1185.585;1960.53;1185.585;520.53;162.455
2306;1;El Conquistador;final;1450.451;1988.28;10.451;548.28;256.612
2307;1;El Conquistador;final;702.552;1418.569;702.552;1418.569;299.304
2307.1;1;El Conquistador;final;1452.052;2094.491;12.052;654.491;269.253
2308;1;El Conquistador;final;875.23;1448.569;875.23;8.569;260.267
2308.1;1;El Conquistador;final;1204.795;2276.996;1204.795;836.996;110.994
2309;1;El Conquistador;final;1422.901;1898.569;1422.901;458.569;273.634
2310;1;El Conquistador;final;1244.421;1805.061;1244.421;365.061;267.457
2310.1;1;El Conquistador;final;1450.022;2619.271;10.022;1179.271;124.028
2311;1;El Conquistador;final;1348.659;1811.478;1348.659;371.478;276.668
2312;1;El Conquistador;final;1262.421;1817.895;1262.421;377.895;264.923
2312.1;1;El Conquistador;final;1388.06;2644.271;1388.06;1204.271;86.832
2313;1;El Conquistador;final;1279.81;1824.311;1279.81;384.311;245.567
2314;1;El Conquistador;final;1127.785;1830.728;1127.785;390.728;191.326
2315;1;El Conquistador;final;496.531;1849.978;496.531;409.978;35.582
2316;1;El Conquistador;final;1245.141;1856.395;1245.141;416.395;255.536
2316.1;1;El Conquistador;final;1407.746;2628.61;1407.746;1188.61;91.057
2317;1;El Conquistador;final;509.364;1862.811;509.364;422.811;35.582
2318;1;El Conquistador;final;1163.035;1869.228;1163.035;429.228;197.856
2319;1;El Conquistador;final;1363.265;1875.645;1363.265;435.645;248.423
2320;1;El Conquistador;final;1155.985;1882.061;1155.985;442.061;148.761
2321;1;El Conquistador;final;1330.44;1894.895;1330.44;454.895;254.107
2322;1;El Conquistador;final;1236.982;1917.561;1236.982;477.561;165.078
2323;1;La Reina;final;1186.91;1751.016;1186.91;311.016;253.261
2324;1;La Reina;final;1240.231;1763.016;1240.231;323.016;273.773
2325;1;La Reina;final;1208.767;1807.016;1208.767;367.016;226.375
2326;1;La Reina;final;1419.748;1822.016;1419.748;382.016;309.165
2327;1;La Reina;final;1311.227;1827.016;1311.227;387.016;280.461
2328;1;La Reina;final;1253.577;1832.016;1253.577;392.016;235.68
2329;1;La Reina;final;1371.36;1837.016;1371.36;397.016;302.493
2329.1;1;La Reina;final;1474.593;2777.521;34.593;1337.521;61.5
2330;1;La Reina;final;1197.436;1847.016;1197.436;407.016;285.257
2330.1;1;La Reina;final;1343.85;2590.983;1343.85;1150.983;73.617
2331;1;La Reina;final;569.698;1852.016;569.698;412.016;67.168
2332;1;La Reina;final;1204.66;1867.016;1204.66;427.016;275.897
2332.1;1;La Reina;final;1305.86;2595.973;1305.86;1155.973;78.544
2333;1;La Reina;final;1187.502;1400.314;1187.502;1400.314;303.227
2333.1;1;La Reina;final;1536.288;2585.708;96.288;1145.708;164.142
2334;1;La Reina;final;1202.143;1420.314;1202.143;1420.314;288.375
2335;1;La Reina;final;954.146;1440.314;954.146;0.314;301.976
2335.1;1;La Reina;final;1271.612;2385.221;1271.612;945.221;108.852
2336;1;La Reina;final;1316.196;1730.314;1316.196;290.314;303.537
2336.1;1;La Reina;final;1533.112;2749.648;93.112;1309.648;102.874
2337;1;La Reina;final;514.698;1750.314;514.698;310.314;90.108
2338;1;La Reina;final;1283.85;1835.314;1283.85;395.314;301.9
2339;1;La Reina;final;1288.027;1846.564;1288.027;406.564;258.305
2340;1;El Conquistador;final;495.534;1662.731;495.534;222.731;97.344
2341;1;El Conquistador;final;397.017;1752.731;397.017;312.731;45.46
2342;1;El Conquistador;final;1321.195;1758.731;1321.195;318.731;299.084
2342.1;1;El Conquistador;final;1481.467;2697.466;41.467;1257.466;109.196
2343;1;El Conquistador;final;409.017;1764.731;409.017;324.731;45.46
2344;1;El Conquistador;final;1127.942;1770.731;1127.942;330.731;213.451
2345;1;El Conquistador;final;421.017;1776.731;421.017;336.731;45.46
2346;1;El Conquistador;final;540.801;1782.731;540.801;342.731;95.216
2347;1;El Conquistador;final;433.017;1788.731;433.017;348.731;45.46
2348;1;El Conquistador;final;1335.688;1794.731;1335.688;354.731;286.367
2349;1;El Conquistador;final;1181.942;1806.731;1181.942;366.731;211.323
2350;1;El Conquistador;final;470.217;1812.731;470.217;372.731;45.46
2351;1;El Conquistador;final;476.634;1819.148;476.634;379.148;45.46
2352;1;El Conquistador;final;483.051;1825.564;483.051;385.564;45.46
2353;1;El Conquistador;final;1252.008;1831.981;1252.008;391.981;210.943
2354;1;El Conquistador;final;495.884;1838.398;495.884;398.398;45.46
2355;1;El Conquistador;final;1166.555;1844.814;1166.555;404.814;192.363
2356;1;El Conquistador;final;508.717;1851.231;508.717;411.231;45.46
2357;1;El Conquistador;final;515.134;1857.648;515.134;417.648;45.46
2358;1;El Conquistador;final;1121.942;1864.064;1121.942;424.064;161.567
2359;1;El Conquistador;final;527.967;1870.481;527.967;430.481;45.46
2360;1;El Conquistador;final;534.384;1876.898;534.384;436.898;45.46
2361;1;El Conquistador;final;547.217;1889.731;547.217;449.731;45.46
2362;1;El Conquistador;final;1151.942;1896.148;1151.942;456.148;161.567
2363;1;El Conquistador;final;1169.942;1902.564;1169.942;462.564;161.567
2364;1;El Conquistador;final;1294.008;1902.731;1294.008;462.731;210.943
2365;1;El Conquistador;final;1192.008;1917.731;1192.008;477.731;161.567
2366;1;El Conquistador;final;1210.008;1925.231;1210.008;485.231;161.567
2367;1;El Conquistador;final;1335.202;1932.731;1335.202;492.731;211.667
2368;1;El Conquistador;final;1413.901;1955.231;1413.901;515.231;218.223
2369;1;El Conquistador;final;1303.522;1970.231;1303.522;530.231;182.552
2370;1;El Conquistador;final;1282.008;1985.231;1282.008;545.231;161.187
2371;1;El Conquistador;final;1262.561;2026.998;1262.561;586.998;174.433
2372;1;El Conquistador;final;1163.942;2044.131;1163.942;604.131;111.811
2373;1;El Conquistador;final;1494.604;2069.831;54.604;629.831;311.185
2374;1;El Conquistador;final;1204.008;2121.231;1204.008;681.231;111.811
2375;1;El Conquistador;final;1222.008;2146.931;1222.008;706.931;111.811
2376;1;El Conquistador;final;1240.008;2172.631;1240.008;732.631;111.431
2377;1;El Conquistador;final;1221.635;2172.731;1221.635;732.731;113.746
2378;1;El Conquistador;final;1404.901;2212.731;1404.901;772.731;168.467
2379;1;El Conquistador;final;445.017;1405.649;445.017;1405.649;128.772
2380;1;El Conquistador;final;1051.769;1435.649;1051.769;1435.649;247.732
2380.1;1;El Conquistador;final;1350.688;2468.28;1350.688;1028.28;100.998
2381;1;El Conquistador;final;398.567;1745.061;398.567;305.061;47.635
2382;1;El Conquistador;final;410.567;1757.061;410.567;317.061;47.635
2383;1;El Conquistador;final;422.567;1769.061;422.567;329.061;47.635
2384;1;El Conquistador;final;434.567;1781.061;434.567;341.061;47.635
2385;1;El Conquistador;final;446.567;1793.061;446.567;353.061;47.635
2386;1;El Conquistador;final;471.034;1805.061;471.034;365.061;47.635
2387;1;El Conquistador;final;487.367;1821.395;487.367;381.395;47.635
2388;1;El Conquistador;final;1270.008;1837.728;1270.008;397.728;213.118
2389;1;El Conquistador;final;511.867;1845.895;511.867;405.895;47.635
2390;1;El Conquistador;final;520.034;1854.061;520.034;414.061;47.635
2391;1;El Conquistador;final;528.201;1862.228;528.201;422.228;47.635
2392;1;El Conquistador;final;1145.942;1886.728;1145.942;446.728;163.742
2393;1;El Conquistador;final;1297.702;1894.895;1297.702;454.895;213.842
2394;1;El Conquistador;final;1180.008;1895.061;1180.008;455.061;163.742
2395;1;El Conquistador;final;1264.008;1955.061;1264.008;515.061;163.362
2396;1;La Reina;final;1127.977;1763.488;1127.977;323.488;237.195
2397;1;La Reina;final;1342.717;1799.488;1342.717;359.488;271.148
2397.1;1;La Reina;final;1453.367;2730.983;13.367;1290.983;73.617
2398;1;La Reina;final;1358.633;1805.904;1358.633;365.904;293.545
2399;1;La Reina;final;1272.302;1818.738;1272.302;378.738;239.837
2400;1;La Reina;final;1382.218;1825.154;1382.218;385.154;229.002
2401;1;La Reina;final;1304.633;1831.571;1304.633;391.571;267.757
2402;1;La Reina;final;519.021;1837.988;519.021;397.988;50.192
2403;1;La Reina;final;1325.583;1844.404;1325.583;404.404;253.235
2404;1;La Reina;final;1174.76;1850.821;1174.76;410.821;209.768
2405;1;La Reina;final;544.688;1863.654;544.688;423.654;50.192
2406;1;La Reina;final;557.521;1876.488;557.521;436.488;50.192
2407;1;La Reina;final;570.355;1889.321;570.355;449.321;50.192
2408;1;La Reina;final;567.521;1889.488;567.521;449.488;50.192
2409;1;La Reina;final;1172.693;1910.238;1172.693;470.238;202.437
2410;1;La Reina;final;1418.243;2459.488;1418.243;1019.488;144.725
2411;1;La Reina;final;1290.106;2471.488;1290.106;1031.488;101.849
2412;1;La Reina;final;1183.329;1730.068;1183.329;290.068;279.477
2413;1;La Reina;final;1194.377;1760.068;1194.377;320.068;234.706
2414;1;La Reina;final;1342.26;1835.068;1342.26;395.068;253.271
2415;1;La Reina;final;1430.355;1846.318;1430.355;406.318;269.984
2416;1;El Conquistador;final;811.335;1402.993;811.335;1402.993;268.943
2416.1;1;El Conquistador;final;1339.417;2238.28;1339.417;798.28;183.421
2417;1;El Conquistador;final;700.389;1432.993;700.389;1432.993;290.728
2417.1;1;El Conquistador;final;1357.955;2117.174;1357.955;677.174;218.857
2418;1;El Conquistador;final;885.383;1462.993;885.383;22.993;286.174
2418.1;1;El Conquistador;final;1424.121;2300.659;1424.121;860.659;181.457
2419;1;El Conquistador;final;1166.109;1742.993;1166.109;302.993;271.277
2419.1;1;El Conquistador;final;1490.388;2578.013;50.388;1138.013;144.051
2420;1;El Conquistador;final;1319.616;1752.993;1319.616;312.993;273.757
2420.1;1;El Conquistador;final;1474.221;2692.993;34.221;1252.993;98.0
2421;1;El Conquistador;final;1258.782;1772.993;1258.782;332.993;278.621
2422;1;El Conquistador;final;1334.788;1782.993;1334.788;342.993;284.502
2423;1;El Conquistador;final;1358.417;1792.993;1358.417;352.993;253.766
2424;1;El Conquistador;final;1126.768;1802.993;1126.768;362.993;221.524
2425;1;El Conquistador;final;1283.433;1812.993;1283.433;372.993;259.917
2425.1;1;El Conquistador;final;1537.183;2662.993;97.183;1222.993;138.066
2426;1;El Conquistador;final;1313.201;1822.993;1313.201;382.993;275.044
2427;1;El Conquistador;final;1359.868;1842.993;1359.868;402.993;275.044
2428;1;El Conquistador;final;1439.799;1882.993;1439.799;442.993;301.645
2428.1;1;El Conquistador;final;1582.6;2821.943;142.6;1381.943;97.686
2429;1;El Conquistador;final;1170.955;1922.993;1170.955;482.993;204.38
2430;1;El Conquistador;final;861.471;1373.455;861.471;1373.455;313.543
2430.1;1;El Conquistador;final;1467.882;2222.714;27.882;782.714;243.842
2431;1;El Conquistador;final;790.007;1403.455;790.007;1403.455;310.701
2431.1;1;El Conquistador;final;1460.886;2239.616;20.886;799.616;215.558
2432;1;El Conquistador;final;1154.904;1433.455;1154.904;1433.455;306.395
2432.1;1;El Conquistador;final;1381.196;2540.348;1381.196;1100.348;110.697
2433;1;El Conquistador;final;1305.688;1718.455;1305.688;278.455;313.71
2434;1;El Conquistador;final;1247.588;1733.455;1247.588;293.455;290.62
2434.1;1;El Conquistador;final;1346.535;2562.714;1346.535;1122.714;88.457
2435;1;El Conquistador;final;1247.882;1748.455;1247.882;308.455;287.096
2435.1;1;El Conquistador;final;1379.616;2567.455;1379.616;1127.455;99.121
2436;1;El Conquistador;final;1330.788;1763.455;1330.788;323.455;313.543
2437;1;El Conquistador;final;1260.316;1773.455;1260.316;333.455;266.034
2437.1;1;El Conquistador;final;1414.221;2632.993;1414.221;1192.993;98.0
2438;1;El Conquistador;final;1338.924;1783.455;1338.924;343.455;312.474
2438.1;1;El Conquistador;final;1418.219;2761.79;1418.219;1321.79;45.601
2439;1;El Conquistador;final;1217.7;1793.455;1217.7;353.455;284.656
2439.1;1;El Conquistador;final;1550.388;2629.902;110.388;1189.902;190.474
2440;1;El Conquistador;final;1287.251;1803.455;1287.251;363.455;271.727
2441;1;El Conquistador;final;1361.031;1813.455;1361.031;373.455;310.078
2441.1;1;El Conquistador;final;1407.118;2765.236;1407.118;1325.236;40.563
2442;1;El Conquistador;final;1348.833;1823.455;1348.833;383.455;288.957
2442.1;1;El Conquistador;final;1588.583;2722.993;148.583;1282.993;138.066
2443;1;El Conquistador;final;1323.888;1833.455;1323.888;393.455;271.815
2444;1;El Conquistador;final;1373.201;1843.455;1373.201;403.455;295.06
2445;1;El Conquistador;final;1200.885;1853.455;1200.885;413.455;229.999
2446;1;El Conquistador;final;1221.055;1873.455;1221.055;433.455;226.236
2447;1;El Conquistador;final;1230.885;1883.455;1230.885;443.455;229.999
2448;1;El Conquistador;final;1472.433;1903.455;32.433;463.455;307.763
2449;1;El Conquistador;final;1311.603;1913.455;1311.603;473.455;260.929
2449.1;1;El Conquistador;final;1469.839;2715.78;29.839;1275.78;82.304
2450;1;El Conquistador;final;1412.749;1923.455;1412.749;483.455;306.392
2450.1;1;El Conquistador;final;1563.071;2794.993;123.071;1354.993;98.0
2451;1;El Conquistador;final;1417.929;1933.455;1417.929;493.455;287.311
2451.1;1;El Conquistador;final;1481.641;2722.147;41.641;1282.147;93.458
2452;1;El Conquistador;final;1449.901;1943.455;9.901;503.455;301.181
2453;1;El Conquistador;final;1292.849;2453.455;1292.849;1013.455;99.121
2454;1;El Conquistador;final;1424.799;2473.455;1424.799;1033.455;140.85
2455;1;El Conquistador;final;1295.616;2483.455;1295.616;1043.455;99.121
2456;1;El Conquistador;final;1279.568;1749.1;1279.568;309.1;169.449
2457;1;El Conquistador;final;1193.727;1764.1;1193.727;324.1;137.09
2458;1;El Conquistador;final;1333.265;1794.1;1333.265;354.1;187.245
2459;1;El Conquistador;final;1552.818;1816.6;112.818;376.6;303.329
2460;1;El Conquistador;final;1257.272;1824.1;1257.272;384.1;146.846
2461;1;El Conquistador;final;1284.225;1831.6;1284.225;391.6;155.754
2462;1;El Conquistador;final;1257.172;2547.503;1257.172;1107.503;84.229
2463;1;El Conquistador;final;1268.072;2558.403;1268.072;1118.403;84.229
2464;1;El Conquistador;final;1278.972;2569.303;1278.972;1129.303;84.229
2465;1;El Conquistador;final;1289.872;2580.203;1289.872;1140.203;84.229
2466;1;El Conquistador;final;1335.13;2591.103;1335.13;1151.103;97.545
2467;1;El Conquistador;final;1441.165;2602.003;1.165;1162.003;143.824
2468;1;El Conquistador;final;1358.741;2602.103;1358.741;1162.103;106.946
2469;1;El Conquistador;final;1350.472;2647.103;1350.472;1207.103;84.229
2470;1;El Conquistador;final;1383.744;1749.366;1383.744;309.366;202.334
2471;1;El Conquistador;final;1417.712;1769.366;1417.712;329.366;200.908
2472;1;El Conquistador;final;1263.325;1825.699;1263.325;385.699;133.906
2473;1;El Conquistador;final;1200.839;1842.033;1200.839;402.033;104.544
2474;1;El Conquistador;final;1488.171;1850.199;48.171;410.199;222.679
2475;1;El Conquistador;final;1373.889;2649.803;1373.889;1209.803;83.128
2476;1;El Conquistador;final;1350.172;2679.803;1350.172;1239.803;65.109
2477;1;El Conquistador;final;1453.365;1710.152;13.365;270.152;255.472
2477.1;1;El Conquistador;final;1604.218;2858.213;164.218;1418.213;89.054
2478;1;El Conquistador;final;1454.755;1722.152;14.755;282.152;257.293
2479;1;El Conquistador;final;1318.265;1734.152;1318.265;294.152;204.782
2480;1;El Conquistador;final;1380.569;1758.152;1380.569;318.152;244.513
2481;1;El Conquistador;final;1458.546;1770.152;18.546;330.152;267.873
2481.1;1;El Conquistador;final;1564.184;2852.668;124.184;1412.668;74.739
2482;1;El Conquistador;final;1216.121;1781.402;1216.121;341.402;157.647
2483;1;El Conquistador;final;1209.406;1792.652;1209.406;352.652;139.158
2484;1;El Conquistador;final;1402.339;1803.902;1402.339;363.902;204.158
2485;1;El Conquistador;final;1530.945;1815.152;90.945;375.152;285.444
2486;1;El Conquistador;final;1248.021;1826.402;1248.021;386.402;157.647
2487;1;El Conquistador;final;1355.402;1837.652;1355.402;397.652;187.926
2488;1;El Conquistador;final;1533.229;1860.152;93.229;420.152;241.42
2489;1;El Conquistador;final;1577.138;2663.128;137.138;1223.128;191.188
2490;1;Los Espinos + Santa Rosa;final;650.82;1375.071;650.82;1375.071;295.207
2490.1;1;Los Espinos + Santa Rosa;final;1278.776;2093.296;1278.776;653.296;156.87
2491;1;Los Espinos + Santa Rosa;final;643.416;1405.071;643.416;1405.071;285.933
2491.1;1;Los Espinos + Santa Rosa;final;1511.814;2078.051;71.814;638.051;253.608
2492;1;Los Espinos + Santa Rosa;final;669.182;1435.071;669.182;1435.071;291.074
2492.1;1;Los Espinos + Santa Rosa;final;1449.834;2091.057;9.834;651.057;269.936
2492.2;1;Los Espinos + Santa Rosa;final;1565.163;2835.287;125.163;1395.287;75.176
2493;1;Los Espinos + Santa Rosa;intermedia;668.803;704.0;668.803;704.0;274.806
2493;2;Los Espinos + Santa Rosa;final;1080.298;1462.071;1080.298;22.071;130.849
2493.1;1;Los Espinos + Santa Rosa;final;1370.176;2438.536;1370.176;998.536;143.729
2494;1;Los Espinos + Santa Rosa;final;1166.759;1715.071;1166.759;275.071;279.634
2494.1;1;Los Espinos + Santa Rosa;final;1293.633;2485.071;1293.633;1045.071;100.341
2495;1;Los Espinos + Santa Rosa;final;1188.159;1725.071;1188.159;285.071;279.634
2495.1;1;Los Espinos + Santa Rosa;final;1546.288;2509.071;106.288;1069.071;193.783
2496;1;Los Espinos + Santa Rosa;final;1323.009;1745.071;1323.009;305.071;303.361
2496.1;1;Los Espinos + Santa Rosa;final;1392.693;2726.941;1392.693;1286.941;43.723
2497;1;Los Espinos + Santa Rosa;final;1246.226;1773.237;1246.226;333.237;279.761
2497.1;1;Los Espinos + Santa Rosa;final;1377.633;2569.071;1377.633;1129.071;100.341
2498;1;Los Espinos + Santa Rosa;final;1264.659;1789.571;1264.659;349.571;279.761
2498.1;1;Los Espinos + Santa Rosa;final;1528.026;2581.071;88.026;1141.071;168.708
2499;1;Los Espinos + Santa Rosa;final;1273.876;1797.737;1273.876;357.737;279.761
2499.1;1;Los Espinos + Santa Rosa;final;1518.975;2593.071;78.975;1153.071;156.833
2500;1;Los Espinos + Santa Rosa;final;1422.31;1805.904;1422.31;365.904;305.094
2501;1;Los Espinos + Santa Rosa;final;1283.093;1814.071;1283.093;374.071;279.761
2501.1;1;Los Espinos + Santa Rosa;final;1380.467;2605.071;1380.467;1165.071;100.341
2502;1;Los Espinos + Santa Rosa;final;1292.309;1822.237;1292.309;382.237;279.761
2503;1;Los Espinos + Santa Rosa;final;1301.526;1830.404;1301.526;390.404;279.761
2503.1;1;Los Espinos + Santa Rosa;final;1395.467;2620.071;1395.467;1180.071;100.341
2504;1;Los Espinos + Santa Rosa;final;1319.959;1838.571;1319.959;398.571;279.761
2505;1;Los Espinos + Santa Rosa;final;1340.228;1854.904;1340.228;414.904;278.155
2506;1;Los Espinos + Santa Rosa;final;1310.743;1855.071;1310.743;415.071;279.761
2506.1;1;Los Espinos + Santa Rosa;final;1548.026;2635.071;108.026;1195.071;168.708
2507;1;Los Espinos + Santa Rosa;final;1384.179;1900.071;1384.179;460.071;288.371
2508;1;Los Espinos + Santa Rosa;final;1433.377;1911.321;1433.377;471.321;308.37
2509;1;Los Espinos + Santa Rosa;final;1449.238;1922.571;9.238;482.571;304.496
2510;1;Los Espinos + Santa Rosa;final;699.301;1401.604;699.301;1401.604;300.934
2510.1;1;Los Espinos + Santa Rosa;final;1291.491;2093.411;1291.491;653.411;183.872
2511;1;Los Espinos + Santa Rosa;final;537.95;1431.604;537.95;1431.604;254.59
2511.1;1;Los Espinos + Santa Rosa;final;1478.445;1933.004;38.445;493.004;313.5
2512;1;Los Espinos + Santa Rosa;final;926.152;1461.604;926.152;21.604;313.964
2512.1;1;Los Espinos + Santa Rosa;final;1424.578;2350.14;1424.578;910.14;184.281
2513;1;Los Espinos + Santa Rosa;final;1131.25;1731.604;1131.25;291.604;254.59
2513.1;1;Los Espinos + Santa Rosa;final;1338.393;2502.204;1338.393;1062.204;101.231
2514;1;Los Espinos + Santa Rosa;final;1119.717;1746.604;1119.717;306.604;254.59
2514.1;1;Los Espinos + Santa Rosa;final;1419.238;2492.987;1419.238;1052.987;135.651
2515;1;Los Espinos + Santa Rosa;final;1308.128;1761.604;1308.128;321.604;313.287
2516;1;Los Espinos + Santa Rosa;final;1325.262;1776.604;1325.262;336.604;313.287
2517;1;Los Espinos + Santa Rosa;final;1330.715;1791.604;1330.715;351.604;306.584
2517.1;1;Los Espinos + Santa Rosa;final;1425.83;2735.745;1425.83;1295.745;55.623
2518;1;Los Espinos + Santa Rosa;final;1338.62;1801.604;1338.62;361.604;279.426
2519;1;Los Espinos + Santa Rosa;final;1419.495;1811.604;1419.495;371.604;313.287
2519.1;1;Los Espinos + Santa Rosa;final;1498.288;2744.634;58.288;1304.634;90.75
2520;1;Los Espinos + Santa Rosa;final;1277.9;1821.604;1277.9;381.604;254.59
2521;1;Los Espinos + Santa Rosa;final;1288.8;1831.604;1288.8;391.604;254.59
2521.1;1;Los Espinos + Santa Rosa;final;1531.8;2661.604;91.8;1221.604;143.664
2522;1;Los Espinos + Santa Rosa;final;1299.7;1841.604;1299.7;401.604;254.59
2523;1;Los Espinos + Santa Rosa;final;1472.112;1851.604;32.112;411.604;313.053
2524;1;Los Espinos + Santa Rosa;final;1321.5;1861.604;1321.5;421.604;254.59
2524.1;1;Los Espinos + Santa Rosa;final;1555.8;2691.604;115.8;1251.604;143.664
2525;1;Los Espinos + Santa Rosa;final;1332.4;1881.604;1332.4;441.604;254.59
2525.1;1;Los Espinos + Santa Rosa;final;1487.626;2706.604;47.626;1266.604;101.105
2526;1;Los Espinos + Santa Rosa;final;1588.026;2511.421;148.026;1071.421;212.158
2527;1;Los Espinos + Santa Rosa;final;1320.709;2511.604;1320.709;1071.604;101.231
2528;1;El Conquistador;final;786.146;1440.498;786.146;0.498;282.149
2528.1;1;El Conquistador;final;1246.981;2239.834;1246.981;799.834;150.646
2529;1;El Conquistador;final;1076.408;1530.498;1076.408;90.498;293.689
2529.1;1;El Conquistador;final;1505.119;2459.61;65.119;1019.61;189.696
2530;1;El Conquistador;final;622.677;1620.498;622.677;180.498;163.248
2531;1;El Conquistador;final;1169.862;1710.498;1169.862;270.498;287.087
2531.1;1;El Conquistador;final;1380.522;2562.966;1380.522;1122.966;106.916
2532;1;El Conquistador;final;1124.714;1720.498;1124.714;280.498;272.966
2533;1;El Conquistador;final;1182.033;1730.498;1182.033;290.498;240.5
2534;1;El Conquistador;final;1227.962;1740.498;1227.962;300.498;293.647
2534.1;1;El Conquistador;final;1389.964;2633.334;1389.964;1193.334;77.254
2535;1;El Conquistador;final;1229.949;1750.498;1229.949;310.498;286.942
2535.1;1;El Conquistador;final;1451.716;2623.284;11.716;1183.284;117.906
2536;1;El Conquistador;final;1285.322;1760.498;1285.322;320.498;267.596
2537;1;El Conquistador;final;1333.766;1770.498;1333.766;330.498;176.96
2538;1;El Conquistador;final;1213.651;1780.498;1213.651;340.498;267.067
2539;1;El Conquistador;final;1237.764;1790.498;1237.764;350.498;273.418
2540;1;El Conquistador;final;1256.197;1810.498;1256.197;370.498;275.153
2541;1;El Conquistador;final;1304.579;1820.498;1304.579;380.498;291.629
2541.1;1;El Conquistador;final;1426.584;2702.734;1426.584;1262.734;74.739
2542;1;El Conquistador;final;1328.279;1840.498;1328.279;400.498;281.896
2542.1;1;El Conquistador;final;1473.264;2732.684;33.264;1292.684;77.254
2543;1;El Conquistador;final;1330.612;1850.498;1330.612;410.498;291.459
2543.1;1;El Conquistador;final;1504.796;2732.734;64.796;1292.734;96.283
2544;1;El Conquistador;final;1284.134;1860.498;1284.134;420.498;268.633
2545;1;La Reina;final;1283.355;1752.777;1283.355;312.777;268.628
2546;1;La Reina;final;1345.015;1767.777;1345.015;327.777;307.645
2547;1;La Reina;final;1289.165;1782.777;1289.165;342.777;303.338
2547.1;1;La Reina;final;1410.15;2676.327;1410.15;1236.327;81.23
2548;1;La Reina;final;1281.115;1797.777;1281.115;357.777;244.929
2549;1;La Reina;final;1432.598;1809.027;1432.598;369.027;305.12
2550;1;La Reina;final;1329.165;1820.277;1329.165;380.277;275.47
2550.1;1;La Reina;final;1448.7;2714.877;8.7;1274.877;81.23
2551;1;La Reina;final;1244.069;1831.527;1244.069;391.527;241.1
2552;1;La Reina;final;1450.231;1842.777;10.231;402.777;305.574
2553;1;La Reina;final;1166.054;1854.027;1166.054;414.027;197.22
2554;1;La Reina;final;1355.498;1865.277;1355.498;425.277;253.389
2555;1;La Reina;final;1361.433;1876.527;1361.433;436.527;255.827
2556;1;La Reina;final;1327.431;1887.777;1327.431;447.777;258.275
2557;1;La Reina;final;1345.465;1900.627;1345.465;460.627;247.774
2558;1;La Reina;final;785.479;1396.245;785.479;1396.245;290.762
2558.1;1;La Reina;final;1518.607;2224.605;78.607;784.605;251.254
2559;1;La Reina;final;1075.229;1441.245;1075.229;1.245;298.023
2559.1;1;La Reina;final;1525.048;2503.648;85.048;1063.648;167.674
2560;1;La Reina;final;1199.852;1621.245;1199.852;181.245;309.253
2560.1;1;La Reina;final;1446.779;2602.808;6.779;1162.808;111.363
2561;1;La Reina;final;562.552;1666.245;562.552;226.245;125.87
2562;1;La Reina;final;514.152;1670.245;514.152;230.245;109.499
2563;1;La Reina;final;1178.722;1674.245;1178.722;234.245;286.763
2564;1;La Reina;final;522.152;1678.245;522.152;238.245;109.499
2565;1;La Reina;final;1223.502;1682.245;1223.502;242.245;260.17
2565.1;1;La Reina;final;1472.479;2628.508;32.479;1188.508;111.363
2566;1;La Reina;final;1078.746;1686.245;1078.746;246.245;256.306
2566.1;1;La Reina;final;1370.162;2510.848;1370.162;1070.848;102.874
2567;1;La Reina;final;1347.919;1690.245;1347.919;250.245;306.59
2567.1;1;La Reina;final;1546.945;2749.041;106.945;1309.041;111.363
2568;1;La Reina;final;1284.288;1694.245;1284.288;254.245;303.249
2569;1;La Reina;final;592.552;1698.245;592.552;258.245;125.87
2570;1;La Reina;final;1061.596;1702.245;1061.596;262.245;251.637
2570.1;1;La Reina;final;1459.087;2493.748;19.087;1053.748;143.136
2571;1;La Reina;final;607.552;1706.245;607.552;266.245;125.87
2572;1;La Reina;final;1256.638;1714.245;1256.638;274.245;286.732
2573;1;La Reina;final;1177.652;1718.245;1177.652;278.245;264.743
2574;1;La Reina;final;1280.868;1722.245;1280.868;282.245;263.257
2575;1;La Reina;final;1274.146;1726.245;1274.146;286.245;280.265
2576;1;La Reina;final;1092.119;1731.245;1092.119;291.245;233.724
2576.1;1;La Reina;final;1386.445;2504.408;1386.445;1064.408;111.363
2577;1;La Reina;final;1328.92;1736.245;1328.92;296.245;308.092
2577.1;1;La Reina;final;1372.885;2735.708;1372.885;1295.708;36.117
2578;1;La Reina;final;1132.168;1746.245;1132.168;306.245;222.602
2579;1;La Reina;final;1135.336;1751.245;1135.336;311.245;238.841
2579.1;1;La Reina;final;1378.245;2534.275;1378.245;1094.275;111.363
2580;1;La Reina;final;1315.135;1756.245;1315.135;316.245;263.974
2581;1;La Reina;final;1320.735;1761.245;1320.735;321.245;270.968
2582;1;La Reina;final;1328.281;1766.245;1328.281;326.245;298.082
2582.1;1;La Reina;final;1501.631;2714.877;61.631;1274.877;90.788
2583;1;La Reina;final;1190.805;1771.245;1190.805;331.245;231.64
2584;1;La Reina;final;1337.095;1776.245;1337.095;336.245;257.649
2585;1;La Reina;final;1364.462;1781.245;1364.462;341.245;305.99
2586;1;La Reina;final;1301.541;1786.245;1301.541;346.245;259.719
2587;1;La Reina;final;1346.196;1796.245;1346.196;356.245;298.043
2587.1;1;La Reina;final;1559.779;2776.314;119.779;1336.314;102.874
2588;1;La Reina;final;1363.929;1801.245;1363.929;361.245;305.99
2589;1;La Reina;final;1278.805;1811.245;1278.805;371.245;231.64
2590;1;La Reina;final;1275.072;1816.245;1275.072;376.245;255.741
2591;1;La Reina;final;1279.255;1825.245;1279.255;385.245;250.757
2592;1;La Reina;final;1353.981;1834.245;1353.981;394.245;298.082
2593;1;La Reina;final;1198.626;1852.245;1198.626;412.245;229.96
2594;1;La Reina;final;1332.25;1861.245;1332.25;421.245;246.028
2595;1;La Reina;final;1204.168;1870.245;1204.168;430.245;196.491
2596;1;La Reina;final;1462.322;1879.245;22.322;439.245;295.135
2597;1;La Reina;final;1519.519;2326.245;79.519;886.245;233.724
2598;1;La Reina;final;1556.229;2348.045;116.229;908.045;245.626
2599;1;La Reina;final;1272.268;2358.945;1272.268;918.945;125.87
2600;1;La Reina;final;1249.419;2391.645;1249.419;951.645;109.499
2601;1;La Reina;final;1267.886;2446.245;1267.886;1006.245;109.499
2602;1;La Reina;final;622.552;1415.708;622.552;1415.708;231.707
2602.1;1;La Reina;final;1177.452;2053.208;1177.452;613.208;168.205
2603;1;La Reina;final;944.981;1435.708;944.981;1435.708;307.334
2603.1;1;La Reina;final;1462.964;2319.986;22.964;879.986;204.093
2604;1;La Reina;final;577.552;1455.708;577.552;15.708;212.527
2605;1;La Reina;final;1311.115;1775.708;1311.115;335.708;283.919
2606;1;La Reina;final;1178.22;1859.708;1178.22;419.708;185.202
2607;1;El Conquistador;final;1217.65;1736.61;1217.65;296.61;274.373
2607.1;1;El Conquistador;final;1445.352;2522.933;5.352;1082.933;138.379
2608;1;El Conquistador;final;1282.791;1745.177;1282.791;305.177;298.896
2609;1;El Conquistador;final;1407.021;1753.743;1407.021;313.743;313.229
2609.1;1;El Conquistador;final;1531.533;2740.152;91.533;1300.152;109.066
2610;1;El Conquistador;final;1295.092;1762.31;1295.092;322.31;295.88
2610.1;1;El Conquistador;final;1392.509;2688.284;1392.509;1248.284;66.448
2611;1;El Conquistador;final;1192.273;1770.877;1192.273;330.877;249.746
2612;1;El Conquistador;final;1372.243;1779.443;1372.243;339.443;304.105
2613;1;El Conquistador;final;1316.446;1788.01;1316.446;348.01;274.153
2614;1;El Conquistador;final;1385.226;1796.61;1385.226;356.61;298.292
2614.1;1;El Conquistador;final;1535.685;2789.68;95.685;1349.68;89.054
2615;1;El Conquistador;final;1400.984;1804.777;1400.984;364.777;308.359
2615.1;1;El Conquistador;final;1515.503;2792.638;75.503;1352.638;99.492
2616;1;El Conquistador;final;1259.971;1812.943;1259.971;372.943;230.584
2617;1;El Conquistador;final;1440.191;1821.11;0.191;381.11;302.21
2617.1;1;El Conquistador;final;1584.212;2822.61;144.212;1382.61;94.222
2618;1;El Conquistador;final;1402.025;1829.277;1402.025;389.277;302.21
2618.1;1;El Conquistador;final;1541.296;2786.61;101.296;1346.61;91.057
2619;1;El Conquistador;final;1351.746;1837.443;1351.746;397.443;280.699
2620;1;El Conquistador;final;1476.691;1845.61;36.691;405.61;309.941
2621;1;El Conquistador;final;1297.259;1853.777;1297.259;413.777;235.9
2622;1;El Conquistador;final;1458.589;1870.11;18.589;430.11;314.106
2622.1;1;El Conquistador;final;1527.635;2778.38;87.635;1338.38;88.887
2623;1;El Conquistador;final;1261.375;1878.277;1261.375;438.277;213.019
2624;1;El Conquistador;final;1393.133;1886.61;1393.133;446.61;279.821
2625;1;El Conquistador;final;1350.105;1920.36;1350.105;480.36;263.892
2626;1;El Conquistador;final;1236.386;1727.881;1236.386;287.881;292.164
2626.1;1;El Conquistador;final;1498.803;2642.571;58.803;1202.571;150.965
2627;1;El Conquistador;final;1404.962;1757.881;1404.962;317.881;310.055
2627.1;1;El Conquistador;final;1512.784;2801.268;72.784;1361.268;74.739
2628;1;El Conquistador;final;1332.021;1765.381;1332.021;325.381;286.174
2629;1;El Conquistador;final;1265.576;1772.881;1265.576;332.881;277.49
2630;1;El Conquistador;final;1267.841;1780.381;1267.841;340.381;272.949
2631;1;El Conquistador;final;1274.141;1787.881;1274.141;347.881;273.39
2631.1;1;El Conquistador;final;1411.133;2654.61;1411.133;1214.61;89.66
2632;1;El Conquistador;final;1260.291;1795.381;1260.291;355.381;275.005
2633;1;El Conquistador;final;1267.791;1802.881;1267.791;362.881;275.005
2634;1;El Conquistador;final;1387.541;1810.381;1387.541;370.381;280.68
2635;1;El Conquistador;final;1317.659;1817.881;1317.659;377.881;288.136
2635.1;1;El Conquistador;final;1525.211;2710.784;85.211;1270.784;120.922
2636;1;El Conquistador;final;1297.251;1825.381;1297.251;385.381;268.779
2637;1;El Conquistador;final;1315.479;1915.381;1315.479;475.381;256.919
2638;1;El Conquistador;final;1493.305;1926.631;53.305;486.631;298.245
2638.1;1;El Conquistador;final;1549.268;2820.085;109.268;1380.085;83.336
2639;1;El Conquistador;final;1273.425;2477.881;1273.425;1037.881;93.458
2640;1;El Conquistador;final;1265.835;1751.551;1265.835;311.551;170.779
2641;1;El Conquistador;final;1401.97;1763.551;1401.97;323.551;234.752
2642;1;El Conquistador;final;1348.265;1787.551;1348.265;347.551;182.864
2643;1;El Conquistador;final;1470.503;1812.401;30.503;372.401;240.761
2644;1;El Conquistador;final;1345.835;1838.101;1345.835;398.101;170.779
2645;1;El Conquistador;final;489.893;1850.951;489.893;410.951;29.691
2646;1;El Conquistador;final;1035.217;1441.445;1035.217;1.445;285.839
2646.1;1;El Conquistador;final;1307.903;2475.751;1307.903;1035.751;112.121
2647;1;El Conquistador;final;1078.896;1576.445;1078.896;136.445;280.153
2647.1;1;El Conquistador;final;1247.917;2488.401;1247.917;1048.401;73.004
2648;1;El Conquistador;final;1151.971;1711.445;1151.971;271.445;302.375
2648.1;1;El Conquistador;final;1480.455;2489.969;40.455;1049.969;152.703
2649;1;El Conquistador;final;1268.149;1721.445;1268.149;281.445;256.037
2650;1;El Conquistador;final;1220.579;1731.445;1220.579;291.445;283.906
2650.1;1;El Conquistador;final;1380.747;2624.118;1380.747;1184.118;77.254
2651;1;El Conquistador;final;1205.862;1741.445;1205.862;301.445;284.891
2651.1;1;El Conquistador;final;1504.785;2599.034;64.785;1159.034;149.46
2652;1;El Conquistador;final;1179.384;1751.445;1179.384;311.445;266.353
2653;1;El Conquistador;final;1191.681;1761.445;1191.681;321.445;267.43
2654;1;El Conquistador;final;1268.279;1771.445;1268.279;331.445;282.707
2654.1;1;El Conquistador;final;1409.014;2668.434;1409.014;1228.434;77.254
2655;1;El Conquistador;final;1228.547;1781.445;1228.547;341.445;271.886
2656;1;El Conquistador;final;1239.351;1791.445;1239.351;351.445;264.916
2657;1;El Conquistador;final;1193.149;1801.445;1193.149;361.445;237.685
2658;1;El Conquistador;final;1313.279;1811.445;1313.279;371.445;288.278
2658.1;1;El Conquistador;final;1506.544;2713.751;66.544;1273.751;117.696
2659;1;El Conquistador;final;1377.021;1821.445;1377.021;381.445;299.524
2660;1;El Conquistador;final;1316.579;1831.445;1316.579;391.445;277.882
2660.1;1;El Conquistador;final;1441.584;2717.734;1.584;1277.734;74.739
2661;1;El Conquistador;final;1304.467;1841.445;1304.467;401.445;269.494
2661.1;1;El Conquistador;final;1460.417;2722.866;20.417;1282.866;73.765
2662;1;El Conquistador;final;1374.962;1851.445;1374.962;411.445;290.749
2662.1;1;El Conquistador;final;1478.517;2767.001;38.517;1327.001;74.739
2663;1;El Conquistador;final;1304.521;1861.445;1304.521;421.445;280.895
2664;1;El Conquistador;final;1379.525;1887.145;1379.525;447.145;281.876
2665;1;El Conquistador;final;1316.834;1912.845;1316.834;472.845;265.818
2666;1;El Conquistador;final;1410.546;1951.445;1410.546;511.445;282.254
2666.1;1;El Conquistador;final;1529.917;2818.401;89.917;1378.401;74.739
2667;1;El Conquistador;final;1302.281;2371.379;1302.281;931.379;125.102
2668;1;El Conquistador;final;1262.334;2371.445;1262.334;931.445;120.852
2669;1;El Conquistador;final;1301.518;1736.718;1301.518;296.718;311.837
2669.1;1;El Conquistador;final;1404.013;2704.652;1404.013;1264.652;61.138
2670;1;El Conquistador;final;1229.322;1746.718;1229.322;306.718;298.351
2671;1;El Conquistador;final;1196.506;1756.718;1196.506;316.718;274.718
2671.1;1;El Conquistador;final;1555.494;2582.574;115.494;1142.574;179.904
2672;1;El Conquistador;final;1436.252;1766.718;1436.252;326.718;309.31
2672.1;1;El Conquistador;final;1508.078;2841.665;68.078;1401.665;49.726
2673;1;El Conquistador;final;1299.341;1776.718;1299.341;336.718;275.775
2673.1;1;El Conquistador;final;1508.393;2681.61;68.393;1241.61;117.109
2674;1;El Conquistador;final;1352.539;1786.718;1352.539;346.718;296.229
2675;1;El Conquistador;final;1230.484;1796.718;1230.484;356.718;265.275
2675.1;1;El Conquistador;final;1354.152;2661.455;1354.152;1221.455;55.236
2676;1;El Conquistador;final;1376.745;1807.968;1376.745;367.968;311.546
2676.1;1;El Conquistador;final;1550.129;2811.455;110.129;1371.455;89.888
2677;1;El Conquistador;final;1213.349;1819.218;1213.349;379.218;272.887
2678;1;El Conquistador;final;1370.651;1830.468;1370.651;390.468;314.114
2679;1;El Conquistador;final;1142.93;1841.718;1142.93;401.718;229.017
2680;1;El Conquistador;final;1366.989;1864.218;1366.989;424.218;313.374
2681;1;El Conquistador;final;1297.663;1875.468;1297.663;435.468;259.517
2682;1;El Conquistador;final;1290.965;1886.718;1290.965;446.718;245.572
2683;1;El Conquistador;final;1024.65;1414.978;1024.65;1414.978;312.336
2683.1;1;El Conquistador;final;1354.139;2467.74;1354.139;1027.74;111.9
2684;1;El Conquistador;final;998.119;1444.978;998.119;4.978;308.679
2684.1;1;El Conquistador;final;1247.052;2364.009;1247.052;924.009;106.778
2685;1;El Conquistador;final;654.177;1404.271;654.177;1404.271;276.841
2685.1;1;El Conquistador;final;1389.056;2002.79;1389.056;562.79;274.613
2686;1;El Conquistador;intermedia;733.267;876.0;733.267;876.0;282.708
2686;2;El Conquistador;final;1535.689;1434.271;95.689;1434.271;249.897
2687;1;El Conquistador;final;915.572;1464.271;915.572;24.271;306.979
2687.1;1;El Conquistador;final;1450.222;2312.285;10.222;872.285;213.15
2688;1;El Conquistador;final;1113.906;1738.871;1113.906;298.871;258.877
2688.1;1;El Conquistador;final;1493.922;2506.174;53.922;1066.174;162.236
2689;1;El Conquistador;final;1118.706;1743.471;1118.706;303.471;258.877
2689.1;1;El Conquistador;final;1427.606;2517.074;1427.606;1077.074;122.392
2690;1;El Conquistador;final;1361.549;1748.071;1361.549;308.071;301.816
2691;1;El Conquistador;final;1213.517;1752.671;1213.517;312.671;284.741
2691.1;1;El Conquistador;final;1552.646;2625.077;112.646;1185.077;142.756
2692;1;El Conquistador;final;1247.039;1757.271;1247.039;317.271;298.721
2692.1;1;El Conquistador;final;1453.977;2636.63;13.977;1196.63;124.797
2693;1;El Conquistador;final;1305.539;1761.871;1305.539;321.871;313.898
2693.1;1;El Conquistador;final;1495.494;2690.63;55.494;1250.63;124.797
2694;1;El Conquistador;final;1230.577;1771.071;1230.577;331.071;276.545
2695;1;El Conquistador;final;1139.338;1775.671;1139.338;335.671;260.041
2695.1;1;El Conquistador;final;1375.388;2521.771;1375.388;1081.771;125.489
2696;1;El Conquistador;final;1286.95;1780.271;1286.95;340.271;298.903
2696.1;1;El Conquistador;final;1358.787;2688.751;1358.787;1248.751;53.583
2697;1;El Conquistador;final;1288.984;1784.871;1288.984;344.871;307.498
2697.1;1;El Conquistador;final;1367.539;2689.978;1367.539;1249.978;51.499
2698;1;El Conquistador;final;1178.706;1789.471;1178.706;349.471;258.877
2698.1;1;El Conquistador;final;1523.677;2560.774;83.677;1120.774;180.2
2699;1;El Conquistador;final;1190.421;1794.071;1190.421;354.071;260.041
2699.1;1;El Conquistador;final;1332.31;2566.771;1332.31;1126.771;86.832
2700;1;El Conquistador;final;591.177;1794.271;591.177;354.271;86.832
2701;1;El Conquistador;final;1226.421;1798.771;1226.421;358.771;260.041
2701.1;1;El Conquistador;final;1369.81;2604.271;1369.81;1164.271;86.832
2702;1;El Conquistador;final;1385.388;1807.771;1385.388;367.771;314.905
2702.1;1;El Conquistador;final;1529.663;2764.271;89.663;1324.271;98.801
2703;1;El Conquistador;final;1281.744;1816.771;1281.744;376.771;276.841
2704;1;El Conquistador;final;618.177;1821.271;618.177;381.271;86.832
2705;1;El Conquistador;final;1229.206;1830.271;1229.206;390.271;258.737
2705.1;1;El Conquistador;final;1390.21;2626.174;1390.21;1186.174;85.195
2706;1;El Conquistador;final;631.677;1834.771;631.677;394.771;86.832
2707;1;El Conquistador;final;1306.944;1843.771;1306.944;403.771;276.841
2707.1;1;El Conquistador;final;1449.8;2645.89;9.8;1205.89;111.652
2708;1;El Conquistador;final;1302.31;1861.771;1302.31;421.771;276.841
2709;1;El Conquistador;final;1339.81;1870.771;1339.81;430.771;276.545
2709.1;1;El Conquistador;final;1435.388;2685.89;1435.388;1245.89;86.36
2710;1;El Conquistador;final;1313.244;1884.271;1313.244;444.271;276.545
2711;1;El Conquistador;final;1173.005;1385.89;1173.005;1385.89;309.651
2711.1;1;El Conquistador;final;1393.265;2589.267;1393.265;1149.267;95.342
2712;1;El Conquistador;final;721.047;1415.89;721.047;1415.89;306.141
2712.1;1;El Conquistador;final;1259.434;2133.399;1259.434;693.399;171.538
2713;1;El Conquistador;final;764.338;1445.89;764.338;5.89;276.369
2713.1;1;El Conquistador;final;1292.11;2191.771;1292.11;751.771;181.54
2714;1;El Conquistador;final;1185.606;1730.89;1185.606;290.89;275.065
2714.1;1;El Conquistador;final;1479.289;2571.674;39.289;1131.674;150.201
2715;1;El Conquistador;final;1214.421;1738.39;1214.421;298.39;276.073
2715.1;1;El Conquistador;final;1453.306;2589.271;13.306;1149.271;124.028
2716;1;El Conquistador;final;1220.421;1745.89;1220.421;305.89;276.369
2716.1;1;El Conquistador;final;1432.889;2596.771;1432.889;1156.771;124.028
2717;1;El Conquistador;final;1320.455;1753.39;1320.455;313.39;301.593
2717.1;1;El Conquistador;final;1518.556;2704.271;78.556;1264.271;124.028
2718;1;El Conquistador;final;1413.136;1760.89;1413.136;320.89;306.776
2718.1;1;El Conquistador;final;1490.706;2802.535;50.706;1362.535;61.832
2719;1;El Conquistador;final;1240.08;1768.39;1240.08;328.39;302.122
2719.1;1;El Conquistador;final;1460.451;2565.01;20.451;1125.01;146.62
2720;1;El Conquistador;final;1261.906;1775.89;1261.906;335.89;275.065
2721;1;El Conquistador;final;1274.421;1780.173;1274.421;340.173;276.369
2722;1;El Conquistador;final;1133.706;1784.456;1133.706;344.456;259.592
2722.1;1;El Conquistador;final;1281.21;2517.174;1281.21;1077.174;85.195
2723;1;El Conquistador;final;1294.606;1788.74;1294.606;348.74;275.065
2724;1;El Conquistador;final;1349.534;1793.023;1349.534;353.023;292.158
2725;1;El Conquistador;final;1346.839;1797.306;1346.839;357.306;314.909
2726;1;El Conquistador;final;1343.787;1801.59;1343.787;361.59;207.008
2727;1;El Conquistador;final;1298.421;1805.873;1298.421;365.873;276.073
2727.1;1;El Conquistador;final;1492.355;2674.271;52.355;1234.271;125.489
2728;1;El Conquistador;final;1356.434;1810.156;1356.434;370.156;304.048
2728.1;1;El Conquistador;final;1456.745;2754.978;16.745;1314.978;67.45
2729;1;El Conquistador;final;1269.62;1814.44;1269.62;374.44;262.429
2730;1;El Conquistador;final;1269.539;1818.723;1269.539;378.723;274.769
2730.1;1;El Conquistador;final;1575.077;2652.174;135.077;1212.174;180.2
2731;1;El Conquistador;final;1287.039;1823.006;1287.039;383.006;299.435
2731.1;1;El Conquistador;final;1364.839;2672.63;1364.839;1232.63;67.285
2732;1;El Conquistador;final;1209.62;1827.29;1209.62;387.29;148.47
2733;1;El Conquistador;final;1463.989;1835.856;23.989;395.856;299.824
2734;1;El Conquistador;final;1365.388;1907.39;1365.388;467.39;276.073
2735;1;El Conquistador;final;1378.145;1914.306;1378.145;474.306;303.701
2735.1;1;El Conquistador;final;1473.785;2757.482;33.785;1317.482;73.793
2736;1;El Conquistador;final;1373.787;1921.223;1373.787;481.223;298.834
2737;1;El Conquistador;final;1380.455;1928.14;1380.455;488.14;276.369
2737.1;1;El Conquistador;final;1489.41;2758.538;49.41;1318.538;86.832
2738;1;El Conquistador;final;765.383;1405.943;765.383;1405.943;309.819
2738.1;1;El Conquistador;final;1282.116;2178.693;1282.116;738.693;156.871
2739;1;El Conquistador;final;675.719;1435.943;675.719;1435.943;278.287
2739.1;1;El Conquistador;final;1209.752;2095.876;1209.752;655.876;169.213
2740;1;El Conquistador;final;732.519;1465.943;732.519;25.943;264.847
2740.1;1;El Conquistador;final;1480.113;2164.109;40.113;724.109;260.465
2741;1;El Conquistador;final;1137.962;1662.209;1137.962;222.209;283.27
2741.1;1;El Conquistador;final;1275.434;2534.734;1275.434;1094.734;74.739
2742;1;El Conquistador;final;1141.428;1735.809;1141.428;295.809;266.051
2742.1;1;El Conquistador;final;1503.886;2527.943;63.886;1087.943;179.185
2743;1;El Conquistador;final;1154.657;1735.943;1154.657;295.943;269.948
2743.1;1;El Conquistador;final;1468.344;2572.866;28.344;1132.866;137.26
2744;1;El Conquistador;final;1215.309;1740.543;1215.309;300.543;294.211
2745;1;El Conquistador;final;1208.517;1745.143;1208.517;305.143;285.933
2745.1;1;El Conquistador;final;1357.926;2632.866;1357.926;1192.866;63.269
2746;1;El Conquistador;final;1243.424;1749.743;1243.424;309.743;276.145
2747;1;El Conquistador;final;1296.607;1754.343;1296.607;314.343;296.09
2747.1;1;El Conquistador;final;1352.686;2715.366;1352.686;1275.366;32.582
2748;1;El Conquistador;final;1300.374;1758.943;1300.374;318.943;296.09
2749;1;El Conquistador;final;1216.562;1763.543;1216.562;323.543;286.514
2749.1;1;El Conquistador;final;1552.247;2614.901;112.247;1174.901;151.098
2750;1;El Conquistador;final;1259.028;1768.143;1259.028;328.143;276.024
2751;1;El Conquistador;final;1204.551;1772.743;1204.551;332.743;268.184
2751.1;1;El Conquistador;final;1502.226;2625.366;62.226;1185.366;129.871
2752;1;El Conquistador;final;1280.828;1777.343;1280.828;337.343;276.024
2753;1;El Conquistador;final;1171.793;1781.943;1171.793;341.943;261.384
2754;1;El Conquistador;final;1352.619;1786.543;1352.619;346.543;311.622
2755;1;El Conquistador;final;1313.224;1795.743;1313.224;355.743;286.118
2755.1;1;El Conquistador;final;1397.619;2733.406;1397.619;1293.406;45.601
2756;1;El Conquistador;final;1371.101;1795.943;1371.101;355.943;304.608
2757;1;El Conquistador;final;1312.44;1801.943;1312.44;361.943;276.145
2758;1;El Conquistador;final;1256.757;1807.943;1256.757;367.943;275.945
2759;1;El Conquistador;final;1289.511;1813.943;1289.511;373.943;276.024
2760;1;El Conquistador;final;1280.944;1825.943;1280.944;385.943;266.051
2761;1;El Conquistador;final;1390.207;1837.943;1390.207;397.943;305.313
2761.1;1;El Conquistador;final;1421.003;2761.443;1421.003;1321.443;44.969
2762;1;El Conquistador;final;1228.643;1849.943;1228.643;409.943;255.107
2763;1;El Conquistador;final;1267.059;1861.943;1267.059;421.943;263.685
2764;1;El Conquistador;final;1351.774;1867.943;1351.774;427.943;286.118
2765;1;El Conquistador;final;578.588;1361.734;578.588;1361.734;260.393
2765.1;1;El Conquistador;final;1462.98;1963.548;22.98;523.548;281.214
2765.2;1;El Conquistador;final;1585.863;2848.396;145.863;1408.396;82.337
2766;1;El Conquistador;final;936.242;1381.734;936.242;1381.734;281.384
2766.1;1;El Conquistador;final;1474.225;2353.284;34.225;913.284;177.423
2767;1;El Conquistador;final;706.033;1401.734;706.033;1401.734;306.866
2767.1;1;El Conquistador;final;1348.44;2011.734;1348.44;571.734;248.708
2768;1;El Conquistador;final;802.942;1421.734;802.942;1421.734;274.997
2768.1;1;El Conquistador;final;1167.295;2233.284;1167.295;793.284;104.308
2769;1;El Conquistador;final;517.034;1511.734;517.034;71.734;181.644
2770;1;El Conquistador;final;1270.738;1776.234;1270.738;336.234;270.505
2771;1;El Conquistador;final;1251.607;1792.567;1251.607;352.567;268.653
2772;1;El Conquistador;final;1350.118;1800.734;1350.118;360.734;270.891
2773;1;El Conquistador;final;1293.869;1808.9;1293.869;368.9;283.238
2774;1;El Conquistador;final;1357.4;1817.067;1357.4;377.067;307.346
2774.1;1;El Conquistador;final;1477.857;2659.234;37.857;1219.234;117.218
2775;1;El Conquistador;final;1204.528;1825.234;1204.528;385.234;248.587
2775.1;1;El Conquistador;final;1568.73;2587.943;128.73;1147.943;180.382
2776;1;El Conquistador;final;1437.883;1931.734;1437.883;491.734;307.346
2776.1;1;El Conquistador;final;1507.478;2741.734;67.478;1301.734;97.152
2777;1;El Conquistador;final;628.6;1413.179;628.6;1413.179;282.909
2777.1;1;El Conquistador;final;1309.336;1994.233;1309.336;554.233;278.418
2778;1;El Conquistador;intermedia;805.484;837.0;805.484;837.0;286.757
2778;2;El Conquistador;final;1046.353;1443.179;1046.353;3.179;86.516
2778.1;1;El Conquistador;final;1283.467;2485.079;1283.467;1045.079;85.41
2779;1;El Conquistador;intermedia;735.484;774.0;735.484;774.0;284.891
2779;2;El Conquistador;intermedia;966.919;1000.0;966.919;1000.0;86.516
2779;3;El Conquistador;final;1404.611;1473.33;1404.611;33.33;146.853
2779.1;1;El Conquistador;final;1435.24;2745.119;1435.24;1305.119;60.817
2780;1;El Conquistador;final;1296.067;1753.33;1296.067;313.33;287.676
2780.1;1;El Conquistador;final;1479.604;2636.33;39.604;1196.33;149.505
2781;1;El Conquistador;final;1314.967;1763.33;1314.967;323.33;287.676
2782;1;El Conquistador;final;1254.834;1773.33;1254.834;333.33;285.591
2783;1;El Conquistador;final;1242.853;1783.33;1242.853;343.33;222.064
2784;1;El Conquistador;final;1258.267;1793.33;1258.267;353.33;283.874
2784.1;1;El Conquistador;final;1341.553;2592.933;1341.553;1152.933;86.516
2785;1;El Conquistador;final;1331.94;1803.179;1331.94;363.179;297.362
2785.1;1;El Conquistador;final;1484.784;2766.455;44.784;1326.455;72.633
2786;1;El Conquistador;final;1326.834;1810.095;1326.834;370.095;275.228
2787;1;El Conquistador;final;1269.067;1817.012;1269.067;377.012;283.198
2787.1;1;El Conquistador;final;1495.24;2613.83;55.24;1173.83;161.9
2788;1;El Conquistador;final;1158.286;1823.929;1158.286;383.929;219.671
2789;1;El Conquistador;final;1277.634;1844.679;1277.634;404.679;283.198
2789.1;1;El Conquistador;final;1320.236;2614.133;1320.236;1174.133;82.715
2790;1;El Conquistador;final;1350.917;1886.179;1350.917;446.179;284.916
2791;1;El Conquistador;final;1303.334;1893.179;1303.334;453.179;283.198
2792;1;El Conquistador;final;577.636;1384.233;577.636;1384.233;282.314
2792.1;1;El Conquistador;final;1455.24;1971.941;15.24;531.941;298.01
2793;1;El Conquistador;intermedia;691.236;793.0;691.236;793.0;285.053
2793;2;El Conquistador;final;1358.469;1414.233;1358.469;1414.233;219.671
2794;1;El Conquistador;intermedia;699.403;803.0;699.403;803.0;283.85
2794;2;El Conquistador;final;1302.834;1443.83;1302.834;3.83;184.121
2795;1;El Conquistador;final;1255.786;1736.33;1255.786;296.33;287.037
2796;1;El Conquistador;final;1222.136;1751.33;1222.136;311.33;283.235
2796.1;1;El Conquistador;final;1380.953;2619.191;1380.953;1179.191;116.827
2797;1;El Conquistador;final;1254.836;1758.83;1254.836;318.83;283.235
2798;1;El Conquistador;final;1265.736;1766.33;1265.736;326.33;283.235
2799;1;El Conquistador;final;556.569;1774.233;556.569;334.233;86.516
2800;1;El Conquistador;final;1243.936;1784.233;1243.936;344.233;282.22
2800.1;1;El Conquistador;final;1389.0;2643.112;1389.0;1203.112;85.41
2801;1;El Conquistador;final;1276.636;1789.233;1276.636;349.233;284.305
2802;1;El Conquistador;final;576.569;1794.233;576.569;354.233;86.516
2803;1;El Conquistador;final;581.569;1799.233;581.569;359.233;86.516
2804;1;El Conquistador;final;1335.986;1859.233;1335.986;419.233;284.305
2804.1;1;El Conquistador;final;1440.85;2733.124;0.85;1293.124;83.361
2805;1;El Conquistador;final;1264.003;1888.733;1264.003;448.733;185.227
2806;1;El Conquistador;final;1313.503;1905.066;1313.503;465.066;282.22
2806.1;1;El Conquistador;final;1437.987;2710.83;1437.987;1270.83;85.956
2807;1;El Conquistador;final;1534.194;2456.733;94.194;1016.733;211.487
2808;1;El Conquistador;final;1465.687;2529.483;25.687;1089.483;186.935
2809;1;El Conquistador;final;1315.34;1763.33;1315.34;323.33;298.043
2809.1;1;El Conquistador;final;1430.311;2730.735;1430.311;1290.735;61.31
2810;1;El Conquistador;final;559.636;1773.33;559.636;333.33;117.471
2811;1;El Conquistador;final;568.636;1783.33;568.636;343.33;117.471
2812;1;El Conquistador;final;1255.367;1803.191;1255.367;363.191;282.867
2812.1;1;El Conquistador;final;1298.436;2592.333;1298.436;1152.333;82.715
2813;1;El Conquistador;final;1242.834;1813.191;1242.834;373.191;282.867
2813.1;1;El Conquistador;final;1505.687;2578.833;65.687;1138.833;186.935
2814;1;El Conquistador;final;1277.167;1823.191;1277.167;383.191;281.15
2814.1;1;El Conquistador;final;1362.703;2614.083;1362.703;1174.083;86.516
2815;1;El Conquistador;final;1346.94;1833.191;1346.94;393.191;293.596
2815.1;1;El Conquistador;final;1454.194;2763.635;14.194;1323.635;61.31
2816;1;El Conquistador;final;1373.4;1853.191;1373.4;413.191;280.783
2817;1;El Conquistador;final;1247.844;1863.191;1247.844;423.191;267.638
2818;1;El Conquistador;final;1286.2;1893.191;1286.2;453.191;281.15
2819;1;El Conquistador;final;1090.436;1728.83;1090.436;288.83;278.669
2819.1;1;El Conquistador;final;1302.367;2503.979;1302.367;1063.979;85.41
2820;1;El Conquistador;final;1285.153;1736.33;1285.153;296.33;282.471
2821;1;El Conquistador;final;1210.786;1751.33;1210.786;311.33;284.555
2822;1;El Conquistador;final;1112.469;1758.83;1112.469;318.83;274.867
2822.1;1;El Conquistador;final;1509.604;2522.879;69.604;1082.879;185.832
2823;1;El Conquistador;final;1225.786;1766.33;1225.786;326.33;284.555
2823.1;1;El Conquistador;final;1371.867;2625.979;1371.867;1185.979;85.41
2824;1;El Conquistador;final;1203.286;1774.233;1203.286;334.233;282.22
2824.1;1;El Conquistador;final;1524.604;2600.279;84.604;1160.279;185.832
2825;1;El Conquistador;final;1292.203;1783.233;1292.203;343.233;280.136
2825.1;1;El Conquistador;final;1395.884;2688.157;1395.884;1248.157;83.361
2826;1;El Conquistador;final;1233.286;1801.233;1233.286;361.233;282.22
2826.1;1;El Conquistador;final;1350.834;2631.191;1350.834;1191.191;83.361
2827;1;El Conquistador;final;1263.286;1810.233;1263.286;370.233;282.22
2828;1;El Conquistador;final;1256.953;1819.233;1256.953;379.233;282.22
2828.1;1;El Conquistador;final;1554.604;2654.58;114.604;1214.58;186.046
2829;1;El Conquistador;final;1334.503;1855.233;1334.503;415.233;284.305
2829.1;1;El Conquistador;final;1519.02;2733.33;79.02;1293.33;122.182
2830;1;El Conquistador;final;1313.353;1864.233;1313.353;424.233;282.22
2830.1;1;El Conquistador;final;1418.367;2710.641;1418.367;1270.641;83.361
2831;1;El Conquistador;final;1320.403;1897.983;1320.403;457.983;282.22
2832;1;El Conquistador;final;1202.469;2474.233;1202.469;1034.233;82.715
2833;1;El Conquistador;final;1539.604;2484.233;99.604;1044.233;246.664
2834;1;El Conquistador;final;1314.834;2494.233;1314.834;1054.233;144.158
2835;1;El Conquistador;final;639.894;1467.174;639.894;27.174;219.747
2836;1;El Conquistador;final;1218.306;1647.174;1218.306;207.174;312.262
2836.1;1;El Conquistador;final;1519.021;2609.963;79.021;1169.963;163.454
2837;1;El Conquistador;final;1219.677;1747.174;1219.677;307.174;299.435
2837.1;1;El Conquistador;final;1455.144;2563.39;15.144;1123.39;142.708
2838;1;El Conquistador;final;1317.539;1757.174;1317.539;317.174;312.262
2839;1;El Conquistador;final;1294.984;1767.174;1294.984;327.174;306.158
2839.1;1;El Conquistador;final;1427.913;2700.477;1427.913;1260.477;72.936
2840;1;El Conquistador;final;1305.455;1777.174;1305.455;337.174;313.565
2840.1;1;El Conquistador;final;1501.422;2684.271;61.422;1244.271;124.028
2841;1;El Conquistador;final;1353.539;1787.174;1353.539;347.174;312.262
2842;1;El Conquistador;final;1328.787;1797.174;1328.787;357.174;238.788
2843;1;El Conquistador;final;1363.356;1804.674;1363.356;364.674;312.401
2844;1;El Conquistador;final;1405.388;1812.174;1405.388;372.174;313.565
2845;1;El Conquistador;final;1285.077;1819.674;1285.077;379.674;274.612
2846;1;El Conquistador;final;1368.41;1834.674;1368.41;394.674;314.752
2847;1;El Conquistador;final;1401.11;1849.674;1401.11;409.674;314.752
2847.1;1;El Conquistador;final;1467.156;2740.156;27.156;1300.156;84.9
2848;1;El Conquistador;final;1264.984;1445.89;1264.984;5.89;293.678
2848.1;1;El Conquistador;final;1587.085;2663.751;147.085;1223.751;175.014
2849;1;El Conquistador;final;1146.838;1739.89;1146.838;299.89;275.776
2849.1;1;El Conquistador;final;1294.81;2529.271;1294.81;1089.271;86.832
2850;1;El Conquistador;final;1389.061;1751.89;1389.061;311.89;310.589
2851;1;El Conquistador;final;1215.62;1763.89;1215.62;323.89;240.0
2852;1;El Conquistador;final;1282.984;1775.89;1282.984;335.89;302.5
2852.1;1;El Conquistador;final;1368.145;2683.751;1368.145;1243.751;60.984
2853;1;El Conquistador;final;1286.421;1787.14;1286.421;347.14;276.073
2853.1;1;El Conquistador;final;1479.021;2664.271;39.021;1224.271;125.489
2854;1;El Conquistador;final;1218.744;1798.39;1218.744;358.39;277.26
2855;1;El Conquistador;final;1326.234;1809.64;1326.234;369.64;301.365
2855.1;1;El Conquistador;final;1391.772;2721.716;1391.772;1281.716;51.917
2856;1;El Conquistador;final;1293.539;1820.89;1293.539;380.89;274.473
2857;1;El Conquistador;final;1300.372;1832.14;1300.372;392.14;299.139
2857.1;1;El Conquistador;final;1505.688;2682.174;65.688;1242.174;123.852
2858;1;El Conquistador;final;1297.955;1865.89;1297.955;425.89;276.073
2859;1;El Conquistador;final;1347.31;1915.89;1347.31;475.89;277.26
2859.1;1;El Conquistador;final;1501.2;2695.89;61.2;1255.89;111.652
2860;1;El Conquistador;final;1350.455;1925.89;1350.455;485.89;276.073
2861;1;Vespucio Norte;final;1290.032;1798.349;1290.032;358.349;293.152
2862;1;Vespucio Norte;final;540.813;1806.516;540.813;366.516;61.279
2863;1;Vespucio Norte;final;1305.515;1814.683;1305.515;374.683;275.812
2863.1;1;Vespucio Norte;final;1499.048;2692.349;59.048;1252.349;120.133
2864;1;Vespucio Norte;final;1309.398;1822.849;1309.398;382.849;286.894
2865;1;Vespucio Norte;final;565.313;1831.016;565.313;391.016;61.279
2866;1;Vespucio Norte;final;1245.515;1847.349;1245.515;407.349;252.492
2867;1;Vespucio Norte;final;1250.136;1855.516;1250.136;415.516;244.89
2868;1;Vespucio Norte;final;1334.279;1863.683;1334.279;423.683;297.096
2868.1;1;Vespucio Norte;final;1480.346;2710.054;40.346;1270.054;114.527
2869;1;Vespucio Norte;final;606.146;1871.849;606.146;431.849;61.279
2870;1;Vespucio Norte;final;1287.515;1880.016;1287.515;440.016;252.492
2870.1;1;Vespucio Norte;final;1484.048;2674.349;44.048;1234.349;120.133
2871;1;Vespucio Norte;final;1345.098;1888.183;1345.098;448.183;252.492
2872;1;Vespucio Norte;final;1261.398;1888.349;1261.398;448.349;239.502
2873;1;Vespucio Norte;final;1285.398;2518.349;1285.398;1078.349;83.824
2874;1;Vespucio Norte;final;1290.532;1792.07;1290.532;352.07;287.793
2875;1;Vespucio Norte;final;1299.515;1837.037;1299.515;397.037;294.525
2876;1;Vespucio Norte;final;1259.714;1859.52;1259.714;419.52;269.294
2876.1;1;Vespucio Norte;final;1383.408;2691.654;1383.408;1251.654;62.231
2877;1;Vespucio Norte;final;1272.78;1882.004;1272.78;442.004;255.568
2878;1;Vespucio Norte;final;1264.105;1882.07;1264.105;442.07;244.681
2879;1;Vespucio Norte;final;1293.515;1894.92;1293.515;454.92;247.134
2880;1;Vespucio Norte;final;1034.029;1468.349;1034.029;28.349;297.096
2880.1;1;Vespucio Norte;final;1370.732;2440.021;1370.732;1000.021;163.954
2881;1;Vespucio Norte;final;1257.232;1576.349;1257.232;136.349;308.193
2882;1;Vespucio Norte;final;1016.626;1630.349;1016.626;190.349;281.924
2882.1;1;Vespucio Norte;final;1364.698;2444.265;1364.698;1004.265;139.248
2883;1;Vespucio Norte;final;1278.505;1684.349;1278.505;244.349;296.678
2884;1;Vespucio Norte;final;1275.515;1738.349;1275.515;298.349;308.193
2885;1;Vespucio Norte;final;1288.105;1743.349;1288.105;303.349;292.75
2886;1;Vespucio Norte;final;1223.032;1748.349;1223.032;308.349;284.874
2886.1;1;Vespucio Norte;final;1542.782;2608.349;102.782;1168.349;184.112
2887;1;Vespucio Norte;final;1311.515;1753.349;1311.515;313.349;308.193
2887.1;1;Vespucio Norte;final;1458.532;2698.349;18.532;1258.349;96.814
2888;1;Vespucio Norte;final;1317.515;1758.349;1317.515;318.349;308.193
2889;1;Vespucio Norte;final;1240.132;1763.349;1240.132;323.349;284.874
2889.1;1;Vespucio Norte;final;1454.048;2628.349;14.048;1188.349;120.133
2890;1;Vespucio Norte;final;1152.398;1768.349;1152.398;328.349;261.555
2890.1;1;Vespucio Norte;final;1359.482;2538.349;1359.482;1098.349;120.133
2891;1;Vespucio Norte;final;1329.515;1773.349;1329.515;333.349;308.193
2892;1;Vespucio Norte;final;1341.515;1778.349;1341.515;338.349;308.193
2892.1;1;Vespucio Norte;final;1488.532;2728.349;48.532;1288.349;96.814
2893;1;Vespucio Norte;final;1347.515;1783.349;1347.515;343.349;308.193
2894;1;Vespucio Norte;final;1348.232;1788.349;1348.232;348.349;308.193
2895;1;Vespucio Norte;final;1273.398;1793.349;1273.398;353.349;271.884
2896;1;Vespucio Norte;final;602.449;1798.349;602.449;358.349;90.082
2897;1;Vespucio Norte;final;611.015;1806.916;611.015;366.916;90.082
2898;1;Vespucio Norte;final;615.299;1811.199;615.299;371.199;90.082
2899;1;Vespucio Norte;final;1310.032;1815.483;1310.032;375.483;278.142
2900;1;Vespucio Norte;final;1319.398;1824.049;1319.398;384.049;284.874
2901;1;Vespucio Norte;final;632.432;1828.333;632.432;388.333;90.082
2902;1;Vespucio Norte;final;1378.896;1832.616;1378.896;392.616;293.928
2902.1;1;Vespucio Norte;final;1432.579;2812.415;1432.579;1372.415;33.489
2903;1;Vespucio Norte;final;1166.032;1841.183;1166.032;401.183;214.163
2904;1;Vespucio Norte;final;1318.263;1845.466;1318.263;405.466;306.158
2904.1;1;Vespucio Norte;final;1396.498;2697.154;1396.498;1257.154;69.924
2905;1;Vespucio Norte;final;1283.305;1849.749;1283.305;409.749;269.431
2905.1;1;Vespucio Norte;final;1523.789;2661.819;83.789;1221.819;143.732
2906;1;Vespucio Norte;final;1249.798;1858.316;1249.798;418.316;261.555
2906.1;1;Vespucio Norte;final;1491.922;2638.349;51.922;1198.349;140.999
2907;1;Vespucio Norte;final;1307.305;1862.599;1307.305;422.599;269.431
2908;1;Vespucio Norte;final;1271.598;1866.883;1271.598;426.883;261.555
2908.1;1;Vespucio Norte;final;1469.048;2656.349;29.048;1216.349;120.133
2909;1;Vespucio Norte;final;1293.398;1875.449;1293.398;435.449;261.555
2910;1;Vespucio Norte;final;1380.532;1879.733;1380.532;439.733;278.142
2911;1;Vespucio Norte;final;1382.636;1888.299;1382.636;448.299;263.343
2912;1;Vespucio Norte;final;1260.698;1888.349;1260.698;448.349;261.555
2913;1;Vespucio Norte;final;1296.699;2498.349;1296.699;1058.349;90.082
2914;1;Vespucio Norte;final;1186.665;1788.735;1186.665;348.735;253.373
2915;1;Vespucio Norte;final;1243.365;1796.901;1243.365;356.901;294.033
2915.1;1;Vespucio Norte;final;1323.515;2562.235;1323.515;1122.235;88.632
2916;1;Vespucio Norte;final;1212.365;1805.068;1212.365;365.068;253.373
2916.1;1;Vespucio Norte;final;1426.982;2598.349;1426.982;1158.349;120.133
2917;1;Vespucio Norte;final;1321.398;1813.235;1321.398;373.235;278.207
2918;1;El Conquistador;final;1270.421;1710.152;1270.421;270.152;280.123
2918.1;1;El Conquistador;final;1524.171;2598.152;84.171;1158.152;152.703
2919;1;El Conquistador;final;1201.425;1730.152;1201.425;290.152;271.112
2919.1;1;El Conquistador;final;1447.375;2582.01;7.375;1142.01;123.238
2920;1;El Conquistador;final;1314.021;1750.152;1314.021;310.152;280.123
2921;1;El Conquistador;final;1285.349;1770.152;1285.349;330.152;262.154
2922;1;El Conquistador;final;1432.502;1780.152;1432.502;340.152;310.402
2922.1;1;El Conquistador;final;1560.005;2835.576;120.005;1395.576;81.501
2923;1;El Conquistador;final;1255.925;1790.152;1255.925;350.152;271.112
2923.1;1;El Conquistador;final;1457.408;2636.61;17.408;1196.61;117.348
2924;1;El Conquistador;final;1374.521;1800.152;1374.521;360.152;288.677
2925;1;El Conquistador;final;1384.521;1810.152;1384.521;370.152;189.03
2926;1;El Conquistador;final;1546.797;1820.152;106.797;380.152;275.065
2927;1;El Conquistador;final;1359.434;1830.152;1359.434;390.152;172.956
2928;1;El Conquistador;final;1323.533;1840.152;1323.533;400.152;155.739
2929;1;El Conquistador;final;1366.617;1850.152;1366.617;410.152;169.396
2930;1;El Conquistador;final;1456.488;2370.152;16.488;930.152;189.03
2931;1;El Conquistador;final;1237.721;2394.152;1237.721;954.152;99.73
2932;1;Los Espinos + Santa Rosa;intermedia;736.753;766.0;736.753;766.0;297.977
2932;2;Los Espinos + Santa Rosa;final;1124.563;1382.332;1124.563;1382.332;99.4
2932.1;1;Los Espinos + Santa Rosa;final;1491.629;2476.397;51.629;1036.397;182.08
2933;1;Los Espinos + Santa Rosa;final;673.642;1412.332;673.642;1412.332;290.63
2933.1;1;Los Espinos + Santa Rosa;final;1470.953;2036.998;30.953;596.998;291.603
2934;1;Los Espinos + Santa Rosa;final;698.977;1442.332;698.977;2.332;300.473
2934.1;1;Los Espinos + Santa Rosa;final;1373.377;2139.292;1373.377;699.292;235.303
2935;1;Los Espinos + Santa Rosa;final;836.496;1472.332;836.496;32.332;291.729
2935.1;1;Los Espinos + Santa Rosa;final;1484.413;2271.73;44.413;831.73;231.883
2936;1;Los Espinos + Santa Rosa;final;852.841;1388.457;852.841;1388.457;305.381
2936.1;1;Los Espinos + Santa Rosa;final;1284.475;2314.521;1284.475;874.521;130.802
2937;1;Los Espinos + Santa Rosa;final;727.258;1418.457;727.258;1418.457;304.003
2937.1;1;Los Espinos + Santa Rosa;final;1287.742;2117.332;1287.742;677.332;193.846
2938;1;Los Espinos + Santa Rosa;final;814.692;1448.457;814.692;8.457;311.902
2938.1;1;Los Espinos + Santa Rosa;final;1517.342;2207.332;77.342;767.332;279.223
2939;1;Los Espinos + Santa Rosa;final;1279.8;1478.457;1279.8;38.457;307.434
2939.1;1;Los Espinos + Santa Rosa;final;1530.584;2639.324;90.584;1199.324;151.579
2940;1;Vespucio Norte;final;1217.332;1738.349;1217.332;298.349;284.874
2940.1;1;Vespucio Norte;final;1370.548;2604.016;1370.548;1164.016;84.329
2941;1;Vespucio Norte;final;1126.698;1746.916;1126.698;306.916;261.555
2941.1;1;Vespucio Norte;final;1584.626;2518.349;144.626;1078.349;217.775
2942;1;Vespucio Norte;final;1210.716;1755.483;1210.716;315.483;303.819
2942.1;1;Vespucio Norte;final;1258.276;2581.29;1258.276;1141.29;52.716
2943;1;Vespucio Norte;final;1262.932;1764.049;1262.932;324.049;284.874
2944;1;Vespucio Norte;final;1274.332;1772.616;1274.332;332.616;284.874
2945;1;Vespucio Norte;final;1195.232;1781.183;1195.232;341.183;261.555
2946;1;Vespucio Norte;final;1203.798;1789.749;1203.798;349.749;261.555
2946.1;1;Vespucio Norte;final;1471.922;2588.349;31.922;1148.349;140.999
2947;1;Vespucio Norte;final;1372.972;1798.316;1372.972;358.316;249.534
2948;1;Vespucio Norte;final;1259.561;1798.349;1259.561;358.349;301.511
2948.1;1;Vespucio Norte;final;1454.348;2669.066;14.348;1229.066;92.295
2949;1;Vespucio Norte;final;538.663;1803.966;538.663;363.966;70.706
2950;1;Vespucio Norte;final;1297.279;1809.583;1297.279;369.583;280.038
2950.1;1;Vespucio Norte;final;1410.163;2729.663;1410.163;1289.663;51.221
2951;1;Vespucio Norte;final;549.896;1815.199;549.896;375.199;70.706
2952;1;Vespucio Norte;final;555.513;1820.816;555.513;380.816;70.706
2953;1;Vespucio Norte;final;1307.046;1826.433;1307.046;386.433;293.308
2954;1;Vespucio Norte;final;566.746;1832.049;566.746;392.049;70.706
2955;1;Vespucio Norte;final;1401.695;1837.666;1401.695;397.666;310.03
2956;1;Vespucio Norte;final;577.979;1843.283;577.979;403.283;70.706
2957;1;Vespucio Norte;final;1335.515;1848.899;1335.515;408.899;284.874
2957.1;1;Vespucio Norte;final;1529.048;2728.349;89.048;1288.349;120.133
2958;1;Vespucio Norte;final;589.213;1854.516;589.213;414.516;70.706
2959;1;Vespucio Norte;final;594.829;1860.133;594.829;420.133;70.706
2960;1;Vespucio Norte;final;1324.18;1865.749;1324.18;425.749;280.318
2961;1;Vespucio Norte;final;1257.515;1876.983;1257.515;436.983;261.555
2962;1;Vespucio Norte;final;622.913;1888.216;622.913;448.216;70.706
2963;1;Vespucio Norte;final;1360.522;1888.349;1360.522;448.349;295.885
2963.1;1;Vespucio Norte;final;1478.789;2741.119;38.789;1301.119;87.4
2964;1;Vespucio Norte;final;1304.298;2518.349;1304.298;1078.349;96.814
2965;1;Vespucio Norte;final;606.063;1780.054;606.063;340.054;114.527
2966;1;Vespucio Norte;final;617.296;1790.054;617.296;350.054;114.527
2967;1;Los Espinos + Santa Rosa;final;1174.448;1693.115;1174.448;253.115;305.148
2967.1;1;Los Espinos + Santa Rosa;final;1501.234;2524.397;61.234;1084.397;168.865
2968;1;Los Espinos + Santa Rosa;final;1298.187;1703.115;1298.187;263.115;293.306
2968.1;1;Los Espinos + Santa Rosa;final;1402.911;2704.546;1402.911;1264.546;57.961
2969;1;Los Espinos + Santa Rosa;final;1227.601;1713.115;1227.601;273.115;286.959
2969.1;1;Los Espinos + Santa Rosa;final;1396.549;2609.937;1396.549;1169.937;90.091
2970;1;Los Espinos + Santa Rosa;final;1246.606;1723.115;1246.606;283.115;292.078
2970.1;1;Los Espinos + Santa Rosa;final;1371.222;2620.866;1371.222;1180.866;71.918
2971;1;Los Espinos + Santa Rosa;final;1296.176;1733.115;1296.176;293.115;312.399
2972;1;Los Espinos + Santa Rosa;final;1276.575;1743.115;1276.575;303.115;206.732
2973;1;Los Espinos + Santa Rosa;final;484.403;1753.115;484.403;313.115;73.157
2974;1;Los Espinos + Santa Rosa;final;1446.748;1764.365;6.748;324.365;284.558
2974.1;1;Los Espinos + Santa Rosa;final;1503.89;2804.862;63.89;1364.862;69.144
2975;1;Los Espinos + Santa Rosa;final;1223.719;1843.115;1223.719;403.115;260.05
2976;1;Los Espinos + Santa Rosa;final;1311.861;1780.132;1311.861;340.132;284.284
2977;1;Los Espinos + Santa Rosa;final;1302.6;1790.132;1302.6;350.132;292.457
2978;1;El Conquistador;final;1292.913;1793.585;1292.913;353.585;139.265
2979;1;El Conquistador;final;1184.552;1815.502;1184.552;375.502;83.53
2980;1;El Conquistador;final;1412.392;1822.419;1412.392;382.419;157.103
2981;1;El Conquistador;final;1476.688;1829.335;36.688;389.335;182.432
2982;1;El Conquistador;final;1435.196;1836.252;1435.196;396.252;164.81
2983;1;El Conquistador;final;1468.375;1857.002;28.375;417.002;174.232
2984;1;El Conquistador;final;1503.989;1863.919;63.989;423.919;197.123
2985;1;El Conquistador;final;1460.626;1870.835;20.626;430.835;174.818
2986;1;El Conquistador;final;1527.882;1884.669;87.882;444.669;195.65
2987;1;El Conquistador;final;1356.818;1891.585;1356.818;451.585;110.916
2988;1;El Conquistador;final;1350.68;1898.502;1350.68;458.502;99.016
2989;1;El Conquistador;final;1342.984;1898.585;1342.984;458.585;110.916
2990;1;El Conquistador;final;1352.475;2595.466;1352.475;1155.466;71.55
2991;1;El Conquistador;final;1291.697;2607.466;1291.697;1167.466;45.86
2992;1;El Conquistador;final;1292.947;2619.466;1292.947;1179.466;45.86
2993;1;El Conquistador;final;1483.233;2649.466;43.233;1209.466;110.159
2994;1;El Conquistador;final;1352.947;2679.466;1352.947;1239.466;45.86
2995;1;El Conquistador;final;1305.934;1815.584;1305.934;375.584;292.163
2996;1;El Conquistador;intermedia;678.236;1163.0;678.236;1163.0;264.08
2996;2;El Conquistador;final;1338.021;1441.445;1338.021;1.445;101.888
2997;1;El Conquistador;final;1127.962;1576.445;1127.962;136.445;289.716
2997.1;1;El Conquistador;final;1288.581;2531.951;1288.581;1091.951;77.254
2998;1;El Conquistador;final;1180.671;1711.445;1180.671;271.445;305.622
2999;1;El Conquistador;final;1297.791;1720.012;1297.791;280.012;298.294
2999.1;1;El Conquistador;final;1517.408;2681.61;77.408;1241.61;120.514
3000;1;El Conquistador;final;1217.962;1728.579;1217.962;288.579;285.879
3000.1;1;El Conquistador;final;1360.434;2620.834;1360.434;1180.834;73.004
3001;1;El Conquistador;final;1293.322;1737.145;1293.322;297.145;265.317
3002;1;El Conquistador;final;1231.562;1745.712;1231.562;305.712;287.614
3002.1;1;El Conquistador;final;1549.701;2642.551;109.701;1202.551;146.848
3003;1;El Conquistador;final;1267.697;1754.279;1267.697;314.279;176.597
3004;1;El Conquistador;final;1200.897;1762.845;1200.897;322.845;272.255
3005;1;El Conquistador;final;1331.066;1771.412;1331.066;331.412;311.982
3006;1;El Conquistador;final;1232.579;1771.445;1232.579;331.445;287.162
3006.1;1;El Conquistador;final;1382.234;2642.634;1382.234;1202.634;73.004
3007;1;El Conquistador;final;1253.279;1778.362;1253.279;338.362;288.361
3007.1;1;El Conquistador;final;1464.536;2653.751;24.536;1213.751;110.099
3008;1;El Conquistador;final;1204.017;1785.279;1204.017;345.279;265.451
3009;1;El Conquistador;final;1216.017;1792.195;1216.017;352.195;265.987
3010;1;El Conquistador;final;1265.414;1806.029;1265.414;366.029;270.237
3011;1;El Conquistador;final;1228.017;1812.945;1228.017;372.945;262.234
3012;1;El Conquistador;final;1264.017;1819.862;1264.017;379.862;268.624
3013;1;El Conquistador;final;1274.631;1833.695;1274.631;393.695;272.874
3014;1;El Conquistador;final;1283.847;1840.612;1283.847;400.612;272.874
3015;1;El Conquistador;final;1345.612;1847.529;1345.612;407.529;286.543
3015.1;1;El Conquistador;final;1461.384;2749.868;21.384;1309.868;74.739
3016;1;El Conquistador;final;1273.617;1854.445;1273.617;414.445;265.535
3017;1;El Conquistador;final;1208.149;1861.362;1208.149;421.362;234.467
3018;1;El Conquistador;final;1273.234;1861.445;1273.234;421.445;264.252
3019;1;El Conquistador;final;1360.612;1895.195;1360.612;455.195;287.079
3019.1;1;El Conquistador;final;1492.247;2762.734;52.247;1322.734;77.254
3020;1;El Conquistador;final;1359.962;1906.445;1359.962;466.445;282.959
3020.1;1;El Conquistador;final;1474.701;2762.734;34.701;1322.734;73.004
3021;1;El Conquistador;final;1366.584;1940.195;1366.584;500.195;270.276
3022;1;El Conquistador;final;1145.417;1951.445;1145.417;511.445;192.143
3023;1;El Conquistador;final;1444.701;2371.379;4.701;931.379;190.944
3024;1;El Conquistador;final;1263.434;2371.445;1263.434;931.445;123.123
3025;1;El Conquistador;final;1287.434;2401.445;1287.434;961.445;123.123
3026;1;El Conquistador;final;1458.83;1759.507;18.83;319.507;287.304
3027;1;El Conquistador;final;1407.43;1771.507;1407.43;331.507;258.653
3028;1;La Reina;final;1282.119;1753.259;1282.119;313.259;282.092
3029;1;La Reina;final;1394.035;1838.192;1394.035;398.192;312.504
3029.1;1;La Reina;final;1483.813;2749.253;43.813;1309.253;88.186
3030;1;La Reina;final;1205.465;1883.259;1205.465;443.259;226.92
3031;1;La Reina;final;1260.243;1767.148;1260.243;327.148;260.154
3032;1;La Reina;final;1285.21;1774.648;1285.21;334.648;309.565
3033;1;La Reina;final;1271.465;1782.148;1271.465;342.148;250.843
3034;1;La Reina;final;1272.427;1789.648;1272.427;349.648;310.337
3035;1;La Reina;final;1269.922;1797.148;1269.922;357.148;263.622
3036;1;La Reina;final;1328.392;1804.648;1328.392;364.648;304.333
3036.1;1;La Reina;final;1523.614;2724.808;83.614;1284.808;112.201
3037;1;La Reina;final;1357.584;1819.648;1357.584;379.648;312.085
3037.1;1;La Reina;final;1528.817;2658.357;88.817;1218.357;159.007
3038;1;La Reina;final;1371.736;1833.848;1371.736;393.848;273.1
3039;1;La Reina;final;1516.388;1852.781;76.388;412.781;309.019
3040;1;La Reina;final;1264.821;1857.514;1264.821;417.514;250.175
3041;1;La Reina;final;1488.502;1862.248;48.502;422.248;205.426
3042;1;La Reina;final;1238.035;1876.448;1238.035;436.448;214.072
3043;1;La Reina;final;1221.412;1890.648;1221.412;450.648;221.969
3044;1;El Conquistador;final;1110.742;1473.284;1110.742;33.284;291.697
3044.1;1;El Conquistador;final;1372.196;2514.651;1372.196;1074.651;101.197
3045;1;El Conquistador;final;1111.109;1689.284;1111.109;249.284;280.561
3045.1;1;El Conquistador;final;1306.72;2515.784;1306.72;1075.784;85.884
3046;1;El Conquistador;final;1279.45;1743.284;1279.45;303.284;273.266
3047;1;El Conquistador;final;1164.067;1748.734;1164.067;308.734;274.99
3047.1;1;El Conquistador;final;1393.952;2477.933;1393.952;1037.933;138.379
3048;1;El Conquistador;final;1218.746;1754.184;1218.746;314.184;272.816
3049;1;El Conquistador;final;1268.671;1759.634;1268.671;319.634;308.282
3049.1;1;El Conquistador;final;1444.251;2599.445;4.251;1159.445;123.123
3050;1;El Conquistador;final;1295.963;1765.084;1295.963;325.084;289.728
3051;1;El Conquistador;final;1305.576;1770.534;1305.576;330.534;297.89
3052;1;El Conquistador;final;1369.521;1775.984;1369.521;335.984;309.613
3052.1;1;El Conquistador;final;1562.358;2700.152;122.358;1260.152;135.138
3053;1;El Conquistador;final;551.103;1781.434;551.103;341.434;85.884
3054;1;El Conquistador;final;1232.292;1786.884;1232.292;346.884;266.572
3055;1;El Conquistador;final;1299.22;1792.334;1299.22;352.334;277.268
3056;1;El Conquistador;final;1290.688;1803.284;1290.688;363.284;283.393
3056.1;1;El Conquistador;final;1456.554;2707.998;16.554;1267.998;82.686
3057;1;El Conquistador;final;1262.849;1807.567;1262.849;367.567;262.944
3058;1;El Conquistador;final;611.587;1811.851;611.587;371.851;85.884
3059;1;El Conquistador;final;615.87;1816.134;615.87;376.134;85.884
3060;1;El Conquistador;final;1381.584;1820.417;1381.584;380.417;290.483
3061;1;El Conquistador;final;1303.15;1824.701;1303.15;384.701;267.231
3062;1;El Conquistador;final;1411.584;1828.984;1411.584;388.984;290.483
3063;1;El Conquistador;final;637.287;1837.551;637.287;397.551;85.884
3064;1;El Conquistador;final;1389.972;1841.834;1389.972;401.834;308.217
3065;1;El Conquistador;final;1444.292;1846.117;4.292;406.117;301.032
3066;1;El Conquistador;final;1408.812;1854.684;1408.812;414.684;310.964
3067;1;El Conquistador;final;1322.77;1876.101;1322.77;436.101;269.336
3068;1;El Conquistador;final;1272.659;1884.667;1272.659;444.667;262.736
3069;1;El Conquistador;final;1403.949;1893.234;1403.949;453.234;271.468
3069.1;1;El Conquistador;final;1526.03;2801.817;86.03;1361.817;75.651
3070;1;El Conquistador;final;1314.262;1893.284;1314.262;453.284;258.535
3071;1;El Conquistador;final;1302.43;1911.284;1302.43;471.284;244.784
3072;1;El Conquistador;final;1267.67;1920.284;1267.67;480.284;257.503
3073;1;El Conquistador;final;660.084;1365.861;660.084;1365.861;295.986
3073.1;1;El Conquistador;final;1355.917;2083.912;1355.917;643.912;205.061
3074;1;El Conquistador;final;912.401;1395.861;912.401;1395.861;295.692
3074.1;1;El Conquistador;final;1362.117;2339.779;1362.117;899.779;151.056
3075;1;El Conquistador;final;1220.542;1773.861;1220.542;333.861;264.857
3076;1;El Conquistador;final;1251.459;1782.861;1251.459;342.861;282.111
3077;1;El Conquistador;final;1166.369;1791.861;1166.369;351.861;280.805
3077.1;1;El Conquistador;final;1429.068;2571.113;1429.068;1131.113;111.445
3078;1;El Conquistador;final;1264.795;1800.861;1264.795;360.861;257.97
3078.1;1;El Conquistador;final;1426.352;2652.824;1426.352;1212.824;94.81
3079;1;El Conquistador;final;1254.059;1809.861;1254.059;369.861;286.261
3080;1;El Conquistador;final;1356.359;1743.049;1356.359;303.049;299.693
3080.1;1;El Conquistador;final;1530.959;2717.43;90.959;1277.43;106.013
3081;1;El Conquistador;final;435.177;1755.049;435.177;315.049;50.022
3082;1;El Conquistador;final;1385.942;1767.049;1385.942;327.049;299.693
3082.1;1;El Conquistador;final;1449.61;2751.697;9.61;1311.697;64.994
3083;1;El Conquistador;final;1389.068;1779.049;1389.068;339.049;269.143
3084;1;El Conquistador;final;471.177;1791.049;471.177;351.049;50.022
3085;1;El Conquistador;final;504.01;1803.049;504.01;363.049;50.022
3086;1;El Conquistador;final;515.26;1814.299;515.26;374.299;50.022
3087;1;El Conquistador;final;526.51;1825.549;526.51;385.549;50.022
3088;1;El Conquistador;final;537.76;1836.799;537.76;396.799;50.022
3089;1;El Conquistador;final;549.01;1848.049;549.01;408.049;50.022
3090;1;El Conquistador;final;560.26;1859.299;560.26;419.299;50.022
3091;1;El Conquistador;final;1198.008;1870.549;1198.008;430.549;167.134
3092;1;El Conquistador;final;1475.434;1881.799;35.434;441.799;299.426
3093;1;El Conquistador;final;1309.902;1893.049;1309.902;453.049;194.869
3094;1;El Conquistador;final;1213.484;1938.049;1213.484;498.049;180.695
3095;1;El Conquistador;final;652.919;1468.463;652.919;28.463;253.112
3095.1;1;El Conquistador;final;1213.869;2070.176;1213.869;630.176;179.185
3096;1;El Conquistador;final;1142.741;1738.463;1142.741;298.463;279.413
3096.1;1;El Conquistador;final;1487.118;2533.868;47.118;1093.868;183.436
3097;1;El Conquistador;final;1293.751;1743.463;1293.751;303.463;283.316
3097.1;1;El Conquistador;final;1510.487;2687.89;70.487;1247.89;126.596
3098;1;El Conquistador;final;1274.434;1748.463;1274.434;308.463;272.301
3099;1;El Conquistador;final;1338.825;1753.463;1338.825;313.463;287.429
3099.1;1;El Conquistador;final;1548.646;2728.498;108.646;1288.498;110.697
3100;1;El Conquistador;final;1315.551;1758.463;1315.551;318.463;283.316
3100.1;1;El Conquistador;final;1448.019;2710.088;8.019;1270.088;99.492
3101;1;El Conquistador;final;1299.563;1763.463;1299.563;323.463;283.907
3101.1;1;El Conquistador;final;1493.878;2683.463;53.878;1243.463;110.994
3102;1;El Conquistador;final;1317.495;1768.463;1317.495;328.463;313.161
3102.1;1;El Conquistador;final;1551.613;2704.224;111.613;1264.224;129.123
3103;1;El Conquistador;final;1343.083;1773.463;1343.083;333.463;280.498
3104;1;El Conquistador;final;1382.425;1778.463;1382.425;338.463;287.429
3104.1;1;El Conquistador;final;1521.296;2766.61;81.296;1326.61;91.057
3105;1;El Conquistador;final;1228.83;1783.463;1228.83;343.463;250.361
3106;1;El Conquistador;final;1274.968;1788.463;1274.968;348.463;265.592
3106.1;1;El Conquistador;final;1510.501;2678.28;70.501;1238.28;117.975
3107;1;El Conquistador;final;1377.175;1793.463;1377.175;353.463;301.711
3108;1;El Conquistador;final;1294.968;1798.463;1294.968;358.463;312.463
3108.1;1;El Conquistador;final;1518.985;2698.28;78.985;1258.28;111.445
3109;1;El Conquistador;final;1357.495;1802.363;1357.495;362.363;279.327
3110;1;El Conquistador;final;603.247;1806.263;603.247;366.263;82.647
3111;1;El Conquistador;final;1348.251;1810.163;1348.251;370.163;280.611
3112;1;El Conquistador;final;1373.842;1814.063;1373.842;374.063;297.299
3113;1;El Conquistador;final;1311.33;1817.963;1311.33;377.963;256.178
3114;1;El Conquistador;final;1408.196;1821.863;1408.196;381.863;310.814
3114.1;1;El Conquistador;final;1534.463;2796.996;94.463;1356.996;82.337
3115;1;El Conquistador;final;1292.147;1825.763;1292.147;385.763;250.671
3116;1;El Conquistador;final;1374.308;1829.663;1374.308;389.663;291.215
3116.1;1;El Conquistador;final;1498.497;2759.105;58.497;1319.105;86.42
3117;1;El Conquistador;final;1211.925;1833.563;1211.925;393.563;213.927
3118;1;El Conquistador;final;1386.692;1837.463;1386.692;397.463;279.003
3118.1;1;El Conquistador;final;1461.225;2781.284;21.225;1341.284;59.042
3119;1;El Conquistador;final;1389.63;1841.363;1389.63;401.363;272.616
3120;1;El Conquistador;final;1389.028;1845.263;1389.028;405.263;281.82
3121;1;El Conquistador;final;1247.836;1849.163;1247.836;409.163;235.073
3122;1;El Conquistador;final;1271.917;1853.063;1271.917;413.063;246.437
3123;1;El Conquistador;final;1413.225;1856.963;1413.225;416.963;298.422
3124;1;El Conquistador;final;1172.746;1860.863;1172.746;420.863;197.451
3125;1;El Conquistador;final;1281.393;1864.763;1281.393;424.763;231.204
3126;1;El Conquistador;final;1254.759;1868.663;1254.759;428.663;215.98
3127;1;El Conquistador;final;1168.146;1872.563;1168.146;432.563;189.451
3128;1;El Conquistador;final;1377.653;1876.463;1377.653;436.463;292.304
3129;1;El Conquistador;final;1130.542;1880.363;1130.542;440.363;176.797
3130;1;El Conquistador;final;1481.669;1884.263;41.669;444.263;302.623
3131;1;El Conquistador;final;1271.892;1888.163;1271.892;448.163;210.723
3132;1;El Conquistador;final;1354.898;1888.463;1354.898;448.463;265.816
3132.1;1;El Conquistador;final;1445.9;2763.902;5.9;1323.902;74.416
3133;1;El Conquistador;final;1426.196;1895.963;1426.196;455.963;278.4
3134;1;El Conquistador;final;1390.247;1903.463;1390.247;463.463;258.362
3135;1;El Conquistador;final;1297.272;1910.963;1297.272;470.963;212.27
3136;1;El Conquistador;final;1188.119;1918.463;1188.119;478.463;223.8
3137;1;El Conquistador;final;633.79;1375.233;633.79;1375.233;295.846
3137.1;1;El Conquistador;final;1397.959;2081.033;1397.959;641.033;255.685
3138;1;El Conquistador;final;724.863;1405.233;724.863;1405.233;314.361
3138.1;1;El Conquistador;final;1283.409;2066.075;1283.409;626.075;192.292
3139;1;El Conquistador;final;1266.607;1745.233;1266.607;305.233;295.846
3140;1;El Conquistador;final;1135.816;1755.233;1135.816;315.233;261.073
3140.1;1;El Conquistador;final;1317.455;2512.993;1317.455;1072.993;98.0
3141;1;El Conquistador;final;1242.678;1765.233;1242.678;325.233;275.779
3141.1;1;El Conquistador;final;1477.478;2623.943;37.478;1183.943;124.589
3142;1;El Conquistador;final;1239.792;1775.799;1239.792;335.799;245.68
3142.1;1;El Conquistador;final;1484.718;2648.213;44.718;1208.213;111.445
3143;1;El Conquistador;final;1319.616;1781.083;1319.616;341.083;304.676
3143.1;1;El Conquistador;final;1361.659;2621.561;1361.659;1181.561;86.8
3144;1;El Conquistador;final;1246.346;1786.366;1246.346;346.366;253.387
3145;1;El Conquistador;final;1232.546;1791.649;1232.546;351.649;245.386
3146;1;El Conquistador;final;1284.325;1796.933;1284.325;356.933;256.908
3146.1;1;El Conquistador;final;1497.408;2666.61;57.408;1226.61;120.514
3147;1;El Conquistador;final;1188.386;1802.216;1188.386;362.216;238.044
3148;1;El Conquistador;final;1373.879;1807.499;1373.879;367.499;284.828
3149;1;El Conquistador;final;1284.434;1812.783;1284.434;372.783;255.289
3150;1;El Conquistador;final;1269.434;1823.349;1269.434;383.349;247.288
3151;1;El Conquistador;final;1272.896;1855.233;1272.896;415.233;245.386
3152;1;El Conquistador;final;1319.563;1896.733;1319.563;456.733;253.387
3153;1;El Conquistador;final;1306.23;1903.649;1306.23;463.649;245.386
3154;1;El Conquistador;final;1380.688;1910.566;1380.688;470.566;271.008
3155;1;El Conquistador;final;1273.201;1739.105;1273.201;299.105;292.061
3156;1;El Conquistador;final;1302.059;1746.605;1302.059;306.605;313.009
3156.1;1;El Conquistador;final;1494.893;2697.284;54.893;1257.284;108.091
3157;1;El Conquistador;final;1204.947;1754.105;1204.947;314.105;254.443
3158;1;El Conquistador;final;1287.495;1761.605;1287.495;321.605;277.592
3159;1;El Conquistador;final;1258.83;1769.105;1258.83;329.105;259.951
3160;1;El Conquistador;final;1136.369;1776.605;1136.369;336.605;221.706
3161;1;El Conquistador;final;1280.441;1784.105;1280.441;344.105;280.969
3162;1;El Conquistador;final;1337.141;1791.605;1337.141;351.605;285.371
3162.1;1;El Conquistador;final;1550.175;2726.61;110.175;1286.61;123.238
3163;1;El Conquistador;final;1332.896;1799.105;1332.896;359.105;282.482
3163.1;1;El Conquistador;final;1468.197;2717.213;28.197;1277.213;82.337
3164;1;El Conquistador;final;1363.196;1805.105;1363.196;365.105;285.497
3165;1;El Conquistador;final;1367.495;1811.105;1367.495;371.105;283.1
3166;1;El Conquistador;final;1363.009;1817.105;1363.009;377.105;271.697
3166.1;1;El Conquistador;final;1546.293;2757.284;106.293;1317.284;108.091
3167;1;El Conquistador;final;1421.9;1823.105;1421.9;383.105;300.27
3167.1;1;El Conquistador;final;1463.949;2830.854;23.949;1390.854;31.874
3168;1;El Conquistador;final;1283.938;1829.105;1283.938;389.105;240.346
3169;1;El Conquistador;final;1354.196;1835.105;1354.196;395.105;274.482
3170;1;El Conquistador;final;1139.18;1841.105;1139.18;401.105;198.731
3171;1;El Conquistador;final;1303.047;1847.105;1303.047;407.105;248.936
3172;1;El Conquistador;final;1163.546;1853.105;1163.546;413.105;201.224
3173;1;El Conquistador;final;1450.979;1859.105;10.979;419.105;305.744
3174;1;El Conquistador;final;1311.347;1865.105;1311.347;425.105;248.936
3175;1;El Conquistador;final;1439.534;1871.105;1439.534;431.105;281.93
3175.1;1;El Conquistador;final;1570.447;2824.548;130.447;1384.548;85.151
3176;1;El Conquistador;final;1202.292;1877.105;1202.292;437.105;191.024
3177;1;El Conquistador;final;1212.295;1883.105;1212.295;443.105;204.335
3178;1;El Conquistador;final;1194.792;1889.105;1194.792;449.105;193.517
3179;1;El Conquistador;final;1195.746;1909.105;1195.746;469.105;193.224
3180;1;El Conquistador;final;1204.946;1919.105;1204.946;479.105;193.224
3181;1;El Conquistador;final;1271.599;1929.105;1271.599;489.105;210.361
3182;1;El Conquistador;final;1341.225;1741.233;1341.225;301.233;314.028
3183;1;El Conquistador;final;1336.241;1775.233;1336.241;335.233;290.206
3183.1;1;El Conquistador;final;1569.952;2730.535;129.952;1290.535;133.414
3184;1;El Conquistador;final;1307.046;1785.233;1307.046;345.233;293.423
3185;1;El Conquistador;final;1272.295;1795.233;1272.295;355.233;262.005
3186;1;El Conquistador;final;1381.847;1805.233;1381.847;365.233;304.928
3187;1;El Conquistador;final;1156.692;1855.233;1156.692;415.233;208.959
3188;1;El Conquistador;final;1447.403;1905.233;7.403;465.233;301.766
3189;1;El Conquistador;final;965.869;1478.28;965.869;38.28;293.334
3189.1;1;El Conquistador;final;1413.259;2301.958;1413.259;861.958;190.485
3190;1;El Conquistador;final;1291.188;1748.28;1291.188;308.28;275.111
3191;1;El Conquistador;final;1278.83;1755.78;1278.83;315.78;296.285
3192;1;El Conquistador;final;1302.088;1763.28;1302.088;323.28;275.111
3193;1;El Conquistador;final;1312.702;1770.78;1312.702;330.78;255.583
3194;1;El Conquistador;final;1312.988;1778.28;1312.988;338.28;275.111
3195;1;El Conquistador;final;1188.301;1785.78;1188.301;345.78;201.262
3196;1;El Conquistador;final;1164.333;1793.28;1164.333;353.28;283.106
3196.1;1;El Conquistador;final;1296.701;2575.845;1296.701;1135.845;63.459
3197;1;El Conquistador;final;1386.901;1800.78;1386.901;360.78;312.668
3198;1;El Conquistador;final;1208.301;1808.28;1208.301;368.28;206.967
3199;1;El Conquistador;final;1219.876;1813.563;1219.876;373.563;260.331
3199.1;1;El Conquistador;final;1535.728;2635.748;95.728;1195.748;137.979
3200;1;El Conquistador;final;1331.031;1818.847;1331.031;378.847;313.312
3200.1;1;El Conquistador;final;1380.451;2738.569;1380.451;1298.569;40.563
3201;1;El Conquistador;final;1485.783;1824.13;45.783;384.13;305.274
3202;1;El Conquistador;final;1434.308;1829.413;1434.308;389.413;298.829
3202.1;1;El Conquistador;final;1473.242;2829.284;33.242;1389.284;40.037
3203;1;El Conquistador;final;1327.746;1834.697;1327.746;394.697;273.712
3204;1;El Conquistador;final;1136.768;1839.98;1136.768;399.98;211.307
3205;1;El Conquistador;final;1303.265;1845.263;1303.265;405.263;268.405
3206;1;El Conquistador;final;1377.901;1850.547;1377.901;410.547;256.216
3207;1;El Conquistador;final;1307.517;1855.83;1307.517;415.83;217.854
3208;1;El Conquistador;final;1379.068;1861.113;1379.068;421.113;249.532
3209;1;El Conquistador;final;1440.901;1866.397;0.901;426.397;303.652
3210;1;El Conquistador;final;1155.885;1871.68;1155.885;431.68;204.777
3211;1;El Conquistador;final;1318.522;1876.963;1318.522;436.963;227.076
3212;1;El Conquistador;final;1178.385;1882.247;1178.385;442.247;204.624
3213;1;El Conquistador;final;1185.885;1887.53;1185.885;447.53;204.624
3214;1;El Conquistador;final;1188.355;1892.813;1188.355;452.813;200.861
3215;1;El Conquistador;final;1191.885;1898.28;1191.885;458.28;211.703
3216;1;El Conquistador;final;1223.385;1905.197;1223.385;465.197;218.234
3217;1;El Conquistador;final;1262.849;1919.03;1262.849;479.03;219.457
3218;1;El Conquistador;final;1215.885;1925.947;1215.885;485.947;205.449
3219;1;El Conquistador;final;1281.603;1932.863;1281.603;492.863;253.183
3220;1;El Conquistador;final;1223.385;1939.78;1223.385;499.78;205.449
3221;1;El Conquistador;final;1452.813;1960.53;12.813;520.53;313.846
3221.1;1;El Conquistador;final;1482.418;2793.575;42.418;1353.575;61.735
3222;1;El Conquistador;final;1253.385;1974.363;1253.385;534.363;205.602
3223;1;El Conquistador;final;1394.799;1988.28;1394.799;548.28;250.526
3223.1;1;El Conquistador;final;1539.071;2770.993;99.071;1330.993;98.0
3224;1;El Conquistador;intermedia;883.3;975.0;883.3;975.0;302.308
3224;2;El Conquistador;final;1267.903;1432.714;1267.903;1432.714;112.121
3225;1;El Conquistador;final;1269.682;1717.714;1269.682;277.714;289.027
3225.1;1;El Conquistador;final;1481.856;2591.455;41.856;1151.455;139.71
3226;1;El Conquistador;final;1194.916;1725.214;1194.916;285.214;276.154
3226.1;1;El Conquistador;final;1533.041;2567.493;93.041;1127.493;165.436
3227;1;El Conquistador;final;1320.202;1732.714;1320.202;292.714;271.404
3227.1;1;El Conquistador;final;1492.354;2743.635;52.354;1303.635;98.346
3228;1;El Conquistador;final;1173.052;1740.214;1173.052;300.214;270.256
3229;1;El Conquistador;final;1215.182;1747.714;1215.182;307.714;312.825
3229.1;1;El Conquistador;final;1587.071;2531.455;147.071;1091.455;207.163
3230;1;El Conquistador;final;1342.791;1755.214;1342.791;315.214;313.597
3230.1;1;El Conquistador;final;1481.296;2726.61;41.296;1286.61;91.057
3231;1;El Conquistador;final;1293.041;1762.714;1293.041;322.714;281.731
3232;1;El Conquistador;final;1314.118;1768.714;1314.118;328.714;278.963
3232.1;1;El Conquistador;final;1536.118;2718.28;96.118;1278.28;111.445
3233;1;El Conquistador;final;1372.485;1774.714;1372.485;334.714;306.251
3233.1;1;El Conquistador;final;1441.968;2692.714;1.968;1252.714;88.887
3234;1;El Conquistador;final;1292.685;1780.714;1292.685;340.714;280.189
3235;1;El Conquistador;final;1286.535;1786.714;1286.535;346.714;283.15
3236;1;El Conquistador;final;1410.552;1792.714;1410.552;352.714;305.822
3237;1;El Conquistador;final;1248.585;1798.714;1248.585;358.714;234.054
3238;1;El Conquistador;final;1277.251;1804.714;1277.251;364.714;277.202
3239;1;El Conquistador;final;1257.7;1810.714;1257.7;370.714;296.003
3239.1;1;El Conquistador;final;1359.083;2664.902;1359.083;1224.902;74.416
3240;1;El Conquistador;final;1391.215;1816.714;1391.215;376.714;285.05
3241;1;El Conquistador;final;1339.868;1822.714;1339.868;382.714;289.834
3242;1;El Conquistador;final;1327.251;1828.714;1327.251;388.714;277.049
3243;1;El Conquistador;final;1320.688;1834.714;1320.688;394.714;273.286
3244;1;El Conquistador;final;1267.251;1840.714;1267.251;400.714;227.953
3245;1;El Conquistador;final;1279.868;1846.714;1279.868;406.714;234.054
3246;1;El Conquistador;final;1413.522;1912.714;1413.522;472.714;299.501
3246.1;1;El Conquistador;final;1502.916;2727.722;62.916;1287.722;99.121
3247;1;El Conquistador;final;1266.535;2482.714;1266.535;1042.714;88.457
3248;1;La Reina;final;1359.285;1754.893;1359.285;314.893;276.484
3249;1;La Reina;final;1315.896;1784.893;1315.896;344.893;266.097
3249.1;1;La Reina;final;1474.279;2720.355;34.279;1280.355;78.205
3250;1;La Reina;final;1251.981;1814.893;1251.981;374.893;246.724
3250.1;1;La Reina;final;1575.405;2653.856;135.405;1213.856;180.334
3251;1;La Reina;final;1429.645;1829.893;1429.645;389.893;308.866
3252;1;La Reina;final;1156.168;1844.893;1156.168;404.893;199.882
3253;1;La Reina;final;1336.927;1859.893;1336.927;419.893;269.439
3254;1;La Reina;final;1330.722;1874.893;1330.722;434.893;256.377
3255;1;La Reina;final;1246.805;1889.893;1246.805;449.893;201.285
3256;1;La Reina;final;1516.288;1904.893;76.288;464.893;308.372
3257;1;Los Espinos + Santa Rosa;final;639.875;1384.598;639.875;1384.598;300.773
3257.1;1;Los Espinos + Santa Rosa;final;1283.558;1982.332;1283.558;542.332;229.212
3258;1;Los Espinos + Santa Rosa;final;679.992;1414.598;679.992;1414.598;310.808
3258.1;1;Los Espinos + Santa Rosa;final;1455.719;2086.526;15.719;646.526;258.077
3259;1;Los Espinos + Santa Rosa;final;660.859;1444.598;660.859;4.598;285.127
3259.1;1;Los Espinos + Santa Rosa;final;1431.687;2041.609;1431.687;601.609;268.976
3260;1;Los Espinos + Santa Rosa;final;680.992;1469.132;680.992;29.132;284.446
3260.1;1;Los Espinos + Santa Rosa;final;1285.337;2088.859;1285.337;648.859;203.251
3261;1;Los Espinos + Santa Rosa;final;1156.754;1616.332;1156.754;176.332;313.954
3261.1;1;Los Espinos + Santa Rosa;final;1282.342;2494.598;1282.342;1054.598;98.885
3262;1;Los Espinos + Santa Rosa;final;1258.453;1714.465;1258.453;274.465;302.067
3262.1;1;Los Espinos + Santa Rosa;final;1387.742;2609.113;1387.742;1169.113;86.224
3263;1;Los Espinos + Santa Rosa;final;1225.027;1714.598;1225.027;274.598;281.483
3263.1;1;Los Espinos + Santa Rosa;final;1359.081;2576.392;1359.081;1136.392;90.272
3264;1;Los Espinos + Santa Rosa;final;1169.525;1719.598;1169.525;279.598;285.223
3264.1;1;Los Espinos + Santa Rosa;final;1311.887;2518.193;1311.887;1078.193;99.365
3265;1;Los Espinos + Santa Rosa;final;1156.475;1724.598;1156.475;284.598;283.349
3265.1;1;Los Espinos + Santa Rosa;final;1273.07;2503.643;1273.07;1063.643;84.512
3266;1;Los Espinos + Santa Rosa;final;1249.684;1729.598;1249.684;289.598;303.481
3266.1;1;Los Espinos + Santa Rosa;final;1336.267;2609.274;1336.267;1169.274;76.146
3267;1;Los Espinos + Santa Rosa;final;1183.025;1734.598;1183.025;294.598;284.446
3267.1;1;Los Espinos + Santa Rosa;final;1300.32;2530.893;1300.32;1090.893;84.512
3268;1;Los Espinos + Santa Rosa;final;1227.209;1739.598;1227.209;299.598;306.657
3268.1;1;Los Espinos + Santa Rosa;final;1469.342;2571.526;29.342;1131.526;149.343
3269;1;Los Espinos + Santa Rosa;final;1198.025;1744.598;1198.025;304.598;283.349
3269.1;1;Los Espinos + Santa Rosa;final;1510.953;2541.793;70.953;1101.793;168.06
3270;1;Los Espinos + Santa Rosa;final;1203.025;1749.598;1203.025;309.598;283.349
3270.1;1;Los Espinos + Santa Rosa;final;1519.32;2547.243;79.32;1107.243;165.09
3271;1;Los Espinos + Santa Rosa;final;1315.587;1754.598;1315.587;314.598;303.163
3272;1;Los Espinos + Santa Rosa;final;1240.542;1759.598;1240.542;319.598;283.349
3272.1;1;Los Espinos + Santa Rosa;final;1456.592;2585.393;16.592;1145.393;127.908
3273;1;Los Espinos + Santa Rosa;final;1223.025;1764.598;1223.025;324.598;283.349
3273.1;1;Los Espinos + Santa Rosa;final;1560.021;2570.193;120.021;1130.193;181.039
3274;1;Los Espinos + Santa Rosa;final;1327.57;1769.598;1327.57;329.598;302.067
3275;1;Los Espinos + Santa Rosa;final;1260.542;1774.598;1260.542;334.598;285.223
3275.1;1;Los Espinos + Santa Rosa;final;1559.32;2607.193;119.32;1167.193;165.09
3276;1;Los Espinos + Santa Rosa;final;594.792;1779.332;594.792;339.332;98.885
3277;1;Los Espinos + Santa Rosa;final;1267.209;1784.065;1267.209;344.065;285.223
3277.1;1;Los Espinos + Santa Rosa;final;1489.375;2618.093;49.375;1178.093;126.035
3278;1;Los Espinos + Santa Rosa;final;1244.525;1788.798;1244.525;348.798;261.915
3278.1;1;Los Espinos + Santa Rosa;final;1385.221;2591.526;1385.221;1151.526;99.365
3279;1;Los Espinos + Santa Rosa;final;1375.587;1793.532;1375.587;353.532;304.26
3280;1;Los Espinos + Santa Rosa;final;1255.425;1798.265;1255.425;358.265;263.788
3280.1;1;Los Espinos + Santa Rosa;final;1398.554;2604.859;1398.554;1164.859;99.365
3281;1;Los Espinos + Santa Rosa;final;1268.025;1802.998;1268.025;362.998;264.108
3281.1;1;Los Espinos + Santa Rosa;final;1397.987;2618.193;1397.987;1178.193;99.365
3282;1;Los Espinos + Santa Rosa;final;1292.709;1807.732;1292.709;367.732;284.446
3283;1;Los Espinos + Santa Rosa;final;1299.375;1812.465;1299.375;372.465;283.349
3284;1;Los Espinos + Santa Rosa;final;1337.642;1817.198;1337.642;377.198;306.657
3285;1;Los Espinos + Santa Rosa;final;1319.375;1821.932;1319.375;381.932;283.349
3285.1;1;Los Espinos + Santa Rosa;final;1516.592;2663.193;76.592;1223.193;127.908
3286;1;Los Espinos + Santa Rosa;final;1299.025;1826.665;1299.025;386.665;265.982
3287;1;Los Espinos + Santa Rosa;final;1279.375;1831.398;1279.375;391.398;263.012
3288;1;Los Espinos + Santa Rosa;final;1291.742;1836.132;1291.742;396.132;261.915
3289;1;Los Espinos + Santa Rosa;final;1303.742;1840.865;1303.742;400.865;263.012
3289.1;1;Los Espinos + Santa Rosa;final;1541.342;2651.943;101.342;1211.943;149.343
3290;1;Los Espinos + Santa Rosa;final;1252.004;1845.598;1252.004;405.598;256.679
3291;1;Los Espinos + Santa Rosa;final;1315.742;1850.332;1315.742;410.332;261.915
3292;1;Los Espinos + Santa Rosa;final;1366.042;1855.065;1366.042;415.065;283.349
3293;1;Los Espinos + Santa Rosa;final;1332.709;1859.798;1332.709;419.798;260.041
3294;1;Los Espinos + Santa Rosa;final;1191.12;1864.598;1191.12;424.598;221.489
3295;1;Los Espinos + Santa Rosa;final;1425.537;1873.598;1425.537;433.598;300.193
3295.1;1;Los Espinos + Santa Rosa;final;1523.642;2779.647;83.642;1339.647;84.35
3296;1;Los Espinos + Santa Rosa;final;1274.07;1900.598;1274.07;460.598;242.923
3297;1;Los Espinos + Santa Rosa;final;1282.453;1909.598;1282.453;469.598;241.826
3298;1;Los Espinos + Santa Rosa;final;701.742;1388.193;701.742;1388.193;310.499
3298.1;1;Los Espinos + Santa Rosa;final;1474.354;2105.776;34.354;665.776;260.521
3299;1;Los Espinos + Santa Rosa;final;758.042;1418.193;758.042;1418.193;310.499
3299.1;1;Los Espinos + Santa Rosa;final;1277.653;2170.859;1277.653;730.859;165.09
3300;1;Los Espinos + Santa Rosa;final;694.78;1448.193;694.78;8.193;291.402
3300.1;1;Los Espinos + Santa Rosa;final;1535.813;2141.63;95.813;701.63;282.11
3301;1;Los Espinos + Santa Rosa;final;1243.158;1728.193;1243.158;288.193;293.97
3302;1;Los Espinos + Santa Rosa;final;1211.158;1748.193;1211.158;308.193;286.702
3302.1;1;Los Espinos + Santa Rosa;final;1483.825;2545.665;43.825;1105.665;158.807
3303;1;Los Espinos + Santa Rosa;final;1339.375;1758.193;1339.375;318.193;311.596
3303.1;1;Los Espinos + Santa Rosa;final;1536.592;2682.443;96.592;1242.443;129.005
3304;1;Los Espinos + Santa Rosa;final;1287.253;1778.193;1287.253;338.193;292.284
3305;1;Los Espinos + Santa Rosa;final;1267.62;1787.193;1267.62;347.193;292.284
3306;1;Los Espinos + Santa Rosa;final;1386.042;1796.193;1386.042;356.193;313.469
3307;1;Los Espinos + Santa Rosa;final;1392.709;1805.193;1392.709;365.193;313.469
3308;1;Los Espinos + Santa Rosa;final;1380.842;1814.193;1380.842;374.193;312.372
3308.1;1;Los Espinos + Santa Rosa;final;1472.631;2726.425;32.631;1286.425;90.272
3309;1;Los Espinos + Santa Rosa;final;1325.221;1823.193;1325.221;383.193;307.137
3310;1;Los Espinos + Santa Rosa;final;1312.004;1832.193;1312.004;392.193;283.829
3311;1;Los Espinos + Santa Rosa;final;1378.554;1923.526;1378.554;483.526;283.829
3312;1;Los Espinos + Santa Rosa;final;1298.671;1725.753;1298.671;285.753;311.131
3313;1;Los Espinos + Santa Rosa;final;1305.337;1735.753;1305.337;295.753;310.034
3313.1;1;Los Espinos + Santa Rosa;final;1419.525;2644.598;1419.525;1204.598;98.885
3314;1;Los Espinos + Santa Rosa;final;1231.735;1745.753;1231.735;305.753;301.216
3314.1;1;Los Espinos + Santa Rosa;final;1380.202;2609.766;1380.202;1169.766;103.55
3315;1;Los Espinos + Santa Rosa;final;1256.46;1755.753;1256.46;315.753;268.232
3315.1;1;Los Espinos + Santa Rosa;final;1382.31;2630.17;1382.31;1190.17;84.764
3316;1;Los Espinos + Santa Rosa;final;1232.394;1765.753;1232.394;325.753;288.114
3316.1;1;Los Espinos + Santa Rosa;final;1574.628;2582.311;134.628;1142.311;189.909
3317;1;Los Espinos + Santa Rosa;final;1289.284;1775.753;1289.284;335.753;309.332
3318;1;Los Espinos + Santa Rosa;final;1333.02;1787.003;1333.02;347.003;293.307
3318.1;1;Los Espinos + Santa Rosa;final;1532.653;2685.363;92.653;1245.363;125.279
3319;1;Los Espinos + Santa Rosa;final;1253.875;1798.253;1253.875;358.253;279.434
3319.1;1;Los Espinos + Santa Rosa;final;1371.17;2601.743;1371.17;1161.743;84.512
3320;1;Los Espinos + Santa Rosa;final;1298.402;1809.503;1298.402;369.503;296.124
3320.1;1;Los Espinos + Santa Rosa;final;1538.249;2680.533;98.249;1240.533;147.589
3321;1;Los Espinos + Santa Rosa;final;1367.294;1820.753;1367.294;380.753;275.032
3322;1;Los Espinos + Santa Rosa;final;1349.534;1865.753;1349.534;425.753;297.113
3322.1;1;Los Espinos + Santa Rosa;final;1492.684;2716.424;52.684;1276.424;107.573
3323;1;Los Espinos + Santa Rosa;final;1344.394;1778.311;1344.394;338.311;271.335
3324;1;Los Espinos + Santa Rosa;final;1302.127;1789.561;1302.127;349.561;297.523
3324.1;1;Los Espinos + Santa Rosa;final;1412.081;2649.292;1412.081;1209.292;90.272
3325;1;Los Espinos + Santa Rosa;final;1396.1;1812.061;1396.1;372.061;277.119
3325.1;1;Los Espinos + Santa Rosa;final;1507.794;2756.4;67.794;1316.4;90.063
3326;1;Los Espinos + Santa Rosa;final;1384.394;1834.561;1384.394;394.561;271.335
3327;1;Los Espinos + Santa Rosa;final;1394.394;1845.811;1394.394;405.811;271.335
3328;1;Los Espinos + Santa Rosa;final;1522.288;1924.561;82.288;484.561;313.517
3329;1;Los Espinos + Santa Rosa;final;1437.719;1935.811;1437.719;495.811;275.79
3330;1;Los Espinos + Santa Rosa;final;1298.554;1725.408;1298.554;285.408;309.668
3331;1;Los Espinos + Santa Rosa;final;1276.46;1733.975;1276.46;293.975;265.992
3331.1;1;Los Espinos + Santa Rosa;final;1427.626;2646.604;1427.626;1206.604;101.105
3332;1;Los Espinos + Santa Rosa;final;1264.402;1742.541;1264.402;302.541;266.237
3333;1;Los Espinos + Santa Rosa;final;1287.681;1751.108;1287.681;311.108;295.331
3334;1;Los Espinos + Santa Rosa;final;1280.665;1759.675;1280.665;319.675;295.331
3335;1;Los Espinos + Santa Rosa;final;1273.877;1768.241;1273.877;328.241;265.992
3335.1;1;Los Espinos + Santa Rosa;final;1418.445;2646.357;1418.445;1206.357;91.194
3336;1;Los Espinos + Santa Rosa;final;1343.92;1776.808;1343.92;336.808;314.375
3336.1;1;Los Espinos + Santa Rosa;final;1545.987;2698.213;105.987;1258.213;125.279
3337;1;Los Espinos + Santa Rosa;final;1247.209;1785.375;1247.209;345.375;278.291
3337.1;1;Los Espinos + Santa Rosa;final;1363.587;2594.193;1363.587;1154.193;85.608
3338;1;Los Espinos + Santa Rosa;final;594.511;1785.408;594.511;345.408;90.526
3339;1;Los Espinos + Santa Rosa;final;1237.51;1791.025;1237.51;351.025;227.425
3340;1;Los Espinos + Santa Rosa;final;1208.902;1796.641;1208.902;356.641;260.398
3341;1;Los Espinos + Santa Rosa;final;1391.887;1802.258;1391.887;362.258;307.017
3341.1;1;Los Espinos + Santa Rosa;final;1493.342;2728.598;53.342;1288.598;98.885
3342;1;Los Espinos + Santa Rosa;final;616.977;1807.875;616.977;367.875;90.526
3343;1;Los Espinos + Santa Rosa;final;1310.442;1813.491;1310.442;373.491;308.516
3343.1;1;Los Espinos + Santa Rosa;final;1430.593;2753.008;1430.593;1313.008;56.977
3344;1;Los Espinos + Santa Rosa;final;1293.4;1819.108;1293.4;379.108;307.356
3344.1;1;Los Espinos + Santa Rosa;final;1354.502;2644.845;1354.502;1204.845;71.792
3345;1;Los Espinos + Santa Rosa;final;1286.183;1824.725;1286.183;384.725;204.493
3346;1;Los Espinos + Santa Rosa;final;1250.6;1830.341;1250.6;390.341;272.154
3347;1;Los Espinos + Santa Rosa;final;1386.687;1841.575;1386.687;401.575;292.164
3348;1;Los Espinos + Santa Rosa;final;1367.352;1847.191;1367.352;407.191;302.45
3348.1;1;Los Espinos + Santa Rosa;final;1503.052;2744.971;63.052;1304.971;99.177
3349;1;Los Espinos + Santa Rosa;final;1319.134;1858.425;1319.134;418.425;272.154
3350;1;Los Espinos + Santa Rosa;final;1320.665;1869.658;1320.665;429.658;258.955
3351;1;Los Espinos + Santa Rosa;final;1312.127;1875.275;1312.127;435.275;249.497
3352;1;Los Espinos + Santa Rosa;final;1245.804;1729.292;1245.804;289.292;296.524
3352.1;1;Los Espinos + Santa Rosa;final;1321.555;2646.561;1321.555;1206.561;48.555
3353;1;Los Espinos + Santa Rosa;final;1228.426;1739.292;1228.426;299.292;300.149
3353.1;1;Los Espinos + Santa Rosa;final;1290.617;2558.587;1290.617;1118.587;70.003
3354;1;Los Espinos + Santa Rosa;final;1254.7;1749.292;1254.7;309.292;285.162
3354.1;1;Los Espinos + Santa Rosa;final;1489.765;2616.4;49.765;1176.4;135.897
3355;1;Los Espinos + Santa Rosa;final;1149.694;1759.292;1149.694;319.292;273.272
3355.1;1;Los Espinos + Santa Rosa;final;1281.981;2499.292;1281.981;1059.292;90.272
3356;1;Los Espinos + Santa Rosa;final;1271.681;1769.292;1271.681;329.292;285.62
3357;1;Los Espinos + Santa Rosa;final;1295.681;1779.292;1295.681;339.292;285.62
3358;1;Los Espinos + Santa Rosa;final;1292.127;1787.458;1292.127;347.458;301.083
3359;1;Los Espinos + Santa Rosa;final;1280.034;1795.625;1280.034;355.625;298.993
3359.1;1;Los Espinos + Santa Rosa;final;1400.811;2639.25;1400.811;1199.25;90.063
3360;1;Los Espinos + Santa Rosa;final;1228.217;1803.792;1228.217;363.792;265.122
3361;1;Los Espinos + Santa Rosa;final;1342.735;1811.958;1342.735;371.958;311.984
3361.1;1;Los Espinos + Santa Rosa;final;1432.684;2724.971;1432.684;1284.971;72.498
3362;1;Los Espinos + Santa Rosa;final;1309.719;1820.125;1309.719;380.125;287.949
3363;1;Los Espinos + Santa Rosa;final;1232.75;1828.292;1232.75;388.292;250.987
3364;1;Los Espinos + Santa Rosa;final;1400.994;1836.458;1400.994;396.458;312.531
3364.1;1;Los Espinos + Santa Rosa;final;1481.935;2746.405;41.935;1306.405;85.905
3365;1;Los Espinos + Santa Rosa;final;1324.217;1844.625;1324.217;404.625;265.122
3366;1;Los Espinos + Santa Rosa;final;1336.234;1860.958;1336.234;420.958;299.846
3366.1;1;Los Espinos + Santa Rosa;final;1502.402;2683.395;62.402;1243.395;116.27
3367;1;Los Espinos + Santa Rosa;final;1401.915;1914.292;1401.915;474.292;285.62
3368;1;Los Espinos + Santa Rosa;final;1462.31;1925.542;22.31;485.542;279.012
3368.1;1;Los Espinos + Santa Rosa;final;1541.935;2806.405;101.935;1366.405;85.905
3369;1;Los Espinos + Santa Rosa;final;1311.735;1936.792;1311.735;496.792;255.983
3370;1;El Conquistador;final;1245.859;1406.61;1245.859;1406.61;306.31
3370.1;1;El Conquistador;final;1474.126;2643.284;34.126;1203.284;119.433
3371;1;El Conquistador;final;1229.059;1436.61;1229.059;1436.61;308.518
3372;1;El Conquistador;final;1262.292;1736.61;1262.292;296.61;277.753
3372.1;1;El Conquistador;final;1453.878;2656.134;13.878;1216.134;104.308
3373;1;El Conquistador;final;1175.959;1745.177;1175.959;305.177;250.865
3374;1;El Conquistador;final;1297.883;1762.31;1297.883;322.31;278.498
3375;1;El Conquistador;final;1392.238;1770.877;1392.238;330.877;314.514
3375.1;1;El Conquistador;final;1511.533;2720.152;71.533;1280.152;109.066
3376;1;El Conquistador;final;1331.525;1779.443;1331.525;339.443;279.325
3376.1;1;El Conquistador;final;1484.285;2738.28;44.285;1298.28;89.054
3377;1;El Conquistador;final;1324.541;1788.01;1324.541;348.01;294.115
3377.1;1;El Conquistador;final;1542.659;2711.61;102.659;1271.61;120.274
3378;1;El Conquistador;final;1269.568;1796.577;1269.568;356.577;252.768
3379;1;El Conquistador;final;1375.941;1796.61;1375.941;356.61;303.904
3379.1;1;El Conquistador;final;1522.252;2764.24;82.252;1324.24;94.81
3380;1;El Conquistador;final;1422.021;1802.227;1422.021;362.227;314.845
3380.1;1;El Conquistador;final;1480.735;2751.552;40.735;1311.552;83.336
3381;1;El Conquistador;final;1314.55;1807.843;1314.55;367.843;266.427
3382;1;El Conquistador;final;1359.068;1813.46;1359.068;373.46;295.834
3383;1;El Conquistador;final;1253.747;1819.077;1253.747;379.077;295.546
3383.1;1;El Conquistador;final;1470.552;2657.569;30.552;1217.569;112.33
3384;1;El Conquistador;final;1322.979;1824.693;1322.979;384.693;270.988
3385;1;El Conquistador;final;1441.905;1830.31;1.905;390.31;314.404
3385.1;1;El Conquistador;final;1497.868;2768.685;57.868;1328.685;83.336
3386;1;El Conquistador;final;1257.659;1835.927;1257.659;395.927;253.877
3387;1;El Conquistador;final;1155.209;1841.543;1155.209;401.543;209.465
3388;1;El Conquistador;final;1336.203;1847.16;1336.203;407.16;310.567
3389;1;El Conquistador;final;1303.362;1852.777;1303.362;412.777;274.509
3390;1;El Conquistador;final;1474.338;1864.01;34.338;424.01;311.789
3390.1;1;El Conquistador;final;1532.135;2802.952;92.135;1362.952;83.336
3391;1;El Conquistador;final;1250.509;1880.86;1250.509;440.86;242.343
3392;1;El Conquistador;final;1456.993;1922.61;16.993;482.61;298.215
3392.1;1;El Conquistador;final;1577.43;2853.217;137.43;1413.217;75.651
3393;1;El Conquistador;final;710.438;1367.881;710.438;1367.881;285.174
3393.1;1;El Conquistador;final;1274.521;2055.985;1274.521;615.985;231.657
3394;1;El Conquistador;final;799.458;1397.881;799.458;1397.881;265.885
3394.1;1;El Conquistador;final;1547.139;2246.61;107.139;806.61;269.268
3395;1;El Conquistador;final;1239.575;1717.881;1239.575;277.881;265.885
3395.1;1;El Conquistador;final;1462.551;2627.548;22.551;1187.548;112.599
3396;1;El Conquistador;final;1212.425;1727.881;1212.425;287.881;270.225
3396.1;1;El Conquistador;final;1388.379;2592.91;1388.379;1152.91;94.222
3397;1;El Conquistador;final;1179.141;1737.881;1179.141;297.881;269.116
3397.1;1;El Conquistador;final;1560.212;2560.21;120.212;1120.21;181.797
3398;1;El Conquistador;final;1322.671;1747.881;1322.671;307.881;288.23
3399;1;El Conquistador;final;1283.175;1757.881;1283.175;317.881;265.885
3400;1;El Conquistador;final;1257.141;1764.297;1257.141;324.297;267.5
3401;1;El Conquistador;final;1292.425;1770.714;1292.425;330.714;278.17
3401.1;1;El Conquistador;final;1493.825;2672.61;53.825;1232.61;115.733
3402;1;El Conquistador;final;1334.071;1777.131;1334.071;337.131;285.065
3403;1;El Conquistador;final;1254.434;1783.547;1254.434;343.547;259.826
3404;1;El Conquistador;final;1365.165;1789.964;1365.165;349.964;305.78
3404.1;1;El Conquistador;final;1509.225;2762.89;69.225;1322.89;86.789
3405;1;El Conquistador;final;1338.572;1796.381;1338.572;356.381;286.613
3406;1;El Conquistador;final;1351.406;1802.797;1351.406;362.797;301.485
3406.1;1;El Conquistador;final;1501.418;2755.413;61.418;1315.413;89.054
3407;1;El Conquistador;final;1345.682;1809.214;1345.682;369.214;286.625
3408;1;El Conquistador;final;1286.741;1815.631;1286.741;375.631;270.225
3408.1;1;El Conquistador;final;1491.259;2666.61;51.259;1226.61;117.109
3409;1;El Conquistador;final;1231.175;1828.464;1231.175;388.464;263.276
3410;1;El Conquistador;final;1347.021;1834.881;1347.021;394.881;288.23
3410.1;1;El Conquistador;final;1542.871;2674.402;102.871;1234.402;142.357
3411;1;El Conquistador;final;1288.009;1841.297;1288.009;401.297;268.905
3411.1;1;El Conquistador;final;1475.292;2681.834;35.292;1241.834;93.49
3412;1;El Conquistador;final;1413.462;2477.881;1413.462;1037.881;156.798
3413;1;La Reina;final;1386.296;1824.581;1386.296;384.581;286.467
3413.1;1;La Reina;final;1475.929;2789.755;35.929;1349.755;60.526
3414;1;La Reina;final;1459.329;1840.915;19.329;400.915;295.155
3415;1;La Reina;final;1364.679;1873.581;1364.679;433.581;291.397
3415.1;1;La Reina;final;1450.831;2772.621;10.831;1332.621;58.249
3416;1;La Reina;final;1318.107;1873.748;1318.107;433.748;248.209
3417;1;La Reina;final;1453.176;2423.748;13.176;983.748;161.174
3418;1;La Reina;final;1310.212;2433.748;1310.212;993.748;106.955
3419;1;La Reina;final;1232.496;2443.748;1232.496;1003.748;81.29
3420;1;La Reina;final;1327.255;1748.355;1327.255;308.355;275.795
3421;1;La Reina;final;1264.812;1758.355;1264.812;318.355;266.522
3422;1;La Reina;final;1294.63;1768.355;1294.63;328.355;280.306
3423;1;La Reina;final;1369.946;1778.355;1369.946;338.355;294.138
3424;1;La Reina;final;1209.24;1788.355;1209.24;348.355;251.447
3425;1;La Reina;final;1428.235;1798.355;1428.235;358.355;306.279
3426;1;La Reina;final;1373.446;1808.355;1373.446;368.355;314.134
3426.1;1;La Reina;final;1467.462;2778.355;27.462;1338.355;58.518
3427;1;La Reina;final;1384.985;1817.355;1384.985;377.355;306.087
3427.1;1;La Reina;final;1473.819;2806.657;33.819;1366.657;48.341
3428;1;La Reina;final;1347.975;1835.355;1347.975;395.355;276.102
3428.1;1;La Reina;final;1508.792;2748.856;68.792;1308.856;112.12
3429;1;La Reina;final;1340.45;1844.355;1340.45;404.355;282.088
3430;1;La Reina;final;1399.146;1862.355;1399.146;422.355;302.528
3430.1;1;La Reina;final;1479.063;2805.021;39.063;1365.021;49.471
3431;1;La Reina;final;1421.812;1871.355;1421.812;431.355;313.927
3432;1;La Reina;final;1400.624;1880.355;1400.624;440.355;266.758
3433;1;La Reina;final;1456.762;1889.355;16.762;449.355;311.697
3434;1;La Reina;final;1261.574;1898.355;1261.574;458.355;214.114
3435;1;Los Espinos + Santa Rosa;final;514.338;1376.634;514.338;1376.634;278.928
3435.1;1;Los Espinos + Santa Rosa;final;1410.928;1889.523;1410.928;449.523;279.158
3436;1;Los Espinos + Santa Rosa;final;599.867;1406.634;599.867;1406.634;288.431
3436.1;1;Los Espinos + Santa Rosa;final;1353.633;1971.604;1353.633;531.604;254.717
3437;1;Los Espinos + Santa Rosa;final;612.493;1436.634;612.493;1436.634;276.652
3437.1;1;Los Espinos + Santa Rosa;final;1287.51;2000.17;1287.51;560.17;173.839
3438;1;Los Espinos + Santa Rosa;final;1302.426;1716.634;1302.426;276.634;294.698
3439;1;Los Espinos + Santa Rosa;final;1255.921;1726.634;1255.921;286.634;278.928
3439.1;1;Los Espinos + Santa Rosa;final;1403.445;2631.357;1403.445;1191.357;91.194
3440;1;Los Espinos + Santa Rosa;final;1262.588;1746.634;1262.588;306.634;278.928
3441;1;Los Espinos + Santa Rosa;final;1275.921;1756.634;1275.921;316.634;278.928
3442;1;Los Espinos + Santa Rosa;final;1220.259;1766.634;1220.259;326.634;272.471
3443;1;Los Espinos + Santa Rosa;final;1237.009;1771.367;1237.009;331.367;272.598
3443.1;1;Los Espinos + Santa Rosa;final;1587.213;2557.071;147.213;1117.071;200.891
3444;1;Los Espinos + Santa Rosa;final;1289.638;1776.1;1289.638;336.1;279.415
3445;1;Los Espinos + Santa Rosa;final;1348.709;1780.834;1348.709;340.834;294.904
3445.1;1;Los Espinos + Santa Rosa;final;1429.761;2751.524;1429.761;1311.524;54.344
3446;1;Los Espinos + Santa Rosa;final;1298.204;1785.567;1298.204;345.567;279.415
3447;1;Los Espinos + Santa Rosa;final;1315.338;1790.3;1315.338;350.3;279.201
3448;1;Los Espinos + Santa Rosa;final;1210.228;1795.034;1210.228;355.034;244.669
3449;1;Los Espinos + Santa Rosa;final;1187.826;1799.767;1187.826;359.767;232.162
3450;1;Los Espinos + Santa Rosa;final;1323.904;1804.5;1323.904;364.5;279.201
3451;1;Los Espinos + Santa Rosa;final;1206.259;1809.234;1206.259;369.234;232.162
3452;1;Los Espinos + Santa Rosa;final;1387.259;1813.967;1387.259;373.967;294.69
3452.1;1;Los Espinos + Santa Rosa;final;1481.161;2791.524;41.161;1351.524;54.344
3453;1;Los Espinos + Santa Rosa;final;1380.309;1818.7;1380.309;378.7;294.69
3454;1;Los Espinos + Santa Rosa;final;1236.895;1823.434;1236.895;383.434;244.669
3455;1;Los Espinos + Santa Rosa;final;1349.604;1828.167;1349.604;388.167;279.201
3456;1;Los Espinos + Santa Rosa;final;1358.171;1832.9;1358.171;392.9;279.201
3457;1;Los Espinos + Santa Rosa;final;1366.738;1837.634;1366.738;397.634;279.201
3458;1;Los Espinos + Santa Rosa;final;1383.871;1847.1;1383.871;407.1;279.201
3459;1;Los Espinos + Santa Rosa;final;1290.228;1856.567;1290.228;416.567;244.669
3460;1;Los Espinos + Santa Rosa;final;1261.287;1856.634;1261.287;416.634;246.456
3461;1;Los Espinos + Santa Rosa;final;1404.238;1906.634;1404.238;466.634;278.714
3462;1;Los Espinos + Santa Rosa;final;1284.394;1916.634;1284.394;476.634;238.086
3463;1;Los Espinos + Santa Rosa;final;1202.426;1926.634;1202.426;486.634;200.609
3464;1;Los Espinos + Santa Rosa;final;514.56;1401.357;514.56;1401.357;273.061
3464.1;1;Los Espinos + Santa Rosa;final;1284.867;1855.155;1284.867;415.155;274.09
3465;1;Los Espinos + Santa Rosa;final;666.16;1431.357;666.16;1431.357;311.628
3465.1;1;Los Espinos + Santa Rosa;final;1251.408;2090.17;1251.408;650.17;144.318
3466;1;Los Espinos + Santa Rosa;intermedia;792.442;818.0;792.442;818.0;307.74
3466;2;Los Espinos + Santa Rosa;intermedia;985.158;999.0;985.158;999.0;47.154
3466;3;Los Espinos + Santa Rosa;final;1140.004;1461.357;1140.004;21.357;41.09
3466.1;1;Los Espinos + Santa Rosa;final;1226.678;2548.296;1226.678;1108.296;56.513
3467;1;Los Espinos + Santa Rosa;final;1375.304;1731.357;1375.304;291.357;314.177
3468;1;Los Espinos + Santa Rosa;final;1392.438;1741.357;1392.438;301.357;314.177
3469;1;Los Espinos + Santa Rosa;final;1374.238;1751.357;1374.238;311.357;313.69
3470;1;Los Espinos + Santa Rosa;final;1296.895;1761.357;1296.895;321.357;279.158
3471;1;Los Espinos + Santa Rosa;final;1303.562;1771.357;1303.562;331.357;279.158
3472;1;Los Espinos + Santa Rosa;final;1310.228;1781.357;1310.228;341.357;279.158
3473;1;Los Espinos + Santa Rosa;final;1306.176;1791.357;1306.176;351.357;261.752
3474;1;Los Espinos + Santa Rosa;final;1249.287;1796.09;1249.287;356.09;250.282
3475;1;Los Espinos + Santa Rosa;final;1323.802;1800.823;1323.802;360.823;289.996
3475.1;1;Los Espinos + Santa Rosa;final;1483.043;2712.14;43.043;1272.14;89.218
3476;1;Los Espinos + Santa Rosa;final;1429.709;1805.557;1429.709;365.557;314.649
3477;1;Los Espinos + Santa Rosa;final;628.345;1810.29;628.345;370.29;91.194
3478;1;Los Espinos + Santa Rosa;final;1446.894;1815.023;6.894;375.023;314.092
3479;1;Los Espinos + Santa Rosa;final;1333.828;1819.757;1333.828;379.757;279.158
3480;1;Los Espinos + Santa Rosa;final;1350.962;1824.49;1350.962;384.49;279.158
3481;1;Los Espinos + Santa Rosa;final;1267.0;1829.223;1267.0;389.223;246.156
3482;1;Los Espinos + Santa Rosa;final;1400.444;1833.957;1400.444;393.957;294.627
3482.1;1;Los Espinos + Santa Rosa;final;1509.128;2803.151;69.128;1363.151;66.921
3483;1;Los Espinos + Santa Rosa;final;1262.426;1838.69;1262.426;398.69;235.584
3484;1;Los Espinos + Santa Rosa;final;1368.095;1843.423;1368.095;403.423;279.158
3485;1;Los Espinos + Santa Rosa;final;1441.83;1848.157;1.83;408.157;313.71
3486;1;Los Espinos + Santa Rosa;final;1450.288;1852.89;10.288;412.89;313.69
3486.1;1;Los Espinos + Santa Rosa;final;1483.109;2827.046;43.109;1387.046;45.075
3487;1;Los Espinos + Santa Rosa;final;1385.228;1857.623;1385.228;417.623;279.158
3488;1;Los Espinos + Santa Rosa;final;1474.288;1862.357;34.288;422.357;313.69
3489;1;Los Espinos + Santa Rosa;final;1450.548;1871.823;10.548;431.823;290.998
3489.1;1;Los Espinos + Santa Rosa;final;1532.107;2800.397;92.107;1360.397;78.463
3490;1;Los Espinos + Santa Rosa;final;1310.159;1881.29;1310.159;441.29;235.304
3491;1;Los Espinos + Santa Rosa;final;1402.362;1881.357;1402.362;441.357;279.158
3492;1;Los Espinos + Santa Rosa;final;1389.238;2511.357;1389.238;1071.357;125.512
3493;1;El Conquistador;final;937.434;1435.01;937.434;1435.01;263.065
3493.1;1;El Conquistador;final;1307.059;2379.983;1307.059;939.983;129.871
3494;1;El Conquistador;final;1055.001;1570.01;1055.001;130.01;280.579
3494.1;1;El Conquistador;final;1359.519;2469.077;1359.519;1029.077;117.022
3495;1;El Conquistador;final;1254.68;1705.01;1254.68;265.01;156.178
3496;1;El Conquistador;final;1181.369;1715.01;1181.369;275.01;289.004
3496.1;1;El Conquistador;final;1348.699;2574.038;1348.699;1134.038;106.84
3497;1;El Conquistador;final;1262.844;1725.01;1262.844;285.01;281.731
3497.1;1;El Conquistador;final;1372.955;2600.89;1372.955;1160.89;86.36
3498;1;El Conquistador;final;1162.183;1735.01;1162.183;295.01;291.643
3498.1;1;El Conquistador;final;1348.537;2550.367;1348.537;1110.367;111.922
3499;1;El Conquistador;final;1353.735;1745.01;1353.735;305.01;292.58
3499.1;1;El Conquistador;final;1496.167;2763.077;56.167;1323.077;81.163
3500;1;El Conquistador;final;1291.903;1755.01;1291.903;315.01;292.03
3501;1;El Conquistador;final;1141.306;1765.01;1141.306;325.01;290.681
3501.1;1;El Conquistador;final;1399.068;2545.413;1399.068;1105.413;111.445
3502;1;El Conquistador;final;1247.193;1787.51;1247.193;347.51;289.653
3502.1;1;El Conquistador;final;1513.878;2643.284;73.878;1203.284;141.44
3503;1;El Conquistador;final;1375.459;1798.76;1375.459;358.76;306.941
3503.1;1;El Conquistador;final;1519.359;2695.706;79.359;1255.706;121.476
3504;1;El Conquistador;final;1066.603;1810.01;1066.603;370.01;253.434
3504.1;1;El Conquistador;final;1373.786;2462.638;1373.786;1022.638;181.211
3505;1;El Conquistador;final;1278.919;1832.51;1278.919;392.51;292.061
3505.1;1;El Conquistador;final;1481.305;2682.03;41.305;1242.03;100.998
3506;1;El Conquistador;final;1250.08;1843.76;1250.08;403.76;267.269
3507;1;El Conquistador;final;1320.393;1855.01;1320.393;415.01;284.148
3508;1;El Conquistador;final;1126.603;1866.26;1126.603;426.26;253.434
3508.1;1;El Conquistador;final;1368.118;2522.638;1368.118;1082.638;144.216
3509;1;El Conquistador;final;1270.34;1809.077;1270.34;369.077;287.74
3510;1;El Conquistador;final;1320.384;1821.927;1320.384;381.927;296.584
3510.1;1;El Conquistador;final;1466.463;2739.027;26.463;1299.027;72.936
3511;1;El Conquistador;final;1384.634;1886.177;1384.634;446.177;296.584
3511.1;1;El Conquistador;final;1456.678;2790.265;16.678;1350.265;49.726
3512;1;El Conquistador;final;1311.101;1899.027;1311.101;459.027;279.55
3513;1;El Conquistador;final;1340.393;1899.077;1340.393;459.077;279.209
3514;1;Los Espinos + Santa Rosa;final;1292.503;1721.113;1292.503;281.113;310.84
3514.1;1;Los Espinos + Santa Rosa;final;1490.953;2643.613;50.953;1203.613;124.502
3515;1;Los Espinos + Santa Rosa;final;1283.97;1733.113;1283.97;293.113;286.435
3515.1;1;Los Espinos + Santa Rosa;final;1508.621;2633.963;68.621;1193.963;140.132
3516;1;Los Espinos + Santa Rosa;final;1220.542;1745.113;1220.542;305.113;272.562
3516.1;1;Los Espinos + Santa Rosa;final;1358.554;2564.859;1358.554;1124.859;99.365
3517;1;Los Espinos + Santa Rosa;final;1305.77;1757.113;1305.77;317.113;287.532
3517.1;1;Los Espinos + Santa Rosa;final;1505.987;2654.863;65.987;1214.863;123.405
3518;1;Los Espinos + Santa Rosa;final;1349.37;1781.113;1349.37;341.113;290.407
3518.1;1;Los Espinos + Santa Rosa;final;1550.953;2699.863;110.953;1259.863;124.502
3519;1;Los Espinos + Santa Rosa;final;1374.137;1790.113;1374.137;350.113;310.745
3520;1;Los Espinos + Santa Rosa;final;1375.437;1799.113;1375.437;359.113;309.648
3521;1;Los Espinos + Santa Rosa;final;1300.775;1808.113;1300.775;368.113;293.901
3521.1;1;Los Espinos + Santa Rosa;final;1496.592;2643.893;56.592;1203.893;129.005
3522;1;Los Espinos + Santa Rosa;final;1278.025;1817.113;1278.025;377.113;251.352
3523;1;Los Espinos + Santa Rosa;final;1386.987;1826.113;1386.987;386.113;293.378
3524;1;Los Espinos + Santa Rosa;final;1225.337;1835.113;1225.337;395.113;243.923
3525;1;Los Espinos + Santa Rosa;final;1409.187;1871.113;1409.187;431.113;288.309
3526;1;Los Espinos + Santa Rosa;final;1451.237;1893.613;11.237;453.613;289.406
3527;1;Los Espinos + Santa Rosa;final;1227.987;1904.863;1227.987;464.863;208.828
3528;1;Los Espinos + Santa Rosa;final;1245.337;1730.193;1245.337;290.193;284.93
3528.1;1;Los Espinos + Santa Rosa;final;1374.509;2586.765;1374.509;1146.765;98.885
3529;1;Los Espinos + Santa Rosa;final;1346.859;1742.193;1346.859;302.193;312.697
3529.1;1;Los Espinos + Santa Rosa;final;1567.794;2694.292;127.794;1254.292;142.112
3530;1;Los Espinos + Santa Rosa;final;565.903;1778.193;565.903;338.193;85.608
3531;1;Los Espinos + Santa Rosa;final;1379.375;1800.693;1379.375;360.693;290.161
3532;1;Los Espinos + Santa Rosa;final;1289.42;1811.943;1289.42;371.943;270.073
3533;1;Los Espinos + Santa Rosa;final;1389.525;1823.193;1389.525;383.193;311.596
3534;1;Los Espinos + Santa Rosa;final;1392.092;1834.443;1392.092;394.443;292.355
3534.1;1;Los Espinos + Santa Rosa;final;1575.042;2734.859;135.042;1294.859;126.035
3535;1;Los Espinos + Santa Rosa;final;1338.554;1845.693;1338.554;405.693;286.799
3535.1;1;Los Espinos + Santa Rosa;final;1541.165;2674.598;101.165;1234.598;144.967
3536;1;El Conquistador;final;1180.459;1413.284;1180.459;1413.284;306.021
3536.1;1;El Conquistador;final;1453.041;2576.617;13.041;1136.617;122.397
3537;1;El Conquistador;final;1294.171;1443.284;1294.171;3.284;312.389
3537.1;1;El Conquistador;final;1491.471;2623.002;51.471;1183.002;142.357
3538;1;El Conquistador;final;1337.495;1743.284;1337.495;303.284;296.785
3538.1;1;El Conquistador;final;1468.497;2729.105;28.497;1289.105;86.42
3539;1;El Conquistador;final;1236.079;1758.284;1236.079;318.284;274.488
3540;1;El Conquistador;final;1389.308;1773.284;1389.308;333.284;302.329
3541;1;El Conquistador;final;1342.77;1788.284;1342.77;348.284;279.044
3542;1;El Conquistador;final;1331.446;1803.284;1331.446;363.284;277.653
3543;1;El Conquistador;final;1353.522;1814.534;1353.522;374.534;299.61
3543.1;1;El Conquistador;final;1431.901;2665.714;1431.901;1225.714;88.887
3544;1;El Conquistador;final;1441.617;1837.034;1.617;397.034;296.305
3544.1;1;El Conquistador;final;1482.546;2772.498;42.546;1332.498;73.102
3545;1;El Conquistador;final;1433.878;1848.284;1433.878;408.284;296.292
3546;1;El Conquistador;final;1389.052;1859.534;1389.052;419.534;284.377
3546.1;1;El Conquistador;final;1465.946;2707.425;25.946;1267.425;96.057
3547;1;El Conquistador;final;1390.517;1893.284;1390.517;453.284;276.257
3548;1;El Conquistador;final;1260.425;1915.784;1260.425;475.784;214.313
3549;1;El Conquistador;final;1477.408;1938.284;37.408;498.284;303.125
3550;1;El Conquistador;final;893.192;1367.881;893.192;1367.881;299.119
3550.1;1;El Conquistador;final;1259.762;2313.284;1259.762;873.284;132.561
3551;1;El Conquistador;final;551.111;1397.881;551.111;1397.881;256.79
3551.1;1;El Conquistador;final;1410.852;1939.105;1410.852;499.105;265.924
3552;1;El Conquistador;final;1194.434;1712.881;1194.434;272.881;252.815
3552.1;1;El Conquistador;final;1455.869;2591.171;15.869;1151.171;186.094
3553;1;El Conquistador;final;1292.896;1727.881;1292.896;287.881;303.451
3554;1;El Conquistador;final;1358.426;1742.881;1358.426;302.881;311.377
3554.1;1;El Conquistador;final;1422.825;2775.875;1422.825;1335.875;38.205
3555;1;El Conquistador;final;1133.826;1757.881;1133.826;317.881;265.624
3556;1;El Conquistador;final;1254.792;1769.131;1254.792;329.131;248.713
3557;1;El Conquistador;final;1223.844;1780.381;1223.844;340.381;156.532
3558;1;El Conquistador;final;1405.612;1791.631;1405.612;351.631;314.561
3558.1;1;El Conquistador;final;1519.701;2807.734;79.701;1367.734;73.004
3559;1;El Conquistador;final;1311.941;1802.881;1311.941;362.881;278.431
3559.1;1;El Conquistador;final;1510.551;2699.105;70.551;1259.105;113.868
3560;1;El Conquistador;final;1218.919;1814.131;1218.919;374.131;279.977
3560.1;1;El Conquistador;final;1406.752;2622.513;1406.752;1182.513;89.054
3561;1;El Conquistador;final;1384.521;1825.381;1384.521;385.381;295.995
3562;1;El Conquistador;final;1296.118;1836.631;1296.118;396.631;269.468
3563;1;El Conquistador;final;1346.962;1847.881;1346.962;407.881;289.86
3563.1;1;El Conquistador;final;1573.652;2649.281;133.652;1209.281;163.082
3564;1;El Conquistador;final;1265.092;1915.381;1265.092;475.381;262.959
3565;1;El Conquistador;final;844.089;1418.28;844.089;1418.28;308.692
3565.1;1;El Conquistador;final;1290.688;2205.214;1290.688;765.214;172.598
3566;1;El Conquistador;final;1213.572;1438.28;1213.572;1438.28;300.674
3566.1;1;El Conquistador;final;1269.373;2636.067;1269.373;1196.067;29.717
3567;1;El Conquistador;final;835.589;1478.28;835.589;38.28;273.505
3567.1;1;El Conquistador;final;1369.272;2236.718;1369.272;796.718;204.178
3568;1;El Conquistador;final;1290.614;1718.28;1290.614;278.28;311.159
3568.1;1;El Conquistador;final;1496.678;2700.265;56.678;1260.265;116.703
3569;1;El Conquistador;final;1294.44;1748.28;1294.44;308.28;285.931
3569.1;1;El Conquistador;final;1420.459;2711.616;1420.459;1271.616;63.269
3570;1;El Conquistador;final;1219.317;1756.847;1219.317;316.847;310.35
3570.1;1;El Conquistador;final;1346.801;2549.495;1346.801;1109.495;122.749
3571;1;El Conquistador;final;1373.522;1765.413;1373.522;325.413;308.692
3571.1;1;El Conquistador;final;1472.897;2692.714;32.897;1252.714;103.904
3572;1;El Conquistador;final;1331.616;1773.98;1331.616;333.98;296.118
3572.1;1;El Conquistador;final;1489.221;2707.993;49.221;1267.993;98.0
3573;1;El Conquistador;final;1275.555;1782.547;1275.555;342.547;240.065
3574;1;El Conquistador;final;1355.616;1791.113;1355.616;351.113;296.271
3575;1;El Conquistador;final;1393.119;1799.68;1393.119;359.68;292.125
3575.1;1;El Conquistador;final;1495.919;2814.731;55.919;1374.731;62.78
3576;1;El Conquistador;final;1368.901;1808.247;1368.901;368.247;305.984
3576.1;1;El Conquistador;final;1518.552;2772.547;78.552;1332.547;89.054
3577;1;El Conquistador;final;1201.635;1808.28;1201.635;368.28;193.934
3578;1;El Conquistador;final;1389.363;1817.28;1389.363;377.28;278.102
3579;1;El Conquistador;final;1379.799;1826.28;1379.799;386.28;289.055
3580;1;El Conquistador;final;1293.917;1835.28;1293.917;395.28;295.01
3580.1;1;El Conquistador;final;1397.9;2709.902;1397.9;1269.902;74.416
3581;1;El Conquistador;final;1313.282;1844.28;1313.282;404.28;259.348
3582;1;El Conquistador;final;1419.068;1853.28;1419.068;413.28;292.432
3583;1;El Conquistador;final;1306.725;1862.28;1306.725;422.28;275.486
3584;1;El Conquistador;final;1489.566;1871.28;49.566;431.28;302.344
3585;1;El Conquistador;final;1302.382;1880.28;1302.382;440.28;216.783
3586;1;El Conquistador;final;1404.271;1889.28;1404.271;449.28;288.516
3587;1;El Conquistador;final;1435.775;1898.28;1435.775;458.28;289.795
3588;1;El Conquistador;final;1327.743;1908.28;1327.743;468.28;292.576
3588.1;1;El Conquistador;final;1436.454;2739.817;1436.454;1299.817;73.52
3589;1;El Conquistador;final;1276.008;1918.28;1276.008;478.28;196.736
3590;1;El Conquistador;final;1514.194;1928.28;74.194;488.28;303.379
3591;1;El Conquistador;final;1395.901;1948.28;1395.901;508.28;243.674
3592;1;El Conquistador;final;1520.049;1988.28;80.049;548.28;308.493
3593;1;El Conquistador;final;512.195;1372.714;512.195;1372.714;257.009
3593.1;1;El Conquistador;final;1356.653;1899.105;1356.653;459.105;284.789
3594;1;El Conquistador;final;1203.452;1392.714;1203.452;1392.714;277.97
3595;1;El Conquistador;final;768.847;1412.714;768.847;1412.714;312.58
3595.1;1;El Conquistador;final;1264.746;2192.733;1264.746;752.733;164.128
3596;1;El Conquistador;intermedia;734.963;784.0;734.963;784.0;281.406
3596;2;El Conquistador;final;1165.613;1432.714;1165.613;1432.714;129.123
3596.1;1;El Conquistador;final;1345.452;2552.674;1345.452;1112.674;94.81
3597;1;El Conquistador;final;1107.289;1714.714;1107.289;274.714;277.611
3597.1;1;El Conquistador;final;1331.902;2501.357;1331.902;1061.357;94.81
3598;1;El Conquistador;final;1281.463;1738.714;1281.463;298.714;297.609
3599;1;El Conquistador;final;1229.685;1750.714;1229.685;310.714;283.303
3600;1;El Conquistador;final;1153.219;1762.714;1153.219;322.714;308.019
3600.1;1;El Conquistador;final;1523.833;2558.28;83.833;1118.28;163.852
3601;1;El Conquistador;final;1177.455;1771.714;1177.455;331.714;217.66
3602;1;El Conquistador;final;1204.485;1780.714;1204.485;340.714;227.524
3603;1;El Conquistador;final;1267.485;1789.714;1267.485;349.714;270.089
3603.1;1;El Conquistador;final;1424.839;2670.78;1424.839;1230.78;82.304
3604;1;El Conquistador;final;1208.385;1798.714;1208.385;358.714;214.739
3605;1;El Conquistador;final;1177.135;1807.714;1177.135;367.714;214.739
3606;1;El Conquistador;final;1367.616;1816.714;1367.616;376.714;290.218
3606.1;1;El Conquistador;final;1515.071;2746.993;75.071;1306.993;98.0
3607;1;El Conquistador;final;1306.535;1834.714;1306.535;394.714;276.619
3608;1;El Conquistador;final;1264.655;1852.714;1264.655;412.714;217.66
3609;1;El Conquistador;final;1347.251;1902.714;1347.251;462.714;263.988
3610;1;El Conquistador;final;1446.499;1912.714;6.499;472.714;290.218
3610.1;1;El Conquistador;final;1540.966;2825.793;100.966;1385.793;73.414
3611;1;El Conquistador;final;1257.251;2482.714;1257.251;1042.714;82.356
3612;1;El Conquistador;final;1299.079;1751.974;1299.079;311.974;298.302
3613;1;El Conquistador;final;1341.119;1763.974;1341.119;323.974;302.748
3613.1;1;El Conquistador;final;1425.279;2651.691;1425.279;1211.691;96.057
3614;1;El Conquistador;final;1312.752;1775.974;1312.752;335.974;302.748
3615;1;El Conquistador;final;1323.652;1787.974;1323.652;347.974;302.748
3615.1;1;El Conquistador;final;1412.429;2638.841;1412.429;1198.841;96.057
3616;1;El Conquistador;final;1180.079;1808.14;1180.079;368.14;232.525
3617;1;El Conquistador;final;1189.296;1816.307;1189.296;376.307;232.525
3618;1;El Conquistador;final;1378.152;1824.474;1378.152;384.474;302.181
3618.1;1;El Conquistador;final;1448.813;2690.291;8.813;1250.291;96.057
3619;1;El Conquistador;final;1207.729;1832.64;1207.729;392.64;232.525
3620;1;El Conquistador;final;1226.163;1848.974;1226.163;408.974;232.525
3621;1;El Conquistador;final;1235.379;1857.14;1235.379;417.14;232.525
3622;1;El Conquistador;final;1263.029;1889.974;1263.029;449.974;232.662
3623;1;El Conquistador;final;1299.896;1909.974;1299.896;469.974;232.662
3624;1;El Conquistador;final;1170.885;1700.291;1170.885;260.291;274.426
3625;1;El Conquistador;final;1197.295;1712.291;1197.295;272.291;269.591
3626;1;El Conquistador;final;1302.849;1724.291;1302.849;284.291;314.579
3626.1;1;El Conquistador;final;1506.699;2677.993;66.699;1237.993;115.143
3627;1;El Conquistador;final;1389.962;1736.291;1389.962;296.291;310.185
3627.1;1;El Conquistador;final;1504.701;2792.734;64.701;1352.734;73.004
3628;1;El Conquistador;final;1228.301;1748.291;1228.301;308.291;284.137
3629;1;El Conquistador;final;1319.046;1760.291;1319.046;320.291;304.085
3630;1;El Conquistador;final;1331.046;1768.458;1331.046;328.458;304.085
3630.1;1;El Conquistador;final;1503.452;2729.924;63.452;1289.924;94.81
3631;1;El Conquistador;final;1343.046;1776.625;1343.046;336.625;304.085
3631.1;1;El Conquistador;final;1487.985;2729.974;47.985;1289.974;94.81
3632;1;El Conquistador;final;1355.046;1784.791;1355.046;344.791;304.085
3633;1;El Conquistador;final;1258.169;1792.958;1258.169;352.958;270.202
3634;1;El Conquistador;final;1367.046;1801.125;1367.046;361.125;304.085
3635;1;El Conquistador;final;1320.291;1809.291;1320.291;369.291;292.048
3635.1;1;El Conquistador;final;1528.091;2708.61;88.091;1268.61;115.733
3636;1;El Conquistador;final;1399.521;1817.458;1399.521;377.458;307.997
3637;1;El Conquistador;final;1365.291;1825.625;1365.291;385.625;295.213
3637.1;1;El Conquistador;final;1498.447;2752.548;58.447;1312.548;85.151
3638;1;El Conquistador;final;1386.729;1833.791;1386.729;393.791;304.514
3639;1;El Conquistador;final;1297.45;1841.958;1297.45;401.958;264.36
3640;1;El Conquistador;final;1358.909;1850.291;1358.909;410.291;291.289
3640.1;1;El Conquistador;final;1513.229;2753.284;73.229;1313.284;93.381
3641;1;El Conquistador;final;1416.205;1860.291;1416.205;420.291;307.478
3642;1;El Conquistador;final;1148.946;1910.291;1148.946;470.291;200.026
3643;1;El Conquistador;final;1310.08;1920.291;1310.08;480.291;260.952
3644;1;El Conquistador;final;1271.046;2480.291;1271.046;1040.291;95.627
3645;1;La Reina;final;1226.054;2505.701;1226.054;1065.701;53.643
3646;1;La Reina;final;1533.033;2515.701;93.033;1075.701;184.475
3647;1;La Reina;final;529.698;1735.597;529.698;295.597;90.571
3648;1;La Reina;final;1373.752;1765.597;1373.752;325.597;314.39
3648.1;1;La Reina;final;1424.266;2780.198;1424.266;1340.198;40.488
3649;1;La Reina;final;1196.054;1795.597;1196.054;355.597;248.026
3650;1;La Reina;final;1263.765;1813.597;1263.765;373.597;264.101
3651;1;La Reina;final;1358.51;1831.597;1358.51;391.597;293.58
3652;1;La Reina;final;1285.219;1849.597;1285.219;409.597;284.074
3652.1;1;La Reina;final;1378.243;2686.348;1378.243;1246.348;69.556
3653;1;La Reina;final;1378.893;1867.597;1378.893;427.597;269.492
3654;1;La Reina;final;1291.254;1885.597;1291.254;445.597;275.233
3655;1;La Reina;final;1330.21;1908.097;1330.21;468.097;295.038
3655.1;1;La Reina;final;1498.515;2740.145;58.515;1300.145;87.248
3656;1;La Reina;final;1447.25;1930.597;7.25;490.597;290.935
3656.1;1;La Reina;final;1564.733;2842.35;124.733;1402.35;73.617
3657;1;Los Espinos + Santa Rosa;final;583.625;1391.113;583.625;1391.113;286.238
3657.1;1;Los Espinos + Santa Rosa;final;1316.695;1916.332;1316.695;476.332;255.434
3658;1;Los Espinos + Santa Rosa;final;757.78;1421.113;757.78;1421.113;306.988
3658.1;1;Los Espinos + Santa Rosa;final;1587.508;2198.63;147.508;758.63;295.952
3659;1;Los Espinos + Santa Rosa;final;783.703;1451.113;783.703;11.113;285.663
3659.1;1;Los Espinos + Santa Rosa;final;1279.742;2201.113;1279.742;761.113;166.802
3660;1;Los Espinos + Santa Rosa;final;899.203;1496.113;899.203;56.113;310.84
3660.1;1;Los Espinos + Santa Rosa;final;1402.159;2306.013;1402.159;866.013;190.11
3661;1;Los Espinos + Santa Rosa;final;1040.053;1586.113;1040.053;146.113;289.406
3661.1;1;Los Espinos + Santa Rosa;final;1542.887;2411.113;102.887;971.113;220.71
3662;1;Los Espinos + Santa Rosa;final;1080.425;1676.113;1080.425;236.113;269.911
3662.1;1;Los Espinos + Santa Rosa;final;1258.671;2438.193;1258.671;998.193;99.365
3663;1;Los Espinos + Santa Rosa;final;1297.592;1725.113;1297.592;285.113;307.969
3663.1;1;Los Espinos + Santa Rosa;final;1353.497;2738.008;1353.497;1298.008;23.64
3664;1;Los Espinos + Santa Rosa;final;1193.875;1729.113;1193.875;289.113;268.815
3664.1;1;Los Espinos + Santa Rosa;final;1331.887;2538.193;1331.887;1098.193;99.365
3665;1;Los Espinos + Santa Rosa;final;1291.887;1733.113;1291.887;293.113;302.385
3666;1;Los Espinos + Santa Rosa;final;1267.587;1737.113;1267.587;297.113;286.755
3667;1;Los Espinos + Santa Rosa;final;1322.127;1745.113;1322.127;305.113;304.867
3668;1;Los Espinos + Santa Rosa;final;1207.209;1749.113;1207.209;309.113;269.911
3668.1;1;Los Espinos + Santa Rosa;final;1345.221;2551.526;1345.221;1111.526;99.365
3669;1;Los Espinos + Santa Rosa;final;1327.587;1753.113;1327.587;313.113;310.84
3669.1;1;Los Espinos + Santa Rosa;final;1530.953;2677.363;90.953;1237.363;124.502
3670;1;Los Espinos + Santa Rosa;final;1291.587;1757.113;1291.587;317.113;285.658
3671;1;Los Espinos + Santa Rosa;final;1318.554;1761.113;1318.554;321.113;303.482
3671.1;1;Los Espinos + Santa Rosa;final;1434.525;2659.598;1434.525;1219.598;98.885
3672;1;Los Espinos + Santa Rosa;final;1315.267;1765.113;1315.267;325.113;293.005
3672.1;1;Los Espinos + Santa Rosa;final;1439.361;2677.8;1439.361;1237.8;90.063
3673;1;Los Espinos + Santa Rosa;final;1303.587;1769.113;1303.587;329.113;288.629
3674;1;Los Espinos + Santa Rosa;final;1351.587;1773.113;1351.587;333.113;310.84
3674.1;1;Los Espinos + Santa Rosa;final;1471.275;2711.063;31.275;1271.063;86.224
3675;1;Los Espinos + Santa Rosa;final;1213.025;1777.113;1213.025;337.113;268.815
3675.1;1;Los Espinos + Santa Rosa;final;1577.154;2558.193;137.154;1118.193;203.251
3676;1;Los Espinos + Santa Rosa;final;1365.72;1781.113;1365.72;341.113;308.971
3677;1;Los Espinos + Santa Rosa;final;1263.025;1785.197;1263.025;345.197;268.819
3677.1;1;Los Espinos + Santa Rosa;final;1405.221;2611.526;1405.221;1171.526;99.365
3678;1;Los Espinos + Santa Rosa;final;1371.887;1789.28;1371.887;349.28;299.419
3679;1;Los Espinos + Santa Rosa;final;1360.27;1793.363;1360.27;353.363;286.76
3679.1;1;Los Espinos + Santa Rosa;final;1455.109;2711.113;15.109;1271.113;84.35
3680;1;Los Espinos + Santa Rosa;final;1293.875;1797.447;1293.875;357.447;292.127
3680.1;1;Los Espinos + Santa Rosa;final;1397.937;2640.693;1397.937;1200.693;84.512
3681;1;Los Espinos + Santa Rosa;final;1288.025;1801.53;1288.025;361.53;268.819
3682;1;Los Espinos + Santa Rosa;final;1291.559;1805.613;1291.559;365.613;292.127
3683;1;Los Espinos + Santa Rosa;final;1280.542;1809.697;1280.542;369.697;268.819
3684;1;Los Espinos + Santa Rosa;final;1382.07;1813.78;1382.07;373.78;286.44
3684.1;1;Los Espinos + Santa Rosa;final;1594.287;2731.113;154.287;1291.113;140.132
3685;1;Los Espinos + Santa Rosa;final;1287.209;1817.863;1287.209;377.863;268.819
3686;1;Los Espinos + Santa Rosa;final;1277.225;1821.947;1277.225;381.947;247.385
3687;1;Los Espinos + Santa Rosa;final;1409.237;1826.03;1409.237;386.03;299.419
3688;1;Los Espinos + Santa Rosa;final;1420.487;1834.197;1420.487;394.197;299.419
3689;1;Los Espinos + Santa Rosa;final;1341.325;1846.447;1341.325;406.447;270.427
3690;1;Los Espinos + Santa Rosa;final;1332.127;1854.613;1332.127;414.613;274.011
3690.1;1;Los Espinos + Santa Rosa;final;1493.652;2679.292;53.652;1239.292;116.636
3691;1;Los Espinos + Santa Rosa;final;1181.653;1858.697;1181.653;418.697;205.085
3692;1;Los Espinos + Santa Rosa;final;1253.653;1870.947;1253.653;430.947;227.296
3693;1;Los Espinos + Santa Rosa;final;1412.687;1871.113;1412.687;431.113;289.726
3693.1;1;Los Espinos + Santa Rosa;final;1506.509;2762.513;66.509;1322.513;84.35
3694;1;Los Espinos + Santa Rosa;final;1215.253;1898.78;1215.253;458.78;205.08
3695;1;Los Espinos + Santa Rosa;final;1476.737;1905.697;36.737;465.697;300.511
3696;1;Los Espinos + Santa Rosa;final;651.859;1388.193;651.859;1388.193;288.969
3696.1;1;Los Espinos + Santa Rosa;final;1452.653;2023.526;12.653;583.526;292.284
3697;1;Los Espinos + Santa Rosa;final;656.68;1418.193;656.68;1418.193;268.399
3697.1;1;Los Espinos + Santa Rosa;final;1487.658;2069.63;47.658;629.63;280.764
3697.2;1;Los Espinos + Santa Rosa;final;1561.763;2822.265;121.763;1382.265;87.471
3698;1;Los Espinos + Santa Rosa;final;708.908;1448.193;708.908;8.193;281.936
3698.1;1;Los Espinos + Santa Rosa;final;1323.296;2089.915;1323.296;649.915;202.866
3699;1;Los Espinos + Santa Rosa;final;804.942;1478.193;804.942;38.193;288.287
3699.1;1;Los Espinos + Santa Rosa;final;1279.587;2215.293;1279.587;775.293;167.283
3700;1;Los Espinos + Santa Rosa;final;1232.004;1725.693;1232.004;285.693;283.833
3700.1;1;Los Espinos + Santa Rosa;final;1557.909;2568.332;117.909;1128.332;180.56
3701;1;Los Espinos + Santa Rosa;final;1200.337;1748.193;1200.337;308.193;250.417
3702;1;Los Espinos + Santa Rosa;final;1375.742;1755.693;1375.742;315.693;313.474
3702.1;1;Los Espinos + Santa Rosa;final;1465.987;2721.526;25.987;1281.526;84.512
3703;1;Los Espinos + Santa Rosa;final;1327.742;1763.193;1327.742;323.193;292.035
3703.1;1;Los Espinos + Santa Rosa;final;1454.237;2674.443;14.237;1234.443;99.365
3704;1;Los Espinos + Santa Rosa;final;1339.742;1770.693;1339.742;330.693;292.035
3704.1;1;Los Espinos + Santa Rosa;final;1465.487;2685.693;25.487;1245.693;99.365
3705;1;Los Espinos + Santa Rosa;final;1237.203;1782.693;1237.203;342.693;250.512
3706;1;Los Espinos + Santa Rosa;final;1363.742;1787.193;1363.742;347.193;290.161
3706.1;1;Los Espinos + Santa Rosa;final;1450.953;2708.193;10.953;1268.193;85.608
3707;1;Los Espinos + Santa Rosa;final;1392.942;1791.693;1392.942;351.693;310.499
3708;1;Los Espinos + Santa Rosa;final;580.087;1796.193;580.087;356.193;84.512
3709;1;Los Espinos + Santa Rosa;final;1372.709;1800.693;1372.709;360.693;288.287
3710;1;Los Espinos + Santa Rosa;final;1278.52;1805.193;1278.52;365.193;268.976
3711;1;Los Espinos + Santa Rosa;final;1305.221;1809.693;1305.221;369.693;283.829
3712;1;Los Espinos + Santa Rosa;final;1404.525;1818.693;1404.525;378.693;310.499
3712.1;1;Los Espinos + Santa Rosa;final;1492.653;2748.193;52.653;1308.193;84.512
3713;1;Los Espinos + Santa Rosa;final;1263.253;1823.193;1263.253;383.193;248.638
3714;1;Los Espinos + Santa Rosa;final;1407.025;1827.693;1407.025;387.693;312.372
3714.1;1;Los Espinos + Santa Rosa;final;1525.754;2759.593;85.754;1319.593;99.365
3715;1;Los Espinos + Santa Rosa;final;1338.47;1924.359;1338.47;484.359;248.638
3716;1;El Conquistador;final;1275.688;1748.499;1275.688;308.499;285.791
3717;1;El Conquistador;final;1210.155;1778.499;1210.155;338.499;245.475
3718;1;El Conquistador;final;1291.482;1808.499;1291.482;368.499;259.486
3719;1;El Conquistador;final;1344.271;1819.749;1344.271;379.749;279.416
3720;1;El Conquistador;final;1341.118;1830.999;1341.118;390.999;292.207
3721;1;El Conquistador;final;1125.521;1842.249;1125.521;402.249;204.057
3722;1;El Conquistador;final;1172.985;1853.499;1172.985;413.499;213.921
3723;1;El Conquistador;final;1375.985;1864.749;1375.985;424.749;306.62
3723.1;1;El Conquistador;final;1461.652;2790.731;21.652;1350.731;62.78
3724;1;El Conquistador;final;1344.121;1875.999;1344.121;435.999;268.441
3725;1;El Conquistador;final;1421.305;1887.249;1421.305;447.249;298.214
3726;1;El Conquistador;final;1459.221;1898.499;19.221;458.499;309.859
3726.1;1;El Conquistador;final;1554.316;2779.122;114.316;1339.122;99.121
3727;1;El Conquistador;final;1357.251;1913.499;1357.251;473.499;249.238
3728;1;El Conquistador;final;1410.788;1928.499;1410.788;488.499;268.131
3729;1;El Conquistador;final;1268.385;1958.499;1268.385;518.499;207.51
3730;1;El Conquistador;final;1293.016;1988.499;1293.016;548.499;201.817
3731;1;El Conquistador;final;505.016;1732.714;505.016;292.714;88.933
3732;1;El Conquistador;final;1357.702;1775.564;1357.702;335.564;304.126
3733;1;El Conquistador;final;1328.812;1788.414;1328.812;348.414;305.547
3734;1;El Conquistador;final;1261.633;1801.264;1261.633;361.264;263.166
3735;1;El Conquistador;final;1250.317;1814.114;1250.317;374.114;273.25
3736;1;El Conquistador;final;1379.868;1852.714;1379.868;412.714;274.959
3737;1;El Conquistador;final;1457.749;1927.714;17.749;487.714;286.089
3738;1;El Conquistador;final;1253.755;2460.814;1253.755;1020.814;78.593
3739;1;El Conquistador;final;1245.688;2482.714;1245.688;1042.714;78.593
3740;1;El Conquistador;final;1118.904;1413.284;1118.904;1413.284;291.32
3740.1;1;El Conquistador;final;1438.092;2500.861;1438.092;1060.861;136.88
3741;1;El Conquistador;final;786.125;1443.284;786.125;3.284;280.823
3741.1;1;El Conquistador;final;1452.384;2235.36;12.384;795.36;209.975
3742;1;El Conquistador;final;833.74;1473.284;833.74;33.284;295.331
3742.1;1;El Conquistador;final;1348.142;2277.866;1348.142;837.866;165.72
3743;1;El Conquistador;final;1014.268;1635.284;1014.268;195.284;255.937
3743.1;1;El Conquistador;final;1213.83;2406.048;1213.83;966.048;85.151
3744;1;El Conquistador;final;1125.051;1662.284;1125.051;222.284;261.444
3744.1;1;El Conquistador;final;1318.83;2511.048;1318.83;1071.048;85.151
3745;1;El Conquistador;final;508.898;1689.284;508.898;249.284;112.064
3746;1;El Conquistador;final;1291.876;1743.284;1291.876;303.284;284.592
3746.1;1;El Conquistador;final;1500.197;2710.906;60.197;1270.906;101.335
3747;1;El Conquistador;final;1269.346;1753.284;1269.346;313.284;271.714
3748;1;El Conquistador;final;1254.425;1763.284;1254.425;323.284;264.007
3749;1;El Conquistador;final;1305.291;1773.284;1305.291;333.284;272.511
3749.1;1;El Conquistador;final;1534.479;2691.374;94.479;1251.374;129.123
3750;1;El Conquistador;final;1375.284;1793.284;1375.284;353.284;293.069
3751;1;El Conquistador;final;1288.83;1803.284;1288.83;363.284;249.182
3752;1;El Conquistador;final;595.113;1808.567;595.113;368.567;75.651
3753;1;El Conquistador;final;1258.009;1813.851;1258.009;373.851;265.235
3754;1;El Conquistador;final;1285.237;1819.134;1285.237;379.134;280.155
3754.1;1;El Conquistador;final;1551.533;2590.433;111.533;1150.433;164.109
3755;1;El Conquistador;final;1269.88;1824.417;1269.88;384.417;246.168
3756;1;El Conquistador;final;1367.251;1834.984;1367.251;394.984;268.507
3757;1;El Conquistador;final;1334.266;1850.834;1334.266;410.834;245.835
3758;1;El Conquistador;final;1169.434;1861.401;1169.434;421.401;192.358
3759;1;El Conquistador;final;1322.386;1866.684;1322.386;426.684;271.528
3759.1;1;El Conquistador;final;1470.519;2732.571;30.519;1292.571;104.375
3760;1;El Conquistador;final;1404.028;1871.967;1404.028;431.967;272.331
3760.1;1;El Conquistador;final;1556.519;2798.507;116.519;1358.507;94.81
3761;1;El Conquistador;final;1452.688;1877.251;12.688;437.251;279.657
3762;1;El Conquistador;final;1343.386;1882.534;1343.386;442.534;266.645
3763;1;El Conquistador;final;1177.346;1893.284;1177.346;453.284;187.963
3764;1;El Conquistador;final;1283.956;1911.284;1283.956;471.284;204.524
3765;1;El Conquistador;final;1257.649;1920.284;1257.649;480.284;199.593
3766;1;El Conquistador;final;1237.146;1938.284;1237.146;498.284;187.963
3767;1;El Conquistador;final;1387.413;1983.284;1387.413;543.284;246.168
3768;1;El Conquistador;final;675.747;1375.951;675.747;1375.951;306.292
3768.1;1;El Conquistador;final;1318.725;2065.166;1318.725;625.166;208.106
3769;1;El Conquistador;final;749.25;1405.951;749.25;1405.951;307.048
3769.1;1;El Conquistador;final;1371.682;2147.933;1371.682;707.933;220.3
3770;1;El Conquistador;final;1017.57;1435.951;1017.57;1435.951;311.385
3770.1;1;El Conquistador;final;1434.963;2325.861;1434.963;885.861;217.051
3771;1;El Conquistador;final;1112.032;1516.951;1112.032;76.951;286.985
3771.1;1;El Conquistador;final;1411.973;2512.89;1411.973;1072.89;131.089
3772;1;El Conquistador;final;494.199;1735.951;494.199;295.951;81.606
3773;1;El Conquistador;final;1269.141;1765.951;1269.141;325.951;295.274
3773.1;1;El Conquistador;final;1402.413;2654.105;1402.413;1214.105;86.42
3774;1;El Conquistador;final;1416.682;1772.367;1416.682;332.367;305.69
3775;1;El Conquistador;final;1280.509;1778.784;1280.509;338.784;289.013
3776;1;El Conquistador;final;1228.425;1785.201;1228.425;345.201;254.401
3776.1;1;El Conquistador;final;1391.746;2612.61;1391.746;1172.61;91.057
3777;1;El Conquistador;final;1371.276;1791.617;1371.276;351.617;313.526
3778;1;El Conquistador;final;1352.896;1798.034;1352.896;358.034;277.327
3779;1;El Conquistador;final;1395.212;1804.451;1395.212;364.451;300.606
3780;1;El Conquistador;final;1372.292;1810.867;1372.292;370.867;306.604
3781;1;El Conquistador;final;1287.659;1817.284;1287.659;377.284;284.015
3781.1;1;El Conquistador;final;1457.112;2681.834;17.112;1241.834;93.381
3782;1;El Conquistador;final;1363.522;1823.701;1363.522;383.701;278.815
3782.1;1;El Conquistador;final;1558.099;2682.205;118.099;1242.205;140.85
3783;1;El Conquistador;final;1280.092;1830.117;1280.092;390.117;284.543
3783.1;1;El Conquistador;final;1508.375;2673.284;68.375;1233.284;124.345
3784;1;El Conquistador;final;1243.938;1855.784;1243.938;415.784;270.967
3785;1;El Conquistador;final;1207.293;1855.951;1207.293;415.951;242.665
3786;1;El Conquistador;final;1345.576;1891.951;1345.576;451.951;264.253
3787;1;El Conquistador;final;1325.092;1900.951;1325.092;460.951;271.589
3787.1;1;El Conquistador;final;1567.308;2720.384;127.308;1280.384;122.397
3788;1;El Conquistador;final;1362.341;1909.951;1362.341;469.951;260.153
3788.1;1;El Conquistador;final;1559.793;2746.61;119.793;1306.61;117.109
3789;1;La Reina;final;1255.087;1762.477;1255.087;322.477;233.761
3790;1;La Reina;final;1266.412;1772.477;1266.412;332.477;279.167
3790.1;1;La Reina;final;1352.762;2670.855;1352.762;1230.855;53.926
3791;1;La Reina;final;1192.696;1782.477;1192.696;342.477;244.597
3792;1;La Reina;final;1341.463;1852.477;1341.463;412.477;277.012
3793;1;La Reina;final;1348.946;1758.355;1348.946;318.355;307.858
3793.1;1;La Reina;final;1444.885;2764.893;4.885;1324.893;51.886
3794;1;La Reina;final;1297.881;1768.355;1297.881;328.355;291.556
3794.1;1;La Reina;final;1452.45;2703.856;12.45;1263.856;90.926
3795;1;La Reina;final;1378.946;1778.355;1378.946;338.355;309.777
3796;1;La Reina;final;1254.862;1788.355;1254.862;348.355;253.665
3797;1;La Reina;final;1245.896;1808.355;1245.896;368.355;250.261
3798;1;La Reina;final;560.93;1822.188;560.93;382.188;68.837
3799;1;La Reina;final;602.43;1863.688;602.43;423.688;68.837
3800;1;La Reina;final;1269.17;1884.438;1269.17;444.438;234.167
3801;1;La Reina;final;1383.812;1898.355;1383.812;458.355;275.575
3802;1;El Conquistador;final;615.419;1406.61;615.419;1406.61;256.283
3802.1;1;El Conquistador;final;1165.652;2010.209;1165.652;570.209;179.185
3803;1;El Conquistador;final;808.651;1436.61;808.651;1436.61;273.202
3803.1;1;El Conquistador;final;1439.959;2232.048;1439.959;792.048;208.319
3804;1;El Conquistador;final;845.208;1466.61;845.208;26.61;304.191
3804.1;1;El Conquistador;final;1465.891;2286.61;25.891;846.61;212.429
3805;1;El Conquistador;final;488.195;1375.233;488.195;1375.233;255.921
3805.1;1;El Conquistador;final;1443.259;1875.243;3.259;435.243;306.421
3805.2;1;El Conquistador;final;1560.297;2836.084;120.297;1396.084;75.651
3806;1;El Conquistador;final;659.651;1405.233;659.651;1405.233;274.922
3806.1;1;El Conquistador;final;1353.201;2088.28;1353.201;648.28;204.866
3807;1;El Conquistador;final;641.628;1435.233;641.628;1435.233;261.412
3807.1;1;El Conquistador;final;1362.395;2051.105;1362.395;611.105;216.923
3808;1;El Conquistador;final;1317.251;1743.284;1317.251;303.284;288.496
3809;1;El Conquistador;final;1178.793;1758.284;1178.793;318.284;279.219
3809.1;1;El Conquistador;final;1319.07;2574.684;1319.07;1134.684;85.393
3810;1;El Conquistador;final;1279.563;1773.284;1279.563;333.284;273.527
3811;1;El Conquistador;final;1371.525;1788.284;1371.525;348.284;303.187
3812;1;El Conquistador;final;1359.028;1803.284;1359.028;363.284;300.105
3813;1;El Conquistador;final;1395.479;1818.284;1395.479;378.284;295.062
3814;1;El Conquistador;final;1265.509;1833.284;1265.509;393.284;279.705
3815;1;El Conquistador;final;1303.83;1863.284;1303.83;423.284;247.981
3816;1;El Conquistador;final;1405.517;1893.284;1405.517;453.284;294.981
3816.1;1;El Conquistador;final;1536.493;2831.033;96.493;1391.033;66.965
3817;1;El Conquistador;final;1447.133;1938.284;7.133;498.284;306.596
3817.1;1;El Conquistador;final;1510.958;2756.467;70.958;1316.467;90.535
3818;1;El Conquistador;final;1347.659;1800.861;1347.659;360.861;307.833
3819;1;Los Espinos + Santa Rosa;final;1227.769;1725.408;1227.769;285.408;291.462
3819.1;1;Los Espinos + Santa Rosa;final;1316.069;2660.881;1316.069;1220.881;42.938
3820;1;Los Espinos + Santa Rosa;final;1301.392;1740.408;1301.392;300.408;312.997
3820.1;1;Los Espinos + Santa Rosa;final;1436.842;2704.353;1436.842;1264.353;77.443
3821;1;Los Espinos + Santa Rosa;final;1189.775;1755.408;1189.775;315.408;300.18
3821.1;1;Los Espinos + Santa Rosa;final;1272.47;2581.937;1272.47;1141.937;53.79
3822;1;Los Espinos + Santa Rosa;final;560.307;1770.408;560.307;330.408;105.395
3823;1;Los Espinos + Santa Rosa;final;1267.734;1785.408;1267.734;345.408;187.56
3824;1;Los Espinos + Santa Rosa;final;1271.735;1803.408;1271.735;363.408;175.803
3825;1;Los Espinos + Santa Rosa;final;1467.794;1839.408;27.794;399.408;239.858
3826;1;Los Espinos + Santa Rosa;final;1297.915;1875.408;1297.915;435.408;149.44
3827;1;El Conquistador;final;1164.386;1761.293;1164.386;321.293;292.816
3827.1;1;El Conquistador;final;1360.682;2556.904;1360.682;1116.904;118.497
3828;1;El Conquistador;final;1095.8;1818.293;1095.8;378.293;264.037
3828.1;1;El Conquistador;final;1327.317;2519.902;1327.317;1079.902;126.069
3829;1;El Conquistador;final;1207.109;1769.817;1207.109;329.817;285.727
3830;1;El Conquistador;final;1125.586;1809.817;1125.586;369.817;266.873
3830.1;1;El Conquistador;final;1357.973;2522.638;1357.973;1082.638;141.622
3831;1;El Conquistador;final;1031.483;1818.817;1031.483;378.817;271.24
3831.1;1;El Conquistador;final;1413.013;2459.902;1413.013;1019.902;165.621
3832;1;El Conquistador;final;493.759;1827.817;493.759;387.817;53.028
3833;1;El Conquistador;final;1166.904;1836.817;1166.904;396.817;298.393
3833.1;1;El Conquistador;final;1497.246;2539.528;57.246;1099.528;173.237
3834;1;La Reina;final;537.928;1364.276;537.928;1364.276;303.344
3834.1;1;La Reina;final;1124.519;1836.776;1124.519;396.776;192.045
3835;1;La Reina;final;549.928;1394.276;549.928;1394.276;303.344
3835.1;1;La Reina;final;1251.116;1853.276;1251.116;413.276;260.495
3835.2;1;La Reina;final;1429.645;2635.353;1429.645;1195.353;106.986
3836;1;La Reina;final;573.928;1424.276;573.928;1424.276;303.344
3836.1;1;La Reina;final;1213.3;1871.276;1213.3;431.276;260.495
3836.2;1;La Reina;final;1421.212;2595.353;1421.212;1155.353;106.986
3837;1;La Reina;final;587.631;1440.142;587.631;0.142;264.235
3837.1;1;La Reina;final;1496.288;1977.777;56.288;537.777;286.951
3838;1;La Reina;final;575.631;1456.009;575.631;16.009;278.167
3838.1;1;La Reina;final;1296.115;1962.777;1296.115;522.777;233.035
3839;1;La Reina;final;928.919;1487.742;928.919;47.742;312.944
3839.1;1;La Reina;final;1379.395;2289.658;1379.395;849.658;166.54
3840;1;La Reina;final;844.369;1519.476;844.369;79.476;295.118
3840.1;1;La Reina;final;1357.538;2260.198;1357.538;820.198;176.03
3841;1;La Reina;final;759.027;1567.076;759.027;127.076;301.812
3841.1;1;La Reina;final;1318.71;2177.438;1318.71;737.438;245.37
3842;1;La Reina;final;827.412;1598.809;827.412;158.809;279.675
3842.1;1;La Reina;final;1469.645;2124.276;29.645;684.276;279.675
3843;1;La Reina;final;1145.822;1646.409;1145.822;206.409;301.434
3843.1;1;La Reina;final;1481.381;2529.284;41.381;1089.284;151.037
3844;1;La Reina;final;1007.655;1678.142;1007.655;238.142;244.422
3844.1;1;La Reina;final;1307.462;2448.148;1307.462;1008.148;102.874
3845;1;La Reina;final;1166.014;1694.276;1166.014;254.276;304.819
3845.1;1;La Reina;final;1377.185;2532.021;1377.185;1092.021;105.698
3846;1;La Reina;final;1276.069;1701.776;1276.069;261.776;300.709
3846.1;1;La Reina;final;1473.093;2683.948;33.093;1243.948;95.819
3847;1;La Reina;final;1197.585;1716.776;1197.585;276.776;295.118
3847.1;1;La Reina;final;1361.728;2606.498;1361.728;1166.498;79.864
3848;1;La Reina;final;1211.685;1724.276;1211.685;284.276;295.118
3849;1;La Reina;final;1252.65;1731.776;1252.65;291.776;290.694
3850;1;La Reina;final;1164.352;1746.776;1164.352;306.776;246.403
3851;1;La Reina;final;1224.795;1754.276;1224.795;314.276;279.353
3851.1;1;La Reina;final;1363.085;2528.776;1363.085;1088.776;117.937
3852;1;La Reina;final;1212.069;1761.776;1212.069;321.776;294.796
3852.1;1;La Reina;final;1470.829;2620.198;30.829;1180.198;122.256
3853;1;La Reina;final;1236.069;1776.776;1236.069;336.776;294.796
3853.1;1;La Reina;final;1305.478;2650.198;1305.478;1210.198;45.211
3854;1;La Reina;final;1159.906;1784.276;1159.906;344.276;284.789
3855;1;La Reina;final;1338.635;1791.776;1338.635;351.776;309.797
3856;1;La Reina;final;1181.516;1799.276;1181.516;359.276;260.173
3856.1;1;La Reina;final;1391.212;2565.353;1391.212;1125.353;106.986
3857;1;La Reina;final;1190.002;1806.776;1190.002;366.776;236.438
3858;1;La Reina;final;1312.595;1814.276;1312.595;374.276;303.023
3858.1;1;La Reina;final;1545.812;2609.276;105.812;1169.276;185.593
3859;1;La Reina;final;1337.165;1829.276;1337.165;389.276;297.725
3859.1;1;La Reina;final;1461.55;2727.727;21.55;1287.727;81.23
3860;1;La Reina;final;1303.538;1844.276;1303.538;404.276;307.348
3860.1;1;La Reina;final;1474.3;2670.92;34.3;1230.92;88.909
3861;1;La Reina;final;1346.862;1880.276;1346.862;440.276;303.344
3862;1;La Reina;final;1235.1;1889.276;1235.1;449.276;260.495
3862.1;1;La Reina;final;1441.212;2615.353;1.212;1175.353;106.986
3863;1;La Reina;final;1246.0;1898.276;1246.0;458.276;260.495
3863.1;1;La Reina;final;1451.212;2625.353;11.212;1185.353;106.986
3864;1;La Reina;final;1300.085;1934.276;1300.085;494.276;275.466
3864.1;1;La Reina;final;1517.867;2713.198;77.867;1273.198;114.992
3865;1;La Reina;final;1386.9;2164.276;1386.9;724.276;225.842
3866;1;La Reina;final;1351.485;2365.176;1351.485;925.176;157.714
3867;1;La Reina;final;1256.452;2376.076;1256.452;936.076;117.937
3868;1;La Reina;final;1500.812;2539.676;60.812;1099.676;185.593
3869;1;La Reina;final;1354.2;2550.576;1354.2;1110.576;108.09
3870;1;La Reina;final;574.51;1405.353;574.51;1405.353;297.008
3870.1;1;La Reina;final;1282.123;1977.927;1282.123;537.927;270.909
3871;1;La Reina;final;753.902;1435.353;753.902;1435.353;314.611
3871.1;1;La Reina;final;1439.645;2170.031;1439.645;730.031;235.742
3872;1;La Reina;final;788.267;1465.353;788.267;25.353;314.393
3872.1;1;La Reina;final;1365.1;2193.021;1365.1;753.021;198.408
3873;1;La Reina;final;679.448;1492.353;679.448;52.353;262.837
3873.1;1;La Reina;final;1427.719;2102.353;1427.719;662.353;274.834
3874;1;La Reina;final;1224.2;1771.353;1224.2;331.353;275.97
3874.1;1;La Reina;final;1503.266;2605.353;63.266;1165.353;147.235
3875;1;La Reina;final;1184.519;1796.258;1184.519;356.258;272.96
3876;1;La Reina;final;1129.1;1806.258;1129.1;366.258;263.113
3876.1;1;La Reina;final;1575.812;2515.353;135.812;1075.353;224.737
3877;1;La Reina;final;1299.7;1816.258;1299.7;376.258;297.766
3878;1;La Reina;final;1284.069;1826.258;1284.069;386.258;274.067
3879;1;La Reina;final;1312.935;1836.258;1312.935;396.258;283.675
3879.1;1;La Reina;final;1509.071;2722.198;69.071;1282.198;97.509
3880;1;La Reina;final;1196.616;1846.258;1196.616;406.258;263.113
3880.1;1;La Reina;final;1401.212;2575.353;1401.212;1135.353;106.986
3881;1;Vespucio Norte;intermedia;1058.246;1065.0;1058.246;1065.0;264.836
3881;2;Vespucio Norte;final;1224.041;1761.654;1224.041;321.654;62.231
3881.1;1;Vespucio Norte;final;1327.764;2547.521;1327.764;1107.521;87.98
3882;1;Vespucio Norte;final;1192.912;1770.221;1192.912;330.221;294.158
3882.1;1;Vespucio Norte;final;1428.562;2625.654;1428.562;1185.654;99.273
3883;1;Vespucio Norte;final;1226.246;1787.354;1226.246;347.354;294.158
3883.1;1;Vespucio Norte;final;1507.375;2661.654;67.375;1221.654;120.874
3884;1;Vespucio Norte;final;1268.362;1795.921;1268.362;355.921;287.84
3884.1;1;Vespucio Norte;final;1404.817;2709.225;1404.817;1269.225;62.331
3885;1;Vespucio Norte;final;1354.348;1813.054;1354.348;373.054;303.5
3886;1;Vespucio Norte;final;1276.246;1821.654;1276.246;381.654;294.417
3886.1;1;Vespucio Norte;final;1531.375;2706.654;91.375;1266.654;127.192
3887;1;Vespucio Norte;final;1306.246;1839.654;1306.246;399.654;294.417
3887.1;1;Vespucio Norte;final;1428.408;2736.654;1428.408;1296.654;62.231
3888;1;Vespucio Norte;final;599.279;1377.521;599.279;1377.521;258.17
3888.1;1;Vespucio Norte;final;1471.813;2041.654;31.813;601.654;302.021
3889;1;Vespucio Norte;final;508.729;1407.521;508.729;1407.521;271.991
3889.1;1;Vespucio Norte;final;1247.191;1941.654;1247.191;501.654;257.116
3890;1;Vespucio Norte;final;965.291;1437.521;965.291;1437.521;308.834
3890.1;1;Vespucio Norte;final;1498.078;2297.521;58.078;857.521;229.104
3891;1;Vespucio Norte;final;1144.912;1752.521;1144.912;312.521;287.492
3891.1;1;Vespucio Norte;final;1513.743;2577.654;73.743;1137.654;156.397
3892;1;Vespucio Norte;final;1115.679;1767.521;1115.679;327.521;251.593
3892.1;1;Vespucio Norte;final;1297.493;2552.257;1297.493;1112.257;69.266
3893;1;Vespucio Norte;final;1366.717;1898.354;1366.717;458.354;298.004
3893.1;1;Vespucio Norte;final;1428.817;2802.225;1428.817;1362.225;32.437
3894;1;Vespucio Norte;final;1473.239;2410.354;33.239;970.354;195.275
3895;1;Vespucio Norte;final;1483.375;2453.187;43.375;1013.187;178.911
3896;1;Vespucio Norte;final;1429.877;2470.321;1429.877;1030.321;154.909
3897;1;Vespucio Norte;final;1455.109;2487.521;15.109;1047.521;157.968
3898;1;Vespucio Norte;final;1490.451;2497.521;50.451;1057.521;168.08
3899;1;Vespucio Norte;final;1350.179;2557.521;1350.179;1117.521;92.348
3900;1;Vespucio Norte;intermedia;931.497;954.0;931.497;954.0;306.267
3900;2;Vespucio Norte;final;1126.736;1427.76;1126.736;1427.76;52.512
3900.1;1;Vespucio Norte;final;1221.095;2542.773;1221.095;1102.773;44.595
3901;1;Vespucio Norte;intermedia;909.179;939.0;909.179;939.0;305.344
3901;2;Vespucio Norte;final;1262.039;1457.76;1262.039;17.76;89.22
3902;1;Vespucio Norte;final;1378.049;1757.76;1378.049;317.76;310.214
3903;1;Vespucio Norte;final;1327.915;1769.76;1327.915;329.76;273.802
3904;1;Vespucio Norte;final;1238.049;1781.76;1238.049;341.76;234.527
3905;1;Vespucio Norte;final;1408.965;1793.76;1408.965;353.76;305.908
3906;1;Vespucio Norte;final;1281.699;1805.76;1281.699;365.76;249.471
3907;1;Vespucio Norte;final;1414.949;1817.76;1414.949;377.76;295.27
3907.1;1;Vespucio Norte;final;1489.354;2847.76;49.354;1407.76;36.837
3908;1;Vespucio Norte;final;1448.965;1827.76;8.965;387.76;303.62
3909;1;Vespucio Norte;final;1379.315;1857.76;1379.315;417.76;273.515
3910;1;Vespucio Norte;final;1469.354;1897.76;29.354;457.76;282.4
3911;1;Vespucio Norte;final;1495.754;1907.76;55.754;467.76;305.964
3912;1;Vespucio Norte;final;1461.487;1933.46;21.487;493.46;280.111
3913;1;Vespucio Norte;final;1303.247;1766.707;1303.247;326.707;275.445
3914;1;Vespucio Norte;final;1152.214;1778.707;1152.214;338.707;216.186
3915;1;Vespucio Norte;final;1258.247;1790.707;1258.247;350.707;257.136
3916;1;Vespucio Norte;final;1363.711;1802.707;1363.711;362.707;308.308
3917;1;Vespucio Norte;final;1438.011;1827.557;1438.011;387.557;313.226
3918;1;Vespucio Norte;final;1212.214;1840.407;1212.214;400.407;216.186
3919;1;Vespucio Norte;final;1348.247;1853.257;1348.247;413.257;257.136
3920;1;Vespucio Norte;final;1346.847;1866.107;1346.847;426.107;257.136
3921;1;Vespucio Norte;final;1248.214;1878.957;1248.214;438.957;216.186
3922;1;Vespucio Norte;final;1243.247;1891.807;1243.247;451.807;216.186
3923;1;Vespucio Norte;final;1376.847;1904.707;1376.847;464.707;257.136
3924;1;Vespucio Norte;final;864.697;1424.707;864.697;1424.707;305.773
3924.1;1;Vespucio Norte;final;1333.247;2294.707;1333.247;854.707;134.286
3925;1;Vespucio Norte;final;1189.61;1454.707;1189.61;14.707;291.446
3925.1;1;Vespucio Norte;final;1376.711;2602.624;1376.711;1162.624;83.517
3926;1;Vespucio Norte;final;1265.03;1484.707;1265.03;44.707;311.051
3926.1;1;Vespucio Norte;final;1472.278;2681.488;32.278;1241.488;104.356
3927;1;El Conquistador;final;846.12;1469.779;846.12;29.779;286.344
3927.1;1;El Conquistador;final;1457.021;2292.113;17.021;852.113;214.695
3928;1;El Conquistador;final;1337.165;1748.346;1337.165;308.346;298.145
3929;1;El Conquistador;final;1308.767;1756.912;1308.767;316.912;279.076
3929.1;1;El Conquistador;final;1443.067;2699.779;3.067;1259.779;76.485
3930;1;El Conquistador;final;1204.667;1765.479;1204.667;325.479;277.672
3930.1;1;El Conquistador;final;1517.517;2591.779;77.517;1151.779;151.056
3931;1;El Conquistador;final;1214.949;1774.046;1214.949;334.046;271.202
3931.1;1;El Conquistador;final;1551.597;2610.484;111.597;1170.484;156.909
3932;1;El Conquistador;final;1377.117;1791.179;1377.117;351.179;302.256
3933;1;El Conquistador;final;1271.749;1799.746;1271.749;359.746;271.07
3934;1;El Conquistador;final;1431.915;1799.779;1431.915;359.779;297.818
3935;1;El Conquistador;final;1187.412;1807.946;1187.412;367.946;296.846
3936;1;El Conquistador;final;1333.009;1816.112;1333.009;376.112;253.813
3936.1;1;El Conquistador;final;1512.026;2733.284;72.026;1293.284;108.091
3937;1;El Conquistador;final;1449.048;1824.279;9.048;384.279;314.1
3938;1;El Conquistador;final;1272.767;1832.446;1272.767;392.446;277.116
3939;1;El Conquistador;final;1428.067;1840.612;1428.067;400.612;304.543
3940;1;El Conquistador;final;1295.389;1848.779;1295.389;408.779;254.418
3941;1;El Conquistador;final;1392.151;1856.946;1392.151;416.946;281.919
3942;1;El Conquistador;final;1294.417;1865.112;1294.417;425.112;230.201
3943;1;El Conquistador;final;1302.417;1889.779;1302.417;449.779;253.936
3944;1;El Conquistador;final;1192.449;1938.779;1192.449;498.779;183.502
3945;1;Vespucio Norte;final;922.817;1492.163;922.817;52.163;295.827
3945.1;1;Vespucio Norte;final;1111.034;2366.492;1111.034;926.492;62.331
3946;1;Vespucio Norte;final;1270.716;1627.163;1270.716;187.163;306.548
3946.1;1;Vespucio Norte;final;1390.983;2640.406;1390.983;1200.406;89.253
3947;1;Vespucio Norte;final;1371.331;1762.938;1371.331;322.938;284.016
3947.1;1;Vespucio Norte;final;1516.093;2803.657;76.093;1363.657;69.266
3948;1;Vespucio Norte;final;1310.622;1774.938;1310.622;334.938;278.817
3949;1;Vespucio Norte;final;1266.298;1786.938;1266.298;346.938;286.414
3949.1;1;Vespucio Norte;final;1447.985;2684.436;7.985;1244.436;79.204
3950;1;Vespucio Norte;final;1391.922;1798.938;1391.922;358.938;299.735
3950.1;1;Vespucio Norte;final;1508.789;2771.119;68.789;1331.119;87.4
3951;1;Vespucio Norte;final;1348.896;1810.938;1348.896;370.938;281.531
3952;1;Vespucio Norte;final;1191.468;1837.163;1191.468;397.163;226.098
3953;1;Vespucio Norte;final;1243.948;1852.163;1243.948;412.163;234.727
3954;1;Vespucio Norte;final;1379.328;1867.163;1379.328;427.163;274.444
3955;1;Vespucio Norte;final;1230.11;1762.415;1230.11;322.415;289.093
3955.1;1;Vespucio Norte;final;1490.376;2638.624;50.376;1198.624;119.147
3956;1;Vespucio Norte;final;1283.736;1774.415;1283.736;334.415;286.418
3957;1;Vespucio Norte;final;1368.517;1786.415;1368.517;346.415;294.54
3957.1;1;Vespucio Norte;final;1451.317;2774.761;11.317;1334.761;56.123
3958;1;Vespucio Norte;final;1321.242;1798.415;1321.242;358.415;314.528
3958.1;1;Vespucio Norte;final;1436.702;2739.998;1436.702;1299.998;58.893
3959;1;Vespucio Norte;final;1244.11;1852.415;1244.11;412.415;231.133
3960;1;Vespucio Norte;final;1343.717;1862.415;1343.717;422.415;295.958
3961;1;Vespucio Norte;final;1351.748;1882.415;1351.748;442.415;277.634
3962;1;Vespucio Norte;final;1249.579;1756.11;1249.579;316.11;313.76
3962.1;1;Vespucio Norte;final;1490.045;2665.671;50.045;1225.671;105.545
3963;1;Vespucio Norte;final;1185.828;1768.11;1185.828;328.11;224.535
3964;1;Vespucio Norte;final;1230.346;1780.11;1230.346;340.11;284.783
3964.1;1;Vespucio Norte;final;1342.663;2662.163;1342.663;1222.163;51.221
3965;1;Vespucio Norte;final;1401.131;1792.11;1401.131;352.11;314.823
3965.1;1;Vespucio Norte;final;1471.985;2816.436;31.985;1376.436;41.239
3966;1;Vespucio Norte;final;1261.055;1804.11;1261.055;364.11;264.477
3967;1;Vespucio Norte;final;1297.055;1844.11;1297.055;404.11;256.969
3968;1;Vespucio Norte;final;1316.622;1750.773;1316.622;310.773;271.563
3969;1;Vespucio Norte;final;1302.11;1760.773;1302.11;320.773;307.925
3969.1;1;Vespucio Norte;final;1470.376;2714.874;30.376;1274.874;84.526
3970;1;Vespucio Norte;final;1324.001;1770.773;1324.001;330.773;294.13
3970.1;1;Vespucio Norte;final;1452.734;2734.33;12.734;1294.33;71.522
3971;1;Vespucio Norte;final;1211.41;1780.773;1211.41;340.773;260.151
3972;1;Vespucio Norte;final;1364.798;1790.773;1364.798;350.773;263.596
3973;1;Vespucio Norte;final;1167.395;1800.773;1167.395;360.773;200.481
3974;1;Vespucio Norte;final;1291.798;1810.773;1291.798;370.773;266.433
3975;1;Vespucio Norte;final;1274.136;1822.023;1274.136;382.023;203.361
3976;1;Vespucio Norte;final;1262.445;1833.273;1262.445;393.273;262.821
3977;1;Vespucio Norte;final;1277.311;1844.523;1277.311;404.523;238.697
3978;1;Vespucio Norte;final;1384.445;1878.273;1384.445;438.273;275.871
3979;1;Vespucio Norte;final;1403.745;1889.523;1403.745;449.523;298.846
3979.1;1;Vespucio Norte;final;1473.964;2821.066;33.964;1381.066;46.398
3980;1;Vespucio Norte;final;1442.645;1900.773;2.645;460.773;301.137
3981;1;Vespucio Norte;final;1265.27;2510.773;1265.27;1070.773;61.411
3982;1;Vespucio Norte;final;1209.095;2530.773;1209.095;1090.773;44.595
3983;1;Vespucio Norte;final;1103.43;1468.684;1103.43;28.684;306.975
3984;1;Vespucio Norte;final;1236.36;1738.684;1236.36;298.684;297.186
3984.1;1;Vespucio Norte;final;1473.131;2654.436;33.131;1214.436;87.657
3985;1;Vespucio Norte;final;1193.759;1748.684;1193.759;308.684;298.19
3985.1;1;Vespucio Norte;final;1475.236;2602.773;35.236;1162.773;124.142
3986;1;Vespucio Norte;final;1329.479;1758.684;1329.479;318.684;239.804
3987;1;Vespucio Norte;final;1422.855;1768.684;1422.855;328.684;309.564
3987.1;1;Vespucio Norte;final;1538.789;2801.119;98.789;1361.119;87.4
3988;1;Vespucio Norte;final;1176.811;1778.684;1176.811;338.684;248.341
3989;1;Vespucio Norte;final;1305.311;1788.684;1305.311;348.684;276.66
3990;1;Vespucio Norte;final;1151.978;1798.684;1151.978;358.684;228.416
3991;1;Vespucio Norte;final;1198.578;1808.684;1198.578;368.684;246.273
3992;1;Vespucio Norte;final;1277.27;1818.684;1277.27;378.684;259.088
3993;1;Vespucio Norte;final;1354.445;1828.684;1354.445;388.684;248.442
3994;1;Vespucio Norte;final;1265.311;1838.684;1265.311;398.684;278.18
3995;1;Vespucio Norte;final;1421.695;1848.684;1421.695;408.684;301.92
3995.1;1;Vespucio Norte;final;1473.179;2808.684;33.179;1368.684;48.239
3996;1;Vespucio Norte;final;1371.164;1858.684;1371.164;418.684;289.21
3997;1;Vespucio Norte;final;1276.211;1868.684;1276.211;428.684;234.118
3998;1;Vespucio Norte;final;1280.716;1878.684;1280.716;438.684;282.087
3999;1;Vespucio Norte;final;1374.418;1888.684;1374.418;448.684;278.634
4000;1;Vespucio Norte;final;1193.27;2518.684;1193.27;1078.684;43.243
4001;1;Vespucio Norte;final;1218.246;1762.724;1218.246;322.724;280.132
4001.1;1;Vespucio Norte;final;1539.163;2651.163;99.163;1211.163;144.652
4002;1;Vespucio Norte;final;1339.76;1774.724;1339.76;334.724;256.145
4003;1;Vespucio Norte;final;1216.536;1786.724;1216.536;346.724;227.554
4004;1;Vespucio Norte;final;1293.145;1798.724;1293.145;358.724;283.943
4005;1;Vespucio Norte;final;1398.613;1810.724;1398.613;370.724;296.715
4005.1;1;Vespucio Norte;final;1459.967;2832.415;19.967;1392.415;31.799
4006;1;Vespucio Norte;final;1113.363;1822.593;1113.363;382.593;216.493
4007;1;Vespucio Norte;final;1347.272;1838.926;1347.272;398.926;267.254
4007.1;1;Vespucio Norte;final;1568.789;2726.119;128.789;1286.119;143.732
4008;1;Vespucio Norte;final;1451.331;1863.426;11.331;423.426;314.591
4009;1;Vespucio Norte;final;1168.028;1871.593;1168.028;431.593;220.065
4010;1;Vespucio Norte;final;1353.346;1912.426;1353.346;472.426;276.062
4011;1;Vespucio Norte;final;582.561;1912.593;582.561;472.593;43.443
4012;1;Vespucio Norte;final;1154.163;2522.593;1154.163;1082.593;26.733
4013;1;Vespucio Norte;final;1286.039;2542.593;1286.039;1102.593;73.212
4014;1;Vespucio Norte;final;610.646;1408.024;610.646;1408.024;217.993
4015;1;Vespucio Norte;final;1297.579;1738.024;1297.579;298.024;296.638
4015.1;1;Vespucio Norte;final;1386.295;2710.671;1386.295;1270.671;49.487
4016;1;Vespucio Norte;final;1270.895;1750.024;1270.895;310.024;289.246
4017;1;Vespucio Norte;final;1301.27;1762.024;1301.27;322.024;275.378
4018;1;Vespucio Norte;final;1320.378;1774.024;1320.378;334.024;296.989
4019;1;Vespucio Norte;final;1401.295;1786.024;1401.295;346.024;310.118
4019.1;1;Vespucio Norte;final;1451.922;2791.38;11.922;1351.38;44.633
4020;1;Vespucio Norte;final;1257.095;1798.024;1257.095;358.024;232.73
4021;1;Vespucio Norte;final;1291.748;1808.024;1291.748;368.024;266.713
4022;1;Vespucio Norte;final;890.645;1818.024;890.645;378.024;155.899
4023;1;Vespucio Norte;final;784.061;1838.024;784.061;398.024;123.701
4024;1;Vespucio Norte;final;1451.294;1848.024;11.294;408.024;311.69
4025;1;Vespucio Norte;final;1269.336;1771.787;1269.336;331.787;216.685
4026;1;Vespucio Norte;final;1245.046;1783.787;1245.046;343.787;231.657
4027;1;Vespucio Norte;final;1278.645;1849.787;1278.645;409.787;240.367
4028;1;El Conquistador;final;905.689;1466.63;905.689;26.63;296.546
4028.1;1;El Conquistador;final;1260.372;2310.88;1260.372;870.88;146.973
4029;1;El Conquistador;final;1140.744;1601.63;1140.744;161.63;314.806
4029.1;1;El Conquistador;final;1411.011;2510.89;1411.011;1070.89;154.787
4030;1;El Conquistador;final;1223.706;1736.63;1223.706;296.63;296.842
4030.1;1;El Conquistador;final;1557.944;2615.274;117.944;1175.274;180.2
4031;1;El Conquistador;final;1280.421;1766.63;1280.421;326.63;298.006
4031.1;1;El Conquistador;final;1396.889;2664.451;1396.889;1224.451;81.141
4032;1;El Conquistador;final;1305.506;1781.63;1305.506;341.63;296.702
4033;1;El Conquistador;final;1377.31;1796.63;1377.31;356.63;314.806
4034;1;El Conquistador;final;1378.977;1811.63;1378.977;371.63;314.37
4035;1;El Conquistador;final;1392.31;1826.63;1392.31;386.63;314.806
4036;1;El Conquistador;final;1387.919;1841.63;1387.919;401.63;307.056
4036.1;1;El Conquistador;final;1502.418;2787.552;62.418;1347.552;73.038
4037;1;Vespucio Norte;final;1299.283;1761.654;1299.283;321.654;294.701
4037.1;1;Vespucio Norte;final;1482.71;2698.761;42.71;1258.761;87.548
4038;1;Vespucio Norte;final;1246.246;1773.654;1246.246;333.654;288.099
4038.1;1;Vespucio Norte;final;1533.226;2676.654;93.226;1236.654;135.571
4039;1;Vespucio Norte;final;1353.408;1785.654;1353.408;345.654;309.441
4039.1;1;Vespucio Norte;final;1448.562;2684.621;8.562;1244.621;92.348
4040;1;Vespucio Norte;final;1175.646;1797.654;1175.646;357.654;258.777
4041;1;Vespucio Norte;final;1208.362;1809.654;1208.362;369.654;252.459
4041.1;1;Vespucio Norte;final;1387.493;2642.257;1387.493;1202.257;69.266
4042;1;Vespucio Norte;final;1232.362;1821.654;1232.362;381.654;252.2
4043;1;Vespucio Norte;final;1236.246;1847.354;1236.246;407.354;258.518
4043.1;1;Vespucio Norte;final;1403.709;2675.107;1403.709;1235.107;69.266
4044;1;Vespucio Norte;final;1396.479;1860.204;1396.479;420.204;300.521
4044.1;1;Vespucio Norte;final;1456.831;2832.07;16.831;1392.07;34.691
4045;1;Vespucio Norte;final;1153.081;1784.33;1153.081;344.33;225.082
4046;1;Vespucio Norte;final;1122.898;1868.58;1122.898;428.58;195.87
4047;1;Vespucio Norte;final;1273.948;1468.684;1273.948;28.684;274.856
4048;1;Vespucio Norte;final;1282.328;1603.684;1282.328;163.684;297.482
4049;1;Vespucio Norte;final;1144.579;1738.684;1144.579;298.684;244.485
4050;1;Vespucio Norte;final;1302.936;1750.684;1302.936;310.684;233.803
4051;1;Vespucio Norte;final;1314.11;1762.684;1314.11;322.684;313.178
4051.1;1;Vespucio Norte;final;1460.011;2733.186;20.011;1293.186;79.147
4052;1;Vespucio Norte;final;1248.028;1774.684;1248.028;334.684;260.335
4053;1;Vespucio Norte;final;1348.711;1786.684;1348.711;346.684;198.612
4054;1;Vespucio Norte;final;1339.445;1798.684;1339.445;358.684;293.827
4055;1;Vespucio Norte;final;1064.911;1809.934;1064.911;369.934;193.081
4056;1;Vespucio Norte;final;1112.213;1821.184;1112.213;381.184;214.307
4057;1;Vespucio Norte;final;1273.579;1832.434;1273.579;392.434;256.375
4058;1;Vespucio Norte;final;1198.581;1843.684;1198.581;403.684;229.48
4059;1;Vespucio Norte;final;1258.581;1854.934;1258.581;414.934;244.255
4060;1;Vespucio Norte;final;1396.702;1866.184;1396.702;426.184;303.371
4060.1;1;Vespucio Norte;final;1467.283;2819.998;27.283;1379.998;39.55
4061;1;Vespucio Norte;final;1418.117;1877.434;1418.117;437.434;282.574
4062;1;Vespucio Norte;final;1409.328;1888.684;1409.328;448.684;288.927
4063;1;Vespucio Norte;final;1291.978;2518.684;1291.978;1078.684;77.12
4064;1;Vespucio Norte;final;1379.967;1750.773;1379.967;310.773;290.863
4064.1;1;Vespucio Norte;final;1450.078;2788.773;10.078;1348.773;44.595
4065;1;Vespucio Norte;final;1275.255;1762.773;1275.255;322.773;255.378
4066;1;Vespucio Norte;final;1238.346;1774.773;1238.346;334.773;256.144
4067;1;Vespucio Norte;final;1205.27;1786.773;1205.27;346.773;253.032
4068;1;Vespucio Norte;final;1277.764;1798.773;1277.764;358.773;262.789
4068.1;1;Vespucio Norte;final;1473.317;2713.657;33.317;1273.657;79.378
4069;1;Vespucio Norte;final;1261.678;1810.773;1261.678;370.773;257.819
4070;1;Vespucio Norte;final;1341.298;1822.023;1341.298;382.023;289.02
4071;1;Vespucio Norte;final;1318.711;1889.523;1318.711;449.523;269.181
4072;1;Vespucio Norte;final;1188.214;1468.024;1188.214;28.024;288.245
4072.1;1;Vespucio Norte;final;1430.631;2609.707;1430.631;1169.707;93.337
4073;1;Vespucio Norte;final;1213.948;1738.024;1213.948;298.024;282.886
4073.1;1;Vespucio Norte;final;1305.145;2630.436;1305.145;1190.436;45.276
4074;1;Vespucio Norte;final;1313.311;1750.024;1313.311;310.024;298.156
4074.1;1;Vespucio Norte;final;1450.045;2698.684;10.045;1258.684;82.485
4075;1;Vespucio Norte;final;1220.464;1762.024;1220.464;322.024;251.445
4076;1;Vespucio Norte;final;1369.478;1774.024;1369.478;334.024;309.845
4076.1;1;Vespucio Norte;final;1457.781;2792.466;17.781;1352.466;49.835
4077;1;Vespucio Norte;final;1220.378;1786.024;1220.378;346.024;257.884
4078;1;Vespucio Norte;final;1197.161;1798.024;1197.161;358.024;244.977
4079;1;Vespucio Norte;final;1196.736;1818.024;1196.736;378.024;240.138
4080;1;Vespucio Norte;final;1323.846;1828.024;1323.846;388.024;285.602
4081;1;Vespucio Norte;final;1274.445;1838.024;1274.445;398.024;257.181
4082;1;Vespucio Norte;final;1289.311;1848.024;1289.311;408.024;235.018
4083;1;Vespucio Norte;final;1337.764;1888.024;1337.764;448.024;263.208
4083.1;1;Vespucio Norte;final;1507.584;2769.39;67.584;1329.39;79.378
4084;1;Vespucio Norte;final;1310.445;2518.024;1310.445;1078.024;89.356
4085;1;Vespucio Norte;final;1375.445;1738.024;1375.445;298.024;270.227
4086;1;Vespucio Norte;final;1365.627;1750.024;1365.627;310.024;295.935
4086.1;1;Vespucio Norte;final;1473.614;2809.787;33.614;1369.787;52.801
4087;1;Vespucio Norte;final;1448.939;1762.024;8.939;322.024;286.209
4087.1;1;Vespucio Norte;final;1554.789;2828.919;114.789;1388.919;85.152
4088;1;Vespucio Norte;final;1462.636;1774.024;22.636;334.024;286.696
4089;1;Vespucio Norte;final;1312.194;1786.024;1312.194;346.024;285.896
4089.1;1;Vespucio Norte;final;1391.711;2729.436;1391.711;1289.436;45.276
4090;1;Vespucio Norte;final;1176.736;1798.024;1176.736;358.024;220.685
4091;1;Vespucio Norte;final;1317.095;1807.024;1317.095;367.024;281.672
4092;1;Vespucio Norte;final;1404.698;1834.024;1404.698;394.024;304.832
4092.1;1;Vespucio Norte;final;1444.698;2824.436;4.698;1384.436;27.297
4093;1;Vespucio Norte;final;1336.748;1852.024;1336.748;412.024;273.839
4094;1;Vespucio Norte;final;1138.795;1870.024;1138.795;430.024;199.353
4095;1;Vespucio Norte;final;1342.001;1888.024;1342.001;448.024;267.972
4096;1;Vespucio Norte;final;1221.661;1746.081;1221.661;306.081;276.043
4097;1;Vespucio Norte;final;1249.887;1776.081;1249.887;336.081;253.261
4098;1;Vespucio Norte;final;1297.961;2645.981;1297.961;1205.981;39.843
4099;1;Vespucio Norte;final;1183.052;1728.951;1183.052;288.951;223.207
4100;1;Vespucio Norte;final;1353.002;1734.951;1353.002;294.951;285.89
4100.1;1;Vespucio Norte;final;1484.435;2718.951;44.435;1278.951;97.841
4101;1;Vespucio Norte;final;1198.052;1740.951;1198.052;300.951;223.207
4102;1;Vespucio Norte;final;1285.585;1746.951;1285.585;306.951;254.548
4103;1;Vespucio Norte;final;1213.052;1752.951;1213.052;312.951;223.207
4104;1;Vespucio Norte;final;1373.002;1758.951;1373.002;318.951;285.89
4105;1;Vespucio Norte;final;1223.052;1764.951;1223.052;324.951;223.207
4106;1;Vespucio Norte;final;1233.052;1770.951;1233.052;330.951;223.207
4107;1;Vespucio Norte;final;1383.002;1776.951;1383.002;336.951;285.89
4107.1;1;Vespucio Norte;final;1518.702;2753.217;78.702;1313.217;97.841
4108;1;Vespucio Norte;final;1315.585;1782.951;1315.585;342.951;254.548
4109;1;Vespucio Norte;final;523.719;1788.951;523.719;348.951;66.5
4110;1;Vespucio Norte;final;1168.052;1793.451;1168.052;353.451;191.865
4111;1;Vespucio Norte;final;532.719;1797.951;532.719;357.951;66.5
4112;1;Vespucio Norte;final;1403.002;1802.451;1403.002;362.451;285.89
4112.1;1;Vespucio Norte;final;1535.835;2770.351;95.835;1330.351;97.841
4113;1;Vespucio Norte;final;1413.002;1811.451;1413.002;371.451;285.89
4114;1;Vespucio Norte;final;1433.035;1829.451;1433.035;389.451;285.89
4114.1;1;Vespucio Norte;final;1501.569;2804.617;61.569;1364.617;66.5
4115;1;Vespucio Norte;final;1228.052;1847.451;1228.052;407.451;191.865
4116;1;Vespucio Norte;final;1393.002;1865.451;1393.002;425.451;254.548
4117;1;Vespucio Norte;final;1330.585;1869.951;1330.585;429.951;223.207
4118;1;Vespucio Norte;final;1338.085;1874.451;1338.085;434.451;223.207
4119;1;Vespucio Norte;final;1238.052;1878.951;1238.052;438.951;191.865
4120;1;Vespucio Norte;final;1153.052;1887.951;1153.052;447.951;160.524
4121;1;Vespucio Norte;final;1146.233;1474.832;1146.233;34.832;312.474
4121.1;1;Vespucio Norte;final;1251.283;2548.761;1251.283;1108.761;56.123
4122;1;Vespucio Norte;final;1326.733;1756.832;1326.733;316.832;312.321
4122.1;1;Vespucio Norte;final;1512.478;2704.656;72.478;1264.656;114.454
4123;1;Vespucio Norte;final;1221.409;1768.832;1221.409;328.832;282.731
4123.1;1;Vespucio Norte;final;1334.092;2629.998;1334.092;1189.998;68.421
4124;1;Vespucio Norte;final;1382.622;1780.832;1382.622;340.832;281.229
4125;1;Vespucio Norte;final;1002.218;1474.761;1002.218;34.761;293.235
4125.1;1;Vespucio Norte;final;1379.717;2431.798;1379.717;991.798;135.215
4126;1;Vespucio Norte;final;1249.059;1764.761;1249.059;324.761;296.307
4127;1;Vespucio Norte;final;1289.455;1784.761;1289.455;344.761;289.193
4127.1;1;Vespucio Norte;final;1520.522;2669.869;80.522;1229.869;143.732
4128;1;Vespucio Norte;final;1162.329;1804.761;1162.329;364.761;233.436
4129;1;Vespucio Norte;final;1287.283;1861.011;1287.283;421.011;277.257
4130;1;Vespucio Norte;final;1334.746;1894.761;1334.746;454.761;252.323
4131;1;Vespucio Norte;final;921.66;1490.266;921.66;50.266;292.253
4131.1;1;Vespucio Norte;final;1285.926;2346.224;1285.926;906.224;126.688
4132;1;Vespucio Norte;final;1331.711;1772.266;1331.711;332.266;304.708
4133;1;Vespucio Norte;final;1226.25;1784.266;1226.25;344.266;308.47
4133.1;1;Vespucio Norte;final;1382.85;2627.485;1382.85;1187.485;80.219
4134;1;Vespucio Norte;final;1313.45;1754.436;1313.45;314.436;287.231
4134.1;1;Vespucio Norte;final;1397.076;2719.832;1397.076;1279.832;52.114
4135;1;Vespucio Norte;final;1210.761;1766.436;1210.761;326.436;261.451
4136;1;Vespucio Norte;final;1269.998;1778.436;1269.998;338.436;250.589
4137;1;Vespucio Norte;final;1206.936;1790.436;1206.936;350.436;238.47
4138;1;Vespucio Norte;final;1187.736;1802.436;1187.736;362.436;234.464
4139;1;Vespucio Norte;final;1293.336;1814.436;1293.336;374.436;266.486
4140;1;Vespucio Norte;final;1374.739;1827.269;1374.739;387.269;272.261
4141;1;Vespucio Norte;final;1321.972;1833.686;1321.972;393.686;285.638
4141.1;1;Vespucio Norte;final;1482.636;2703.619;42.636;1263.619;102.249
4142;1;Vespucio Norte;final;1456.184;1852.936;16.184;412.936;311.063
4143;1;Vespucio Norte;final;1224.811;1865.769;1224.811;425.769;124.77
4144;1;Vespucio Norte;final;1131.034;1885.019;1131.034;445.019;186.025
4145;1;Vespucio Norte;final;1164.163;1891.436;1164.163;451.436;202.78
4146;1;Vespucio Norte;final;1387.728;2515.819;1387.728;1075.819;105.635
4147;1;Vespucio Norte;final;1439.698;2525.036;1439.698;1085.036;130.517
4148;1;Vespucio Norte;final;1188.049;1757.76;1188.049;317.76;238.833
4149;1;Vespucio Norte;final;1201.454;1772.76;1201.454;332.76;227.981
4150;1;Vespucio Norte;final;1429.354;1787.76;1429.354;347.76;313.046
4151;1;Vespucio Norte;final;1331.454;1802.76;1331.454;362.76;269.544
4152;1;Vespucio Norte;final;1393.049;1817.76;1393.049;377.76;284.632
4152.1;1;Vespucio Norte;final;1466.349;2816.294;26.349;1376.294;43.105
4153;1;Vespucio Norte;final;1348.049;1829.01;1348.049;389.01;268.93
4154;1;Vespucio Norte;final;1392.165;1840.26;1392.165;400.26;273.802
4155;1;Vespucio Norte;final;1476.702;1997.76;36.702;557.76;273.369
4156;1;Vespucio Norte;final;799.965;1421.066;799.965;1421.066;252.12
4156.1;1;Vespucio Norte;final;1211.632;2248.349;1211.632;808.349;120.133
4157;1;Vespucio Norte;final;1307.246;1775.066;1307.246;335.066;280.952
4157.1;1;Vespucio Norte;final;1438.129;2752.372;1438.129;1312.372;65.603
4158;1;Vespucio Norte;final;1140.635;1811.066;1140.635;371.066;210.383
4159;1;Vespucio Norte;final;1455.145;1833.566;15.145;393.566;271.024
4160;1;Vespucio Norte;final;1176.778;1856.066;1176.778;416.066;208.805
4161;1;Vespucio Norte;final;1124.911;1901.066;1124.911;461.066;197.631
4162;1;Vespucio Norte;final;1326.636;1484.436;1326.636;44.436;306.75
4162.1;1;Vespucio Norte;final;1435.144;2718.48;1435.144;1278.48;69.489
4163;1;Vespucio Norte;final;1174.329;1754.436;1174.329;314.436;281.548
4163.1;1;Vespucio Norte;final;1365.763;2607.563;1365.763;1167.563;73.381
4164;1;Vespucio Norte;final;1194.483;1766.436;1194.483;326.436;277.05
4165;1;Vespucio Norte;final;1123.23;1778.436;1123.23;338.436;124.898
4166;1;Vespucio Norte;final;1152.213;1814.436;1152.213;374.436;219.738
4167;1;Vespucio Norte;final;1372.579;1859.436;1372.579;419.436;309.207
4167.1;1;Vespucio Norte;final;1470.629;2803.563;30.629;1363.563;51.221
4168;1;Vespucio Norte;final;1409.789;2534.436;1409.789;1094.436;127.187
4169;1;Vespucio Norte;final;1310.206;1766.066;1310.206;326.066;305.79
4169.1;1;Vespucio Norte;final;1491.813;2752.593;51.813;1312.593;83.52
4170;1;Vespucio Norte;final;1285.939;1781.066;1285.939;341.066;278.321
4171;1;Vespucio Norte;final;1469.122;1851.066;29.122;411.066;283.026
4172;1;Vespucio Norte;final;1317.145;1871.066;1317.145;431.066;262.57
4173;1;Vespucio Norte;final;1273.247;1881.066;1273.247;441.066;229.261
4174;1;Vespucio Norte;final;1221.145;1901.066;1221.145;461.066;233.398
4175;1;Vespucio Norte;final;1436.363;1991.066;1436.363;551.066;287.723
4176;1;Vespucio Norte;final;1291.146;1492.07;1291.146;52.07;292.308
4176.1;1;Vespucio Norte;final;1345.563;2722.415;1345.563;1282.415;33.489
4177;1;Vespucio Norte;final;1354.031;1777.07;1354.031;337.07;314.57
4178;1;Vespucio Norte;final;1265.311;1792.07;1265.311;352.07;288.741
4179;1;Vespucio Norte;final;1352.295;1837.07;1352.295;397.07;290.24
4180;1;Vespucio Norte;final;1271.131;1852.07;1271.131;412.07;254.62
4181;1;Vespucio Norte;final;1308.723;1867.07;1308.723;427.07;252.077
4181.1;1;Vespucio Norte;final;1480.809;2752.207;40.809;1312.207;69.266
4182;1;Vespucio Norte;final;1214.113;1484.436;1214.113;44.436;310.983
4182.1;1;Vespucio Norte;final;1262.346;2646.475;1262.346;1206.475;28.305
4183;1;Vespucio Norte;final;1344.739;1769.436;1344.739;329.436;294.053
4184;1;Vespucio Norte;final;1304.622;1784.436;1304.622;344.436;285.773
4185;1;Vespucio Norte;final;1349.328;1814.436;1349.328;374.436;302.935
4186;1;Vespucio Norte;final;1261.528;1848.186;1261.528;408.186;229.048
4187;1;El Conquistador;final;1278.059;1739.779;1278.059;299.779;303.594
4188;1;El Conquistador;final;1342.667;1751.779;1342.667;311.779;305.654
4188.1;1;El Conquistador;final;1554.339;2729.779;114.339;1289.779;126.398
4189;1;El Conquistador;final;1317.975;1763.779;1317.975;323.779;289.734
4190;1;El Conquistador;final;1362.667;1775.779;1362.667;335.779;302.256
4191;1;El Conquistador;final;1359.389;1787.779;1359.389;347.779;303.294
4191.1;1;El Conquistador;final;1550.751;2704.069;110.751;1264.069;126.837
4192;1;El Conquistador;final;1343.917;1799.779;1343.917;359.779;303.367
4192.1;1;El Conquistador;final;1453.001;2729.779;13.001;1289.779;75.897
4193;1;El Conquistador;final;1367.389;1811.029;1367.389;371.029;303.849
4194;1;El Conquistador;final;1356.767;1822.279;1356.767;382.279;276.789
4195;1;El Conquistador;final;1311.865;1833.529;1311.865;393.529;281.708
4195.1;1;El Conquistador;final;1537.408;2707.534;97.408;1267.534;119.673
4196;1;El Conquistador;final;1303.389;1844.779;1303.389;404.779;277.598
4197;1;El Conquistador;final;1284.767;1856.029;1284.767;416.029;251.094
4198;1;El Conquistador;final;1279.389;1867.279;1279.389;427.279;249.289
4199;1;El Conquistador;final;1295.917;1889.779;1295.917;449.779;275.385
4199.1;1;El Conquistador;final;1483.315;2684.779;43.315;1244.779;92.94
4200;1;El Conquistador;final;1390.151;1941.179;1390.151;501.179;279.959
4200.1;1;El Conquistador;final;1501.001;2777.779;61.001;1337.779;75.897
4201;1;Vespucio Norte;final;1360.001;1770.671;1360.001;330.671;314.551
4201.1;1;Vespucio Norte;final;1476.826;2769.998;36.826;1329.998;68.421
4202;1;Vespucio Norte;final;1311.636;1790.671;1311.636;350.671;296.073
4203;1;Vespucio Norte;final;1402.71;1810.671;1402.71;370.671;300.565
4204;1;Vespucio Norte;final;1288.614;1836.371;1288.614;396.371;270.651
4205;1;Vespucio Norte;final;1181.948;1887.771;1181.948;447.771;204.596
4206;1;Vespucio Norte;final;1488.562;1900.621;48.562;460.621;307.35
4207;1;Vespucio Norte;final;1306.264;1900.671;1306.264;460.671;244.193
4208;1;Vespucio Norte;final;1259.098;1468.684;1259.098;28.684;290.135
4209;1;Vespucio Norte;final;1309.445;1738.684;1309.445;298.684;296.267
4210;1;Vespucio Norte;final;1337.148;1753.684;1337.148;313.684;296.885
4211;1;Vespucio Norte;final;1302.417;1768.684;1302.417;328.684;297.778
4211.1;1;Vespucio Norte;final;1374.378;2698.33;1374.378;1258.33;49.002
4212;1;Vespucio Norte;final;1487.283;1783.684;47.283;343.684;271.078
4213;1;Vespucio Norte;final;1148.911;1798.684;1148.911;358.684;215.178
4214;1;Vespucio Norte;final;1297.778;1809.934;1297.778;369.934;258.975
4215;1;Vespucio Norte;final;1186.736;1821.184;1186.736;381.184;230.187
4216;1;Vespucio Norte;final;1356.378;1832.434;1356.378;392.434;279.221
4217;1;Vespucio Norte;final;1242.264;1843.684;1242.264;403.684;242.054
4218;1;Vespucio Norte;final;1346.711;1854.934;1346.711;414.934;275.603
4219;1;Vespucio Norte;final;572.062;1866.184;572.062;426.184;48.239
4220;1;Vespucio Norte;final;1305.095;1877.434;1305.095;437.434;232.873
4221;1;Vespucio Norte;final;1417.027;1888.684;1417.027;448.684;302.701
4221.1;1;Vespucio Norte;final;1481.695;2849.787;41.695;1409.787;35.696
4222;1;Vespucio Norte;final;1201.579;2518.684;1201.579;1078.684;48.239
4223;1;Vespucio Norte;final;1368.205;1759.973;1368.205;319.973;310.396
4223.1;1;Vespucio Norte;final;1401.614;2752.024;1401.614;1312.024;44.021
4224;1;Vespucio Norte;final;1237.15;1774.973;1237.15;334.973;299.89
4224.1;1;Vespucio Norte;final;1492.478;2644.873;52.478;1204.873;129.42
4225;1;Vespucio Norte;final;1308.36;1789.973;1308.36;349.973;305.097
4225.1;1;Vespucio Norte;final;1421.847;2729.707;1421.847;1289.707;52.387
4226;1;Vespucio Norte;final;1222.346;1804.973;1222.346;364.973;295.725
4226.1;1;Vespucio Norte;final;1347.213;2654.475;1347.213;1214.475;59.531
4227;1;Vespucio Norte;final;1294.505;1827.473;1294.505;387.473;247.725
4228;1;Vespucio Norte;final;1372.913;1872.473;1372.913;432.473;313.445
4228.1;1;Vespucio Norte;final;1451.813;2812.163;11.813;1372.163;35.741
4229;1;Vespucio Norte;final;1246.329;1894.973;1246.329;454.973;267.085
4230;1;Vespucio Norte;final;1090.956;1749.998;1090.956;309.998;237.397
4230.1;1;Vespucio Norte;final;1346.243;2527.196;1346.243;1087.196;94.124
4231;1;Vespucio Norte;final;1281.311;1764.998;1281.311;324.998;302.732
4231.1;1;Vespucio Norte;final;1524.717;2711.666;84.717;1271.666;105.082
4232;1;Vespucio Norte;final;1295.142;1779.998;1295.142;339.998;291.248
4232.1;1;Vespucio Norte;final;1365.283;2701.398;1365.283;1261.398;52.317
4233;1;Vespucio Norte;final;1335.763;1794.998;1335.763;354.998;289.895
4234;1;Vespucio Norte;final;1356.479;1809.998;1356.479;369.998;191.116
4235;1;Vespucio Norte;final;1367.446;1829.998;1367.446;389.998;295.22
4236;1;Vespucio Norte;final;1264.328;1839.998;1264.328;399.998;246.8
4237;1;Vespucio Norte;final;1357.948;1859.998;1357.948;419.998;283.952
4238;1;Vespucio Norte;final;1184.542;1869.998;1184.542;429.998;243.422
4239;1;Vespucio Norte;final;1463.789;1879.998;23.789;439.998;310.154
4239.1;1;Vespucio Norte;final;1485.561;2847.957;45.561;1407.957;38.648
4240;1;Vespucio Norte;final;1334.363;1911.248;1334.363;471.248;265.07
4241;1;Vespucio Norte;final;1510.376;2529.898;70.376;1089.898;163.38
4242;1;Vespucio Norte;final;1490.631;2529.998;50.631;1089.998;146.627
4243;1;Vespucio Norte;final;1384.854;1757.76;1384.854;317.76;300.198
4243.1;1;Vespucio Norte;final;1449.354;2807.76;9.354;1367.76;36.837
4244;1;Vespucio Norte;final;1376.454;1769.76;1376.454;329.76;284.696
4244.1;1;Vespucio Norte;final;1449.215;2799.16;9.215;1359.16;43.105
4245;1;Vespucio Norte;final;1345.646;1781.76;1345.646;341.76;304.759
4245.1;1;Vespucio Norte;final;1461.189;2776.298;21.189;1336.298;49.264
4246;1;Vespucio Norte;final;1410.087;1793.76;1410.087;353.76;308.26
4246.1;1;Vespucio Norte;final;1483.482;2833.427;43.482;1393.427;43.105
4247;1;Vespucio Norte;final;1409.354;1805.76;1409.354;365.76;299.648
4247.1;1;Vespucio Norte;final;1478.621;2833.427;38.621;1393.427;38.855
4248;1;Vespucio Norte;final;1336.328;1817.76;1336.328;377.76;274.406
4249;1;Vespucio Norte;final;1391.454;1829.01;1391.454;389.01;266.976
4250;1;Vespucio Norte;final;1488.965;1840.26;48.965;400.26;310.501
4251;1;Vespucio Norte;final;1268.046;1862.76;1268.046;422.76;235.107
4252;1;Vespucio Norte;final;1431.813;1874.01;1431.813;434.01;306.856
4253;1;Vespucio Norte;final;1366.465;1920.61;1366.465;480.61;243.426
4254;1;Vespucio Norte;final;1389.354;1997.76;1389.354;557.76;245.213
4255;1;Vespucio Norte;final;1253.977;1484.436;1253.977;44.436;307.21
4255.1;1;Vespucio Norte;final;1377.003;2685.487;1377.003;1245.487;52.512
4256;1;Vespucio Norte;final;1140.811;1774.436;1140.811;334.436;245.796
4257;1;Vespucio Norte;final;1364.929;1832.436;1364.929;392.436;290.254
4258;1;Vespucio Norte;final;1367.076;1850.436;1367.076;410.436;294.745
4258.1;1;Vespucio Norte;final;1490.011;2784.436;50.011;1344.436;67.208
4259;1;Vespucio Norte;final;1302.698;1868.436;1302.698;428.436;230.953
4260;1;Vespucio Norte;final;1199.861;1904.436;1199.861;464.436;197.395
4261;1;Vespucio Norte;final;1053.517;1492.163;1053.517;52.163;289.097
4261.1;1;Vespucio Norte;final;1276.161;2464.33;1276.161;1024.33;82.547
4262;1;Vespucio Norte;final;1264.536;1772.163;1264.536;332.163;241.473
4263;1;Vespucio Norte;final;1365.163;1792.163;1365.163;352.163;286.795
4264;1;Vespucio Norte;final;1235.736;1812.163;1235.736;372.163;263.746
4265;1;Vespucio Norte;final;1428.532;1867.163;1428.532;427.163;288.566
4265.1;1;Vespucio Norte;final;1510.346;2818.349;70.346;1378.349;70.706
4266;1;Vespucio Norte;final;1385.236;1754.436;1385.236;314.436;314.21
4266.1;1;Vespucio Norte;final;1437.781;2804.436;1437.781;1364.436;33.659
4267;1;Vespucio Norte;final;1178.061;1766.436;1178.061;326.436;248.004
4268;1;Vespucio Norte;final;1357.493;1778.436;1357.493;338.436;305.566
4268.1;1;Vespucio Norte;final;1476.817;2678.291;36.817;1238.291;101.403
4269;1;Vespucio Norte;final;1198.061;1802.436;1198.061;362.436;231.764
4270;1;Vespucio Norte;final;1378.711;1834.436;1378.711;394.436;279.686
4271;1;Vespucio Norte;final;1401.672;1844.436;1401.672;404.436;303.692
4271.1;1;Vespucio Norte;final;1442.636;2786.119;2.636;1346.119;43.669
4272;1;Vespucio Norte;final;1238.445;1874.436;1238.445;434.436;240.199
4273;1;Vespucio Norte;final;1181.448;1904.436;1181.448;464.436;188.659
4274;1;Vespucio Norte;final;1335.829;1733.564;1335.829;293.564;312.398
4274.1;1;Vespucio Norte;final;1477.781;2769.405;37.781;1329.405;67.671
4275;1;Vespucio Norte;final;1289.27;1745.564;1289.27;305.564;300.768
4276;1;Vespucio Norte;final;1263.417;1757.564;1263.417;317.564;303.998
4276.1;1;Vespucio Norte;final;1452.826;2662.973;12.826;1222.973;91.504
4277;1;Vespucio Norte;final;1269.887;1769.564;1269.887;329.564;305.843
4278;1;Vespucio Norte;final;1356.295;1781.564;1356.295;341.564;300.393
4279;1;Vespucio Norte;final;1373.372;1803.564;1373.372;363.564;304.052
4280;1;Vespucio Norte;final;1332.003;1853.564;1332.003;413.564;288.564
4280.1;1;Vespucio Norte;final;1449.614;2740.773;9.614;1300.773;69.738
4281;1;Vespucio Norte;final;1353.515;1863.564;1353.515;423.564;270.852
4282;1;Vespucio Norte;final;1332.115;1757.76;1332.115;317.76;280.126
4283;1;Vespucio Norte;final;1200.371;1769.76;1200.371;329.76;238.889
4284;1;Vespucio Norte;final;1236.371;1781.76;1236.371;341.76;238.889
4285;1;Vespucio Norte;final;1236.115;1793.76;1236.115;353.76;247.454
4286;1;Vespucio Norte;final;1397.815;1805.76;1397.815;365.76;303.89
4287;1;Vespucio Norte;final;1432.082;1817.76;1432.082;377.76;304.169
4287.1;1;Vespucio Norte;final;1512.887;2867.694;72.887;1427.694;38.855
4288;1;Vespucio Norte;final;1236.237;1829.01;1236.237;389.01;221.649
4289;1;Vespucio Norte;final;1346.454;1840.26;1346.454;400.26;258.348
4290;1;Vespucio Norte;final;1444.354;1851.51;4.354;411.51;291.299
4290.1;1;Vespucio Norte;final;1517.749;2867.694;77.749;1427.694;43.105
4291;1;Vespucio Norte;final;1500.615;1896.51;60.615;456.51;314.528
4292;1;Vespucio Norte;final;1183.581;1907.76;1183.581;467.76;196.331
4293;1;Vespucio Norte;final;1346.304;1920.61;1346.304;480.61;243.195
4294;1;El Conquistador;final;891.867;1469.779;891.867;29.779;279.632
4294.1;1;El Conquistador;final;1368.767;2318.979;1368.767;878.979;177.634
4295;1;El Conquistador;final;1229.998;1749.779;1229.998;309.779;263.493
4296;1;El Conquistador;final;1302.667;1759.779;1302.667;319.779;281.919
4296.1;1;El Conquistador;final;1525.001;2691.179;85.001;1251.179;127.615
4297;1;El Conquistador;final;1346.048;1769.779;1346.048;329.779;298.145
4298;1;El Conquistador;final;1253.849;1779.779;1253.849;339.779;283.34
4299;1;El Conquistador;final;1372.667;1789.779;1372.667;349.779;305.099
4299.1;1;El Conquistador;final;1490.751;2759.779;50.751;1319.779;76.485
4300;1;El Conquistador;final;1364.451;1799.779;1364.451;359.779;305.654
4301;1;El Conquistador;final;1287.517;1807.946;1287.517;367.946;282.801
4301.1;1;El Conquistador;final;1520.751;2678.329;80.751;1238.329;128.203
4302;1;El Conquistador;final;1392.667;1816.112;1392.667;376.112;302.812
4302.1;1;El Conquistador;final;1502.939;2781.179;62.939;1341.179;74.68
4303;1;El Conquistador;final;1259.917;1824.279;1259.917;384.279;282.801
4304;1;El Conquistador;final;1277.084;1832.446;1277.084;392.446;277.672
4305;1;El Conquistador;final;1407.117;1840.612;1407.117;400.612;305.654
4305.1;1;El Conquistador;final;1520.072;2798.312;80.072;1358.312;74.68
4306;1;El Conquistador;final;1255.617;1848.779;1255.617;408.779;230.756
4307;1;El Conquistador;final;1404.572;1856.946;1404.572;416.946;303.294
4307.1;1;El Conquistador;final;1483.251;2755.469;43.251;1315.469;75.674
4308;1;El Conquistador;final;1260.767;1865.112;1260.767;425.112;275.385
4309;1;El Conquistador;final;1386.048;1873.279;1386.048;433.279;299.256
4309.1;1;El Conquistador;final;1491.318;2807.039;51.318;1367.039;58.105
4310;1;El Conquistador;final;1254.417;1889.779;1254.417;449.779;257.334
4311;1;El Conquistador;final;1344.767;1923.529;1344.767;483.529;280.514
4312;1;El Conquistador;final;774.184;1409.779;774.184;1409.779;306.209
4312.1;1;El Conquistador;final;1374.572;2211.179;1374.572;771.179;203.256
4313;1;El Conquistador;final;849.467;1439.779;849.467;1439.779;305.066
4313.1;1;El Conquistador;final;1206.267;2279.779;1206.267;839.779;102.18
4314;1;El Conquistador;final;846.867;1469.779;846.867;29.779;302.779
4314.1;1;El Conquistador;final;1443.417;2274.779;3.417;834.779;202.218
4315;1;El Conquistador;final;1173.017;1649.779;1173.017;209.779;306.797
4315.1;1;El Conquistador;final;1549.001;2559.779;109.001;1119.779;175.935
4316;1;El Conquistador;final;978.722;1415.089;978.722;1415.089;305.279
4316.1;1;El Conquistador;final;1459.101;2407.862;19.101;967.862;177.038
4317;1;El Conquistador;final;1180.161;1445.089;1180.161;5.089;280.515
4317.1;1;El Conquistador;final;1324.81;2559.271;1324.81;1119.271;86.832
4318;1;El Conquistador;intermedia;705.653;735.0;705.653;735.0;295.818
4318;2;El Conquistador;final;1049.897;1404.271;1049.897;1404.271;99.827
4318.1;1;El Conquistador;final;1242.397;2385.575;1242.397;945.575;111.459
4319;1;El Conquistador;final;860.097;1434.271;860.097;1434.271;314.27
4319.1;1;El Conquistador;final;1322.539;2197.825;1322.539;757.825;187.498
4320;1;Vespucio Norte;final;1330.198;1856.033;1330.198;416.033;276.544
4321;1;Vespucio Norte;final;1347.493;1763.176;1347.493;323.176;314.706
4321.1;1;Vespucio Norte;final;1392.417;2665.441;1392.417;1225.441;71.51
4322;1;Vespucio Norte;final;1274.039;1775.176;1274.039;335.176;272.879
4323;1;Vespucio Norte;final;1278.936;1787.176;1278.936;347.176;287.989
4324;1;Vespucio Norte;final;1326.098;1799.176;1326.098;359.176;281.419
4324.1;1;Vespucio Norte;final;1473.532;2713.349;33.532;1273.349;96.814
4325;1;Vespucio Norte;final;1431.331;1811.176;1431.331;371.176;306.93
4326;1;Vespucio Norte;final;1260.36;1826.759;1260.36;386.759;258.41
4327;1;Vespucio Norte;final;1269.346;1835.325;1269.346;395.325;313.297
4327.1;1;Vespucio Norte;final;1493.789;2700.848;53.789;1260.848;107.845
4328;1;Vespucio Norte;final;1237.996;1852.459;1237.996;412.459;206.505
4329;1;Vespucio Norte;final;1297.317;1865.309;1297.317;425.309;264.243
4330;1;Vespucio Norte;final;1271.863;1869.592;1271.863;429.592;273.108
4330.1;1;Vespucio Norte;final;1468.427;2707.163;28.427;1267.163;87.177
4331;1;Vespucio Norte;final;1456.702;1882.442;16.702;442.442;291.161
4332;1;Vespucio Norte;final;1292.622;1886.725;1292.622;446.725;246.688
4333;1;Vespucio Norte;final;1258.329;1912.425;1258.329;472.425;254.199
4334;1;Vespucio Norte;final;1254.936;1912.475;1254.936;472.475;230.146
4335;1;Vespucio Norte;final;1302.55;1852.415;1302.55;412.415;288.671
4335.1;1;Vespucio Norte;final;1486.214;2704.832;46.214;1264.832;95.067
4336;1;Vespucio Norte;final;1237.596;1882.415;1237.596;442.415;220.874
4337;1;Vespucio Norte;final;1267.905;1762.298;1267.905;322.298;268.792
4337.1;1;Vespucio Norte;final;1390.422;2647.369;1390.422;1207.369;87.4
4338;1;Vespucio Norte;final;1204.261;1774.298;1204.261;334.298;276.826
4339;1;Vespucio Norte;final;1434.348;1867.298;1434.348;427.298;306.779
4340;1;Vespucio Norte;final;1257.417;1762.593;1257.417;322.593;294.83
4340.1;1;Vespucio Norte;final;1482.645;2662.33;42.645;1222.33;99.695
4341;1;Vespucio Norte;final;1400.011;1782.593;1400.011;342.593;265.516
4342;1;Vespucio Norte;final;1445.236;1822.593;5.236;382.593;274.214
4343;1;Vespucio Norte;final;1350.811;1852.593;1350.811;412.593;309.67
4344;1;Vespucio Norte;final;1356.955;1882.593;1356.955;442.593;284.21
4345;1;Vespucio Norte;final;1416.86;1912.593;1416.86;472.593;279.311
4345.1;1;Vespucio Norte;final;1516.214;2834.707;76.214;1394.707;54.309
4346;1;El Conquistador;final;1208.643;1743.284;1208.643;303.284;289.432
4347;1;El Conquistador;final;1239.141;1773.284;1239.141;333.284;269.576
4347.1;1;El Conquistador;final;1607.919;2625.61;167.919;1185.61;185.356
4348;1;El Conquistador;final;1449.242;1803.284;9.242;363.284;304.219
4348.1;1;El Conquistador;final;1508.492;2861.542;68.492;1421.542;38.205
4349;1;El Conquistador;final;1290.059;1833.284;1290.059;393.284;261.254
4349.1;1;El Conquistador;final;1501.851;2693.28;61.851;1253.28;104.761
4350;1;El Conquistador;final;1291.175;1863.284;1291.175;423.284;269.767
4351;1;El Conquistador;final;1308.497;1893.284;1308.497;453.284;238.056
4352;1;Vespucio Norte;final;1255.689;1764.225;1255.689;324.225;285.752
4353;1;Vespucio Norte;final;1242.817;1774.225;1242.817;334.225;262.374
4354;1;Vespucio Norte;final;1359.739;1784.225;1359.739;344.225;299.715
4354.1;1;Vespucio Norte;final;1438.956;2799.396;1438.956;1359.396;38.07
4355;1;Vespucio Norte;final;1308.617;1794.225;1308.617;354.225;279.946
4355.1;1;Vespucio Norte;final;1403.939;2754.346;1403.939;1314.346;38.07
4356;1;Vespucio Norte;final;1156.912;1804.225;1156.912;364.225;259.2
4356.1;1;Vespucio Norte;final;1453.179;2589.654;13.179;1149.654;134.913
4357;1;Vespucio Norte;final;1191.034;1814.225;1191.034;374.225;234.288
4358;1;Vespucio Norte;final;1150.548;1824.225;1150.548;384.225;227.285
4359;1;Vespucio Norte;final;1334.455;1874.225;1334.455;434.225;269.221
4359.1;1;Vespucio Norte;final;1457.922;2714.869;17.922;1274.869;87.4
4360;1;Vespucio Norte;final;1341.017;1894.225;1341.017;454.225;252.189
4361;1;Vespucio Norte;final;1252.034;1904.225;1252.034;464.225;212.277
4362;1;Vespucio Norte;final;1437.427;1914.225;1437.427;474.225;294.824
4363;1;Vespucio Norte;final;1268.017;2544.225;1268.017;1104.225;62.331
4364;1;Vespucio Norte;final;1275.417;1762.372;1275.417;322.372;308.17
4364.1;1;Vespucio Norte;final;1352.076;2674.832;1352.076;1234.832;52.114
4365;1;Vespucio Norte;final;1332.517;1777.372;1332.517;337.372;292.538
4365.1;1;Vespucio Norte;final;1436.479;2734.761;1436.479;1294.761;68.458
4366;1;Vespucio Norte;final;1355.179;1792.372;1355.179;352.372;270.257
4366.1;1;Vespucio Norte;final;1453.496;2786.429;13.496;1346.429;51.221
4367;1;Vespucio Norte;final;1372.194;1837.372;1372.194;397.372;287.481
4367.1;1;Vespucio Norte;final;1452.478;2780.773;12.478;1340.773;52.633
4368;1;Vespucio Norte;final;497.162;1844.872;497.162;404.872;39.125
4369;1;Vespucio Norte;final;1292.039;1852.372;1292.039;412.372;242.692
4370;1;Vespucio Norte;final;1295.255;1867.372;1295.255;427.372;246.538
4371;1;Vespucio Norte;final;1344.3;1874.872;1344.3;434.872;272.201
4372;1;Vespucio Norte;final;839.245;1728.875;839.245;288.875;196.111
4373;1;Vespucio Norte;final;1221.336;1743.875;1221.336;303.875;249.509
4374;1;Vespucio Norte;final;1280.968;1758.875;1280.968;318.875;307.836
4374.1;1;Vespucio Norte;final;1447.283;2688.548;7.283;1248.548;92.19
4375;1;Vespucio Norte;final;1298.622;1798.875;1298.622;358.875;269.231
4375.1;1;Vespucio Norte;final;1475.144;2681.119;35.144;1241.119;112.256
4376;1;Vespucio Norte;final;1342.329;1828.875;1342.329;388.875;310.335
4377;1;Vespucio Norte;final;1181.622;1424.797;1181.622;1424.797;305.722
4377.1;1;Vespucio Norte;final;1472.478;2564.119;32.478;1124.119;149.743
4378;1;Vespucio Norte;final;1247.363;1754.436;1247.363;314.436;303.884
4379;1;Vespucio Norte;final;1265.261;1774.436;1265.261;334.436;278.885
4380;1;Vespucio Norte;final;1360.445;1794.436;1360.445;354.436;261.009
4381;1;Vespucio Norte;final;1182.798;1844.436;1182.798;404.436;234.347
4382;1;Vespucio Norte;final;1318.645;1874.436;1318.645;434.436;257.121
4383;1;Vespucio Norte;final;1209.145;2534.436;1209.145;1094.436;45.276
4384;1;Vespucio Norte;final;1456.214;1738.024;16.214;298.024;267.925
4385;1;Vespucio Norte;final;1301.311;1758.024;1301.311;318.024;295.501
4386;1;Vespucio Norte;final;1265.689;1798.024;1265.689;358.024;252.695
4387;1;Vespucio Norte;final;1349.178;1828.024;1349.178;388.024;281.436
4388;1;Vespucio Norte;final;1395.144;1843.024;1395.144;403.024;308.366
4388.1;1;Vespucio Norte;final;1474.078;2812.773;34.078;1372.773;44.595
4389;1;Vespucio Norte;final;1232.561;1858.024;1232.561;418.024;238.138
4390;1;Vespucio Norte;final;1316.711;1736.119;1316.711;296.119;304.832
4391;1;Vespucio Norte;final;1303.365;1744.686;1303.365;304.686;298.343
4392;1;Vespucio Norte;final;1394.348;1753.253;1394.348;313.253;293.534
4393;1;Vespucio Norte;final;623.865;1761.819;623.865;321.819;110.283
4394;1;Vespucio Norte;final;1356.636;1770.386;1356.636;330.386;289.076
4395;1;Vespucio Norte;final;1217.098;1787.519;1217.098;347.519;277.432
4395.1;1;Vespucio Norte;final;1502.782;2602.349;62.782;1162.349;160.792
4396;1;Vespucio Norte;final;1486.255;1796.119;46.255;356.119;298.559
4397;1;Vespucio Norte;final;1370.798;1812.969;1370.798;372.969;300.752
4397.1;1;Vespucio Norte;final;1503.532;2758.349;63.532;1318.349;96.814
4398;1;Vespucio Norte;final;1322.979;1818.586;1322.979;378.586;237.645
4399;1;Vespucio Norte;final;1358.622;1829.819;1358.622;389.819;217.684
4400;1;Vespucio Norte;final;1381.695;1880.369;1381.695;440.369;197.455
4401;1;Vespucio Norte;final;1325.548;1741.38;1325.548;301.38;308.404
4401.1;1;Vespucio Norte;final;1514.048;2710.349;74.048;1270.349;120.133
4402;1;Vespucio Norte;final;1311.283;1756.38;1311.283;316.38;292.779
4402.1;1;Vespucio Norte;final;1491.317;2716.761;51.317;1276.761;92.64
4403;1;Vespucio Norte;final;1160.769;1771.38;1160.769;331.38;149.696
4404;1;Vespucio Norte;final;1331.964;1786.38;1331.964;346.38;258.153
4405;1;Vespucio Norte;final;1183.23;1801.38;1183.23;361.38;228.392
4406;1;Vespucio Norte;final;1360.122;1806.996;1360.122;366.996;221.103
4407;1;Vespucio Norte;final;616.429;1818.23;616.429;378.23;89.865
4408;1;Vespucio Norte;final;1371.636;1823.846;1371.636;383.846;261.684
4409;1;Vespucio Norte;final;1364.328;1835.08;1364.328;395.08;284.101
4410;1;Vespucio Norte;final;1298.136;1840.696;1298.136;400.696;207.585
4411;1;Vespucio Norte;final;1325.246;1851.93;1325.246;411.93;261.007
4412;1;Vespucio Norte;final;1310.968;1857.546;1310.968;417.546;232.007
4413;1;Vespucio Norte;final;1348.679;1863.163;1348.679;423.163;253.981
4414;1;Vespucio Norte;final;1328.113;1868.78;1328.113;428.78;252.049
4415;1;Vespucio Norte;final;1422.636;1874.396;1422.636;434.396;248.897
4416;1;Vespucio Norte;final;1160.446;1891.38;1160.446;451.38;173.329
4417;1;La Reina;final;1121.55;1420.198;1121.55;1420.198;263.036
4417.1;1;La Reina;final;1381.128;2515.287;1381.128;1075.287;106.986
4418;1;La Reina;final;1233.602;1450.198;1233.602;10.198;305.251
4418.1;1;La Reina;final;1389.369;2650.198;1389.369;1210.198;75.111
4419;1;La Reina;final;1300.5;1750.198;1300.5;310.198;311.75
4419.1;1;La Reina;final;1551.266;2685.353;111.266;1245.353;147.235
4420;1;La Reina;final;1217.079;1760.198;1217.079;320.198;303.548
4420.1;1;La Reina;final;1276.821;2603.488;1276.821;1163.488;50.192
4421;1;La Reina;final;1176.452;1770.198;1176.452;330.198;243.623
4422;1;La Reina;final;1211.802;1780.198;1211.802;340.198;257.846
4423;1;La Reina;final;1288.8;1790.198;1288.8;350.198;286.974
4424;1;La Reina;final;1127.085;1815.481;1127.085;375.481;208.97
4425;1;La Reina;final;1169.385;1826.048;1169.385;386.048;223.229
4426;1;La Reina;final;1372.978;1831.331;1372.978;391.331;292.536
4427;1;La Reina;final;1228.805;1841.898;1228.805;401.898;234.845
4427.1;1;La Reina;final;1483.745;2659.464;43.745;1219.464;102.874
4428;1;La Reina;final;1306.693;1852.465;1306.693;412.465;293.531
4428.1;1;La Reina;final;1460.993;2711.771;20.993;1271.771;83.358
4429;1;La Reina;final;1255.402;1857.748;1255.402;417.748;223.97
4430;1;La Reina;final;1272.916;1868.315;1272.916;428.315;246.929
4430.1;1;La Reina;final;1449.645;2655.353;9.645;1215.353;106.986
4431;1;La Reina;final;1292.673;1878.881;1292.673;438.881;293.971
4432;1;La Reina;final;1184.452;1884.165;1184.452;444.165;208.97
4433;1;La Reina;final;1366.116;1894.731;1366.116;454.731;282.688
4434;1;La Reina;final;1192.165;1900.198;1192.165;460.198;228.192
4435;1;La Reina;final;1478.452;1915.198;38.452;475.198;297.659
4436;1;La Reina;final;1361.217;1945.198;1361.217;505.198;263.111
4437;1;La Reina;final;1361.212;1990.198;1361.212;550.198;241.332
4438;1;La Reina;final;1392.378;2474.198;1392.378;1034.198;133.901
4439;1;La Reina;final;1144.928;1398.021;1144.928;1398.021;279.893
4439.1;1;La Reina;final;1274.58;2537.154;1274.58;1097.154;70.664
4440;1;La Reina;final;1119.352;1428.021;1119.352;1428.021;299.087
4440.1;1;La Reina;final;1298.616;2530.131;1298.616;1090.131;75.141
4441;1;La Reina;final;1282.165;1740.021;1282.165;300.021;295.023
4442;1;La Reina;final;1292.069;1752.021;1292.069;312.021;298.051
4442.1;1;La Reina;final;1505.096;2704.198;65.096;1264.198;102.033
4443;1;La Reina;final;1304.58;1853.355;1304.58;413.355;171.805
4444;1;La Reina;final;1141.865;1747.438;1141.865;307.438;122.77
4445;1;La Reina;final;579.698;1762.438;579.698;322.438;98.72
4446;1;La Reina;final;1156.852;1777.438;1156.852;337.438;228.457
4447;1;La Reina;final;1334.573;1822.438;1334.573;382.438;285.362
4448;1;La Reina;final;1404.56;1827.438;1404.56;387.438;283.476
4448.1;1;La Reina;final;1492.49;2812.438;52.49;1372.438;61.429
4449;1;La Reina;final;513.667;1837.438;513.667;397.438;42.798
4450;1;La Reina;final;518.667;1842.438;518.667;402.438;42.798
4451;1;La Reina;final;528.667;1852.438;528.667;412.438;42.798
4452;1;La Reina;final;1187.943;1857.438;1187.943;417.438;235.316
4453;1;La Reina;final;543.667;1867.438;543.667;427.438;42.798
4454;1;La Reina;final;548.667;1872.438;548.667;432.438;42.798
4455;1;La Reina;final;553.667;1877.438;553.667;437.438;42.798
4456;1;La Reina;final;1373.123;1826.086;1373.123;386.086;312.923
4456.1;1;La Reina;final;1457.167;2719.769;17.167;1279.769;86.947
4457;1;La Reina;final;1371.6;1838.086;1371.6;398.086;282.744
4458;1;La Reina;final;1043.781;1416.218;1043.781;1416.218;309.163
4458.1;1;La Reina;final;1359.629;2424.741;1359.629;984.741;124.886
4459;1;La Reina;final;505.57;1446.218;505.57;6.218;216.911
4460;1;La Reina;final;524.603;1476.218;524.603;36.218;201.879
4461;1;La Reina;final;1309.055;1758.218;1309.055;318.218;298.54
4461.1;1;La Reina;final;1549.262;2749.598;109.262;1309.598;102.874
4462;1;La Reina;final;1249.503;1806.218;1249.503;366.218;201.136
4463;1;La Reina;final;500.287;1813.718;500.287;373.718;44.038
4464;1;La Reina;final;1358.92;1821.218;1358.92;381.218;257.383
4465;1;La Reina;final;1381.552;1828.718;1381.552;388.718;269.76
4466;1;La Reina;final;1144.353;1836.218;1144.353;396.218;162.487
4467;1;La Reina;final;1346.855;1843.718;1346.855;403.718;250.631
4468;1;La Reina;final;1189.37;1851.218;1189.37;411.218;195.512
4469;1;La Reina;final;1479.129;1858.718;39.129;418.718;286.842
4470;1;La Reina;final;1129.487;1873.718;1129.487;433.718;152.039
4471;1;La Reina;final;1129.37;1888.718;1129.37;448.718;148.976
4472;1;La Reina;final;1260.796;1806.218;1260.796;366.218;263.922
4472.1;1;La Reina;final;1381.897;2666.355;1381.897;1226.355;68.837
4473;1;La Reina;final;520.92;1818.218;520.92;378.218;47.004
4474;1;La Reina;final;1407.687;1824.218;1407.687;384.218;300.425
4474.1;1;La Reina;final;1613.612;2815.708;173.612;1375.708;111.363
4475;1;La Reina;final;1463.912;1830.218;23.912;390.218;294.037
4476;1;La Reina;final;547.552;1842.218;547.552;402.218;49.576
4477;1;La Reina;final;499.753;1848.218;499.753;408.218;33.184
4478;1;La Reina;final;1444.57;1860.218;4.57;420.218;282.211
4478.1;1;La Reina;final;1640.279;2842.375;200.279;1402.375;111.363
4479;1;La Reina;final;1374.287;1866.218;1374.287;426.218;247.827
4479.1;1;La Reina;final;1573.612;2775.708;133.612;1335.708;111.363
4480;1;La Reina;final;1268.403;1896.218;1268.403;456.218;176.307
4481;1;La Reina;final;1194.862;1812.782;1194.862;372.782;228.674
4482;1;La Reina;final;1152.119;1817.282;1152.119;377.282;205.551
4483;1;La Reina;final;500.552;1821.782;500.552;381.782;40.134
4484;1;La Reina;final;1270.402;1826.282;1270.402;386.282;238.49
4485;1;La Reina;final;1351.195;1830.782;1351.195;390.782;266.209
4486;1;La Reina;final;1295.087;1835.282;1295.087;395.282;237.925
4487;1;La Reina;final;1339.255;1853.282;1339.255;413.282;252.223
4488;1;La Reina;final;536.552;1857.782;536.552;417.782;40.134
4489;1;La Reina;final;1318.968;1871.282;1318.968;431.282;213.656
4490;1;La Reina;final;1288.968;1889.282;1288.968;449.282;255.313
4491;1;La Reina;final;1441.063;1906.866;1.063;466.866;249.416
4492;1;La Reina;final;1373.92;2652.782;1373.92;1212.782;61.622
4493;1;La Reina;final;516.82;1430.658;516.82;1430.658;213.836
4494;1;La Reina;final;1151.829;1760.658;1151.829;320.658;273.221
4494.1;1;La Reina;final;1382.446;2499.253;1382.446;1059.253;132.886
4495;1;La Reina;final;1263.735;1770.658;1263.735;330.658;251.207
4496;1;La Reina;final;1363.886;1780.658;1363.886;340.658;288.441
4496.1;1;La Reina;final;1560.279;2762.375;120.279;1322.375;111.363
4497;1;La Reina;final;1284.268;1790.658;1284.268;350.658;257.933
4498;1;La Reina;final;1168.626;1800.658;1168.626;360.658;197.571
4499;1;La Reina;final;1212.168;1810.658;1212.168;370.658;228.952
4500;1;La Reina;final;1212.152;1820.658;1212.152;380.658;112.202
4501;1;La Reina;final;1497.862;1830.658;57.862;390.658;314.197
4502;1;La Reina;final;1363.838;1840.658;1363.838;400.658;254.373
4503;1;La Reina;final;1482.322;1850.658;42.322;410.658;310.303
4504;1;La Reina;final;1445.476;1860.658;5.476;420.658;299.091
4504.1;1;La Reina;final;1505.981;2795.974;65.981;1355.974;71.843
4505;1;La Reina;final;1175.905;1870.658;1175.905;430.658;201.449
4506;1;La Reina;final;1262.805;1880.658;1262.805;440.658;204.523
4507;1;La Reina;final;1403.838;1890.658;1403.838;450.658;253.191
4508;1;La Reina;final;1347.362;1900.658;1347.362;460.658;226.093
4509;1;La Reina;final;1216.054;1910.658;1216.054;470.658;200.84
4510;1;La Reina;final;1369.855;1946.658;1369.855;506.658;223.351
4511;1;La Reina;final;1406.163;2000.658;1406.163;560.658;234.612
4512;1;La Reina;final;1293.505;2540.474;1293.505;1100.474;52.14
4513;1;La Reina;final;1246.722;2540.658;1246.722;1100.658;52.14
4514;1;La Reina;final;1266.543;1825.757;1266.543;385.757;254.645
4515;1;La Reina;final;1284.662;1820.658;1284.662;380.658;241.428
4516;1;La Reina;final;1296.062;1831.908;1296.062;391.908;257.974
4517;1;La Reina;final;1326.09;1843.158;1326.09;403.158;280.708
4518;1;La Reina;final;1412.45;1854.408;1412.45;414.408;298.109
4519;1;La Reina;final;1466.279;1865.658;26.279;425.658;306.797
4520;1;La Reina;final;1302.181;1876.908;1302.181;436.908;237.101
4521;1;La Reina;final;1349.872;1888.158;1349.872;448.158;278.215
4522;1;La Reina;final;1381.614;1899.408;1381.614;459.408;301.49
4522.1;1;La Reina;final;1513.212;2786.358;73.212;1346.358;76.534
4523;1;La Reina;final;1393.063;1910.658;1393.063;470.658;292.655
4523.1;1;La Reina;final;1613.112;2829.648;173.112;1389.648;102.874
4524;1;La Reina;final;1272.405;2540.658;1272.405;1100.658;45.73
4525;1;La Reina;final;1277.9;1746.765;1277.9;306.765;308.684
4525.1;1;La Reina;final;1540.248;2655.353;100.248;1215.353;143.205
4526;1;La Reina;final;1201.893;1761.765;1201.893;321.765;271.714
4527;1;La Reina;final;1373.746;1791.765;1373.746;351.765;292.254
4527.1;1;La Reina;final;1455.96;2763.754;15.96;1323.754;58.67
4528;1;La Reina;final;1232.31;1803.015;1232.31;363.015;290.742
4528.1;1;La Reina;final;1388.633;2623.623;1388.633;1183.623;103.093
4529;1;La Reina;final;1379.369;1814.265;1379.369;374.265;295.501
4529.1;1;La Reina;final;1466.467;2791.598;26.467;1351.598;55.563
4530;1;La Reina;final;1309.866;1825.515;1309.866;385.515;266.002
4531;1;La Reina;final;1359.431;1848.015;1359.431;408.015;304.095
4531.1;1;La Reina;final;1457.671;2737.202;17.671;1297.202;75.832
4532;1;La Reina;final;1284.58;1859.265;1284.58;419.265;254.914
4533;1;La Reina;final;1397.719;1870.515;1397.719;430.515;295.501
4533.1;1;La Reina;final;1483.6;2808.731;43.6;1368.731;55.563
4534;1;La Reina;final;538.271;1760.198;538.271;320.198;87.341
4535;1;La Reina;final;1130.377;1770.198;1130.377;330.198;236.297
4536;1;La Reina;final;1372.562;1780.198;1372.562;340.198;298.522
4536.1;1;La Reina;final;1605.812;2669.276;165.812;1229.276;185.593
4537;1;La Reina;final;1317.756;1800.198;1317.756;360.198;296.038
4538;1;La Reina;final;1324.58;1828.198;1324.58;388.198;175.196
4539;1;La Reina;final;1334.58;1846.198;1334.58;406.198;175.196
4540;1;La Reina;final;1445.171;1900.198;5.171;460.198;307.372
4540.1;1;La Reina;final;1515.648;2860.079;75.648;1420.079;43.205
4541;1;La Reina;final;1179.102;1916.531;1179.102;476.531;189.317
4542;1;La Reina;final;1471.868;1932.865;31.868;492.865;299.23
4543;1;La Reina;final;1148.235;1990.198;1148.235;550.198;154.665
4544;1;La Reina;final;1464.266;2474.715;24.266;1034.715;159.31
4545;1;La Reina;final;1388.452;2530.198;1388.452;1090.198;114.888
4546;1;La Reina;final;1160.396;1772.245;1160.396;332.245;254.323
4547;1;La Reina;final;1317.181;1784.245;1317.181;344.245;281.733
4547.1;1;La Reina;final;1457.719;2702.027;17.719;1262.027;92.042
4548;1;La Reina;final;1351.886;1796.245;1351.886;356.245;295.989
4549;1;La Reina;final;1440.326;1820.245;0.326;380.245;314.739
4550;1;La Reina;final;1367.905;1835.245;1367.905;395.245;282.391
4551;1;La Reina;final;1158.719;1850.245;1158.719;410.245;212.275
4552;1;La Reina;final;1249.922;1865.245;1249.922;425.245;233.71
4553;1;La Reina;final;1449.855;1880.245;9.855;440.245;297.794
4554;1;La Reina;final;1345.415;2540.245;1345.415;1100.245;95.002
4555;1;La Reina;final;1169.623;1743.614;1169.623;303.614;313.748
4555.1;1;La Reina;final;1259.623;2572.927;1259.623;1132.927;59.986
4556;1;La Reina;final;1200.268;1767.614;1200.268;327.614;273.297
4557;1;La Reina;final;1340.537;1848.781;1340.537;408.781;284.239
4558;1;La Reina;final;1204.795;1759.353;1204.795;319.353;283.277
4558.1;1;La Reina;final;1310.6;2506.976;1310.6;1066.976;108.09
4559;1;La Reina;final;525.9;1771.353;525.9;331.353;79.212
4560;1;La Reina;final;1344.58;1796.258;1344.58;356.258;196.882
4561;1;La Reina;final;1354.58;1805.258;1354.58;365.258;196.882
4562;1;La Reina;final;554.194;1814.258;554.194;374.258;67.649
4563;1;La Reina;final;563.194;1823.258;563.194;383.258;67.649
4564;1;La Reina;final;572.194;1832.258;572.194;392.258;67.649
4565;1;La Reina;final;1246.727;1841.258;1246.727;401.258;280.365
4566;1;La Reina;final;1204.069;1850.258;1204.069;410.258;235.78
4567;1;La Reina;final;1184.785;1859.258;1184.785;419.258;246.486
4568;1;La Reina;final;1420.315;1868.258;1420.315;428.258;305.407
4568.1;1;La Reina;final;1496.388;2807.777;56.388;1367.777;59.679
4569;1;La Reina;final;1351.212;1885.353;1351.212;445.353;270.105
4570;1;La Reina;final;1295.465;1750.198;1295.465;310.198;290.496
4571;1;La Reina;final;541.75;1760.198;541.75;320.198;90.216
4572;1;La Reina;final;1339.243;1770.198;1339.243;330.198;304.793
4572.1;1;La Reina;final;1515.9;2687.807;75.9;1247.807;126.369
4573;1;La Reina;final;1340.065;1780.198;1340.065;340.198;292.787
4573.1;1;La Reina;final;1447.366;2727.777;7.366;1287.777;81.23
4574;1;La Reina;final;1345.405;1790.198;1345.405;350.198;290.094
4575;1;La Reina;final;1431.736;1800.198;1431.736;360.198;313.875
4575.1;1;La Reina;final;1468.885;2831.708;28.885;1391.708;36.117
4576;1;La Reina;final;1371.212;1810.198;1371.212;370.198;308.354
4577;1;La Reina;final;1325.785;1817.115;1325.785;377.115;294.735
4577.1;1;La Reina;final;1535.0;2740.198;95.0;1300.198;114.992
4578;1;La Reina;final;1342.673;1830.948;1342.673;390.948;291.055
4579;1;La Reina;final;1278.7;1844.781;1278.7;404.781;267.689
4579.1;1;La Reina;final;1527.266;2665.353;87.266;1225.353;147.235
4580;1;La Reina;final;1460.583;1858.615;20.583;418.615;304.21
4580.1;1;La Reina;final;1573.3;2850.917;133.3;1410.917;73.617
4581;1;La Reina;final;1436.5;1865.531;1436.5;425.531;296.712
4582;1;La Reina;final;1384.266;1879.365;1384.266;439.365;311.011
4583;1;La Reina;final;1216.452;1893.198;1216.452;453.198;85.619
4584;1;La Reina;final;1141.185;1900.198;1141.185;460.198;178.801
4585;1;La Reina;final;1283.085;1951.531;1283.085;511.531;213.454
4586;1;La Reina;final;1200.452;1977.198;1200.452;537.198;202.739
4587;1;La Reina;final;1359.369;1990.198;1359.369;550.198;233.106
4588;1;La Reina;final;1489.645;2530.198;49.645;1090.198;152.643
4589;1;La Reina;final;1024.093;1449.253;1024.093;9.253;303.876
4589.1;1;La Reina;final;1289.273;2435.614;1289.273;995.614;167.568
4590;1;La Reina;intermedia;1004.938;1026.0;1004.938;1026.0;276.316
4590;2;La Reina;final;1276.71;1539.253;1276.71;99.253;71.709
4590.1;1;La Reina;final;1592.539;2673.856;152.539;1233.856;180.334
4591;1;La Reina;final;1193.713;1719.253;1193.713;279.253;311.687
4591.1;1;La Reina;final;1306.146;2542.853;1306.146;1102.853;88.186
4592;1;La Reina;final;1204.613;1731.253;1204.613;291.253;311.687
4592.1;1;La Reina;final;1317.046;2553.753;1317.046;1113.753;88.186
4593;1;La Reina;final;1259.922;1743.253;1259.922;303.253;260.637
4594;1;La Reina;final;1259.113;1755.253;1259.113;315.253;311.687
4594.1;1;La Reina;final;1371.546;2608.253;1371.546;1168.253;88.186
4595;1;La Reina;final;1226.413;1767.253;1226.413;327.253;311.687
4595.1;1;La Reina;final;1523.813;2575.553;83.813;1135.553;177.587
4596;1;La Reina;final;1291.813;1779.253;1291.813;339.253;311.687
4597;1;La Reina;final;1273.446;1792.103;1273.446;352.103;311.687
4598;1;La Reina;final;1284.346;1804.953;1284.346;364.953;311.687
4598.1;1;La Reina;final;1376.896;2632.103;1376.896;1192.103;88.186
4599;1;La Reina;final;1295.246;1817.803;1295.246;377.803;311.687
4599.1;1;La Reina;final;1389.746;2644.953;1389.746;1204.953;88.186
4600;1;La Reina;final;1327.946;1869.253;1327.946;429.253;311.687
4600.1;1;La Reina;final;1458.243;2683.503;18.243;1243.503;96.676
4601;1;La Reina;final;1176.353;1746.218;1176.353;306.218;224.335
4602;1;La Reina;final;1212.268;1756.218;1212.268;316.218;238.073
4603;1;La Reina;final;1151.255;1766.218;1151.255;326.218;227.33
4604;1;La Reina;final;1383.031;1776.218;1383.031;336.218;313.035
4605;1;La Reina;final;1246.65;1806.218;1246.65;366.218;203.98
4606;1;La Reina;final;1141.452;1813.718;1141.452;373.718;211.318
4607;1;La Reina;final;1488.235;1821.218;48.235;381.218;305.103
4608;1;La Reina;final;1240.65;1843.718;1240.65;403.718;189.908
4609;1;La Reina;final;1324.172;1851.218;1324.172;411.218;218.011
4610;1;La Reina;final;1315.945;1858.718;1315.945;418.718;236.333
4611;1;La Reina;final;1510.487;1873.718;70.487;433.718;301.44
4612;1;La Reina;final;1133.92;1896.218;1133.92;456.218;152.348
4613;1;La Reina;final;1090.793;1757.24;1090.793;317.24;311.483
4613.1;1;La Reina;final;1298.127;2486.84;1298.127;1046.84;135.299
4614;1;La Reina;final;1163.329;1772.24;1163.329;332.24;293.78
4614.1;1;La Reina;final;1348.027;2555.488;1348.027;1115.488;87.794
4615;1;La Reina;final;1254.76;1811.24;1254.76;371.24;305.305
4615.1;1;La Reina;final;1376.633;2658.771;1376.633;1218.771;64.191
4616;1;La Reina;final;1215.615;1815.74;1215.615;375.74;305.518
4617;1;La Reina;final;1221.115;1824.74;1221.115;384.74;301.429
4617.1;1;La Reina;final;1375.538;2604.977;1375.538;1164.977;84.644
4618;1;La Reina;final;1354.027;1829.24;1354.027;389.24;288.51
4619;1;La Reina;final;1145.643;1838.24;1145.643;398.24;248.807
4620;1;La Reina;final;1165.677;1847.24;1165.677;407.24;247.081
4621;1;La Reina;final;1282.69;1878.74;1282.69;438.74;291.986
4622;1;La Reina;final;1350.851;2522.24;1350.851;1082.24;114.874
4623;1;La Reina;final;1227.423;1714.769;1227.423;274.769;311.063
4623.1;1;La Reina;final;1344.41;2577.719;1344.41;1137.719;119.152
4624;1;La Reina;final;1265.079;1729.769;1265.079;289.769;313.999
4624.1;1;La Reina;final;1461.784;2657.488;21.784;1217.488;109.292
4625;1;La Reina;final;1112.131;1744.769;1112.131;304.769;306.391
4625.1;1;La Reina;final;1550.166;2502.777;110.166;1062.777;191.87
4626;1;La Reina;final;1268.567;1759.769;1268.567;319.769;296.877
4627;1;La Reina;final;1177.327;1785.336;1177.327;345.336;306.519
4627.1;1;La Reina;final;1247.327;2578.921;1247.327;1138.921;39.642
4628;1;La Reina;final;1156.604;1806.469;1156.604;366.469;296.99
4629;1;La Reina;final;1193.577;1817.036;1193.577;377.036;269.227
4630;1;La Reina;final;1230.76;1747.521;1230.76;307.521;279.027
4630.1;1;La Reina;final;1345.406;2647.254;1345.406;1207.254;61.429
4631;1;La Reina;final;1287.235;1759.521;1287.235;319.521;283.63
4631.1;1;La Reina;final;1500.733;2695.198;60.733;1255.198;114.992
4632;1;La Reina;final;1237.436;1807.521;1237.436;367.521;308.94
4632.1;1;La Reina;final;1402.596;2631.948;1402.596;1191.948;107.002
4633;1;La Reina;final;1325.179;1815.021;1325.179;375.021;268.659
4634;1;La Reina;final;1193.6;1822.521;1193.6;382.521;208.044
4635;1;La Reina;final;1437.662;1837.521;1437.662;397.521;313.736
4635.1;1;La Reina;final;1456.288;2676.245;16.288;1236.245;102.298
4636;1;La Reina;final;1246.91;1852.521;1246.91;412.521;223.496
4637;1;La Reina;final;1221.386;1860.021;1221.386;420.021;223.56
4638;1;La Reina;final;1290.16;1867.521;1290.16;427.521;234.668
4639;1;La Reina;final;1372.831;1897.521;1372.831;457.521;273.478
4639.1;1;La Reina;final;1481.633;2762.043;41.633;1322.043;81.23
4640;1;La Reina;final;1266.86;2455.521;1266.86;1015.521;79.036
4641;1;La Reina;final;1154.377;2463.521;1154.377;1023.521;39.642
4642;1;La Reina;final;1303.254;2487.521;1303.254;1047.521;79.059
4643;1;La Reina;final;1492.243;2519.521;52.243;1079.521;158.726
4644;1;La Reina;final;1238.205;1819.648;1238.205;379.648;240.934
4645;1;La Reina;final;1424.155;1839.648;1424.155;399.648;306.303
4645.1;1;La Reina;final;1639.779;2856.314;199.779;1416.314;102.874
4646;1;La Reina;final;1236.063;1849.648;1236.063;409.648;213.972
4647;1;La Reina;final;1401.776;1879.648;1401.776;439.648;289.373
4648;1;La Reina;final;1406.635;1889.648;1406.635;449.648;285.662
4648.1;1;La Reina;final;1505.048;2781.614;65.048;1341.614;81.165
4649;1;La Reina;final;1330.105;2539.648;1330.105;1099.648;78.977
4650;1;La Reina;final;1148.306;1757.927;1148.306;317.927;313.094
4650.1;1;La Reina;final;1468.259;2550.427;28.259;1110.427;179.859
4651;1;La Reina;final;1241.079;1767.927;1241.079;327.927;294.826
4651.1;1;La Reina;final;1507.49;2627.488;67.49;1187.488;157.715
4652;1;La Reina;final;1201.726;1777.927;1201.726;337.927;308.929
4652.1;1;La Reina;final;1573.112;2618.016;133.112;1178.016;168.849
4653;1;La Reina;final;1131.829;1787.927;1131.829;347.927;276.497
4653.1;1;La Reina;final;1280.913;2488.253;1280.913;1048.253;88.186
4654;1;La Reina;final;1320.06;1797.927;1320.06;357.927;305.513
4654.1;1;La Reina;final;1444.371;2724.621;4.371;1284.621;72.185
4655;1;La Reina;final;1243.476;1817.394;1243.476;377.394;308.929
4655.1;1;La Reina;final;1501.784;2647.521;61.784;1207.521;132.921
4656;1;La Reina;final;1165.406;1826.86;1165.406;386.86;270.909
4657;1;La Reina;final;1394.72;1836.327;1394.72;396.327;287.327
4657.1;1;La Reina;final;1496.876;2779.177;56.876;1339.177;74.519
4658;1;La Reina;final;1345.66;1841.06;1345.66;401.06;277.045
4659;1;La Reina;final;1182.506;1845.794;1182.506;405.794;270.909
4660;1;La Reina;final;1221.422;1850.527;1221.422;410.527;274.936
4660.1;1;La Reina;final;1415.446;2649.374;1415.446;1209.374;93.026
4661;1;La Reina;final;527.026;1855.26;527.026;415.26;53.305
4662;1;La Reina;final;1312.01;1878.927;1312.01;438.927;304.615
4663;1;La Reina;final;1282.673;1883.66;1282.673;443.66;313.094
4663.1;1;La Reina;final;1362.673;2687.927;1362.673;1247.927;59.986
4664;1;La Reina;final;1164.86;1897.927;1164.86;457.927;224.56
4665;1;La Reina;final;1277.743;2464.327;1277.743;1024.327;98.006
4666;1;La Reina;final;1352.673;2492.527;1352.673;1052.527;144.356
4667;1;La Reina;final;1300.069;2520.727;1300.069;1080.727;86.292
4668;1;La Reina;final;1178.143;1387.962;1178.143;1387.962;269.174
4669;1;La Reina;final;1033.106;1417.962;1033.106;1417.962;305.477
4669.1;1;La Reina;final;1308.859;2436.127;1308.859;996.127;137.674
4670;1;La Reina;final;1214.795;1717.962;1214.795;277.962;300.64
4670.1;1;La Reina;final;1353.085;2517.876;1353.085;1077.876;117.937
4671;1;La Reina;final;1329.243;1727.962;1329.243;287.962;313.266
4671.1;1;La Reina;final;1476.388;2676.557;36.388;1236.557;104.818
4672;1;La Reina;final;1136.906;1737.962;1136.906;297.962;305.477
4672.1;1;La Reina;final;1378.859;2542.927;1378.859;1102.927;137.674
4673;1;La Reina;final;1191.45;1747.962;1191.45;307.962;287.027
4673.1;1;La Reina;final;1333.85;2580.983;1333.85;1140.983;73.617
4674;1;La Reina;final;1178.005;1789.962;1178.005;349.962;175.873
4675;1;La Reina;final;1203.809;1807.962;1203.809;367.962;298.796
4676;1;La Reina;final;1229.376;1813.962;1229.376;373.962;301.312
4676.1;1;La Reina;final;1346.276;2647.826;1346.276;1207.826;55.703
4677;1;La Reina;final;1214.623;1819.962;1214.623;379.962;305.477
4677.1;1;La Reina;final;1287.593;2617.927;1287.593;1177.927;53.305
4678;1;La Reina;final;1317.101;1747.521;1317.101;307.521;307.25
4679;1;La Reina;final;1318.265;1767.521;1318.265;327.521;294.96
4679.1;1;La Reina;final;1488.848;2702.027;48.848;1262.027;102.783
4680;1;La Reina;final;566.317;1787.521;566.317;347.521;85.323
4681;1;La Reina;final;1289.56;1807.521;1289.56;367.521;270.436
4682;1;La Reina;final;1377.227;1815.688;1377.227;375.688;282.698
4683;1;La Reina;final;1281.17;1823.855;1281.17;383.855;254.664
4684;1;La Reina;final;1368.655;1848.355;1368.655;408.355;277.315
4685;1;La Reina;final;1403.452;1856.521;1403.452;416.521;294.013
4685.1;1;La Reina;final;1472.378;2820.198;32.378;1380.198;45.211
4686;1;La Reina;final;1369.06;1872.855;1369.06;432.855;272.158
4687;1;La Reina;final;1317.17;1897.521;1317.17;457.521;222.536
4688;1;La Reina;final;1308.54;1915.521;1308.54;475.521;219.393
4689;1;La Reina;final;1171.385;1759.374;1171.385;319.374;253.586
4690;1;La Reina;final;1317.017;1771.374;1317.017;331.374;308.643
4690.1;1;La Reina;final;1448.5;2712.983;8.5;1272.983;73.617
4691;1;La Reina;final;1327.886;1783.374;1327.886;343.374;283.572
4691.1;1;La Reina;final;1533.612;2735.708;93.612;1295.708;111.363
4692;1;La Reina;final;1258.626;1795.374;1258.626;355.374;265.954
4693;1;La Reina;final;1224.268;1807.374;1224.268;367.374;253.586
4694;1;La Reina;final;1438.946;1819.374;1438.946;379.374;307.28
4695;1;La Reina;final;1281.753;1828.374;1281.753;388.374;254.776
4696;1;La Reina;final;1248.213;1837.374;1248.213;397.374;271.826
4696.1;1;La Reina;final;1443.813;2597.353;3.813;1157.353;132.886
4697;1;La Reina;final;1220.902;1846.374;1220.902;406.374;229.243
4698;1;La Reina;final;1422.496;1855.374;1422.496;415.374;248.562
4699;1;La Reina;final;1270.722;1864.374;1270.722;424.374;208.278
4700;1;La Reina;final;1336.196;1873.374;1336.196;433.374;238.713
4700.1;1;La Reina;final;1546.445;2762.981;106.445;1322.981;102.874
4701;1;La Reina;final;1518.765;1891.374;78.765;451.374;308.913
4702;1;La Reina;final;1433.098;1909.374;1433.098;469.374;277.921
4703;1;La Reina;final;1342.722;1933.874;1342.722;493.874;207.126
4704;1;La Reina;final;1347.605;1999.374;1347.605;559.374;208.278
4705;1;La Reina;final;1472.162;2539.374;32.162;1099.374;149.037
4706;1;La Reina;final;1318.862;1741.397;1318.862;301.397;289.638
4707;1;La Reina;final;1141.193;1753.397;1141.193;313.397;278.794
4708;1;La Reina;final;1303.919;1813.397;1303.919;373.397;268.518
4708.1;1;La Reina;final;1530.529;2709.958;90.529;1269.958;111.363
4709;1;La Reina;final;1284.672;1748.017;1284.672;308.017;311.596
4709.1;1;La Reina;final;1373.802;2711.645;1373.802;1271.645;46.394
4710;1;La Reina;final;1171.106;1768.017;1171.106;328.017;291.71
4711;1;La Reina;final;1329.728;1788.017;1329.728;348.017;286.707
4712;1;La Reina;final;1316.069;1721.304;1316.069;281.304;302.541
4712.1;1;La Reina;final;1567.3;2725.145;127.3;1285.145;126.965
4713;1;La Reina;final;1355.428;1741.304;1355.428;301.304;310.768
4713.1;1;La Reina;final;1590.812;2654.276;150.812;1214.276;185.593
4714;1;La Reina;final;525.951;1799.304;525.951;359.304;72.034
4715;1;La Reina;final;1304.028;1817.304;1304.028;377.304;276.115
4716;1;La Reina;final;1280.452;1853.304;1280.452;413.304;261.658
4717;1;Vespucio Norte;final;1120.379;1727.556;1120.379;287.556;294.758
4717.1;1;Vespucio Norte;final;1222.695;2554.298;1222.695;1114.298;41.655
4718;1;Vespucio Norte;final;1121.448;1742.556;1121.448;302.556;254.023
4719;1;Vespucio Norte;final;1285.579;1757.556;1285.579;317.556;301.856
4719.1;1;Vespucio Norte;final;1371.295;2695.671;1371.295;1255.671;49.487
4720;1;Vespucio Norte;final;1262.113;1772.556;1262.113;332.556;300.136
4721;1;Vespucio Norte;final;1435.422;1910.223;1435.422;470.223;269.455
4721.1;1;Vespucio Norte;final;1553.789;2816.119;113.789;1376.119;87.4
4722;1;Vespucio Norte;final;1233.095;1749.998;1233.095;309.998;278.59
4723;1;Vespucio Norte;final;1166.299;1758.565;1166.299;318.565;285.374
4723.1;1;Vespucio Norte;final;1269.515;2508.235;1269.515;1068.235;88.632
4724;1;Vespucio Norte;final;1258.95;1767.132;1258.95;327.132;313.324
4724.1;1;Vespucio Norte;final;1337.076;2659.832;1337.076;1219.832;52.114
4725;1;Vespucio Norte;final;1278.268;1775.698;1278.268;335.698;290.688
4726;1;Vespucio Norte;final;1259.305;1784.265;1259.305;344.265;276.362
4727;1;Vespucio Norte;final;1167.596;1792.832;1167.596;352.832;256.512
4728;1;Vespucio Norte;final;1284.36;1809.965;1284.36;369.965;298.137
4728.1;1;Vespucio Norte;final;1361.711;2699.436;1361.711;1259.436;45.276
4729;1;Vespucio Norte;final;1232.713;1809.998;1232.713;369.998;279.145
4730;1;Vespucio Norte;final;1225.055;1819.998;1225.055;379.998;260.685
4730.1;1;Vespucio Norte;final;1370.622;2606.119;1370.622;1166.119;87.4
4731;1;Vespucio Norte;final;1388.622;1829.998;1388.622;389.998;311.913
4732;1;Vespucio Norte;final;1271.579;1859.998;1271.579;419.998;273.02
4733;1;Vespucio Norte;final;1361.717;1869.998;1361.717;429.998;311.428
4733.1;1;Vespucio Norte;final;1442.71;2774.832;2.71;1334.832;52.114
4734;1;Vespucio Norte;final;1346.942;1899.998;1346.942;459.998;305.678
4735;1;Vespucio Norte;final;1460.316;2529.932;20.316;1089.932;157.597
4736;1;Vespucio Norte;final;1359.792;2529.998;1359.792;1089.998;121.061
4737;1;La Reina;final;1343.179;1747.438;1343.179;307.438;295.72
4737.1;1;La Reina;final;1442.322;2770.658;2.322;1330.658;52.14
4738;1;La Reina;final;1406.495;1767.438;1406.495;327.438;289.903
4739;1;La Reina;final;1237.313;1816.438;1237.313;376.438;274.777
4739.1;1;La Reina;final;1453.996;2586.453;13.996;1146.453;132.886
4740;1;La Reina;final;1257.181;1825.438;1257.181;385.438;257.181
4741;1;La Reina;final;1313.85;1852.438;1313.85;412.438;295.157
4742;1;La Reina;final;1188.42;1915.438;1188.42;475.438;200.799
4743;1;La Reina;final;1175.677;1720.502;1175.677;280.502;285.801
4744;1;La Reina;final;1295.462;1740.502;1295.462;300.502;303.227
4744.1;1;La Reina;final;1530.812;2594.276;90.812;1154.276;185.593
4745;1;La Reina;final;1131.206;1760.502;1131.206;320.502;283.282
4745.1;1;La Reina;final;1368.859;2535.427;1368.859;1095.427;137.674
4746;1;La Reina;final;1279.254;1780.502;1279.254;340.502;266.056
4747;1;La Reina;final;1367.643;1814.252;1367.643;374.252;292.631
4748;1;La Reina;final;1356.36;1825.502;1356.36;385.502;275.519
4749;1;La Reina;final;1293.17;1836.752;1293.17;396.752;233.13
4750;1;La Reina;final;530.023;1747.521;530.023;307.521;90.087
4751;1;La Reina;final;1327.22;1777.521;1327.22;337.521;285.02
4752;1;La Reina;final;1270.013;1807.521;1270.013;367.521;281.969
4752.1;1;La Reina;final;1364.046;2619.253;1364.046;1179.253;88.186
4753;1;La Reina;final;1124.168;1814.438;1124.168;374.438;197.965
4754;1;La Reina;final;1349.777;1821.355;1349.777;381.355;288.702
4754.1;1;La Reina;final;1462.243;2752.438;22.243;1312.438;75.107
4755;1;La Reina;final;1327.101;1828.271;1327.101;388.271;283.694
4756;1;La Reina;final;1286.76;1835.188;1286.76;395.188;267.113
4757;1;La Reina;final;1257.17;1842.105;1257.17;402.105;235.906
4758;1;La Reina;final;1360.893;1849.021;1360.893;409.021;290.259
4758.1;1;La Reina;final;1477.243;2767.438;37.243;1327.438;75.107
4759;1;La Reina;final;1261.017;1862.855;1261.017;422.855;274.795
4760;1;La Reina;final;1272.452;1876.688;1272.452;436.688;253.284
4761;1;La Reina;final;578.317;1883.605;578.317;443.605;49.99
4762;1;La Reina;final;1438.827;1890.521;1438.827;450.521;293.932
4762.1;1;La Reina;final;1522.49;2842.438;82.49;1402.438;61.429
4763;1;La Reina;final;1422.9;1897.438;1422.9;457.438;295.545
4763.1;1;La Reina;final;1481.784;2800.314;41.784;1360.314;60.259
4764;1;La Reina;final;1462.781;1897.521;22.781;457.521;285.539
4764.1;1;La Reina;final;1565.409;2847.71;125.409;1407.71;74.519
4765;1;La Reina;final;1441.784;1945.071;1.784;505.071;291.793
4765.1;1;La Reina;final;1496.814;2813.016;56.814;1373.016;67.168
4766;1;La Reina;final;1417.243;2482.521;1417.243;1042.521;132.498
4767;1;La Reina;final;1130.06;2492.521;1130.06;1052.521;25.441
4768;1;La Reina;final;1372.404;2527.521;1372.404;1087.521;100.54
4769;1;La Reina;final;1277.101;1762.371;1277.101;322.371;301.583
4769.1;1;La Reina;final;1349.72;2658.201;1349.72;1218.201;53.643
4770;1;La Reina;final;1225.548;1827.371;1225.548;387.371;247.443
4771;1;La Reina;final;1382.96;1857.371;1382.96;417.371;304.838
4771.1;1;La Reina;final;1464.723;2785.927;24.723;1345.927;59.986
4772;1;La Reina;final;1471.715;1867.371;31.715;427.371;305.874
4773;1;La Reina;final;1250.167;1737.706;1250.167;297.706;273.096
4774;1;La Reina;final;1206.604;1752.706;1206.604;312.706;269.029
4775;1;La Reina;final;1342.027;1817.706;1342.027;377.706;303.62
4776;1;La Reina;final;1035.519;1415.708;1035.519;1415.708;264.924
4776.1;1;La Reina;final;1586.445;2462.108;146.445;1022.108;216.238
4777;1;La Reina;final;1303.362;1760.708;1303.362;320.708;287.499
4778;1;La Reina;final;1338.295;1775.708;1338.295;335.708;290.062
4779;1;La Reina;final;1194.312;1790.708;1194.312;350.708;247.633
4780;1;La Reina;final;1278.836;1805.708;1278.836;365.708;270.01
4781;1;La Reina;final;1330.045;1754.893;1330.045;314.893;278.73
4782;1;La Reina;final;1306.568;1769.893;1306.568;329.893;265.809
4783;1;La Reina;final;1289.435;1784.893;1289.435;344.893;255.705
4784;1;La Reina;final;1446.635;1799.893;6.635;359.893;300.768
4784.1;1;La Reina;final;1545.048;2821.614;105.048;1381.614;81.165
4785;1;La Reina;final;1298.052;1814.893;1298.052;374.893;228.038
4786;1;La Reina;final;551.785;1840.593;551.785;400.593;51.886
4787;1;La Reina;final;1129.452;1853.443;1129.452;413.443;188.883
4788;1;La Reina;final;1441.953;1866.293;1.953;426.293;296.967
4789;1;La Reina;final;1165.452;1891.993;1165.452;451.993;201.114
4790;1;La Reina;final;1212.335;1904.843;1212.335;464.843;196.984
4791;1;La Reina;final;1417.063;1904.893;1417.063;464.893;273.189
4791.1;1;La Reina;final;1626.445;2842.981;186.445;1402.981;102.874
4792;1;La Reina;final;1173.538;1760.708;1173.538;320.708;230.908
4793;1;La Reina;final;1258.005;1775.708;1258.005;335.708;263.776
4793.1;1;La Reina;final;1485.012;2685.348;45.012;1245.348;102.874
4794;1;La Reina;final;1326.735;1790.708;1326.735;350.708;289.063
4794.1;1;La Reina;final;1449.931;2708.714;9.931;1268.714;81.165
4795;1;La Reina;final;1362.548;1832.708;1362.548;392.708;278.092
4796;1;La Reina;final;1493.819;1859.708;53.819;419.708;303.422
4797;1;La Reina;final;1229.593;1757.438;1229.593;317.438;276.142
4797.1;1;La Reina;final;1370.11;2638.038;1370.11;1198.038;75.107
4798;1;La Reina;final;1202.043;1767.438;1202.043;327.438;299.307
4799;1;La Reina;final;1166.604;1777.438;1166.604;337.438;277.521
4800;1;La Reina;final;1115.993;1787.438;1115.993;347.438;273.732
4800.1;1;La Reina;final;1188.106;2507.99;1188.106;1067.99;64.866
4801;1;La Reina;final;1235.481;1828.188;1235.481;388.188;244.44
4802;1;La Reina;final;1155.06;1842.021;1155.06;402.021;194.437
4803;1;La Reina;final;1259.96;1848.938;1259.96;408.938;303.444
4804;1;La Reina;final;1287.393;1862.771;1287.393;422.771;243.2
4805;1;La Reina;final;792.317;1384.769;792.317;1384.769;312.144
4805.1;1;La Reina;final;1376.5;2220.983;1376.5;780.983;194.998
4806;1;La Reina;final;1180.893;1414.769;1180.893;1414.769;309.203
4806.1;1;La Reina;final;1280.89;2582.738;1280.89;1142.738;61.429
4807;1;La Reina;final;1193.329;1444.769;1193.329;4.769;299.927
4807.1;1;La Reina;final;1547.6;2585.864;107.6;1145.864;186.98
4808;1;La Reina;final;1306.027;1729.769;1306.027;289.769;291.11
4809;1;La Reina;final;1395.068;1744.769;1395.068;304.769;314.413
4810;1;La Reina;final;1303.727;1804.769;1303.727;364.769;281.942
4811;1;La Reina;final;1246.76;1809.514;1246.76;369.514;270.773
4812;1;La Reina;final;1338.85;1825.848;1338.85;385.848;308.361
4812.1;1;La Reina;final;1496.2;2652.927;56.2;1212.927;120.413
4813;1;La Reina;final;1353.85;1834.014;1353.85;394.014;308.361
4814;1;La Reina;final;1372.22;1891.181;1372.22;451.181;270.879
4815;1;La Reina;final;1130.905;1891.348;1130.905;451.348;209.795
4816;1;La Reina;final;1349.231;1899.514;1349.231;459.514;279.231
4817;1;La Reina;final;1267.436;1915.848;1267.436;475.848;287.256
4818;1;La Reina;final;1179.922;1924.014;1179.922;484.014;218.002
4819;1;La Reina;final;1443.838;2512.714;3.838;1072.714;176.365
4820;1;La Reina;final;1273.577;2521.281;1273.577;1081.281;76.822
4821;1;La Reina;final;1197.106;2521.348;1197.106;1081.348;62.243
4822;1;La Reina;final;919.881;1716.848;919.881;276.848;282.925
4822.1;1;La Reina;final;1369.148;2350.26;1369.148;910.26;164.958
4823;1;La Reina;final;967.533;1731.848;967.533;291.848;308.217
4823.1;1;La Reina;final;1365.715;2383.514;1365.715;943.514;157.243
4824;1;La Reina;final;1179.45;1746.848;1179.45;306.848;296.446
4824.1;1;La Reina;final;1323.85;2570.983;1323.85;1130.983;73.617
4825;1;La Reina;final;1217.112;1803.848;1217.112;363.848;304.447
4825.1;1;La Reina;final;1306.107;2624.355;1306.107;1184.355;47.352
4826;1;La Reina;final;1200.1;1812.848;1200.1;372.848;299.597
4827;1;La Reina;final;1339.148;1797.379;1339.148;357.379;290.132
4827.1;1;La Reina;final;1530.467;2727.777;90.467;1287.777;110.192
4828;1;La Reina;final;1267.165;1819.863;1267.165;379.863;117.169
4829;1;La Reina;final;1213.433;1887.313;1213.433;447.313;222.852
4830;1;La Reina;final;1252.165;1887.379;1252.165;447.379;94.581
4831;1;La Reina;final;1255.353;1806.218;1255.353;366.218;232.338
4832;1;La Reina;final;1399.502;1817.468;1399.502;377.468;292.559
4833;1;La Reina;final;528.07;1851.218;528.07;411.218;44.192
4834;1;La Reina;final;1260.268;1862.468;1260.268;422.468;193.26
4835;1;La Reina;final;1446.879;1873.718;6.879;433.718;305.293
4836;1;La Reina;final;1408.352;1884.968;1408.352;444.968;276.733
4837;1;La Reina;final;1258.65;1896.218;1258.65;456.218;191.612
4838;1;La Reina;final;1377.962;1830.435;1377.962;390.435;274.896
4839;1;La Reina;final;1223.279;1841.685;1223.279;401.685;231.689
4840;1;La Reina;final;1262.881;1734.958;1262.881;294.958;254.335
4841;1;La Reina;final;1315.212;1749.958;1315.212;309.958;299.089
4842;1;La Reina;final;1375.213;1764.958;1375.213;324.958;308.079
4842.1;1;La Reina;final;1483.991;2740.971;43.991;1300.971;80.79
4843;1;La Reina;final;1350.846;1779.958;1350.846;339.958;310.43
4843.1;1;La Reina;final;1519.063;2755.488;79.063;1315.488;92.623
4844;1;La Reina;final;1368.691;1815.864;1368.691;375.864;292.825
4845;1;La Reina;final;1424.529;1845.864;1424.529;405.864;282.887
4845.1;1;La Reina;final;1507.964;2828.355;67.964;1388.355;56.655
4846;1;La Reina;final;552.246;1855.864;552.246;415.864;47.323
4847;1;La Reina;final;1414.279;1865.864;1414.279;425.864;290.695
4847.1;1;La Reina;final;1507.462;2818.355;67.462;1378.355;58.518
4848;1;La Reina;final;1492.396;2471.258;52.396;1031.258;172.172
4849;1;La Reina;final;1473.896;2503.958;33.896;1063.958;156.676
4850;1;La Reina;final;1458.796;2514.958;18.796;1074.958;148.656
4851;1;La Reina;final;1326.175;1748.355;1326.175;308.355;308.383
4851.1;1;La Reina;final;1472.45;2723.856;32.45;1283.856;90.926
4852;1;La Reina;final;1337.187;1763.355;1337.187;323.355;297.193
4852.1;1;La Reina;final;1420.885;2736.218;1420.885;1296.218;60.585
4853;1;La Reina;final;1177.713;1778.355;1177.713;338.355;224.599
4853.1;1;La Reina;final;1428.445;2604.164;1428.445;1164.164;102.874
4854;1;La Reina;final;1254.312;1793.355;1254.312;353.355;269.853
4855;1;La Reina;final;1203.596;1808.355;1203.596;368.355;235.774
4856;1;La Reina;final;1415.458;1868.355;1415.458;428.355;311.272
4856.1;1;La Reina;final;1461.414;2818.355;21.414;1378.355;39.415
4857;1;La Reina;final;1200.946;1898.355;1200.946;458.355;213.241
4858;1;La Reina;final;1301.634;1748.355;1301.634;308.355;294.924
4858.1;1;La Reina;final;1355.914;2614.734;1355.914;1174.734;83.979
4859;1;La Reina;final;1344.481;1760.355;1344.481;320.355;309.309
4859.1;1;La Reina;final;1513.819;2721.991;73.819;1281.991;96.943
4860;1;La Reina;final;1204.312;1772.355;1204.312;332.355;245.675
4861;1;La Reina;final;1375.262;1784.355;1375.262;344.355;305.245
4861.1;1;La Reina;final;1469.479;2778.355;29.479;1338.355;60.084
4862;1;La Reina;final;1351.881;1796.355;1351.881;356.355;283.627
4863;1;La Reina;final;1333.893;1808.355;1333.893;368.355;272.709
4863.1;1;La Reina;final;1417.49;2737.438;1417.49;1297.438;61.429
4864;1;La Reina;final;1298.44;1817.355;1298.44;377.355;255.647
4865;1;La Reina;final;1296.25;1826.355;1296.25;386.355;279.744
4866;1;La Reina;final;1346.435;1835.355;1346.435;395.355;255.549
4867;1;La Reina;final;1477.964;1853.355;37.964;413.355;301.738
4867.1;1;La Reina;final;1522.012;2834.319;82.012;1394.319;58.255
4868;1;La Reina;final;1262.748;1862.355;1262.748;422.355;236.067
4869;1;La Reina;final;1386.469;1880.355;1386.469;440.355;270.274
4869.1;1;La Reina;final;1586.945;2789.041;146.945;1349.041;111.363
4870;1;La Reina;final;1318.767;1889.355;1318.767;449.355;243.563
4871;1;La Reina;final;1395.379;1898.355;1395.379;458.355;275.436
4872;1;La Reina;final;1315.446;1760.304;1315.446;320.304;290.7
4873;1;La Reina;final;1382.848;1772.304;1382.848;332.304;313.852
4873.1;1;La Reina;final;1527.329;2748.652;87.329;1308.652;101.406
4874;1;La Reina;final;1293.475;1799.304;1293.475;359.304;288.687
4874.1;1;La Reina;final;1453.489;2694.808;13.489;1254.808;88.926
4875;1;La Reina;final;1283.502;1814.304;1283.502;374.304;270.994
4875.1;1;La Reina;final;1504.829;2684.258;64.829;1244.258;111.363
4876;1;La Reina;final;1357.331;1836.804;1357.331;396.804;289.97
4877;1;La Reina;final;1243.214;1844.304;1243.214;404.304;259.246
4877.1;1;La Reina;final;1417.55;2643.789;1417.55;1203.789;90.926
4878;1;La Reina;final;1228.909;1851.804;1228.909;411.804;247.46
4878.1;1;La Reina;final;1400.417;2626.656;1400.417;1186.656;90.926
4879;1;La Reina;final;1294.146;1859.304;1294.146;419.304;260.44
4880;1;La Reina;final;1480.786;2504.304;40.786;1064.304;159.518
4881;1;La Reina;final;586.812;1748.355;586.812;308.355;92.158
4882;1;La Reina;final;1282.575;1778.355;1282.575;338.355;285.954
4882.1;1;La Reina;final;1489.347;2684.808;49.347;1244.808;112.201
4883;1;La Reina;final;1452.396;1868.355;12.396;428.355;312.862
4883.1;1;La Reina;final;1485.996;2807.637;45.996;1367.637;49.917
4884;1;La Reina;final;1338.289;1883.355;1338.289;443.355;273.735
4885;1;La Reina;final;1336.196;1898.355;1336.196;458.355;235.102
4886;1;Los Espinos + Santa Rosa;final;1292.426;1763.191;1292.426;323.191;268.427
4887;1;Los Espinos + Santa Rosa;final;1297.309;1778.191;1297.309;338.191;268.146
4888;1;Los Espinos + Santa Rosa;final;1300.444;1793.191;1300.444;353.191;263.217
4889;1;Los Espinos + Santa Rosa;final;1287.594;1808.191;1287.594;368.191;251.196
4890;1;Los Espinos + Santa Rosa;final;1395.494;1868.191;1395.494;428.191;281.455
4891;1;Los Espinos + Santa Rosa;final;1358.943;1878.191;1358.943;438.191;252.876
4892;1;Los Espinos + Santa Rosa;final;1281.071;1888.191;1281.071;448.191;234.696
4893;1;Los Espinos + Santa Rosa;final;1194.331;1464.246;1194.331;24.246;260.595
4894;1;Los Espinos + Santa Rosa;final;1274.331;1599.246;1274.331;159.246;288.177
4895;1;Los Espinos + Santa Rosa;final;1279.97;1734.246;1279.97;294.246;294.47
4895.1;1;Los Espinos + Santa Rosa;final;1347.302;2703.58;1347.302;1263.58;32.884
4896;1;Los Espinos + Santa Rosa;final;1357.341;1746.246;1357.341;306.246;312.044
4896.1;1;Los Espinos + Santa Rosa;final;1398.378;2713.192;1398.378;1273.192;57.622
4897;1;Los Espinos + Santa Rosa;final;1278.16;1758.246;1278.16;318.246;270.991
4897.1;1;Los Espinos + Santa Rosa;final;1396.561;2674.618;1396.561;1234.618;66.921
4898;1;Los Espinos + Santa Rosa;final;1313.943;1770.246;1313.943;330.246;280.115
4899;1;Los Espinos + Santa Rosa;final;1299.96;1782.246;1299.96;342.246;271.272
4899.1;1;Los Espinos + Santa Rosa;final;1426.561;2704.618;1426.561;1264.618;66.921
4900;1;Los Espinos + Santa Rosa;final;1280.828;1814.246;1280.828;374.246;249.018
4901;1;Los Espinos + Santa Rosa;final;1434.668;1844.246;1434.668;404.246;303.06
4901.1;1;Los Espinos + Santa Rosa;final;1487.474;2809.728;47.474;1369.728;55.113
4902;1;Los Espinos + Santa Rosa;final;542.959;1854.246;542.959;414.246;45.075
4903;1;Los Espinos + Santa Rosa;final;1446.561;1864.246;6.561;424.246;305.454
4904;1;La Reina;final;1284.862;1748.355;1284.862;308.355;302.571
4905;1;La Reina;final;1234.312;1760.355;1234.312;320.355;269.555
4905.1;1;La Reina;final;1408.946;2638.355;1408.946;1198.355;78.205
4906;1;La Reina;final;1174.812;1772.355;1174.812;332.355;239.689
4907;1;La Reina;final;1411.029;1784.355;1411.029;344.355;291.389
4908;1;La Reina;final;1191.246;1796.355;1191.246;356.355;233.367
4909;1;La Reina;final;1335.591;1808.355;1335.591;368.355;297.049
4909.1;1;La Reina;final;1466.858;2737.935;26.858;1297.935;78.815
4910;1;La Reina;final;1343.429;1818.355;1343.429;378.355;273.566
4911;1;La Reina;final;1379.179;1858.355;1379.179;418.355;295.723
4911.1;1;La Reina;final;1463.838;2809.648;23.838;1369.648;37.26
4912;1;La Reina;final;1334.919;1868.355;1334.919;428.355;254.205
4913;1;La Reina;final;1405.996;1878.355;1405.996;438.355;287.923
4913.1;1;La Reina;final;1472.624;2810.355;32.624;1370.355;47.352
4914;1;La Reina;final;1416.565;1888.355;1416.565;448.355;273.439
4915;1;La Reina;final;1413.489;1898.355;1413.489;458.355;299.77
4916;1;La Reina;final;1009.741;1394.538;1009.741;1394.538;299.711
4916.1;1;La Reina;final;1265.141;2447.935;1265.141;1007.935;78.815
4917;1;La Reina;final;1102.014;1424.538;1102.014;1424.538;300.506
4917.1;1;La Reina;final;1327.334;2523.789;1327.334;1083.789;90.926
4918;1;La Reina;final;1265.358;1748.386;1265.358;308.386;287.422
4919;1;La Reina;final;1102.422;1760.386;1102.422;320.386;223.217
4919.1;1;La Reina;final;1392.962;2533.648;1392.962;1093.648;102.874
4920;1;La Reina;final;1312.579;1772.386;1312.579;332.386;281.492
4920.1;1;La Reina;final;1397.762;2715.855;1397.762;1275.855;53.926
4921;1;La Reina;final;1395.591;1784.386;1395.591;344.386;286.67
4922;1;La Reina;final;1341.512;1793.386;1341.512;353.386;277.755
4923;1;La Reina;final;1260.775;1829.386;1260.775;389.386;252.246
4923.1;1;La Reina;final;1423.489;2664.808;1423.489;1224.808;88.926
4924;1;La Reina;final;1339.412;1856.386;1339.412;416.386;272.588
4925;1;La Reina;final;1247.436;1865.386;1247.436;425.386;278.76
4925.1;1;La Reina;final;1404.371;2641.164;1404.371;1201.164;109.926
4926;1;La Reina;final;588.196;1874.386;588.196;434.386;58.255
4927;1;La Reina;final;1372.479;2434.386;1372.479;994.386;124.896
4928;1;La Reina;final;1400.545;1787.935;1400.545;347.935;311.519
4929;1;La Reina;final;1496.624;1820.785;56.624;380.785;305.693
4930;1;La Reina;final;1380.786;1859.335;1380.786;419.335;247.594
4931;1;La Reina;final;1341.069;1872.185;1341.069;432.185;231.556
4932;1;La Reina;final;1281.339;1756.921;1281.339;316.921;298.247
4932.1;1;La Reina;final;1478.946;2591.884;38.946;1151.884;141.199
4933;1;La Reina;final;1194.812;1765.488;1194.812;325.488;248.151
4934;1;La Reina;final;1116.129;1774.055;1116.129;334.055;221.894
4934.1;1;La Reina;final;1373.145;2548.864;1373.145;1108.864;102.874
4935;1;La Reina;final;1272.772;1782.621;1272.772;342.621;285.518
4936;1;La Reina;final;1248.062;1791.188;1248.062;351.188;247.409
4937;1;La Reina;final;1264.205;1799.755;1264.205;359.755;280.126
4938;1;La Reina;final;1345.538;1808.355;1345.538;368.355;282.339
4939;1;La Reina;final;1190.807;1817.355;1190.807;377.355;199.822
4940;1;La Reina;final;1331.884;1826.355;1331.884;386.355;297.619
4940.1;1;La Reina;final;1540.747;2632.657;100.747;1192.657;182.379
4941;1;La Reina;final;569.096;1844.355;569.096;404.355;53.926
4942;1;La Reina;final;587.096;1862.355;587.096;422.355;53.926
4943;1;La Reina;final;1342.912;1889.355;1342.912;449.355;255.334
4944;1;La Reina;final;1071.167;1418.355;1071.167;1418.355;310.913
4944.1;1;La Reina;final;1407.314;2394.107;1407.314;954.107;179.84
4945;1;La Reina;final;1328.646;1448.355;1328.646;8.355;298.572
4945.1;1;La Reina;final;1501.474;2738.305;61.474;1298.305;90.948
4946;1;La Reina;final;944.348;1478.355;944.348;38.355;276.066
4946.1;1;La Reina;final;1197.438;2373.91;1197.438;933.91;89.334
4947;1;La Reina;final;1245.029;1748.355;1245.029;308.355;274.985
4947.1;1;La Reina;final;1487.746;2648.355;47.746;1208.355;118.287
4948;1;La Reina;final;1248.796;1763.355;1248.796;323.355;248.982
4949;1;La Reina;final;1397.262;1778.355;1397.262;338.355;314.217
4950;1;La Reina;final;1258.107;1793.355;1258.107;353.355;263.621
4951;1;La Reina;final;1407.307;1808.355;1407.307;368.355;282.107
4952;1;La Reina;final;1371.562;1823.355;1371.562;383.355;285.715
4953;1;La Reina;final;588.762;1830.855;588.762;390.855;58.426
4954;1;La Reina;final;1403.662;1838.355;1403.662;398.355;300.366
4954.1;1;La Reina;final;1508.162;2806.888;68.162;1366.888;65.477
4955;1;La Reina;final;1368.757;1853.355;1368.757;413.355;264.487
4956;1;La Reina;final;1153.94;1875.855;1153.94;435.855;196.6
4957;1;La Reina;final;1212.796;1890.855;1212.796;450.855;185.906
4958;1;La Reina;final;560.096;1732.041;560.096;292.041;94.805
4959;1;La Reina;final;1202.4;1744.041;1202.4;304.041;261.804
4959.1;1;La Reina;final;1479.266;2585.353;39.266;1145.353;147.235
4960;1;La Reina;final;1269.248;1756.041;1269.248;316.041;297.637
4960.1;1;La Reina;final;1448.235;2624.386;8.235;1184.386;106.545
4961;1;La Reina;final;1264.312;1768.041;1264.312;328.041;278.132
4962;1;La Reina;final;1355.841;1780.041;1355.841;340.041;311.054
4962.1;1;La Reina;final;1404.679;2742.091;1404.679;1302.091;48.217
4963;1;La Reina;final;1203.214;1792.041;1203.214;352.041;263.404
4963.1;1;La Reina;final;1389.689;2601.908;1389.689;1161.908;88.926
4964;1;La Reina;final;1238.975;1801.041;1238.975;361.041;258.656
4964.1;1;La Reina;final;1472.214;2644.741;32.214;1204.741;112.201
4965;1;La Reina;final;1274.63;1810.041;1274.63;370.041;250.752
4966;1;La Reina;final;552.962;1828.041;552.962;388.041;56.638
4967;1;La Reina;final;588.962;1864.041;588.962;424.041;56.638
4968;1;La Reina;final;1455.345;1882.041;15.345;442.041;313.411
4969;1;La Reina;final;1284.812;1894.891;1284.812;454.891;232.916
4970;1;La Reina;final;1313.414;1907.741;1313.414;467.741;265.02
4970.1;1;La Reina;final;1488.792;2713.856;48.792;1273.856;112.12
4971;1;La Reina;final;1440.786;2342.041;0.786;902.041;179.888
4972;1;La Reina;final;1274.748;2413.841;1274.748;973.841;99.119
4973;1;La Reina;final;1544.462;2501.041;104.462;1061.041;180.656
4974;1;La Reina;final;1247.196;2511.941;1247.196;1071.941;58.245
4975;1;La Reina;final;1372.246;2512.041;1372.246;1072.041;100.386
4976;1;La Reina;final;1626.945;2524.041;186.945;1084.041;216.748
4977;1;La Reina;final;1334.679;1748.355;1334.679;308.355;304.78
4977.1;1;La Reina;final;1522.964;2738.355;82.964;1298.355;104.756
4978;1;La Reina;final;1339.362;1760.355;1339.362;320.355;291.087
4979;1;La Reina;final;1337.075;1772.355;1337.075;332.355;305.462
4979.1;1;La Reina;final;1472.605;2734.808;32.605;1294.808;88.926
4980;1;La Reina;final;1343.062;1784.355;1343.062;344.355;276.636
4981;1;La Reina;final;1266.836;1796.355;1266.836;356.355;257.748
4982;1;La Reina;final;1408.235;1808.355;1408.235;368.355;283.443
4983;1;La Reina;final;1343.064;1830.855;1343.064;390.855;290.676
4984;1;La Reina;final;1340.229;1842.105;1340.229;402.105;266.402
4985;1;La Reina;final;1412.848;1853.355;1412.848;413.355;291.594
4986;1;La Reina;final;1307.885;1864.605;1307.885;424.605;247.213
4987;1;La Reina;final;1417.897;1875.855;1417.897;435.855;294.419
4988;1;La Reina;final;1342.955;1758.355;1342.955;318.355;284.904
4989;1;La Reina;final;588.125;1768.355;588.125;328.355;90.957
4990;1;La Reina;final;1208.381;1778.355;1208.381;338.355;256.138
4990.1;1;La Reina;final;1486.612;2610.475;46.612;1170.475;132.87
4991;1;La Reina;final;1398.179;1788.355;1398.179;348.355;290.756
4992;1;La Reina;final;1364.012;1798.355;1364.012;358.355;286.949
4992.1;1;La Reina;final;1444.679;2772.621;4.679;1332.621;53.926
4993;1;La Reina;final;1411.381;1808.355;1411.381;368.355;314.186
4993.1;1;La Reina;final;1514.009;2796.31;74.009;1356.31;74.519
4994;1;La Reina;final;1386.463;1817.355;1386.463;377.355;313.457
4995;1;La Reina;final;568.996;1826.355;568.996;386.355;60.084
4996;1;La Reina;final;1372.555;1835.355;1372.555;395.355;301.336
4996.1;1;La Reina;final;1573.817;2691.834;133.817;1251.834;156.022
4997;1;La Reina;final;1366.15;1844.355;1366.15;404.355;305.461
4997.1;1;La Reina;final;1541.139;2671.207;101.139;1231.207;156.566
4998;1;La Reina;final;1356.069;1853.355;1356.069;413.355;292.124
4999;1;La Reina;final;1398.946;1880.355;1398.946;440.355;245.981
5000;1;La Reina;final;1288.053;1889.355;1288.053;449.355;195.769
5001;1;La Reina;final;1273.781;1414.958;1273.781;1414.958;313.855
5001.1;1;La Reina;final;1470.612;2674.958;30.612;1234.958;97.744
5002;1;La Reina;final;1224.812;1444.958;1224.812;4.958;297.787
5002.1;1;La Reina;final;1304.63;2628.355;1304.63;1188.355;48.922
5003;1;La Reina;final;1392.446;1759.958;1392.446;319.958;306.02
5003.1;1;La Reina;final;1487.462;2798.355;47.462;1358.355;58.518
5004;1;La Reina;final;1293.029;1774.958;1293.029;334.958;285.424
5005;1;La Reina;final;581.68;1789.958;581.68;349.958;91.445
5006;1;La Reina;final;1346.779;1804.958;1346.779;364.958;282.199
5006.1;1;La Reina;final;1468.235;2766.657;28.235;1326.657;57.942
5007;1;La Reina;final;1294.312;1814.958;1294.312;374.958;234.006
5008;1;La Reina;final;1504.879;1864.958;64.879;424.958;309.933
5009;1;Los Espinos + Santa Rosa;final;1305.779;1748.296;1305.779;308.296;291.87
5009.1;1;Los Espinos + Santa Rosa;final;1394.811;2697.417;1394.811;1257.417;57.957
5010;1;Los Espinos + Santa Rosa;final;1285.413;1763.296;1285.413;323.296;306.227
5010.1;1;Los Espinos + Santa Rosa;final;1540.308;2663.63;100.308;1223.63;137.52
5011;1;Los Espinos + Santa Rosa;final;1261.219;1778.296;1261.219;338.296;264.3
5012;1;Los Espinos + Santa Rosa;final;1476.06;1846.846;36.06;406.846;297.021
5013;1;Los Espinos + Santa Rosa;final;552.034;1898.296;552.034;458.296;40.272
5014;1;Los Espinos + Santa Rosa;final;1264.213;1752.761;1264.213;312.761;311.031
5014.1;1;Los Espinos + Santa Rosa;final;1504.524;2628.715;64.524;1188.715;111.36
5015;1;Los Espinos + Santa Rosa;final;1247.648;1767.761;1247.648;327.761;293.598
5015.1;1;Los Espinos + Santa Rosa;final;1319.896;2596.397;1319.896;1156.397;65.336
5016;1;Los Espinos + Santa Rosa;final;1340.631;1782.761;1340.631;342.761;297.502
5016.1;1;Los Espinos + Santa Rosa;final;1543.668;2687.897;103.668;1247.897;124.587
5017;1;Los Espinos + Santa Rosa;final;518.747;1810.611;518.747;370.611;57.846
5018;1;Los Espinos + Santa Rosa;final;1358.087;1752.591;1358.087;312.591;310.878
5018.1;1;Los Espinos + Santa Rosa;final;1491.718;2768.296;51.718;1328.296;61.54
5019;1;Los Espinos + Santa Rosa;final;1366.561;1767.591;1366.561;327.591;290.952
5020;1;Los Espinos + Santa Rosa;final;1298.728;1782.591;1298.728;342.591;260.974
5021;1;Los Espinos + Santa Rosa;final;1332.994;1797.591;1332.994;357.591;260.974
5022;1;Los Espinos + Santa Rosa;final;1451.063;1812.591;11.063;372.591;295.715
5023;1;Los Espinos + Santa Rosa;final;1375.828;1822.591;1375.828;382.591;260.974
5024;1;Los Espinos + Santa Rosa;final;1270.733;1832.591;1270.733;392.591;233.248
5025;1;Los Espinos + Santa Rosa;final;1367.261;1842.591;1367.261;402.591;260.974
5026;1;Los Espinos + Santa Rosa;final;1273.028;1852.591;1273.028;412.591;230.995
5027;1;Los Espinos + Santa Rosa;final;1361.158;1817.623;1361.158;377.623;267.539
5028;1;Los Espinos + Santa Rosa;final;1341.561;1837.623;1341.561;397.623;253.491
5029;1;La Reina;final;1342.991;1763.355;1342.991;323.355;306.63
5029.1;1;La Reina;final;1387.546;2724.958;1387.546;1284.958;48.217
5030;1;La Reina;final;1280.007;1778.355;1280.007;338.355;272.492
5031;1;La Reina;final;1365.591;1793.355;1365.591;353.355;313.515
5031.1;1;La Reina;final;1501.125;2772.202;61.125;1332.202;78.815
5032;1;La Reina;final;1127.296;1808.355;1127.296;368.355;195.991
5033;1;La Reina;final;1435.246;1865.521;1435.246;425.521;308.729
5033.1;1;La Reina;final;1519.365;2841.155;79.365;1401.155;58.249
5034;1;La Reina;final;1250.748;1890.021;1250.748;450.021;225.2
5035;1;La Reina;final;1447.462;1898.355;7.462;458.355;311.514
5035.1;1;La Reina;final;1536.498;2858.288;96.498;1418.288;58.249
5036;1;La Reina;final;1369.243;1737.777;1369.243;297.777;302.768
5037;1;La Reina;final;998.716;1752.777;998.716;312.777;238.922
5037.1;1;La Reina;final;1560.812;2421.053;120.812;981.053;224.737
5038;1;La Reina;final;1218.86;1767.777;1218.86;327.777;295.757
5038.1;1;La Reina;final;1357.26;2628.821;1357.26;1188.821;75.107
5039;1;La Reina;final;1363.995;1797.777;1363.995;357.777;279.714
5040;1;La Reina;final;1160.093;1812.777;1160.093;372.777;264.344
5041;1;La Reina;final;1354.866;1827.777;1354.866;387.777;300.31
5041.1;1;La Reina;final;1515.812;2740.353;75.812;1300.353;106.986
5042;1;La Reina;final;1462.609;1842.777;22.609;402.777;305.198
5042.1;1;La Reina;final;1523.115;2813.107;83.115;1373.107;71.843
5043;1;La Reina;final;1241.165;1872.777;1241.165;432.777;222.629
5044;1;La Reina;final;1419.429;1887.777;1419.429;447.777;302.525
5044.1;1;La Reina;final;1474.805;2815.154;34.805;1375.154;50.192
5045;1;La Reina;final;1261.181;1902.777;1261.181;462.777;210.909
5046;1;La Reina;final;1410.905;1932.777;1410.905;492.777;296.448
5046.1;1;La Reina;final;1481.381;2825.812;41.381;1385.812;43.205
5047;1;La Reina;final;978.716;1750.145;978.716;310.145;251.1
5047.1;1;La Reina;final;1376.0;2403.92;1376.0;963.92;147.235
5048;1;La Reina;final;1235.465;1765.145;1235.465;325.145;267.146
5049;1;La Reina;final;1323.471;1780.145;1323.471;340.145;291.76
5050;1;La Reina;final;614.943;1795.145;614.943;355.145;91.02
5051;1;La Reina;final;1359.243;1825.145;1359.243;385.145;284.303
5052;1;La Reina;final;1246.412;1840.145;1246.412;400.145;222.817
5053;1;La Reina;final;1388.235;1855.145;1388.235;415.145;290.179
5054;1;La Reina;final;1441.414;1870.145;1.414;430.145;286.266
5055;1;La Reina;final;1275.766;1885.145;1275.766;445.145;222.045
5056;1;La Reina;final;1332.063;1900.145;1332.063;460.145;241.951
5057;1;La Reina;final;1356.655;1915.145;1356.655;475.145;260.318
5058;1;La Reina;final;1409.855;2470.145;1409.855;1030.145;135.069
5059;1;La Reina;final;1041.237;1471.963;1041.237;31.963;300.462
5059.1;1;La Reina;final;1308.687;2437.963;1308.687;997.963;115.537
5060;1;La Reina;final;1152.837;1761.963;1152.837;321.963;300.168
5060.1;1;La Reina;final;1391.937;2545.963;1391.937;1105.963;115.733
5061;1;La Reina;final;1178.287;1781.963;1178.287;341.963;300.266
5061.1;1;La Reina;final;1457.571;2581.963;17.571;1141.963;146.325
5062;1;La Reina;final;1208.687;1813.213;1208.687;373.213;300.071
5062.1;1;La Reina;final;1477.571;2601.963;37.571;1161.963;146.228
5063;1;La Reina;final;526.221;1824.463;526.221;384.463;54.156
5064;1;La Reina;final;1251.121;1835.713;1251.121;395.713;300.071
5064.1;1;La Reina;final;1311.071;2641.963;1311.071;1201.963;54.059
5065;1;La Reina;final;1268.687;1858.213;1268.687;418.213;300.168
5065.1;1;La Reina;final;1454.504;2659.963;14.504;1219.963;115.635
5066;1;La Reina;final;1299.121;1869.463;1299.121;429.463;300.071
5066.1;1;La Reina;final;1494.504;2693.363;54.504;1253.363;115.733
5067;1;La Reina;final;1212.837;1880.713;1212.837;440.713;269.576
5068;1;La Reina;final;1198.287;1801.963;1198.287;361.963;299.973
5069;1;La Reina;final;1248.687;1837.963;1248.687;397.963;300.266
5069.1;1;La Reina;final;1383.071;2641.963;1383.071;1201.963;84.847
5070;1;La Reina;final;1227.121;1855.963;1227.121;415.963;299.875
5070.1;1;La Reina;final;1497.571;2617.963;57.571;1177.963;146.325
5071;1;La Reina;final;1263.121;1873.963;1263.121;433.963;300.071
5071.1;1;La Reina;final;1404.787;2654.813;1404.787;1214.813;84.945
5072;1;La Reina;final;1287.121;1891.963;1287.121;451.963;300.168
5072.1;1;La Reina;final;1474.504;2677.963;34.504;1237.963;115.635
5073;1;La Reina;final;1280.785;1748.355;1280.785;308.355;297.786
5074;1;La Reina;final;1214.579;1760.355;1214.579;320.355;250.193
5074.1;1;La Reina;final;1495.519;2641.031;55.519;1201.031;118.344
5075;1;La Reina;final;1118.772;1772.355;1118.772;332.355;191.403
5076;1;La Reina;final;1436.288;1784.355;1436.288;344.355;311.611
5077;1;La Reina;final;1276.881;1796.355;1276.881;356.355;287.331
5078;1;La Reina;final;1261.505;1808.355;1261.505;368.355;226.77
5079;1;La Reina;final;1370.846;1817.355;1370.846;377.355;294.274
5080;1;La Reina;final;1403.029;1826.355;1403.029;386.355;302.905
5080.1;1;La Reina;final;1493.062;2806.888;53.062;1366.888;60.526
5081;1;La Reina;final;1433.698;1835.355;1433.698;395.355;303.634
5082;1;La Reina;final;1280.1;1844.355;1280.1;404.355;268.041
5083;1;La Reina;final;1247.422;1853.355;1247.422;413.355;218.681
5084;1;La Reina;final;1358.029;1889.355;1358.029;449.355;233.089
5085;1;La Reina;final;1310.34;1898.355;1310.34;458.355;216.756
5086;1;La Reina;final;1291.362;1746.687;1291.362;306.687;283.567
5087;1;La Reina;final;1270.79;1758.687;1270.79;318.687;275.721
5088;1;La Reina;final;1144.552;1770.687;1144.552;330.687;233.378
5088.1;1;La Reina;final;1386.812;2542.841;1386.812;1102.841;111.363
5089;1;La Reina;final;1309.479;1782.687;1309.479;342.687;288.389
5089.1;1;La Reina;final;1381.607;2712.605;1381.607;1272.605;47.796
5090;1;La Reina;final;1311.069;1794.687;1311.069;354.687;246.793
5090.1;1;La Reina;final;1543.379;2722.808;103.379;1282.808;111.363
5091;1;La Reina;final;1401.784;1807.537;1401.784;367.537;313.873
5091.1;1;La Reina;final;1487.962;2765.016;47.962;1325.016;84.317
5092;1;La Reina;final;1276.412;1820.387;1276.412;380.387;266.945
5092.1;1;La Reina;final;1399.897;2684.355;1399.897;1244.355;68.837
5093;1;La Reina;final;1421.202;1833.237;1421.202;393.237;292.758
5093.1;1;La Reina;final;1490.227;2789.016;50.227;1349.016;75.629
5094;1;La Reina;final;1293.412;1846.087;1293.412;406.087;243.493
5095;1;La Reina;final;1310.141;1858.937;1310.141;418.937;222.553
5096;1;La Reina;final;1394.457;1871.787;1394.457;431.787;288.268
5097;1;La Reina;final;1299.323;1884.637;1299.323;444.637;258.547
5098;1;La Reina;final;1493.353;1884.687;53.353;444.687;308.501
5099;1;La Reina;final;1492.964;2440.77;52.964;1000.77;183.576
5100;1;La Reina;final;1296.069;2449.987;1296.069;1009.987;102.029
5101;1;La Reina;final;1408.984;2477.637;1408.984;1037.637;140.998
5102;1;La Reina;final;1505.729;2514.503;65.729;1074.503;162.618
5103;1;La Reina;final;1510.196;2514.687;70.196;1074.687;175.928
5104;1;La Reina;final;1314.75;1898.355;1314.75;458.355;267.91
5105;1;La Reina;intermedia;777.622;840.0;777.622;840.0;277.467
5105;2;La Reina;final;1398.531;1467.777;1398.531;27.777;198.821
5106;1;La Reina;final;1180.1;1737.777;1180.1;297.777;278.367
5106.1;1;La Reina;final;1399.148;2554.447;1399.148;1114.447;115.599
5107;1;La Reina;final;1227.436;1757.777;1227.436;317.777;300.607
5107.1;1;La Reina;final;1491.433;2622.731;51.433;1182.731;150.964
5108;1;La Reina;final;1173.272;1777.777;1173.272;337.777;253.379
5109;1;La Reina;final;1333.968;1797.777;1333.968;357.777;288.732
5110;1;La Reina;final;1394.048;1812.777;1394.048;372.777;311.544
5110.1;1;La Reina;final;1498.766;2779.177;58.766;1339.177;81.23
5111;1;La Reina;final;1365.071;1827.777;1365.071;387.777;275.39
5112;1;La Reina;final;1366.196;1842.777;1366.196;402.777;290.373
5113;1;La Reina;final;1287.61;1857.777;1287.61;417.777;276.389
5113.1;1;La Reina;final;1508.567;2687.24;68.567;1247.24;124.891
5114;1;La Reina;final;1373.305;1872.777;1373.305;432.777;295.665
5115;1;La Reina;final;1367.719;1887.777;1367.719;447.777;294.182
5115.1;1;La Reina;final;1493.452;2774.465;53.452;1334.465;75.111
5116;1;La Reina;final;1386.736;1923.777;1386.736;483.777;272.362
5116.1;1;La Reina;final;1600.279;2802.375;160.279;1362.375;111.363
5117;1;Los Espinos + Santa Rosa;final;1300.862;1733.151;1300.862;293.151;257.216
5118;1;Los Espinos + Santa Rosa;final;1425.126;1743.151;1425.126;303.151;313.424
5118.1;1;Los Espinos + Santa Rosa;final;1449.814;2799.201;9.814;1359.201;41.148
5119;1;Los Espinos + Santa Rosa;final;1261.362;1753.151;1261.362;313.151;240.802
5120;1;Los Espinos + Santa Rosa;final;1301.832;1763.151;1301.832;323.151;289.751
5120.1;1;Los Espinos + Santa Rosa;final;1465.799;2677.827;25.799;1237.827;104.68
5121;1;Los Espinos + Santa Rosa;final;1389.147;1773.151;1389.147;333.151;312.531
5122;1;Los Espinos + Santa Rosa;final;1419.041;1783.151;1419.041;343.151;297.969
5122.1;1;Los Espinos + Santa Rosa;final;1474.986;2811.161;34.986;1371.161;47.857
5123;1;Los Espinos + Santa Rosa;final;1436.678;1793.151;1436.678;353.151;282.579
5124;1;Los Espinos + Santa Rosa;final;1292.743;1817.651;1292.743;377.651;239.23
5125;1;Los Espinos + Santa Rosa;final;488.445;1825.818;488.445;385.818;35.891
5126;1;Los Espinos + Santa Rosa;final;1346.852;1833.984;1346.852;393.984;247.892
5127;1;Los Espinos + Santa Rosa;final;1457.09;1842.151;17.09;402.151;288.308
5128;1;Los Espinos + Santa Rosa;final;1364.465;1850.318;1364.465;410.318;242.502
5129;1;Los Espinos + Santa Rosa;final;1325.065;1866.651;1325.065;426.651;245.925
5130;1;Los Espinos + Santa Rosa;final;1491.512;1874.818;51.512;434.818;274.094
5131;1;Los Espinos + Santa Rosa;final;1309.238;1882.984;1309.238;442.984;225.571
5132;1;Los Espinos + Santa Rosa;final;1383.778;1883.151;1383.778;443.151;245.8
5133;1;Los Espinos + Santa Rosa;final;1386.919;1770.58;1386.919;330.58;294.191
5134;1;Los Espinos + Santa Rosa;final;1311.227;1782.58;1311.227;342.58;305.85
5135;1;Los Espinos + Santa Rosa;final;1356.66;1794.58;1356.66;354.58;268.841
5136;1;Los Espinos + Santa Rosa;final;1327.364;1763.008;1327.364;323.008;301.815
5136.1;1;Los Espinos + Santa Rosa;final;1498.415;2740.72;58.415;1300.72;86.113
5137;1;Los Espinos + Santa Rosa;final;1361.228;1775.008;1361.228;335.008;302.415
5138;1;Los Espinos + Santa Rosa;final;1315.085;1787.008;1315.085;347.008;268.43
5139;1;Los Espinos + Santa Rosa;final;1297.678;1799.008;1297.678;359.008;285.44
5140;1;Los Espinos + Santa Rosa;final;486.837;1811.008;486.837;371.008;43.508
5141;1;Los Espinos + Santa Rosa;final;1356.651;1823.008;1356.651;383.008;274.168
5141.1;1;Los Espinos + Santa Rosa;final;1539.817;2739.287;99.817;1299.287;105.908
5142;1;Los Espinos + Santa Rosa;final;1287.775;1863.008;1287.775;423.008;214.434
5143;1;Los Espinos + Santa Rosa;final;1362.775;1893.008;1362.775;453.008;233.387
5144;1;Los Espinos + Santa Rosa;final;1189.18;1903.008;1189.18;463.008;182.328
5145;1;Los Espinos + Santa Rosa;final;1232.715;1732.092;1232.715;292.092;281.452
5146;1;Los Espinos + Santa Rosa;final;1353.563;1742.092;1353.563;302.092;295.296
5146.1;1;Los Espinos + Santa Rosa;final;1542.399;2700.377;102.399;1260.377;126.67
5147;1;Los Espinos + Santa Rosa;final;1252.927;1752.092;1252.927;312.092;278.473
5148;1;Los Espinos + Santa Rosa;final;1272.771;1762.092;1272.771;322.092;276.348
5149;1;Los Espinos + Santa Rosa;final;1433.929;1782.092;1433.929;342.092;310.999
5150;1;Los Espinos + Santa Rosa;final;1375.992;1837.092;1375.992;397.092;286.98
5150.1;1;Los Espinos + Santa Rosa;final;1470.642;2813.008;30.642;1373.008;49.928
5151;1;Los Espinos + Santa Rosa;final;1175.119;1432.01;1175.119;1432.01;305.251
5151.1;1;Los Espinos + Santa Rosa;final;1261.819;2568.14;1261.819;1128.14;53.881
5152;1;Los Espinos + Santa Rosa;final;616.2;1462.01;616.2;22.01;264.635
5152.1;1;Los Espinos + Santa Rosa;final;1255.443;1995.604;1255.443;555.604;212.158
5153;1;Los Espinos + Santa Rosa;final;1270.664;1492.01;1270.664;52.01;304.267
5153.1;1;Los Espinos + Santa Rosa;final;1455.836;2620.397;15.836;1180.397;119.289
5154;1;Los Espinos + Santa Rosa;final;506.085;1782.01;506.085;342.01;60.351
5155;1;Los Espinos + Santa Rosa;final;1416.561;1802.01;1416.561;362.01;308.522
5155.1;1;Los Espinos + Santa Rosa;final;1452.594;2772.081;12.594;1332.081;55.828
5156;1;Los Espinos + Santa Rosa;final;1394.298;1823.008;1394.298;383.008;274.689
5157;1;Los Espinos + Santa Rosa;final;1435.127;1880.175;1435.127;440.175;289.942
5158;1;Los Espinos + Santa Rosa;final;1360.466;1888.342;1360.466;448.342;241.22
5159;1;Los Espinos + Santa Rosa;final;1251.645;1904.675;1251.645;464.675;188.519
5160;1;Los Espinos + Santa Rosa;final;1277.648;1913.008;1277.648;473.008;242.823
5161;1;Los Espinos + Santa Rosa;final;694.876;1398.698;694.876;1398.698;268.583
5161.1;1;Los Espinos + Santa Rosa;final;1425.592;2132.103;1425.592;692.103;240.135
5162;1;Los Espinos + Santa Rosa;final;1058.824;1428.698;1058.824;1428.698;282.652
5162.1;1;Los Espinos + Santa Rosa;final;1396.644;2449.763;1396.644;1009.763;130.368
5163;1;Los Espinos + Santa Rosa;final;1304.588;1737.265;1304.588;297.265;278.661
5163.1;1;Los Espinos + Santa Rosa;final;1438.186;2687.315;1438.186;1247.315;86.94
5164;1;Los Espinos + Santa Rosa;final;1263.827;1745.831;1263.827;305.831;291.35
5164.1;1;Los Espinos + Santa Rosa;final;1527.926;2686.532;87.926;1246.532;121.059
5165;1;Los Espinos + Santa Rosa;final;1255.119;1762.965;1255.119;322.965;273.703
5166;1;Los Espinos + Santa Rosa;final;1343.146;1771.531;1343.146;331.531;304.183
5166.1;1;Los Espinos + Santa Rosa;final;1424.351;2697.477;1424.351;1257.477;75.832
5167;1;Los Espinos + Santa Rosa;final;1338.824;1731.276;1338.824;291.276;308.029
5168;1;Los Espinos + Santa Rosa;final;1171.326;1739.843;1171.326;299.843;245.367
5169;1;Los Espinos + Santa Rosa;final;1348.069;1748.409;1348.069;308.409;282.097
5170;1;Los Espinos + Santa Rosa;final;1335.242;1756.976;1335.242;316.976;296.602
5170.1;1;Los Espinos + Santa Rosa;final;1456.742;2738.103;16.742;1298.103;77.443
5171;1;Los Espinos + Santa Rosa;final;1366.51;1774.109;1366.51;334.109;306.178
5171.1;1;Los Espinos + Santa Rosa;final;1474.861;2768.884;34.861;1328.884;66.921
5172;1;Los Espinos + Santa Rosa;final;1317.993;1760.051;1317.993;320.051;247.565
5173;1;Los Espinos + Santa Rosa;final;1362.302;1772.051;1362.302;332.051;280.396
5174;1;Los Espinos + Santa Rosa;final;529.383;1784.051;529.383;344.051;67.41
5175;1;Los Espinos + Santa Rosa;final;1174.519;1773.338;1174.519;333.338;223.647
5176;1;Los Espinos + Santa Rosa;final;1397.276;1785.338;1397.276;345.338;308.427
5177;1;Los Espinos + Santa Rosa;final;485.286;1797.338;485.286;357.338;43.484
5178;1;Los Espinos + Santa Rosa;final;1368.008;1809.338;1368.008;369.338;300.866
5178.1;1;Los Espinos + Santa Rosa;final;1505.5;2762.737;65.5;1322.737;91.862
5179;1;Los Espinos + Santa Rosa;final;1283.966;1821.338;1283.966;381.338;259.395
5180;1;Los Espinos + Santa Rosa;final;1468.004;1829.505;28.004;389.505;236.028
5181;1;Los Espinos + Santa Rosa;final;1403.377;1862.172;1403.377;422.172;224.912
5182;1;Los Espinos + Santa Rosa;final;1409.814;1878.505;1409.814;438.505;303.949
5182.1;1;Los Espinos + Santa Rosa;final;1495.041;2851.38;55.041;1411.38;35.416
5183;1;Los Espinos + Santa Rosa;final;1386.772;1886.672;1386.772;446.672;295.559
5184;1;Los Espinos + Santa Rosa;final;1365.461;1903.005;1365.461;463.005;257.41
5185;1;Los Espinos + Santa Rosa;final;1214.26;1911.172;1214.26;471.172;189.892
5186;1;Los Espinos + Santa Rosa;final;1312.771;1911.338;1312.771;471.338;217.833
5187;1;Los Espinos + Santa Rosa;final;1155.819;1759.76;1155.819;319.76;251.323
5187.1;1;Los Espinos + Santa Rosa;final;1479.102;2584.481;39.102;1144.481;153.481
5188;1;Los Espinos + Santa Rosa;final;485.519;1771.76;485.519;331.76;52.341
5189;1;Los Espinos + Santa Rosa;final;1269.427;1747.76;1269.427;307.76;293.072
5190;1;Los Espinos + Santa Rosa;final;1398.361;1767.76;1398.361;327.76;308.303
5191;1;Los Espinos + Santa Rosa;final;1412.626;1729.201;1412.626;289.201;308.582
5192;1;Los Espinos + Santa Rosa;final;1310.003;1744.201;1310.003;304.201;303.66
5192.1;1;Los Espinos + Santa Rosa;final;1472.969;2742.547;32.969;1302.547;66.727
5193;1;Los Espinos + Santa Rosa;final;1294.043;1759.201;1294.043;319.201;276.594
5194;1;Los Espinos + Santa Rosa;final;1357.86;1789.201;1357.86;349.201;288.12
5195;1;Los Espinos + Santa Rosa;final;1304.41;1834.201;1304.41;394.201;232.303
5196;1;Los Espinos + Santa Rosa;final;1261.314;1729.007;1261.314;289.007;296.316
5196.1;1;Los Espinos + Santa Rosa;final;1453.811;2604.102;13.811;1164.102;119.728
5197;1;Los Espinos + Santa Rosa;final;1305.685;1741.007;1305.685;301.007;293.945
5197.1;1;Los Espinos + Santa Rosa;final;1395.571;2739.848;1395.571;1299.848;39.183
5198;1;Los Espinos + Santa Rosa;final;1374.195;1753.007;1374.195;313.007;300.722
5198.1;1;Los Espinos + Santa Rosa;final;1470.253;2801.748;30.253;1361.748;40.888
5199;1;Los Espinos + Santa Rosa;final;1389.552;1765.007;1389.552;325.007;309.332
5200;1;Los Espinos + Santa Rosa;final;1442.31;1814.707;2.31;374.707;285.373
5200.1;1;Los Espinos + Santa Rosa;final;1521.935;2786.405;81.935;1346.405;85.905
5201;1;Los Espinos + Santa Rosa;final;1408.6;1827.557;1408.6;387.557;288.4
5202;1;Los Espinos + Santa Rosa;final;1260.418;1866.107;1260.418;426.107;217.899
5203;1;Los Espinos + Santa Rosa;final;1440.642;1878.957;0.642;438.957;307.625
5203.1;1;Los Espinos + Santa Rosa;final;1481.436;2872.942;41.436;1432.942;22.125
5204;1;Los Espinos + Santa Rosa;final;1419.552;1879.007;1419.552;439.007;280.182
5205;1;Los Espinos + Santa Rosa;final;1243.594;1747.76;1243.594;307.76;277.334
5206;1;Los Espinos + Santa Rosa;final;1285.152;1767.76;1285.152;327.76;260.061
5207;1;Los Espinos + Santa Rosa;final;1395.253;1734.038;1395.253;294.038;295.426
5207.1;1;Los Espinos + Santa Rosa;final;1477.908;2834.247;37.908;1394.247;35.416
5208;1;Los Espinos + Santa Rosa;final;1248.77;1744.038;1248.77;304.038;256.433
5209;1;Los Espinos + Santa Rosa;final;1369.814;1754.038;1369.814;314.038;306.696
5209.1;1;Los Espinos + Santa Rosa;final;1480.193;2831.277;40.193;1391.277;39.596
5210;1;Los Espinos + Santa Rosa;final;1413.714;1764.038;1413.714;324.038;299.537
5210.1;1;Los Espinos + Santa Rosa;final;1461.492;2811.327;21.492;1371.327;39.83
5211;1;Los Espinos + Santa Rosa;final;1354.56;1774.038;1354.56;334.038;294.652
5212;1;Los Espinos + Santa Rosa;final;1202.914;1784.038;1202.914;344.038;253.214
5213;1;Los Espinos + Santa Rosa;final;1411.669;1794.038;1411.669;354.038;308.475
5214;1;Los Espinos + Santa Rosa;final;1285.008;1800.038;1285.008;360.038;231.868
5215;1;Los Espinos + Santa Rosa;final;1425.642;1812.038;1425.642;372.038;314.163
5215.1;1;Los Espinos + Santa Rosa;final;1484.187;2858.008;44.187;1418.008;35.676
5216;1;Los Espinos + Santa Rosa;final;1437.951;1830.038;1437.951;390.038;303.979
5216.1;1;Los Espinos + Santa Rosa;final;1464.535;2751.875;24.535;1311.875;76.982
5217;1;Los Espinos + Santa Rosa;final;1192.253;1836.038;1192.253;396.038;239.265
5218;1;Los Espinos + Santa Rosa;final;1358.474;1848.038;1358.474;408.038;276.072
5219;1;Los Espinos + Santa Rosa;final;498.837;1854.038;498.837;414.038;33.214
5220;1;Los Espinos + Santa Rosa;final;1298.966;1860.038;1298.966;420.038;253.89
5221;1;Los Espinos + Santa Rosa;final;1213.152;1866.038;1213.152;426.038;208.956
5222;1;Los Espinos + Santa Rosa;final;1328.015;1878.038;1328.015;438.038;236.219
5223;1;Los Espinos + Santa Rosa;final;1274.919;1884.038;1274.919;444.038;225.692
5224;1;Los Espinos + Santa Rosa;final;1293.275;1770.58;1293.275;330.58;263.691
5224.1;1;Los Espinos + Santa Rosa;final;1418.06;2727.258;1418.06;1287.258;56.977
5225;1;Los Espinos + Santa Rosa;final;1328.911;1782.58;1328.911;342.58;283.273
5226;1;Los Espinos + Santa Rosa;final;483.908;1794.58;483.908;354.58;41.621
5227;1;Los Espinos + Santa Rosa;final;1309.141;1833.58;1309.141;393.58;234.531
5228;1;Los Espinos + Santa Rosa;final;1396.673;1856.08;1396.673;416.08;273.962
5229;1;Los Espinos + Santa Rosa;final;1425.411;1878.58;1425.411;438.58;293.308
5230;1;Los Espinos + Santa Rosa;final;1270.087;1459.201;1270.087;19.201;312.846
5231;1;Los Espinos + Santa Rosa;final;1237.985;1729.201;1237.985;289.201;275.894
5231.1;1;Los Espinos + Santa Rosa;final;1401.352;2629.14;1401.352;1189.14;78.938
5232;1;Los Espinos + Santa Rosa;final;1209.947;1744.201;1209.947;304.201;254.459
5233;1;Los Espinos + Santa Rosa;final;1335.285;1759.201;1335.285;319.201;302.715
5233.1;1;Los Espinos + Santa Rosa;final;1462.985;2730.14;22.985;1290.14;78.938
5234;1;Los Espinos + Santa Rosa;final;1430.989;1789.201;1430.989;349.201;314.835
5234.1;1;Los Espinos + Santa Rosa;final;1496.452;2810.866;56.452;1370.866;59.961
5235;1;Los Espinos + Santa Rosa;final;1328.185;1799.201;1328.185;359.201;292.299
5236;1;Los Espinos + Santa Rosa;final;1345.707;1809.201;1345.707;369.201;240.455
5237;1;Los Espinos + Santa Rosa;final;485.064;1819.201;485.064;379.201;41.148
5238;1;Los Espinos + Santa Rosa;final;1421.105;1829.201;1421.105;389.201;289.858
5238.1;1;Los Espinos + Santa Rosa;final;1543.949;2801.178;103.949;1361.178;75.493
5239;1;Los Espinos + Santa Rosa;final;1345.992;1839.201;1345.992;399.201;295.276
5240;1;Los Espinos + Santa Rosa;final;1428.619;1879.201;1428.619;439.201;298.307
5240.1;1;Los Espinos + Santa Rosa;final;1506.038;2858.881;66.038;1418.881;38.264
5241;1;Los Espinos + Santa Rosa;final;1368.362;1773.277;1368.362;333.277;287.752
5242;1;Los Espinos + Santa Rosa;final;1389.991;1785.277;1389.991;345.277;311.624
5243;1;Los Espinos + Santa Rosa;final;1362.45;1797.277;1362.45;357.277;311.205
5243.1;1;Los Espinos + Santa Rosa;final;1487.35;2791.338;47.35;1351.338;51.476
5244;1;Los Espinos + Santa Rosa;final;1425.467;1866.277;1425.467;426.277;290.408
5244.1;1;Los Espinos + Santa Rosa;final;1568.026;2801.604;128.026;1361.604;101.105
5245;1;Los Espinos + Santa Rosa;final;1287.465;1875.277;1287.465;435.277;207.352
5246;1;Los Espinos + Santa Rosa;final;1257.405;1456.252;1257.405;16.252;309.296
5246.1;1;Los Espinos + Santa Rosa;final;1479.164;2664.168;39.164;1224.168;107.587
5247;1;Los Espinos + Santa Rosa;final;1313.448;1726.252;1313.448;286.252;305.793
5247.1;1;Los Espinos + Santa Rosa;final;1423.874;2713.245;1423.874;1273.245;67.306
5248;1;Los Espinos + Santa Rosa;final;1412.252;1734.819;1412.252;294.819;295.893
5249;1;Los Espinos + Santa Rosa;final;1305.913;1743.385;1305.913;303.385;298.778
5249.1;1;Los Espinos + Santa Rosa;final;1370.572;2654.127;1370.572;1214.127;72.082
5250;1;Los Espinos + Santa Rosa;final;1352.882;1751.952;1352.882;311.952;294.252
5250.1;1;Los Espinos + Santa Rosa;final;1442.534;2711.875;2.534;1271.875;73.82
5251;1;Los Espinos + Santa Rosa;final;1374.409;1777.652;1374.409;337.652;292.923
5251.1;1;Los Espinos + Santa Rosa;final;1434.743;2778.191;1434.743;1338.191;43.723
5252;1;Los Espinos + Santa Rosa;final;1369.141;1791.535;1369.141;351.535;274.261
5253;1;Los Espinos + Santa Rosa;final;1273.152;1812.669;1273.152;372.669;238.621
5254;1;Los Espinos + Santa Rosa;final;1027.279;1488.415;1027.279;48.415;306.241
5254.1;1;Los Espinos + Santa Rosa;final;1490.565;2380.397;50.565;940.397;222.322
5255;1;Los Espinos + Santa Rosa;final;1374.277;1770.415;1374.277;330.415;265.795
5256;1;Los Espinos + Santa Rosa;final;1410.657;1782.415;1410.657;342.415;295.754
5256.1;1;Los Espinos + Santa Rosa;final;1463.874;2811.163;23.874;1371.163;44.465
5257;1;Los Espinos + Santa Rosa;final;1374.689;1794.415;1374.689;354.415;292.608
5257.1;1;Los Espinos + Santa Rosa;final;1505.415;2753.995;65.415;1313.995;91.332
5258;1;Los Espinos + Santa Rosa;final;1458.844;1834.265;18.844;394.265;301.579
5258.1;1;Los Espinos + Santa Rosa;final;1512.346;2812.081;72.346;1372.081;68.5
5259;1;Los Espinos + Santa Rosa;final;1234.331;1855.398;1234.331;415.398;228.563
5260;1;Los Espinos + Santa Rosa;final;1348.231;1865.965;1348.231;425.965;254.236
5261;1;Los Espinos + Santa Rosa;final;1146.648;1470.14;1146.648;30.14;314.144
5261.1;1;Los Espinos + Santa Rosa;final;1527.922;2526.519;87.922;1086.519;160.566
5262;1;Los Espinos + Santa Rosa;final;1358.72;1740.14;1358.72;300.14;291.219
5262.1;1;Los Espinos + Santa Rosa;final;1419.619;2782.847;1419.619;1342.847;32.884
5263;1;Los Espinos + Santa Rosa;final;1386.445;1748.707;1386.445;308.707;308.041
5263.1;1;Los Espinos + Santa Rosa;final;1539.478;2815.082;99.478;1375.082;69.306
5264;1;Los Espinos + Santa Rosa;final;1405.42;1757.273;1405.42;317.273;311.148
5264.1;1;Los Espinos + Santa Rosa;final;1467.335;2818.296;27.335;1378.296;36.289
5265;1;Los Espinos + Santa Rosa;final;1253.694;1765.84;1253.694;325.84;251.529
5266;1;Los Espinos + Santa Rosa;final;1397.376;1774.407;1397.376;334.407;296.207
5267;1;Los Espinos + Santa Rosa;final;1323.275;1782.973;1323.275;342.973;292.107
5268;1;Los Espinos + Santa Rosa;final;1302.775;1791.54;1302.775;351.54;274.602
5268.1;1;Los Espinos + Santa Rosa;final;1515.548;2740.108;75.548;1300.108;96.961
5269;1;Los Espinos + Santa Rosa;final;1347.616;1800.107;1347.616;360.107;272.374
5270;1;Los Espinos + Santa Rosa;final;1409.375;1800.14;1409.375;360.14;277.673
5271;1;Los Espinos + Santa Rosa;final;1436.577;1807.057;1436.577;367.057;302.933
5272;1;Los Espinos + Santa Rosa;final;1276.411;1813.973;1276.411;373.973;234.304
5273;1;Los Espinos + Santa Rosa;final;1493.66;1820.89;53.66;380.89;314.926
5274;1;Los Espinos + Santa Rosa;final;1410.635;1827.807;1410.635;387.807;281.379
5275;1;Los Espinos + Santa Rosa;final;1463.053;1834.723;23.053;394.723;289.148
5276;1;Los Espinos + Santa Rosa;final;1445.92;1841.64;5.92;401.64;279.628
5277;1;Los Espinos + Santa Rosa;final;1271.935;1848.557;1271.935;408.557;228.303
5278;1;Los Espinos + Santa Rosa;final;1447.426;1855.473;7.426;415.473;278.375
5279;1;Los Espinos + Santa Rosa;final;1273.336;1862.39;1273.336;422.39;220.653
5280;1;Los Espinos + Santa Rosa;final;1480.187;1869.307;40.187;429.307;306.531
5281;1;Los Espinos + Santa Rosa;final;1454.668;1876.223;14.668;436.223;295.01
5282;1;Los Espinos + Santa Rosa;final;1326.057;1883.14;1326.057;443.14;247.138
5283;1;Los Espinos + Santa Rosa;final;1323.908;1740.14;1323.908;300.14;313.692
5283.1;1;Los Espinos + Santa Rosa;final;1455.413;2716.937;15.413;1276.937;78.912
5284;1;Los Espinos + Santa Rosa;final;1307.336;1750.14;1307.336;310.14;305.259
5284.1;1;Los Espinos + Santa Rosa;final;1443.924;2682.109;3.924;1242.109;92.127
5285;1;Los Espinos + Santa Rosa;final;1346.285;1760.14;1346.285;320.14;285.116
5286;1;Los Espinos + Santa Rosa;final;1322.91;1770.14;1322.91;330.14;272.894
5287;1;Los Espinos + Santa Rosa;final;1364.694;1780.14;1364.694;340.14;298.924
5288;1;Los Espinos + Santa Rosa;final;1293.663;1790.14;1293.663;350.14;257.826
5289;1;Los Espinos + Santa Rosa;final;1371.934;1800.14;1371.934;360.14;287.238
5290;1;Los Espinos + Santa Rosa;final;1457.214;1810.14;17.214;370.14;287.934
5291;1;Los Espinos + Santa Rosa;final;510.885;1820.14;510.885;380.14;43.356
5292;1;Los Espinos + Santa Rosa;final;1402.364;1830.14;1402.364;390.14;308.649
5292.1;1;Los Espinos + Santa Rosa;final;1467.704;2812.72;27.704;1372.72;45.178
5293;1;Los Espinos + Santa Rosa;final;1293.453;1840.14;1293.453;400.14;223.981
5294;1;Los Espinos + Santa Rosa;final;1361.427;1850.14;1361.427;410.14;285.47
5294.1;1;Los Espinos + Santa Rosa;final;1501.345;2751.379;61.345;1311.379;88.862
5295;1;Los Espinos + Santa Rosa;final;1464.64;1860.14;24.64;420.14;289.162
5296;1;Los Espinos + Santa Rosa;final;1462.298;1870.14;22.298;430.14;293.945
5297;1;Los Espinos + Santa Rosa;final;1292.174;1880.14;1292.174;440.14;237.773
5298;1;Los Espinos + Santa Rosa;final;1363.482;1890.14;1363.482;450.14;251.245
5299;1;Los Espinos + Santa Rosa;final;1256.094;1762.76;1256.094;322.76;292.627
5300;1;Los Espinos + Santa Rosa;final;1334.612;1733.151;1334.612;293.151;304.104
5300.1;1;Los Espinos + Santa Rosa;final;1399.663;2727.417;1399.663;1287.417;49.66
5301;1;Los Espinos + Santa Rosa;final;1179.433;1745.151;1179.433;305.151;220.864
5302;1;Los Espinos + Santa Rosa;final;1120.569;1757.151;1120.569;317.151;308.813
5302.1;1;Los Espinos + Santa Rosa;final;1311.789;2499.909;1311.789;1059.909;90.674
5303;1;Los Espinos + Santa Rosa;final;1323.497;1769.151;1323.497;329.151;300.926
5303.1;1;Los Espinos + Santa Rosa;final;1501.427;2737.999;61.427;1297.999;91.765
5304;1;Los Espinos + Santa Rosa;final;574.144;1781.151;574.144;341.151;86.825
5305;1;Los Espinos + Santa Rosa;final;1347.634;1795.367;1347.634;355.367;269.25
5306;1;Los Espinos + Santa Rosa;final;1443.641;1805.367;3.641;365.367;294.414
5307;1;Los Espinos + Santa Rosa;final;1384.565;1815.367;1384.565;375.367;300.041
5308;1;Los Espinos + Santa Rosa;final;1303.252;1825.367;1303.252;385.367;260.004
5309;1;Los Espinos + Santa Rosa;final;1432.644;1835.367;1432.644;395.367;311.4
5310;1;Los Espinos + Santa Rosa;final;1472.444;1845.367;32.444;405.367;309.707
5311;1;Los Espinos + Santa Rosa;final;1341.633;1855.367;1341.633;415.367;275.872
5311.1;1;Los Espinos + Santa Rosa;final;1478.628;2721.357;38.628;1281.357;91.194
5312;1;Los Espinos + Santa Rosa;final;1447.298;1865.367;7.298;425.367;280.77
5313;1;Los Espinos + Santa Rosa;final;1422.397;1875.367;1422.397;435.367;250.9
5314;1;Los Espinos + Santa Rosa;final;1351.054;1883.151;1351.054;443.151;280.113
5314.1;1;Los Espinos + Santa Rosa;final;1493.332;2755.43;53.332;1315.43;79.701
5315;1;Los Espinos + Santa Rosa;final;1275.578;1767.76;1275.578;327.76;262.895
5316;1;Los Espinos + Santa Rosa;final;1255.578;1740.14;1255.578;300.14;275.422
5317;1;Los Espinos + Santa Rosa;final;1360.163;1747.64;1360.163;307.64;311.755
5317.1;1;Los Espinos + Santa Rosa;final;1480.003;2764.62;40.003;1324.62;80.054
5318;1;Los Espinos + Santa Rosa;final;1309.292;1755.14;1309.292;315.14;276.516
5318.1;1;Los Espinos + Santa Rosa;final;1501.971;2701.937;61.971;1261.937;103.117
5319;1;Los Espinos + Santa Rosa;final;1373.013;1762.64;1373.013;322.64;311.755
5319.1;1;Los Espinos + Santa Rosa;final;1497.136;2779.62;57.136;1339.62;80.054
5320;1;Los Espinos + Santa Rosa;final;1305.811;1770.14;1305.811;330.14;273.43
5321;1;Los Espinos + Santa Rosa;final;1368.481;1777.64;1368.481;337.64;312.406
5321.1;1;Los Espinos + Santa Rosa;final;1522.948;2703.502;82.948;1263.502;117.452
5322;1;Los Espinos + Santa Rosa;final;1187.169;1785.14;1187.169;345.14;236.897
5323;1;Los Espinos + Santa Rosa;final;1307.322;1792.64;1307.322;352.64;305.215
5324;1;Los Espinos + Santa Rosa;final;1187.969;1800.14;1187.969;360.14;307.189
5324.1;1;Los Espinos + Santa Rosa;final;1454.978;2547.243;14.978;1107.243;144.914
5325;1;Los Espinos + Santa Rosa;final;507.497;1807.64;507.497;367.64;51.016
5326;1;Los Espinos + Santa Rosa;final;1355.019;1815.14;1355.019;375.14;288.082
5326.1;1;Los Espinos + Santa Rosa;final;1462.688;2783.581;22.688;1343.581;54.025
5327;1;Los Espinos + Santa Rosa;final;1352.35;1822.64;1352.35;382.64;284.973
5328;1;Los Espinos + Santa Rosa;final;1347.251;1830.14;1347.251;390.14;152.741
5329;1;Los Espinos + Santa Rosa;final;1459.552;1837.64;19.552;397.64;296.501
5330;1;Los Espinos + Santa Rosa;final;1297.706;1845.14;1297.706;405.14;244.979
5331;1;Los Espinos + Santa Rosa;final;1178.226;1852.64;1178.226;412.64;207.756
5332;1;Los Espinos + Santa Rosa;final;1344.954;1860.14;1344.954;420.14;270.117
5333;1;Los Espinos + Santa Rosa;final;1348.752;1867.64;1348.752;427.64;256.308
5334;1;Los Espinos + Santa Rosa;final;1201.152;1875.14;1201.152;435.14;180.381
5335;1;Los Espinos + Santa Rosa;final;1211.388;1882.64;1211.388;442.64;192.356
5336;1;Los Espinos + Santa Rosa;final;1175.06;1890.14;1175.06;450.14;191.747
5337;1;Los Espinos + Santa Rosa;final;1365.166;1762.76;1365.166;322.76;303.54
5337.1;1;Los Espinos + Santa Rosa;final;1513.717;2741.652;73.717;1301.652;95.329
5338;1;Los Espinos + Santa Rosa;final;1349.646;1777.76;1349.646;337.76;304.631
5338.1;1;Los Espinos + Santa Rosa;final;1517.596;2709.926;77.596;1269.926;115.426
5339;1;Los Espinos + Santa Rosa;final;1482.216;1848.593;42.216;408.593;311.323
5340;1;Los Espinos + Santa Rosa;final;1350.815;1740.14;1350.815;300.14;263.177
5341;1;Los Espinos + Santa Rosa;final;1414.377;1750.14;1414.377;310.14;303.909
5341.1;1;Los Espinos + Santa Rosa;final;1533.393;2855.808;93.393;1415.808;56.977
5342;1;Los Espinos + Santa Rosa;final;1212.285;1760.14;1212.285;320.14;248.007
5343;1;Los Espinos + Santa Rosa;final;1314.617;1770.14;1314.617;330.14;277.93
5344;1;Los Espinos + Santa Rosa;final;1285.412;1780.14;1285.412;340.14;231.503
5345;1;Los Espinos + Santa Rosa;final;1280.007;1790.14;1280.007;350.14;250.851
5346;1;Los Espinos + Santa Rosa;final;1285.819;1800.14;1285.819;360.14;257.63
5347;1;Los Espinos + Santa Rosa;final;1161.03;1810.14;1161.03;370.14;214.824
5348;1;Los Espinos + Santa Rosa;final;1361.061;1820.14;1361.061;380.14;233.618
5349;1;Los Espinos + Santa Rosa;final;1421.502;1830.14;1421.502;390.14;266.592
5349.1;1;Los Espinos + Santa Rosa;final;1542.985;2810.14;102.985;1370.14;78.938
5350;1;Los Espinos + Santa Rosa;final;1375.242;1840.14;1375.242;400.14;262.387
5351;1;Los Espinos + Santa Rosa;final;1456.886;1850.14;16.886;410.14;278.152
5352;1;Los Espinos + Santa Rosa;final;1311.908;1860.14;1311.908;420.14;222.206
5353;1;Los Espinos + Santa Rosa;final;1278.993;1870.14;1278.993;430.14;205.378
5354;1;Los Espinos + Santa Rosa;final;1345.736;1880.14;1345.736;440.14;220.172
5355;1;Los Espinos + Santa Rosa;final;1452.261;1890.14;12.261;450.14;267.366
5356;1;Los Espinos + Santa Rosa;final;1337.274;1770.58;1337.274;330.58;294.031
5357;1;Los Espinos + Santa Rosa;final;1298.45;1782.58;1298.45;342.58;301.47
5357.1;1;Los Espinos + Santa Rosa;final;1468.214;2623.431;28.214;1183.431;116.727
5358;1;Los Espinos + Santa Rosa;final;1365.831;1794.58;1365.831;354.58;311.56
5359;1;Los Espinos + Santa Rosa;final;505.252;1854.58;505.252;414.58;32.884
5360;1;Los Espinos + Santa Rosa;final;1411.288;1872.58;1411.288;432.58;277.238
5361;1;Los Espinos + Santa Rosa;final;1170.918;1748.296;1170.918;308.296;231.584
5362;1;Los Espinos + Santa Rosa;final;1249.527;1768.296;1249.527;328.296;293.295
5362.1;1;Los Espinos + Santa Rosa;final;1369.719;2594.311;1369.719;1154.311;93.523
5363;1;Los Espinos + Santa Rosa;final;1297.152;1819.546;1297.152;379.546;227.267
5364;1;Los Espinos + Santa Rosa;final;1296.908;1830.796;1296.908;390.796;284.545
5364.1;1;Los Espinos + Santa Rosa;final;1480.194;2699.451;40.194;1259.451;86.138
5365;1;Los Espinos + Santa Rosa;final;1354.434;1842.046;1354.434;402.046;269.774
5366;1;Los Espinos + Santa Rosa;final;1367.648;1853.296;1367.648;413.296;269.234
5367;1;Los Espinos + Santa Rosa;final;1427.081;1898.296;1427.081;458.296;269.234
5368;1;Los Espinos + Santa Rosa;final;1297.208;1741.728;1297.208;301.728;298.395
5368.1;1;Los Espinos + Santa Rosa;final;1373.908;2653.192;1373.908;1213.192;69.998
5369;1;Los Espinos + Santa Rosa;final;1302.302;1765.728;1302.302;325.728;264.323
5370;1;Los Espinos + Santa Rosa;final;1229.111;1777.728;1229.111;337.728;242.851
5371;1;Los Espinos + Santa Rosa;final;1318.903;1789.728;1318.903;349.728;308.111
5371.1;1;Los Espinos + Santa Rosa;final;1509.402;2724.168;69.402;1284.168;98.984
5372;1;Los Espinos + Santa Rosa;final;1388.661;1798.728;1388.661;358.728;299.85
5373;1;Los Espinos + Santa Rosa;final;1377.141;1816.728;1377.141;376.728;284.441
5374;1;Los Espinos + Santa Rosa;final;1387.127;1825.728;1387.127;385.728;281.563
5375;1;Los Espinos + Santa Rosa;final;529.285;1834.728;529.285;394.728;47.364
5376;1;Los Espinos + Santa Rosa;final;498.87;1843.728;498.87;403.728;37.296
5377;1;Los Espinos + Santa Rosa;final;1334.766;1772.881;1334.766;332.881;305.433
5377.1;1;Los Espinos + Santa Rosa;final;1473.283;2738.001;33.283;1298.001;67.41
5378;1;Los Espinos + Santa Rosa;final;1323.362;1784.881;1323.362;344.881;279.052
5379;1;Los Espinos + Santa Rosa;final;1289.944;1796.881;1289.944;356.881;269.929
5380;1;Los Espinos + Santa Rosa;final;1491.758;1910.881;51.758;470.881;295.411
5381;1;Los Espinos + Santa Rosa;final;1250.696;1762.76;1250.696;322.76;294.004
5382;1;Los Espinos + Santa Rosa;final;1338.982;1777.76;1338.982;337.76;292.916
5382.1;1;Los Espinos + Santa Rosa;final;1485.336;2708.513;45.336;1268.513;91.966
5383;1;Los Espinos + Santa Rosa;final;1159.563;1729.201;1159.563;289.201;261.567
5383.1;1;Los Espinos + Santa Rosa;final;1337.242;2537.63;1337.242;1097.63;94.887
5384;1;Los Espinos + Santa Rosa;final;1306.111;1741.201;1306.111;301.201;301.387
5385;1;Los Espinos + Santa Rosa;final;1355.779;1765.201;1355.779;325.201;290.15
5385.1;1;Los Espinos + Santa Rosa;final;1553.163;2710.327;113.163;1270.327;123.377
5386;1;Los Espinos + Santa Rosa;final;1383.794;1789.201;1383.794;349.201;310.308
5387;1;Los Espinos + Santa Rosa;final;1269.58;1811.701;1269.58;371.701;245.118
5388;1;Los Espinos + Santa Rosa;final;1339.652;1822.951;1339.652;382.951;290.235
5389;1;Los Espinos + Santa Rosa;final;1353.807;1845.451;1353.807;405.451;259.79
5390;1;Los Espinos + Santa Rosa;final;1222.039;1748.039;1222.039;308.039;295.301
5390.1;1;Los Espinos + Santa Rosa;final;1373.08;2599.461;1373.08;1159.461;86.894
5391;1;Los Espinos + Santa Rosa;final;1234.119;1763.039;1234.119;323.039;256.496
5392;1;Los Espinos + Santa Rosa;final;1209.091;1778.039;1209.091;338.039;284.42
5392.1;1;Los Espinos + Santa Rosa;final;1525.8;2585.039;85.8;1145.039;162.928
5393;1;Los Espinos + Santa Rosa;final;1017.349;1438.431;1017.349;1438.431;301.896
5393.1;1;Los Espinos + Santa Rosa;final;1476.705;2367.341;36.705;927.341;197.669
5394;1;Los Espinos + Santa Rosa;final;1272.64;1600.431;1272.64;160.431;281.583
5395;1;Los Espinos + Santa Rosa;final;1299.712;1708.431;1299.712;268.431;295.171
5395.1;1;Los Espinos + Santa Rosa;final;1363.052;2669.416;1363.052;1229.416;59.961
5396;1;Los Espinos + Santa Rosa;final;1243.15;1728.431;1243.15;288.431;303.081
5396.1;1;Los Espinos + Santa Rosa;final;1538.564;2572.431;98.564;1132.431;170.455
5397;1;Los Espinos + Santa Rosa;final;1243.024;1748.431;1243.024;308.431;280.203
5397.1;1;Los Espinos + Santa Rosa;final;1490.8;2623.248;50.8;1183.248;128.351
5398;1;Los Espinos + Santa Rosa;final;1307.769;1813.431;1307.769;373.431;295.319
5398.1;1;Los Espinos + Santa Rosa;final;1379.176;2741.881;1379.176;1301.881;30.429
5399;1;Los Espinos + Santa Rosa;final;1322.696;1824.681;1322.696;384.681;286.601
5399.1;1;Los Espinos + Santa Rosa;final;1517.163;2670.377;77.163;1230.377;124.443
5400;1;Los Espinos + Santa Rosa;final;1336.264;1847.181;1336.264;407.181;295.349
5400.1;1;Los Espinos + Santa Rosa;final;1498.357;2723.15;58.357;1283.15;96.477
5401;1;Los Espinos + Santa Rosa;final;1372.8;1858.431;1372.8;418.431;310.66
5401.1;1;Los Espinos + Santa Rosa;final;1479.596;2698.431;39.596;1258.431;97.935
5402;1;Los Espinos + Santa Rosa;final;1085.339;1438.431;1085.339;1438.431;293.738
5402.1;1;Los Espinos + Santa Rosa;final;1411.167;2492.118;1411.167;1052.118;131.004
5403;1;Los Espinos + Santa Rosa;final;541.673;1573.431;541.673;133.431;166.181
5404;1;Los Espinos + Santa Rosa;final;1363.283;1708.431;1363.283;268.431;239.483
5405;1;Los Espinos + Santa Rosa;final;1233.403;1718.431;1233.403;278.431;282.046
5406;1;Los Espinos + Santa Rosa;final;1250.691;1728.431;1250.691;288.431;303.365
5406.1;1;Los Espinos + Santa Rosa;final;1436.752;2634.519;1436.752;1194.519;94.703
5407;1;Los Espinos + Santa Rosa;final;1287.332;1738.431;1287.332;298.431;301.852
5408;1;Los Espinos + Santa Rosa;final;1440.229;1748.431;0.229;308.431;285.25
5409;1;Los Espinos + Santa Rosa;final;1279.103;1758.431;1279.103;318.431;294.747
5409.1;1;Los Espinos + Santa Rosa;final;1412.993;2655.825;1412.993;1215.825;75.623
5410;1;Los Espinos + Santa Rosa;final;1307.336;1783.431;1307.336;343.431;288.654
5410.1;1;Los Espinos + Santa Rosa;final;1393.621;2740.881;1393.621;1300.881;40.333
5411;1;Los Espinos + Santa Rosa;final;1270.691;1805.931;1270.691;365.931;297.303
5411.1;1;Los Espinos + Santa Rosa;final;1502.985;2645.889;62.985;1205.889;130.17
5412;1;Los Espinos + Santa Rosa;final;1307.861;1813.431;1307.861;373.431;304.538
5412.1;1;Los Espinos + Santa Rosa;final;1485.329;2664.976;45.329;1224.976;121.857
5413;1;Los Espinos + Santa Rosa;final;1306.264;1820.931;1306.264;380.931;284.554
5413.1;1;Los Espinos + Santa Rosa;final;1515.491;2684.6;75.491;1244.6;127.862
5414;1;Los Espinos + Santa Rosa;final;1306.285;1835.931;1306.285;395.931;279.537
5415;1;Los Espinos + Santa Rosa;final;1279.444;1720.397;1279.444;280.397;293.857
5416;1;Los Espinos + Santa Rosa;final;1305.532;1732.397;1305.532;292.397;292.884
5416.1;1;Los Espinos + Santa Rosa;final;1476.522;2694.14;36.522;1254.14;90.145
5417;1;Los Espinos + Santa Rosa;final;1294.632;1744.397;1294.632;304.397;305.631
5417.1;1;Los Espinos + Santa Rosa;final;1365.858;2682.065;1365.858;1242.065;55.972
5418;1;Los Espinos + Santa Rosa;final;1227.998;1756.397;1227.998;316.397;283.848
5418.1;1;Los Espinos + Santa Rosa;final;1509.472;2580.042;69.472;1140.042;150.761
5419;1;Los Espinos + Santa Rosa;final;1295.982;1768.397;1295.982;328.397;297.99
5419.1;1;Los Espinos + Santa Rosa;final;1352.757;2650.534;1352.757;1210.534;62.852
5420;1;Los Espinos + Santa Rosa;final;1199.715;1780.397;1199.715;340.397;268.901
5421;1;Los Espinos + Santa Rosa;final;1418.742;1791.647;1418.742;351.647;307.264
5421.1;1;Los Espinos + Santa Rosa;final;1530.04;2813.055;90.04;1373.055;74.855
5422;1;Los Espinos + Santa Rosa;final;1381.528;1814.147;1381.528;374.147;313.591
5422.1;1;Los Espinos + Santa Rosa;final;1482.594;2732.081;42.594;1292.081;85.144
5423;1;Los Espinos + Santa Rosa;final;1414.963;1825.397;1414.963;385.397;309.04
5424;1;Los Espinos + Santa Rosa;final;1235.336;1836.647;1235.336;396.647;238.124
5425;1;Los Espinos + Santa Rosa;final;1266.993;1847.897;1266.993;407.897;245.975
5426;1;Los Espinos + Santa Rosa;final;1345.244;1870.397;1345.244;430.397;261.072
5427;1;Los Espinos + Santa Rosa;final;965.007;1450.397;965.007;10.397;310.64
5427.1;1;Los Espinos + Santa Rosa;final;1372.074;2365.739;1372.074;925.739;164.707
5428;1;Los Espinos + Santa Rosa;final;1274.588;1720.363;1274.588;280.363;307.18
5429;1;Los Espinos + Santa Rosa;final;1196.247;1720.397;1196.247;280.397;277.787
5429.1;1;Los Espinos + Santa Rosa;final;1301.867;2574.57;1301.867;1134.57;74.616
5430;1;Los Espinos + Santa Rosa;final;1288.557;1732.397;1288.557;292.397;293.058
5430.1;1;Los Espinos + Santa Rosa;final;1461.512;2723.008;21.512;1283.008;68.939
5431;1;Los Espinos + Santa Rosa;final;1242.136;1744.397;1242.136;304.397;296.734
5431.1;1;Los Espinos + Santa Rosa;final;1478.333;2671.382;38.333;1231.382;105.084
5432;1;Los Espinos + Santa Rosa;final;1352.058;1756.397;1352.058;316.397;304.067
5433;1;Los Espinos + Santa Rosa;final;1265.142;1768.397;1265.142;328.397;268.323
5434;1;Los Espinos + Santa Rosa;final;1331.753;1780.397;1331.753;340.397;288.075
5434.1;1;Los Espinos + Santa Rosa;final;1432.614;2738.049;1432.614;1298.049;60.058
5435;1;Los Espinos + Santa Rosa;final;1215.646;1802.897;1215.646;362.897;248.89
5436;1;Los Espinos + Santa Rosa;final;1379.896;1814.147;1379.896;374.147;304.85
5437;1;Los Espinos + Santa Rosa;final;1315.885;1825.397;1315.885;385.397;302.051
5438;1;Los Espinos + Santa Rosa;final;1441.892;1836.647;1.892;396.647;312.261
5438.1;1;Los Espinos + Santa Rosa;final;1513.791;2834.737;73.791;1394.737;58.221
5439;1;Los Espinos + Santa Rosa;final;1347.693;1859.147;1347.693;419.147;271.129
5440;1;Los Espinos + Santa Rosa;final;1297.882;1870.397;1297.882;430.397;251.77
5441;1;Los Espinos + Santa Rosa;final;1279.594;1771.248;1279.594;331.248;279.94
5442;1;Los Espinos + Santa Rosa;final;1281.108;1783.248;1281.108;343.248;283.526
5442.1;1;Los Espinos + Santa Rosa;final;1503.983;2714.408;63.983;1274.408;101.788
5443;1;Los Espinos + Santa Rosa;final;1125.248;1450.397;1125.248;10.397;302.047
5443.1;1;Los Espinos + Santa Rosa;final;1412.278;2492.642;1412.278;1052.642;157.995
5444;1;Los Espinos + Santa Rosa;final;1298.176;1720.397;1298.176;280.397;277.02
5445;1;Los Espinos + Santa Rosa;final;1300.998;1732.397;1300.998;292.397;303.354
5445.1;1;Los Espinos + Santa Rosa;final;1371.142;2679.519;1371.142;1239.519;58.592
5446;1;Los Espinos + Santa Rosa;final;1292.557;1744.397;1292.557;304.397;309.273
5446.1;1;Los Espinos + Santa Rosa;final;1481.664;2666.789;41.664;1226.789;107.641
5447;1;Los Espinos + Santa Rosa;final;1345.499;1756.397;1345.499;316.397;314.019
5447.1;1;Los Espinos + Santa Rosa;final;1472.058;2725.407;32.058;1285.407;85.776
5448;1;Los Espinos + Santa Rosa;final;1250.059;1768.397;1250.059;328.397;288.022
5448.1;1;Los Espinos + Santa Rosa;final;1396.732;2606.642;1396.732;1166.642;108.855
5449;1;Los Espinos + Santa Rosa;final;1238.087;1780.397;1238.087;340.397;228.514
5450;1;Los Espinos + Santa Rosa;final;1341.081;1791.647;1341.081;351.647;306.447
5450.1;1;Los Espinos + Santa Rosa;final;1442.276;2687.897;2.276;1247.897;78.589
5451;1;Los Espinos + Santa Rosa;final;1390.663;1802.897;1390.663;362.897;314.05
5451.1;1;Los Espinos + Santa Rosa;final;1449.596;2740.397;9.596;1300.397;65.336
5452;1;Los Espinos + Santa Rosa;final;1340.691;1814.147;1340.691;374.147;306.044
5452.1;1;Los Espinos + Santa Rosa;final;1497.491;2723.039;57.491;1283.039;96.18
5453;1;Los Espinos + Santa Rosa;final;1373.729;1825.397;1373.729;385.397;276.448
5454;1;Los Espinos + Santa Rosa;final;1240.93;1836.647;1240.93;396.647;238.593
5455;1;Los Espinos + Santa Rosa;final;1292.771;1859.147;1292.771;419.147;257.061
5456;1;Los Espinos + Santa Rosa;final;1384.55;1870.397;1384.55;430.397;295.333
5456.1;1;Los Espinos + Santa Rosa;final;1464.148;2821.542;24.148;1381.542;36.624
5457;1;Los Espinos + Santa Rosa;final;724.596;1431.098;724.596;1431.098;283.557
5457.1;1;Los Espinos + Santa Rosa;final;1364.674;2116.377;1364.674;676.377;231.681
5458;1;Los Espinos + Santa Rosa;final;1093.047;1461.098;1093.047;21.098;288.567
5458.1;1;Los Espinos + Santa Rosa;final;1346.067;2464.218;1346.067;1024.218;126.149
5459;1;Los Espinos + Santa Rosa;final;1246.853;1780.881;1246.853;340.881;235.201
5460;1;Los Espinos + Santa Rosa;final;1392.746;1790.881;1392.746;350.881;313.571
5461;1;Los Espinos + Santa Rosa;final;1342.752;1820.881;1342.752;380.881;306.438
5462;1;Los Espinos + Santa Rosa;final;1205.954;1886.214;1205.954;446.214;189.325
5463;1;Los Espinos + Santa Rosa;final;1308.215;1910.881;1308.215;470.881;253.179
5464;1;Los Espinos + Santa Rosa;final;1067.416;1450.397;1067.416;10.397;311.339
5464.1;1;Los Espinos + Santa Rosa;final;1263.789;2471.785;1263.789;1031.785;84.112
5465;1;Los Espinos + Santa Rosa;final;1153.332;1720.397;1153.332;280.397;284.481
5465.1;1;Los Espinos + Santa Rosa;final;1459.636;2498.536;19.636;1058.536;174.995
5466;1;Los Espinos + Santa Rosa;final;1209.519;1727.897;1209.519;287.897;282.319
5467;1;Los Espinos + Santa Rosa;final;1323.621;1735.397;1323.621;295.397;307.6
5467.1;1;Los Espinos + Santa Rosa;final;1535.501;2703.06;95.501;1263.06;124.917
5468;1;Los Espinos + Santa Rosa;final;1264.622;1742.897;1264.622;302.897;292.226
5469;1;Los Espinos + Santa Rosa;final;1202.873;1750.397;1202.873;310.397;248.082
5470;1;Los Espinos + Santa Rosa;final;1308.966;1757.897;1308.966;317.897;294.684
5471;1;Los Espinos + Santa Rosa;final;622.952;1765.397;622.952;325.397;119.07
5472;1;Los Espinos + Santa Rosa;final;1367.999;1772.897;1367.999;332.897;310.793
5472.1;1;Los Espinos + Santa Rosa;final;1521.758;2749.407;81.758;1309.407;88.447
5473;1;Los Espinos + Santa Rosa;final;1378.431;1780.397;1378.431;340.397;300.799
5474;1;Los Espinos + Santa Rosa;final;1283.185;1787.897;1283.185;347.897;266.639
5475;1;Los Espinos + Santa Rosa;final;1318.786;1795.397;1318.786;355.397;295.799
5475.1;1;Los Espinos + Santa Rosa;final;1428.421;2750.881;1428.421;1310.881;54.025
5476;1;Los Espinos + Santa Rosa;final;1330.662;1802.897;1330.662;362.897;266.679
5477;1;Los Espinos + Santa Rosa;final;523.303;1810.397;523.303;370.397;53.871
5478;1;Los Espinos + Santa Rosa;final;1350.332;1825.397;1350.332;385.397;272.972
5478.1;1;Los Espinos + Santa Rosa;final;1482.985;2750.14;42.985;1310.14;78.938
5479;1;Los Espinos + Santa Rosa;final;1494.668;1847.897;54.668;407.897;296.092
5480;1;Los Espinos + Santa Rosa;final;1238.486;1862.897;1238.486;422.897;235.474
5481;1;Los Espinos + Santa Rosa;final;1403.589;1870.397;1403.589;430.397;277.33
5482;1;Los Espinos + Santa Rosa;intermedia;958.636;980.0;958.636;980.0;295.857
5482;2;Los Espinos + Santa Rosa;final;1194.353;1431.098;1194.353;1431.098;59.282
5482.1;1;Los Espinos + Santa Rosa;final;1401.129;2625.881;1401.129;1185.881;89.371
5483;1;Los Espinos + Santa Rosa;final;962.457;1461.098;962.457;21.098;299.112
5483.1;1;Los Espinos + Santa Rosa;final;1274.696;2355.539;1274.696;915.539;130.277
5484;1;Los Espinos + Santa Rosa;final;1331.082;1772.881;1331.082;332.881;283.494
5484.1;1;Los Espinos + Santa Rosa;final;1529.163;2687.375;89.163;1247.375;121.365
5485;1;Los Espinos + Santa Rosa;final;1287.832;1784.881;1287.832;344.881;293.912
5485.1;1;Los Espinos + Santa Rosa;final;1485.141;2665.407;45.141;1225.407;112.393
5486;1;Los Espinos + Santa Rosa;final;1361.514;1796.881;1361.514;356.881;309.373
5486.1;1;Los Espinos + Santa Rosa;final;1495.181;2710.397;55.181;1270.397;99.965
5487;1;Los Espinos + Santa Rosa;final;1438.703;1808.881;1438.703;368.881;314.537
5488;1;Los Espinos + Santa Rosa;final;1321.68;1820.881;1321.68;380.881;288.788
5488.1;1;Los Espinos + Santa Rosa;final;1391.876;2673.976;1391.876;1233.976;79.536
5489;1;Los Espinos + Santa Rosa;final;1499.817;1910.881;59.817;470.881;312.185
5490;1;Los Espinos + Santa Rosa;final;775.715;1450.397;775.715;10.397;301.172
5490.1;1;Los Espinos + Santa Rosa;final;1532.29;2153.536;92.29;713.536;286.406
5491;1;Los Espinos + Santa Rosa;final;1324.117;1720.397;1324.117;280.397;300.369
5491.1;1;Los Espinos + Santa Rosa;final;1520.8;2714.387;80.8;1274.387;110.374
5492;1;Los Espinos + Santa Rosa;final;532.102;1727.063;532.102;287.063;93.48
5493;1;Los Espinos + Santa Rosa;final;518.314;1733.73;518.314;293.73;85.999
5494;1;Los Espinos + Santa Rosa;final;1350.595;1740.397;1350.595;300.397;290.805
5494.1;1;Los Espinos + Santa Rosa;final;1505.285;2775.082;65.285;1335.082;65.914
5495;1;Los Espinos + Santa Rosa;final;503.398;1747.063;503.398;307.063;75.112
5496;1;Los Espinos + Santa Rosa;final;1189.041;1753.73;1189.041;313.73;298.572
5496.1;1;Los Espinos + Santa Rosa;final;1384.617;2574.657;1384.617;1134.657;106.827
5497;1;Los Espinos + Santa Rosa;final;1280.289;1760.397;1280.289;320.397;287.241
5497.1;1;Los Espinos + Santa Rosa;final;1553.549;2656.294;113.549;1216.294;155.527
5498;1;Los Espinos + Santa Rosa;final;1277.013;1767.063;1277.013;327.063;292.682
5498.1;1;Los Espinos + Santa Rosa;final;1490.103;2630.377;50.103;1190.377;136.578
5499;1;Los Espinos + Santa Rosa;final;1276.678;1773.73;1276.678;333.73;204.034
5500;1;Los Espinos + Santa Rosa;final;505.786;1780.397;505.786;340.397;55.743
5501;1;Los Espinos + Santa Rosa;final;1231.586;1787.313;1231.586;347.313;265.359
5501.1;1;Los Espinos + Santa Rosa;final;1364.096;2660.881;1364.096;1220.881;56.287
5502;1;Los Espinos + Santa Rosa;final;1405.688;1794.23;1405.688;354.23;312.795
5502.1;1;Los Espinos + Santa Rosa;final;1500.914;2785.915;60.914;1345.915;69.852
5503;1;Los Espinos + Santa Rosa;final;1246.586;1801.147;1246.586;361.147;245.603
5504;1;Los Espinos + Santa Rosa;final;1392.689;1814.98;1392.689;374.98;290.723
5505;1;Los Espinos + Santa Rosa;final;1174.186;1821.897;1174.186;381.897;214.031
5506;1;Los Espinos + Santa Rosa;final;1296.247;1849.563;1296.247;409.563;238.908
5507;1;Los Espinos + Santa Rosa;final;1298.041;1863.397;1298.041;423.397;257.261
5508;1;Los Espinos + Santa Rosa;final;1421.452;1870.397;1421.452;430.397;279.988
5508.1;1;Los Espinos + Santa Rosa;final;1530.785;2818.721;90.785;1378.721;76.007
5509;1;Los Espinos + Santa Rosa;final;1161.569;1464.519;1161.569;24.519;296.362
5509.1;1;Los Espinos + Santa Rosa;final;1386.871;2568.103;1386.871;1128.103;94.695
5510;1;Los Espinos + Santa Rosa;final;1396.565;1734.519;1396.565;294.519;310.978
5511;1;Los Espinos + Santa Rosa;final;1406.148;1746.519;1406.148;306.519;313.707
5511.1;1;Los Espinos + Santa Rosa;final;1471.232;2784.685;31.232;1344.685;55.325
5512;1;Los Espinos + Santa Rosa;final;1302.496;1758.519;1302.496;318.519;283.888
5512.1;1;Los Espinos + Santa Rosa;final;1522.839;2658.526;82.839;1218.526;145.729
5513;1;Los Espinos + Santa Rosa;final;1359.892;1770.519;1359.892;330.519;290.815
5514;1;Los Espinos + Santa Rosa;final;1182.726;1782.519;1182.726;342.519;240.704
5515;1;Los Espinos + Santa Rosa;final;1352.148;1794.519;1352.148;354.519;280.57
5516;1;Los Espinos + Santa Rosa;final;1434.104;1805.769;1434.104;365.769;309.914
5516.1;1;Los Espinos + Santa Rosa;final;1481.76;2841.096;41.76;1401.096;36.206
5517;1;Los Espinos + Santa Rosa;intermedia;721.984;737.0;721.984;737.0;271.365
5517;2;Los Espinos + Santa Rosa;final;931.863;1403.039;931.863;1403.039;76.872
5517.1;1;Los Espinos + Santa Rosa;final;1368.769;2292.897;1368.769;852.897;185.462
5518;1;Los Espinos + Santa Rosa;final;1284.958;1743.039;1284.958;303.039;303.864
5518.1;1;Los Espinos + Santa Rosa;final;1514.668;2677.937;74.668;1237.937;121.26
5519;1;Los Espinos + Santa Rosa;final;1260.691;1753.039;1260.691;313.039;285.209
5519.1;1;Los Espinos + Santa Rosa;final;1437.05;2633.039;1437.05;1193.039;97.628
5520;1;Los Espinos + Santa Rosa;final;1277.314;1763.039;1277.314;323.039;292.653
5520.1;1;Los Espinos + Santa Rosa;final;1359.224;2658.9;1359.224;1218.9;65.092
5521;1;Los Espinos + Santa Rosa;final;1309.58;1773.039;1309.58;333.039;286.698
5522;1;Los Espinos + Santa Rosa;final;1343.415;1783.039;1343.415;343.039;297.235
5523;1;Los Espinos + Santa Rosa;final;1161.586;1450.397;1161.586;10.397;299.361
5523.1;1;Los Espinos + Santa Rosa;final;1384.298;2590.881;1384.298;1150.881;102.956
5524;1;Los Espinos + Santa Rosa;final;1253.408;1720.397;1253.408;280.397;309.262
5525;1;Los Espinos + Santa Rosa;final;1286.119;1727.897;1286.119;287.897;292.578
5525.1;1;Los Espinos + Santa Rosa;final;1352.176;2714.881;1352.176;1274.881;30.429
5526;1;Los Espinos + Santa Rosa;final;1270.418;1735.397;1270.418;295.397;274.831
5527;1;Los Espinos + Santa Rosa;final;1169.147;1742.897;1169.147;302.897;237.704
5528;1;Los Espinos + Santa Rosa;final;1274.715;1750.397;1274.715;310.397;283.101
5529;1;Los Espinos + Santa Rosa;final;1345.002;1757.897;1345.002;317.897;285.062
5530;1;Los Espinos + Santa Rosa;final;1416.512;1765.397;1416.512;325.397;299.995
5530.1;1;Los Espinos + Santa Rosa;final;1491.061;2802.417;51.061;1362.417;57.957
5531;1;Los Espinos + Santa Rosa;final;535.711;1772.897;535.711;332.897;80.671
5532;1;Los Espinos + Santa Rosa;final;1360.663;1780.397;1360.663;340.397;300.668
5532.1;1;Los Espinos + Santa Rosa;final;1487.058;2710.377;47.058;1270.377;100.539
5533;1;Los Espinos + Santa Rosa;final;1357.1;1787.313;1357.1;347.313;311.571
5533.1;1;Los Espinos + Santa Rosa;final;1411.963;2683.431;1411.963;1243.431;76.031
5534;1;Los Espinos + Santa Rosa;final;1166.099;1794.23;1166.099;354.23;222.631
5535;1;Los Espinos + Santa Rosa;final;1291.294;1801.147;1291.294;361.147;219.917
5536;1;Los Espinos + Santa Rosa;final;1216.247;1808.063;1216.247;368.063;235.658
5537;1;Los Espinos + Santa Rosa;final;1212.878;1814.98;1212.878;374.98;230.005
5538;1;Los Espinos + Santa Rosa;final;1301.588;1849.563;1301.588;409.563;270.068
5539;1;Los Espinos + Santa Rosa;final;1354.814;1863.397;1354.814;423.397;272.921
5539.1;1;Los Espinos + Santa Rosa;final;1541.698;2710.397;101.698;1270.397;139.564
5540;1;Los Espinos + Santa Rosa;final;1426.554;1870.397;1426.554;430.397;309.924
5540.1;1;Los Espinos + Santa Rosa;final;1459.985;2838.296;19.985;1398.296;27.525
5541;1;Los Espinos + Santa Rosa;final;926.283;1407.417;926.283;1407.417;309.017
5541.1;1;Los Espinos + Santa Rosa;final;1477.491;2305.931;37.491;865.931;221.816
5542;1;Los Espinos + Santa Rosa;final;1337.954;1757.417;1337.954;317.417;313.846
5543;1;Los Espinos + Santa Rosa;final;1274.331;1632.081;1274.331;192.081;311.033
5543.1;1;Los Espinos + Santa Rosa;final;1545.055;2652.519;105.055;1212.519;146.445
5544;1;Los Espinos + Santa Rosa;final;512.829;1722.081;512.829;282.081;89.553
5545;1;Los Espinos + Santa Rosa;final;1401.718;1730.648;1401.718;290.648;297.976
5545.1;1;Los Espinos + Santa Rosa;final;1457.474;2779.728;17.474;1339.728;55.113
5546;1;Los Espinos + Santa Rosa;final;1298.375;1739.214;1298.375;299.214;279.13
5546.1;1;Los Espinos + Santa Rosa;final;1476.512;2738.008;36.512;1298.008;68.939
5547;1;Los Espinos + Santa Rosa;final;1221.012;1747.781;1221.012;307.781;249.95
5548;1;Los Espinos + Santa Rosa;final;489.937;1764.914;489.937;324.914;64.123
5549;1;Los Espinos + Santa Rosa;final;1201.252;1773.481;1201.252;333.481;234.499
5550;1;Los Espinos + Santa Rosa;final;1374.232;1782.081;1374.232;342.081;278.431
5551;1;Los Espinos + Santa Rosa;final;1290.298;1797.081;1290.298;357.081;268.765
5551.1;1;Los Espinos + Santa Rosa;final;1407.397;2723.008;1407.397;1283.008;53.419
5552;1;Los Espinos + Santa Rosa;final;1286.919;1849.581;1286.919;409.581;230.524
5553;1;Los Espinos + Santa Rosa;final;1353.303;1857.081;1353.303;417.081;302.753
5553.1;1;Los Espinos + Santa Rosa;final;1439.636;2782.832;1439.636;1342.832;44.594
5554;1;Los Espinos + Santa Rosa;final;1399.168;1872.081;1399.168;432.081;295.14
5554.1;1;Los Espinos + Santa Rosa;final;1486.654;2841.098;46.654;1401.098;39.183
5555;1;Los Espinos + Santa Rosa;final;1072.086;1399.8;1072.086;1399.8;310.42
5555.1;1;Los Espinos + Santa Rosa;final;1370.88;2482.737;1370.88;1042.737;128.878
5556;1;Los Espinos + Santa Rosa;final;550.836;1429.8;550.836;1429.8;234.57
5557;1;Los Espinos + Santa Rosa;final;1147.491;1459.8;1147.491;19.8;294.103
5557.1;1;Los Espinos + Santa Rosa;final;1496.06;2552.051;56.06;1112.051;152.806
5558;1;Los Espinos + Santa Rosa;final;966.322;1549.8;966.322;109.8;285.423
5558.1;1;Los Espinos + Santa Rosa;final;1507.979;2369.078;67.979;929.078;198.113
5559;1;Los Espinos + Santa Rosa;intermedia;1051.331;1055.0;1051.331;1055.0;289.194
5559;2;Los Espinos + Santa Rosa;final;1146.074;1639.8;1146.074;199.8;33.398
5559.1;1;Los Espinos + Santa Rosa;final;1264.331;2544.427;1264.331;1104.427;57.846
5560;1;Los Espinos + Santa Rosa;final;1357.752;1738.366;1357.752;298.366;294.353
5561;1;Los Espinos + Santa Rosa;final;1098.039;1746.933;1098.039;306.933;280.363
5561.1;1;Los Espinos + Santa Rosa;final;1381.492;2479.661;1381.492;1039.661;129.603
5562;1;Los Espinos + Santa Rosa;final;1370.191;1755.5;1370.191;315.5;313.133
5563;1;Los Espinos + Santa Rosa;final;1346.206;1764.066;1346.206;324.066;284.097
5564;1;Los Espinos + Santa Rosa;final;1303.594;1772.633;1303.594;332.633;194.57
5565;1;Los Espinos + Santa Rosa;final;1381.019;1789.8;1381.019;349.8;300.675
5565.1;1;Los Espinos + Santa Rosa;final;1432.993;2772.186;1432.993;1332.186;39.685
5566;1;Los Espinos + Santa Rosa;final;1255.992;1838.216;1255.992;398.216;242.858
5567;1;Los Espinos + Santa Rosa;final;1340.23;1879.8;1340.23;439.8;250.128
5568;1;Los Espinos + Santa Rosa;final;654.608;1452.081;654.608;12.081;270.41
5568.1;1;Los Espinos + Santa Rosa;final;1357.6;2103.055;1357.6;663.055;215.435
5569;1;Los Espinos + Santa Rosa;final;1303.004;1722.081;1303.004;282.081;310.129
5569.1;1;Los Espinos + Santa Rosa;final;1356.993;2712.546;1356.993;1272.546;36.206
5570;1;Los Espinos + Santa Rosa;final;1347.778;1729.581;1347.778;289.581;306.643
5570.1;1;Los Espinos + Santa Rosa;final;1383.041;2699.181;1383.041;1259.181;54.491
5571;1;Los Espinos + Santa Rosa;final;1317.398;1737.081;1317.398;297.081;305.628
5571.1;1;Los Espinos + Santa Rosa;final;1401.701;2671.042;1401.701;1231.042;73.82
5572;1;Los Espinos + Santa Rosa;final;1372.86;1744.581;1372.86;304.581;313.228
5573;1;Los Espinos + Santa Rosa;final;1279.496;1752.081;1279.496;312.081;274.612
5574;1;Los Espinos + Santa Rosa;final;1367.28;1759.581;1367.28;319.581;307.327
5575;1;Los Espinos + Santa Rosa;final;1252.778;1774.581;1252.778;334.581;261.06
5576;1;Los Espinos + Santa Rosa;final;1474.668;1782.081;34.668;342.081;310.882
5577;1;Los Espinos + Santa Rosa;final;550.028;1812.081;550.028;372.081;66.435
5578;1;Los Espinos + Santa Rosa;final;1309.672;1827.081;1309.672;387.081;307.326
5579;1;Los Espinos + Santa Rosa;final;1348.222;1834.581;1348.222;394.581;290.713
5580;1;Los Espinos + Santa Rosa;final;1276.858;1842.081;1276.858;402.081;227.531
5581;1;Los Espinos + Santa Rosa;final;1302.914;1864.581;1302.914;424.581;241.457
5582;1;Los Espinos + Santa Rosa;final;1454.654;1872.081;14.654;432.081;279.38
5582.1;1;Los Espinos + Santa Rosa;final;1544.511;2858.23;104.511;1418.23;57.961
5583;1;Los Espinos + Santa Rosa;final;1098.113;1450.397;1098.113;10.397;307.611
5583.1;1;Los Espinos + Santa Rosa;final;1482.229;2472.027;42.229;1032.027;171.747
5584;1;Los Espinos + Santa Rosa;final;1332.778;1720.397;1332.778;280.397;212.146
5585;1;Los Espinos + Santa Rosa;final;1225.191;1735.397;1225.191;295.397;302.234
5585.1;1;Los Espinos + Santa Rosa;final;1372.552;2597.763;1372.552;1157.763;80.693
5586;1;Los Espinos + Santa Rosa;final;1275.536;1750.397;1275.536;310.397;266.998
5586.1;1;Los Espinos + Santa Rosa;final;1490.437;2681.853;50.437;1241.853;106.826
5587;1;Los Espinos + Santa Rosa;final;1345.762;1765.397;1345.762;325.397;306.616
5587.1;1;Los Espinos + Santa Rosa;final;1521.061;2727.417;81.061;1287.417;100.996
5588;1;Los Espinos + Santa Rosa;final;1362.679;1780.397;1362.679;340.397;312.042
5588.1;1;Los Espinos + Santa Rosa;final;1394.963;2710.397;1394.963;1270.397;57.776
5589;1;Los Espinos + Santa Rosa;final;1316.432;1790.397;1316.432;350.397;301.482
5589.1;1;Los Espinos + Santa Rosa;final;1509.953;2695.407;69.953;1255.407;113.901
5590;1;Los Espinos + Santa Rosa;final;1333.217;1800.397;1333.217;360.397;282.741
5591;1;Los Espinos + Santa Rosa;final;1300.691;1810.397;1300.691;370.397;294.629
5592;1;Los Espinos + Santa Rosa;final;1364.811;1850.397;1364.811;410.397;304.64
5593;1;Los Espinos + Santa Rosa;final;1280.782;1860.397;1280.782;420.397;270.955
5594;1;Los Espinos + Santa Rosa;final;1325.148;1870.397;1325.148;430.397;288.274
5594.1;1;Los Espinos + Santa Rosa;final;1393.642;2702.019;1393.642;1262.019;58.592
5595;1;Los Espinos + Santa Rosa;final;1220.192;1587.081;1220.192;147.081;313.238
5596;1;Los Espinos + Santa Rosa;final;1322.136;1722.081;1322.136;282.081;304.095
5596.1;1;Los Espinos + Santa Rosa;final;1370.798;2750.881;1370.798;1310.881;25.08
5597;1;Los Espinos + Santa Rosa;final;1379.612;1742.081;1379.612;302.081;278.531
5598;1;Los Espinos + Santa Rosa;final;1353.531;1782.081;1353.531;342.081;310.992
5598.1;1;Los Espinos + Santa Rosa;final;1491.741;2710.347;51.741;1270.347;93.252
5599;1;Los Espinos + Santa Rosa;final;1328.071;1797.081;1328.071;357.081;313.868
5599.1;1;Los Espinos + Santa Rosa;final;1408.404;2713.015;1408.404;1273.015;61.089
5600;1;Los Espinos + Santa Rosa;final;1283.931;1842.081;1283.931;402.081;270.26
5600.1;1;Los Espinos + Santa Rosa;final;1386.298;2633.247;1386.298;1193.247;91.53
5601;1;Los Espinos + Santa Rosa;final;1471.741;1857.081;31.741;417.081;294.566
5602;1;Los Espinos + Santa Rosa;final;1433.151;1872.081;1433.151;432.081;307.228
5603;1;Los Espinos + Santa Rosa;final;1353.121;1723.192;1353.121;283.192;312.453
5604;1;Los Espinos + Santa Rosa;final;1251.313;1743.192;1251.313;303.192;285.145
5604.1;1;Los Espinos + Santa Rosa;final;1504.759;2598.497;64.759;1158.497;147.838
5605;1;Los Espinos + Santa Rosa;final;1352.353;1798.192;1352.353;358.192;286.819
5606;1;Los Espinos + Santa Rosa;final;1284.236;1828.192;1284.236;388.192;246.965
5607;1;Los Espinos + Santa Rosa;final;1233.136;1722.081;1233.136;282.081;299.134
5608;1;Los Espinos + Santa Rosa;final;1161.719;1732.081;1161.719;292.081;286.96
5608.1;1;Los Espinos + Santa Rosa;final;1345.365;2591.481;1345.365;1151.481;69.342
5609;1;Los Espinos + Santa Rosa;final;1401.907;1742.081;1401.907;302.081;288.106
5609.1;1;Los Espinos + Santa Rosa;final;1532.624;2774.439;92.624;1334.439;94.349
5610;1;Los Espinos + Santa Rosa;final;1360.38;1752.081;1360.38;312.081;283.979
5611;1;Los Espinos + Santa Rosa;final;1373.315;1762.081;1373.315;322.081;309.422
5612;1;Los Espinos + Santa Rosa;final;1309.282;1772.081;1309.282;332.081;289.846
5612.1;1;Los Espinos + Santa Rosa;final;1371.64;2669.392;1371.64;1229.392;70.129
5613;1;Los Espinos + Santa Rosa;final;1358.015;1782.081;1358.015;342.081;300.962
5614;1;Los Espinos + Santa Rosa;final;1245.578;1792.081;1245.578;352.081;243.264
5615;1;Los Espinos + Santa Rosa;final;1324.211;1852.081;1324.211;412.081;263.757
5616;1;Los Espinos + Santa Rosa;final;1369.161;1862.081;1369.161;422.081;271.964
5617;1;Los Espinos + Santa Rosa;final;1121.336;1723.192;1121.336;283.192;273.73
5617.1;1;Los Espinos + Santa Rosa;final;1391.63;2500.709;1391.63;1060.709;127.265
5618;1;Los Espinos + Santa Rosa;final;1368.932;1753.192;1368.932;313.192;310.034
5619;1;Los Espinos + Santa Rosa;final;1217.969;1783.192;1217.969;343.192;290.919
5619.1;1;Los Espinos + Santa Rosa;final;1455.394;2573.709;15.394;1133.709;157.798
5620;1;Los Espinos + Santa Rosa;final;1379.258;1798.192;1379.258;358.192;309.122
5620.1;1;Los Espinos + Santa Rosa;final;1509.253;2777.737;69.253;1337.737;80.308
5621;1;Los Espinos + Santa Rosa;final;1377.798;1813.192;1377.798;373.192;299.712
5621.1;1;Los Espinos + Santa Rosa;final;1413.683;2729.175;1413.683;1289.175;58.003
5622;1;Los Espinos + Santa Rosa;final;1406.278;1828.192;1406.278;388.192;300.697
5623;1;Los Espinos + Santa Rosa;final;1332.778;1843.192;1332.778;403.192;248.349
5624;1;Los Espinos + Santa Rosa;final;1353.62;1873.192;1353.62;433.192;255.272
5625;1;Los Espinos + Santa Rosa;final;1511.942;2513.192;71.942;1073.192;168.331
5626;1;Los Espinos + Santa Rosa;final;1098.825;1452.081;1098.825;12.081;280.092
5626.1;1;Los Espinos + Santa Rosa;final;1451.741;2477.521;11.741;1037.521;179.273
5627;1;Los Espinos + Santa Rosa;final;1039.586;1614.081;1039.586;174.081;303.536
5627.1;1;Los Espinos + Santa Rosa;final;1524.139;2436.158;84.139;996.158;198.919
5628;1;Los Espinos + Santa Rosa;final;1307.186;1722.081;1307.186;282.081;292.896
5628.1;1;Los Espinos + Santa Rosa;final;1433.563;2740.881;1433.563;1300.881;55.079
5629;1;Los Espinos + Santa Rosa;final;1337.832;1729.581;1337.832;289.581;303.944
5630;1;Los Espinos + Santa Rosa;final;1395.891;1737.081;1395.891;297.081;307.183
5631;1;Los Espinos + Santa Rosa;final;524.128;1744.581;524.128;304.581;88.18
5632;1;Los Espinos + Santa Rosa;final;1370.193;1752.081;1370.193;312.081;291.359
5633;1;Los Espinos + Santa Rosa;final;1338.994;1767.081;1338.994;327.081;307.011
5634;1;Los Espinos + Santa Rosa;final;1345.266;1774.581;1345.266;334.581;288.605
5634.1;1;Los Espinos + Santa Rosa;final;1491.924;2751.751;51.924;1311.751;82.174
5635;1;Los Espinos + Santa Rosa;final;1319.544;1782.081;1319.544;342.081;298.92
5636;1;Los Espinos + Santa Rosa;final;1481.002;1863.081;41.002;423.081;295.546
5637;1;Los Espinos + Santa Rosa;final;1455.467;1872.081;15.467;432.081;294.344
5638;1;Los Espinos + Santa Rosa;final;506.903;1399.8;506.903;1399.8;153.98
5639;1;Los Espinos + Santa Rosa;final;1027.528;1459.8;1027.528;19.8;282.007
5639.1;1;Los Espinos + Santa Rosa;final;1396.905;2406.243;1396.905;966.243;172.309
5640;1;Los Espinos + Santa Rosa;intermedia;840.175;860.0;840.175;860.0;256.716
5640;2;Los Espinos + Santa Rosa;final;1153.775;1549.8;1153.775;109.8;106.651
5640.1;1;Los Espinos + Santa Rosa;final;1301.379;2551.937;1301.379;1111.937;78.912
5641;1;Los Espinos + Santa Rosa;final;968.099;1639.8;968.099;199.8;274.875
5641.1;1;Los Espinos + Santa Rosa;final;1533.809;2389.763;93.809;949.763;220.122
5642;1;Los Espinos + Santa Rosa;final;1320.891;1729.8;1320.891;289.8;300.02
5642.1;1;Los Espinos + Santa Rosa;final;1388.341;2704.548;1388.341;1264.548;55.972
5643;1;Los Espinos + Santa Rosa;final;1282.075;1739.8;1282.075;299.8;263.782
5644;1;Los Espinos + Santa Rosa;final;1252.022;1749.8;1252.022;309.8;281.544
5644.1;1;Los Espinos + Santa Rosa;final;1513.004;2633.728;73.004;1193.728;133.582
5645;1;Los Espinos + Santa Rosa;final;1342.124;1779.8;1342.124;339.8;267.932
5646;1;Los Espinos + Santa Rosa;final;1257.352;1789.8;1257.352;349.8;244.654
5647;1;Los Espinos + Santa Rosa;final;1303.435;1822.466;1303.435;382.466;247.451
5648;1;Los Espinos + Santa Rosa;final;1403.655;1838.8;1403.655;398.8;307.006
5649;1;Los Espinos + Santa Rosa;final;1315.189;1729.8;1315.189;289.8;293.828
5649.1;1;Los Espinos + Santa Rosa;final;1512.261;2690.245;72.261;1250.245;120.224
5650;1;Los Espinos + Santa Rosa;final;1370.808;1741.8;1370.808;301.8;308.117
5651;1;Los Espinos + Santa Rosa;final;1413.617;1753.8;1413.617;313.8;301.988
5651.1;1;Los Espinos + Santa Rosa;final;1510.789;2813.427;70.789;1373.427;60.275
5652;1;Los Espinos + Santa Rosa;final;1345.903;1765.8;1345.903;325.8;314.005
5653;1;Los Espinos + Santa Rosa;final;1342.509;1789.8;1342.509;349.8;293.388
5653.1;1;Los Espinos + Santa Rosa;final;1434.238;2666.634;1434.238;1226.634;90.75
5654;1;Los Espinos + Santa Rosa;final;1522.979;1819.8;82.979;379.8;279.5
5655;1;Los Espinos + Santa Rosa;final;1137.705;1464.685;1137.705;24.685;314.554
5655.1;1;Los Espinos + Santa Rosa;final;1356.484;2513.995;1356.484;1073.995;103.709
5656;1;Los Espinos + Santa Rosa;final;529.572;1734.685;529.572;294.685;84.112
5657;1;Los Espinos + Santa Rosa;final;537.739;1744.685;537.739;304.685;84.112
5658;1;Los Espinos + Santa Rosa;final;1251.536;1754.685;1251.536;314.685;273.488
5659;1;Los Espinos + Santa Rosa;final;1298.055;1764.685;1298.055;324.685;282.375
5659.1;1;Los Espinos + Santa Rosa;final;1458.755;2672.545;18.755;1232.545;100.132
5660;1;Los Espinos + Santa Rosa;final;1308.484;1774.685;1308.484;334.685;277.003
5660.1;1;Los Espinos + Santa Rosa;final;1465.083;2692.62;25.083;1252.62;90.091
5661;1;Los Espinos + Santa Rosa;final;1334.811;1784.685;1334.811;344.685;295.483
5661.1;1;Los Espinos + Santa Rosa;final;1464.028;2686.331;24.028;1246.331;96.71
5662;1;Los Espinos + Santa Rosa;final;1418.815;1794.685;1418.815;354.685;305.804
5662.1;1;Los Espinos + Santa Rosa;final;1478.755;2772.042;38.755;1332.042;70.243
5663;1;Los Espinos + Santa Rosa;final;1287.882;1850.018;1287.882;410.018;244.639
5664;1;Los Espinos + Santa Rosa;final;1356.689;1884.685;1356.689;444.685;245.81
5665;1;Los Espinos + Santa Rosa;final;1308.182;1732.042;1308.182;292.042;300.097
5665.1;1;Los Espinos + Santa Rosa;final;1508.132;2662.875;68.132;1222.875;123.592
5666;1;Los Espinos + Santa Rosa;final;1316.883;1742.042;1316.883;302.042;287.197
5667;1;Los Espinos + Santa Rosa;final;1339.146;1752.042;1339.146;312.042;311.111
5668;1;Los Espinos + Santa Rosa;final;1314.484;1762.042;1314.484;322.042;268.279
5668.1;1;Los Espinos + Santa Rosa;final;1465.336;2701.537;25.336;1261.537;89.628
5669;1;Los Espinos + Santa Rosa;final;1319.553;1772.042;1319.553;332.042;312.836
5669.1;1;Los Espinos + Santa Rosa;final;1460.424;2750.881;20.424;1310.881;58.088
5670;1;Los Espinos + Santa Rosa;final;1393.072;1782.042;1393.072;342.042;312.256
5670.1;1;Los Espinos + Santa Rosa;final;1457.058;2768.794;17.058;1328.794;59.449
5671;1;Los Espinos + Santa Rosa;final;1358.208;1807.709;1358.208;367.709;298.849
5672;1;Los Espinos + Santa Rosa;final;1311.017;1814.125;1311.017;374.125;291.326
5672.1;1;Los Espinos + Santa Rosa;final;1383.869;2667.243;1383.869;1227.243;74.936
5673;1;Los Espinos + Santa Rosa;final;1365.065;1820.542;1365.065;380.542;283.844
5674;1;Los Espinos + Santa Rosa;final;1389.096;1826.959;1389.096;386.959;303.425
5674.1;1;Los Espinos + Santa Rosa;final;1481.698;2740.397;41.698;1300.397;91.53
5675;1;Los Espinos + Santa Rosa;final;1211.205;1871.875;1211.205;431.875;203.264
5676;1;Los Espinos + Santa Rosa;final;1419.557;1872.042;1419.557;432.042;302.4
5676.1;1;Los Espinos + Santa Rosa;final;1526.535;2788.297;86.535;1348.297;80.693
5677;1;Los Espinos + Santa Rosa;final;1238.578;1632.081;1238.578;192.081;271.271
5678;1;Los Espinos + Santa Rosa;final;1228.93;1722.081;1228.93;282.081;271.776
5679;1;Los Espinos + Santa Rosa;final;1278.514;1734.081;1278.514;294.081;289.745
5680;1;Los Espinos + Santa Rosa;final;1262.363;1746.081;1262.363;306.081;283.238
5680.1;1;Los Espinos + Santa Rosa;final;1346.2;2609.397;1346.2;1169.397;76.934
5681;1;Los Espinos + Santa Rosa;final;1298.696;1758.081;1298.696;318.081;292.593
5681.1;1;Los Espinos + Santa Rosa;final;1514.286;2646.077;74.286;1206.077;137.383
5682;1;Los Espinos + Santa Rosa;final;1325.536;1770.081;1325.536;330.081;313.214
5682.1;1;Los Espinos + Santa Rosa;final;1447.015;2738.335;7.015;1298.335;64.856
5683;1;Los Espinos + Santa Rosa;final;1294.215;1815.831;1294.215;375.831;257.057
5684;1;Los Espinos + Santa Rosa;final;1436.867;1838.331;1436.867;398.331;305.943
5685;1;Los Espinos + Santa Rosa;final;1373.902;1860.831;1373.902;420.831;276.65
5686;1;Los Espinos + Santa Rosa;final;1356.028;1872.081;1356.028;432.081;293.097
5686.1;1;Los Espinos + Santa Rosa;final;1518.809;2712.243;78.809;1272.243;120.805
5687;1;Los Espinos + Santa Rosa;final;1013.072;1407.417;1013.072;1407.417;305.89
5687.1;1;Los Espinos + Santa Rosa;final;1361.072;2419.695;1361.072;979.695;158.281
5688;1;Los Espinos + Santa Rosa;final;1198.414;1749.417;1198.414;309.417;308.523
5688.1;1;Los Espinos + Santa Rosa;final;1338.686;2548.397;1338.686;1108.397;95.074
5689;1;Los Espinos + Santa Rosa;final;1419.985;1761.417;1419.985;321.417;309.599
5689.1;1;Los Espinos + Santa Rosa;final;1477.298;2856.098;37.298;1416.098;28.164
5690;1;Los Espinos + Santa Rosa;final;1228.11;1773.417;1228.11;333.417;247.247
5690.1;1;Los Espinos + Santa Rosa;final;1507.8;2609.704;67.8;1169.704;143.791
5691;1;Los Espinos + Santa Rosa;final;1487.107;1842.417;47.107;402.417;308.807
5692;1;Los Espinos + Santa Rosa;final;1149.775;1464.519;1149.775;24.519;307.11
5692.1;1;Los Espinos + Santa Rosa;final;1550.628;2503.192;110.628;1063.192;186.343
5693;1;Los Espinos + Santa Rosa;final;1258.468;1734.519;1258.468;294.519;297.568
5693.1;1;Los Espinos + Santa Rosa;final;1427.276;2687.881;1427.276;1247.881;68.466
5694;1;Los Espinos + Santa Rosa;final;1322.221;1746.519;1322.221;306.519;294.045
5695;1;Los Espinos + Santa Rosa;final;1280.192;1758.519;1280.192;318.519;259.074
5696;1;Los Espinos + Santa Rosa;final;1339.229;1770.519;1339.229;330.519;287.657
5697;1;Los Espinos + Santa Rosa;final;1348.642;1782.519;1348.642;342.519;285.293
5698;1;Los Espinos + Santa Rosa;final;1432.551;1794.519;1432.551;354.519;309.31
5698.1;1;Los Espinos + Santa Rosa;final;1458.715;2776.033;18.715;1336.033;54.724
5699;1;Los Espinos + Santa Rosa;final;1260.986;1741.499;1260.986;301.499;284.127
5700;1;Los Espinos + Santa Rosa;final;1367.786;1753.499;1367.786;313.499;294.162
5700.1;1;Los Espinos + Santa Rosa;final;1455.783;2798.881;15.783;1358.881;46.412
5701;1;Los Espinos + Santa Rosa;final;1420.715;1822.499;1420.715;382.499;299.52
5701.1;1;Los Espinos + Santa Rosa;final;1480.715;2799.519;40.715;1359.519;56.599
5702;1;Los Espinos + Santa Rosa;final;1121.749;1452.081;1121.749;12.081;313.605
5702.1;1;Los Espinos + Santa Rosa;final;1403.092;2502.865;1403.092;1062.865;140.788
5703;1;Los Espinos + Santa Rosa;final;1115.636;1668.081;1115.636;228.081;290.09
5703.1;1;Los Espinos + Santa Rosa;final;1214.588;2548.381;1214.588;1108.381;38.684
5704;1;Los Espinos + Santa Rosa;final;1294.336;1722.081;1294.336;282.081;308.392
5704.1;1;Los Espinos + Santa Rosa;final;1409.779;2723.881;1409.779;1283.881;51.507
5705;1;Los Espinos + Santa Rosa;final;1279.292;1728.748;1279.292;288.748;307.193
5705.1;1;Los Espinos + Santa Rosa;final;1392.951;2673.055;1392.951;1233.055;76.007
5706;1;Los Espinos + Santa Rosa;final;1325.278;1735.414;1325.278;295.414;312.325
5706.1;1;Los Espinos + Santa Rosa;final;1497.261;2676.081;57.261;1236.081;113.293
5707;1;Los Espinos + Santa Rosa;final;1326.944;1742.081;1326.944;302.081;310.112
5707.1;1;Los Espinos + Santa Rosa;final;1443.958;2678.331;3.958;1238.331;83.004
5708;1;Los Espinos + Santa Rosa;final;1292.932;1748.748;1292.932;308.748;291.622
5708.1;1;Los Espinos + Santa Rosa;final;1490.999;2646.542;50.999;1206.542;123.592
5709;1;Los Espinos + Santa Rosa;final;1324.716;1762.081;1324.716;322.081;299.22
5709.1;1;Los Espinos + Santa Rosa;final;1377.993;2717.186;1377.993;1277.186;39.685
5710;1;Los Espinos + Santa Rosa;final;541.151;1768.748;541.151;328.748;89.665
5711;1;Los Espinos + Santa Rosa;final;1309.473;1782.081;1309.473;342.081;304.659
5711.1;1;Los Espinos + Santa Rosa;final;1494.721;2680.837;54.721;1240.837;109.687
5712;1;Los Espinos + Santa Rosa;final;1304.289;1807.748;1304.289;367.748;291.829
5712.1;1;Los Espinos + Santa Rosa;final;1464.472;2678.794;24.472;1238.794;101.128
5713;1;Los Espinos + Santa Rosa;final;1358.661;1814.164;1358.661;374.164;295.334
5713.1;1;Los Espinos + Santa Rosa;final;1409.332;2712.081;1409.332;1272.081;63.649
5714;1;Los Espinos + Santa Rosa;final;1372.114;1839.831;1372.114;399.831;302.054
5715;1;Los Espinos + Santa Rosa;final;1234.914;1846.248;1234.914;406.248;243.789
5716;1;Los Espinos + Santa Rosa;final;1378.692;1872.081;1378.692;432.081;283.639
5716.1;1;Los Espinos + Santa Rosa;final;1487.797;2813.008;47.797;1373.008;53.419
5717;1;Los Espinos + Santa Rosa;final;1051.758;1393.192;1051.758;1393.192;313.96
5717.1;1;Los Espinos + Santa Rosa;final;1315.242;2495.008;1315.242;1055.008;95.423
5718;1;Los Espinos + Santa Rosa;final;788.382;1453.192;788.382;13.192;291.381
5718.1;1;Los Espinos + Santa Rosa;final;1381.39;2209.763;1381.39;769.763;192.589
5719;1;Los Espinos + Santa Rosa;final;500.503;1723.192;500.503;283.192;84.196
5720;1;Los Espinos + Santa Rosa;final;1172.119;1733.192;1172.119;293.192;282.68
5720.1;1;Los Espinos + Santa Rosa;final;1504.821;2600.881;64.821;1160.881;153.807
5721;1;Los Espinos + Santa Rosa;final;1286.46;1743.192;1286.46;303.192;267.819
5721.1;1;Los Espinos + Santa Rosa;final;1433.445;2661.357;1433.445;1221.357;91.194
5722;1;Los Espinos + Santa Rosa;final;1350.028;1753.192;1350.028;313.192;312.392
5722.1;1;Los Espinos + Santa Rosa;final;1407.982;2700.831;1407.982;1260.831;63.649
5723;1;Los Espinos + Santa Rosa;final;1261.152;1773.192;1261.152;333.192;242.385
5724;1;Los Espinos + Santa Rosa;final;1386.718;1816.942;1386.718;376.942;279.602
5725;1;Los Espinos + Santa Rosa;final;524.628;1828.192;524.628;388.192;57.622
5726;1;Los Espinos + Santa Rosa;final;1397.302;2512.409;1397.302;1072.409;119.899
5727;1;Los Espinos + Santa Rosa;final;866.265;1431.098;866.265;1431.098;300.167
5727.1;1;Los Espinos + Santa Rosa;final;1360.28;2252.042;1360.28;812.042;166.478
5728;1;Los Espinos + Santa Rosa;final;813.929;1461.098;813.929;21.098;288.267
5728.1;1;Los Espinos + Santa Rosa;final;1483.004;2212.377;43.004;772.377;276.632
5729;1;Los Espinos + Santa Rosa;intermedia;965.619;980.0;965.619;980.0;301.038
5729;2;Los Espinos + Santa Rosa;final;1141.94;1490.881;1141.94;50.881;52.248
5729.1;1;Los Espinos + Santa Rosa;final;1264.93;2533.163;1264.93;1093.163;63.219
5730;1;Los Espinos + Santa Rosa;final;1315.166;1772.881;1315.166;332.881;293.083
5731;1;Los Espinos + Santa Rosa;final;1269.119;1784.881;1269.119;344.881;283.596
5731.1;1;Los Espinos + Santa Rosa;final;1382.779;2696.881;1382.779;1256.881;51.507
5732;1;Los Espinos + Santa Rosa;final;1321.264;1796.881;1321.264;356.881;290.794
5732.1;1;Los Espinos + Santa Rosa;final;1503.021;2697.45;63.021;1257.45;110.172
5733;1;Los Espinos + Santa Rosa;final;1398.124;1808.881;1398.124;368.881;308.63
5733.1;1;Los Espinos + Santa Rosa;final;1447.725;2724.991;7.725;1284.991;82.549
5734;1;Los Espinos + Santa Rosa;final;970.981;1390.397;970.981;1390.397;302.085
5734.1;1;Los Espinos + Santa Rosa;final;1292.192;2369.519;1292.192;929.519;118.012
5735;1;Los Espinos + Santa Rosa;final;858.676;1410.397;858.676;1410.397;302.193
5735.1;1;Los Espinos + Santa Rosa;final;1311.755;2259.078;1311.755;819.078;145.789
5736;1;Los Espinos + Santa Rosa;intermedia;983.436;996.0;983.436;996.0;291.117
5736;2;Los Espinos + Santa Rosa;final;1157.919;1450.397;1157.919;10.397;43.749
5736.1;1;Los Espinos + Santa Rosa;final;1283.736;2586.881;1283.736;1146.881;46.678
5737;1;Los Espinos + Santa Rosa;final;1247.417;1720.263;1247.417;280.263;312.55
5737.1;1;Los Espinos + Santa Rosa;final;1310.369;2592.479;1310.369;1152.479;71.792
5738;1;Los Espinos + Santa Rosa;final;1204.119;1720.397;1204.119;280.397;275.907
5738.1;1;Los Espinos + Santa Rosa;final;1455.563;2635.114;15.563;1195.114;103.76
5739;1;Los Espinos + Santa Rosa;final;1259.571;1730.397;1259.571;290.397;294.258
5740;1;Los Espinos + Santa Rosa;final;568.489;1740.397;568.489;300.397;124.373
5741;1;Los Espinos + Santa Rosa;final;1317.303;1750.397;1317.303;310.397;288.662
5741.1;1;Los Espinos + Santa Rosa;final;1556.06;2750.831;116.06;1310.831;103.91
5742;1;Los Espinos + Santa Rosa;final;537.247;1760.397;537.247;320.397;86.443
5743;1;Los Espinos + Santa Rosa;final;1274.369;1770.397;1274.369;330.397;260.771
5744;1;Los Espinos + Santa Rosa;final;1380.411;1780.397;1380.411;340.397;304.042
5745;1;Los Espinos + Santa Rosa;final;1307.656;1800.397;1307.656;360.397;274.703
5745.1;1;Los Espinos + Santa Rosa;final;1510.868;2707.291;70.868;1267.291;119.848
5746;1;Los Espinos + Santa Rosa;final;1365.83;1810.397;1365.83;370.397;303.811
5747;1;Los Espinos + Santa Rosa;final;1319.088;1840.397;1319.088;400.397;264.698
5748;1;Los Espinos + Santa Rosa;final;1430.183;1850.397;1430.183;410.397;307.413
5748.1;1;Los Espinos + Santa Rosa;final;1543.394;2837.418;103.394;1397.418;66.921
5749;1;Los Espinos + Santa Rosa;final;1338.74;1860.397;1338.74;420.397;256.756
5750;1;Los Espinos + Santa Rosa;final;1233.253;1870.397;1233.253;430.397;219.653
5751;1;Los Espinos + Santa Rosa;final;1126.099;1438.445;1126.099;1438.445;312.691
5751.1;1;Los Espinos + Santa Rosa;final;1293.299;2540.051;1293.299;1100.051;67.41
5752;1;Los Espinos + Santa Rosa;final;970.346;1573.445;970.346;133.445;282.594
5752.1;1;Los Espinos + Santa Rosa;final;1328.231;2335.397;1328.231;895.397;156.912
5753;1;Los Espinos + Santa Rosa;final;1179.133;1708.445;1179.133;268.445;289.49
5753.1;1;Los Espinos + Santa Rosa;final;1402.814;2553.215;1402.814;1113.215;132.105
5754;1;Los Espinos + Santa Rosa;final;1183.974;1723.445;1183.974;283.445;289.077
5754.1;1;Los Espinos + Santa Rosa;final;1519.282;2561.039;79.282;1121.039;170.75
5755;1;Los Espinos + Santa Rosa;final;1339.435;1738.445;1339.435;298.445;302.701
5756;1;Los Espinos + Santa Rosa;final;1231.207;1794.145;1231.207;354.145;249.331
5757;1;Los Espinos + Santa Rosa;final;1218.572;1747.218;1218.572;307.218;282.755
5757.1;1;Los Espinos + Santa Rosa;final;1462.391;2630.551;22.391;1190.551;113.224
5758;1;Los Espinos + Santa Rosa;final;1360.101;1762.218;1360.101;322.218;261.407
5759;1;Los Espinos + Santa Rosa;final;1382.704;1777.218;1382.704;337.218;314.576
5760;1;Los Espinos + Santa Rosa;final;934.422;1392.081;934.422;1392.081;299.537
5760.1;1;Los Espinos + Santa Rosa;final;1365.163;2353.995;1365.163;913.995;153.485
5761;1;Los Espinos + Santa Rosa;final;1214.267;1452.081;1214.267;12.081;298.943
5761.1;1;Los Espinos + Santa Rosa;final;1434.367;2599.037;1434.367;1159.037;105.908
5762;1;Los Espinos + Santa Rosa;final;1147.748;1587.081;1147.748;147.081;283.755
5762.1;1;Los Espinos + Santa Rosa;final;1537.596;2502.042;97.596;1062.042;190.692
5763;1;Los Espinos + Santa Rosa;final;1332.419;1722.081;1332.419;282.081;289.776
5763.1;1;Los Espinos + Santa Rosa;final;1493.655;2730.14;53.655;1290.14;90.145
5764;1;Los Espinos + Santa Rosa;final;1405.596;1734.081;1405.596;294.081;280.004
5765;1;Los Espinos + Santa Rosa;final;1324.756;1746.081;1324.756;306.081;281.638
5765.1;1;Los Espinos + Santa Rosa;final;1406.006;2718.427;1406.006;1278.427;57.977
5766;1;Los Espinos + Santa Rosa;final;515.286;1758.081;515.286;318.081;73.325
5767;1;Los Espinos + Santa Rosa;final;1330.224;1770.081;1330.224;330.081;290.615
5767.1;1;Los Espinos + Santa Rosa;final;1443.481;2725.198;3.481;1285.198;71.461
5768;1;Los Espinos + Santa Rosa;final;1348.682;1782.081;1348.682;342.081;303.7
5768.1;1;Los Espinos + Santa Rosa;final;1505.799;2722.827;65.799;1282.827;104.68
5769;1;Los Espinos + Santa Rosa;final;1211.002;1793.331;1211.002;353.331;215.827
5770;1;Los Espinos + Santa Rosa;final;1452.082;1804.581;12.082;364.581;307.754
5770.1;1;Los Espinos + Santa Rosa;final;1522.344;2822.6;82.344;1382.6;63.749
5771;1;Los Espinos + Santa Rosa;final;1280.146;1815.831;1280.146;375.831;245.369
5772;1;Los Espinos + Santa Rosa;final;1162.147;1849.581;1162.147;409.581;188.697
5773;1;Los Espinos + Santa Rosa;final;970.326;1416.376;970.326;1416.376;300.249
5773.1;1;Los Espinos + Santa Rosa;final;1291.571;2396.503;1291.571;956.503;124.028
5774;1;Los Espinos + Santa Rosa;final;734.372;1446.376;734.372;6.376;284.628
5774.1;1;Los Espinos + Santa Rosa;final;1375.121;2138.394;1375.121;698.394;203.683
5775;1;Los Espinos + Santa Rosa;final;1347.346;1762.76;1347.346;322.76;291.415
5775.1;1;Los Espinos + Santa Rosa;final;1498.004;2699.147;58.004;1259.147;104.464
5776;1;Los Espinos + Santa Rosa;final;1201.189;1777.76;1201.189;337.76;270.489
5777;1;Los Espinos + Santa Rosa;final;1362.982;1830.26;1362.982;390.26;262.61
5778;1;Los Espinos + Santa Rosa;final;1219.255;1722.081;1219.255;282.081;278.428
5778.1;1;Los Espinos + Santa Rosa;final;1329.284;2630.842;1329.284;1190.842;57.7
5779;1;Los Espinos + Santa Rosa;final;1324.394;1730.648;1324.394;290.648;291.876
5780;1;Los Espinos + Santa Rosa;final;1250.169;1739.214;1250.169;299.214;288.757
5780.1;1;Los Espinos + Santa Rosa;final;1522.702;2678.881;82.702;1238.881;121.669
5781;1;Los Espinos + Santa Rosa;final;1410.038;1747.781;1410.038;307.781;290.312
5782;1;Los Espinos + Santa Rosa;final;1268.446;1756.348;1268.446;316.348;281.866
5782.1;1;Los Espinos + Santa Rosa;final;1351.934;2620.377;1351.934;1180.377;76.898
5783;1;Los Espinos + Santa Rosa;final;1155.87;1764.914;1155.87;324.914;235.47
5784;1;Los Espinos + Santa Rosa;final;1412.249;1773.481;1412.249;333.481;313.217
5785;1;Los Espinos + Santa Rosa;final;1239.444;1782.081;1239.444;342.081;234.726
5786;1;Los Espinos + Santa Rosa;final;1293.51;1800.081;1293.51;360.081;278.591
5787;1;Los Espinos + Santa Rosa;final;1381.331;1827.081;1381.331;387.081;313.559
5787.1;1;Los Espinos + Santa Rosa;final;1448.333;2725.67;8.333;1285.67;85.748
5788;1;Los Espinos + Santa Rosa;final;1399.552;1863.081;1399.552;423.081;293.264
5789;1;Los Espinos + Santa Rosa;final;1374.558;1872.081;1374.558;432.081;248.518
5790;1;Los Espinos + Santa Rosa;final;1320.298;1837.76;1320.298;397.76;279.51
5790.1;1;Los Espinos + Santa Rosa;final;1550.526;2753.008;110.526;1313.008;108.841
5791;1;Los Espinos + Santa Rosa;final;1157.705;1463.2;1157.705;23.2;312.15
5791.1;1;Los Espinos + Santa Rosa;final;1328.661;2532.428;1328.661;1092.428;88.393
5792;1;Los Espinos + Santa Rosa;final;1370.663;1741.767;1370.663;301.767;313.465
5792.1;1;Los Espinos + Santa Rosa;final;1502.058;2725.377;62.058;1285.377;100.539
5793;1;Los Espinos + Santa Rosa;final;1296.057;1750.334;1296.057;310.334;295.009
5793.1;1;Los Espinos + Santa Rosa;final;1442.26;2729.51;2.26;1289.51;66.877
5794;1;Los Espinos + Santa Rosa;final;1230.891;1758.9;1230.891;318.9;288.831
5794.1;1;Los Espinos + Santa Rosa;final;1485.8;2613.2;45.8;1173.2;133.67
5795;1;Los Espinos + Santa Rosa;final;1289.233;1767.467;1289.233;327.467;292.427
5796;1;Los Espinos + Santa Rosa;final;1300.365;1776.034;1300.365;336.034;277.853
5797;1;Los Espinos + Santa Rosa;final;1285.579;1793.167;1285.579;353.167;288.644
5797.1;1;Los Espinos + Santa Rosa;final;1475.824;2633.247;35.824;1193.247;122.007
5798;1;Los Espinos + Santa Rosa;final;1340.124;1793.2;1340.124;353.2;293.318
5798.1;1;Los Espinos + Santa Rosa;final;1403.984;2724.469;1403.984;1284.469;52.201
5799;1;Los Espinos + Santa Rosa;final;1255.098;1464.519;1255.098;24.519;308.249
5799.1;1;Los Espinos + Santa Rosa;final;1474.759;2634.519;34.759;1194.519;115.283
5800;1;Los Espinos + Santa Rosa;final;1334.148;1734.519;1334.148;294.519;293.144
5800.1;1;Los Espinos + Santa Rosa;final;1474.821;2713.269;34.821;1273.269;91.267
5801;1;Los Espinos + Santa Rosa;final;1304.192;1739.119;1304.192;299.119;282.564
5802;1;Los Espinos + Santa Rosa;final;1388.148;1743.719;1388.148;303.719;313.707
5803;1;Los Espinos + Santa Rosa;final;1287.531;1748.319;1287.531;308.319;277.217
5804;1;Los Espinos + Santa Rosa;final;1341.554;1752.919;1341.554;312.919;298.25
5805;1;Los Espinos + Santa Rosa;final;1373.021;1757.519;1373.021;317.519;301.285
5806;1;Los Espinos + Santa Rosa;final;1307.896;1762.119;1307.896;322.119;282.551
5807;1;Los Espinos + Santa Rosa;final;1355.166;1766.719;1355.166;326.719;296.088
5808;1;Los Espinos + Santa Rosa;final;1338.484;1771.319;1338.484;331.319;285.507
5808.1;1;Los Espinos + Santa Rosa;final;1501.178;2727.287;61.178;1287.287;90.591
5809;1;Los Espinos + Santa Rosa;final;1424.448;1775.919;1424.448;335.919;313.707
5809.1;1;Los Espinos + Santa Rosa;final;1510.115;2810.185;70.115;1370.185;60.724
5810;1;Los Espinos + Santa Rosa;final;1397.148;1785.119;1397.148;345.119;297.269
5810.1;1;Los Espinos + Santa Rosa;final;1475.848;2775.919;35.848;1335.919;60.724
5811;1;Los Espinos + Santa Rosa;final;1361.543;1789.719;1361.543;349.719;286.623
5812;1;Los Espinos + Santa Rosa;final;1357.004;1794.319;1357.004;354.319;294.866
5813;1;Los Espinos + Santa Rosa;final;1370.148;1794.519;1370.148;354.519;284.696
5814;1;Los Espinos + Santa Rosa;final;1421.729;1836.785;1421.729;396.785;297.857
5814.1;1;Los Espinos + Santa Rosa;final;1543.029;2770.397;103.029;1330.397;95.863
5815;1;Los Espinos + Santa Rosa;final;1439.985;1884.519;1439.985;444.519;297.939
5816;1;Los Espinos + Santa Rosa;final;1181.935;1719.976;1181.935;279.976;279.005
5817;1;Los Espinos + Santa Rosa;final;1141.047;1734.976;1141.047;294.976;284.101
5817.1;1;Los Espinos + Santa Rosa;final;1465.717;2512.218;25.717;1072.218;163.706
5818;1;Los Espinos + Santa Rosa;final;1214.519;1749.976;1214.519;309.976;273.816
5819;1;Los Espinos + Santa Rosa;final;1306.9;1764.976;1306.9;324.976;291.192
5819.1;1;Los Espinos + Santa Rosa;final;1412.379;2738.882;1412.379;1298.882;49.127
5820;1;Los Espinos + Santa Rosa;final;1370.882;1779.976;1370.882;339.976;311.021
5820.1;1;Los Espinos + Santa Rosa;final;1559.532;2725.375;119.532;1285.375;123.592
5821;1;Los Espinos + Santa Rosa;final;1284.803;1789.976;1284.803;349.976;259.679
5822;1;Los Espinos + Santa Rosa;final;1368.605;1799.976;1368.605;359.976;312.264
5823;1;Los Espinos + Santa Rosa;final;1421.263;1809.976;1421.263;369.976;301.476
5823.1;1;Los Espinos + Santa Rosa;final;1511.698;2770.397;71.698;1330.397;91.53
5824;1;Los Espinos + Santa Rosa;final;1426.508;1819.976;1426.508;379.976;307.114
5824.1;1;Los Espinos + Santa Rosa;final;1455.108;2804.038;15.108;1364.038;39.015
5825;1;Los Espinos + Santa Rosa;final;1279.136;1829.976;1279.136;389.976;249.239
5826;1;Los Espinos + Santa Rosa;final;1453.355;1839.976;13.355;399.976;303.042
5827;1;Los Espinos + Santa Rosa;final;1173.03;1849.976;1173.03;409.976;200.869
5828;1;Los Espinos + Santa Rosa;final;1340.663;1859.976;1340.663;419.976;293.235
5828.1;1;Los Espinos + Santa Rosa;final;1395.29;2687.897;1395.29;1247.897;67.013
5829;1;Los Espinos + Santa Rosa;final;1277.408;1869.976;1277.408;429.976;222.808
5830;1;Los Espinos + Santa Rosa;final;1210.43;1720.397;1210.43;280.397;292.792
5830.1;1;Los Espinos + Santa Rosa;final;1287.192;2563.976;1287.192;1123.976;79.536
5831;1;Los Espinos + Santa Rosa;final;1242.779;1740.397;1242.779;300.397;282.078
5832;1;Los Espinos + Santa Rosa;final;1300.665;1760.397;1300.665;320.397;288.701
5833;1;Los Espinos + Santa Rosa;final;1320.508;1780.397;1320.508;340.397;313.752
5833.1;1;Los Espinos + Santa Rosa;final;1528.707;2697.97;88.707;1257.97;126.047
5834;1;Los Espinos + Santa Rosa;final;1361.54;1791.647;1361.54;351.647;305.468
5834.1;1;Los Espinos + Santa Rosa;final;1508.763;2740.248;68.763;1300.248;100.375
5835;1;Los Espinos + Santa Rosa;final;1254.558;1802.897;1254.558;362.897;272.063
5835.1;1;Los Espinos + Santa Rosa;final;1366.448;2582.044;1366.448;1142.044;107.217
5836;1;Los Espinos + Santa Rosa;final;1360.683;1814.147;1360.683;374.147;296.133
5837;1;Los Espinos + Santa Rosa;final;521.896;1825.397;521.896;385.397;57.776
5838;1;Los Espinos + Santa Rosa;final;1396.963;1836.647;1396.963;396.647;304.969
5838.1;1;Los Espinos + Santa Rosa;final;1457.363;2744.663;17.363;1304.663;72.411
5839;1;Los Espinos + Santa Rosa;final;1374.179;1847.897;1374.179;407.897;264.063
5840;1;Los Espinos + Santa Rosa;final;1208.969;1859.147;1208.969;419.147;227.91
5841;1;Los Espinos + Santa Rosa;final;1332.322;1870.397;1332.322;430.397;274.481
5841.1;1;Los Espinos + Santa Rosa;final;1481.332;2712.745;41.332;1272.745;95.693
5842;1;Los Espinos + Santa Rosa;final;1276.022;1720.397;1276.022;280.397;288.144
5842.1;1;Los Espinos + Santa Rosa;final;1421.345;2667.079;1421.345;1227.079;88.862
5843;1;Los Espinos + Santa Rosa;final;1356.817;1732.397;1356.817;292.397;310.388
5843.1;1;Los Espinos + Santa Rosa;final;1501.479;2683.431;61.479;1243.431;113.587
5844;1;Los Espinos + Santa Rosa;final;1262.221;1744.397;1262.221;304.397;299.331
5845;1;Los Espinos + Santa Rosa;final;1299.832;1756.397;1299.832;316.397;306.099
5845.1;1;Los Espinos + Santa Rosa;final;1507.006;2680.407;67.006;1240.407;114.708
5846;1;Los Espinos + Santa Rosa;final;1320.792;1768.397;1320.792;328.397;306.214
5846.1;1;Los Espinos + Santa Rosa;final;1361.502;2753.008;1361.502;1313.008;22.125
5847;1;Los Espinos + Santa Rosa;final;1352.974;1780.397;1352.974;340.397;292.815
5848;1;Los Espinos + Santa Rosa;final;1325.686;1791.647;1325.686;351.647;259.063
5849;1;Los Espinos + Santa Rosa;final;1341.871;1825.397;1341.871;385.397;288.952
5849.1;1;Los Espinos + Santa Rosa;final;1505.332;2724.678;65.332;1284.678;105.26
5850;1;Los Espinos + Santa Rosa;final;1364.403;1836.647;1364.403;396.647;292.745
5850.1;1;Los Espinos + Santa Rosa;final;1489.872;2738.325;49.872;1298.325;86.812
5851;1;Los Espinos + Santa Rosa;final;1401.946;1859.147;1401.946;419.147;301.878
5851.1;1;Los Espinos + Santa Rosa;final;1434.963;2750.397;1434.963;1310.397;57.776
5852;1;Los Espinos + Santa Rosa;final;1227.862;1870.397;1227.862;430.397;232.282
5853;1;Los Espinos + Santa Rosa;final;1454.195;2533.097;14.195;1093.097;152.85
5854;1;Los Espinos + Santa Rosa;final;1004.871;1438.431;1004.871;1438.431;305.942
5854.1;1;Los Espinos + Santa Rosa;final;1485.267;2410.915;45.267;970.915;183.669
5855;1;Los Espinos + Santa Rosa;final;1061.819;1573.431;1061.819;133.431;279.049
5855.1;1;Los Espinos + Santa Rosa;final;1271.142;2502.631;1271.142;1062.631;69.372
5856;1;Los Espinos + Santa Rosa;final;1270.992;1708.431;1270.992;268.431;287.109
5856.1;1;Los Espinos + Santa Rosa;final;1447.493;2655.761;7.493;1215.761;85.592
5857;1;Los Espinos + Santa Rosa;final;1209.622;1720.431;1209.622;280.431;263.614
5858;1;Los Espinos + Santa Rosa;final;1219.729;1732.431;1219.729;292.431;311.787
5858.1;1;Los Espinos + Santa Rosa;final;1319.444;2610.75;1319.444;1170.75;57.957
5859;1;Los Espinos + Santa Rosa;final;1296.531;1744.431;1296.531;304.431;309.178
5859.1;1;Los Espinos + Santa Rosa;final;1399.148;2646.097;1399.148;1206.097;91.53
5860;1;Los Espinos + Santa Rosa;final;1355.075;1824.681;1355.075;384.681;308.988
5861;1;Los Espinos + Santa Rosa;final;1440.392;1835.931;0.392;395.931;309.16
5861.1;1;Los Espinos + Santa Rosa;final;1561.082;2818.312;121.082;1378.312;75.493
5862;1;Los Espinos + Santa Rosa;final;841.334;1387.959;841.334;1387.959;292.963
5862.1;1;Los Espinos + Santa Rosa;final;1312.955;2281.887;1312.955;841.887;144.365
5863;1;Los Espinos + Santa Rosa;final;799.748;1417.959;799.748;1417.959;302.413
5863.1;1;Los Espinos + Santa Rosa;final;1257.384;2187.042;1257.384;747.042;152.096
5864;1;Los Espinos + Santa Rosa;final;957.622;1404.678;957.622;1404.678;275.302
5864.1;1;Los Espinos + Santa Rosa;final;1378.528;2363.995;1378.528;923.995;192.447
5865;1;Los Espinos + Santa Rosa;final;1039.423;1434.678;1039.423;1434.678;299.998
5865.1;1;Los Espinos + Santa Rosa;final;1301.139;2446.137;1301.139;1006.137;101.605
5866;1;Los Espinos + Santa Rosa;final;858.467;1464.678;858.467;24.678;311.737
5866.1;1;Los Espinos + Santa Rosa;final;1491.942;2247.761;51.942;807.761;213.877
5867;1;Los Espinos + Santa Rosa;final;1019.361;1452.081;1019.361;12.081;312.26
5867.1;1;Los Espinos + Santa Rosa;final;1398.749;2382.081;1398.749;942.081;168.357
5868;1;Los Espinos + Santa Rosa;final;1289.748;1722.081;1289.748;282.081;303.403
5868.1;1;Los Espinos + Santa Rosa;final;1405.065;2642.042;1405.065;1202.042;83.167
5869;1;Los Espinos + Santa Rosa;final;1265.249;1734.081;1265.249;294.081;289.309
5870;1;Los Espinos + Santa Rosa;final;1192.703;1740.081;1192.703;300.081;274.236
5870.1;1;Los Espinos + Santa Rosa;final;1355.242;2598.103;1355.242;1158.103;77.443
5871;1;Los Espinos + Santa Rosa;final;1345.166;1746.081;1345.166;306.081;303.856
5871.1;1;Los Espinos + Santa Rosa;final;1447.949;2724.685;7.949;1284.685;71.872
5872;1;Los Espinos + Santa Rosa;final;1322.169;1752.081;1322.169;312.081;287.069
5872.1;1;Los Espinos + Santa Rosa;final;1468.898;2750.881;28.898;1310.881;74.309
5873;1;Los Espinos + Santa Rosa;final;552.401;1758.081;552.401;318.081;87.587
5874;1;Los Espinos + Santa Rosa;final;1223.372;1764.081;1223.372;324.081;274.814
5874.1;1;Los Espinos + Santa Rosa;final;1395.166;2606.161;1395.166;1166.161;87.892
5875;1;Los Espinos + Santa Rosa;final;1319.621;1782.081;1319.621;342.081;298.434
5876;1;Los Espinos + Santa Rosa;final;1328.402;1792.648;1328.402;352.648;296.701
5877;1;Los Espinos + Santa Rosa;final;1334.53;1797.931;1334.53;357.931;297.468
5878;1;Los Espinos + Santa Rosa;final;1210.405;1840.198;1210.405;400.198;277.445
5879;1;Los Espinos + Santa Rosa;final;1430.161;1845.481;1430.161;405.481;280.895
5880;1;Los Espinos + Santa Rosa;final;1314.152;1861.331;1314.152;421.331;243.277
5881;1;Los Espinos + Santa Rosa;final;1362.285;1872.081;1362.285;432.081;293.675
5882;1;Los Espinos + Santa Rosa;final;815.555;1393.445;815.555;1393.445;300.828
5882.1;1;Los Espinos + Santa Rosa;final;1458.038;2247.918;18.038;807.918;206.975
5883;1;Los Espinos + Santa Rosa;final;1302.229;1723.445;1302.229;283.445;288.067
5884;1;Los Espinos + Santa Rosa;final;1313.661;1743.445;1313.661;303.445;306.393
5885;1;Los Espinos + Santa Rosa;final;535.028;1763.445;535.028;323.445;81.037
5886;1;Los Espinos + Santa Rosa;final;1204.592;1783.445;1204.592;343.445;261.826
5886.1;1;Los Espinos + Santa Rosa;final;1498.103;2601.937;58.103;1161.937;132.429
5887;1;Los Espinos + Santa Rosa;final;1314.394;1793.445;1314.394;353.445;308.98
5887.1;1;Los Espinos + Santa Rosa;final;1516.06;2656.405;76.06;1216.405;136.169
5888;1;Los Espinos + Santa Rosa;final;1383.874;1803.445;1383.874;363.445;314.041
5888.1;1;Los Espinos + Santa Rosa;final;1476.886;2776.163;36.886;1336.163;63.798
5889;1;Los Espinos + Santa Rosa;final;1428.057;1813.445;1428.057;373.445;308.884
5889.1;1;Los Espinos + Santa Rosa;final;1523.564;2815.248;83.564;1375.248;71.461
5890;1;Los Espinos + Santa Rosa;final;1334.322;1823.445;1334.322;383.445;285.372
5890.1;1;Los Espinos + Santa Rosa;final;1546.742;2738.611;106.742;1298.611;125.135
5891;1;Los Espinos + Santa Rosa;final;1197.969;1833.445;1197.969;393.445;294.754
5891.1;1;Los Espinos + Santa Rosa;final;1339.405;2555.276;1339.405;1115.276;93.283
5892;1;Los Espinos + Santa Rosa;final;534.844;1843.445;534.844;403.445;56.512
5893;1;Los Espinos + Santa Rosa;final;554.844;1863.445;554.844;423.445;56.512
5894;1;Los Espinos + Santa Rosa;final;1295.465;1873.445;1295.465;433.445;312.119
5894.1;1;Los Espinos + Santa Rosa;final;1524.207;2669.151;84.207;1229.151;115.897
5895;1;Los Espinos + Santa Rosa;final;1263.465;2503.445;1263.465;1063.445;73.89
5896;1;Los Espinos + Santa Rosa;final;1302.644;2510.111;1302.644;1070.111;85.828
5897;1;Los Espinos + Santa Rosa;final;1278.414;2523.445;1278.414;1083.445;75.764
5898;1;Los Espinos + Santa Rosa;final;1118.132;1411.163;1118.132;1411.163;291.625
5898.1;1;Los Espinos + Santa Rosa;final;1466.925;2502.519;26.925;1062.519;147.955
5899;1;Los Espinos + Santa Rosa;final;969.233;1441.163;969.233;1.163;310.138
5899.1;1;Los Espinos + Santa Rosa;final;1518.217;2355.931;78.217;915.931;216.426
5900;1;Los Espinos + Santa Rosa;final;1276.651;1751.163;1276.651;311.163;280.664
5900.1;1;Los Espinos + Santa Rosa;final;1501.232;2658.037;61.232;1218.037;115.254
5901;1;Los Espinos + Santa Rosa;final;1288.047;1761.163;1288.047;321.163;295.3
5901.1;1;Los Espinos + Santa Rosa;final;1458.03;2695.72;18.03;1255.72;88.637
5902;1;Los Espinos + Santa Rosa;final;1272.531;1771.163;1272.531;331.163;257.688
5903;1;Los Espinos + Santa Rosa;final;1429.49;1801.163;1429.49;361.163;239.89
5904;1;Los Espinos + Santa Rosa;final;1485.953;1855.163;45.953;415.163;306.592
5905;1;Los Espinos + Santa Rosa;final;1443.286;1873.163;3.286;433.163;272.679
5906;1;Los Espinos + Santa Rosa;final;1019.452;1415.745;1019.452;1415.745;308.053
5906.1;1;Los Espinos + Santa Rosa;final;1472.453;2426.807;32.453;986.807;195.451
5907;1;Los Espinos + Santa Rosa;final;1347.292;1745.745;1347.292;305.745;305.22
5907.1;1;Los Espinos + Santa Rosa;final;1536.238;2749.07;96.238;1309.07;103.117
5908;1;Los Espinos + Santa Rosa;final;1304.962;1755.745;1304.962;315.745;294.535
5909;1;Los Espinos + Santa Rosa;final;1369.203;1765.745;1369.203;325.745;307.266
5909.1;1;Los Espinos + Santa Rosa;final;1471.019;2798.881;31.019;1358.881;46.678
5910;1;Los Espinos + Santa Rosa;final;1329.811;1775.745;1329.811;335.745;278.588
5911;1;Los Espinos + Santa Rosa;final;1277.116;1785.745;1277.116;345.745;261.14
5912;1;Los Espinos + Santa Rosa;final;1460.392;1795.745;20.392;355.745;307.447
5912.1;1;Los Espinos + Santa Rosa;final;1578.216;2835.445;138.216;1395.445;75.493
5913;1;Los Espinos + Santa Rosa;final;1430.709;1805.745;1430.709;365.745;280.757
5913.1;1;Los Espinos + Santa Rosa;final;1552.516;2809.745;112.516;1369.745;75.493
5914;1;Los Espinos + Santa Rosa;final;1168.915;1814.745;1168.915;374.745;101.701
5915;1;Los Espinos + Santa Rosa;final;1414.746;1823.745;1414.746;383.745;308.091
5915.1;1;Los Espinos + Santa Rosa;final;1433.333;2773.796;1433.333;1333.796;48.736
5916;1;Los Espinos + Santa Rosa;final;516.774;1832.745;516.774;392.745;46.912
5917;1;Los Espinos + Santa Rosa;final;1247.486;1841.745;1247.486;401.745;243.302
5918;1;Los Espinos + Santa Rosa;final;1383.563;1859.745;1383.563;419.745;267.986
5919;1;Los Espinos + Santa Rosa;final;1271.673;1868.745;1271.673;428.745;225.348
5920;1;Los Espinos + Santa Rosa;final;1419.419;1886.745;1419.419;446.745;308.206
5921;1;Los Espinos + Santa Rosa;final;1320.952;1895.745;1320.952;455.745;258.027
5922;1;Los Espinos + Santa Rosa;final;1174.703;1741.163;1174.703;301.163;237.268
5923;1;Los Espinos + Santa Rosa;final;1312.566;1753.163;1312.566;313.163;271.28
5923.1;1;Los Espinos + Santa Rosa;final;1436.561;2714.618;1436.561;1274.618;66.921
5924;1;Los Espinos + Santa Rosa;final;1372.793;1765.163;1372.793;325.163;287.833
5925;1;Los Espinos + Santa Rosa;final;1178.157;1777.163;1178.157;337.163;121.06
5926;1;Los Espinos + Santa Rosa;final;1392.241;1789.163;1392.241;349.163;291.83
5927;1;Los Espinos + Santa Rosa;final;506.974;1801.163;506.974;361.163;56.401
5928;1;Los Espinos + Santa Rosa;final;489.964;1851.163;489.964;411.163;30.889
5929;1;Los Espinos + Santa Rosa;final;1316.651;1761.283;1316.651;321.283;288.246
5929.1;1;Los Espinos + Santa Rosa;final;1484.044;2706.453;44.044;1266.453;90.591
5930;1;Los Espinos + Santa Rosa;final;1392.842;1773.283;1392.842;333.283;308.783
5930.1;1;Los Espinos + Santa Rosa;final;1518.249;2775.478;78.249;1335.478;75.493
5931;1;Los Espinos + Santa Rosa;final;1334.176;1785.283;1334.176;345.283;289.622
5931.1;1;Los Espinos + Santa Rosa;final;1481.452;2711.178;41.452;1271.178;93.627
5932;1;Los Espinos + Santa Rosa;final;1384.141;1797.283;1384.141;357.283;265.343
5933;1;Los Espinos + Santa Rosa;final;1398.869;1821.283;1398.869;381.283;306.829
5933.1;1;Los Espinos + Santa Rosa;final;1503.809;2780.709;63.809;1340.709;78.812
5934;1;Los Espinos + Santa Rosa;final;1252.215;1851.283;1252.215;411.283;112.167
5935;1;Los Espinos + Santa Rosa;final;1242.263;1861.283;1242.263;421.283;235.289
5936;1;Los Espinos + Santa Rosa;final;1201.94;1891.283;1201.94;451.283;215.051
5937;1;Los Espinos + Santa Rosa;final;1281.929;1911.283;1281.929;471.283;223.463
5938;1;Los Espinos + Santa Rosa;final;1290.406;1724.862;1290.406;284.862;308.191
5938.1;1;Los Espinos + Santa Rosa;final;1387.49;2629.572;1387.49;1189.572;94.86
5939;1;Los Espinos + Santa Rosa;final;1191.388;1739.862;1191.388;299.862;238.175
5940;1;Los Espinos + Santa Rosa;final;1211.673;1754.862;1211.673;314.862;248.136
5941;1;Los Espinos + Santa Rosa;final;541.73;1769.862;541.73;329.862;85.292
5942;1;Los Espinos + Santa Rosa;final;1253.006;1799.862;1253.006;359.862;249.148
5943;1;Los Espinos + Santa Rosa;final;1357.49;1807.362;1357.49;367.362;279.626
5944;1;Los Espinos + Santa Rosa;final;1302.993;1814.862;1302.993;374.862;261.711
5945;1;Los Espinos + Santa Rosa;final;1190.573;1829.862;1190.573;389.862;212.893
5946;1;Los Espinos + Santa Rosa;final;1295.375;1837.362;1295.375;397.362;239.255
5947;1;Los Espinos + Santa Rosa;final;1367.488;1844.862;1367.488;404.862;277.275
5948;1;Los Espinos + Santa Rosa;final;1206.993;1859.862;1206.993;419.862;205.467
5949;1;Los Espinos + Santa Rosa;final;1348.256;1714.572;1348.256;274.572;294.104
5950;1;Los Espinos + Santa Rosa;final;1289.873;1726.572;1289.873;286.572;285.357
5950.1;1;Los Espinos + Santa Rosa;final;1523.79;2679.877;83.79;1239.877;125.312
5951;1;Los Espinos + Santa Rosa;final;1268.266;1738.572;1268.266;298.572;314.406
5951.1;1;Los Espinos + Santa Rosa;final;1474.64;2643.315;34.64;1203.315;124.035
5952;1;Los Espinos + Santa Rosa;final;1217.612;1750.572;1217.612;310.572;284.323
5952.1;1;Los Espinos + Santa Rosa;final;1310.665;2594.971;1310.665;1154.971;64.248
5953;1;Los Espinos + Santa Rosa;final;1233.425;1774.572;1233.425;334.572;271.685
5954;1;Los Espinos + Santa Rosa;final;1283.34;1793.822;1283.34;353.822;273.691
5955;1;Los Espinos + Santa Rosa;final;1261.388;1825.905;1261.388;385.905;232.433
5956;1;Los Espinos + Santa Rosa;final;1287.141;1832.322;1287.141;392.322;297.199
5956.1;1;Los Espinos + Santa Rosa;final;1345.42;2674.044;1345.42;1234.044;47.857
5957;1;Los Espinos + Santa Rosa;final;1307.488;1851.572;1307.488;411.572;240.641
5958;1;Los Espinos + Santa Rosa;final;1354.606;1857.989;1354.606;417.989;257.356
5959;1;Los Espinos + Santa Rosa;final;1201.473;1864.572;1201.473;424.572;204.941
5960;1;Los Espinos + Santa Rosa;final;1180.861;1430.132;1180.861;1430.132;277.909
5960.1;1;Los Espinos + Santa Rosa;final;1396.093;2533.309;1396.093;1093.309;140.554
5961;1;Los Espinos + Santa Rosa;final;1286.425;1772.881;1286.425;332.881;272.239
5961.1;1;Los Espinos + Santa Rosa;final;1485.99;2719.258;45.99;1279.258;85.677
5962;1;Los Espinos + Santa Rosa;final;1459.389;1784.881;19.389;344.881;298.881
5963;1;Los Espinos + Santa Rosa;final;1384.614;1796.881;1384.614;356.881;287.979
5963.1;1;Los Espinos + Santa Rosa;final;1495.127;2806.532;55.127;1366.532;58.332
5964;1;Los Espinos + Santa Rosa;final;1289.238;1808.881;1289.238;368.881;248.842
5965;1;Los Espinos + Santa Rosa;final;1262.157;1820.881;1262.157;380.881;137.301
5966;1;Los Espinos + Santa Rosa;final;1044.361;1475.406;1044.361;35.406;312.52
5966.1;1;Los Espinos + Santa Rosa;final;1290.161;2406.081;1290.161;966.081;114.629
5967;1;Los Espinos + Santa Rosa;final;1362.119;1745.406;1362.119;305.406;305.249
5968;1;Los Espinos + Santa Rosa;final;1153.767;1750.006;1153.767;310.006;299.151
5968.1;1;Los Espinos + Santa Rosa;final;1370.878;2488.431;1370.878;1048.431;123.301
5969;1;Los Espinos + Santa Rosa;final;484.053;1754.606;484.053;314.606;64.027
5970;1;Los Espinos + Santa Rosa;final;1162.606;1759.206;1162.606;319.206;300.096
5970.1;1;Los Espinos + Santa Rosa;final;1391.932;2538.394;1391.932;1098.394;111.732
5971;1;Los Espinos + Santa Rosa;final;1413.735;1763.806;1413.735;323.806;297.898
5972;1;Los Espinos + Santa Rosa;final;1266.786;1768.406;1266.786;328.406;261.724
5973;1;Los Espinos + Santa Rosa;final;1302.831;1773.006;1302.831;333.006;293.779
5973.1;1;Los Espinos + Santa Rosa;final;1470.038;2650.397;30.038;1210.397;110.644
5974;1;Los Espinos + Santa Rosa;final;1357.858;1777.606;1357.858;337.606;291.341
5974.1;1;Los Espinos + Santa Rosa;final;1476.707;2759.721;36.707;1319.721;74.855
5975;1;Los Espinos + Santa Rosa;final;1367.379;1786.806;1367.379;346.806;290.792
5976;1;Los Espinos + Santa Rosa;final;1421.254;1796.006;1421.254;356.006;298.89
5976.1;1;Los Espinos + Santa Rosa;final;1472.993;2812.186;32.993;1372.186;39.685
5977;1;Los Espinos + Santa Rosa;final;1367.292;1805.406;1367.292;365.406;299.119
5977.1;1;Los Espinos + Santa Rosa;final;1553.371;2766.203;113.371;1326.203;103.117
5978;1;Los Espinos + Santa Rosa;final;1374.253;1822.54;1374.253;382.54;291.947
5978.1;1;Los Espinos + Santa Rosa;final;1469.116;2810.881;29.116;1370.881;46.412
5979;1;Los Espinos + Santa Rosa;final;1383.286;1839.673;1383.286;399.673;292.688
5979.1;1;Los Espinos + Santa Rosa;final;1507.413;2817.547;67.413;1377.547;56.287
5980;1;Los Espinos + Santa Rosa;final;1391.019;1843.956;1391.019;403.956;275.57
5980.1;1;Los Espinos + Santa Rosa;final;1520.746;2830.881;80.746;1390.881;56.287
5981;1;Los Espinos + Santa Rosa;final;1449.147;1882.506;9.147;442.506;275.17
5982;1;Los Espinos + Santa Rosa;final;1205.043;1465.915;1205.043;25.915;305.659
5983;1;Los Espinos + Santa Rosa;final;1243.017;1668.415;1243.017;228.415;298.205
5983.1;1;Los Espinos + Santa Rosa;final;1517.058;2625.287;77.058;1185.287;133.907
5984;1;Los Espinos + Santa Rosa;final;1373.909;1735.915;1373.909;295.915;304.0
5984.1;1;Los Espinos + Santa Rosa;final;1492.549;2749.778;52.549;1309.778;75.493
5985;1;Los Espinos + Santa Rosa;final;1373.356;1741.915;1373.356;301.915;306.941
5986;1;Los Espinos + Santa Rosa;final;1320.353;1747.915;1320.353;307.915;295.073
5986.1;1;Los Espinos + Santa Rosa;final;1440.746;2750.881;0.746;1310.881;56.287
5987;1;Los Espinos + Santa Rosa;final;1379.51;1753.915;1379.51;313.915;306.391
5988;1;Los Espinos + Santa Rosa;final;1360.565;1759.915;1360.565;319.915;311.148
5988.1;1;Los Espinos + Santa Rosa;final;1511.802;2708.486;71.802;1268.486;117.491
5989;1;Los Espinos + Santa Rosa;final;1310.221;1765.915;1310.221;325.915;284.014
5990;1;Los Espinos + Santa Rosa;final;1383.958;1771.915;1383.958;331.915;314.636
5991;1;Los Espinos + Santa Rosa;final;1317.678;1777.915;1317.678;337.915;313.931
5992;1;Los Espinos + Santa Rosa;final;1244.628;1783.915;1244.628;343.915;254.949
5993;1;Los Espinos + Santa Rosa;final;1348.072;1789.915;1348.072;349.915;300.23
5993.1;1;Los Espinos + Santa Rosa;final;1505.267;2723.794;65.267;1283.794;104.877
5994;1;Los Espinos + Santa Rosa;final;1317.285;1795.915;1317.285;355.915;269.449
5995;1;Los Espinos + Santa Rosa;final;1430.36;1801.531;1430.36;361.531;309.506
5995.1;1;Los Espinos + Santa Rosa;final;1453.083;2804.868;13.083;1364.868;40.157
5996;1;Los Espinos + Santa Rosa;final;1418.779;1807.148;1418.779;367.148;286.6
5996.1;1;Los Espinos + Santa Rosa;final;1502.107;2770.397;62.107;1330.397;78.463
5997;1;Los Espinos + Santa Rosa;final;1443.76;1812.765;3.76;372.765;308.892
5998;1;Los Espinos + Santa Rosa;final;1383.617;1823.998;1383.617;383.998;208.189
5999;1;Los Espinos + Santa Rosa;final;1188.426;1835.231;1188.426;395.231;223.625
6000;1;Los Espinos + Santa Rosa;final;1447.839;1840.848;7.839;400.848;309.513
6000.1;1;Los Espinos + Santa Rosa;final;1540.277;2828.995;100.277;1388.995;74.778
6001;1;Los Espinos + Santa Rosa;final;1431.718;1846.465;1431.718;406.465;310.478
6001.1;1;Los Espinos + Santa Rosa;final;1536.06;2800.17;96.06;1360.17;84.764
6002;1;Los Espinos + Santa Rosa;final;1270.696;1852.081;1270.696;412.081;233.65
6003;1;Los Espinos + Santa Rosa;final;1375.452;1863.315;1375.452;423.315;309.966
6003.1;1;Los Espinos + Santa Rosa;final;1563.363;2723.982;123.363;1283.982;129.845
6004;1;Los Espinos + Santa Rosa;final;1460.775;1874.548;20.775;434.548;303.002
6005;1;Los Espinos + Santa Rosa;final;1309.592;1880.165;1309.592;440.165;273.226
6005.1;1;Los Espinos + Santa Rosa;final;1422.951;2703.055;1422.951;1263.055;76.007
6006;1;Los Espinos + Santa Rosa;final;1409.258;1885.781;1409.258;445.781;294.573
6006.1;1;Los Espinos + Santa Rosa;final;1520.565;2807.737;80.565;1367.737;83.007
6007;1;Los Espinos + Santa Rosa;final;1475.25;1885.915;35.25;445.915;301.095
6008;1;Los Espinos + Santa Rosa;final;1291.588;1771.098;1291.588;331.098;314.746
6008.1;1;Los Espinos + Santa Rosa;final;1457.998;2669.31;17.998;1229.31;99.958
6009;1;Los Espinos + Santa Rosa;final;1284.331;1781.098;1284.331;341.098;243.912
6010;1;Los Espinos + Santa Rosa;final;486.036;1791.098;486.036;351.098;47.597
6011;1;Los Espinos + Santa Rosa;final;1373.563;1801.098;1373.563;361.098;292.033
6012;1;Los Espinos + Santa Rosa;final;1413.953;1811.098;1413.953;371.098;304.861
6012.1;1;Los Espinos + Santa Rosa;final;1506.758;2813.325;66.758;1373.325;60.551
6013;1;Los Espinos + Santa Rosa;final;1175.219;1878.631;1175.219;438.631;197.373
6014;1;Los Espinos + Santa Rosa;final;1362.993;1885.047;1362.993;445.047;276.83
6015;1;Los Espinos + Santa Rosa;final;1476.171;1910.881;36.171;470.881;302.274
6016;1;Los Espinos + Santa Rosa;final;1293.942;1743.055;1293.942;303.055;284.505
6016.1;1;Los Espinos + Santa Rosa;final;1434.535;2688.055;1434.535;1248.055;93.694
6017;1;Los Espinos + Santa Rosa;final;1279.712;1755.055;1279.712;315.055;302.814
6017.1;1;Los Espinos + Santa Rosa;final;1384.896;2651.438;1384.896;1211.438;94.613
6018;1;Los Espinos + Santa Rosa;final;1237.175;1767.055;1237.175;327.055;288.831
6018.1;1;Los Espinos + Santa Rosa;final;1518.915;2631.937;78.915;1191.937;136.768
6019;1;Los Espinos + Santa Rosa;final;1347.944;1779.055;1347.944;339.055;312.771
6019.1;1;Los Espinos + Santa Rosa;final;1515.374;2709.926;75.374;1269.926;114.842
6020;1;Los Espinos + Santa Rosa;final;1291.748;1791.055;1291.748;351.055;297.846
6021;1;Los Espinos + Santa Rosa;final;1320.506;1803.055;1320.506;363.055;293.266
6021.1;1;Los Espinos + Santa Rosa;final;1451.406;2732.991;11.406;1292.991;71.883
6022;1;Los Espinos + Santa Rosa;final;1251.909;1814.305;1251.909;374.305;262.84
6023;1;Los Espinos + Santa Rosa;final;1340.863;1825.555;1340.863;385.555;312.007
6023.1;1;Los Espinos + Santa Rosa;final;1465.439;2697.076;25.439;1257.076;93.283
6024;1;Los Espinos + Santa Rosa;final;1202.572;1836.805;1202.572;396.805;221.46
6025;1;Los Espinos + Santa Rosa;final;1259.402;1848.055;1259.402;408.055;243.843
6026;1;Los Espinos + Santa Rosa;final;1394.673;1859.305;1394.673;419.305;312.305
6026.1;1;Los Espinos + Santa Rosa;final;1488.809;2765.709;48.809;1325.709;78.812
6027;1;Los Espinos + Santa Rosa;final;1410.442;1870.555;1410.442;430.555;296.895
6027.1;1;Los Espinos + Santa Rosa;final;1481.207;2769.976;41.207;1329.976;74.073
6028;1;Los Espinos + Santa Rosa;final;1405.113;1881.805;1405.113;441.805;293.54
6028.1;1;Los Espinos + Santa Rosa;final;1479.394;2757.976;39.394;1317.976;87.115
6029;1;Los Espinos + Santa Rosa;final;1390.939;1893.055;1390.939;453.055;292.25
6029.1;1;Los Espinos + Santa Rosa;final;1475.132;2799.168;35.132;1359.168;52.761
6030;1;Los Espinos + Santa Rosa;final;1217.973;1701.875;1217.973;261.875;293.774
6030.1;1;Los Espinos + Santa Rosa;final;1516.483;2586.621;76.483;1146.621;162.981
6031;1;Los Espinos + Santa Rosa;final;1182.536;1713.875;1182.536;273.875;269.467
6031.1;1;Los Espinos + Santa Rosa;final;1444.186;2612.881;4.186;1172.881;166.978
6032;1;Los Espinos + Santa Rosa;final;1209.58;1725.875;1209.58;285.875;285.937
6033;1;Los Espinos + Santa Rosa;final;1224.808;1737.875;1224.808;297.875;305.484
6033.1;1;Los Espinos + Santa Rosa;final;1302.758;2555.491;1302.758;1115.491;82.549
6034;1;Los Espinos + Santa Rosa;final;1270.665;1749.875;1270.665;309.875;306.291
6035;1;Los Espinos + Santa Rosa;final;1311.909;1761.875;1311.909;321.875;306.081
6035.1;1;Los Espinos + Santa Rosa;final;1448.092;2715.603;8.092;1275.603;77.443
6036;1;Los Espinos + Santa Rosa;final;1310.99;1773.125;1310.99;333.125;282.473
6037;1;Los Espinos + Santa Rosa;final;1283.336;1829.375;1283.336;389.375;248.348
6038;1;Los Espinos + Santa Rosa;final;1344.292;1851.875;1344.292;411.875;280.183
6038.1;1;Los Espinos + Santa Rosa;final;1423.528;2698.726;1423.528;1258.726;87.115
6039;1;Los Espinos + Santa Rosa;final;1104.882;1393.796;1104.882;1393.796;301.425
6039.1;1;Los Espinos + Santa Rosa;final;1533.021;2491.407;93.021;1051.407;190.971
6040;1;Los Espinos + Santa Rosa;final;968.464;1423.796;968.464;1423.796;311.113
6040.1;1;Los Espinos + Santa Rosa;final;1536.132;2353.502;96.132;913.502;249.006
6041;1;Los Espinos + Santa Rosa;final;1273.453;1723.796;1273.453;283.796;301.58
6041.1;1;Los Espinos + Santa Rosa;final;1356.688;2701.714;1356.688;1261.714;38.264
6042;1;Los Espinos + Santa Rosa;final;1211.142;1731.296;1211.142;291.296;259.102
6043;1;Los Espinos + Santa Rosa;final;1285.366;1738.796;1285.366;298.796;307.359
6043.1;1;Los Espinos + Santa Rosa;final;1527.794;2663.315;87.794;1223.315;149.407
6044;1;Los Espinos + Santa Rosa;final;552.156;1746.296;552.156;306.296;116.922
6045;1;Los Espinos + Santa Rosa;final;560.322;1753.796;560.322;313.796;116.922
6046;1;Los Espinos + Santa Rosa;final;1352.701;1761.296;1352.701;321.296;304.063
6047;1;Los Espinos + Santa Rosa;final;523.047;1768.796;523.047;328.796;78.993
6048;1;Los Espinos + Santa Rosa;final;1333.642;1776.296;1333.642;336.296;294.963
6048.1;1;Los Espinos + Santa Rosa;final;1520.257;2770.142;80.257;1330.142;85.677
6049;1;Los Espinos + Santa Rosa;final;1291.146;1783.796;1291.146;343.796;257.18
6050;1;Los Espinos + Santa Rosa;final;1293.913;1791.296;1293.913;351.296;289.679
6050.1;1;Los Espinos + Santa Rosa;final;1492.268;2642.897;52.268;1202.897;124.587
6051;1;Los Espinos + Santa Rosa;final;1391.934;1798.796;1391.934;358.796;294.665
6051.1;1;Los Espinos + Santa Rosa;final;1502.149;2778.687;62.149;1338.687;78.281
6052;1;Los Espinos + Santa Rosa;final;496.369;1806.296;496.369;366.296;47.554
6053;1;Los Espinos + Santa Rosa;final;1203.105;1821.296;1203.105;381.296;221.739
6054;1;Los Espinos + Santa Rosa;final;1173.253;1828.796;1173.253;388.796;206.058
6055;1;Los Espinos + Santa Rosa;final;1393.64;1836.296;1393.64;396.296;291.979
6055.1;1;Los Espinos + Santa Rosa;final;1464.956;2838.116;24.956;1398.116;31.497
6056;1;Los Espinos + Santa Rosa;final;1364.779;1843.796;1364.779;403.796;283.664
6057;1;Los Espinos + Santa Rosa;final;1454.079;1851.296;14.079;411.296;294.153
6058;1;Los Espinos + Santa Rosa;final;1337.488;1858.796;1337.488;418.796;277.431
6059;1;Los Espinos + Santa Rosa;final;1446.965;1866.296;6.965;426.296;294.166
6059.1;1;Los Espinos + Santa Rosa;final;1526.484;2805.375;86.484;1365.375;73.82
6060;1;Los Espinos + Santa Rosa;intermedia;1010.703;1018.0;1010.703;1018.0;296.658
6060;2;Los Espinos + Santa Rosa;final;1132.338;1430.132;1132.338;1430.132;38.684
6060.1;1;Los Espinos + Santa Rosa;final;1378.629;2508.046;1378.629;1068.046;122.832
6061;1;Los Espinos + Santa Rosa;final;1036.396;1460.132;1036.396;20.132;313.031
6061.1;1;Los Espinos + Santa Rosa;final;1468.896;2393.73;28.896;953.73;181.211
6062;1;Los Espinos + Santa Rosa;final;1359.342;1777.265;1359.342;337.265;296.475
6062.1;1;Los Espinos + Santa Rosa;final;1461.258;2793.008;21.258;1353.008;47.154
6063;1;Los Espinos + Santa Rosa;final;1344.811;1785.832;1344.811;345.832;278.978
6064;1;Los Espinos + Santa Rosa;final;1343.176;1794.399;1343.176;354.399;287.705
6064.1;1;Los Espinos + Santa Rosa;final;1517.138;2724.028;77.138;1284.028;100.021
6065;1;Los Espinos + Santa Rosa;final;1325.485;1820.881;1325.485;380.881;261.494
6066;1;Los Espinos + Santa Rosa;final;1341.069;1880.881;1341.069;440.881;251.85
6067;1;Los Espinos + Santa Rosa;final;1393.202;1910.881;1393.202;470.881;274.61
6068;1;Los Espinos + Santa Rosa;final;1272.811;1727.103;1272.811;287.103;280.985
6069;1;Los Espinos + Santa Rosa;final;1190.169;1735.67;1190.169;295.67;304.617
6069.1;1;Los Espinos + Santa Rosa;final;1276.247;2620.881;1276.247;1180.881;35.967
6070;1;Los Espinos + Santa Rosa;final;1313.911;1744.236;1313.911;304.236;299.731
6071;1;Los Espinos + Santa Rosa;final;1284.4;1752.803;1284.4;312.803;288.83
6071.1;1;Los Espinos + Santa Rosa;final;1468.202;2712.632;28.202;1272.632;84.081
6072;1;Los Espinos + Santa Rosa;final;1354.418;1761.37;1354.418;321.37;301.976
6073;1;Los Espinos + Santa Rosa;final;1258.392;1770.881;1258.392;330.881;270.665
6073.1;1;Los Espinos + Santa Rosa;final;1381.089;2634.078;1381.089;1194.078;78.366
6074;1;Los Espinos + Santa Rosa;final;1291.992;1780.881;1291.992;340.881;269.102
6074.1;1;Los Espinos + Santa Rosa;final;1414.839;2667.828;1414.839;1227.828;78.366
6075;1;Los Espinos + Santa Rosa;final;1425.97;1790.881;1425.97;350.881;305.042
6075.1;1;Los Espinos + Santa Rosa;final;1477.302;2831.63;37.302;1391.63;35.546
6076;1;Los Espinos + Santa Rosa;final;1375.452;1800.881;1375.452;360.881;303.87
6077;1;Los Espinos + Santa Rosa;final;1332.022;1810.881;1332.022;370.881;290.89
6077.1;1;Los Espinos + Santa Rosa;final;1471.942;2710.894;31.942;1270.894;89.761
6078;1;Los Espinos + Santa Rosa;final;1456.654;1910.881;16.654;470.881;309.748
6079;1;Los Espinos + Santa Rosa;final;1211.402;1748.103;1211.402;308.103;286.851
6080;1;Los Espinos + Santa Rosa;final;1180.81;1758.103;1180.81;318.103;280.703
6080.1;1;Los Espinos + Santa Rosa;final;1335.859;2526.405;1335.859;1086.405;101.114
6081;1;Los Espinos + Santa Rosa;final;1269.929;1768.103;1269.929;328.103;305.326
6082;1;Los Espinos + Santa Rosa;final;1260.458;1778.103;1260.458;338.103;299.585
6083;1;Los Espinos + Santa Rosa;final;1425.558;1788.103;1425.558;348.103;314.712
6083.1;1;Los Espinos + Santa Rosa;final;1496.658;2817.603;56.658;1377.603;58.221
6084;1;Los Espinos + Santa Rosa;final;1309.608;1798.103;1309.608;358.103;296.371
6084.1;1;Los Espinos + Santa Rosa;final;1382.353;2701.937;1382.353;1261.937;53.79
6085;1;Los Espinos + Santa Rosa;final;1388.596;1808.103;1388.596;368.103;307.531
6086;1;Los Espinos + Santa Rosa;final;1372.872;1830.603;1372.872;390.603;313.771
6086.1;1;Los Espinos + Santa Rosa;final;1464.553;2778.611;24.553;1338.611;65.029
6087;1;Los Espinos + Santa Rosa;final;1353.942;1838.103;1353.942;398.103;280.937
6087.1;1;Los Espinos + Santa Rosa;final;1507.725;2747.737;67.725;1307.737;106.651
6088;1;Los Espinos + Santa Rosa;final;1288.057;1845.603;1288.057;405.603;268.012
6089;1;Los Espinos + Santa Rosa;final;1407.523;1853.103;1407.523;413.103;314.738
6089.1;1;Los Espinos + Santa Rosa;final;1451.989;2779.437;11.989;1339.437;51.284
6090;1;Los Espinos + Santa Rosa;final;1271.909;1860.603;1271.909;420.603;245.174
6091;1;Los Espinos + Santa Rosa;final;1335.726;1868.103;1335.726;428.103;279.994
6091.1;1;Los Espinos + Santa Rosa;final;1409.876;2691.976;1409.876;1251.976;79.536
6092;1;Los Espinos + Santa Rosa;final;1253.825;1875.603;1253.825;435.603;244.896
6093;1;Los Espinos + Santa Rosa;final;1324.4;1883.103;1324.4;443.103;257.639
6094;1;Los Espinos + Santa Rosa;final;1261.909;1898.103;1261.909;458.103;257.305
6095;1;Los Espinos + Santa Rosa;final;1101.624;1433.574;1101.624;1433.574;313.761
6095.1;1;Los Espinos + Santa Rosa;final;1329.553;2483.097;1329.553;1043.097;91.521
6096;1;Los Espinos + Santa Rosa;final;1210.491;1463.574;1210.491;23.574;311.247
6096.1;1;Los Espinos + Santa Rosa;final;1339.565;2608.735;1339.565;1168.735;67.433
6097;1;Los Espinos + Santa Rosa;final;1092.775;1493.008;1092.775;53.008;294.31
6097.1;1;Los Espinos + Santa Rosa;final;1519.133;2532.008;79.133;1092.008;156.513
6098;1;Los Espinos + Santa Rosa;final;1237.486;1763.008;1237.486;323.008;291.705
6098.1;1;Los Espinos + Santa Rosa;final;1526.207;2648.789;86.207;1208.789;150.525
6099;1;Los Espinos + Santa Rosa;final;1273.27;1771.575;1273.27;331.575;291.538
6100;1;Los Espinos + Santa Rosa;final;1284.364;1780.142;1284.364;340.142;301.449
6101;1;Los Espinos + Santa Rosa;final;1297.331;1788.708;1297.331;348.708;291.385
6101.1;1;Los Espinos + Santa Rosa;final;1367.046;2646.097;1367.046;1206.097;72.411
6102;1;Los Espinos + Santa Rosa;final;1329.4;1797.275;1329.4;357.275;288.105
6102.1;1;Los Espinos + Santa Rosa;final;1500.902;2761.032;60.902;1321.032;84.081
6103;1;Los Espinos + Santa Rosa;final;1277.961;1836.842;1277.961;396.842;233.539
6104;1;Los Espinos + Santa Rosa;final;1422.366;1864.508;1422.366;424.508;269.994
6104.1;1;Los Espinos + Santa Rosa;final;1525.799;2840.72;85.799;1400.72;59.986
6105;1;Los Espinos + Santa Rosa;final;1398.968;1892.175;1398.968;452.175;314.715
6106;1;Los Espinos + Santa Rosa;final;1280.922;1763.008;1280.922;323.008;283.947
6106.1;1;Los Espinos + Santa Rosa;final;1467.261;2656.495;27.261;1216.495;115.863
6107;1;Los Espinos + Santa Rosa;final;1350.065;1775.008;1350.065;335.008;309.393
6108;1;Los Espinos + Santa Rosa;final;523.271;1787.008;523.271;347.008;64.852
6109;1;Los Espinos + Santa Rosa;final;1421.407;1799.008;1421.407;359.008;307.97
6109.1;1;Los Espinos + Santa Rosa;final;1503.123;2854.81;63.123;1414.81;40.3
6110;1;Los Espinos + Santa Rosa;final;548.937;1811.008;548.937;371.008;64.852
6111;1;Los Espinos + Santa Rosa;final;1294.858;1823.008;1294.858;383.008;291.081
6111.1;1;Los Espinos + Santa Rosa;final;1507.074;2727.258;67.074;1287.258;96.071
6112;1;Los Espinos + Santa Rosa;final;1201.775;1845.508;1201.775;405.508;233.168
6113;1;Los Espinos + Santa Rosa;final;1387.444;1879.258;1387.444;439.258;274.795
6114;1;Los Espinos + Santa Rosa;final;1291.673;1890.508;1291.673;450.508;236.734
6115;1;Los Espinos + Santa Rosa;final;1265.407;1913.008;1265.407;473.008;232.873
6116;1;Los Espinos + Santa Rosa;final;1305.298;1747.572;1305.298;307.572;305.074
6116.1;1;Los Espinos + Santa Rosa;final;1542.041;2740.108;102.041;1300.108;113.238
6117;1;Los Espinos + Santa Rosa;final;1384.811;1759.572;1384.811;319.572;289.049
6118;1;Los Espinos + Santa Rosa;final;1213.979;1771.572;1213.979;331.572;254.459
6119;1;Los Espinos + Santa Rosa;final;1344.298;1783.572;1344.298;343.572;302.069
6119.1;1;Los Espinos + Santa Rosa;final;1495.669;2693.536;55.669;1253.536;115.602
6120;1;Los Espinos + Santa Rosa;final;1319.417;1795.572;1319.417;355.572;222.437
6121;1;Los Espinos + Santa Rosa;final;1353.146;1807.572;1353.146;367.572;291.302
6122;1;Los Espinos + Santa Rosa;final;1377.302;1863.822;1377.302;423.822;252.434
6123;1;Los Espinos + Santa Rosa;final;1447.726;1886.322;7.726;446.322;311.035
6123.1;1;Los Espinos + Santa Rosa;final;1496.317;2787.053;56.317;1347.053;70.003
6124;1;Los Espinos + Santa Rosa;final;1366.98;1778.014;1366.98;338.014;295.047
6125;1;Los Espinos + Santa Rosa;final;1305.735;1786.581;1305.735;346.581;283.726
6126;1;Los Espinos + Santa Rosa;final;1308.83;1795.147;1308.83;355.147;268.313
6127;1;Los Espinos + Santa Rosa;final;1280.735;1803.714;1280.735;363.714;252.663
6128;1;Los Espinos + Santa Rosa;final;504.969;1812.281;504.969;372.281;46.678
6129;1;Los Espinos + Santa Rosa;final;1342.107;1831.447;1342.107;391.447;275.16
6130;1;Los Espinos + Santa Rosa;final;1259.103;1910.881;1259.103;470.881;234.225
6131;1;Los Espinos + Santa Rosa;final;528.636;1734.046;528.636;294.046;80.559
6132;1;Los Espinos + Santa Rosa;final;1214.183;1738.329;1214.183;298.329;289.179
6133;1;Los Espinos + Santa Rosa;final;1226.013;1742.612;1226.013;302.612;274.298
6133.1;1;Los Espinos + Santa Rosa;final;1424.017;2575.997;1424.017;1135.997;124.968
6134;1;Los Espinos + Santa Rosa;final;566.702;1746.896;566.702;306.896;104.37
6135;1;Los Espinos + Santa Rosa;final;498.369;1751.179;498.369;311.179;63.527
6136;1;Los Espinos + Santa Rosa;final;1251.536;1755.462;1251.536;315.462;258.84
6137;1;Los Espinos + Santa Rosa;final;1211.269;1759.746;1211.269;319.746;253.669
6138;1;Los Espinos + Santa Rosa;final;1400.314;1764.029;1400.314;324.029;310.138
6138.1;1;Los Espinos + Santa Rosa;final;1525.482;2750.397;85.482;1310.397;104.203
6139;1;Los Espinos + Santa Rosa;final;1389.879;1768.312;1389.879;328.312;309.848
6139.1;1;Los Espinos + Santa Rosa;final;1480.89;2759.348;40.89;1319.348;73.534
6140;1;Los Espinos + Santa Rosa;final;1300.019;1772.596;1300.019;332.596;291.004
6140.1;1;Los Espinos + Santa Rosa;final;1379.88;2732.881;1379.88;1292.881;35.967
6141;1;Los Espinos + Santa Rosa;final;1279.868;1776.879;1279.868;336.879;271.851
6141.1;1;Los Espinos + Santa Rosa;final;1402.31;2650.17;1402.31;1210.17;84.764
6142;1;Los Espinos + Santa Rosa;final;1405.465;1781.162;1405.465;341.162;307.302
6142.1;1;Los Espinos + Santa Rosa;final;1448.861;2761.192;8.861;1321.192;57.985
6143;1;Los Espinos + Santa Rosa;final;1396.654;1794.046;1396.654;354.046;308.943
6144;1;Los Espinos + Santa Rosa;final;1358.586;1734.168;1358.586;294.168;301.462
6144.1;1;Los Espinos + Santa Rosa;final;1459.168;2786.881;19.168;1346.881;48.754
6145;1;Los Espinos + Santa Rosa;final;1268.138;1746.168;1268.138;306.168;279.391
6145.1;1;Los Espinos + Santa Rosa;final;1444.821;2648.765;4.821;1208.765;106.25
6146;1;Los Espinos + Santa Rosa;final;1336.333;1758.168;1336.333;318.168;302.942
6146.1;1;Los Espinos + Santa Rosa;final;1449.723;2765.132;9.723;1325.132;54.29
6147;1;Los Espinos + Santa Rosa;final;1317.811;1770.168;1317.811;330.168;273.33
6148;1;Los Espinos + Santa Rosa;final;1267.486;1782.168;1267.486;342.168;276.936
6149;1;Los Espinos + Santa Rosa;final;1371.155;1794.168;1371.155;354.168;293.456
6150;1;Los Espinos + Santa Rosa;final;1254.993;1805.418;1254.993;365.418;186.654
6151;1;Los Espinos + Santa Rosa;final;1318.056;1741.327;1318.056;301.327;307.517
6151.1;1;Los Espinos + Santa Rosa;final;1413.89;2659.572;1413.89;1219.572;94.86
6152;1;Los Espinos + Santa Rosa;final;1352.488;1753.327;1352.488;313.327;278.176
6153;1;Los Espinos + Santa Rosa;final;522.48;1765.327;522.48;325.327;74.124
6154;1;Los Espinos + Santa Rosa;final;1251.388;1828.327;1251.388;388.327;230.36
6155;1;Los Espinos + Santa Rosa;final;1363.256;1846.327;1363.256;406.327;261.155
6156;1;Los Espinos + Santa Rosa;final;1376.706;1873.327;1376.706;433.327;259.649
6157;1;Los Espinos + Santa Rosa;final;1489.504;1882.327;49.504;442.327;302.176
6158;1;Los Espinos + Santa Rosa;final;1280.556;1891.327;1280.556;451.327;227.835
6159;1;Los Espinos + Santa Rosa;final;537.438;1714.572;537.438;274.572;96.545
6160;1;Los Espinos + Santa Rosa;final;1372.298;1724.572;1372.298;284.572;302.015
6161;1;Los Espinos + Santa Rosa;final;1365.069;1734.572;1365.069;294.572;314.158
6162;1;Los Espinos + Santa Rosa;final;1221.388;1744.572;1221.388;304.572;259.694
6163;1;Los Espinos + Santa Rosa;final;535.59;1754.572;535.59;314.572;79.244
6164;1;Los Espinos + Santa Rosa;final;505.354;1764.572;505.354;324.572;76.291
6165;1;Los Espinos + Santa Rosa;final;518.006;1783.572;518.006;343.572;58.991
6166;1;Los Espinos + Santa Rosa;final;1179.54;1801.572;1179.54;361.572;207.584
6167;1;Los Espinos + Santa Rosa;final;1364.941;1819.572;1364.941;379.572;298.626
6168;1;Los Espinos + Santa Rosa;final;1291.388;1864.572;1291.388;424.572;244.296
6169;1;Los Espinos + Santa Rosa;final;1380.306;2614.572;1380.306;1174.572;93.006
6170;1;Los Espinos + Santa Rosa;final;1209.327;1491.098;1209.327;51.098;279.603
6170.1;1;Los Espinos + Santa Rosa;final;1356.057;2648.008;1356.057;1208.008;49.868
6171;1;Los Espinos + Santa Rosa;final;1375.108;1771.098;1375.108;331.098;293.372
6171.1;1;Los Espinos + Santa Rosa;final;1472.402;2813.008;32.402;1373.008;41.89
6172;1;Los Espinos + Santa Rosa;final;1415.494;1781.098;1415.494;341.098;313.4
6172.1;1;Los Espinos + Santa Rosa;final;1496.861;2772.081;56.861;1332.081;73.056
6173;1;Los Espinos + Santa Rosa;final;1263.469;1791.098;1263.469;351.098;240.817
6174;1;Los Espinos + Santa Rosa;final;1344.484;1801.098;1344.484;361.098;284.075
6174.1;1;Los Espinos + Santa Rosa;final;1525.267;2727.287;85.267;1287.287;108.322
6175;1;Los Espinos + Santa Rosa;final;1398.548;1811.098;1398.548;371.098;293.867
6175.1;1;Los Espinos + Santa Rosa;final;1473.151;2752.042;33.151;1312.042;73.82
6176;1;Los Espinos + Santa Rosa;final;1416.796;1886.214;1416.796;446.214;277.574
6177;1;Los Espinos + Santa Rosa;final;1410.317;1910.881;1410.317;470.881;279.402
6178;1;Los Espinos + Santa Rosa;final;870.867;1475.406;870.867;35.406;270.463
6178.1;1;Los Espinos + Santa Rosa;final;1385.367;2314.787;1385.367;874.787;175.235
6179;1;Los Espinos + Santa Rosa;final;543.989;1677.906;543.989;237.906;123.286
6180;1;Los Espinos + Santa Rosa;final;1237.008;1745.406;1237.008;305.406;249.184
6181;1;Los Espinos + Santa Rosa;final;1173.419;1752.906;1173.419;312.906;244.689
6182;1;Los Espinos + Santa Rosa;final;1392.778;1760.406;1392.778;320.406;296.863
6183;1;Los Espinos + Santa Rosa;final;535.822;1767.906;535.822;327.906;95.856
6184;1;Los Espinos + Santa Rosa;final;529.053;1775.406;529.053;335.406;66.614
6185;1;Los Espinos + Santa Rosa;final;1294.219;1782.906;1294.219;342.906;246.843
6186;1;Los Espinos + Santa Rosa;final;1331.955;1797.906;1331.955;357.906;294.202
6186.1;1;Los Espinos + Santa Rosa;final;1472.861;2711.095;32.861;1271.095;88.755
6187;1;Los Espinos + Santa Rosa;final;1000.222;1430.132;1000.222;1430.132;282.738
6187.1;1;Los Espinos + Santa Rosa;final;1471.669;2393.678;31.669;953.678;192.668
6188;1;Los Espinos + Santa Rosa;final;734.876;1460.132;734.876;20.132;288.414
6188.1;1;Los Espinos + Santa Rosa;final;1276.275;2179.353;1276.275;739.353;152.019
6189;1;Los Espinos + Santa Rosa;final;1411.654;1775.881;1411.654;335.881;308.446
6190;1;Los Espinos + Santa Rosa;final;1283.911;1790.881;1283.911;350.881;262.347
6191;1;Los Espinos + Santa Rosa;final;1394.336;1880.881;1394.336;440.881;297.213
6191.1;1;Los Espinos + Santa Rosa;final;1498.815;2830.881;58.815;1390.881;53.727
6192;1;Los Espinos + Santa Rosa;intermedia;768.353;797.0;768.353;797.0;306.855
6192;2;Los Espinos + Santa Rosa;intermedia;976.619;990.0;976.619;990.0;47.099
6192;3;Los Espinos + Santa Rosa;final;1199.336;1405.56;1199.336;1405.56;67.834
6192.1;1;Los Espinos + Santa Rosa;final;1377.021;2630.881;1377.021;1190.881;72.197
6193;1;Los Espinos + Santa Rosa;final;1363.374;1735.56;1363.374;295.56;313.399
6193.1;1;Los Espinos + Santa Rosa;final;1492.082;2735.709;52.082;1295.709;94.253
6194;1;Los Espinos + Santa Rosa;final;1217.142;1741.01;1217.142;301.01;276.719
6194.1;1;Los Espinos + Santa Rosa;final;1569.649;2594.078;129.649;1154.078;149.723
6195;1;Los Espinos + Santa Rosa;final;1327.081;1746.46;1327.081;306.46;309.099
6195.1;1;Los Espinos + Santa Rosa;final;1489.94;2735.695;49.94;1295.695;81.851
6196;1;Los Espinos + Santa Rosa;final;524.053;1751.91;524.053;311.91;80.589
6197;1;Los Espinos + Santa Rosa;final;497.507;1757.36;497.507;317.36;69.106
6198;1;Los Espinos + Santa Rosa;final;1466.894;1762.81;26.894;322.81;263.728
6199;1;Los Espinos + Santa Rosa;final;1332.91;1768.26;1332.91;328.26;292.242
6200;1;Los Espinos + Santa Rosa;final;1391.031;1773.71;1391.031;333.71;295.421
6201;1;Los Espinos + Santa Rosa;final;1258.015;1779.16;1258.015;339.16;293.981
6201.1;1;Los Espinos + Santa Rosa;final;1504.746;2606.536;64.746;1166.536;151.428
6202;1;Los Espinos + Santa Rosa;final;1292.507;1784.61;1292.507;344.61;304.155
6202.1;1;Los Espinos + Santa Rosa;final;1353.215;2686.163;1353.215;1246.163;46.531
6203;1;Los Espinos + Santa Rosa;final;1252.93;1790.06;1252.93;350.06;264.577
6204;1;Los Espinos + Santa Rosa;final;1388.808;1795.51;1388.808;355.51;308.111
6205;1;Los Espinos + Santa Rosa;final;1392.993;1795.56;1392.993;355.56;293.687
6206;1;Los Espinos + Santa Rosa;final;1339.463;1801.56;1339.463;361.56;293.787
6206.1;1;Los Espinos + Santa Rosa;final;1495.277;2687.877;55.277;1247.877;116.059
6207;1;Los Espinos + Santa Rosa;final;1352.05;1807.56;1352.05;367.56;297.645
6207.1;1;Los Espinos + Santa Rosa;final;1473.89;2714.392;33.89;1274.392;100.604
6208;1;Los Espinos + Santa Rosa;final;493.853;1825.56;493.853;385.56;42.156
6209;1;Los Espinos + Santa Rosa;final;505.853;1837.56;505.853;397.56;42.156
6210;1;Los Espinos + Santa Rosa;final;1429.429;1843.56;1429.429;403.56;311.539
6211;1;Los Espinos + Santa Rosa;final;1330.896;1849.56;1330.896;409.56;242.634
6212;1;Los Espinos + Santa Rosa;final;523.853;1855.56;523.853;415.56;42.156
6213;1;Los Espinos + Santa Rosa;final;1372.821;1873.56;1372.821;433.56;261.475
6214;1;Los Espinos + Santa Rosa;final;1428.603;1885.56;1428.603;445.56;304.654
6214.1;1;Los Espinos + Santa Rosa;final;1507.669;2858.881;67.669;1418.881;42.938
6215;1;Los Espinos + Santa Rosa;final;547.874;1745.745;547.874;305.745;86.758
6216;1;Los Espinos + Santa Rosa;final;1359.057;1757.745;1359.057;317.745;293.996
6217;1;Los Espinos + Santa Rosa;final;1257.647;1769.745;1257.647;329.745;282.339
6217.1;1;Los Espinos + Santa Rosa;final;1490.635;2665.72;50.635;1225.72;109.837
6218;1;Los Espinos + Santa Rosa;final;1354.141;1781.745;1354.141;341.745;287.37
6219;1;Los Espinos + Santa Rosa;final;1378.96;1793.745;1378.96;353.745;274.948
6220;1;Los Espinos + Santa Rosa;final;1309.131;1805.745;1309.131;365.745;283.337
6221;1;Los Espinos + Santa Rosa;final;1261.754;1816.995;1261.754;376.995;242.446
6222;1;Los Espinos + Santa Rosa;final;1172.715;1839.495;1172.715;399.495;212.808
6223;1;Los Espinos + Santa Rosa;final;1418.925;1850.745;1418.925;410.745;309.076
6223.1;1;Los Espinos + Santa Rosa;final;1477.139;2813.72;37.139;1373.72;47.829
6224;1;Los Espinos + Santa Rosa;final;1378.361;1861.995;1378.361;421.995;298.005
6225;1;Los Espinos + Santa Rosa;final;1249.57;1873.245;1249.57;433.245;260.431
6226;1;Los Espinos + Santa Rosa;final;1259.119;1895.745;1259.119;455.745;216.18
6227;1;Los Espinos + Santa Rosa;final;1399.115;1784.214;1399.115;344.214;300.47
6227.1;1;Los Espinos + Santa Rosa;final;1501.865;2742.803;61.865;1302.803;108.469
6228;1;Los Espinos + Santa Rosa;final;1310.626;1723.138;1310.626;283.138;302.019
6229;1;Los Espinos + Santa Rosa;final;1130.389;1728.138;1130.389;288.138;295.97
6229.1;1;Los Espinos + Santa Rosa;final;1504.553;2513.644;64.553;1073.644;171.715
6230;1;Los Espinos + Santa Rosa;final;1289.142;1733.138;1289.142;293.138;305.886
6230.1;1;Los Espinos + Santa Rosa;final;1491.088;2665.778;51.088;1225.778;106.83
6231;1;Los Espinos + Santa Rosa;final;1216.269;1738.138;1216.269;298.138;260.925
6231.1;1;Los Espinos + Santa Rosa;final;1518.367;2648.881;78.367;1208.881;180.343
6232;1;Los Espinos + Santa Rosa;final;1327.146;1743.138;1327.146;303.138;309.292
6233;1;Los Espinos + Santa Rosa;final;1280.169;1753.138;1280.169;313.138;298.55
6233.1;1;Los Espinos + Santa Rosa;final;1441.654;2709.881;1.654;1269.881;66.059
6234;1;Los Espinos + Santa Rosa;final;1245.979;1758.138;1245.979;318.138;267.237
6235;1;Los Espinos + Santa Rosa;final;1230.169;1763.138;1230.169;323.138;296.351
6235.1;1;Los Espinos + Santa Rosa;final;1360.002;2660.881;1360.002;1220.881;51.243
6236;1;Los Espinos + Santa Rosa;final;1215.129;1768.138;1215.129;328.138;258.556
6237;1;Los Espinos + Santa Rosa;final;528.353;1773.138;528.353;333.138;71.338
6238;1;Los Espinos + Santa Rosa;final;1315.098;1778.138;1315.098;338.138;296.738
6238.1;1;Los Espinos + Santa Rosa;final;1493.527;2690.769;53.527;1250.769;101.541
6239;1;Los Espinos + Santa Rosa;final;1324.632;1792.138;1324.632;352.138;304.159
6239.1;1;Los Espinos + Santa Rosa;final;1480.277;2710.407;40.277;1270.407;101.296
6240;1;Los Espinos + Santa Rosa;final;1334.258;1810.138;1334.258;370.138;268.43
6240.1;1;Los Espinos + Santa Rosa;final;1492.725;2732.737;52.725;1292.737;106.651
6241;1;Los Espinos + Santa Rosa;final;496.453;1819.138;496.453;379.138;43.215
6242;1;Los Espinos + Santa Rosa;final;1437.626;1823.638;1437.626;383.638;309.455
6242.1;1;Los Espinos + Santa Rosa;final;1505.437;2843.103;65.437;1403.103;46.872
6243;1;Los Espinos + Santa Rosa;final;1252.531;1828.138;1252.531;388.138;241.845
6244;1;Los Espinos + Santa Rosa;final;1233.353;1832.638;1233.353;392.638;238.789
6245;1;Los Espinos + Santa Rosa;final;1271.588;1837.138;1271.588;397.138;247.473
6246;1;Los Espinos + Santa Rosa;final;523.453;1846.138;523.453;406.138;43.215
6247;1;Los Espinos + Santa Rosa;final;1354.404;1855.138;1354.404;415.138;268.035
6248;1;Los Espinos + Santa Rosa;final;1198.915;1859.638;1198.915;419.638;208.681
6249;1;Los Espinos + Santa Rosa;final;1369.653;1864.138;1369.653;424.138;286.012
6249.1;1;Los Espinos + Santa Rosa;final;1494.079;2804.214;54.079;1364.214;56.287
6250;1;Los Espinos + Santa Rosa;final;1353.286;1868.638;1353.286;428.638;255.586
6251;1;Los Espinos + Santa Rosa;final;1401.758;1772.132;1401.758;332.132;311.739
6251.1;1;Los Espinos + Santa Rosa;final;1479.525;2800.47;39.525;1360.47;58.221
6252;1;Los Espinos + Santa Rosa;final;1373.448;1778.132;1373.448;338.132;231.78
6253;1;Los Espinos + Santa Rosa;final;1361.069;1784.132;1361.069;344.132;293.672
6254;1;Los Espinos + Santa Rosa;final;1443.021;1910.881;3.021;470.881;269.64
6255;1;Los Espinos + Santa Rosa;final;1347.856;1741.327;1347.856;301.327;301.298
6255.1;1;Los Espinos + Santa Rosa;final;1436.706;2689.572;1436.706;1249.572;82.513
6256;1;Los Espinos + Santa Rosa;final;1297.147;1756.327;1297.147;316.327;259.568
6257;1;Los Espinos + Santa Rosa;final;1255.973;1771.327;1255.973;331.327;245.585
6258;1;Los Espinos + Santa Rosa;final;531.021;1786.327;531.021;346.327;76.072
6259;1;Los Espinos + Santa Rosa;final;1299.09;1820.577;1299.09;380.577;244.517
6260;1;Los Espinos + Santa Rosa;final;533.073;1826.994;533.073;386.994;58.772
6261;1;Los Espinos + Santa Rosa;final;1327.49;1839.827;1327.49;399.827;282.898
6262;1;Los Espinos + Santa Rosa;final;524.604;1871.91;524.604;431.91;41.262
6263;1;Los Espinos + Santa Rosa;final;543.421;1891.327;543.421;451.327;41.262
6264;1;Los Espinos + Santa Rosa;final;1372.231;1741.74;1372.231;301.74;314.779
6264.1;1;Los Espinos + Santa Rosa;final;1525.059;2750.866;85.059;1310.866;99.715
6265;1;Los Espinos + Santa Rosa;final;1327.273;1756.74;1327.273;316.74;265.607
6266;1;Los Espinos + Santa Rosa;final;1282.706;1764.24;1282.706;324.24;269.398
6267;1;Los Espinos + Santa Rosa;final;1331.896;1771.74;1331.896;331.74;313.905
6268;1;Los Espinos + Santa Rosa;final;529.208;1813.49;529.208;373.49;59.203
6269;1;Los Espinos + Santa Rosa;final;1332.484;1826.324;1332.484;386.324;278.793
6269.1;1;Los Espinos + Santa Rosa;final;1499.349;2727.203;59.349;1287.203;90.091
6270;1;Los Espinos + Santa Rosa;final;1286.247;1832.74;1286.247;392.74;250.297
6271;1;Los Espinos + Santa Rosa;final;1369.83;1884.24;1369.83;444.24;249.638
6272;1;Los Espinos + Santa Rosa;final;1111.788;1444.572;1111.788;4.572;309.043
6272.1;1;Los Espinos + Santa Rosa;final;1342.706;2514.24;1342.706;1074.24;83.84
6273;1;Los Espinos + Santa Rosa;final;1309.83;1724.572;1309.83;284.572;313.013
6273.1;1;Los Espinos + Santa Rosa;final;1372.49;2669.862;1372.49;1229.862;69.144
6274;1;Los Espinos + Santa Rosa;final;1310.556;1734.572;1310.556;294.572;282.816
6275;1;Los Espinos + Santa Rosa;final;554.564;1744.572;554.564;304.572;98.66
6276;1;Los Espinos + Santa Rosa;final;1361.706;1754.572;1361.706;314.572;306.648
6276.1;1;Los Espinos + Santa Rosa;final;1536.048;2704.572;96.048;1264.572;131.28
6277;1;Los Espinos + Santa Rosa;final;1291.712;1774.572;1291.712;334.572;291.894
6277.1;1;Los Espinos + Santa Rosa;final;1532.684;2668.721;92.684;1228.721;142.361
6278;1;Los Espinos + Santa Rosa;final;1308.84;1782.739;1308.84;342.739;281.597
6278.1;1;Los Espinos + Santa Rosa;final;1427.214;2644.572;1427.214;1204.572;98.66
6279;1;Los Espinos + Santa Rosa;final;1318.947;1807.239;1318.947;367.239;268.518
6280;1;Los Espinos + Santa Rosa;final;1299.623;1815.405;1299.623;375.405;263.198
6281;1;Los Espinos + Santa Rosa;final;1412.356;1823.572;1412.356;383.572;296.532
6282;1;Los Espinos + Santa Rosa;final;1271.388;1831.739;1271.388;391.739;234.643
6283;1;Los Espinos + Santa Rosa;final;1338.903;1839.905;1338.903;399.905;296.06
6284;1;Los Espinos + Santa Rosa;final;1281.19;1848.072;1281.19;408.072;241.877
6285;1;Los Espinos + Santa Rosa;final;1201.388;1864.572;1201.388;424.572;213.247
6286;1;Los Espinos + Santa Rosa;final;1209.238;1718.536;1209.238;278.536;304.712
6286.1;1;Los Espinos + Santa Rosa;final;1245.986;2590.915;1245.986;1150.915;39.342
6287;1;Los Espinos + Santa Rosa;final;485.469;1730.536;485.469;290.536;78.376
6288;1;Los Espinos + Santa Rosa;final;1309.514;1754.536;1309.514;314.536;305.935
6288.1;1;Los Espinos + Santa Rosa;final;1377.081;2656.397;1377.081;1216.397;66.949
6289;1;Los Espinos + Santa Rosa;final;1347.313;1778.536;1347.313;338.536;296.23
6289.1;1;Los Espinos + Santa Rosa;final;1462.869;2749.62;22.869;1309.62;80.054
6290;1;Los Espinos + Santa Rosa;final;1334.463;1789.786;1334.463;349.786;296.23
6290.1;1;Los Espinos + Santa Rosa;final;1496.608;2734.57;56.608;1294.57;89.764
6291;1;Los Espinos + Santa Rosa;final;1460.25;1834.786;20.25;394.786;314.74
6292;1;Los Espinos + Santa Rosa;final;900.039;1464.078;900.039;24.078;274.467
6292.1;1;Los Espinos + Santa Rosa;final;1371.755;2301.745;1371.755;861.745;173.651
6293;1;Los Espinos + Santa Rosa;final;992.022;1599.078;992.022;159.078;274.467
6293.1;1;Los Espinos + Santa Rosa;final;1273.088;2394.012;1273.088;954.012;109.275
6294;1;Los Espinos + Santa Rosa;final;1282.392;1734.078;1282.392;294.078;287.438
6294.1;1;Los Espinos + Santa Rosa;final;1457.138;2659.778;17.138;1219.778;100.021
6295;1;Los Espinos + Santa Rosa;final;1269.772;1744.078;1269.772;304.078;285.394
6296;1;Los Espinos + Santa Rosa;final;1315.992;1754.078;1315.992;314.078;276.528
6296.1;1;Los Espinos + Santa Rosa;final;1437.339;2690.328;1437.339;1250.328;78.366
6297;1;Los Espinos + Santa Rosa;final;1311.802;1764.078;1311.802;324.078;287.424
6297.1;1;Los Espinos + Santa Rosa;final;1467.515;2706.987;27.515;1266.987;94.736
6298;1;Los Espinos + Santa Rosa;final;1253.119;1774.078;1253.119;334.078;277.659
6299;1;Los Espinos + Santa Rosa;final;1374.173;1784.078;1374.173;344.078;300.576
6300;1;Los Espinos + Santa Rosa;final;1384.04;1794.078;1384.04;354.078;300.615
6300.1;1;Los Espinos + Santa Rosa;final;1478.564;2770.248;38.564;1330.248;71.461
6301;1;Los Espinos + Santa Rosa;final;1334.896;1801.578;1334.896;361.578;297.811
6301.1;1;Los Espinos + Santa Rosa;final;1490.868;2725.444;50.868;1285.444;94.052
6302;1;Los Espinos + Santa Rosa;final;1415.765;1809.078;1415.765;369.078;313.011
6302.1;1;Los Espinos + Santa Rosa;final;1484.648;2793.504;44.648;1353.504;64.248
6303;1;Los Espinos + Santa Rosa;final;1421.492;1816.578;1421.492;376.578;314.292
6304;1;Los Espinos + Santa Rosa;final;1334.972;1824.078;1334.972;384.078;302.203
6304.1;1;Los Espinos + Santa Rosa;final;1403.498;2680.935;1403.498;1240.935;96.876
6305;1;Los Espinos + Santa Rosa;final;1390.181;1831.578;1390.181;391.578;300.314
6306;1;Los Espinos + Santa Rosa;final;1407.782;1839.078;1407.782;399.078;312.43
6307;1;Los Espinos + Santa Rosa;final;1418.349;1846.578;1418.349;406.578;312.43
6307.1;1;Los Espinos + Santa Rosa;final;1497.755;2760.674;57.755;1320.674;77.675
6308;1;Los Espinos + Santa Rosa;final;1460.616;1854.078;20.616;414.078;312.43
6309;1;Los Espinos + Santa Rosa;final;1335.331;1869.078;1335.331;429.078;270.079
6310;1;Los Espinos + Santa Rosa;final;1423.167;1876.578;1423.167;436.578;302.666
6311;1;Los Espinos + Santa Rosa;final;1368.021;1884.078;1368.021;444.078;276.344
6312;1;Los Espinos + Santa Rosa;final;1017.279;1472.737;1017.279;32.737;304.996
6312.1;1;Los Espinos + Santa Rosa;final;1501.084;2393.711;61.084;953.711;214.643
6313;1;Los Espinos + Santa Rosa;final;1283.486;1742.737;1283.486;302.737;297.28
6314;1;Los Espinos + Santa Rosa;final;1322.116;1757.737;1322.116;317.737;295.236
6314.1;1;Los Espinos + Santa Rosa;final;1535.382;2674.141;95.382;1234.141;120.567
6315;1;Los Espinos + Santa Rosa;final;1268.486;1772.737;1268.486;332.737;264.338
6315.1;1;Los Espinos + Santa Rosa;final;1401.419;2696.881;1401.419;1256.881;70.91
6316;1;Los Espinos + Santa Rosa;final;1398.153;1787.737;1398.153;347.737;312.355
6316.1;1;Los Espinos + Santa Rosa;final;1476.758;2783.325;36.758;1343.325;60.551
6317;1;Los Espinos + Santa Rosa;final;1363.621;1802.737;1363.621;362.737;281.101
6318;1;Los Espinos + Santa Rosa;final;1351.581;1811.737;1351.581;371.737;274.998
6319;1;Los Espinos + Santa Rosa;final;1381.105;1820.737;1381.105;380.737;298.109
6319.1;1;Los Espinos + Santa Rosa;final;1501.116;2758.345;61.116;1318.345;75.493
6320;1;Los Espinos + Santa Rosa;final;1219.836;1838.737;1219.836;398.737;233.347
6321;1;Los Espinos + Santa Rosa;final;1410.556;1847.737;1410.556;407.737;300.865
6321.1;1;Los Espinos + Santa Rosa;final;1445.554;2799.86;5.554;1359.86;41.262
6322;1;Los Espinos + Santa Rosa;final;1359.748;1865.737;1359.748;425.737;260.165
6323;1;Los Espinos + Santa Rosa;final;1387.116;1874.737;1387.116;434.737;268.649
6324;1;Los Espinos + Santa Rosa;final;1423.632;1883.737;1423.632;443.737;290.073
6324.1;1;Los Espinos + Santa Rosa;final;1504.421;2767.341;64.421;1327.341;77.675
6325;1;Los Espinos + Santa Rosa;final;1361.176;1892.737;1361.176;452.737;265.521
6326;1;Los Espinos + Santa Rosa;final;1293.929;1734.078;1293.929;294.078;311.307
6326.1;1;Los Espinos + Santa Rosa;final;1541.427;2702.789;101.427;1262.789;121.56
6327;1;Los Espinos + Santa Rosa;final;1376.925;1749.078;1376.925;309.078;314.573
6327.1;1;Los Espinos + Santa Rosa;final;1443.841;2813.008;3.841;1373.008;33.398
6328;1;Los Espinos + Santa Rosa;final;1312.146;1764.078;1312.146;324.078;289.28
6328.1;1;Los Espinos + Santa Rosa;final;1505.163;2658.927;65.163;1218.927;123.377
6329;1;Los Espinos + Santa Rosa;final;1281.227;1779.078;1281.227;339.078;307.702
6330;1;Los Espinos + Santa Rosa;final;543.136;1794.078;543.136;354.078;65.333
6331;1;Los Espinos + Santa Rosa;final;1347.903;1803.078;1347.903;363.078;298.301
6331.1;1;Los Espinos + Santa Rosa;final;1547.107;2777.547;107.107;1337.547;91.318
6332;1;Los Espinos + Santa Rosa;final;1375.902;1812.078;1375.902;372.078;292.363
6333;1;Los Espinos + Santa Rosa;final;1415.121;1821.078;1415.121;381.078;303.933
6334;1;Los Espinos + Santa Rosa;final;1417.781;1830.078;1417.781;390.078;307.079
6335;1;Los Espinos + Santa Rosa;final;1381.366;1839.078;1381.366;399.078;284.344
6336;1;Los Espinos + Santa Rosa;final;1338.625;1848.078;1338.625;408.078;298.287
6336.1;1;Los Espinos + Santa Rosa;final;1450.04;2733.055;10.04;1293.055;74.855
6337;1;Los Espinos + Santa Rosa;final;1362.942;1857.078;1362.942;417.078;277.908
6338;1;Los Espinos + Santa Rosa;final;1265.905;1866.078;1265.905;426.078;236.513
6339;1;Los Espinos + Santa Rosa;final;1374.298;1875.078;1374.298;435.078;287.677
6340;1;Los Espinos + Santa Rosa;final;1474.963;1884.078;34.963;444.078;309.661
6341;1;Los Espinos + Santa Rosa;final;1327.119;1721.632;1327.119;281.632;297.6
6341.1;1;Los Espinos + Santa Rosa;final;1519.746;2698.732;79.746;1258.732;117.2
6342;1;Los Espinos + Santa Rosa;final;1288.673;1733.632;1288.673;293.632;278.888
6343;1;Los Espinos + Santa Rosa;final;1393.156;1745.632;1393.156;305.632;312.903
6343.1;1;Los Espinos + Santa Rosa;final;1498.023;2734.572;58.023;1294.572;93.006
6344;1;Los Espinos + Santa Rosa;final;1394.154;1799.632;1394.154;359.632;296.188
6345;1;Los Espinos + Santa Rosa;final;1470.902;1853.632;30.902;413.632;297.6
6346;1;Los Espinos + Santa Rosa;final;1440.902;1862.632;0.902;422.632;297.6
6346.1;1;Los Espinos + Santa Rosa;final;1500.902;2801.632;60.902;1361.632;65.549
6347;1;Los Espinos + Santa Rosa;final;1377.919;1871.632;1377.919;431.632;274.395
6348;1;Los Espinos + Santa Rosa;final;1312.101;1741.163;1312.101;301.163;303.039
6348.1;1;Los Espinos + Santa Rosa;final;1498.755;2699.537;58.755;1259.537;102.331
6349;1;Los Espinos + Santa Rosa;final;529.386;1756.163;529.386;316.163;74.186
6350;1;Los Espinos + Santa Rosa;final;1428.231;1771.163;1428.231;331.163;314.909
6351;1;Los Espinos + Santa Rosa;final;1413.226;1786.163;1413.226;346.163;290.82
6352;1;Los Espinos + Santa Rosa;final;1219.476;1831.163;1219.476;391.163;246.11
6353;1;Los Espinos + Santa Rosa;final;1479.488;1735.915;39.488;295.915;313.221
6353.1;1;Los Espinos + Santa Rosa;final;1518.294;2833.378;78.294;1393.378;56.512
6354;1;Los Espinos + Santa Rosa;final;1351.175;1747.915;1351.175;307.915;309.07
6355;1;Los Espinos + Santa Rosa;final;1335.317;1759.915;1335.317;319.915;300.854
6355.1;1;Los Espinos + Santa Rosa;final;1492.981;2668.431;52.981;1228.431;114.93
6356;1;Los Espinos + Santa Rosa;final;1352.116;1771.915;1352.116;331.915;286.102
6356.1;1;Los Espinos + Santa Rosa;final;1500.896;2702.541;60.896;1262.541;109.103
6357;1;Los Espinos + Santa Rosa;final;1261.588;1783.915;1261.588;343.915;166.203
6358;1;Los Espinos + Santa Rosa;final;1275.735;1795.915;1275.735;355.915;257.162
6359;1;Los Espinos + Santa Rosa;final;1363.202;1804.915;1363.202;364.915;290.298
6360;1;Los Espinos + Santa Rosa;final;1411.729;1813.915;1411.729;373.915;311.24
6360.1;1;Los Espinos + Santa Rosa;final;1496.954;2761.797;56.954;1321.797;84.313
6361;1;Los Espinos + Santa Rosa;final;1282.531;1822.915;1282.531;382.915;168.479
6362;1;Los Espinos + Santa Rosa;final;1387.335;1840.915;1387.335;400.915;289.706
6363;1;Los Espinos + Santa Rosa;final;1256.651;1849.915;1256.651;409.915;229.729
6364;1;Los Espinos + Santa Rosa;final;1148.814;1858.915;1148.814;418.915;192.081
6365;1;Los Espinos + Santa Rosa;final;1421.339;1876.915;1421.339;436.915;308.03
6365.1;1;Los Espinos + Santa Rosa;final;1522.499;2803.794;82.499;1363.794;73.959
6366;1;Los Espinos + Santa Rosa;final;1355.121;1885.915;1355.121;445.915;292.296
6367;1;Los Espinos + Santa Rosa;final;1367.116;1794.57;1367.116;354.57;278.248
6368;1;Los Espinos + Santa Rosa;final;564.784;1839.57;564.784;399.57;74.616
6369;1;Los Espinos + Santa Rosa;final;1350.685;1884.57;1350.685;444.57;242.196
6370;1;Los Espinos + Santa Rosa;final;513.58;1687.484;513.58;247.484;112.499
6371;1;Los Espinos + Santa Rosa;final;1262.7;1747.484;1262.7;307.484;300.97
6371.1;1;Los Espinos + Santa Rosa;final;1387.961;2626.4;1387.961;1186.4;90.063
6372;1;Los Espinos + Santa Rosa;final;1383.921;1792.484;1383.921;352.484;300.565
6373;1;Los Espinos + Santa Rosa;final;1278.539;1730.536;1278.539;290.536;291.59
6373.1;1;Los Espinos + Santa Rosa;final;1373.699;2681.591;1373.699;1241.591;60.448
6374;1;Los Espinos + Santa Rosa;final;1291.333;1742.536;1291.333;302.536;290.502
6374.1;1;Los Espinos + Santa Rosa;final;1474.496;2720.881;34.496;1280.881;84.058
6375;1;Los Espinos + Santa Rosa;final;1198.138;1754.536;1198.138;314.536;289.601
6375.1;1;Los Espinos + Santa Rosa;final;1286.221;2574.168;1286.221;1134.168;60.148
6376;1;Los Espinos + Santa Rosa;final;526.815;1778.536;526.815;338.536;76.79
6377;1;Los Espinos + Santa Rosa;final;1312.91;1868.536;1312.91;428.536;267.24
6378;1;Los Espinos + Santa Rosa;final;1338.275;1748.611;1338.275;308.611;311.311
6378.1;1;Los Espinos + Santa Rosa;final;1541.34;2773.008;101.34;1333.008;93.297
6379;1;Los Espinos + Santa Rosa;final;1332.513;1760.611;1332.513;320.611;304.071
6379.1;1;Los Espinos + Santa Rosa;final;1497.596;2684.226;57.596;1244.226;115.426
6380;1;Los Espinos + Santa Rosa;final;1174.475;1772.611;1174.475;332.611;236.255
6381;1;Los Espinos + Santa Rosa;final;1182.571;1784.611;1182.571;344.611;242.902
6382;1;Los Espinos + Santa Rosa;final;1381.823;1796.611;1381.823;356.611;305.665
6382.1;1;Los Espinos + Santa Rosa;final;1508.166;2753.704;68.166;1313.704;88.798
6383;1;Los Espinos + Santa Rosa;final;1349.608;1808.611;1349.608;368.611;290.944
6384;1;Los Espinos + Santa Rosa;final;1411.887;1828.611;1411.887;388.611;305.715
6384.1;1;Los Espinos + Santa Rosa;final;1461.186;2818.296;21.186;1378.296;33.87
6385;1;Los Espinos + Santa Rosa;final;1376.558;1848.611;1376.558;408.611;287.73
6386;1;Los Espinos + Santa Rosa;final;1383.569;1858.611;1383.569;418.611;303.099
6387;1;Los Espinos + Santa Rosa;final;1276.217;1868.611;1276.217;428.611;240.106
6388;1;Los Espinos + Santa Rosa;final;1390.657;1878.611;1390.657;438.611;287.338
6388.1;1;Los Espinos + Santa Rosa;final;1465.8;2763.039;25.8;1323.039;66.243
6389;1;Los Espinos + Santa Rosa;final;1412.691;1888.611;1412.691;448.611;298.78
6390;1;Los Espinos + Santa Rosa;final;1351.588;1741.327;1351.588;301.327;301.924
6391;1;Los Espinos + Santa Rosa;final;1352.219;1756.327;1352.219;316.327;302.333
6391.1;1;Los Espinos + Santa Rosa;final;1410.902;2711.632;1410.902;1271.632;65.549
6392;1;Los Espinos + Santa Rosa;final;1308.047;1771.327;1308.047;331.327;271.431
6393;1;Los Espinos + Santa Rosa;final;1402.49;1861.327;1402.49;421.327;280.386
6394;1;Los Espinos + Santa Rosa;final;1483.79;1881.327;43.79;441.327;302.008
6395;1;Los Espinos + Santa Rosa;final;1378.256;1891.327;1378.256;451.327;253.793
6396;1;Los Espinos + Santa Rosa;final;535.314;1729.348;535.314;289.348;89.682
6397;1;Los Espinos + Santa Rosa;final;1329.423;1744.348;1329.423;304.348;288.394
6398;1;Los Espinos + Santa Rosa;final;1388.44;1759.348;1388.44;319.348;308.602
6398.1;1;Los Espinos + Santa Rosa;final;1463.756;2782.727;23.756;1342.727;57.977
6399;1;Los Espinos + Santa Rosa;final;1354.923;1774.348;1354.923;334.348;287.887
6400;1;Los Espinos + Santa Rosa;final;1322.488;1809.348;1322.488;369.348;262.631
6401;1;Los Espinos + Santa Rosa;final;1398.5;1819.348;1398.5;379.348;312.573
6401.1;1;Los Espinos + Santa Rosa;final;1489.717;2728.445;49.717;1288.445;97.156
6402;1;Los Espinos + Santa Rosa;final;505.59;1839.348;505.59;399.348;39.519
6403;1;Los Espinos + Santa Rosa;final;515.59;1849.348;515.59;409.348;39.519
6404;1;Los Espinos + Santa Rosa;final;1298.511;1724.618;1298.511;284.618;299.511
6405;1;Los Espinos + Santa Rosa;final;1202.571;1784.618;1202.571;344.618;277.102
6406;1;Los Espinos + Santa Rosa;final;1373.779;1829.618;1373.779;389.618;309.049
6407;1;Los Espinos + Santa Rosa;final;1443.89;1874.618;3.89;434.618;302.646
6407.1;1;Los Espinos + Santa Rosa;final;1487.214;2794.572;47.214;1354.572;64.993
6408;1;Los Espinos + Santa Rosa;final;1238.318;1782.449;1238.318;342.449;270.143
6409;1;Los Espinos + Santa Rosa;final;1336.094;1802.449;1336.094;362.449;295.946
6409.1;1;Los Espinos + Santa Rosa;final;1476.526;2769.144;36.526;1329.144;66.877
6410;1;Los Espinos + Santa Rosa;final;1388.878;1823.008;1388.878;383.008;311.59
6411;1;Los Espinos + Santa Rosa;final;1421.406;1856.758;1421.406;416.758;313.28
6411.1;1;Los Espinos + Santa Rosa;final;1470.441;2818.707;30.441;1378.707;45.312
6412;1;Los Espinos + Santa Rosa;final;1332.57;1868.008;1332.57;428.008;269.483
6412.1;1;Los Espinos + Santa Rosa;final;1430.868;2733.041;1430.868;1293.041;67.699
6413;1;Los Espinos + Santa Rosa;final;1446.061;1890.508;6.061;450.508;294.052
6414;1;Los Espinos + Santa Rosa;final;1488.078;1913.008;48.078;473.008;309.249
6415;1;Los Espinos + Santa Rosa;final;1211.667;1757.865;1211.667;317.865;291.197
6415.1;1;Los Espinos + Santa Rosa;final;1329.85;2559.145;1329.85;1119.145;89.118
6416;1;Los Espinos + Santa Rosa;final;1294.491;1772.865;1294.491;332.865;290.691
6417;1;Los Espinos + Santa Rosa;final;1301.527;1787.865;1301.527;347.865;288.771
6418;1;Los Espinos + Santa Rosa;final;1350.433;1825.365;1350.433;385.365;280.68
6418.1;1;Los Espinos + Santa Rosa;final;1455.674;2787.275;15.674;1347.275;49.868
6419;1;Los Espinos + Santa Rosa;final;1300.002;1836.615;1300.002;396.615;249.361
6420;1;Los Espinos + Santa Rosa;final;1353.153;1870.365;1353.153;430.365;271.356
6421;1;Los Espinos + Santa Rosa;final;1217.772;1748.658;1217.772;308.658;283.556
6422;1;Los Espinos + Santa Rosa;final;1322.772;1763.658;1322.772;323.658;300.948
6422.1;1;Los Espinos + Santa Rosa;final;1504.684;2737.481;64.684;1297.481;97.636
6423;1;Los Espinos + Santa Rosa;final;496.188;1778.658;496.188;338.658;59.69
6424;1;Los Espinos + Santa Rosa;final;1457.188;1793.658;17.188;353.658;309.921
6425;1;Los Espinos + Santa Rosa;final;1294.738;1864.908;1294.738;424.908;226.352
6426;1;Los Espinos + Santa Rosa;final;1171.721;1887.408;1171.721;447.408;184.806
6427;1;Los Espinos + Santa Rosa;final;1415.513;1898.658;1415.513;458.658;258.227
6428;1;Los Espinos + Santa Rosa;final;633.434;1747.877;633.434;307.877;110.805
6429;1;Los Espinos + Santa Rosa;final;1189.494;1759.877;1189.494;319.877;228.433
6430;1;Los Espinos + Santa Rosa;final;1219.004;1771.877;1219.004;331.877;276.357
6430.1;1;Los Espinos + Santa Rosa;final;1427.754;2622.561;1427.754;1182.561;96.397
6431;1;Los Espinos + Santa Rosa;final;1192.261;1783.877;1192.261;343.877;224.91
6432;1;Los Espinos + Santa Rosa;final;1294.321;1795.877;1294.321;355.877;251.797
6433;1;Los Espinos + Santa Rosa;final;1487.444;1807.877;47.444;367.877;311.599
6434;1;Los Espinos + Santa Rosa;final;1141.494;1852.877;1141.494;412.877;184.134
6435;1;Los Espinos + Santa Rosa;final;1375.715;1864.127;1375.715;424.127;265.878
6436;1;Los Espinos + Santa Rosa;final;541.188;1875.377;541.188;435.377;39.221
6437;1;Los Espinos + Santa Rosa;final;1459.911;1886.627;19.911;446.627;272.769
6438;1;Los Espinos + Santa Rosa;final;1427.444;1897.877;1427.444;457.877;265.686
6439;1;Los Espinos + Santa Rosa;final;1271.011;1744.735;1271.011;304.735;308.358
6439.1;1;Los Espinos + Santa Rosa;final;1376.133;2622.081;1376.133;1182.081;80.144
6440;1;Los Espinos + Santa Rosa;final;1206.694;1754.735;1206.694;314.735;271.754
6440.1;1;Los Espinos + Santa Rosa;final;1558.298;2559.258;118.298;1119.258;187.946
6441;1;Los Espinos + Santa Rosa;final;1352.072;1764.735;1352.072;324.735;290.885
6441.1;1;Los Espinos + Santa Rosa;final;1480.896;2718.394;40.896;1278.394;100.14
6442;1;Los Espinos + Santa Rosa;final;1294.723;1774.735;1294.723;334.735;287.84
6443;1;Los Espinos + Santa Rosa;final;1273.942;1784.735;1273.942;344.735;287.054
6443.1;1;Los Espinos + Santa Rosa;final;1391.996;2612.332;1391.996;1172.332;95.065
6444;1;Los Espinos + Santa Rosa;final;1247.272;1794.735;1247.272;354.735;261.164
6445;1;Los Espinos + Santa Rosa;final;1380.429;1804.735;1380.429;364.735;288.567
6446;1;Los Espinos + Santa Rosa;final;1297.21;1814.735;1297.21;374.735;261.128
6447;1;Los Espinos + Santa Rosa;final;1379.158;1824.735;1379.158;384.735;278.839
6448;1;Los Espinos + Santa Rosa;final;1379.289;1844.735;1379.289;404.735;296.609
6448.1;1;Los Espinos + Santa Rosa;final;1476.82;2773.041;36.82;1333.041;73.653
6449;1;Los Espinos + Santa Rosa;final;1329.017;1854.735;1329.017;414.735;251.586
6450;1;Los Espinos + Santa Rosa;final;1147.264;1864.735;1147.264;424.735;202.0
6451;1;Los Espinos + Santa Rosa;final;1362.127;1874.735;1362.127;434.735;281.029
6451.1;1;Los Espinos + Santa Rosa;final;1455.498;2709.292;15.498;1269.292;90.272
6452;1;Los Espinos + Santa Rosa;final;1306.411;1884.735;1306.411;444.735;241.675
6453;1;Los Espinos + Santa Rosa;final;1347.602;1894.735;1347.602;454.735;272.409
6454;1;Los Espinos + Santa Rosa;final;1328.192;1763.008;1328.192;323.008;286.868
6454.1;1;Los Espinos + Santa Rosa;final;1469.552;2720.14;29.552;1280.14;78.938
6455;1;Los Espinos + Santa Rosa;final;1396.682;1773.008;1396.682;333.008;299.673
6455.1;1;Los Espinos + Santa Rosa;final;1447.124;2750.534;7.124;1310.534;62.852
6456;1;Los Espinos + Santa Rosa;final;1423.11;1783.008;1423.11;343.008;313.554
6456.1;1;Los Espinos + Santa Rosa;final;1461.345;2767.011;21.345;1327.011;64.759
6457;1;Los Espinos + Santa Rosa;final;1300.688;1793.008;1300.688;353.008;309.41
6457.1;1;Los Espinos + Santa Rosa;final;1326.953;2674.879;1326.953;1234.879;39.172
6458;1;Los Espinos + Santa Rosa;final;496.02;1803.008;496.02;363.008;52.224
6459;1;Los Espinos + Santa Rosa;final;1439.552;1823.008;1439.552;383.008;296.173
6459.1;1;Los Espinos + Santa Rosa;final;1562.985;2830.14;122.985;1390.14;78.938
6460;1;Los Espinos + Santa Rosa;final;1362.065;1873.008;1362.065;433.008;270.124
6461;1;Los Espinos + Santa Rosa;final;1368.569;1883.008;1368.569;443.008;272.011
6462;1;Los Espinos + Santa Rosa;final;1182.074;1893.008;1182.074;453.008;213.65
6463;1;Los Espinos + Santa Rosa;final;1343.231;1903.008;1343.231;463.008;237.678
6464;1;Los Espinos + Santa Rosa;final;1253.242;1747.466;1253.242;307.466;300.412
6464.1;1;Los Espinos + Santa Rosa;final;1371.908;2663.108;1371.908;1223.108;61.795
6465;1;Los Espinos + Santa Rosa;final;1382.296;1764.599;1382.296;324.599;287.575
6466;1;Los Espinos + Santa Rosa;final;1309.407;1790.299;1309.407;350.299;263.144
6467;1;Los Espinos + Santa Rosa;final;1387.364;1807.432;1387.364;367.432;313.205
6468;1;Los Espinos + Santa Rosa;final;1386.965;1807.466;1386.965;367.466;299.142
6469;1;Los Espinos + Santa Rosa;final;1213.819;1834.466;1213.819;394.466;213.509
6470;1;Los Espinos + Santa Rosa;final;1483.982;1852.466;43.982;412.466;293.762
6471;1;Los Espinos + Santa Rosa;final;1429.881;1861.466;1429.881;421.466;296.561
6472;1;Los Espinos + Santa Rosa;final;1265.705;1763.008;1265.705;323.008;289.24
6473;1;Los Espinos + Santa Rosa;final;1260.169;1773.008;1260.169;333.008;286.418
6474;1;Los Espinos + Santa Rosa;final;1356.325;1783.008;1356.325;343.008;306.884
6475;1;Los Espinos + Santa Rosa;final;1375.461;1793.008;1375.461;353.008;288.659
6476;1;Los Espinos + Santa Rosa;final;1274.994;1803.008;1274.994;363.008;256.304
6477;1;Los Espinos + Santa Rosa;final;1423.969;1823.008;1423.969;383.008;299.467
6478;1;Los Espinos + Santa Rosa;final;1410.642;1868.008;1410.642;428.008;295.566
6478.1;1;Los Espinos + Santa Rosa;final;1469.187;2843.008;29.187;1403.008;35.676
6479;1;Los Espinos + Santa Rosa;final;1247.971;1913.008;1247.971;473.008;216.257
6480;1;Los Espinos + Santa Rosa;final;1307.361;1747.877;1307.361;307.877;270.016
6481;1;Los Espinos + Santa Rosa;final;1234.004;1759.877;1234.004;319.877;275.249
6481.1;1;Los Espinos + Santa Rosa;final;1365.084;2634.561;1365.084;1194.561;68.517
6482;1;Los Espinos + Santa Rosa;final;481.281;1771.877;481.281;331.877;56.265
6483;1;Los Espinos + Santa Rosa;final;1337.361;1783.877;1337.361;343.877;271.19
6484;1;Los Espinos + Santa Rosa;final;1447.444;1795.877;7.444;355.877;304.883
6485;1;Los Espinos + Santa Rosa;final;1365.728;1807.877;1365.728;367.877;267.631
6486;1;Los Espinos + Santa Rosa;final;1411.911;1820.727;1411.911;380.727;267.227
6487;1;Los Espinos + Santa Rosa;final;1380.029;1833.577;1380.029;393.577;296.405
6488;1;Los Espinos + Santa Rosa;final;1360.838;1859.277;1360.838;419.277;248.237
6489;1;Los Espinos + Santa Rosa;final;1432.939;1884.977;1432.939;444.977;289.662
6489.1;1;Los Espinos + Santa Rosa;final;1504.071;2837.481;64.071;1397.481;48.186
6490;1;Los Espinos + Santa Rosa;final;1538.951;1897.877;98.951;457.877;313.845
6491;1;Los Espinos + Santa Rosa;final;508.055;1748.658;508.055;308.658;68.084
6492;1;Los Espinos + Santa Rosa;final;1380.728;1760.658;1380.728;320.658;286.117
6493;1;Los Espinos + Santa Rosa;final;1277.772;1772.658;1277.772;332.658;266.701
6494;1;Los Espinos + Santa Rosa;final;538.055;1784.658;538.055;344.658;68.084
6495;1;Los Espinos + Santa Rosa;final;1299.511;1796.658;1299.511;356.658;248.498
6496;1;Los Espinos + Santa Rosa;final;1350.728;1860.058;1350.728;420.058;242.993
6497;1;Los Espinos + Santa Rosa;final;1483.911;1872.908;43.911;432.908;289.31
6498;1;Los Espinos + Santa Rosa;final;1392.31;1747.466;1392.31;307.466;303.992
6499;1;Los Espinos + Santa Rosa;final;567.143;1762.466;567.143;322.466;81.607
6500;1;Los Espinos + Santa Rosa;final;1446.402;1807.466;6.402;367.466;299.089
6501;1;Los Espinos + Santa Rosa;final;1265.675;1837.466;1265.675;397.466;238.61
6502;1;Los Espinos + Santa Rosa;final;518.125;1852.466;518.125;412.466;39.866
6503;1;Los Espinos + Santa Rosa;final;1386.549;1882.466;1386.549;442.466;268.15
6504;1;Los Espinos + Santa Rosa;final;560.775;1897.466;560.775;457.466;39.866
6505;1;Los Espinos + Santa Rosa;final;1208.114;1748.108;1208.114;308.108;258.101
6506;1;Los Espinos + Santa Rosa;final;1263.967;1763.108;1263.967;323.108;261.819
6507;1;Los Espinos + Santa Rosa;final;1144.253;1778.108;1144.253;338.108;224.481
6508;1;Los Espinos + Santa Rosa;final;1302.164;1793.108;1302.164;353.108;302.402
6508.1;1;Los Espinos + Santa Rosa;final;1481.406;2718.22;41.406;1278.22;95.071
6509;1;Los Espinos + Santa Rosa;final;1272.003;1808.108;1272.003;368.108;279.253
6509.1;1;Los Espinos + Santa Rosa;final;1386.82;2668.741;1386.82;1228.741;73.653
6510;1;Los Espinos + Santa Rosa;final;1218.385;1868.108;1218.385;428.108;211.895
6511;1;Los Espinos + Santa Rosa;final;1261.817;1883.108;1261.817;443.108;224.606
6512;1;Los Espinos + Santa Rosa;final;1319.519;1773.665;1319.519;333.665;304.893
6512.1;1;Los Espinos + Santa Rosa;final;1452.919;2750.881;12.919;1310.881;70.91
6513;1;Los Espinos + Santa Rosa;final;1323.146;1782.232;1323.146;342.232;291.038
6513.1;1;Los Espinos + Santa Rosa;final;1398.651;2671.777;1398.651;1231.777;75.832
6514;1;Los Espinos + Santa Rosa;final;1316.935;1790.799;1316.935;350.799;293.467
6514.1;1;Los Espinos + Santa Rosa;final;1475.978;2751.338;35.978;1311.338;67.575
6515;1;Los Espinos + Santa Rosa;final;1203.721;1771.481;1203.721;331.481;263.725
6516;1;Los Espinos + Santa Rosa;final;613.434;1783.481;613.434;343.481;98.106
6517;1;Los Espinos + Santa Rosa;final;1307.772;1795.481;1307.772;355.481;293.213
6517.1;1;Los Espinos + Santa Rosa;final;1399.804;2722.481;1399.804;1282.481;48.186
6518;1;Los Espinos + Santa Rosa;final;1402.054;1807.481;1402.054;367.481;306.741
6519;1;Los Espinos + Santa Rosa;final;1328.966;1817.481;1328.966;377.481;299.945
6520;1;Los Espinos + Santa Rosa;final;1402.939;1887.481;1402.939;447.481;292.743
6520.1;1;Los Espinos + Santa Rosa;final;1484.071;2817.481;44.071;1377.481;48.186
6521;1;Los Espinos + Santa Rosa;final;1380.534;1897.481;1380.534;457.481;278.861
6522;1;Los Espinos + Santa Rosa;final;1220.672;1476.561;1220.672;36.561;290.189
6522.1;1;Los Espinos + Santa Rosa;final;1500.421;2632.481;60.421;1192.481;125.516
6523;1;Los Espinos + Santa Rosa;final;1273.121;1746.561;1273.121;306.561;294.544
6523.1;1;Los Espinos + Santa Rosa;final;1492.939;2676.561;52.939;1236.561;108.964
6524;1;Los Espinos + Santa Rosa;final;1249.121;1756.561;1249.121;316.561;277.622
6524.1;1;Los Espinos + Santa Rosa;final;1481.188;2657.811;41.188;1217.811;116.213
6525;1;Los Espinos + Santa Rosa;final;1336.555;1766.561;1336.555;326.561;307.111
6526;1;Los Espinos + Santa Rosa;final;1297.121;1786.561;1297.121;346.561;294.544
6526.1;1;Los Espinos + Santa Rosa;final;1464.071;2706.561;24.071;1266.561;79.476
6527;1;Los Espinos + Santa Rosa;final;1309.121;1796.561;1309.121;356.561;294.544
6527.1;1;Los Espinos + Santa Rosa;final;1375.838;2722.877;1375.838;1282.877;39.221
6528;1;Los Espinos + Santa Rosa;final;1350.654;1856.561;1350.654;416.561;277.622
6528.1;1;Los Espinos + Santa Rosa;final;1517.554;2753.694;77.554;1313.694;96.397
6529;1;Los Espinos + Santa Rosa;final;1414.754;1886.561;1414.754;446.561;311.466
6529.1;1;Los Espinos + Santa Rosa;final;1521.817;2822.228;81.817;1382.228;68.517
6530;1;Los Espinos + Santa Rosa;final;543.829;1446.391;543.829;6.391;131.5
6531;1;Los Espinos + Santa Rosa;final;1348.204;1716.391;1348.204;276.391;237.592
6532;1;Los Espinos + Santa Rosa;final;1260.81;1726.391;1260.81;286.391;312.722
6532.1;1;Los Espinos + Santa Rosa;final;1476.718;2605.011;36.718;1165.011;124.001
6533;1;Los Espinos + Santa Rosa;final;1250.61;1736.391;1250.61;296.391;312.722
6533.1;1;Los Espinos + Santa Rosa;final;1461.41;2596.405;21.41;1156.405;127.282
6534;1;Los Espinos + Santa Rosa;final;1260.61;1746.391;1260.61;306.391;312.722
6534.1;1;Los Espinos + Santa Rosa;final;1488.076;2606.405;48.076;1166.405;132.83
6535;1;Los Espinos + Santa Rosa;final;1270.61;1756.391;1270.61;316.391;312.722
6535.1;1;Los Espinos + Santa Rosa;final;1378.752;2617.011;1378.752;1177.011;87.49
6536;1;Los Espinos + Santa Rosa;final;1267.669;1766.391;1267.669;326.391;284.531
6537;1;Los Espinos + Santa Rosa;final;513.829;1776.391;513.829;336.391;65.049
6538;1;Los Espinos + Santa Rosa;final;1344.778;1786.391;1344.778;346.391;310.391
6539;1;Los Espinos + Santa Rosa;final;533.829;1796.391;533.829;356.391;65.049
6540;1;Los Espinos + Santa Rosa;final;1368.435;1836.391;1368.435;396.391;301.355
6541;1;Los Espinos + Santa Rosa;final;1359.477;1856.391;1359.477;416.391;313.015
6542;1;Los Espinos + Santa Rosa;final;1330.858;1866.391;1330.858;426.391;291.077
6543;1;Los Espinos + Santa Rosa;final;1440.556;1876.391;0.556;436.391;305.278
6543.1;1;Los Espinos + Santa Rosa;final;1479.821;2834.127;39.821;1394.127;41.262
6544;1;Los Espinos + Santa Rosa;final;1226.46;1411.379;1226.46;1411.379;292.086
6544.1;1;Los Espinos + Santa Rosa;final;1374.394;2600.17;1374.394;1160.17;84.764
6545;1;Los Espinos + Santa Rosa;final;1053.689;1441.379;1053.689;1.379;282.222
6545.1;1;Los Espinos + Santa Rosa;final;1524.421;2439.078;84.421;999.078;181.059
6546;1;Los Espinos + Santa Rosa;final;1232.588;1771.379;1232.588;331.379;290.707
6546.1;1;Los Espinos + Santa Rosa;final;1436.151;2647.481;1436.151;1207.481;97.636
6547;1;Los Espinos + Santa Rosa;final;1254.275;1786.379;1254.275;346.379;279.912
6548;1;Los Espinos + Santa Rosa;final;1257.929;1800.428;1257.929;360.428;288.201
6548.1;1;Los Espinos + Santa Rosa;final;1458.919;2663.042;18.919;1223.042;95.905
6549;1;El Conquistador;final;1470.959;1443.575;30.959;3.575;283.284
6550;1;El Conquistador;final;1260.08;1713.575;1260.08;273.575;306.647
6550.1;1;El Conquistador;final;1440.763;2578.344;0.763;1138.344;127.63
6551;1;El Conquistador;final;1237.349;1725.575;1237.349;285.575;138.307
6552;1;El Conquistador;final;1340.475;1737.575;1340.475;297.575;306.726
6553;1;El Conquistador;final;1301.183;1749.575;1301.183;309.575;312.021
6553.1;1;El Conquistador;final;1372.428;2591.734;1372.428;1151.734;97.152
6554;1;El Conquistador;final;1204.668;1761.575;1204.668;321.575;279.803
6554.1;1;El Conquistador;final;1435.352;2613.552;1435.352;1173.552;107.653
6555;1;El Conquistador;final;1234.079;1773.575;1234.079;333.575;277.452
6556;1;El Conquistador;final;1161.534;1784.825;1161.534;344.825;261.943
6556.1;1;El Conquistador;final;1515.494;2549.874;75.494;1109.874;179.904
6557;1;El Conquistador;final;1367.686;1796.075;1367.686;356.075;296.062
6558;1;El Conquistador;final;1302.263;1807.325;1302.263;367.325;311.247
6559;1;El Conquistador;final;1262.589;1818.575;1262.589;378.575;293.466
6559.1;1;El Conquistador;final;1476.983;2695.205;36.983;1255.205;106.282
6560;1;El Conquistador;final;1253.149;1829.825;1253.149;389.825;273.698
6561;1;El Conquistador;final;1304.783;1841.075;1304.783;401.075;276.584
6561.1;1;El Conquistador;final;1491.359;2706.001;51.359;1266.001;98.97
6562;1;El Conquistador;final;1276.42;1852.325;1276.42;412.325;293.315
6562.1;1;El Conquistador;final;1361.387;2666.067;1361.387;1226.067;68.327
6563;1;El Conquistador;final;1303.815;1863.575;1303.815;423.575;286.43
6564;1;El Conquistador;final;1495.207;2223.575;55.207;783.575;210.175
6565;1;El Conquistador;final;1175.6;1766.001;1175.6;326.001;282.801
6565.1;1;El Conquistador;final;1324.521;2485.433;1324.521;1045.433;108.1
6566;1;El Conquistador;final;1082.376;1435.706;1082.376;1435.706;307.379
6566.1;1;El Conquistador;final;1510.443;2399.972;70.443;959.972;210.872
6567;1;El Conquistador;final;1161.976;1570.706;1161.976;130.706;314.044
6567.1;1;El Conquistador;final;1365.426;2485.639;1365.426;1045.639;120.081
6568;1;El Conquistador;final;1186.225;1705.706;1186.225;265.706;271.537
6569;1;El Conquistador;final;1202.205;1714.272;1202.205;274.272;312.939
6569.1;1;El Conquistador;final;1384.043;2586.534;1384.043;1146.534;107.286
6570;1;El Conquistador;final;1245.595;1722.839;1245.595;282.839;306.754
6571;1;El Conquistador;final;1172.811;1731.406;1172.811;291.406;264.657
6571.1;1;El Conquistador;final;1534.963;2551.943;94.963;1111.943;187.149
6572;1;El Conquistador;final;1177.349;1739.972;1177.349;299.972;280.595
6573;1;El Conquistador;final;1264.478;1748.539;1264.478;308.539;294.926
6574;1;El Conquistador;final;1281.607;1757.106;1281.607;317.106;293.748
6574.1;1;El Conquistador;final;1363.869;2699.656;1363.869;1259.656;45.601
6575;1;El Conquistador;final;1244.434;1765.672;1244.434;325.672;257.596
6575.1;1;El Conquistador;final;1441.025;2638.548;1.025;1198.548;102.99
6576;1;El Conquistador;final;1258.459;1765.706;1258.459;325.706;265.999
6577;1;El Conquistador;final;1315.211;1772.622;1315.211;332.622;309.459
6577.1;1;El Conquistador;final;1537.478;2695.943;97.478;1255.943;124.589
6578;1;El Conquistador;final;1253.117;1779.539;1253.117;339.539;297.644
6578.1;1;El Conquistador;final;1334.467;2670.366;1334.467;1230.366;38.742
6579;1;El Conquistador;final;520.567;1786.456;520.567;346.456;67.03
6580;1;El Conquistador;final;1270.251;1793.372;1270.251;353.372;284.123
6581;1;El Conquistador;final;1367.059;1800.289;1367.059;360.289;306.113
6582;1;El Conquistador;final;1417.428;1814.122;1417.428;374.122;311.728
6582.1;1;El Conquistador;final;1558.6;2797.943;118.6;1357.943;97.686
6583;1;El Conquistador;final;1146.752;1821.039;1146.752;381.039;226.836
6584;1;El Conquistador;final;1366.611;1834.872;1366.611;394.872;299.486
6584.1;1;El Conquistador;final;1486.752;2749.656;46.752;1309.656;83.851
6585;1;El Conquistador;final;1386.709;1841.789;1386.709;401.789;306.113
6586;1;El Conquistador;final;1341.369;1848.706;1341.369;408.706;302.016
6586.1;1;El Conquistador;final;1529.159;2725.943;89.159;1285.943;119.039
6587;1;El Conquistador;final;1385.08;1855.622;1385.08;415.622;299.688
6588;1;El Conquistador;final;1341.267;1855.706;1341.267;415.706;305.956
6588.1;1;El Conquistador;final;1490.417;2762.499;50.417;1322.499;77.461
6589;1;El Conquistador;final;1354.978;2468.506;1354.978;1028.506;122.247
6590;1;El Conquistador;final;1386.101;2485.706;1386.101;1045.706;131.973
6591;1;El Conquistador;final;1282.926;1755.366;1282.926;315.366;311.689
6591.1;1;El Conquistador;final;1450.826;2605.639;10.826;1165.639;121.476
6592;1;El Conquistador;final;1227.417;1775.366;1227.417;335.366;259.797
6592.1;1;El Conquistador;final;1372.793;2655.366;1372.793;1215.366;66.965
6593;1;El Conquistador;final;1354.117;1815.366;1354.117;375.366;301.845
6593.1;1;El Conquistador;final;1470.443;2772.033;30.443;1332.033;63.269
6594;1;El Conquistador;final;1386.369;1825.366;1386.369;385.366;296.283
6595;1;El Conquistador;final;1392.311;1835.366;1392.311;395.366;290.346
6595.1;1;El Conquistador;final;1534.6;2773.943;94.6;1333.943;97.686
6596;1;El Conquistador;final;1262.579;1905.366;1262.579;465.366;220.786
6597;1;El Conquistador;final;1358.022;1801.857;1358.022;361.857;169.201
6598;1;El Conquistador;final;1375.612;1816.857;1375.612;376.857;278.632
6598.1;1;El Conquistador;final;1489.701;2777.734;49.701;1337.734;73.004
6599;1;El Conquistador;final;1391.588;1824.357;1391.588;384.357;310.706
6599.1;1;El Conquistador;final;1481.003;2801.748;41.003;1361.748;52.075
6600;1;El Conquistador;final;1434.546;1831.857;1434.546;391.857;299.892
6600.1;1;El Conquistador;final;1547.051;2835.534;107.051;1395.534;74.739
6601;1;El Conquistador;final;1343.469;1839.357;1343.469;399.357;284.556
6602;1;El Conquistador;final;1130.871;1439.376;1130.871;1439.376;307.195
6602.1;1;El Conquistador;final;1209.516;2541.532;1209.516;1101.532;43.159
6603;1;El Conquistador;final;1305.209;1709.376;1305.209;269.376;311.802
6604;1;El Conquistador;final;1275.129;1719.376;1275.129;279.376;295.213
6605;1;El Conquistador;final;1140.088;1729.376;1140.088;289.376;273.053
6605.1;1;El Conquistador;final;1290.395;2555.748;1290.395;1115.748;69.332
6606;1;El Conquistador;final;1230.784;1739.376;1230.784;299.376;284.619
6607;1;El Conquistador;final;1290.202;1749.376;1290.202;309.376;257.971
6608;1;El Conquistador;final;1229.403;1759.376;1229.403;319.376;276.584
6609;1;El Conquistador;final;1212.312;1769.376;1212.312;329.376;239.463
6610;1;El Conquistador;final;1401.149;1778.376;1401.149;338.376;304.092
6610.1;1;El Conquistador;final;1493.316;2785.652;53.316;1345.652;70.84
6611;1;El Conquistador;final;1296.183;1787.376;1296.183;347.376;302.175
6612;1;El Conquistador;final;1391.563;1805.376;1391.563;365.376;309.544
6613;1;El Conquistador;final;1220.186;1823.376;1220.186;383.376;231.964
6614;1;El Conquistador;final;1374.183;1832.376;1374.183;392.376;312.133
6615;1;El Conquistador;final;1268.888;1841.376;1268.888;401.376;273.053
6616;1;El Conquistador;final;1268.301;1850.376;1268.301;410.376;241.025
6617;1;El Conquistador;final;1399.749;1859.376;1399.749;419.376;298.479
6618;1;El Conquistador;final;1314.488;1869.376;1314.488;429.376;281.845
6618.1;1;El Conquistador;final;1476.554;2730.498;36.554;1290.498;82.686
6619;1;El Conquistador;final;1266.183;2461.543;1266.183;1021.543;96.235
6620;1;El Conquistador;final;1286.183;2479.976;1286.183;1039.976;96.235
6621;1;El Conquistador;final;1317.769;2489.376;1317.769;1049.376;105.149
6622;1;El Conquistador;intermedia;882.037;894.0;882.037;894.0;267.955
6622;2;El Conquistador;final;1085.688;1421.748;1085.688;1421.748;73.406
6622.1;1;El Conquistador;final;1200.745;2405.408;1200.745;965.408;90.031
6623;1;El Conquistador;final;939.279;1451.748;939.279;11.748;277.562
6623.1;1;El Conquistador;final;1244.312;2376.455;1244.312;936.455;106.427
6624;1;El Conquistador;final;1274.395;1771.748;1274.395;331.748;284.666
6625;1;El Conquistador;final;1297.178;1791.748;1297.178;351.748;278.73
6626;1;El Conquistador;final;1346.771;1821.748;1346.771;381.748;268.389
6626.1;1;El Conquistador;final;1496.554;2758.881;56.554;1318.881;82.686
6627;1;El Conquistador;final;1273.974;1831.748;1273.974;391.748;266.579
6628;1;Los Espinos + Santa Rosa;final;470.751;1782.564;470.751;342.564;51.618
6629;1;Los Espinos + Santa Rosa;final;1311.041;1790.064;1311.041;350.064;177.476
6630;1;Los Espinos + Santa Rosa;final;485.751;1797.564;485.751;357.564;51.618
6631;1;Los Espinos + Santa Rosa;final;493.251;1805.064;493.251;365.064;51.618
6632;1;Los Espinos + Santa Rosa;final;1375.874;1820.064;1375.874;380.064;264.568
6633;1;Los Espinos + Santa Rosa;final;515.751;1827.564;515.751;387.564;51.618
6634;1;Los Espinos + Santa Rosa;final;530.751;1842.564;530.751;402.564;51.618
6635;1;Los Espinos + Santa Rosa;final;553.251;1865.064;553.251;425.064;51.618
6636;1;Los Espinos + Santa Rosa;final;1266.918;2514.564;1266.918;1074.564;76.717
6637;1;Los Espinos + Santa Rosa;final;545.751;1833.715;545.751;393.715;60.8
6638;1;Los Espinos + Santa Rosa;final;523.251;1782.938;523.251;342.938;69.95
6639;1;Los Espinos + Santa Rosa;final;538.251;1792.938;538.251;352.938;69.95
6640;1;Los Espinos + Santa Rosa;final;549.425;1802.938;549.425;362.938;72.552
6641;1;Los Espinos + Santa Rosa;final;472.135;1812.938;472.135;372.938;44.851
6642;1;Los Espinos + Santa Rosa;final;482.135;1822.938;482.135;382.938;44.851
6643;1;Los Espinos + Santa Rosa;final;561.601;1832.938;561.601;392.938;63.608
6644;1;Los Espinos + Santa Rosa;final;1272.386;1842.938;1272.386;402.938;219.743
6645;1;Los Espinos + Santa Rosa;final;1279.192;1852.938;1279.192;412.938;262.002
6646;1;Los Espinos + Santa Rosa;final;522.135;1862.938;522.135;422.938;44.851
6647;1;Los Espinos + Santa Rosa;final;531.601;1872.938;531.601;432.938;44.851
6648;1;Los Espinos + Santa Rosa;final;1165.419;1441.487;1165.419;1.487;302.607
6648.1;1;Los Espinos + Santa Rosa;final;1241.142;2594.881;1241.142;1154.881;30.429
6649;1;Los Espinos + Santa Rosa;final;484.308;1576.487;484.308;136.487;105.84
6650;1;Los Espinos + Santa Rosa;final;1278.226;1711.487;1278.226;271.487;302.331
6651;1;Los Espinos + Santa Rosa;final;1343.184;1723.487;1343.184;283.487;292.468
6651.1;1;Los Espinos + Santa Rosa;final;1405.461;2709.8;1405.461;1269.8;58.722
6652;1;Los Espinos + Santa Rosa;final;1252.566;1735.487;1252.566;295.487;274.746
6652.1;1;Los Espinos + Santa Rosa;final;1376.561;2654.618;1376.561;1214.618;66.921
6653;1;Los Espinos + Santa Rosa;final;1388.109;1747.487;1388.109;307.487;300.498
6653.1;1;Los Espinos + Santa Rosa;final;1496.705;2764.078;56.705;1324.078;78.366
6654;1;Los Espinos + Santa Rosa;final;1275.408;1759.487;1275.408;319.487;286.144
6654.1;1;Los Espinos + Santa Rosa;final;1358.902;2678.042;1358.902;1238.042;52.659
6655;1;Los Espinos + Santa Rosa;final;1299.57;1771.487;1299.57;331.487;270.823
6655.1;1;Los Espinos + Santa Rosa;final;1399.002;2694.441;1399.002;1254.441;67.699
6656;1;Los Espinos + Santa Rosa;final;1281.39;1816.487;1281.39;376.487;273.775
6657;1;Los Espinos + Santa Rosa;final;1172.388;1827.737;1172.388;387.737;210.11
6658;1;Los Espinos + Santa Rosa;final;1201.842;1838.987;1201.842;398.987;225.062
6659;1;Los Espinos + Santa Rosa;final;1335.298;1778.008;1335.298;338.008;289.179
6659.1;1;Los Espinos + Santa Rosa;final;1502.838;2770.142;62.838;1330.142;76.231
6660;1;Los Espinos + Santa Rosa;final;1295.417;1808.008;1295.417;368.008;194.288
6661;1;Los Espinos + Santa Rosa;final;1367.275;1845.508;1367.275;405.508;290.593
6661.1;1;Los Espinos + Santa Rosa;final;1565.342;2702.332;125.342;1262.332;143.651
6662;1;Los Espinos + Santa Rosa;final;1375.413;1856.758;1375.413;416.758;284.346
6663;1;Los Espinos + Santa Rosa;final;1327.742;1890.508;1327.742;450.508;255.554
6664;1;Los Espinos + Santa Rosa;final;1355.413;1913.008;1355.413;473.008;269.484
6665;1;El Conquistador;final;1291.957;1713.575;1291.957;273.575;308.868
6665.1;1;El Conquistador;final;1476.48;2661.443;36.48;1221.443;97.437
6666;1;El Conquistador;final;1167.312;1728.575;1167.312;288.575;269.261
6667;1;El Conquistador;final;1323.388;1743.575;1323.388;303.575;292.006
6667.1;1;El Conquistador;final;1463.015;2734.949;23.015;1294.949;75.216
6668;1;El Conquistador;final;1201.349;1773.575;1201.349;333.575;104.967
6669;1;El Conquistador;final;1391.93;1796.075;1391.93;356.075;312.832
6670;1;El Conquistador;final;1430.502;1807.325;1430.502;367.325;311.305
6671;1;El Conquistador;final;1379.08;1818.575;1379.08;378.575;296.667
6672;1;El Conquistador;final;1288.301;1841.075;1288.301;401.075;228.019
6673;1;El Conquistador;final;1332.397;1852.325;1332.397;412.325;251.14
6674;1;El Conquistador;final;1178.93;1863.575;1178.93;423.575;238.802
6675;1;El Conquistador;final;502.034;1758.974;502.034;318.974;68.163
6676;1;El Conquistador;final;1346.579;1778.974;1346.579;338.974;311.357
6677;1;El Conquistador;final;1166.93;1798.974;1166.93;358.974;249.205
6678;1;El Conquistador;final;1329.151;1810.224;1329.151;370.224;287.483
6678.1;1;El Conquistador;final;1403.989;2734.978;1403.989;1294.978;51.499
6679;1;El Conquistador;final;1153.519;1821.474;1153.519;381.474;227.752
6680;1;El Conquistador;final;1303.121;1888.974;1303.121;448.974;242.032
6681;1;El Conquistador;final;1269.468;1740.652;1269.468;300.652;294.271
6681.1;1;El Conquistador;final;1483.919;2683.616;43.919;1243.616;106.245
6682;1;El Conquistador;final;1280.368;1745.652;1280.368;305.652;294.271
6682.1;1;El Conquistador;final;1354.833;2696.449;1354.833;1256.449;43.159
6683;1;El Conquistador;final;1292.069;1760.652;1292.069;320.652;297.755
6684;1;El Conquistador;final;1279.718;1765.652;1279.718;325.652;282.211
6684.1;1;El Conquistador;final;1473.811;2687.415;33.811;1247.415;101.163
6685;1;El Conquistador;final;1192.536;1770.652;1192.536;330.652;255.729
6686;1;El Conquistador;final;1298.868;1775.652;1298.868;335.652;294.271
6686.1;1;El Conquistador;final;1380.499;2722.116;1380.499;1282.116;43.159
6687;1;El Conquistador;final;1279.516;1785.652;1279.516;345.652;280.968
6688;1;El Conquistador;final;1185.595;1790.652;1185.595;350.652;267.956
6689;1;El Conquistador;final;1299.516;1799.402;1299.516;359.402;280.968
6690;1;El Conquistador;final;1315.318;1806.902;1315.318;366.902;282.211
6690.1;1;El Conquistador;final;1417.513;2718.152;1417.513;1278.152;61.138
6691;1;El Conquistador;final;1309.516;1814.402;1309.516;374.402;280.968
6692;1;El Conquistador;final;1309.916;1825.652;1309.916;385.652;280.968
6693;1;El Conquistador;final;1357.795;1836.902;1357.795;396.902;297.759
6693.1;1;El Conquistador;final;1532.995;2791.455;92.995;1351.455;89.888
6694;1;El Conquistador;final;1323.013;1840.652;1323.013;400.652;270.311
6695;1;El Conquistador;final;1397.539;1763.532;1397.539;323.532;303.353
6695.1;1;El Conquistador;final;1481.595;2778.118;41.595;1338.118;74.465
6696;1;El Conquistador;final;1207.617;1775.532;1207.617;335.532;262.559
6697;1;El Conquistador;final;1225.595;1787.532;1225.595;347.532;258.487
6698;1;El Conquistador;final;1151.845;1799.532;1151.845;359.532;228.052
6699;1;El Conquistador;final;1082.05;1405.652;1082.05;1405.652;306.687
6699.1;1;El Conquistador;final;1364.884;2494.951;1364.884;1054.951;139.201
6700;1;El Conquistador;final;1062.851;1435.652;1062.851;1435.652;310.628
6700.1;1;El Conquistador;final;1159.383;2490.282;1159.383;1050.282;43.159
6701;1;El Conquistador;intermedia;820.468;854.0;820.468;854.0;307.581
6701;2;El Conquistador;final;1167.851;1415.785;1167.851;1415.785;98.488
6701.1;1;El Conquistador;final;1456.449;2578.199;16.449;1138.199;127.21
6702;1;El Conquistador;final;1056.338;1445.785;1056.338;5.785;308.765
6702.1;1;El Conquistador;final;1464.021;2486.748;24.021;1046.748;150.968
6703;1;El Conquistador;final;980.966;1475.785;980.966;35.785;310.47
6703.1;1;El Conquistador;final;1485.225;2387.374;45.225;947.374;206.06
6704;1;El Conquistador;final;1276.183;1798.422;1276.183;358.422;265.03
6705;1;El Conquistador;final;1138.183;1443.575;1138.183;3.575;311.851
6705.1;1;El Conquistador;final;1189.349;2529.298;1189.349;1089.298;43.2
6706;1;El Conquistador;final;1494.963;1520.709;54.963;80.709;260.604
6707;1;El Conquistador;final;1365.792;1559.275;1365.792;119.275;202.263
6708;1;El Conquistador;final;524.534;1597.842;524.534;157.842;115.675
6709;1;El Conquistador;final;1367.226;1636.409;1367.226;196.409;219.978
6710;1;El Conquistador;final;1247.412;1674.975;1247.412;234.975;304.329
6711;1;El Conquistador;final;1179.668;1713.542;1179.668;273.542;287.317
6711.1;1;El Conquistador;final;1518.334;2584.978;78.334;1144.978;159.166
6712;1;El Conquistador;final;1268.818;1713.575;1268.818;273.575;300.625
6712.1;1;El Conquistador;final;1514.963;2668.652;74.963;1228.652;122.762
6713;1;El Conquistador;final;1259.949;1717.092;1259.949;277.092;304.527
6713.1;1;El Conquistador;final;1531.513;2657.89;91.513;1217.89;141.909
6714;1;El Conquistador;final;1249.905;1720.609;1249.905;280.609;313.47
6714.1;1;El Conquistador;final;1352.129;2636.718;1352.129;1196.718;74.465
6715;1;El Conquistador;final;1248.571;1724.125;1248.571;284.125;297.15
6716;1;El Conquistador;final;1203.119;1727.642;1203.119;287.642;274.265
6716.1;1;El Conquistador;final;1472.418;2608.952;32.418;1168.952;126.977
6717;1;El Conquistador;final;1111.845;1731.159;1111.845;291.159;267.948
6718;1;El Conquistador;final;1294.247;1734.675;1294.247;294.675;305.94
6718.1;1;El Conquistador;final;1388.559;2628.575;1388.559;1188.575;86.189
6719;1;El Conquistador;final;1423.892;1741.709;1423.892;301.709;202.263
6720;1;El Conquistador;final;1288.797;1745.225;1288.797;305.225;305.079
6720.1;1;El Conquistador;final;1543.825;2626.425;103.825;1186.425;152.093
6721;1;El Conquistador;final;1206.875;1748.742;1206.875;308.742;279.585
6721.1;1;El Conquistador;final;1543.163;2591.105;103.163;1151.105;157.999
6722;1;El Conquistador;final;1196.255;1752.259;1196.255;312.259;149.337
6723;1;El Conquistador;final;1220.312;1755.775;1220.312;315.775;273.219
6724;1;El Conquistador;final;1286.165;1759.292;1286.165;319.292;311.815
6724.1;1;El Conquistador;final;1477.759;2679.284;37.759;1239.284;108.091
6725;1;El Conquistador;final;1330.619;1762.809;1330.619;322.809;304.101
6726;1;El Conquistador;final;1284.703;1766.325;1284.703;326.325;282.319
6727;1;El Conquistador;final;1293.063;1769.842;1293.063;329.842;311.84
6727.1;1;El Conquistador;final;1452.418;2628.575;12.418;1188.575;113.329
6728;1;El Conquistador;final;498.284;1773.575;498.284;333.575;61.735
6729;1;El Conquistador;final;505.784;1781.075;505.784;341.075;61.735
6730;1;El Conquistador;final;513.284;1788.575;513.284;348.575;61.735
6731;1;El Conquistador;final;1229.786;1796.075;1229.786;356.075;276.759
6731.1;1;El Conquistador;final;1343.663;2631.952;1343.663;1191.952;61.138
6732;1;El Conquistador;final;1242.68;1814.825;1242.68;374.825;281.358
6733;1;El Conquistador;final;1310.234;1822.325;1310.234;382.325;293.828
6734;1;El Conquistador;final;1242.463;1829.825;1242.463;389.825;271.501
6735;1;El Conquistador;final;1316.493;1837.325;1316.493;397.325;300.005
6735.1;1;El Conquistador;final;1372.057;2728.567;1372.057;1288.567;43.188
6736;1;El Conquistador;final;1374.975;1841.075;1374.975;401.075;310.496
6737;1;El Conquistador;final;1415.534;1852.325;1415.534;412.325;313.637
6737.1;1;El Conquistador;final;1490.222;2826.3;50.222;1386.3;51.917
6738;1;El Conquistador;final;1316.063;1863.575;1316.063;423.575;263.817
6739;1;El Conquistador;final;1254.247;2423.575;1254.247;983.575;104.171
6740;1;El Conquistador;final;1374.629;1829.819;1374.629;389.819;306.543
6741;1;El Conquistador;final;1244.671;1886.619;1244.671;446.619;268.635
6741.1;1;El Conquistador;final;1500.171;2574.152;60.171;1134.152;152.703
6742;1;El Conquistador;final;1377.118;1896.086;1377.118;456.086;254.571
6743;1;El Conquistador;final;1286.234;1896.152;1286.234;456.152;243.506
6744;1;El Conquistador;final;1135.743;1773.575;1135.743;333.575;313.486
6744.1;1;El Conquistador;final;1232.312;2550.537;1232.312;1110.537;47.293
6745;1;El Conquistador;final;1292.221;1788.575;1292.221;348.575;261.9
6746;1;El Conquistador;final;1506.155;2373.575;66.155;933.575;195.044
6747;1;El Conquistador;final;1127.818;1713.575;1127.818;273.575;280.297
6747.1;1;El Conquistador;final;1329.318;2563.255;1329.318;1123.255;72.633
6748;1;El Conquistador;final;1274.949;1733.575;1274.949;293.575;295.932
6748.1;1;El Conquistador;final;1407.547;2668.984;1407.547;1228.984;75.651
6749;1;El Conquistador;final;1304.347;1753.575;1304.347;313.575;281.098
6749.1;1;El Conquistador;final;1538.23;2715.253;98.23;1275.253;117.652
6750;1;El Conquistador;final;499.934;1773.575;499.934;333.575;62.601
6751;1;El Conquistador;final;513.768;1787.409;513.768;347.409;62.601
6752;1;El Conquistador;final;527.601;1801.242;527.601;361.242;62.601
6753;1;El Conquistador;final;1242.947;1808.159;1242.947;368.159;274.142
6754;1;El Conquistador;final;1350.013;1815.075;1350.013;375.075;139.04
6755;1;El Conquistador;final;1356.101;1863.575;1356.101;423.575;283.763
6756;1;El Conquistador;final;1512.53;2413.575;72.53;973.575;212.915
6757;1;El Conquistador;final;1071.845;1884.902;1071.845;444.902;175.592
6758;1;El Conquistador;final;1385.879;1896.152;1385.879;456.152;292.555
6759;1;El Conquistador;final;1181.976;1705.706;1181.976;265.706;293.159
6760;1;El Conquistador;final;1159.551;1714.272;1159.551;274.272;273.855
6760.1;1;El Conquistador;final;1305.426;2580.366;1305.426;1140.366;63.269
6761;1;El Conquistador;final;1206.267;1722.839;1206.267;282.839;293.683
6761.1;1;El Conquistador;final;1401.086;2628.699;1401.086;1188.699;92.147
6762;1;El Conquistador;final;1252.334;1731.406;1252.334;291.406;304.097
6763;1;El Conquistador;final;1222.352;1748.539;1222.352;308.539;270.177
6764;1;El Conquistador;final;1194.248;1757.106;1194.248;317.106;271.992
6764.1;1;El Conquistador;final;1291.317;2601.902;1291.317;1161.902;67.366
6765;1;El Conquistador;final;1267.495;1765.672;1267.495;325.672;291.172
6766;1;El Conquistador;final;1347.266;1765.706;1347.266;325.706;311.549
6766.1;1;El Conquistador;final;1428.678;2647.984;1428.678;1207.984;97.152
6767;1;El Conquistador;final;508.751;1772.122;508.751;332.122;65.37
6768;1;El Conquistador;final;1330.119;1778.539;1330.119;338.539;305.2
6768.1;1;El Conquistador;final;1552.478;2710.943;112.478;1270.943;124.589
6769;1;El Conquistador;final;1341.101;1804.206;1341.101;364.206;313.79
6769.1;1;El Conquistador;final;1479.034;2758.699;39.034;1318.699;71.464
6770;1;El Conquistador;final;1201.517;1810.622;1201.517;370.622;264.946
6770.1;1;El Conquistador;final;1528.646;2613.077;88.646;1173.077;142.756
6771;1;El Conquistador;final;1319.467;1823.456;1319.467;383.456;273.929
6771.1;1;El Conquistador;final;1450.062;2741.748;10.062;1301.748;69.332
6772;1;El Conquistador;final;1238.459;1829.872;1238.459;389.872;259.042
6773;1;El Conquistador;final;1287.384;1836.289;1287.384;396.289;267.237
6774;1;El Conquistador;final;1362.707;1842.706;1362.707;402.706;281.475
6774.1;1;El Conquistador;final;1483.776;2785.366;43.776;1345.366;63.269
6775;1;El Conquistador;final;1380.393;1849.122;1380.393;409.122;311.592
6776;1;El Conquistador;final;1276.44;1855.539;1276.44;415.539;260.945
6777;1;El Conquistador;final;1287.871;1855.706;1287.871;415.706;271.575
6778;1;El Conquistador;final;1269.094;2365.706;1269.094;925.706;119.946
6779;1;El Conquistador;final;1318.869;2380.706;1318.869;940.706;146.658
6780;1;El Conquistador;final;1461.901;2403.206;21.901;963.206;192.579
6781;1;El Conquistador;final;1343.297;2425.706;1343.297;985.706;130.542
6782;1;El Conquistador;final;1342.926;2470.706;1342.926;1030.706;117.78
6783;1;El Conquistador;final;1353.726;2485.706;1353.726;1045.706;121.476
6784;1;El Conquistador;final;1225.667;1755.366;1225.667;315.366;286.687
6784.1;1;El Conquistador;final;1379.613;2637.077;1379.613;1197.077;72.936
6785;1;El Conquistador;final;1257.007;1775.366;1257.007;335.366;275.926
6786;1;El Conquistador;final;1273.533;1795.366;1273.533;355.366;289.29
6786.1;1;El Conquistador;final;1375.178;2574.534;1375.178;1134.534;97.152
6787;1;El Conquistador;final;1296.438;1815.366;1296.438;375.366;293.638
6788;1;El Conquistador;final;1358.934;1888.866;1358.934;448.866;286.687
6788.1;1;El Conquistador;final;1545.503;2782.128;105.503;1342.128;116.124
6789;1;El Conquistador;final;1142.033;1905.199;1142.033;465.199;106.282
6790;1;El Conquistador;final;1371.784;1905.366;1371.784;465.366;286.687
6791;1;El Conquistador;final;1203.238;1375.706;1203.238;1375.706;312.156
6791.1;1;El Conquistador;final;1260.806;2627.5;1260.806;1187.5;29.717
6792;1;El Conquistador;final;640.321;1405.706;640.321;1405.706;272.141
6792.1;1;El Conquistador;final;1290.455;2023.271;1290.455;583.271;220.493
6793;1;El Conquistador;final;812.643;1435.706;812.643;1435.706;314.863
6793.1;1;El Conquistador;final;1492.418;2134.706;52.418;694.706;273.341
6794;1;El Conquistador;intermedia;865.779;876.0;865.779;876.0;283.274
6794;2;El Conquistador;final;990.205;1582.906;990.205;142.906;43.503
6794.1;1;El Conquistador;final;1500.813;2384.218;60.813;944.218;195.547
6795;1;El Conquistador;final;650.705;1415.477;650.705;1415.477;277.561
6795.1;1;El Conquistador;final;1377.013;2055.938;1377.013;615.938;251.44
6796;1;El Conquistador;final;1376.563;1445.477;1376.563;5.477;297.839
6797;1;Los Espinos + Santa Rosa;final;671.68;1449.145;671.68;9.145;264.019
6797.1;1;Los Espinos + Santa Rosa;final;1380.608;2093.63;1380.608;653.63;230.458
6798;1;Los Espinos + Santa Rosa;final;1344.143;1719.145;1344.143;279.145;311.691
6798.1;1;Los Espinos + Santa Rosa;final;1367.417;2719.201;1367.417;1279.201;40.157
6799;1;Los Espinos + Santa Rosa;final;1251.586;1731.145;1251.586;291.145;274.97
6800;1;Los Espinos + Santa Rosa;final;1375.41;1743.145;1375.41;303.145;314.3
6800.1;1;Los Espinos + Santa Rosa;final;1502.628;2745.357;62.628;1305.357;91.194
6801;1;Los Espinos + Santa Rosa;final;1372.127;1755.145;1372.127;315.145;194.105
6802;1;Los Espinos + Santa Rosa;final;1283.142;1767.145;1283.142;327.145;275.972
6803;1;Los Espinos + Santa Rosa;final;1302.618;1779.145;1302.618;339.145;275.983
6804;1;Los Espinos + Santa Rosa;final;1173.425;1784.429;1173.425;344.429;238.034
6805;1;Los Espinos + Santa Rosa;final;1172.125;1789.712;1172.125;349.712;227.561
6806;1;Los Espinos + Santa Rosa;final;1239.049;1794.995;1239.049;354.995;259.591
6807;1;Los Espinos + Santa Rosa;final;1250.567;1800.279;1250.567;360.279;294.469
6807.1;1;Los Espinos + Santa Rosa;final;1378.636;2599.145;1378.636;1159.145;96.505
6808;1;Los Espinos + Santa Rosa;final;1349.832;1805.562;1349.832;365.562;293.711
6809;1;Los Espinos + Santa Rosa;final;1302.0;1810.845;1302.0;370.845;287.079
6810;1;Los Espinos + Santa Rosa;final;1279.525;1816.129;1279.525;376.129;292.09
6810.1;1;Los Espinos + Santa Rosa;final;1467.704;2671.937;27.704;1231.937;103.117
6811;1;Los Espinos + Santa Rosa;final;1227.317;1821.412;1227.317;381.412;238.573
6812;1;Los Espinos + Santa Rosa;final;1322.91;1826.695;1322.91;386.695;280.812
6813;1;Los Espinos + Santa Rosa;final;1301.362;1831.979;1301.362;391.979;257.741
6814;1;Los Espinos + Santa Rosa;final;1254.775;1837.262;1254.775;397.262;260.9
6815;1;Los Espinos + Santa Rosa;final;1265.442;1842.545;1265.442;402.545;257.632
6816;1;Los Espinos + Santa Rosa;final;1330.665;1847.829;1330.665;407.829;281.485
6817;1;Los Espinos + Santa Rosa;final;1386.1;1858.395;1386.1;418.395;296.985
6818;1;Los Espinos + Santa Rosa;final;1303.146;1868.962;1303.146;428.962;237.91
6819;1;Los Espinos + Santa Rosa;final;1410.446;1869.145;1410.446;429.145;292.355
6819.1;1;Los Espinos + Santa Rosa;final;1524.472;2795.95;84.472;1355.95;78.238
6820;1;Los Espinos + Santa Rosa;final;1164.926;1440.845;1164.926;0.845;304.879
6820.1;1;Los Espinos + Santa Rosa;final;1521.658;2527.19;81.658;1087.19;152.085
6821;1;Los Espinos + Santa Rosa;final;1145.367;1710.845;1145.367;270.845;263.125
6821.1;1;Los Espinos + Santa Rosa;final;1300.927;2506.333;1300.927;1066.333;90.063
6822;1;Los Espinos + Santa Rosa;final;497.222;1720.845;497.222;280.845;84.956
6823;1;Los Espinos + Santa Rosa;final;1257.035;1730.845;1257.035;290.845;304.478
6823.1;1;Los Espinos + Santa Rosa;final;1405.902;2635.466;1405.902;1195.466;103.55
6824;1;Los Espinos + Santa Rosa;final;1143.489;1740.845;1143.489;300.845;267.435
6825;1;Los Espinos + Santa Rosa;final;537.3;1750.845;537.3;310.845;100.813
6826;1;Los Espinos + Santa Rosa;final;1223.966;1760.845;1223.966;320.845;281.254
6827;1;Los Espinos + Santa Rosa;final;562.555;1770.845;562.555;330.845;84.956
6828;1;Los Espinos + Santa Rosa;final;1410.699;1791.978;1410.699;351.978;244.337
6829;1;Los Espinos + Santa Rosa;final;1296.858;1807.828;1296.858;367.828;298.432
6829.1;1;Los Espinos + Santa Rosa;final;1349.875;2616.241;1349.875;1176.241;82.549
6830;1;Los Espinos + Santa Rosa;final;1236.348;1828.962;1236.348;388.962;263.583
6831;1;Los Espinos + Santa Rosa;final;1401.724;1834.245;1401.724;394.245;267.812
6832;1;Los Espinos + Santa Rosa;final;1328.802;1839.528;1328.802;399.528;281.773
6832.1;1;Los Espinos + Santa Rosa;final;1463.652;2712.071;23.652;1272.071;90.612
6833;1;Los Espinos + Santa Rosa;final;1249.284;1844.812;1249.284;404.812;123.445
6834;1;Los Espinos + Santa Rosa;final;1347.775;1850.095;1347.775;410.095;280.546
6834.1;1;Los Espinos + Santa Rosa;final;1502.463;2783.008;62.463;1343.008;64.764
6835;1;Los Espinos + Santa Rosa;final;1015.413;1389.145;1015.413;1389.145;304.122
6835.1;1;Los Espinos + Santa Rosa;final;1452.31;2412.715;12.31;972.715;173.036
6836;1;Los Espinos + Santa Rosa;final;688.825;1419.145;688.825;1419.145;269.108
6836.1;1;Los Espinos + Santa Rosa;final;1491.487;2097.026;51.487;657.026;285.702
6837;1;Los Espinos + Santa Rosa;final;996.936;1398.019;996.936;1398.019;301.155
6837.1;1;Los Espinos + Santa Rosa;final;1489.746;2444.881;49.746;1004.881;200.679
6838;1;Los Espinos + Santa Rosa;final;1035.419;1428.019;1035.419;1428.019;308.121
6838.1;1;Los Espinos + Santa Rosa;final;1174.119;2480.831;1174.119;1040.831;44.655
6839;1;Los Espinos + Santa Rosa;final;878.872;1443.583;878.872;3.583;301.105
6839.1;1;Los Espinos + Santa Rosa;final;1512.148;2323.315;72.148;883.315;252.921
6840;1;Los Espinos + Santa Rosa;final;1265.925;1578.583;1265.925;138.583;304.839
6840.1;1;Los Espinos + Santa Rosa;final;1392.36;2701.558;1392.36;1261.558;56.977
6841;1;Los Espinos + Santa Rosa;final;1245.556;1713.583;1245.556;273.583;293.185
6841.1;1;Los Espinos + Santa Rosa;final;1358.27;2643.041;1358.27;1203.041;64.804
6842;1;Los Espinos + Santa Rosa;final;1260.003;1725.583;1260.003;285.583;286.107
6842.1;1;Los Espinos + Santa Rosa;final;1375.903;2655.891;1375.903;1215.891;73.653
6843;1;Los Espinos + Santa Rosa;final;1309.838;1737.583;1309.838;297.583;312.143
6843.1;1;Los Espinos + Santa Rosa;final;1334.983;2707.115;1334.983;1267.115;29.699
6844;1;Los Espinos + Santa Rosa;final;1320.685;1749.583;1320.685;309.583;305.229
6845;1;Los Espinos + Santa Rosa;final;1345.339;1761.583;1345.339;321.583;299.767
6846;1;Los Espinos + Santa Rosa;final;1263.448;1784.833;1263.448;344.833;270.777
6847;1;Los Espinos + Santa Rosa;final;1356.908;1807.333;1356.908;367.333;298.151
6847.1;1;Los Espinos + Santa Rosa;final;1476.81;2762.108;36.81;1322.108;67.097
6848;1;Los Espinos + Santa Rosa;final;1425.799;1829.833;1425.799;389.833;309.97
6848.1;1;Los Espinos + Santa Rosa;final;1506.03;2818.827;66.03;1378.827;59.889
6849;1;Los Espinos + Santa Rosa;final;1187.903;1841.083;1187.903;401.083;267.084
6850;1;Los Espinos + Santa Rosa;final;1284.622;1763.041;1284.622;323.041;276.896
6851;1;Los Espinos + Santa Rosa;final;1188.003;1783.041;1188.003;343.041;271.134
6851.1;1;Los Espinos + Santa Rosa;final;1424.702;2583.041;1424.702;1143.041;119.848
6852;1;Los Espinos + Santa Rosa;final;1430.036;1859.291;1430.036;419.291;307.414
6853;1;Los Espinos + Santa Rosa;final;1338.617;1870.541;1338.617;430.541;262.547
6854;1;Los Espinos + Santa Rosa;final;1479.147;1881.791;39.147;441.791;314.631
6855;1;El Conquistador;final;1185.321;1461.443;1185.321;21.443;295.789
6855.1;1;El Conquistador;final;1484.328;2595.748;44.328;1155.748;137.979
6856;1;El Conquistador;final;1238.619;1743.443;1238.619;303.443;259.936
6857;1;El Conquistador;final;528.284;1771.748;528.284;331.748;72.06
6858;1;El Conquistador;final;1382.84;1791.748;1382.84;351.748;314.515
6859;1;El Conquistador;final;1275.486;1834.248;1275.486;394.248;262.888
6860;1;El Conquistador;final;1421.9;1867.998;1421.9;427.998;314.044
6860.1;1;El Conquistador;final;1471.24;2829.817;31.24;1389.817;43.188
6861;1;Los Espinos + Santa Rosa;final;1284.003;1773.041;1284.003;333.041;303.32
6861.1;1;Los Espinos + Santa Rosa;final;1386.152;2681.591;1386.152;1241.591;67.699
6862;1;Los Espinos + Santa Rosa;final;1296.003;1788.041;1296.003;348.041;314.435
6862.1;1;Los Espinos + Santa Rosa;final;1453.308;2694.441;13.308;1254.441;88.612
6863;1;Los Espinos + Santa Rosa;final;1382.39;1803.041;1382.39;363.041;305.752
6863.1;1;Los Espinos + Santa Rosa;final;1447.822;2820.982;7.822;1380.982;31.497
6864;1;Los Espinos + Santa Rosa;final;1205.28;1735.494;1205.28;295.494;263.126
6865;1;Los Espinos + Santa Rosa;final;1301.38;1755.494;1301.38;315.494;303.304
6865.1;1;Los Espinos + Santa Rosa;final;1482.03;2710.72;42.03;1270.72;88.637
6866;1;Los Espinos + Santa Rosa;final;1316.05;1775.494;1316.05;335.494;307.483
6866.1;1;Los Espinos + Santa Rosa;final;1397.467;2696.468;1397.467;1256.468;64.866
6867;1;Los Espinos + Santa Rosa;final;898.801;1815.494;898.801;375.494;158.783
6868;1;Los Espinos + Santa Rosa;final;1324.602;1845.494;1324.602;405.494;282.685
6869;1;Los Espinos + Santa Rosa;final;847.502;1412.865;847.502;1412.865;300.743
6869.1;1;Los Espinos + Santa Rosa;final;1511.963;2230.649;71.963;790.649;254.318
6870;1;Los Espinos + Santa Rosa;final;908.514;1442.865;908.514;2.865;293.468
6870.1;1;Los Espinos + Santa Rosa;final;1322.133;2348.22;1322.133;908.22;126.305
6871;1;Los Espinos + Santa Rosa;final;806.903;1403.825;806.903;1403.825;308.859
6871.1;1;Los Espinos + Santa Rosa;final;1454.187;2214.441;14.187;774.441;239.438
6872;1;Los Espinos + Santa Rosa;final;901.091;1433.825;901.091;1433.825;306.122
6872.1;1;Los Espinos + Santa Rosa;final;1419.133;2339.161;1419.133;899.161;186.566
6873;1;Los Espinos + Santa Rosa;final;1027.894;1463.825;1027.894;23.825;305.92
6873.1;1;Los Espinos + Santa Rosa;final;1362.711;2382.081;1362.711;942.081;137.661
6874;1;El Conquistador;final;1013.12;1476.102;1013.12;36.102;273.794
6874.1;1;El Conquistador;final;1552.862;2437.867;112.862;997.867;214.319
6875;1;El Conquistador;final;1281.815;1758.102;1281.815;318.102;305.009
6875.1;1;El Conquistador;final;1373.115;2684.652;1373.115;1244.652;49.201
6876;1;El Conquistador;final;1197.453;1770.102;1197.453;330.102;273.794
6876.1;1;El Conquistador;final;1387.087;2590.367;1387.087;1150.367;111.922
6877;1;El Conquistador;final;1355.736;1794.102;1355.736;354.102;306.169
6877.1;1;El Conquistador;final;1465.666;2752.098;25.666;1312.098;64.733
6878;1;El Conquistador;final;1453.115;1844.652;13.115;404.652;286.77
6879;1;El Conquistador;final;1208.255;1472.098;1208.255;32.098;241.895
6880;1;El Conquistador;final;1363.118;1762.098;1363.118;322.098;298.24
6880.1;1;El Conquistador;final;1428.799;2778.399;1428.799;1338.399;43.159
6881;1;El Conquistador;final;1267.926;1739.035;1267.926;299.035;305.698
6882;1;El Conquistador;final;1379.388;1754.035;1379.388;314.035;219.958
6883;1;El Conquistador;final;1274.107;1769.035;1274.107;329.035;294.69
6884;1;El Conquistador;final;1510.959;1784.035;70.959;344.035;227.676
6885;1;El Conquistador;final;1272.378;1799.035;1272.378;359.035;270.966
6885.1;1;El Conquistador;final;1492.478;2650.943;52.478;1210.943;124.589
6886;1;El Conquistador;final;1347.509;1810.285;1347.509;370.285;304.71
6887;1;El Conquistador;final;1303.501;1821.535;1303.501;381.535;287.323
6887.1;1;El Conquistador;final;1440.293;2722.866;0.293;1282.866;66.965
6888;1;El Conquistador;final;1280.536;1832.785;1280.536;392.785;283.808
6889;1;El Conquistador;final;501.551;1855.285;501.551;415.285;32.233
6890;1;El Conquistador;final;1261.684;1866.535;1261.684;426.535;253.928
6891;1;El Conquistador;final;1394.213;1877.785;1394.213;437.785;280.766
6892;1;El Conquistador;final;1485.503;1755.366;45.503;315.366;235.997
6893;1;El Conquistador;final;1132.034;1775.366;1132.034;335.366;314.428
6893.1;1;El Conquistador;final;1411.15;2454.095;1411.15;1014.095;184.411
6894;1;El Conquistador;final;1363.948;1795.366;1363.948;355.366;314.729
6895;1;El Conquistador;final;490.301;1815.366;490.301;375.366;38.742
6896;1;El Conquistador;final;499.095;1826.616;499.095;386.616;41.039
6897;1;El Conquistador;final;1344.359;1849.116;1344.359;409.116;137.219
6898;1;El Conquistador;final;1327.059;1860.366;1327.059;420.366;284.964
6899;1;El Conquistador;final;1313.869;1905.366;1313.869;465.366;251.319
6900;1;El Conquistador;final;1091.845;1713.575;1091.845;273.575;265.524
6900.1;1;El Conquistador;final;1444.102;2531.455;4.102;1091.455;122.969
6901;1;El Conquistador;final;1310.597;1728.575;1310.597;288.575;312.763
6902;1;El Conquistador;final;1290.972;1743.575;1290.972;303.575;311.529
6902.1;1;El Conquistador;final;1332.095;2675.268;1332.095;1235.268;44.031
6903;1;El Conquistador;final;1270.484;1773.575;1270.484;333.575;286.72
6903.1;1;El Conquistador;final;1503.963;2706.455;63.963;1266.455;105.438
6904;1;El Conquistador;final;1242.059;1786.425;1242.059;346.425;283.64
6904.1;1;El Conquistador;final;1387.603;2643.217;1387.603;1203.217;85.393
6905;1;El Conquistador;final;1180.017;1837.825;1180.017;397.825;240.147
6906;1;El Conquistador;final;1402.418;1953.575;1402.418;513.575;299.147
6906.1;1;El Conquistador;final;1483.989;2814.978;43.989;1374.978;51.499
6907;1;El Conquistador;final;1428.749;2223.575;1428.749;783.575;233.889
6908;1;El Conquistador;final;1316.109;1771.003;1316.109;331.003;133.492
6909;1;El Conquistador;final;1287.62;1791.003;1287.62;351.003;268.845
6910;1;El Conquistador;final;1274.918;1752.298;1274.918;312.298;307.524
6910.1;1;El Conquistador;final;1348.416;2690.032;1348.416;1250.032;43.159
6911;1;El Conquistador;final;1233.683;1767.298;1233.683;327.298;272.646
6911.1;1;El Conquistador;final;1476.536;2630.367;36.536;1190.367;130.406
6912;1;El Conquistador;final;1155.743;1782.298;1155.743;342.298;312.041
6912.1;1;El Conquistador;final;1348.97;2566.013;1348.97;1126.013;86.499
6913;1;El Conquistador;final;1327.751;1797.298;1327.751;357.298;313.23
6913.1;1;El Conquistador;final;1365.202;2710.649;1365.202;1270.649;46.58
6914;1;El Conquistador;final;1374.083;1810.148;1374.083;370.148;298.098
6915;1;El Conquistador;final;1322.579;1822.998;1322.579;382.998;159.497
6916;1;El Conquistador;final;1314.7;1835.848;1314.7;395.848;309.337
6916.1;1;El Conquistador;final;1355.215;2701.548;1355.215;1261.548;43.2
6917;1;El Conquistador;final;1146.165;1848.698;1146.165;408.698;237.741
6918;1;El Conquistador;final;1250.709;1861.548;1250.709;421.548;122.078
6919;1;El Conquistador;final;1381.513;1874.398;1381.513;434.398;274.068
6920;1;El Conquistador;final;1249.349;1887.248;1249.349;447.248;270.164
6921;1;El Conquistador;final;1363.734;1887.298;1363.734;447.298;139.973
6922;1;El Conquistador;final;1307.526;1738.495;1307.526;298.495;285.879
6922.1;1;El Conquistador;final;1430.942;2713.357;1430.942;1273.357;67.309
6923;1;El Conquistador;final;1372.702;1758.495;1372.702;318.495;308.676
6924;1;El Conquistador;final;1334.193;1778.495;1334.193;338.495;285.879
6925;1;El Conquistador;final;1336.443;1798.495;1336.443;358.495;285.879
6925.1;1;El Conquistador;final;1501.01;2728.357;61.01;1288.357;95.373
6926;1;El Conquistador;final;491.595;1811.345;491.595;371.345;49.839
6927;1;El Conquistador;final;1385.568;1824.195;1385.568;384.195;292.83
6928;1;El Conquistador;final;1284.359;1837.045;1284.359;397.045;257.815
6929;1;El Conquistador;final;1427.385;1849.895;1427.385;409.895;308.676
6930;1;El Conquistador;final;1379.022;1862.745;1379.022;422.745;305.983
6930.1;1;El Conquistador;final;1445.882;2762.762;5.882;1322.762;58.481
6931;1;El Conquistador;final;1244.517;1875.595;1244.517;435.595;76.983
6932;1;El Conquistador;final;1415.942;1888.445;1415.942;448.445;277.729
6933;1;Los Espinos + Santa Rosa;final;1384.563;1713.957;1384.563;273.957;298.26
6933.1;1;Los Espinos + Santa Rosa;final;1470.258;2787.249;30.258;1347.249;56.443
6934;1;Los Espinos + Santa Rosa;final;1487.391;1725.957;47.391;285.957;312.742
6935;1;Los Espinos + Santa Rosa;final;563.829;1737.957;563.829;297.957;94.397
6936;1;Los Espinos + Santa Rosa;final;1296.386;1761.957;1296.386;321.957;258.285
6937;1;Los Espinos + Santa Rosa;final;1254.918;1773.957;1254.918;333.957;245.784
6938;1;Los Espinos + Santa Rosa;final;498.025;1799.657;498.025;359.657;56.178
6939;1;El Conquistador;final;1306.863;1722.28;1306.863;282.28;312.449
6939.1;1;El Conquistador;final;1467.44;2643.575;27.44;1203.575;114.349
6940;1;El Conquistador;final;1197.312;1737.28;1197.312;297.28;259.305
6941;1;El Conquistador;final;1316.42;1752.28;1316.42;312.28;309.914
6941.1;1;El Conquistador;final;1480.02;2704.617;40.02;1264.617;111.922
6942;1;El Conquistador;final;1292.312;1767.28;1292.312;327.28;289.089
6943;1;El Conquistador;final;1255.697;1782.28;1255.697;342.28;109.383
6944;1;El Conquistador;final;1190.93;1790.446;1190.93;350.446;258.236
6945;1;El Conquistador;final;1420.207;1798.613;1420.207;358.613;308.306
6945.1;1;El Conquistador;final;1461.003;2801.443;21.003;1361.443;44.969
6946;1;El Conquistador;final;1227.98;1806.78;1227.98;366.78;281.397
6947;1;El Conquistador;final;1381.003;1814.946;1381.003;374.946;306.948
6948;1;El Conquistador;final;1093.519;1823.113;1093.519;383.113;197.793
6949;1;El Conquistador;final;1278.116;1831.28;1278.116;391.28;240.923
6950;1;El Conquistador;final;1440.212;1839.446;0.212;399.446;297.966
6951;1;El Conquistador;final;1196.312;1855.78;1196.312;415.78;202.582
6952;1;El Conquistador;final;1244.551;1863.946;1244.551;423.946;259.55
6953;1;El Conquistador;final;1416.48;1872.28;1416.48;432.28;297.131
6954;1;El Conquistador;final;1236.471;1917.28;1236.471;477.28;236.226
6955;1;El Conquistador;final;1314.395;1962.28;1314.395;522.28;245.036
6956;1;El Conquistador;final;1312.849;2187.28;1312.849;747.28;164.487
6957;1;El Conquistador;final;1201.753;2382.28;1201.753;942.28;85.611
6958;1;El Conquistador;final;1260.536;1751.443;1260.536;311.443;135.698
6959;1;El Conquistador;final;1433.247;1807.777;1433.247;367.777;211.266
6960;1;Los Espinos + Santa Rosa;final;1209.03;1700.761;1209.03;260.761;297.224
6960.1;1;Los Espinos + Santa Rosa;final;1464.86;2629.865;24.86;1189.865;111.878
6961;1;Los Espinos + Santa Rosa;final;1153.049;1715.761;1153.049;275.761;291.289
6961.1;1;Los Espinos + Santa Rosa;final;1443.704;2526.16;3.704;1086.16;143.613
6962;1;Los Espinos + Santa Rosa;final;1248.047;1730.761;1248.047;290.761;291.356
6962.1;1;Los Espinos + Santa Rosa;final;1485.799;2661.97;45.799;1221.97;113.728
6963;1;Los Espinos + Santa Rosa;final;1342.942;1745.761;1342.942;305.761;313.254
6964;1;Los Espinos + Santa Rosa;final;1301.459;1783.261;1301.459;343.261;294.83
6964.1;1;Los Espinos + Santa Rosa;final;1373.876;2655.976;1373.876;1215.976;79.536
6965;1;Los Espinos + Santa Rosa;final;1363.557;1805.761;1363.557;365.761;311.423
6966;1;Los Espinos + Santa Rosa;final;1180.41;1817.011;1180.41;377.011;255.052
6967;1;Los Espinos + Santa Rosa;final;1447.6;2432.761;7.6;992.761;179.868
6968;1;Los Espinos + Santa Rosa;final;1259.275;1763.041;1259.275;323.041;289.719
6968.1;1;Los Espinos + Santa Rosa;final;1377.397;2693.008;1377.397;1253.008;53.419
6969;1;Los Espinos + Santa Rosa;final;1341.057;1783.041;1341.057;343.041;308.042
6970;1;Los Espinos + Santa Rosa;final;1309.817;1803.041;1309.817;363.041;299.428
6971;1;Los Espinos + Santa Rosa;final;1227.049;1836.791;1227.049;396.791;255.662
6972;1;Los Espinos + Santa Rosa;final;1347.833;1870.541;1347.833;430.541;277.434
6973;1;El Conquistador;final;929.701;1470.367;929.701;30.367;284.594
6973.1;1;El Conquistador;final;1454.784;2371.455;14.784;931.455;170.894
6974;1;El Conquistador;final;1227.315;1752.367;1227.315;312.367;301.715
6974.1;1;El Conquistador;final;1346.721;2637.54;1346.721;1197.54;58.671
6975;1;El Conquistador;final;1252.019;1764.367;1252.019;324.367;304.789
6976;1;El Conquistador;final;1264.019;1776.367;1264.019;336.367;304.789
6976.1;1;El Conquistador;final;1368.586;2654.948;1368.586;1214.948;52.761
6977;1;El Conquistador;final;1227.453;1788.367;1227.453;348.367;286.305
6977.1;1;El Conquistador;final;1456.536;2620.367;16.536;1180.367;130.406
6978;1;El Conquistador;final;1291.486;1806.367;1291.486;366.367;304.789
6978.1;1;El Conquistador;final;1338.248;2693.498;1338.248;1253.498;35.796
6979;1;El Conquistador;final;1286.848;1812.367;1286.848;372.367;301.715
6979.1;1;El Conquistador;final;1342.886;2697.502;1342.886;1257.502;36.469
6980;1;El Conquistador;final;1371.457;1818.367;1371.457;378.367;314.903
6980.1;1;El Conquistador;final;1465.207;2751.443;25.207;1311.443;67.327
6981;1;El Conquistador;final;1471.118;1824.367;31.118;384.367;312.713
6982;1;El Conquistador;final;1246.42;1830.367;1246.42;390.367;286.305
6982.1;1;El Conquistador;final;1510.02;2640.367;70.02;1200.367;155.518
6983;1;El Conquistador;final;1266.42;1842.367;1266.42;402.367;286.305
6984;1;El Conquistador;final;1413.115;1890.367;1413.115;450.367;303.62
6984.1;1;El Conquistador;final;1484.099;2833.699;44.099;1393.699;43.159
6985;1;Los Espinos + Santa Rosa;final;730.762;1442.332;730.762;2.332;301.366
6985.1;1;Los Espinos + Santa Rosa;final;1289.254;2134.8;1289.254;694.8;184.839
6986;1;Los Espinos + Santa Rosa;final;1185.225;1736.332;1185.225;296.332;279.113
6986.1;1;Los Espinos + Santa Rosa;final;1501.935;2522.248;61.935;1082.248;185.852
6987;1;Los Espinos + Santa Rosa;final;1187.558;1748.332;1187.558;308.332;279.439
6987.1;1;Los Espinos + Santa Rosa;final;1295.413;2522.332;1295.413;1082.332;87.471
6988;1;Los Espinos + Santa Rosa;final;1283.158;1772.332;1283.158;332.332;287.111
6989;1;Los Espinos + Santa Rosa;final;1236.513;1794.832;1236.513;354.832;265.676
6989.1;1;Los Espinos + Santa Rosa;final;1493.23;2621.63;53.23;1181.63;131.351
6990;1;Los Espinos + Santa Rosa;final;1364.309;1817.332;1364.309;377.332;307.824
6991;1;Los Espinos + Santa Rosa;final;1373.242;1828.582;1373.242;388.582;301.647
6992;1;Los Espinos + Santa Rosa;final;1380.875;1900.882;1380.875;460.882;286.706
6993;1;Los Espinos + Santa Rosa;final;1328.474;1760.166;1328.474;320.166;313.523
6994;1;Los Espinos + Santa Rosa;final;564.55;1768.733;564.55;328.733;86.486
6995;1;Los Espinos + Santa Rosa;final;1338.474;1777.3;1338.474;337.3;313.523
6996;1;Los Espinos + Santa Rosa;final;584.55;1785.866;584.55;345.866;86.486
6997;1;Los Espinos + Santa Rosa;final;1355.807;1785.9;1355.807;345.9;313.523
6997.1;1;Los Espinos + Santa Rosa;final;1500.7;2671.108;60.7;1231.108;120.624
6998;1;Los Espinos + Santa Rosa;final;1343.474;1793.4;1343.474;353.4;313.523
6998.1;1;Los Espinos + Santa Rosa;final;1375.7;2659.858;1375.7;1219.858;72.498
6999;1;Los Espinos + Santa Rosa;final;1348.474;1800.9;1348.474;360.9;313.523
7000;1;Los Espinos + Santa Rosa;final;1215.847;1433.608;1215.847;1433.608;312.365
7000.1;1;Los Espinos + Santa Rosa;final;1318.474;2577.536;1318.474;1137.536;72.129
7001;1;Los Espinos + Santa Rosa;final;534.55;1501.108;534.55;61.108;120.624
7002;1;Los Espinos + Santa Rosa;final;1169.907;1568.608;1169.907;128.608;299.535
7003;1;Los Espinos + Santa Rosa;final;549.55;1636.108;549.55;196.108;120.624
7004;1;Los Espinos + Santa Rosa;final;444.117;1703.608;444.117;263.608;72.498
7005;1;Los Espinos + Santa Rosa;final;1247.264;1708.608;1247.264;268.608;312.365
7005.1;1;Los Espinos + Santa Rosa;final;1353.474;2612.536;1353.474;1172.536;72.129
7006;1;Los Espinos + Santa Rosa;final;1283.78;1713.608;1283.78;273.608;312.365
7006.1;1;Los Espinos + Santa Rosa;final;1508.357;2650.036;68.357;1210.036;120.255
7007;1;Los Espinos + Santa Rosa;final;459.117;1718.608;459.117;278.608;72.498
7008;1;Los Espinos + Santa Rosa;final;1290.634;1723.608;1290.634;283.608;313.129
7009;1;Los Espinos + Santa Rosa;final;1294.214;1728.608;1294.214;288.608;312.365
7009.1;1;Los Espinos + Santa Rosa;final;1385.807;2657.536;1385.807;1217.536;72.129
7010;1;Los Espinos + Santa Rosa;final;1253.474;1733.608;1253.474;293.608;299.535
7011;1;Los Espinos + Santa Rosa;final;1299.43;1738.608;1299.43;298.608;312.365
7011.1;1;Los Espinos + Santa Rosa;final;1393.307;2665.036;1393.307;1225.036;72.129
7012;1;Los Espinos + Santa Rosa;final;1309.864;1743.608;1309.864;303.608;312.365
7012.1;1;Los Espinos + Santa Rosa;final;1525.49;2672.536;85.49;1232.536;120.255
7013;1;Los Espinos + Santa Rosa;final;1293.474;1748.608;1293.474;308.608;299.535
7014;1;Los Espinos + Santa Rosa;final;1206.584;1753.608;1206.584;313.608;265.003
7015;1;Los Espinos + Santa Rosa;final;1329.064;1758.608;1329.064;318.608;312.365
7015.1;1;Los Espinos + Santa Rosa;final;1430.807;2702.536;1430.807;1262.536;72.129
7016;1;Los Espinos + Santa Rosa;final;519.55;1763.608;519.55;323.608;72.498
7017;1;Los Espinos + Santa Rosa;final;1212.034;1773.608;1212.034;333.608;265.003
7018;1;Los Espinos + Santa Rosa;final;1313.474;1788.608;1313.474;348.608;299.535
7019;1;Los Espinos + Santa Rosa;final;1351.564;1798.608;1351.564;358.608;312.365
7019.1;1;Los Espinos + Santa Rosa;final;1559.757;2717.536;119.757;1277.536;120.255
7020;1;Los Espinos + Santa Rosa;final;1362.814;1813.608;1362.814;373.608;312.365
7020.1;1;Los Espinos + Santa Rosa;final;1456.957;2734.67;16.957;1294.67;72.129
7021;1;Los Espinos + Santa Rosa;final;579.55;1823.608;579.55;383.608;72.498
7022;1;Los Espinos + Santa Rosa;final;589.55;1833.608;589.55;393.608;72.498
7023;1;Los Espinos + Santa Rosa;final;594.55;1838.608;594.55;398.608;72.498
7024;1;Los Espinos + Santa Rosa;final;1370.807;1848.608;1370.807;408.608;299.535
7025;1;Los Espinos + Santa Rosa;final;1269.767;1872.858;1269.767;432.858;265.003
7026;1;Los Espinos + Santa Rosa;final;1415.807;1917.775;1415.807;477.775;299.535
7027;1;Los Espinos + Santa Rosa;final;1363.307;2213.608;1363.307;773.608;203.282
7028;1;Los Espinos + Santa Rosa;final;1316.717;2265.742;1316.717;825.742;168.75
7029;1;Los Espinos + Santa Rosa;final;1303.474;2291.808;1303.474;851.808;155.156
7030;1;Los Espinos + Santa Rosa;final;1491.224;2369.058;51.224;929.058;203.282
7031;1;Los Espinos + Santa Rosa;final;1248.474;2412.658;1248.474;972.658;107.03
7032;1;Los Espinos + Santa Rosa;final;1542.624;2445.358;102.624;1005.358;203.282
7033;1;Los Espinos + Santa Rosa;final;1408.307;2450.808;1408.307;1010.808;155.156
7034;1;Los Espinos + Santa Rosa;final;1438.307;2483.608;1438.307;1043.608;155.156
7035;1;Los Espinos + Santa Rosa;final;1249.004;1746.85;1249.004;306.85;288.209
7036;1;Los Espinos + Santa Rosa;final;1275.951;1806.85;1275.951;366.85;288.852
7037;1;El Conquistador;final;1037.295;1465.656;1037.295;25.656;303.444
7037.1;1;El Conquistador;final;1264.812;2369.376;1264.812;929.376;122.406
7038;1;El Conquistador;final;1295.613;1743.156;1295.613;303.156;313.679
7038.1;1;El Conquistador;final;1485.067;2617.86;45.067;1177.86;140.94
7039;1;El Conquistador;final;1289.107;1750.656;1289.107;310.656;296.39
7040;1;El Conquistador;final;1310.4;1758.156;1310.4;318.156;305.221
7040.1;1;El Conquistador;final;1383.678;2602.984;1383.678;1162.984;97.152
7041;1;El Conquistador;final;1216.301;1765.656;1216.301;325.656;265.709
7041.1;1;El Conquistador;final;1523.776;2642.033;83.776;1202.033;129.871
7042;1;El Conquistador;final;1220.536;1773.156;1220.536;333.156;271.466
7043;1;El Conquistador;final;1268.425;1780.656;1268.425;340.656;268.909
7044;1;El Conquistador;final;1268.643;1788.156;1268.643;348.156;284.762
7045;1;El Conquistador;final;1305.2;1795.656;1305.2;355.656;300.655
7045.1;1;El Conquistador;final;1361.066;2702.624;1361.066;1262.624;43.053
7046;1;El Conquistador;final;489.607;1800.939;489.607;360.939;49.321
7047;1;El Conquistador;final;1307.202;1811.506;1307.202;371.506;282.06
7047.1;1;El Conquistador;final;1445.697;2694.713;5.697;1254.713;82.337
7048;1;El Conquistador;final;510.74;1822.072;510.74;382.072;49.321
7049;1;El Conquistador;final;1302.13;1827.356;1302.13;387.356;291.02
7050;1;El Conquistador;final;1279.305;1837.922;1279.305;397.922;155.833
7051;1;El Conquistador;final;1313.571;1848.489;1313.571;408.489;307.267
7052;1;El Conquistador;final;1390.196;1853.772;1390.196;413.772;306.593
7052.1;1;El Conquistador;final;1517.33;2779.863;77.33;1339.863;82.337
7053;1;El Conquistador;final;1258.772;1869.622;1258.772;429.622;264.617
7053.1;1;El Conquistador;final;1537.109;2677.866;97.109;1237.866;127.57
7054;1;El Conquistador;final;1320.536;1880.189;1320.536;440.189;262.115
7054.1;1;El Conquistador;final;1456.947;2705.963;16.947;1265.963;82.337
7055;1;El Conquistador;final;1170.08;1885.656;1170.08;445.656;236.519
7056;1;El Conquistador;final;1267.202;1766.656;1267.202;326.656;282.697
7057;1;El Conquistador;final;1298.078;1778.656;1298.078;338.656;293.874
7058;1;El Conquistador;final;1329.78;1790.656;1329.78;350.656;308.896
7058.1;1;El Conquistador;final;1447.349;2657.351;7.349;1217.351;93.707
7059;1;El Conquistador;final;1377.474;1814.656;1377.474;374.656;303.968
7059.1;1;El Conquistador;final;1452.486;2796.056;12.486;1356.056;45.601
7060;1;El Conquistador;final;1290.426;1827.49;1290.426;387.49;279.234
7061;1;El Conquistador;final;1240.536;1853.156;1240.536;413.156;243.188
7062;1;El Conquistador;final;1316.153;1872.406;1316.153;432.406;274.826
7062.1;1;El Conquistador;final;1422.013;2722.652;1422.013;1282.652;61.138
7063;1;El Conquistador;final;1379.435;1904.656;1379.435;464.656;280.501
7063.1;1;El Conquistador;final;1504.646;2787.077;64.646;1347.077;72.936
7064;1;El Conquistador;final;1433.13;1821.243;1433.13;381.243;245.161
7065;1;El Conquistador;final;1214.146;1832.493;1214.146;392.493;209.058
7066;1;El Conquistador;final;1467.585;1843.743;27.585;403.743;200.963
7067;1;El Conquistador;final;1263.141;1854.993;1263.141;414.993;251.512
7068;1;El Conquistador;final;1364.272;1866.243;1364.272;426.243;280.45
7069;1;El Conquistador;final;1515.869;1877.493;75.869;437.493;239.755
7070;1;El Conquistador;final;1447.118;1888.743;7.118;448.743;305.908
7071;1;El Conquistador;final;497.899;1899.993;497.899;459.993;14.109
7072;1;El Conquistador;final;1298.08;1740.535;1298.08;300.535;300.903
7072.1;1;El Conquistador;final;1360.992;2618.801;1360.992;1178.801;74.815
7073;1;El Conquistador;final;1243.868;1752.535;1243.868;312.535;290.172
7074;1;El Conquistador;final;1227.062;1764.535;1227.062;324.535;306.554
7074.1;1;El Conquistador;final;1560.171;2531.214;120.171;1091.214;198.139
7075;1;El Conquistador;final;506.349;1776.535;506.349;336.535;69.234
7076;1;El Conquistador;final;1191.459;1788.535;1191.459;348.535;226.765
7077;1;El Conquistador;final;1295.046;1823.035;1295.046;383.035;270.579
7078;1;El Conquistador;final;1199.502;1834.285;1199.502;394.285;236.695
7079;1;El Conquistador;final;1302.659;1845.535;1302.659;405.535;298.927
7079.1;1;El Conquistador;final;1393.785;2708.28;1393.785;1268.28;62.196
7080;1;El Conquistador;final;1326.535;1868.035;1326.535;428.035;258.247
7081;1;El Conquistador;final;1223.346;1879.285;1223.346;439.285;242.738
7082;1;El Conquistador;final;1141.603;1890.535;1141.603;450.535;271.904
7082.1;1;El Conquistador;final;1291.986;2539.771;1291.986;1099.771;99.492
7083;1;El Conquistador;final;1258.106;1920.535;1258.106;480.535;309.151
7084;1;El Conquistador;final;1292.147;1743.284;1292.147;303.284;286.314
7085;1;El Conquistador;final;1101.794;1753.284;1101.794;313.284;233.254
7086;1;El Conquistador;final;1295.746;1763.284;1295.746;323.284;305.759
7086.1;1;El Conquistador;final;1513.165;2597.881;73.165;1157.881;157.166
7087;1;El Conquistador;final;1379.617;1773.284;1379.617;333.284;310.223
7087.1;1;El Conquistador;final;1446.099;2685.811;6.099;1245.811;93.591
7088;1;El Conquistador;final;1349.725;1783.284;1349.725;343.284;299.148
7089;1;El Conquistador;final;1340.509;1793.284;1340.509;353.284;312.943
7090;1;El Conquistador;final;1221.459;1803.284;1221.459;363.284;270.327
7091;1;El Conquistador;final;1457.092;1812.284;17.092;372.284;311.726
7092;1;El Conquistador;final;1093.219;1821.284;1093.219;381.284;300.567
7092.1;1;El Conquistador;final;1258.103;2488.304;1258.103;1048.304;104.375
7093;1;El Conquistador;final;1261.051;1830.284;1261.051;390.284;249.978
7094;1;El Conquistador;final;1269.993;1848.284;1269.993;408.284;242.62
7095;1;El Conquistador;final;1357.14;1857.284;1357.14;417.284;276.253
7096;1;El Conquistador;final;1223.836;1884.284;1223.836;444.284;260.78
7096.1;1;El Conquistador;final;1403.522;2628.28;1403.522;1188.28;82.304
7097;1;El Conquistador;final;1266.216;1893.284;1266.216;453.284;300.427
7098;1;El Conquistador;final;1305.253;1904.534;1305.253;464.534;265.605
7098.1;1;El Conquistador;final;1451.215;2708.499;11.215;1268.499;78.105
7099;1;El Conquistador;final;1223.727;1915.784;1223.727;475.784;239.714
7100;1;El Conquistador;final;1386.225;1938.284;1386.225;498.284;273.119
7100.1;1;El Conquistador;final;1530.006;2789.68;90.006;1349.68;82.304
7101;1;El Conquistador;final;1284.803;1751.117;1284.803;311.117;302.083
7101.1;1;El Conquistador;final;1349.226;2595.861;1349.226;1155.861;86.44
7102;1;El Conquistador;final;1321.032;1771.117;1321.032;331.117;306.301
7102.1;1;El Conquistador;final;1396.292;2717.89;1396.292;1277.89;48.291
7103;1;El Conquistador;final;1508.605;1742.89;68.605;302.89;276.623
7104;1;El Conquistador;final;1369.068;1751.457;1369.068;311.457;278.437
7104.1;1;El Conquistador;final;1512.872;2772.547;72.872;1332.547;82.304
7105;1;El Conquistador;final;1261.858;1760.023;1261.858;320.023;177.097
7106;1;El Conquistador;final;1297.905;1768.59;1297.905;328.59;292.35
7106.1;1;El Conquistador;final;1397.129;2681.718;1397.129;1241.718;74.465
7107;1;El Conquistador;final;1251.238;1785.723;1251.238;345.723;132.512
7108;1;El Conquistador;final;1277.939;1802.857;1277.939;362.857;172.984
7109;1;El Conquistador;final;1349.741;1802.89;1349.741;362.89;281.498
7110;1;El Conquistador;final;1401.682;1814.123;1401.682;374.123;292.226
7110.1;1;El Conquistador;final;1489.165;2804.89;49.165;1364.89;62.797
7111;1;El Conquistador;final;1317.868;1819.74;1317.868;379.74;280.53
7111.1;1;El Conquistador;final;1426.513;2727.152;1426.513;1287.152;61.138
7112;1;El Conquistador;final;1420.552;1830.973;1420.552;390.973;221.854
7113;1;El Conquistador;final;1252.893;1836.59;1252.893;396.59;264.968
7114;1;El Conquistador;final;1370.47;1859.057;1370.47;419.057;294.42
7114.1;1;El Conquistador;final;1413.059;2672.961;1413.059;1232.961;86.8
7115;1;El Conquistador;final;1350.415;1742.89;1350.415;302.89;296.76
7116;1;El Conquistador;final;1386.099;1752.89;1386.099;312.89;312.949
7117;1;El Conquistador;final;1132.032;1762.89;1132.032;322.89;213.111
7118;1;El Conquistador;final;1258.593;1782.89;1258.593;342.89;248.367
7119;1;El Conquistador;final;1308.85;1802.89;1308.85;362.89;280.565
7119.1;1;El Conquistador;final;1429.055;2610.783;1429.055;1170.783;108.1
7120;1;El Conquistador;final;1268.516;1812.89;1268.516;372.89;250.732
7121;1;El Conquistador;final;1451.9;1822.89;11.9;382.89;292.392
7122;1;El Conquistador;final;1285.032;1832.89;1285.032;392.89;241.942
7123;1;El Conquistador;final;1283.849;1842.89;1283.849;402.89;241.942
7124;1;El Conquistador;final;1170.025;1872.89;1170.025;432.89;200.802
7125;1;El Conquistador;final;1465.165;1882.89;25.165;442.89;306.624
7126;1;El Conquistador;final;1268.849;1892.89;1268.849;452.89;238.739
7127;1;El Conquistador;final;1230.059;1982.89;1230.059;542.89;207.328
7128;1;El Conquistador;final;1077.898;1749.827;1077.898;309.827;275.692
7128.1;1;El Conquistador;final;1370.589;2499.902;1370.589;1059.902;169.002
7129;1;El Conquistador;final;1101.845;1839.827;1101.845;399.827;190.098
7130;1;El Conquistador;final;1497.108;1749.8;57.108;309.8;265.517
7131;1;El Conquistador;final;866.125;1472.638;866.125;32.638;283.291
7131.1;1;El Conquistador;final;1487.652;2304.277;47.652;864.277;212.225
7132;1;El Conquistador;final;1287.238;1742.638;1287.238;302.638;183.849
7133;1;El Conquistador;final;1246.272;1757.638;1246.272;317.638;208.299
7134;1;El Conquistador;final;971.99;1772.638;971.99;332.638;255.75
7134.1;1;El Conquistador;final;1220.492;2372.638;1220.492;932.638;124.231
7135;1;El Conquistador;final;1318.009;1787.638;1318.009;347.638;286.874
7136;1;El Conquistador;final;1332.726;1802.638;1332.726;362.638;292.805
7137;1;El Conquistador;final;1059.49;1815.488;1059.49;375.488;269.931
7137.1;1;El Conquistador;final;1558.487;2454.405;118.487;1014.405;212.77
7138;1;El Conquistador;final;1108.219;1828.338;1108.219;388.338;309.52
7138.1;1;El Conquistador;final;1231.306;2505.535;1231.306;1065.535;61.832
7139;1;El Conquistador;final;1325.509;1841.188;1325.509;401.188;300.859
7139.1;1;El Conquistador;final;1514.38;2720.384;74.38;1280.384;101.197
7140;1;El Conquistador;final;1344.779;1854.038;1344.779;414.038;308.957
7141;1;El Conquistador;final;1194.792;1866.888;1194.792;426.888;289.832
7142;1;El Conquistador;final;1379.046;1879.738;1379.046;439.738;286.539
7143;1;El Conquistador;final;1163.727;1892.588;1163.727;452.588;262.447
7144;1;El Conquistador;final;1231.44;1892.638;1231.44;452.638;302.34
7145;1;El Conquistador;final;1242.659;1910.638;1242.659;470.638;266.832
7145.1;1;El Conquistador;final;1581.296;2643.284;141.296;1203.284;175.015
7146;1;El Conquistador;final;1300.978;1817.327;1300.978;377.327;297.996
7146.1;1;El Conquistador;final;1522.478;2680.943;82.478;1240.943;124.589
7147;1;El Conquistador;final;1289.619;1824.827;1289.619;384.827;234.64
7148;1;El Conquistador;final;1365.455;1832.327;1365.455;392.327;312.692
7148.1;1;El Conquistador;final;1545.688;2741.405;105.688;1301.405;125.489
7149;1;El Conquistador;final;1399.289;1839.827;1399.289;399.827;286.597
7149.1;1;El Conquistador;final;1479.545;2802.284;39.545;1362.284;60.984
7150;1;El Conquistador;final;1377.539;1847.327;1377.539;407.327;311.389
7150.1;1;El Conquistador;final;1453.922;2766.63;13.922;1326.63;67.285
7151;1;El Conquistador;final;1275.455;1869.827;1275.455;429.827;273.145
7151.1;1;El Conquistador;final;1398.06;2654.271;1398.06;1214.271;86.832
7152;1;El Conquistador;final;645.419;1472.638;645.419;32.638;245.371
7152.1;1;El Conquistador;final;1300.536;2061.609;1300.536;621.609;215.987
7153;1;El Conquistador;final;1437.225;1742.638;1437.225;302.638;287.929
7153.1;1;El Conquistador;final;1581.406;2841.08;141.406;1401.08;82.304
7154;1;El Conquistador;final;1071.99;1754.638;1071.99;314.638;294.496
7154.1;1;El Conquistador;final;1295.035;2464.49;1295.035;1024.49;94.81
7155;1;El Conquistador;final;1291.53;1766.638;1291.53;326.638;313.119
7156;1;El Conquistador;final;1101.788;1778.638;1101.788;338.638;276.042
7156.1;1;El Conquistador;final;1271.793;2528.699;1271.793;1088.699;63.269
7157;1;El Conquistador;final;1051.603;1790.638;1051.603;350.638;295.339
7157.1;1;El Conquistador;final;1281.635;2445.535;1281.635;1005.535;106.556
7158;1;El Conquistador;final;1177.375;1802.638;1177.375;362.638;252.491
7159;1;El Conquistador;final;1212.386;1817.638;1212.386;377.638;300.445
7159.1;1;El Conquistador;final;1270.605;2600.535;1270.605;1160.535;40.416
7160;1;El Conquistador;final;1306.747;1832.638;1306.747;392.638;267.231
7161;1;El Conquistador;final;1261.185;1847.638;1261.185;407.638;303.872
7162;1;El Conquistador;final;1151.369;1862.638;1151.369;422.638;274.391
7162.1;1;El Conquistador;final;1409.068;2553.98;1409.068;1113.98;111.445
7163;1;El Conquistador;final;1190.605;1892.638;1190.605;452.638;311.171
7163.1;1;El Conquistador;final;1425.553;2627.862;1425.553;1187.862;121.006
7164;1;El Conquistador;final;1230.605;1937.604;1230.605;497.604;306.288
7164.1;1;El Conquistador;final;1448.036;2657.862;8.036;1217.862;121.006
7165;1;El Conquistador;final;783.205;1406.718;783.205;1406.718;285.517
7165.1;1;El Conquistador;final;1571.533;2119.485;131.533;679.485;298.012
7166;1;El Conquistador;final;890.719;1436.718;890.719;1436.718;303.045
7166.1;1;El Conquistador;final;1312.969;2274.009;1312.969;834.009;161.768
7167;1;El Conquistador;final;1250.579;1748.718;1250.579;308.718;295.45
7168;1;El Conquistador;final;1257.918;1760.718;1257.918;320.718;278.577
7168.1;1;El Conquistador;final;1495.397;2659.652;55.397;1219.652;115.077
7169;1;El Conquistador;final;1306.395;1772.718;1306.395;332.718;302.221
7169.1;1;El Conquistador;final;1469.784;2738.555;29.784;1298.555;72.633
7170;1;El Conquistador;final;509.733;1796.718;509.733;356.718;55.273
7171;1;El Conquistador;final;487.295;1807.968;487.295;367.968;44.031
7172;1;El Conquistador;final;1275.238;1819.218;1275.238;379.218;129.968
7173;1;El Conquistador;final;1424.213;1830.468;1424.213;390.468;308.016
7174;1;El Conquistador;final;1084.49;1841.718;1084.49;401.718;242.929
7174.1;1;El Conquistador;final;1598.539;2477.638;158.539;1037.638;278.453
7175;1;El Conquistador;final;1214.93;1852.968;1214.93;412.968;238.684
7176;1;El Conquistador;final;1382.146;1864.218;1382.146;424.218;301.599
7176.1;1;El Conquistador;final;1514.706;2687.881;74.706;1247.881;128.097
7177;1;El Conquistador;final;1363.379;1875.468;1363.379;435.468;300.106
7177.1;1;El Conquistador;final;1396.745;2746.718;1396.745;1306.718;44.031
7178;1;El Conquistador;final;1396.584;1886.718;1396.584;446.718;300.706
7179;1;El Conquistador;intermedia;867.004;889.0;867.004;889.0;289.762
7179;2;El Conquistador;final;1083.004;1431.455;1083.004;1431.455;62.813
7179.1;1;El Conquistador;final;1473.847;2509.248;33.847;1069.248;151.454
7180;1;El Conquistador;intermedia;939.888;965.0;939.888;965.0;299.158
7180;2;El Conquistador;final;1199.516;1461.455;1199.516;21.455;85.185
7180.1;1;El Conquistador;final;1480.149;2581.052;40.149;1141.052;144.923
7181;1;El Conquistador;final;1299.013;1776.455;1299.013;336.455;285.406
7182;1;El Conquistador;final;1353.038;1791.455;1353.038;351.455;311.839
7182.1;1;El Conquistador;final;1419.583;2769.182;1419.583;1329.182;43.159
7183;1;El Conquistador;final;1382.466;1806.455;1382.466;366.455;293.98
7183.1;1;El Conquistador;final;1476.813;2784.001;36.813;1344.001;62.616
7184;1;El Conquistador;final;1259.516;1821.455;1259.516;381.455;258.746
7185;1;El Conquistador;final;1262.234;1832.705;1262.234;392.705;261.139
7186;1;El Conquistador;final;1413.365;1843.955;1413.365;403.955;286.489
7187;1;El Conquistador;final;1280.312;1855.205;1280.312;415.205;227.287
7188;1;El Conquistador;final;1214.234;1888.955;1214.234;448.955;182.571
7189;1;El Conquistador;final;1374.237;1900.205;1374.237;460.205;296.461
7190;1;El Conquistador;final;1117.517;1752.535;1117.517;312.535;258.678
7190.1;1;El Conquistador;final;1453.613;2529.077;13.613;1089.077;142.756
7191;1;El Conquistador;final;1209.546;1764.535;1209.546;324.535;238.577
7192;1;El Conquistador;final;1230.093;1776.535;1230.093;336.535;250.722
7193;1;El Conquistador;final;1289.025;1788.535;1289.025;348.535;289.257
7194;1;El Conquistador;final;1172.436;1800.535;1172.436;360.535;309.195
7194.1;1;El Conquistador;final;1271.44;2560.535;1271.44;1120.535;61.832
7195;1;El Conquistador;final;494.222;1815.535;494.222;375.535;40.416
7196;1;El Conquistador;final;509.222;1830.535;509.222;390.535;40.416
7197;1;El Conquistador;final;1203.119;1845.535;1203.119;405.535;299.43
7198;1;El Conquistador;final;1310.509;1860.535;1310.509;420.535;257.641
7199;1;El Conquistador;final;1322.685;1890.535;1322.685;450.535;290.483
7200;1;El Conquistador;final;1276.562;1757.862;1276.562;317.862;295.521
7200.1;1;El Conquistador;final;1396.584;2672.734;1396.584;1232.734;74.739
7201;1;El Conquistador;final;1297.53;1777.862;1297.53;337.862;270.402
7202;1;El Conquistador;final;1261.175;1797.862;1261.175;357.862;243.669
7203;1;El Conquistador;final;1200.346;1817.862;1200.346;377.862;212.197
7204;1;El Conquistador;final;1379.347;1843.562;1379.347;403.562;275.549
7205;1;El Conquistador;final;1216.306;1894.962;1216.306;454.962;251.433
7205.1;1;El Conquistador;final;1458.133;2608.304;18.133;1168.304;144.141
7206;1;El Conquistador;final;1217.973;1907.862;1217.973;467.862;196.459
7207;1;El Conquistador;final;1147.068;1720.565;1147.068;280.565;254.917
7208;1;El Conquistador;final;1468.649;1740.565;28.649;300.565;277.23
7209;1;El Conquistador;final;1202.034;1798.565;1202.034;358.565;309.504
7209.1;1;El Conquistador;final;1436.03;2527.695;1436.03;1087.695;149.086
7210;1;El Conquistador;final;1341.083;2140.565;1341.083;700.565;252.679
7211;1;El Conquistador;final;1037.898;1749.902;1037.898;309.902;284.154
7211.1;1;El Conquistador;final;1411.615;2461.302;1411.615;1021.302;181.016
7212;1;El Conquistador;final;1319.884;1779.902;1319.884;339.902;309.354
7212.1;1;El Conquistador;final;1388.787;2718.751;1388.787;1278.751;53.583
7213;1;El Conquistador;final;1240.516;1839.902;1240.516;399.902;314.482
7214;1;El Conquistador;final;1061.533;1769.902;1061.533;329.902;278.737
7214.1;1;El Conquistador;final;1469.9;2489.902;29.9;1049.902;233.951
7215;1;El Conquistador;final;1260.688;1809.902;1260.688;369.902;275.838
7216;1;El Conquistador;final;1274.079;1832.402;1274.079;392.402;303.183
7217;1;El Conquistador;final;1292.369;1839.902;1292.369;399.902;285.747
7218;1;El Conquistador;final;1044.4;1704.095;1044.4;264.095;276.718
7218.1;1;El Conquistador;final;1308.829;2479.902;1308.829;1039.902;128.483
7219;1;El Conquistador;final;1275.236;1724.095;1275.236;284.095;277.047
7219.1;1;El Conquistador;final;1421.215;2678.499;1421.215;1238.499;78.105
7220;1;El Conquistador;final;1010.326;1744.095;1010.326;304.095;294.391
7220.1;1;El Conquistador;final;1394.482;2446.684;1394.482;1006.684;170.998
7221;1;El Conquistador;final;1125.817;1779.095;1125.817;339.095;291.784
7221.1;1;El Conquistador;final;1350.243;2539.817;1350.243;1099.817;127.487
7222;1;El Conquistador;final;1267.068;1786.595;1267.068;346.595;291.614
7222.1;1;El Conquistador;final;1366.535;2582.714;1366.535;1142.714;88.457
7223;1;El Conquistador;final;1260.386;1801.595;1260.386;361.595;298.818
7223.1;1;El Conquistador;final;1359.118;2663.28;1359.118;1223.28;62.196
7224;1;El Conquistador;final;1321.905;1809.095;1321.905;369.095;306.642
7225;1;El Conquistador;final;1184.023;2260.228;1184.023;820.228;160.302
7226;1;El Conquistador;final;1376.454;2364.095;1376.454;924.095;193.745
7227;1;El Conquistador;final;1439.068;2374.095;1439.068;934.095;188.47
7228;1;El Conquistador;final;1420.292;2414.095;1420.292;974.095;169.051
7229;1;El Conquistador;final;1381.15;2604.095;1381.15;1164.095;117.369
7230;1;El Conquistador;final;884.475;1421.608;884.475;1421.608;308.526
7230.1;1;El Conquistador;final;1464.508;2317.56;24.508;877.56;212.429
7231;1;El Conquistador;final;727.942;1451.608;727.942;11.608;278.219
7231.1;1;El Conquistador;final;1295.509;2163.284;1295.509;723.284;193.164
7232;1;El Conquistador;final;1346.647;1781.608;1346.647;341.608;293.062
7232.1;1;El Conquistador;final;1558.497;2680.233;118.497;1240.233;146.583
7233;1;El Conquistador;final;1176.459;1811.608;1176.459;371.608;247.933
7234;1;El Conquistador;final;1203.141;1743.284;1203.141;303.284;250.831
7235;1;El Conquistador;final;1262.171;1758.284;1262.171;318.284;205.908
7236;1;El Conquistador;final;1219.812;1788.284;1219.812;348.284;297.239
7237;1;El Conquistador;final;1162.947;1803.284;1162.947;363.284;243.912
7238;1;El Conquistador;final;1358.607;1813.284;1358.607;373.284;300.741
7239;1;El Conquistador;final;1366.967;1823.284;1366.967;383.284;308.366
7239.1;1;El Conquistador;final;1521.019;2785.366;81.019;1345.366;82.174
7240;1;El Conquistador;final;1459.919;1833.284;19.919;393.284;259.524
7241;1;El Conquistador;final;1372.897;1843.284;1372.897;403.284;292.423
7241.1;1;El Conquistador;final;1564.272;2778.569;124.272;1338.569;105.58
7242;1;El Conquistador;final;1175.139;1863.284;1175.139;423.284;189.173
7243;1;El Conquistador;final;1394.08;1873.284;1394.08;433.284;292.932
7244;1;El Conquistador;final;1270.983;1893.284;1270.983;453.284;238.393
7245;1;El Conquistador;final;1338.395;1904.534;1338.395;464.534;262.523
7246;1;El Conquistador;final;1327.605;1915.784;1327.605;475.784;263.501
7247;1;El Conquistador;final;1307.251;1938.284;1307.251;498.284;196.329
7248;1;El Conquistador;final;1252.896;1754.314;1252.896;314.314;261.092
7248.1;1;El Conquistador;final;1389.447;2638.463;1389.447;1198.463;82.337
7249;1;El Conquistador;final;1286.23;1784.314;1286.23;344.314;275.976
7250;1;El Conquistador;final;1339.563;1814.314;1339.563;374.314;269.207
7250.1;1;El Conquistador;final;1465.93;2728.463;25.93;1288.463;82.337
7251;1;El Conquistador;final;1348.809;1829.314;1348.809;389.314;279.545
7252;1;El Conquistador;final;1248.301;1844.314;1248.301;404.314;284.52
7253;1;El Conquistador;final;1374.028;1859.314;1374.028;419.314;295.745
7254;1;El Conquistador;final;1378.738;1874.314;1378.738;434.314;314.065
7254.1;1;El Conquistador;final;1501.462;2793.148;61.462;1353.148;69.332
7255;1;El Conquistador;final;1506.546;1743.284;66.546;303.284;260.477
7256;1;El Conquistador;final;1201.035;1755.284;1201.035;315.284;279.205
7257;1;El Conquistador;final;1313.947;1767.284;1313.947;327.284;273.84
7258;1;El Conquistador;final;1428.462;1779.284;1428.462;339.284;267.192
7259;1;El Conquistador;final;1087.289;1791.284;1087.289;351.284;245.643
7259.1;1;El Conquistador;final;1399.579;2482.924;1399.579;1042.924;129.123
7260;1;El Conquistador;final;1346.772;1803.284;1346.772;363.284;306.417
7261;1;El Conquistador;final;1453.385;1811.451;13.385;371.451;303.335
7262;1;El Conquistador;final;1274.783;1819.617;1274.783;379.617;155.268
7263;1;El Conquistador;final;1276.984;1827.784;1276.984;387.784;282.699
7263.1;1;El Conquistador;final;1358.145;2673.751;1358.145;1233.751;60.984
7264;1;El Conquistador;final;1584.171;1835.951;144.171;395.951;266.366
7265;1;El Conquistador;final;1379.839;1844.117;1379.839;404.117;307.575
7265.1;1;El Conquistador;final;1494.116;2760.985;54.116;1320.985;90.859
7266;1;El Conquistador;final;1358.133;1852.284;1358.133;412.284;308.912
7267;1;El Conquistador;final;510.533;1876.784;510.533;436.784;28.702
7268;1;El Conquistador;final;1295.475;1884.951;1295.475;444.951;249.343
7269;1;El Conquistador;final;1374.941;1893.117;1374.941;453.117;308.94
7270;1;El Conquistador;final;524.716;1893.284;524.716;453.284;28.702
7271;1;El Conquistador;final;1367.666;1920.284;1367.666;480.284;155.783
7272;1;El Conquistador;final;1432.413;1938.284;1432.413;498.284;275.859
7273;1;El Conquistador;final;497.45;1742.89;497.45;302.89;91.772
7274;1;El Conquistador;final;1270.662;1757.89;1270.662;317.89;298.194
7275;1;El Conquistador;final;1300.022;1772.89;1300.022;332.89;289.456
7275.1;1;El Conquistador;final;1466.706;2732.862;26.706;1292.862;76.534
7276;1;El Conquistador;final;1270.263;1787.89;1270.263;347.89;301.382
7276.1;1;El Conquistador;final;1483.063;2591.899;43.063;1151.899;138.583
7277;1;El Conquistador;final;1405.692;1802.89;1405.692;362.89;306.206
7277.1;1;El Conquistador;final;1534.487;2805.284;94.487;1365.284;85.884
7278;1;El Conquistador;final;1500.213;1817.89;60.213;377.89;249.128
7279;1;El Conquistador;final;1342.146;1825.39;1342.146;385.39;269.477
7280;1;El Conquistador;final;1259.844;1832.89;1259.844;392.89;183.021
7281;1;El Conquistador;final;1421.752;1847.89;1421.752;407.89;287.826
7282;1;El Conquistador;final;1293.021;1855.39;1293.021;415.39;141.611
7283;1;El Conquistador;final;1398.875;1892.89;1398.875;452.89;304.25
7283.1;1;El Conquistador;final;1553.229;2793.284;113.229;1353.284;93.381
7284;1;El Conquistador;final;1388.134;1982.89;1388.134;542.89;241.301
7285;1;El Conquistador;final;1283.749;1750.854;1283.749;310.854;288.2
7286;1;El Conquistador;final;1335.434;1780.854;1335.434;340.854;305.835
7287;1;El Conquistador;final;1154.346;1743.284;1154.346;303.284;232.5
7288;1;El Conquistador;final;1417.196;1773.284;1417.196;333.284;298.572
7289;1;El Conquistador;final;1277.586;1788.284;1277.586;348.284;258.314
7290;1;El Conquistador;final;1201.375;1803.284;1201.375;363.284;245.515
7291;1;El Conquistador;final;1273.009;1816.134;1273.009;376.134;257.958
7291.1;1;El Conquistador;final;1515.908;2668.984;75.908;1228.984;122.397
7292;1;El Conquistador;final;1421.226;1828.984;1421.226;388.984;310.263
7293;1;El Conquistador;final;1235.092;1841.834;1235.092;401.834;276.171
7294;1;El Conquistador;final;1428.575;1854.684;1428.575;414.684;305.068
7294.1;1;El Conquistador;final;1545.869;2822.638;105.869;1382.638;104.375
7295;1;El Conquistador;final;1350.335;1867.534;1350.335;427.534;285.776
7295.1;1;El Conquistador;final;1590.785;2664.541;150.785;1224.541;165.713
7296;1;El Conquistador;final;1393.325;1893.234;1393.325;453.234;280.193
7296.1;1;El Conquistador;final;1536.212;2774.61;96.212;1334.61;94.222
7297;1;El Conquistador;final;1391.856;1893.284;1391.856;453.284;313.072
7297.1;1;El Conquistador;final;1420.226;2740.565;1420.226;1300.565;60.946
7298;1;El Conquistador;final;1397.455;1839.902;1397.455;399.902;295.116
7299;1;El Conquistador;final;1274.467;1793.972;1274.467;353.972;295.649
7299.1;1;El Conquistador;final;1469.619;2691.366;29.619;1251.366;92.147
7300;1;El Conquistador;final;1371.434;1823.972;1371.434;383.972;302.656
7300.1;1;El Conquistador;final;1534.701;2701.445;94.701;1261.445;120.852
7301;1;El Conquistador;final;494.398;1853.972;494.398;413.972;34.409
7302;1;El Conquistador;final;1311.463;1913.972;1311.463;473.972;261.035
7303;1;El Conquistador;final;1211.013;1470.535;1211.013;30.535;306.861
7303.1;1;El Conquistador;final;1305.105;2651.876;1305.105;1211.876;53.553
7304;1;El Conquistador;final;1288.313;1740.535;1288.313;300.535;285.071
7305;1;El Conquistador;final;1367.466;1750.535;1367.466;310.535;305.194
7306;1;El Conquistador;final;1292.421;1760.535;1292.421;320.535;293.633
7306.1;1;El Conquistador;final;1410.222;2677.301;1410.222;1237.301;81.141
7307;1;El Conquistador;final;1235.595;1780.535;1235.595;340.535;281.392
7308;1;El Conquistador;final;1273.349;1790.535;1273.349;350.535;267.317
7309;1;El Conquistador;final;521.349;1800.535;521.349;360.535;61.38
7310;1;El Conquistador;final;1421.079;1808.035;1421.079;368.035;298.93
7311;1;El Conquistador;final;1405.4;1815.535;1405.4;375.535;299.73
7311.1;1;El Conquistador;final;1462.478;2696.734;22.478;1256.734;97.152
7312;1;El Conquistador;final;1269.858;1823.035;1269.858;383.035;151.225
7313;1;El Conquistador;final;1323.021;1830.535;1323.021;390.535;169.95
7314;1;El Conquistador;final;1285.858;1838.035;1285.858;398.035;129.344
7315;1;El Conquistador;final;1391.401;1845.535;1391.401;405.535;301.408
7316;1;El Conquistador;final;491.349;1853.035;491.349;413.035;31.932
7317;1;El Conquistador;final;1571.449;1860.535;131.449;420.535;273.129
7318;1;El Conquistador;final;513.849;1875.535;513.849;435.535;31.932
7319;1;El Conquistador;final;526.783;1890.535;526.783;450.535;31.932
7320;1;El Conquistador;final;1282.449;1753.267;1282.449;313.267;269.365
7321;1;El Conquistador;final;1307.495;1763.267;1307.495;323.267;294.036
7322;1;El Conquistador;final;1163.959;1773.267;1163.959;333.267;258.035
7322.1;1;El Conquistador;final;1301.937;2557.551;1301.937;1117.551;85.393
7323;1;El Conquistador;final;1248.547;1783.267;1248.547;343.267;257.379
7324;1;El Conquistador;final;1561.901;1800.521;121.901;360.521;284.701
7325;1;El Conquistador;final;1544.768;1815.521;104.768;375.521;281.223
7326;1;El Conquistador;final;1426.617;1830.521;1426.617;390.521;210.426
7327;1;El Conquistador;final;490.016;1860.521;490.016;420.521;27.733
7328;1;El Conquistador;final;1351.725;1890.521;1351.725;450.521;256.389
7328.1;1;El Conquistador;final;1553.251;2755.413;113.251;1315.413;104.761
7329;1;El Conquistador;final;1249.083;1908.521;1249.083;468.521;224.336
7330;1;El Conquistador;final;1261.976;1735.656;1261.976;295.656;307.512
7330.1;1;El Conquistador;final;1295.951;2579.939;1295.951;1139.939;65.37
7331;1;El Conquistador;final;1374.509;1747.656;1374.509;307.656;203.669
7332;1;El Conquistador;final;1333.726;1771.656;1333.726;331.656;309.774
7333;1;El Conquistador;final;1364.624;1795.656;1364.624;355.656;301.705
7333.1;1;El Conquistador;final;1442.034;2785.366;2.034;1345.366;38.742
7334;1;El Conquistador;final;1273.869;1803.822;1273.869;363.822;271.548
7335;1;El Conquistador;final;1368.065;1811.989;1368.065;371.989;293.886
7336;1;El Conquistador;final;1198.459;1820.156;1198.459;380.156;247.906
7337;1;El Conquistador;final;1195.309;1828.322;1195.309;388.322;246.132
7338;1;El Conquistador;final;1260.426;1836.489;1260.426;396.489;276.259
7339;1;El Conquistador;final;500.731;1844.656;500.731;404.656;38.155
7340;1;El Conquistador;final;1187.951;1860.989;1187.951;420.989;240.714
7341;1;El Conquistador;final;1409.209;1885.489;1409.209;445.489;313.804
7341.1;1;El Conquistador;final;1553.626;2729.972;113.626;1289.972;121.476
7342;1;El Conquistador;final;1378.395;1885.656;1378.395;445.656;297.441
7343;1;El Conquistador;final;1248.643;1908.156;1248.643;468.156;236.933
7344;1;El Conquistador;final;1314.401;1785.366;1314.401;345.366;308.354
7344.1;1;El Conquistador;final;1451.543;2734.116;11.543;1294.116;66.965
7345;1;El Conquistador;final;1349.478;1815.502;1349.478;375.502;296.909
7346;1;El Conquistador;final;1292.601;1824.502;1292.601;384.502;287.76
7346.1;1;El Conquistador;final;1570.759;2711.616;130.759;1271.616;131.266
7347;1;El Conquistador;final;1278.817;1833.502;1278.817;393.502;262.872
7347.1;1;El Conquistador;final;1417.793;2700.366;1417.793;1260.366;66.965
7348;1;El Conquistador;final;1247.202;1842.502;1247.202;402.502;244.124
7349;1;El Conquistador;final;1393.4;1860.502;1393.4;420.502;295.062
7349.1;1;El Conquistador;final;1443.493;2702.994;3.493;1262.994;86.44
7350;1;El Conquistador;final;1453.857;1896.502;13.857;456.502;305.23
7351;1;El Conquistador;final;1368.275;1905.366;1368.275;465.366;289.245
7352;1;El Conquistador;final;1297.665;1742.89;1297.665;302.89;278.093
7352.1;1;El Conquistador;final;1525.526;2694.684;85.526;1254.684;119.433
7353;1;El Conquistador;final;1297.032;1757.89;1297.032;317.89;269.37
7354;1;El Conquistador;final;1132.265;1772.89;1132.265;332.89;233.037
7355;1;El Conquistador;final;1399.196;1787.89;1399.196;347.89;295.123
7356;1;El Conquistador;final;1366.23;1802.89;1366.23;362.89;277.472
7357;1;El Conquistador;final;1191.146;1822.89;1191.146;382.89;210.475
7358;1;El Conquistador;final;1311.44;1832.89;1311.44;392.89;248.133
7359;1;El Conquistador;final;1252.449;1862.89;1252.449;422.89;215.719
7360;1;El Conquistador;final;1372.275;1872.89;1372.275;432.89;269.539
7361;1;El Conquistador;final;1438.133;1882.89;1438.133;442.89;285.132
7362;1;El Conquistador;final;1355.509;1892.89;1355.509;452.89;260.257
7363;1;El Conquistador;final;1286.506;1982.89;1286.506;542.89;195.846
7364;1;El Conquistador;final;1006.783;1479.8;1006.783;39.8;276.407
7364.1;1;El Conquistador;final;1329.863;2436.001;1329.863;996.001;116.555
7365;1;El Conquistador;final;1254.885;1749.8;1254.885;309.8;302.296
7366;1;El Conquistador;final;1198.447;1800.132;1198.447;360.132;306.622
7366.1;1;El Conquistador;final;1261.635;2608.569;1261.635;1168.569;40.563
