jornada_id;orden;terminal;tipo;t_ini;t_fin;t_ini_mod24;t_fin_mod24;kwh_consumidos_desde_ventana_anterior
1;1;El Conquistador;final;1351.818;1768.357;1351.818;328.357;292.378
1.1;1;El Conquistador;final;1499.784;2781.455;59.784;1341.455;72.633
2;1;El Conquistador;final;1210.255;1783.357;1210.255;343.357;260.549
3;1;El Conquistador;final;1396.443;1798.357;1396.443;358.357;302.623
3.1;1;El Conquistador;final;1490.959;2788.357;50.959;1348.357;67.309
4;1;El Conquistador;final;1346.153;1809.607;1346.153;369.607;283.468
4.1;1;El Conquistador;final;1462.418;2744.719;22.418;1304.719;73.038
5;1;El Conquistador;final;1160.675;1727.43;1160.675;287.43;244.179
6;1;El Conquistador;final;1340.568;1735.997;1340.568;295.997;307.023
6.1;1;El Conquistador;final;1511.749;2771.455;71.749;1331.455;85.935
7;1;El Conquistador;final;1355.942;1744.564;1355.942;304.564;313.263
8;1;El Conquistador;final;472.126;1753.13;472.126;313.13;64.994
9;1;El Conquistador;final;1400.942;1761.697;1400.942;321.697;313.263
9.1;1;El Conquistador;final;1466.743;2768.83;26.743;1328.83;64.994
10;1;El Conquistador;final;1350.202;1778.83;1350.202;338.83;295.041
10.1;1;El Conquistador;final;1444.519;2766.731;4.519;1326.731;62.78
11;1;El Conquistador;final;1244.675;1787.43;1244.675;347.43;244.179
12;1;El Conquistador;final;1256.675;1798.68;1256.675;358.68;244.179
13;1;El Conquistador;final;1363.068;1821.18;1363.068;381.18;279.195
13.1;1;El Conquistador;final;1535.276;2796.455;95.276;1356.455;83.51
14;1;Los Espinos + Santa Rosa;final;757.063;1407.287;757.063;1407.287;302.929
14.1;1;Los Espinos + Santa Rosa;final;1361.88;2130.397;1361.88;690.397;203.982
15;1;Los Espinos + Santa Rosa;final;1065.89;1437.287;1065.89;1437.287;307.554
15.1;1;Los Espinos + Santa Rosa;final;1342.706;2461.327;1342.706;1021.327;99.278
16;1;Los Espinos + Santa Rosa;final;1367.116;1767.287;1367.116;327.287;312.49
17;1;Los Espinos + Santa Rosa;final;1424.444;1797.287;1424.444;357.287;314.683
17.1;1;Los Espinos + Santa Rosa;final;1526.261;2820.284;86.261;1380.284;66.921
18;1;Los Espinos + Santa Rosa;final;1339.992;1812.287;1339.992;372.287;279.36
18.1;1;Los Espinos + Santa Rosa;final;1551.088;2723.895;111.088;1283.895;106.83
19;1;Los Espinos + Santa Rosa;final;1341.069;1827.287;1341.069;387.287;282.443
20;1;Los Espinos + Santa Rosa;final;1332.346;1842.287;1332.346;402.287;259.686
21;1;Los Espinos + Santa Rosa;final;887.289;1387.363;887.289;1387.363;302.592
21.1;1;Los Espinos + Santa Rosa;final;1406.125;2289.411;1406.125;849.411;216.611
22;1;Los Espinos + Santa Rosa;final;762.113;1417.363;762.113;1417.363;297.73
22.1;1;Los Espinos + Santa Rosa;final;1313.792;2140.313;1313.792;700.313;178.734
23;1;Los Espinos + Santa Rosa;final;1261.287;1727.363;1261.287;287.363;278.71
24;1;Los Espinos + Santa Rosa;final;1359.342;1737.363;1359.342;297.363;314.402
24.1;1;Los Espinos + Santa Rosa;final;1461.258;2793.008;21.258;1353.008;47.154
25;1;Los Espinos + Santa Rosa;final;1307.374;1747.363;1307.374;307.363;305.204
25.1;1;Los Espinos + Santa Rosa;final;1522.725;2674.763;82.725;1234.763;142.978
26;1;Los Espinos + Santa Rosa;final;1215.5;1767.363;1215.5;327.363;286.682
27;1;La Reina;final;711.981;1408.384;711.981;1408.384;313.175
27.1;1;La Reina;final;1399.148;2157.693;1399.148;717.693;229.041
28;1;La Reina;intermedia;830.013;860.0;830.013;860.0;300.324
28;2;La Reina;final;1138.419;1438.384;1138.419;1438.384;77.349
28.1;1;La Reina;final;1268.315;2511.614;1268.315;1071.614;81.165
29;1;La Reina;final;1004.893;1468.384;1004.893;28.384;308.14
29.1;1;La Reina;final;1378.893;2416.654;1378.893;976.654;139.521
30;1;La Reina;final;1350.965;1778.384;1350.965;338.384;285.954
31;1;La Reina;final;1315.015;1798.384;1315.015;358.384;281.391
32;1;La Reina;final;1388.215;1808.384;1388.215;368.384;285.685
33;1;La Reina;final;1363.838;1818.384;1363.838;378.384;274.806
34;1;La Reina;final;1275.766;1828.384;1275.766;388.384;236.29
35;1;La Reina;final;1454.581;1908.384;14.581;468.384;285.954
36;1;La Reina;final;1195.548;2448.384;1195.548;1008.384;57.72
37;1;La Reina;final;1215.548;2468.384;1215.548;1028.384;57.72
38;1;La Reina;final;1370.0;2488.384;1370.0;1048.384;112.246
39;1;La Reina;final;1378.566;2498.384;1378.566;1058.384;112.246
40;1;La Reina;final;1255.548;2508.384;1255.548;1068.384;57.72
41;1;La Reina;final;1130.738;1407.777;1130.738;1407.777;280.297
41.1;1;La Reina;final;1270.722;2564.658;1270.722;1124.658;52.14
42;1;La Reina;final;1224.312;1437.777;1224.312;1437.777;296.212
42.1;1;La Reina;final;1334.919;2647.257;1334.919;1207.257;48.341
43;1;La Reina;final;996.146;1467.777;996.146;27.777;305.214
43.1;1;La Reina;final;1473.212;2442.448;33.212;1002.448;158.877
44;1;La Reina;final;1277.202;1737.777;1277.202;297.777;295.0
44.1;1;La Reina;final;1509.645;2683.948;69.645;1243.948;117.99
45;1;La Reina;final;1211.465;1747.777;1211.465;307.777;267.615
45.1;1;La Reina;final;1548.276;2594.877;108.276;1154.877;178.338
46;1;La Reina;final;1390.405;1757.777;1390.405;317.777;306.574
46.1;1;La Reina;final;1502.322;2830.658;62.322;1390.658;52.14
47;1;La Reina;final;1265.165;1767.777;1265.165;327.777;287.367
48;1;La Reina;final;1326.612;1777.777;1326.612;337.777;293.731
48.1;1;La Reina;final;1456.079;2738.305;16.079;1298.305;66.173
49;1;La Reina;final;1277.465;1787.777;1277.465;347.777;270.685
49.1;1;La Reina;final;1397.3;2663.477;1397.3;1223.477;81.23
50;1;La Reina;final;1202.143;1797.777;1202.143;357.777;232.337
51;1;La Reina;final;1345.66;1842.777;1345.66;402.777;263.128
52;1;La Reina;final;1241.465;1851.777;1241.465;411.777;238.65
53;1;La Reina;final;1394.457;1860.777;1394.457;420.777;285.42
54;1;La Reina;final;1423.879;1878.777;1423.879;438.777;290.053
54.1;1;La Reina;final;1513.819;2846.657;73.819;1406.657;48.341
55;1;La Reina;final;1179.922;1907.777;1179.922;467.777;197.461
56;1;La Reina;final;1271.612;1917.777;1271.612;477.777;231.035
57;1;La Reina;final;756.317;1410.983;756.317;1410.983;267.044
57.1;1;La Reina;final;1484.371;2184.983;44.371;744.983;239.605
58;1;La Reina;final;726.317;1430.983;726.317;1430.983;312.038
58.1;1;La Reina;final;1513.333;2154.983;73.333;714.983;255.688
59;1;La Reina;final;1060.986;1450.983;1060.986;10.983;284.281
59.1;1;La Reina;final;1491.433;2452.748;51.433;1012.748;256.289
60;1;La Reina;final;1181.167;1764.983;1181.167;324.983;255.688
61;1;La Reina;final;1240.967;1800.983;1240.967;360.983;256.071
62;1;La Reina;final;1259.367;1812.983;1259.367;372.983;256.071
63;1;La Reina;final;1277.767;1824.983;1277.767;384.983;256.071
64;1;La Reina;final;1367.633;1890.983;1367.633;450.983;267.044
64.1;1;La Reina;final;1487.633;2765.25;47.633;1325.25;73.617
65;1;La Reina;final;1387.633;1908.983;1387.633;468.983;267.044
65.1;1;La Reina;final;1504.767;2782.383;64.767;1342.383;73.617
66;1;La Reina;final;1222.567;2456.183;1222.567;1016.183;73.617
67;1;La Reina;final;916.41;1372.927;916.41;1372.927;297.497
67.1;1;La Reina;final;1288.027;2332.438;1288.027;892.438;114.447
68;1;La Reina;final;840.317;1402.927;840.317;1402.927;314.223
68.1;1;La Reina;final;1424.5;2268.283;1424.5;828.283;194.998
69;1;La Reina;final;905.617;1432.927;905.617;1432.927;314.223
69.1;1;La Reina;final;1337.633;2325.95;1337.633;885.95;145.663
70;1;La Reina;final;1141.255;1548.627;1141.255;108.627;291.998
70.1;1;La Reina;final;1282.722;2576.658;1282.722;1136.658;52.14
71;1;La Reina;final;1245.17;1606.477;1245.17;166.477;312.669
71.1;1;La Reina;final;1406.495;2634.031;1406.495;1194.031;74.47
72;1;La Reina;final;1206.76;1664.327;1206.76;224.327;296.583
72.1;1;La Reina;final;1308.54;2610.388;1308.54;1170.388;61.429
73;1;La Reina;final;1282.367;1702.927;1282.367;262.927;302.867
74;1;La Reina;final;1273.85;1708.927;1273.85;268.927;302.867
75;1;La Reina;final;1334.15;1714.927;1334.15;274.927;314.223
75.1;1;La Reina;final;1487.25;2724.983;47.25;1284.983;84.973
76;1;La Reina;final;1327.633;1720.927;1327.633;280.927;314.223
76.1;1;La Reina;final;1454.5;2718.983;14.5;1278.983;73.617
77;1;La Reina;final;1293.85;1726.927;1293.85;286.927;302.867
78;1;La Reina;final;1303.85;1738.927;1303.85;298.927;302.867
79;1;La Reina;final;1357.633;1744.927;1357.633;304.927;314.223
79.1;1;La Reina;final;1500.583;2748.117;60.583;1308.117;84.973
80;1;La Reina;final;1347.633;1750.927;1347.633;310.927;314.223
80.1;1;La Reina;final;1461.933;2739.55;21.933;1299.55;73.617
81;1;La Reina;final;1140.986;1756.927;1140.986;316.927;293.744
81.1;1;La Reina;final;1283.85;2530.983;1283.85;1090.983;73.617
82;1;La Reina;final;1363.85;1762.927;1363.85;322.927;302.485
83;1;La Reina;final;914.767;1767.427;914.767;327.427;181.104
84;1;La Reina;final;1373.85;1776.427;1373.85;336.427;302.485
85;1;La Reina;final;1383.85;1780.927;1383.85;340.927;302.485
86;1;La Reina;final;1171.967;1789.927;1171.967;349.927;241.794
87;1;La Reina;final;1407.25;1794.427;1407.25;354.427;313.84
87.1;1;La Reina;final;1521.9;2799.517;81.9;1359.517;73.617
88;1;La Reina;final;1356.518;1803.427;1356.518;363.427;296.36
88.1;1;La Reina;final;1507.49;2717.016;67.49;1277.016;118.808
89;1;La Reina;final;1420.583;1812.427;1420.583;372.427;313.84
89.1;1;La Reina;final;1539.033;2816.65;99.033;1376.65;73.617
90;1;La Reina;final;1190.367;1816.927;1190.367;376.927;241.794
91;1;La Reina;final;1199.567;1825.927;1199.567;385.927;241.794
92;1;La Reina;final;1394.5;1830.427;1394.5;390.427;302.485
93;1;La Reina;final;1412.5;1834.927;1412.5;394.927;302.485
94;1;La Reina;final;1231.767;1839.427;1231.767;399.427;241.794
95;1;La Reina;final;1313.746;1843.927;1313.746;403.927;265.917
95.1;1;La Reina;final;1473.917;2706.983;33.917;1266.983;84.973
96;1;La Reina;final;1257.436;1848.427;1257.436;408.427;297.794
96.1;1;La Reina;final;1388.5;2652.983;1388.5;1212.983;73.617
97;1;La Reina;final;1382.5;1852.927;1382.5;412.927;302.485
98;1;La Reina;final;1400.5;1858.927;1400.5;418.927;302.485
99;1;El Conquistador;final;1073.017;1469.779;1073.017;29.779;304.543
99.1;1;El Conquistador;final;1337.165;2470.279;1337.165;1030.279;92.94
100;1;El Conquistador;final;1292.667;1746.446;1292.667;306.446;281.363
101;1;El Conquistador;final;1295.917;1759.779;1295.917;319.779;305.654
101.1;1;El Conquistador;final;1483.315;2684.779;43.315;1244.779;92.94
102;1;El Conquistador;final;1307.917;1766.446;1307.917;326.446;305.654
102.1;1;El Conquistador;final;1500.384;2699.779;60.384;1259.779;102.18
103;1;El Conquistador;final;1295.389;1773.112;1295.389;333.112;280.114
104;1;El Conquistador;final;1312.667;1779.779;1312.667;339.779;279.076
104.1;1;El Conquistador;final;1537.206;2704.029;97.206;1264.029;126.398
105;1;El Conquistador;final;1286.417;1793.112;1286.417;353.112;255.896
106;1;El Conquistador;final;1319.917;1799.779;1319.917;359.779;303.367
106.1;1;El Conquistador;final;1517.582;2714.779;77.582;1274.779;92.94
107;1;El Conquistador;final;1278.059;1806.696;1278.059;366.696;251.947
108;1;El Conquistador;final;1372.667;1820.529;1372.667;380.529;279.076
108.1;1;El Conquistador;final;1490.751;2759.779;50.751;1319.779;76.485
109;1;El Conquistador;final;1368.767;1827.446;1368.767;387.446;279.632
110;1;El Conquistador;final;1271.749;1834.362;1271.749;394.362;246.188
111;1;El Conquistador;final;1389.572;1841.279;1389.572;401.279;306.136
111.1;1;El Conquistador;final;1466.117;2738.335;26.117;1298.335;75.674
112;1;El Conquistador;final;1437.117;1882.779;1437.117;442.779;305.099
112.1;1;El Conquistador;final;1549.001;2825.779;109.001;1385.779;75.897
113;1;El Conquistador;final;1443.067;1889.696;3.067;449.696;279.076
114;1;El Conquistador;final;1279.389;1889.779;1279.389;449.779;251.576
115;1;El Conquistador;final;1180.189;1444.069;1180.189;4.069;297.429
115.1;1;El Conquistador;final;1262.171;2603.878;1262.171;1163.878;53.529
116;1;El Conquistador;final;1248.567;1720.735;1248.567;280.735;281.108
116.1;1;El Conquistador;final;1362.117;2639.779;1362.117;1199.779;74.198
117;1;El Conquistador;final;1204.298;1727.402;1204.298;287.402;269.025
117.1;1;El Conquistador;final;1396.048;2627.039;1396.048;1187.039;76.911
118;1;El Conquistador;final;1255.617;1734.069;1255.617;294.069;278.266
119;1;El Conquistador;final;1278.417;1740.735;1278.417;300.735;280.553
119.1;1;El Conquistador;final;1483.251;2669.779;43.251;1229.779;102.18
120;1;El Conquistador;final;1306.439;1747.402;1306.439;307.402;299.456
121;1;El Conquistador;final;1346.048;1754.069;1346.048;314.069;296.779
122;1;El Conquistador;final;1356.767;1760.735;1356.767;320.735;303.733
123;1;El Conquistador;final;1351.389;1767.402;1351.389;327.402;301.927
123.1;1;El Conquistador;final;1443.551;2704.019;3.551;1264.019;75.674
124;1;El Conquistador;final;1283.849;1774.069;1283.849;334.069;266.893
125;1;El Conquistador;final;1206.267;1780.985;1206.267;340.985;229.39
126;1;El Conquistador;final;1287.517;1787.902;1287.517;347.902;278.593
126.1;1;El Conquistador;final;1520.751;2678.329;80.751;1238.329;128.203
127;1;El Conquistador;final;1350.415;1794.819;1350.415;354.819;293.498
128;1;El Conquistador;final;1269.717;1864.069;1269.717;424.069;250.283
129;1;El Conquistador;final;1343.917;1891.735;1343.917;451.735;279.148
129.1;1;El Conquistador;final;1453.001;2729.779;13.001;1289.779;75.897
130;1;Los Espinos + Santa Rosa;final;1479.479;1745.714;39.479;305.714;287.243
130.1;1;Los Espinos + Santa Rosa;final;1552.634;2830.311;112.634;1390.311;76.898
131;1;Los Espinos + Santa Rosa;final;1305.225;1757.714;1305.225;317.714;312.987
132;1;Los Espinos + Santa Rosa;final;1505.565;1769.714;65.565;329.714;301.12
133;1;Los Espinos + Santa Rosa;final;1198.103;1781.714;1198.103;341.714;158.826
134;1;Los Espinos + Santa Rosa;final;1529.096;1793.714;89.096;353.714;296.79
135;1;Los Espinos + Santa Rosa;final;1372.634;1805.714;1372.634;365.714;216.856
136;1;Los Espinos + Santa Rosa;final;1358.003;1873.214;1358.003;433.214;186.862
137;1;Los Espinos + Santa Rosa;final;1283.558;1712.332;1283.558;272.332;301.647
138;1;Los Espinos + Santa Rosa;final;1257.896;1722.332;1257.896;282.332;288.536
138.1;1;Los Espinos + Santa Rosa;final;1396.525;2633.63;1396.525;1193.63;87.619
139;1;Los Espinos + Santa Rosa;final;1273.942;1742.332;1273.942;302.332;301.973
139.1;1;Los Espinos + Santa Rosa;final;1391.996;2612.332;1391.996;1172.332;95.065
140;1;Los Espinos + Santa Rosa;final;1264.163;1752.332;1264.163;312.332;288.21
141;1;Los Espinos + Santa Rosa;final;1273.38;1762.332;1273.38;322.332;288.21
141.1;1;Los Espinos + Santa Rosa;final;1500.308;2648.63;60.308;1208.63;130.252
142;1;Los Espinos + Santa Rosa;final;1329.03;1772.332;1329.03;332.332;303.377
142.1;1;Los Espinos + Santa Rosa;final;1570.08;2708.63;130.08;1268.63;131.677
143;1;Los Espinos + Santa Rosa;final;1315.413;1779.832;1315.413;339.832;295.783
143.1;1;Los Espinos + Santa Rosa;final;1544.63;2693.63;104.63;1253.63;131.351
144;1;Los Espinos + Santa Rosa;final;1300.608;1787.332;1300.608;347.332;294.684
145;1;Los Espinos + Santa Rosa;final;1257.742;1794.832;1257.742;354.832;266.912
146;1;Los Espinos + Santa Rosa;final;1342.363;1802.332;1342.363;362.332;296.109
146.1;1;Los Espinos + Santa Rosa;final;1576.727;2721.604;136.727;1281.604;142.082
147;1;Los Espinos + Santa Rosa;final;1316.042;1809.832;1316.042;369.832;287.416
147.1;1;Los Espinos + Santa Rosa;final;1517.342;2648.332;77.342;1208.332;143.651
148;1;Los Espinos + Santa Rosa;final;1365.413;1817.332;1365.413;377.332;296.109
148.1;1;Los Espinos + Santa Rosa;final;1500.958;2740.764;60.958;1300.764;94.887
149;1;Los Espinos + Santa Rosa;final;1340.608;1832.332;1340.608;392.332;287.416
149.1;1;Los Espinos + Santa Rosa;final;1569.492;2672.332;129.492;1232.332;151.213
150;1;Los Espinos + Santa Rosa;final;1400.042;1847.332;1400.042;407.332;294.684
150.1;1;Los Espinos + Santa Rosa;final;1476.096;2736.598;36.096;1296.598;87.471
151;1;Los Espinos + Santa Rosa;final;1287.742;1854.832;1287.742;414.832;252.051
152;1;Los Espinos + Santa Rosa;final;1282.596;1898.332;1282.596;458.332;237.905
153;1;Los Espinos + Santa Rosa;final;1219.158;1733.63;1219.158;293.63;288.032
153.1;1;Los Espinos + Santa Rosa;final;1561.763;2552.332;121.763;1112.332;187.678
154;1;Los Espinos + Santa Rosa;final;1128.746;1748.63;1128.746;308.63;259.25
154.1;1;Los Espinos + Santa Rosa;final;1337.742;2503.63;1337.742;1063.63;94.887
155;1;Los Espinos + Santa Rosa;final;1283.158;1763.63;1283.158;323.63;295.626
156;1;Los Espinos + Santa Rosa;final;1313.242;1778.63;1313.242;338.63;302.893
157;1;Los Espinos + Santa Rosa;final;1317.742;1793.63;1317.742;353.63;288.032
157.1;1;Los Espinos + Santa Rosa;final;1436.996;2657.332;1436.996;1217.332;95.065
158;1;Los Espinos + Santa Rosa;final;1357.412;1801.797;1357.412;361.797;289.215
158.1;1;Los Espinos + Santa Rosa;final;1455.253;2788.415;15.253;1348.415;40.888
159;1;Los Espinos + Santa Rosa;final;1275.413;1809.964;1275.413;369.964;274.516
160;1;Los Espinos + Santa Rosa;final;1287.275;1818.13;1287.275;378.13;280.685
161;1;Los Espinos + Santa Rosa;final;1335.413;1826.297;1335.413;386.297;281.784
161.1;1;Los Espinos + Santa Rosa;final;1483.825;2723.63;43.825;1283.63;94.887
162;1;Los Espinos + Santa Rosa;final;1345.413;1834.464;1345.413;394.464;281.784
162.1;1;Los Espinos + Santa Rosa;final;1467.575;2723.63;27.575;1283.63;87.619
163;1;Los Espinos + Santa Rosa;final;1412.626;1842.63;1412.626;402.63;308.944
164;1;Los Espinos + Santa Rosa;final;1290.596;1850.797;1290.596;410.797;246.745
165;1;Los Espinos + Santa Rosa;final;1421.242;1858.964;1421.242;418.964;295.626
165.1;1;Los Espinos + Santa Rosa;final;1493.23;2753.732;53.23;1313.732;87.471
166;1;Los Espinos + Santa Rosa;final;1407.909;1875.297;1407.909;435.297;294.13
166.1;1;Los Espinos + Santa Rosa;final;1491.06;2733.469;51.06;1293.469;94.614
167;1;Los Espinos + Santa Rosa;final;1375.413;1883.464;1375.413;443.464;274.19
168;1;Los Espinos + Santa Rosa;final;1412.658;1883.63;1412.658;443.63;295.626
168.1;1;Los Espinos + Santa Rosa;final;1518.68;2753.732;78.68;1313.732;95.065
169;1;Los Espinos + Santa Rosa;final;1418.994;1973.63;1418.994;533.63;293.259
169.1;1;Los Espinos + Santa Rosa;final;1501.935;2766.405;61.935;1326.405;85.905
170;1;La Reina;final;589.966;1401.614;589.966;1401.614;273.945
170.1;1;La Reina;final;1406.898;1971.614;1406.898;531.614;250.561
171;1;La Reina;final;924.348;1431.614;924.348;1431.614;273.416
171.1;1;La Reina;final;1261.181;2351.577;1261.181;911.577;102.783
172;1;La Reina;final;883.981;1461.614;883.981;21.614;305.106
172.1;1;La Reina;final;1475.841;2310.843;35.841;870.843;210.125
173;1;La Reina;final;1007.655;1484.097;1007.655;44.097;295.951
173.1;1;La Reina;final;1276.881;2447.895;1276.881;1007.895;95.002
174;1;La Reina;final;1187.465;1746.614;1187.465;306.614;261.062
174.1;1;La Reina;final;1465.063;2577.743;25.063;1137.743;136.255
175;1;La Reina;final;1293.248;1754.114;1293.248;314.114;301.975
175.1;1;La Reina;final;1456.762;2650.086;16.762;1210.086;106.356
176;1;La Reina;final;1189.922;1761.614;1189.922;321.614;263.916
177;1;La Reina;final;1206.054;1769.114;1206.054;329.114;274.221
178;1;La Reina;final;1293.471;1784.114;1293.471;344.114;300.198
179;1;La Reina;final;1303.968;1833.614;1303.968;393.614;272.241
180;1;La Reina;final;1186.054;1845.614;1186.054;405.614;217.246
181;1;La Reina;final;1424.212;1851.614;1424.212;411.614;304.675
182;1;La Reina;final;536.729;1407.777;536.729;1407.777;264.64
182.1;1;La Reina;final;1383.838;1965.898;1383.838;525.898;249.221
182.2;1;La Reina;final;1599.779;2816.314;159.779;1376.314;102.874
183;1;La Reina;final;605.631;1437.777;605.631;1437.777;281.851
183.1;1;La Reina;final;1254.805;2003.477;1254.805;563.477;194.209
184;1;La Reina;final;795.569;1467.777;795.569;27.777;297.326
184.1;1;La Reina;final;1384.45;2225.114;1384.45;785.114;208.969
185;1;La Reina;final;1258.626;1613.143;1258.626;173.143;306.44
186;1;La Reina;final;1183.255;1654.677;1183.255;214.677;299.249
186.1;1;La Reina;final;1272.181;2590.145;1272.181;1150.145;43.205
187;1;La Reina;final;1264.672;1737.777;1264.672;297.777;260.886
188;1;La Reina;final;1238.205;1742.06;1238.205;302.06;270.501
189;1;La Reina;final;1241.965;1746.343;1241.965;306.343;282.68
189.1;1;La Reina;final;1349.165;2625.777;1349.165;1185.777;61.265
190;1;La Reina;final;1263.765;1750.627;1263.765;310.627;285.411
191;1;La Reina;final;1277.165;1754.91;1277.165;314.91;285.206
191.1;1;La Reina;final;1513.917;2663.477;73.917;1223.477;121.547
192;1;La Reina;final;1205.465;1759.193;1205.465;319.193;282.16
193;1;La Reina;final;1217.465;1763.477;1217.465;323.477;282.16
193.1;1;La Reina;final;1325.165;2601.777;1325.165;1161.777;61.265
194;1;La Reina;final;1296.465;1767.76;1296.465;327.76;310.421
194.1;1;La Reina;final;1338.471;2682.777;1338.471;1242.777;43.274
195;1;La Reina;final;1233.602;1772.043;1233.602;332.043;289.347
195.1;1;La Reina;final;1389.369;2650.198;1389.369;1210.198;75.111
196;1;La Reina;final;1323.085;1776.327;1323.085;336.327;303.875
196.1;1;La Reina;final;1463.452;2731.198;23.452;1291.198;75.111
197;1;La Reina;final;1269.243;1780.61;1269.243;340.61;311.392
197.1;1;La Reina;final;1496.571;2620.207;56.571;1180.207;132.455
198;1;La Reina;final;1176.435;1784.893;1176.435;344.893;269.222
199;1;La Reina;final;1363.465;1789.177;1363.465;349.177;311.914
199.1;1;La Reina;final;1556.167;2747.777;116.167;1307.777;110.192
200;1;La Reina;final;1224.268;1797.743;1224.268;357.743;264.136
201;1;La Reina;final;1236.063;1797.777;1236.063;357.777;250.682
202;1;La Reina;final;1399.465;1809.01;1399.465;369.01;299.631
203;1;La Reina;final;1368.348;1825.86;1368.348;385.86;287.925
203.1;1;La Reina;final;1505.381;2751.777;65.381;1311.777;85.173
204;1;La Reina;final;1373.746;1853.943;1373.746;413.943;290.514
204.1;1;La Reina;final;1455.96;2763.754;15.96;1323.754;58.67
205;1;La Reina;final;1160.905;1876.41;1160.905;436.41;194.601
206;1;La Reina;final;1325.179;1887.777;1325.179;447.777;255.32
207;1;La Reina;final;1260.1;2491.11;1260.1;1051.11;81.23
208;1;La Reina;final;1273.433;2504.443;1273.433;1064.443;81.23
209;1;El Conquistador;final;1136.384;1793.132;1136.384;353.132;250.412
210;1;El Conquistador;final;1439.784;1805.982;1439.784;365.982;186.995
211;1;El Conquistador;final;1401.522;1818.832;1401.522;378.832;170.609
212;1;El Conquistador;final;1396.818;1831.682;1396.818;391.682;304.677
212.1;1;El Conquistador;final;1484.739;2831.455;44.739;1391.455;43.503
213;1;El Conquistador;final;474.318;1821.455;474.318;381.455;33.295
214;1;El Conquistador;final;1262.579;1848.455;1262.579;408.455;244.094
215;1;El Conquistador;final;1483.876;1857.455;43.876;417.455;181.772
216;1;Los Espinos + Santa Rosa;final;883.159;1442.332;883.159;2.332;270.115
216.1;1;Los Espinos + Santa Rosa;final;1291.909;2315.769;1291.909;875.769;137.397
217;1;Los Espinos + Santa Rosa;final;1332.4;1719.832;1332.4;279.832;310.75
217.1;1;Los Espinos + Santa Rosa;final;1478.445;2706.357;38.445;1266.357;91.194
218;1;Los Espinos + Santa Rosa;final;1274.994;1727.332;1274.994;287.332;275.773
219;1;Los Espinos + Santa Rosa;final;1247.742;1734.832;1247.742;294.832;294.379
219.1;1;Los Espinos + Santa Rosa;final;1518.092;2585.665;78.092;1145.665;158.807
220;1;Los Espinos + Santa Rosa;final;1195.158;1742.332;1195.158;302.332;279.517
220.1;1;Los Espinos + Santa Rosa;final;1442.987;2531.465;2.987;1091.465;152.793
221;1;Los Espinos + Santa Rosa;final;1181.213;1749.832;1181.213;309.832;265.676
221.1;1;Los Espinos + Santa Rosa;final;1364.309;2555.204;1364.309;1115.204;101.231
222;1;Los Espinos + Santa Rosa;final;1323.296;1764.832;1323.296;324.832;295.804
223;1;Los Espinos + Santa Rosa;final;1279.696;1772.332;1279.696;332.332;280.943
224;1;Los Espinos + Santa Rosa;final;1227.296;1779.832;1227.296;339.832;265.676
224.1;1;Los Espinos + Santa Rosa;final;1409.242;2609.63;1409.242;1169.63;94.887
225;1;Los Espinos + Santa Rosa;final;1265.413;1794.832;1265.413;354.832;280.943
226;1;Los Espinos + Santa Rosa;final;1353.633;1802.332;1353.633;362.332;310.876
227;1;Los Espinos + Santa Rosa;final;1161.225;1809.832;1161.225;369.832;239.238
228;1;Los Espinos + Santa Rosa;final;1304.042;1817.332;1304.042;377.332;287.111
229;1;Los Espinos + Santa Rosa;final;1203.158;1824.832;1203.158;384.832;244.478
230;1;Los Espinos + Santa Rosa;final;1237.742;1733.63;1237.742;293.63;288.358
230.1;1;Los Espinos + Santa Rosa;final;1586.625;2572.332;146.625;1132.332;193.846
231;1;Los Espinos + Santa Rosa;final;1283.231;1745.63;1283.231;305.63;291.72
231.1;1;Los Espinos + Santa Rosa;final;1372.86;2721.277;1372.86;1281.277;39.596
232;1;Los Espinos + Santa Rosa;final;1243.158;1757.63;1243.158;317.63;281.09
233;1;Los Espinos + Santa Rosa;final;1307.158;1769.63;1307.158;329.63;295.952
233.1;1;Los Espinos + Santa Rosa;final;1421.996;2642.332;1421.996;1202.332;95.065
234;1;Los Espinos + Santa Rosa;final;1331.609;1793.63;1331.609;353.63;301.802
234.1;1;Los Espinos + Santa Rosa;final;1419.238;2651.634;1419.238;1211.634;90.75
235;1;Los Espinos + Santa Rosa;final;1144.41;1801.13;1144.41;361.13;253.536
236;1;Los Espinos + Santa Rosa;final;1349.242;1808.63;1349.242;368.63;295.952
236.1;1;Los Espinos + Santa Rosa;final;1552.946;2684.332;112.946;1244.332;137.698
237;1;Los Espinos + Santa Rosa;final;1368.33;1816.13;1368.33;376.13;309.961
238;1;Los Espinos + Santa Rosa;final;1285.413;1823.63;1285.413;383.63;274.516
238.1;1;Los Espinos + Santa Rosa;final;1540.308;2663.63;100.308;1223.63;137.52
239;1;Los Espinos + Santa Rosa;final;622.625;1831.13;622.625;391.13;87.619
240;1;Los Espinos + Santa Rosa;final;1373.242;1838.63;1373.242;398.63;295.626
241;1;Los Espinos + Santa Rosa;final;1313.942;1846.13;1313.942;406.13;280.685
242;1;Los Espinos + Santa Rosa;final;1327.275;1853.63;1327.275;413.63;280.685
243;1;Los Espinos + Santa Rosa;final;1385.242;1861.13;1385.242;421.13;288.358
243.1;1;Los Espinos + Santa Rosa;final;1484.413;2719.465;44.413;1279.465;95.065
244;1;Los Espinos + Santa Rosa;final;1315.696;1868.63;1315.696;428.63;267.249
244.1;1;Los Espinos + Santa Rosa;final;1527.496;2693.63;87.496;1253.63;124.083
245;1;Los Espinos + Santa Rosa;final;1355.696;1876.13;1355.696;436.13;274.516
246;1;Los Espinos + Santa Rosa;final;1427.658;1883.63;1427.658;443.63;303.219
246.1;1;Los Espinos + Santa Rosa;final;1535.813;2770.865;95.813;1330.865;95.065
247;1;Los Espinos + Santa Rosa;final;1395.696;1973.63;1395.696;533.63;267.249
248;1;Los Espinos + Santa Rosa;final;1501.842;2513.63;61.842;1073.63;180.557
249;1;El Conquistador;final;1362.362;1742.776;1362.362;302.776;289.648
249.1;1;El Conquistador;final;1487.652;2768.017;47.652;1328.017;79.308
250;1;El Conquistador;final;1328.371;1750.276;1328.371;310.276;280.793
250.1;1;El Conquistador;final;1572.171;2655.152;132.171;1215.152;152.703
251;1;El Conquistador;final;1251.141;1757.776;1251.141;317.776;255.938
251.1;1;El Conquistador;final;1498.775;2636.51;58.775;1196.51;123.238
252;1;El Conquistador;final;1474.963;1765.276;34.963;325.276;245.662
253;1;El Conquistador;final;1248.571;1772.776;1248.571;332.776;270.447
254;1;El Conquistador;final;1298.279;1780.276;1298.279;340.276;289.012
254.1;1;El Conquistador;final;1434.714;2694.134;1434.714;1254.134;77.254
255;1;El Conquistador;final;1260.671;1787.776;1260.671;347.776;270.447
256;1;El Conquistador;final;1263.238;1795.276;1263.238;355.276;149.583
257;1;El Conquistador;final;1323.021;1802.776;1323.021;362.776;186.09
258;1;El Conquistador;final;1223.225;1811.776;1223.225;371.776;252.882
258.1;1;El Conquistador;final;1593.229;2604.61;153.229;1164.61;188.454
259;1;El Conquistador;final;1294.521;1820.776;1294.521;380.776;270.447
259.1;1;El Conquistador;final;1536.171;2625.152;96.171;1185.152;152.703
260;1;El Conquistador;final;1471.797;1829.776;31.797;389.776;309.313
260.1;1;El Conquistador;final;1533.878;2795.233;93.878;1355.233;85.981
261;1;El Conquistador;final;1414.521;1838.776;1414.521;398.776;280.793
262;1;El Conquistador;final;1305.571;1847.776;1305.571;407.776;270.447
263;1;El Conquistador;final;1327.925;1856.776;1327.925;416.776;255.497
263.1;1;El Conquistador;final;1477.929;2711.61;37.929;1271.61;91.057
264;1;El Conquistador;final;1481.296;1865.776;41.296;425.776;314.057
265;1;El Conquistador;final;1429.335;1874.776;1429.335;434.776;300.727
266;1;El Conquistador;final;1141.0;1710.152;1141.0;270.152;287.666
266.1;1;El Conquistador;final;1345.471;2466.233;1345.471;1026.233;108.1
267;1;El Conquistador;final;1217.517;1725.152;1217.517;285.152;288.712
267.1;1;El Conquistador;final;1550.751;2607.779;110.751;1167.779;153.343
268;1;El Conquistador;final;1316.317;1732.652;1316.317;292.652;298.012
268.1;1;El Conquistador;final;1522.447;2620.433;82.447;1180.433;149.824
269;1;El Conquistador;final;1207.962;1740.152;1207.962;300.152;261.104
269.1;1;El Conquistador;final;1362.314;2605.684;1362.314;1165.684;77.254
270;1;El Conquistador;final;1254.968;1747.652;1254.968;307.652;279.43
270.1;1;El Conquistador;final;1476.235;2659.53;36.235;1219.53;111.291
271;1;El Conquistador;final;1241.084;1755.152;1241.084;315.152;264.976
271.1;1;El Conquistador;final;1502.939;2629.779;62.939;1189.779;125.842
272;1;El Conquistador;final;1094.168;1762.652;1094.168;322.652;261.937
272.1;1;El Conquistador;final;1444.251;2490.776;4.251;1050.776;152.902
273;1;El Conquistador;final;1102.985;1770.152;1102.985;330.152;261.937
273.1;1;El Conquistador;final;1276.671;2498.776;1276.671;1058.776;81.501
274;1;El Conquistador;final;1129.435;1786.485;1129.435;346.485;261.937
274.1;1;El Conquistador;final;1274.521;2522.776;1274.521;1082.776;81.501
275;1;El Conquistador;final;1138.252;1794.652;1138.252;354.652;261.937
275.1;1;El Conquistador;final;1284.521;2532.776;1284.521;1092.776;81.501
276;1;El Conquistador;final;1244.667;1802.819;1244.667;362.819;292.11
276.1;1;El Conquistador;final;1448.984;2631.779;8.984;1191.779;102.18
277;1;El Conquistador;final;1330.841;1810.985;1330.841;370.985;313.739
277.1;1;El Conquistador;final;1534.551;2715.648;94.551;1275.648;112.599
278;1;El Conquistador;final;1166.768;1819.152;1166.768;379.152;261.937
278.1;1;El Conquistador;final;1314.521;2562.776;1314.521;1122.776;81.501
279;1;El Conquistador;final;1183.902;1835.485;1183.902;395.485;261.937
279.1;1;El Conquistador;final;1525.738;2582.776;85.738;1142.776;170.801
280;1;El Conquistador;final;1335.746;1851.819;1335.746;411.819;287.338
281;1;El Conquistador;final;1192.468;1860.152;1192.468;420.152;261.937
281.1;1;El Conquistador;final;1344.521;2592.776;1344.521;1152.776;81.501
282;1;El Conquistador;final;1353.183;1910.152;1353.183;470.152;287.666
282.1;1;El Conquistador;final;1480.455;2662.183;40.455;1222.183;108.1
283;1;El Conquistador;final;763.102;1412.734;763.102;1412.734;288.255
283.1;1;El Conquistador;final;1272.275;2174.026;1272.275;734.026;163.582
284;1;El Conquistador;final;1084.751;1442.734;1084.751;2.734;297.545
284.1;1;El Conquistador;final;1569.995;2502.152;129.995;1062.152;195.856
285;1;El Conquistador;intermedia;636.862;650.0;636.862;650.0;274.922
285;2;El Conquistador;final;822.467;1380.152;822.467;1380.152;74.739
285.1;1;El Conquistador;final;1299.434;2156.198;1299.434;716.198;194.422
286;1;El Conquistador;final;591.325;1410.152;591.325;1410.152;263.301
286.1;1;El Conquistador;final;1317.251;1976.61;1317.251;536.61;205.028
287;1;El Conquistador;intermedia;786.862;801.0;786.862;801.0;277.577
287;2;El Conquistador;final;980.484;1440.152;980.484;0.152;73.004
287.1;1;El Conquistador;final;1228.017;2313.712;1228.017;873.712;123.123
288;1;El Conquistador;final;894.212;1470.152;894.212;30.152;277.494
288.1;1;El Conquistador;final;1261.322;2333.468;1261.322;893.468;125.244
289;1;El Conquistador;final;1372.275;1620.152;1372.275;180.152;256.694
290;1;El Conquistador;final;1183.434;1431.455;1183.434;1431.455;289.968
290.1;1;El Conquistador;final;1334.664;2578.034;1334.664;1138.034;77.254
291;1;El Conquistador;final;1144.193;1461.455;1144.193;21.455;290.76
291.1;1;El Conquistador;final;1518.143;2542.357;78.143;1102.357;164.457
292;1;El Conquistador;final;1235.595;1776.455;1235.595;336.455;260.539
293;1;El Conquistador;final;1247.052;1791.455;1247.052;351.455;258.436
294;1;El Conquistador;final;1361.153;1806.455;1361.153;366.455;310.124
294.1;1;El Conquistador;final;1485.383;2761.852;45.383;1321.852;69.712
295;1;El Conquistador;final;1372.513;1821.455;1372.513;381.455;308.638
296;1;El Conquistador;final;1258.469;1832.705;1258.469;392.705;258.436
297;1;El Conquistador;final;1398.318;1843.955;1398.318;403.955;306.744
297.1;1;El Conquistador;final;1495.397;2804.686;55.397;1364.686;61.138
298;1;El Conquistador;final;1300.484;1724.009;1300.484;284.009;154.703
299;1;El Conquistador;final;1445.708;1732.576;5.708;292.576;223.216
300;1;El Conquistador;final;1433.247;1741.142;1433.247;301.142;219.934
301;1;El Conquistador;final;1264.918;1749.709;1264.918;309.709;288.037
301.1;1;El Conquistador;final;1478.785;2653.357;38.785;1213.357;118.17
302;1;El Conquistador;final;1324.584;1758.276;1324.584;318.276;312.682
302.1;1;El Conquistador;final;1498.729;2714.84;58.729;1274.84;102.341
303;1;El Conquistador;final;1383.495;1766.842;1383.495;326.842;172.052
304;1;El Conquistador;final;1343.663;1775.409;1343.663;335.409;310.056
305;1;El Conquistador;final;1260.45;1783.976;1260.45;343.976;289.733
305.1;1;El Conquistador;final;1462.841;2661.001;22.841;1221.001;98.324
306;1;El Conquistador;final;1181.845;1784.009;1181.845;344.009;246.463
307;1;El Conquistador;final;1290.972;1795.259;1290.972;355.259;306.989
307.1;1;El Conquistador;final;1332.095;2675.268;1332.095;1235.268;44.031
308;1;El Conquistador;final;1409.784;1806.509;1409.784;366.509;314.632
308.1;1;El Conquistador;final;1520.502;2841.455;80.502;1401.455;55.236
309;1;El Conquistador;final;1369.272;1885.259;1369.272;445.259;291.904
310;1;El Conquistador;final;1401.003;1797.74;1401.003;357.74;186.446
311;1;El Conquistador;final;1262.472;1805.24;1262.472;365.24;299.792
311.1;1;El Conquistador;final;1396.745;2647.968;1396.745;1207.968;91.004
312;1;El Conquistador;final;1369.991;1812.74;1369.991;372.74;298.773
312.1;1;El Conquistador;final;1485.503;2762.638;45.503;1322.638;99.492
313;1;El Conquistador;final;1349.467;1820.24;1349.467;380.24;287.589
314;1;El Conquistador;final;1214.234;1835.24;1214.234;395.24;241.042
315;1;El Conquistador;final;1382.15;1850.24;1382.15;410.24;297.208
315.1;1;El Conquistador;final;1450.667;2799.902;10.667;1359.902;57.843
316;1;El Conquistador;final;1316.493;1857.74;1316.493;417.74;300.913
316.1;1;El Conquistador;final;1372.057;2728.567;1372.057;1288.567;43.188
317;1;El Conquistador;final;1292.312;1872.74;1292.312;432.74;230.768
318;1;El Conquistador;final;1278.116;1880.24;1278.116;440.24;249.188
319;1;El Conquistador;final;1358.145;1887.74;1358.145;447.74;260.19
320;1;El Conquistador;final;1319.245;1736.718;1319.245;296.718;313.827
320.1;1;El Conquistador;final;1430.502;2751.455;1430.502;1311.455;55.236
321;1;El Conquistador;final;1338.328;1756.718;1338.328;316.718;290.164
321.1;1;El Conquistador;final;1463.989;2723.166;23.989;1283.166;89.234
322;1;El Conquistador;final;1313.834;1776.718;1313.834;336.718;306.609
322.1;1;El Conquistador;final;1430.48;2728.103;1430.48;1288.103;63.713
323;1;El Conquistador;final;1304.783;1796.718;1304.783;356.718;303.469
323.1;1;El Conquistador;final;1491.359;2706.001;51.359;1266.001;98.97
324;1;El Conquistador;final;1369.3;1804.218;1369.3;364.218;300.004
324.1;1;El Conquistador;final;1413.365;2781.117;1413.365;1341.117;32.859
325;1;El Conquistador;final;1436.252;1811.718;1436.252;371.718;299.137
325.1;1;El Conquistador;final;1508.078;2841.665;68.078;1401.665;49.726
326;1;El Conquistador;final;1265.595;1819.218;1265.595;379.218;262.441
327;1;El Conquistador;final;1367.466;1826.718;1367.466;386.718;297.927
328;1;El Conquistador;final;1377.118;1834.218;1377.118;394.218;256.098
329;1;El Conquistador;final;1267.903;1841.718;1267.903;401.718;229.076
330;1;El Conquistador;final;1396.889;1849.218;1396.889;409.218;302.842
331;1;El Conquistador;final;1298.395;1864.218;1298.395;424.218;272.578
332;1;El Conquistador;final;1208.312;1879.218;1208.312;439.218;222.698
333;1;El Conquistador;final;1273.349;1886.718;1273.349;446.718;238.405
334;1;El Conquistador;final;1293.454;1770.013;1293.454;330.013;298.431
334.1;1;El Conquistador;final;1464.754;2701.413;24.754;1261.413;86.499
335;1;El Conquistador;final;1318.97;1810.013;1318.97;370.013;298.431
335.1;1;El Conquistador;final;1457.021;2727.113;17.021;1287.113;73.406
336;1;El Conquistador;final;1333.97;1820.013;1333.97;380.013;298.431
336.1;1;El Conquistador;final;1460.388;2740.013;20.388;1300.013;73.406
337;1;El Conquistador;final;1239.843;1830.013;1239.843;390.013;309.855
337.1;1;El Conquistador;final;1534.651;2649.817;94.651;1209.817;157.327
338;1;El Conquistador;final;1310.579;1840.013;1310.579;400.013;290.981
339;1;El Conquistador;final;890.856;1431.808;890.856;1431.808;311.607
339.1;1;El Conquistador;final;1348.44;2273.398;1348.44;833.398;176.423
340;1;El Conquistador;final;1028.57;1611.808;1028.57;171.808;285.742
340.1;1;El Conquistador;final;1502.533;2450.013;62.533;1010.013;188.989
341;1;El Conquistador;final;1214.079;1701.808;1214.079;261.808;301.964
342;1;El Conquistador;final;1174.079;1711.808;1174.079;271.808;305.977
342.1;1;El Conquistador;final;1476.745;2556.718;36.745;1116.718;152.14
343;1;El Conquistador;final;1183.187;1721.808;1183.187;281.808;285.742
343.1;1;El Conquistador;final;1450.693;2590.013;10.693;1150.013;123.707
344;1;El Conquistador;final;1204.987;1731.808;1204.987;291.808;285.742
344.1;1;El Conquistador;final;1520.388;2614.013;80.388;1174.013;144.051
345;1;El Conquistador;final;1194.087;1741.808;1194.087;301.808;285.742
345.1;1;El Conquistador;final;1353.971;2602.013;1353.971;1162.013;73.406
346;1;El Conquistador;final;1260.745;1751.808;1260.745;311.808;301.964
347;1;El Conquistador;final;1240.12;1761.808;1240.12;321.808;285.742
347.1;1;El Conquistador;final;1494.417;2650.013;54.417;1210.013;138.403
348;1;El Conquistador;final;1253.454;1771.808;1253.454;331.808;285.742
348.1;1;El Conquistador;final;1480.207;2662.863;40.207;1222.863;112.997
349;1;El Conquistador;final;1331.44;1781.808;1331.44;341.808;312.241
349.1;1;El Conquistador;final;1369.169;2708.543;1369.169;1268.543;44.969
350;1;El Conquistador;final;1280.12;1801.808;1280.12;361.808;285.742
350.1;1;El Conquistador;final;1418.471;2688.563;1418.471;1248.563;73.406
351;1;El Conquistador;final;1306.787;1821.808;1306.787;381.808;285.742
351.1;1;El Conquistador;final;1444.171;2714.263;4.171;1274.263;73.406
352;1;El Conquistador;final;1254.121;1851.808;1254.121;411.808;272.65
353;1;El Conquistador;final;1320.12;1861.808;1320.12;421.808;285.742
353.1;1;El Conquistador;final;1494.754;2739.963;54.754;1299.963;86.499
354;1;El Conquistador;final;1377.971;2481.808;1377.971;1041.808;131.362
355;1;Los Espinos + Santa Rosa;final;1327.332;1717.953;1327.332;277.953;314.728
355.1;1;Los Espinos + Santa Rosa;final;1491.758;2714.157;51.758;1274.157;88.447
356;1;Los Espinos + Santa Rosa;final;1310.665;1737.953;1310.665;297.953;306.385
357;1;Los Espinos + Santa Rosa;final;1245.466;1747.953;1245.466;307.953;291.629
357.1;1;Los Espinos + Santa Rosa;final;1513.45;2627.315;73.45;1187.315;149.822
358;1;Los Espinos + Santa Rosa;final;1256.866;1757.953;1256.866;317.953;291.629
358.1;1;Los Espinos + Santa Rosa;final;1387.214;2634.57;1387.214;1194.57;74.879
359;1;Los Espinos + Santa Rosa;final;1250.567;1767.953;1250.567;327.953;303.199
359.1;1;Los Espinos + Santa Rosa;final;1378.636;2599.145;1378.636;1159.145;96.505
360;1;Los Espinos + Santa Rosa;final;1330.665;1777.953;1330.665;337.953;308.306
361;1;Los Espinos + Santa Rosa;final;1268.827;1800.453;1268.827;360.453;276.809
361.1;1;Los Espinos + Santa Rosa;final;1495.996;2616.405;55.996;1176.405;148.208
362;1;Los Espinos + Santa Rosa;final;1310.369;1811.703;1310.369;371.703;291.666
363;1;Los Espinos + Santa Rosa;final;1289.284;1822.953;1289.284;382.953;282.59
364;1;Los Espinos + Santa Rosa;final;1285.922;1794.971;1285.922;354.971;287.776
364.1;1;Los Espinos + Santa Rosa;final;1534.688;2692.481;94.688;1252.481;125.516
365;1;Los Espinos + Santa Rosa;final;1277.451;1806.221;1277.451;366.221;305.767
366;1;Los Espinos + Santa Rosa;final;1282.127;1828.721;1282.127;388.721;294.121
367;1;Los Espinos + Santa Rosa;final;1262.873;1884.971;1262.873;444.971;248.122
368;1;Los Espinos + Santa Rosa;final;1231.939;1717.405;1231.939;277.405;293.468
368.1;1;Los Espinos + Santa Rosa;final;1390.181;2615.378;1390.181;1175.378;85.348
369;1;Los Espinos + Santa Rosa;final;1206.239;1737.405;1206.239;297.405;284.519
369.1;1;Los Espinos + Santa Rosa;final;1485.329;2582.528;45.329;1142.528;153.298
370;1;Los Espinos + Santa Rosa;final;1296.994;1757.405;1296.994;317.405;288.287
370.1;1;Los Espinos + Santa Rosa;final;1513.13;2636.405;73.13;1196.405;148.208
371;1;Los Espinos + Santa Rosa;final;1403.652;1777.405;1403.652;337.405;271.778
372;1;Los Espinos + Santa Rosa;final;1257.084;1793.739;1257.084;353.739;294.205
372.1;1;Los Espinos + Santa Rosa;final;1345.121;2609.616;1345.121;1169.616;70.239
373;1;Los Espinos + Santa Rosa;final;513.555;1801.905;513.555;361.905;59.62
374;1;Los Espinos + Santa Rosa;final;1270.369;1810.072;1270.369;370.072;283.769
374.1;1;Los Espinos + Santa Rosa;final;1348.181;2647.821;1348.181;1207.821;64.248
375;1;Los Espinos + Santa Rosa;final;1232.772;1818.239;1232.772;378.239;257.322
376;1;Los Espinos + Santa Rosa;final;538.055;1826.405;538.055;386.405;59.62
377;1;Los Espinos + Santa Rosa;final;1337.804;1834.572;1337.804;394.572;288.242
378;1;Los Espinos + Santa Rosa;final;1323.702;1842.739;1323.702;402.739;303.875
378.1;1;Los Espinos + Santa Rosa;final;1398.968;2703.033;1398.968;1263.033;76.87
379;1;Los Espinos + Santa Rosa;final;1288.966;1859.072;1288.966;419.072;124.269
380;1;Los Espinos + Santa Rosa;final;1281.017;1804.175;1281.017;364.175;175.897
381;1;Los Espinos + Santa Rosa;final;1386.965;1815.425;1386.965;375.425;304.38
382;1;Los Espinos + Santa Rosa;final;1383.97;1826.675;1383.97;386.675;307.289
383;1;Los Espinos + Santa Rosa;final;1384.804;1837.925;1384.804;397.925;300.47
383.1;1;Los Espinos + Santa Rosa;final;1487.551;2787.961;47.551;1347.961;68.517
384;1;Los Espinos + Santa Rosa;final;1266.617;1849.175;1266.617;409.175;260.687
385;1;Los Espinos + Santa Rosa;final;1336.267;1871.675;1336.267;431.675;293.308
386;1;Los Espinos + Santa Rosa;final;1350.442;1882.925;1350.442;442.925;296.651
386.1;1;Los Espinos + Santa Rosa;final;1471.989;2709.976;31.989;1269.976;90.674
387;1;Los Espinos + Santa Rosa;final;1237.834;1737.953;1237.834;297.953;294.256
387.1;1;Los Espinos + Santa Rosa;final;1323.292;2584.145;1323.292;1144.145;78.106
388;1;Los Espinos + Santa Rosa;final;1182.571;1757.953;1182.571;317.953;280.313
389;1;Los Espinos + Santa Rosa;final;1329.284;1789.203;1329.284;349.203;305.295
390;1;Los Espinos + Santa Rosa;final;559.8;1834.203;559.8;394.203;75.673
391;1;Los Espinos + Santa Rosa;final;1374.85;1845.453;1374.85;405.453;211.738
392;1;Los Espinos + Santa Rosa;final;1382.757;1751.507;1382.757;311.507;307.848
392.1;1;Los Espinos + Santa Rosa;final;1474.19;2774.507;34.19;1334.507;64.953
393;1;Los Espinos + Santa Rosa;final;1353.007;1766.507;1353.007;326.507;289.459
394;1;Los Espinos + Santa Rosa;final;1360.657;1781.507;1360.657;341.507;289.459
395;1;Los Espinos + Santa Rosa;final;1243.874;1796.507;1243.874;356.507;233.333
396;1;Los Espinos + Santa Rosa;final;1351.934;1886.507;1351.934;446.507;275.342
397;1;Los Espinos + Santa Rosa;final;1450.19;1899.357;10.19;459.357;289.459
398;1;Los Espinos + Santa Rosa;final;1165.491;1448.056;1165.491;8.056;288.237
398.1;1;Los Espinos + Santa Rosa;final;1457.998;2545.915;17.998;1105.915;144.742
399;1;Los Espinos + Santa Rosa;final;1300.998;1718.056;1300.998;278.056;299.633
399.1;1;Los Espinos + Santa Rosa;final;1371.142;2679.519;1371.142;1239.519;58.592
400;1;Los Espinos + Santa Rosa;final;1309.374;1728.056;1309.374;288.056;288.514
400.1;1;Los Espinos + Santa Rosa;final;1412.057;2700.757;1412.057;1260.757;64.953
401;1;Los Espinos + Santa Rosa;final;1322.707;1738.056;1322.707;298.056;288.514
402;1;Los Espinos + Santa Rosa;final;1276.707;1748.056;1276.707;308.056;270.125
403;1;Los Espinos + Santa Rosa;final;1337.757;1758.056;1337.757;318.056;288.514
403.1;1;Los Espinos + Santa Rosa;final;1487.124;2726.457;47.124;1286.457;83.342
404;1;Los Espinos + Santa Rosa;final;1181.157;1768.056;1181.157;328.056;232.388
405;1;Los Espinos + Santa Rosa;final;530.54;1786.222;530.54;346.222;64.008
406;1;Los Espinos + Santa Rosa;final;1216.04;1802.556;1216.04;362.556;232.388
407;1;Los Espinos + Santa Rosa;final;1397.757;1818.889;1397.757;378.889;288.514
407.1;1;Los Espinos + Santa Rosa;final;1498.19;2798.507;58.19;1358.507;64.953
408;1;Los Espinos + Santa Rosa;final;1371.182;1835.222;1371.182;395.222;287.228
409;1;Los Espinos + Santa Rosa;final;1373.507;1843.389;1373.507;403.389;270.125
410;1;Los Espinos + Santa Rosa;final;1223.874;1851.556;1223.874;411.556;213.999
411;1;Los Espinos + Santa Rosa;final;1364.739;1867.889;1364.739;427.889;294.341
411.1;1;Los Espinos + Santa Rosa;final;1454.195;2738.794;14.195;1298.794;68.684
412;1;Los Espinos + Santa Rosa;final;1386.357;1868.056;1386.357;428.056;270.125
413;1;Los Espinos + Santa Rosa;final;1302.127;1725.544;1302.127;285.544;310.675
413.1;1;Los Espinos + Santa Rosa;final;1412.081;2649.292;1412.081;1209.292;90.272
414;1;Los Espinos + Santa Rosa;final;1224.867;1735.544;1224.867;295.544;295.795
414.1;1;Los Espinos + Santa Rosa;final;1430.593;2574.145;1430.593;1134.145;131.358
415;1;Los Espinos + Santa Rosa;final;1316.275;1745.544;1316.275;305.544;302.346
416;1;Los Espinos + Santa Rosa;final;1299.755;1755.544;1299.755;315.544;298.308
416.1;1;Los Espinos + Santa Rosa;final;1504.421;2676.345;64.421;1236.345;106.83
417;1;Los Espinos + Santa Rosa;final;1411.934;1765.544;1411.934;325.544;285.785
417.1;1;Los Espinos + Santa Rosa;final;1525.266;2795.82;85.266;1355.82;77.404
418;1;Los Espinos + Santa Rosa;final;1206.7;1775.544;1206.7;335.544;266.943
418.1;1;Los Espinos + Santa Rosa;final;1540.775;2566.4;100.775;1126.4;170.972
419;1;Los Espinos + Santa Rosa;final;524.202;1785.544;524.202;345.544;64.823
420;1;Los Espinos + Santa Rosa;final;534.202;1795.544;534.202;355.544;64.823
421;1;Los Espinos + Santa Rosa;final;544.202;1805.544;544.202;365.544;64.823
422;1;Los Espinos + Santa Rosa;final;554.202;1815.544;554.202;375.544;64.823
423;1;Los Espinos + Santa Rosa;final;564.202;1825.544;564.202;385.544;64.823
424;1;Los Espinos + Santa Rosa;final;1279.681;1835.544;1279.681;395.544;258.728
425;1;Los Espinos + Santa Rosa;final;1330.284;1845.544;1330.284;405.544;309.331
425.1;1;Los Espinos + Santa Rosa;final;1450.381;2690.724;10.381;1250.724;99.323
426;1;Los Espinos + Santa Rosa;final;1426.511;1855.544;1426.511;415.544;310.568
426.1;1;Los Espinos + Santa Rosa;final;1524.031;2777.825;84.031;1337.825;90.272
427;1;Los Espinos + Santa Rosa;final;1371.12;1875.544;1371.12;435.544;287.732
427.1;1;Los Espinos + Santa Rosa;final;1480.614;2778.049;40.614;1338.049;60.058
428;1;Los Espinos + Santa Rosa;final;1239.681;1794.971;1239.681;354.971;259.703
429;1;Los Espinos + Santa Rosa;final;1297.915;1809.971;1297.915;369.971;175.109
430;1;Los Espinos + Santa Rosa;final;1315.048;1854.971;1315.048;414.971;175.109
431;1;Los Espinos + Santa Rosa;final;1362.127;1869.971;1362.127;429.971;275.166
431.1;1;Los Espinos + Santa Rosa;final;1455.498;2709.292;15.498;1269.292;90.272
432;1;Los Espinos + Santa Rosa;final;1281.981;1884.971;1281.981;444.971;259.596
433;1;Los Espinos + Santa Rosa;final;1239.965;1726.474;1239.965;286.474;187.358
434;1;Los Espinos + Santa Rosa;final;1284.386;1741.474;1284.386;301.474;300.566
435;1;Los Espinos + Santa Rosa;final;1320.034;1756.474;1320.034;316.474;313.136
435.1;1;Los Espinos + Santa Rosa;final;1427.784;2670.545;1427.784;1230.545;89.118
436;1;Los Espinos + Santa Rosa;final;1313.426;1771.474;1313.426;331.474;311.786
436.1;1;Los Espinos + Santa Rosa;final;1413.052;2645.137;1413.052;1205.137;97.236
437;1;Los Espinos + Santa Rosa;final;1396.1;1786.474;1396.1;346.474;305.59
437.1;1;Los Espinos + Santa Rosa;final;1507.794;2756.4;67.794;1316.4;90.063
438;1;Los Espinos + Santa Rosa;final;1231.735;1801.474;1231.735;361.474;277.798
438.1;1;Los Espinos + Santa Rosa;final;1380.202;2609.766;1380.202;1169.766;103.55
439;1;Los Espinos + Santa Rosa;final;1272.994;1816.474;1272.994;376.474;273.942
439.1;1;Los Espinos + Santa Rosa;final;1373.377;2616.405;1373.377;1176.405;92.461
440;1;Los Espinos + Santa Rosa;final;1322.127;1831.474;1322.127;391.474;289.617
441;1;Los Espinos + Santa Rosa;final;1342.735;1846.474;1342.735;406.474;298.316
441.1;1;Los Espinos + Santa Rosa;final;1432.684;2724.971;1432.684;1284.971;72.498
442;1;Los Espinos + Santa Rosa;final;1223.681;1861.474;1223.681;421.474;235.576
443;1;Los Espinos + Santa Rosa;final;1388.231;1876.474;1388.231;436.474;309.195
443.1;1;Los Espinos + Santa Rosa;final;1463.841;2833.008;23.841;1393.008;33.398
444;1;Los Espinos + Santa Rosa;final;1249.884;2506.407;1249.884;1066.407;76.146
445;1;Los Espinos + Santa Rosa;final;1233.467;2506.474;1233.467;1066.474;76.146
446;1;Vespucio Norte;final;1230.346;1762.624;1230.346;322.624;306.13
446.1;1;Vespucio Norte;final;1354.031;2662.415;1354.031;1222.415;63.581
447;1;Vespucio Norte;final;1355.18;1774.624;1355.18;334.624;290.356
447.1;1;Vespucio Norte;final;1456.214;2774.707;16.214;1334.707;54.309
448;1;Vespucio Norte;final;1473.131;1833.124;33.131;393.124;299.002
449;1;Vespucio Norte;final;1340.622;1866.874;1340.622;426.874;262.294
449.1;1;Vespucio Norte;final;1461.789;2726.069;21.789;1286.069;85.152
450;1;La Reina;final;1270.805;1744.307;1270.805;304.307;283.803
451;1;La Reina;final;1334.755;1756.307;1334.755;316.307;314.37
452;1;La Reina;final;1284.063;1768.307;1284.063;328.307;269.467
452.1;1;La Reina;final;1543.519;2711.048;103.519;1271.048;118.344
453;1;La Reina;final;1319.243;1780.307;1319.243;340.307;274.34
454;1;La Reina;final;1368.471;1789.307;1368.471;349.307;299.965
455;1;La Reina;final;1146.038;1798.307;1146.038;358.307;238.292
455.1;1;La Reina;final;1446.736;2576.514;6.736;1136.514;118.344
456;1;La Reina;final;1307.462;1807.307;1307.462;367.307;277.465
457;1;La Reina;final;1319.715;1816.307;1319.715;376.307;280.975
458;1;La Reina;final;1409.381;1852.307;1409.381;412.307;297.277
459;1;La Reina;final;1484.498;1879.307;44.498;439.307;308.137
460;1;La Reina;final;1241.143;1888.307;1241.143;448.307;227.785
461;1;La Reina;final;1388.955;1897.307;1388.955;457.307;284.715
461.1;1;La Reina;final;1467.365;2779.784;27.365;1339.784;57.72
462;1;La Reina;final;1292.862;1906.307;1292.862;466.307;177.624
463;1;La Reina;final;1456.388;1915.307;16.388;475.307;313.95
463.1;1;La Reina;final;1535.898;2848.318;95.898;1408.318;57.72
464;1;La Reina;final;1083.762;1467.777;1083.762;27.777;273.403
464.1;1;La Reina;final;1364.212;2464.131;1364.212;1024.131;118.921
465;1;La Reina;final;1240.1;1737.777;1240.1;297.777;295.562
465.1;1;La Reina;final;1379.681;2622.981;1379.681;1182.981;81.165
466;1;La Reina;final;1271.338;1749.777;1271.338;309.777;282.165
466.1;1;La Reina;final;1369.063;2699.374;1369.063;1259.374;52.966
467;1;La Reina;final;1269.238;1773.777;1269.238;333.777;263.925
468;1;La Reina;final;1188.872;1785.777;1188.872;345.777;241.491
469;1;La Reina;final;1381.198;1797.777;1381.198;357.777;289.418
470;1;La Reina;final;1345.862;1812.777;1345.862;372.777;274.734
471;1;La Reina;final;1462.609;1820.277;22.609;380.277;307.999
471.1;1;La Reina;final;1523.115;2813.107;83.115;1373.107;71.843
472;1;La Reina;final;1262.031;1842.777;1262.031;402.777;230.95
473;1;La Reina;final;1308.471;1865.277;1308.471;425.277;239.473
474;1;La Reina;final;1354.465;1887.777;1354.465;447.777;254.939
475;1;La Reina;final;1437.448;1932.777;1437.448;492.777;277.505
475.1;1;La Reina;final;1550.166;2830.577;110.166;1390.577;81.23
476;1;La Reina;final;1259.243;2517.777;1259.243;1077.777;74.519
477;1;Vespucio Norte;final;1433.179;1766.488;1433.179;326.488;292.859
478;1;Vespucio Norte;final;1287.283;1796.488;1287.283;356.488;284.211
479;1;Vespucio Norte;final;1326.11;1851.488;1326.11;411.488;298.459
479.1;1;Vespucio Norte;final;1516.214;2740.574;76.214;1300.574;92.858
480;1;Vespucio Norte;final;1195.23;1861.488;1195.23;421.488;116.183
481;1;Los Espinos + Santa Rosa;final;1394.394;1716.405;1394.394;276.405;314.321
482;1;Los Espinos + Santa Rosa;final;1309.111;1724.972;1309.111;284.972;305.713
482.1;1;Los Espinos + Santa Rosa;final;1388.661;2660.631;1388.661;1220.631;71.226
483;1;Los Espinos + Santa Rosa;final;1376.934;1733.539;1376.934;293.539;310.447
483.1;1;Los Espinos + Santa Rosa;final;1492.346;2749.8;52.346;1309.8;85.313
484;1;Los Espinos + Santa Rosa;final;1292.022;1742.105;1292.022;302.105;294.803
484.1;1;Los Espinos + Santa Rosa;final;1449.596;2667.544;9.596;1227.544;94.454
485;1;Los Espinos + Santa Rosa;final;1286.46;1750.672;1286.46;310.672;263.812
485.1;1;Los Espinos + Santa Rosa;final;1433.445;2661.357;1433.445;1221.357;91.194
486;1;Los Espinos + Santa Rosa;final;1249.254;1759.239;1249.254;319.239;282.32
486.1;1;Los Espinos + Santa Rosa;final;1508.194;2631.29;68.194;1191.29;131.976
487;1;Los Espinos + Santa Rosa;final;1273.877;1767.805;1273.877;327.805;263.812
487.1;1;Los Espinos + Santa Rosa;final;1427.626;2646.604;1427.626;1206.604;101.105
488;1;Los Espinos + Santa Rosa;final;1291.494;1776.372;1291.494;336.372;293.254
489;1;Los Espinos + Santa Rosa;final;1395.387;1776.405;1395.387;336.405;301.114
489.1;1;Los Espinos + Santa Rosa;final;1460.25;2813.296;20.25;1373.296;38.569
490;1;Los Espinos + Santa Rosa;final;1272.504;1783.905;1272.504;343.905;282.32
491;1;Los Espinos + Santa Rosa;final;1456.06;1791.405;16.06;351.405;314.321
492;1;Los Espinos + Santa Rosa;final;1353.961;1798.905;1353.961;358.905;270.612
493;1;Los Espinos + Santa Rosa;final;1267.51;1806.405;1267.51;366.405;225.245
494;1;Los Espinos + Santa Rosa;final;1277.51;1813.905;1277.51;373.905;225.245
495;1;Los Espinos + Santa Rosa;final;1357.112;1821.405;1357.112;381.405;255.839
496;1;Los Espinos + Santa Rosa;final;1317.929;1836.405;1317.929;396.405;287.362
496.1;1;Los Espinos + Santa Rosa;final;1476.718;2723.042;36.718;1283.042;76.699
497;1;Los Espinos + Santa Rosa;final;1284.394;1843.905;1284.394;403.905;225.245
498;1;Los Espinos + Santa Rosa;final;1375.41;1858.905;1375.41;418.905;267.927
498.1;1;Los Espinos + Santa Rosa;final;1502.628;2745.357;62.628;1305.357;91.194
499;1;Los Espinos + Santa Rosa;final;1286.183;1866.405;1286.183;426.405;202.312
500;1;Los Espinos + Santa Rosa;final;1157.935;1738.205;1157.935;298.205;272.441
500.1;1;Los Espinos + Santa Rosa;final;1400.811;2541.638;1400.811;1101.638;124.296
501;1;Los Espinos + Santa Rosa;final;1283.966;1746.772;1283.966;306.772;276.123
502;1;Los Espinos + Santa Rosa;final;1251.408;1772.472;1251.408;332.472;233.641
503;1;Los Espinos + Santa Rosa;final;1397.009;1797.138;1397.009;357.138;281.235
503.1;1;Los Espinos + Santa Rosa;final;1483.8;2719.071;43.8;1279.071;100.341
504;1;Los Espinos + Santa Rosa;final;1324.815;1804.638;1324.815;364.638;265.289
505;1;Los Espinos + Santa Rosa;final;1384.394;1819.638;1384.394;379.638;263.163
506;1;Los Espinos + Santa Rosa;final;728.523;1399.437;728.523;1399.437;287.416
506.1;1;Los Espinos + Santa Rosa;final;1271.44;2149.327;1271.44;709.327;147.805
507;1;Los Espinos + Santa Rosa;final;1196.513;1429.437;1196.513;1429.437;312.528
507.1;1;Los Espinos + Santa Rosa;final;1366.381;2543.997;1366.381;1103.997;108.914
508;1;Los Espinos + Santa Rosa;final;553.567;1769.437;553.567;329.437;84.187
509;1;Los Espinos + Santa Rosa;final;1306.9;1789.437;1306.9;349.437;292.691
509.1;1;Los Espinos + Santa Rosa;final;1412.379;2738.882;1412.379;1298.882;49.127
510;1;Los Espinos + Santa Rosa;final;1345.657;1796.937;1345.657;356.937;303.635
510.1;1;Los Espinos + Santa Rosa;final;1412.691;2723.039;1412.691;1283.039;62.964
511;1;Los Espinos + Santa Rosa;final;1371.462;1804.437;1371.462;364.437;296.1
511.1;1;Los Espinos + Santa Rosa;final;1446.061;2757.417;6.061;1317.417;57.957
512;1;Los Espinos + Santa Rosa;final;1158.087;1418.213;1158.087;1418.213;307.564
513;1;Los Espinos + Santa Rosa;final;889.775;1448.213;889.775;8.213;283.009
513.1;1;Los Espinos + Santa Rosa;final;1501.781;2341.671;61.781;901.671;217.495
514;1;Los Espinos + Santa Rosa;final;1024.336;1478.213;1024.336;38.213;289.0
514.1;1;Los Espinos + Santa Rosa;final;1482.985;2468.881;42.985;1028.881;165.545
515;1;Los Espinos + Santa Rosa;final;1254.808;1748.213;1254.808;308.213;289.645
515.1;1;Los Espinos + Santa Rosa;final;1491.323;2590.741;51.323;1150.741;159.188
516;1;Los Espinos + Santa Rosa;final;1275.708;1753.663;1275.708;313.663;290.813
516.1;1;Los Espinos + Santa Rosa;final;1352.108;2604.841;1352.108;1164.841;82.549
517;1;Los Espinos + Santa Rosa;final;1320.182;1759.113;1320.182;319.113;293.932
517.1;1;Los Espinos + Santa Rosa;final;1392.689;2676.042;1392.689;1236.042;70.243
518;1;Los Espinos + Santa Rosa;final;1277.362;1764.563;1277.362;324.563;293.944
519;1;Los Espinos + Santa Rosa;final;1290.496;1770.013;1290.496;330.013;279.329
520;1;Los Espinos + Santa Rosa;final;1237.769;1775.463;1237.769;335.463;255.788
521;1;Los Espinos + Santa Rosa;final;1379.126;1780.913;1379.126;340.913;309.385
521.1;1;Los Espinos + Santa Rosa;final;1518.915;2783.103;78.915;1343.103;82.377
522;1;Los Espinos + Santa Rosa;final;1396.673;1786.363;1396.673;346.363;309.779
523;1;Los Espinos + Santa Rosa;final;1381.39;1791.813;1381.39;351.813;310.208
524;1;Los Espinos + Santa Rosa;final;1253.408;1797.263;1253.408;357.263;263.646
525;1;Los Espinos + Santa Rosa;final;1266.539;1802.713;1266.539;362.713;278.583
525.1;1;Los Espinos + Santa Rosa;final;1492.12;2668.741;52.12;1228.741;114.687
526;1;Los Espinos + Santa Rosa;final;1313.833;1808.163;1313.833;368.163;289.87
526.1;1;Los Espinos + Santa Rosa;final;1490.002;2742.632;50.002;1302.632;84.081
527;1;Los Espinos + Santa Rosa;final;1312.655;1808.213;1312.655;368.213;279.298
527.1;1;Los Espinos + Santa Rosa;final;1413.836;2716.111;1413.836;1276.111;65.029
528;1;Los Espinos + Santa Rosa;final;1311.955;1818.213;1311.955;378.213;294.679
529;1;Los Espinos + Santa Rosa;final;1401.817;1823.213;1401.817;383.213;307.995
529.1;1;Los Espinos + Santa Rosa;final;1501.479;2728.431;61.479;1288.431;94.809
530;1;Los Espinos + Santa Rosa;final;1236.692;1828.213;1236.692;388.213;275.015
530.1;1;Los Espinos + Santa Rosa;final;1374.723;2629.721;1374.723;1189.721;74.855
531;1;Los Espinos + Santa Rosa;final;1308.215;1833.213;1308.215;393.213;269.463
532;1;Los Espinos + Santa Rosa;final;1392.081;1838.213;1392.081;398.213;289.46
533;1;Los Espinos + Santa Rosa;final;1315.536;1843.213;1315.536;403.213;248.246
534;1;Los Espinos + Santa Rosa;final;1300.222;1848.213;1300.222;408.213;289.329
534.1;1;Los Espinos + Santa Rosa;final;1547.918;2709.168;107.918;1269.168;130.039
535;1;Los Espinos + Santa Rosa;final;1431.665;1853.213;1431.665;413.213;310.654
535.1;1;Los Espinos + Santa Rosa;final;1472.861;2785.192;32.861;1345.192;57.985
536;1;Los Espinos + Santa Rosa;final;1211.205;1858.213;1211.205;418.213;200.87
537;1;Los Espinos + Santa Rosa;final;1431.077;1863.213;1431.077;423.213;313.919
537.1;1;Los Espinos + Santa Rosa;final;1467.924;2784.081;27.924;1344.081;57.162
538;1;Los Espinos + Santa Rosa;final;1447.015;1868.213;7.015;428.213;297.825
539;1;Los Espinos + Santa Rosa;final;1263.621;1873.213;1263.621;433.213;239.683
540;1;Los Espinos + Santa Rosa;final;1315.904;1878.213;1315.904;438.213;251.627
541;1;Los Espinos + Santa Rosa;final;1233.808;1888.213;1233.808;448.213;212.045
542;1;Los Espinos + Santa Rosa;final;1389.755;1898.213;1389.755;458.213;279.298
542.1;1;Los Espinos + Santa Rosa;final;1484.553;2798.611;44.553;1358.611;65.029
543;1;El Conquistador;final;1218.286;1560.768;1218.286;120.768;299.742
543.1;1;El Conquistador;final;1403.436;2617.412;1403.436;1177.412;118.876
544;1;El Conquistador;final;1240.008;1599.335;1240.008;159.335;308.698
545;1;El Conquistador;final;1195.786;1637.901;1195.786;197.901;297.724
545.1;1;El Conquistador;final;1494.194;2591.712;54.194;1151.712;146.853
546;1;El Conquistador;final;1090.436;1676.468;1090.436;236.468;291.374
546.1;1;El Conquistador;final;1302.367;2503.979;1302.367;1063.979;85.41
547;1;El Conquistador;final;1249.903;1715.035;1249.903;275.035;299.742
547.1;1;El Conquistador;final;1370.487;2643.33;1370.487;1203.33;85.956
548;1;El Conquistador;final;1279.34;1753.601;1279.34;313.601;276.1
549;1;El Conquistador;final;1136.768;1753.635;1136.768;313.635;214.612
550;1;El Conquistador;final;1303.34;1763.635;1303.34;323.635;276.1
550.1;1;El Conquistador;final;1417.461;2717.885;1417.461;1277.885;61.31
551;1;El Conquistador;final;1256.953;1773.635;1256.953;333.635;295.035
551.1;1;El Conquistador;final;1554.604;2654.58;114.604;1214.58;186.046
552;1;El Conquistador;final;1358.337;1783.635;1358.337;343.635;300.212
553;1;El Conquistador;final;1287.536;1793.635;1287.536;353.635;295.035
553.1;1;El Conquistador;final;1479.02;2688.33;39.02;1248.33;122.182
554;1;El Conquistador;final;1348.603;1803.635;1348.603;363.635;298.837
555;1;El Conquistador;final;1233.036;1813.635;1233.036;373.635;279.779
556;1;El Conquistador;final;1378.911;1824.885;1378.911;384.885;306.977
557;1;El Conquistador;final;1391.761;1836.135;1391.761;396.135;306.977
558;1;El Conquistador;final;1271.844;1881.135;1271.844;441.135;245.56
559;1;El Conquistador;final;1443.161;1892.385;3.161;452.385;306.977
559.1;1;El Conquistador;final;1475.24;2785.119;35.24;1345.119;60.817
560;1;El Conquistador;final;1250.561;1903.635;1250.561;463.635;245.56
561;1;El Conquistador;final;1298.561;1942.185;1298.561;502.185;245.56
562;1;El Conquistador;final;1505.502;1993.635;65.502;553.635;314.887
563;1;El Conquistador;final;1342.702;2263.635;1342.702;823.635;174.548
564;1;El Conquistador;final;1258.008;2303.635;1258.008;863.635;124.448
565;1;El Conquistador;final;683.784;1385.119;683.784;1385.119;305.756
565.1;1;El Conquistador;final;1389.0;2134.233;1389.0;694.233;247.037
566;1;El Conquistador;final;1337.661;1415.119;1337.661;1415.119;304.183
566.1;1;El Conquistador;final;1382.134;2710.316;1382.134;1270.316;57.759
567;1;El Conquistador;final;1235.844;1735.119;1235.844;295.119;294.063
568;1;El Conquistador;final;1186.008;1745.119;1186.008;305.119;222.706
569;1;El Conquistador;final;544.534;1755.119;544.534;315.119;96.232
570;1;El Conquistador;final;1373.522;1765.119;1373.522;325.119;311.471
570.1;1;El Conquistador;final;1472.897;2692.714;32.897;1252.714;103.904
571;1;El Conquistador;final;1286.561;1775.119;1286.561;335.119;294.063
572;1;El Conquistador;final;1323.869;1786.369;1323.869;346.369;301.973
572.1;1;El Conquistador;final;1490.502;2680.259;50.502;1240.259;106.778
573;1;El Conquistador;final;1310.561;1808.869;1310.561;368.869;294.063
574;1;El Conquistador;final;1182.469;1820.119;1182.469;380.119;266.865
574.1;1;El Conquistador;final;1403.337;2583.145;1403.337;1143.145;121.968
575;1;El Conquistador;final;1192.469;1831.369;1192.469;391.369;266.865
576;1;El Conquistador;final;1334.022;1842.619;1334.022;402.619;290.24
576.1;1;El Conquistador;final;1515.862;2715.468;75.862;1275.468;121.438
577;1;El Conquistador;final;1322.772;1853.869;1322.772;413.869;283.923
577.1;1;El Conquistador;final;1419.629;2704.218;1419.629;1264.218;74.465
578;1;El Conquistador;final;1139.942;1865.119;1139.942;425.119;161.29
579;1;El Conquistador;final;1532.354;2459.119;92.354;1019.119;208.266
580;1;El Conquistador;final;1334.561;2471.119;1334.561;1031.119;109.813
581;1;El Conquistador;final;1346.561;2483.119;1346.561;1043.119;109.813
582;1;El Conquistador;final;1408.379;2495.119;1408.379;1055.119;146.058
583;1;El Conquistador;final;1367.002;2531.119;1367.002;1091.119;111.406
584;1;Los Espinos + Santa Rosa;final;1298.231;1769.437;1298.231;329.437;308.163
584.1;1;Los Espinos + Santa Rosa;final;1495.041;2736.277;55.041;1296.277;77.414
585;1;Los Espinos + Santa Rosa;final;1313.942;1789.437;1313.942;349.437;285.344
585.1;1;Los Espinos + Santa Rosa;final;1505.437;2706.187;65.437;1266.187;105.497
586;1;Los Espinos + Santa Rosa;final;1293.146;1868.187;1293.146;428.187;251.974
587;1;Los Espinos + Santa Rosa;final;1273.514;1748.213;1273.514;308.213;295.688
587.1;1;Los Espinos + Santa Rosa;final;1346.917;2620.397;1346.917;1180.397;76.934
588;1;Los Espinos + Santa Rosa;final;1262.914;1758.213;1262.914;318.213;290.669
589;1;Los Espinos + Santa Rosa;final;1305.514;1768.213;1305.514;328.213;307.781
589.1;1;Los Espinos + Santa Rosa;final;1508.763;2654.147;68.763;1214.147;137.828
590;1;Los Espinos + Santa Rosa;final;1355.779;1778.213;1355.779;338.213;302.925
590.1;1;Los Espinos + Santa Rosa;final;1485.267;2710.397;45.267;1270.397;97.663
591;1;Los Espinos + Santa Rosa;final;1279.072;1788.213;1279.072;348.213;275.387
591.1;1;Los Espinos + Santa Rosa;final;1380.086;2682.361;1380.086;1242.361;65.029
592;1;Los Espinos + Santa Rosa;final;1343.968;1798.213;1343.968;358.213;286.132
592.1;1;Los Espinos + Santa Rosa;final;1433.725;2702.316;1433.725;1262.316;73.421
593;1;Los Espinos + Santa Rosa;final;1372.872;1808.213;1372.872;368.213;303.704
593.1;1;Los Espinos + Santa Rosa;final;1464.553;2778.611;24.553;1338.611;65.029
594;1;Los Espinos + Santa Rosa;final;1218.269;1815.713;1218.269;375.713;238.981
595;1;Los Espinos + Santa Rosa;final;1395.242;1823.213;1395.242;383.213;281.548
595.1;1;Los Espinos + Santa Rosa;final;1516.742;2798.103;76.742;1358.103;77.443
596;1;Los Espinos + Santa Rosa;final;1460.437;1830.713;20.437;390.713;310.634
597;1;Los Espinos + Santa Rosa;final;1371.373;1838.213;1371.373;398.213;302.256
598;1;Los Espinos + Santa Rosa;final;1328.906;1845.713;1328.906;405.713;278.393
599;1;Los Espinos + Santa Rosa;final;1270.665;1853.213;1270.665;413.213;255.257
600;1;Los Espinos + Santa Rosa;final;1200.055;1860.713;1200.055;420.713;204.368
601;1;Los Espinos + Santa Rosa;final;1325.789;1868.213;1325.789;428.213;287.036
601.1;1;Los Espinos + Santa Rosa;final;1468.355;2739.168;28.355;1299.168;70.927
602;1;Los Espinos + Santa Rosa;final;1450.183;1875.713;10.183;435.713;314.883
602.1;1;Los Espinos + Santa Rosa;final;1560.528;2854.551;120.528;1414.551;66.921
603;1;Los Espinos + Santa Rosa;final;808.146;1472.641;808.146;32.641;289.166
603.1;1;Los Espinos + Santa Rosa;final;1380.411;2204.627;1380.411;764.627;201.839
604;1;Los Espinos + Santa Rosa;final;1083.369;1452.081;1083.369;12.081;308.984
604.1;1;Los Espinos + Santa Rosa;final;1455.394;2470.709;15.394;1030.709;194.832
605;1;Los Espinos + Santa Rosa;final;1197.128;1632.081;1197.128;192.081;298.846
605.1;1;Los Espinos + Santa Rosa;final;1279.594;2550.081;1279.594;1110.081;66.435
606;1;Los Espinos + Santa Rosa;final;1359.985;1722.081;1359.985;282.081;305.699
606.1;1;Los Espinos + Santa Rosa;final;1456.886;2796.098;16.886;1356.098;45.431
607;1;Los Espinos + Santa Rosa;final;1357.207;1730.648;1357.207;290.648;300.632
608;1;Los Espinos + Santa Rosa;final;1283.911;1739.214;1283.911;299.214;272.112
609;1;Los Espinos + Santa Rosa;final;1280.819;1747.781;1280.819;307.781;275.089
609.1;1;Los Espinos + Santa Rosa;final;1419.552;2670.14;1419.552;1230.14;78.938
610;1;Los Espinos + Santa Rosa;final;1260.782;1764.914;1260.782;324.914;313.83
610.1;1;Los Espinos + Santa Rosa;final;1370.176;2608.536;1370.176;1168.536;80.371
611;1;Los Espinos + Santa Rosa;final;1347.251;1773.481;1347.251;333.481;314.811
612;1;Los Espinos + Santa Rosa;final;1286.919;1782.081;1286.919;342.081;272.123
613;1;Los Espinos + Santa Rosa;final;1432.993;1814.748;1432.993;374.748;300.567
614;1;Los Espinos + Santa Rosa;final;1392.594;1822.914;1392.594;382.914;310.942
615;1;Los Espinos + Santa Rosa;final;1345.536;1872.081;1345.536;432.081;248.967
616;1;Los Espinos + Santa Rosa;final;1353.466;1753.72;1353.466;313.72;311.528
616.1;1;Los Espinos + Santa Rosa;final;1475.479;2719.763;35.479;1279.763;86.061
617;1;Los Espinos + Santa Rosa;final;1298.041;1773.72;1298.041;333.72;302.518
618;1;Los Espinos + Santa Rosa;final;1430.442;1816.22;1430.442;376.22;310.52
618.1;1;Los Espinos + Santa Rosa;final;1492.839;2784.976;52.839;1344.976;73.254
619;1;Los Espinos + Santa Rosa;final;1413.096;1872.47;1413.096;432.47;284.024
620;1;Los Espinos + Santa Rosa;final;1445.118;1883.72;5.118;443.72;303.503
621;1;Los Espinos + Santa Rosa;final;1157.543;1761.573;1157.543;321.573;261.777
621.1;1;Los Espinos + Santa Rosa;final;1434.238;2533.404;1434.238;1093.404;135.651
622;1;Los Espinos + Santa Rosa;final;1363.208;1791.573;1363.208;351.573;310.423
622.1;1;Los Espinos + Santa Rosa;final;1509.596;2737.128;69.596;1297.128;94.454
623;1;Los Espinos + Santa Rosa;final;1355.242;1826.573;1355.242;386.573;313.725
624;1;Los Espinos + Santa Rosa;final;543.567;1846.573;543.567;406.573;48.363
625;1;La Reina;final;1282.862;1734.131;1282.862;294.131;297.03
626;1;La Reina;final;1297.495;1746.131;1297.495;306.131;297.03
626.1;1;La Reina;final;1409.212;2679.131;1409.212;1239.131;74.47
627;1;La Reina;final;1279.243;1758.131;1279.243;318.131;300.873
628;1;La Reina;final;1319.295;1770.131;1319.295;330.131;296.725
629;1;La Reina;final;1182.862;1782.131;1182.862;342.131;252.274
630;1;La Reina;final;1362.895;1794.131;1362.895;354.131;297.03
631;1;La Reina;final;1373.795;1804.131;1373.795;364.131;297.03
632;1;La Reina;final;1384.695;1814.131;1384.695;374.131;297.03
633;1;La Reina;final;1395.595;1824.131;1395.595;384.131;297.03
634;1;La Reina;final;1262.862;1834.131;1262.862;394.131;252.579
635;1;La Reina;final;1379.212;1844.131;1379.212;404.131;297.03
636;1;La Reina;final;1394.212;1864.131;1394.212;424.131;297.03
637;1;La Reina;final;1479.438;1917.881;39.438;477.881;313.671
638;1;La Reina;final;1351.995;1929.131;1351.995;489.131;252.274
639;1;Vespucio Norte;final;700.117;1434.396;700.117;1434.396;303.907
639.1;1;Vespucio Norte;final;1457.922;2140.11;17.922;700.11;271.49
640;1;Vespucio Norte;final;781.489;1454.396;781.489;14.396;312.807
640.1;1;Vespucio Norte;final;1353.867;2238.396;1353.867;798.396;172.036
641;1;Vespucio Norte;intermedia;999.879;1015.0;999.879;1015.0;297.435
641;2;Vespucio Norte;final;1152.213;1474.396;1152.213;34.396;52.396
642;1;Vespucio Norte;final;935.506;1494.396;935.506;54.396;303.975
642.1;1;Vespucio Norte;final;1245.689;2389.012;1245.689;949.012;96.05
643;1;Vespucio Norte;final;1116.389;1674.262;1116.389;234.262;266.2
643.1;1;Vespucio Norte;final;1567.077;2553.612;127.077;1113.612;187.743
644;1;Vespucio Norte;final;1297.823;1764.196;1297.823;324.196;300.859
644.1;1;Vespucio Norte;final;1550.359;2739.396;110.359;1299.396;106.081
645;1;Vespucio Norte;final;1341.423;1764.396;1341.423;324.396;300.859
646;1;Vespucio Norte;final;1285.689;1771.896;1285.689;331.896;283.288
646.1;1;Vespucio Norte;final;1501.523;2720.646;61.523;1280.646;96.05
647;1;Vespucio Norte;final;1111.056;1779.396;1111.056;339.396;225.308
648;1;Vespucio Norte;final;1287.493;1786.896;1287.493;346.896;291.182
649;1;Vespucio Norte;final;1405.431;1794.396;1405.431;354.396;314.005
649.1;1;Vespucio Norte;final;1457.781;2824.436;17.781;1384.436;33.659
650;1;Vespucio Norte;final;1230.206;1801.896;1230.206;361.896;263.084
651;1;Vespucio Norte;final;1357.493;1809.396;1357.493;369.396;312.623
651.1;1;Vespucio Norte;final;1476.817;2678.291;36.817;1238.291;101.403
652;1;Vespucio Norte;final;1111.034;1816.896;1111.034;376.896;201.93
653;1;Vespucio Norte;final;1365.389;1824.396;1365.389;384.396;298.723
653.1;1;Vespucio Norte;final;1456.106;2805.796;16.106;1365.796;40.206
654;1;Vespucio Norte;final;1378.239;1831.896;1378.239;391.896;298.723
654.1;1;Vespucio Norte;final;1453.956;2814.396;13.956;1374.396;38.07
655;1;Vespucio Norte;final;1265.689;1839.396;1265.689;399.396;260.947
656;1;Vespucio Norte;final;1404.784;1846.896;1404.784;406.896;301.295
657;1;Vespucio Norte;final;1198.389;1854.396;1198.389;414.396;225.308
658;1;Vespucio Norte;final;1376.413;1861.896;1376.413;421.896;296.697
658.1;1;Vespucio Norte;final;1428.396;2812.593;1428.396;1372.593;31.723
659;1;Vespucio Norte;final;1357.317;1869.396;1357.317;429.396;275.345
660;1;Vespucio Norte;final;1249.789;1876.896;1249.789;436.896;227.444
660.1;1;Vespucio Norte;final;1474.856;2686.896;34.856;1246.896;96.05
661;1;Vespucio Norte;final;1247.131;1884.396;1247.131;444.396;221.084
662;1;Vespucio Norte;final;1325.689;1891.896;1325.689;451.896;260.947
663;1;Vespucio Norte;final;1391.089;1899.396;1391.089;459.396;268.007
664;1;Vespucio Norte;final;1325.379;1906.896;1325.379;466.896;271.0
665;1;Vespucio Norte;final;1490.373;1914.396;50.373;474.396;313.665
666;1;Vespucio Norte;final;1354.81;2535.762;1354.81;1095.762;94.124
667;1;Vespucio Norte;final;1580.41;2544.329;140.41;1104.329;187.743
668;1;Vespucio Norte;final;1553.743;2544.396;113.743;1104.396;187.743
669;1;Vespucio Norte;final;550.177;1338.243;550.177;1338.243;287.673
669.1;1;Vespucio Norte;final;1507.584;1986.887;67.584;546.887;300.028
670;1;Vespucio Norte;intermedia;997.73;1031.0;997.73;1031.0;309.355
670;2;Vespucio Norte;final;1278.363;1358.243;1278.363;1358.243;90.744
670.1;1;Vespucio Norte;final;1391.847;2699.707;1391.847;1259.707;52.387
671;1;Vespucio Norte;intermedia;875.879;902.0;875.879;902.0;275.384
671;2;Vespucio Norte;final;1237.596;1378.243;1237.596;1378.243;97.928
672;1;Vespucio Norte;final;945.291;1398.243;945.291;1398.243;309.871
672.1;1;Vespucio Norte;final;1498.078;2277.521;58.078;837.521;229.104
673;1;Vespucio Norte;final;1258.356;1675.743;1258.356;235.743;293.924
673.1;1;Vespucio Norte;final;1438.956;2694.396;1438.956;1254.396;75.846
674;1;Vespucio Norte;final;582.745;1683.243;582.745;243.243;131.486
675;1;Vespucio Norte;final;1279.643;1698.243;1279.643;258.243;309.7
675.1;1;Vespucio Norte;final;1338.617;2591.191;1338.617;1151.191;71.51
676;1;Vespucio Norte;intermedia;963.406;975.0;963.406;975.0;225.275
676;2;Vespucio Norte;final;1275.689;1705.743;1275.689;265.743;96.05
677;1;Vespucio Norte;final;1248.017;1720.743;1248.017;280.743;293.38
678;1;Vespucio Norte;final;1232.656;1728.243;1232.656;288.243;281.118
679;1;Vespucio Norte;final;1254.223;1743.243;1254.223;303.243;275.856
679.1;1;Vespucio Norte;final;1439.051;2687.957;1439.051;1247.957;79.378
680;1;Vespucio Norte;final;1379.567;1750.743;1379.567;310.743;311.931
681;1;Vespucio Norte;final;1131.034;1765.743;1131.034;325.743;229.654
682;1;Vespucio Norte;final;1345.523;1773.243;1345.523;333.243;293.924
682.1;1;Vespucio Norte;final;1540.41;2781.062;100.41;1341.062;94.124
683;1;Vespucio Norte;final;1316.509;1780.743;1316.509;340.743;274.061
684;1;Vespucio Norte;final;1288.017;1850.91;1288.017;410.91;259.548
685;1;Vespucio Norte;final;1383.793;1859.077;1383.793;419.077;314.832
685.1;1;Vespucio Norte;final;1607.077;2632.493;167.077;1192.493;185.573
686;1;Vespucio Norte;final;1270.206;1867.243;1270.206;427.243;241.69
686.1;1;Vespucio Norte;final;1482.427;2709.396;42.427;1269.396;94.124
687;1;Vespucio Norte;final;1171.034;1908.243;1171.034;468.243;199.761
688;1;Los Espinos + Santa Rosa;final;1239.712;1746.438;1239.712;306.438;291.869
688.1;1;Los Espinos + Santa Rosa;final;1375.59;2611.438;1375.59;1171.438;101.061
689;1;Los Espinos + Santa Rosa;final;1179.836;1753.938;1179.836;313.938;266.143
689.1;1;Los Espinos + Santa Rosa;final;1401.058;2576.388;1401.058;1136.388;103.215
690;1;Los Espinos + Santa Rosa;final;1280.312;1761.438;1280.312;321.438;286.296
690.1;1;Los Espinos + Santa Rosa;final;1418.752;2658.033;1418.752;1218.033;103.55
691;1;Los Espinos + Santa Rosa;final;1236.415;1768.938;1236.415;328.938;289.276
691.1;1;Los Espinos + Santa Rosa;final;1321.802;2610.866;1321.802;1170.866;59.961
692;1;Los Espinos + Santa Rosa;final;1275.227;1776.438;1275.227;336.438;303.405
692.1;1;Los Espinos + Santa Rosa;final;1598.796;2618.311;158.796;1178.311;194.298
693;1;Los Espinos + Santa Rosa;final;1273.966;1783.938;1273.966;343.938;310.963
693.1;1;Los Espinos + Santa Rosa;final;1512.148;2652.57;72.148;1212.57;127.032
694;1;Los Espinos + Santa Rosa;final;1291.066;1791.438;1291.066;351.438;310.963
694.1;1;Los Espinos + Santa Rosa;final;1432.979;2670.57;1432.979;1230.57;87.418
695;1;Los Espinos + Santa Rosa;final;1246.112;1802.004;1246.112;362.004;280.88
695.1;1;Los Espinos + Santa Rosa;final;1335.331;2634.971;1335.331;1194.971;64.248
696;1;Los Espinos + Santa Rosa;final;1319.566;1807.288;1319.566;367.288;310.963
696.1;1;Los Espinos + Santa Rosa;final;1547.107;2697.57;107.107;1257.57;123.657
697;1;Los Espinos + Santa Rosa;final;1297.961;1865.404;1297.961;425.404;246.677
698;1;Los Espinos + Santa Rosa;final;1247.486;1881.438;1247.486;441.438;249.651
699;1;Los Espinos + Santa Rosa;final;1213.453;1747.466;1213.453;307.466;300.234
699.1;1;Los Espinos + Santa Rosa;final;1312.088;2645.881;1312.088;1205.881;38.684
700;1;Los Espinos + Santa Rosa;final;1199.57;1753.466;1199.57;313.466;277.018
701;1;Los Espinos + Santa Rosa;final;1232.768;1759.466;1232.768;319.466;306.112
701.1;1;Los Espinos + Santa Rosa;final;1289.115;2661.098;1289.115;1221.098;28.164
702;1;Los Espinos + Santa Rosa;final;1205.216;1765.466;1205.216;325.466;281.355
702.1;1;Los Espinos + Santa Rosa;final;1509.682;2584.078;69.682;1144.078;142.916
703;1;Los Espinos + Santa Rosa;final;1310.796;1771.466;1310.796;331.466;299.422
703.1;1;Los Espinos + Santa Rosa;final;1379.896;2658.947;1379.896;1218.947;72.411
704;1;Los Espinos + Santa Rosa;final;1350.069;1845.633;1350.069;405.633;293.45
705;1;Los Espinos + Santa Rosa;final;528.336;1726.846;528.336;286.846;98.692
706;1;Los Espinos + Santa Rosa;final;1242.415;1746.846;1242.415;306.846;297.233
706.1;1;Los Espinos + Santa Rosa;final;1476.473;2596.275;36.473;1156.275;143.464
707;1;Los Espinos + Santa Rosa;final;1260.541;1766.846;1260.541;326.846;299.646
707.1;1;Los Espinos + Santa Rosa;final;1465.439;2629.521;25.439;1189.521;124.132
708;1;Los Espinos + Santa Rosa;final;1259.571;1774.346;1259.571;334.346;261.67
709;1;Los Espinos + Santa Rosa;final;1385.065;1789.346;1385.065;349.346;311.327
710;1;Los Espinos + Santa Rosa;final;1253.942;1796.846;1253.942;356.846;267.83
710.1;1;Los Espinos + Santa Rosa;final;1563.363;2651.221;123.363;1211.221;159.639
711;1;Los Espinos + Santa Rosa;final;1370.878;1804.346;1370.878;364.346;293.903
712;1;Los Espinos + Santa Rosa;final;1460.775;1811.846;20.775;371.846;311.406
713;1;Los Espinos + Santa Rosa;final;1324.4;1819.346;1324.4;379.346;286.331
714;1;Los Espinos + Santa Rosa;final;1259.402;1892.846;1259.402;452.846;228.6
715;1;Los Espinos + Santa Rosa;final;1253.825;1737.696;1253.825;297.696;298.398
716;1;Los Espinos + Santa Rosa;final;1330.635;1745.196;1330.635;305.196;310.75
716.1;1;Los Espinos + Santa Rosa;final;1417.392;2685.982;1417.392;1245.982;73.421
717;1;Los Espinos + Santa Rosa;final;1250.208;1752.696;1250.208;312.696;299.959
717.1;1;Los Espinos + Santa Rosa;final;1510.277;2620.888;70.277;1180.888;149.867
718;1;Los Espinos + Santa Rosa;final;1355.536;1760.196;1355.536;320.196;304.014
719;1;Los Espinos + Santa Rosa;final;1381.492;1767.696;1381.492;327.696;309.795
720;1;Los Espinos + Santa Rosa;final;1280.992;1775.196;1280.992;335.196;272.949
720.1;1;Los Espinos + Santa Rosa;final;1468.475;2675.721;28.475;1235.721;103.215
721;1;Los Espinos + Santa Rosa;final;1409.225;1782.696;1409.225;342.696;308.764
722;1;Los Espinos + Santa Rosa;final;1348.557;1790.196;1348.557;350.196;284.785
722.1;1;Los Espinos + Santa Rosa;final;1499.44;2786.277;59.44;1346.277;61.935
723;1;Los Espinos + Santa Rosa;final;1209.622;1797.696;1209.622;357.696;231.026
724;1;Los Espinos + Santa Rosa;final;1321.514;1804.612;1321.514;364.612;261.937
725;1;Los Espinos + Santa Rosa;final;531.021;1368.849;531.021;1368.849;267.977
726;1;Los Espinos + Santa Rosa;final;612.09;1388.849;612.09;1388.849;285.488
726.1;1;Los Espinos + Santa Rosa;final;1272.64;2017.327;1272.64;577.327;199.241
727;1;Los Espinos + Santa Rosa;final;638.39;1408.849;638.39;1408.849;283.549
727.1;1;Los Espinos + Santa Rosa;final;1190.573;2009.905;1190.573;569.905;158.927
728;1;Los Espinos + Santa Rosa;intermedia;840.953;862.0;840.953;862.0;267.949
728;2;Los Espinos + Santa Rosa;final;1127.969;1428.849;1127.969;1428.849;86.991
728.1;1;Los Espinos + Santa Rosa;final;1500.723;2558.881;60.723;1118.881;126.696
729;1;Los Espinos + Santa Rosa;final;511.771;1455.849;511.771;15.849;233.167
730;1;Los Espinos + Santa Rosa;final;650.092;1400.053;650.092;1400.053;305.513
730.1;1;Los Espinos + Santa Rosa;final;1274.715;2034.976;1274.715;594.976;214.63
731;1;Los Espinos + Santa Rosa;intermedia;727.775;777.0;727.775;777.0;309.383
731;2;Los Espinos + Santa Rosa;final;1186.405;1420.053;1186.405;1420.053;125.434
731.1;1;Los Espinos + Santa Rosa;final;1511.452;2595.835;71.452;1155.835;141.58
732;1;Los Espinos + Santa Rosa;final;705.169;1440.053;705.169;0.053;308.939
732.1;1;Los Espinos + Santa Rosa;final;1424.553;2092.243;1424.553;652.243;294.905
732.2;1;Los Espinos + Santa Rosa;final;1546.742;2828.103;106.742;1388.103;77.443
733;1;Los Espinos + Santa Rosa;final;954.658;1460.053;954.658;20.053;264.197
733.1;1;Los Espinos + Santa Rosa;final;1371.215;2401.937;1371.215;961.937;161.881
734;1;Los Espinos + Santa Rosa;final;1195.775;1741.937;1195.775;301.937;277.148
734.1;1;Los Espinos + Santa Rosa;final;1546.229;2591.937;106.229;1151.937;157.551
735;1;Los Espinos + Santa Rosa;final;1199.463;1746.937;1199.463;306.937;294.848
735.1;1;Los Espinos + Santa Rosa;final;1486.484;2550.377;46.484;1110.377;155.174
736;1;Los Espinos + Santa Rosa;final;1267.192;1751.937;1267.192;311.937;287.173
736.1;1;Los Espinos + Santa Rosa;final;1481.332;2619.976;41.332;1179.976;138.142
737;1;Los Espinos + Santa Rosa;final;1280.971;1756.937;1280.971;316.937;281.787
738;1;Los Espinos + Santa Rosa;final;1334.85;1761.937;1334.85;321.937;304.507
738.1;1;Los Espinos + Santa Rosa;final;1472.346;2717.417;32.346;1277.417;84.547
739;1;Los Espinos + Santa Rosa;final;1251.813;1766.937;1251.813;326.937;285.175
739.1;1;Los Espinos + Santa Rosa;final;1346.651;2600.377;1346.651;1160.377;76.898
740;1;Los Espinos + Santa Rosa;final;1314.815;1771.937;1314.815;331.937;294.329
741;1;Los Espinos + Santa Rosa;final;1251.909;1776.937;1251.909;336.937;282.231
742;1;Los Espinos + Santa Rosa;final;1234.448;1781.937;1234.448;341.937;243.838
743;1;Los Espinos + Santa Rosa;final;1318.008;1786.937;1318.008;346.937;298.139
743.1;1;Los Espinos + Santa Rosa;final;1479.385;2638.741;39.385;1198.741;136.524
744;1;Los Espinos + Santa Rosa;final;1346.936;1791.937;1346.936;351.937;314.269
745;1;Los Espinos + Santa Rosa;final;1385.75;1796.937;1385.75;356.937;304.613
745.1;1;Los Espinos + Santa Rosa;final;1483.355;2746.474;43.355;1306.474;83.324
746;1;Los Espinos + Santa Rosa;final;1293.877;1801.937;1293.877;361.937;283.979
746.1;1;Los Espinos + Santa Rosa;final;1442.48;2669.907;2.48;1229.907;95.583
747;1;Los Espinos + Santa Rosa;final;1347.616;1807.553;1347.616;367.553;285.631
748;1;Los Espinos + Santa Rosa;final;1319.292;1813.17;1319.292;373.17;280.991
748.1;1;Los Espinos + Santa Rosa;final;1495.832;2713.937;55.832;1273.937;102.395
749;1;Los Espinos + Santa Rosa;final;1290.727;1818.787;1290.727;378.787;286.499
749.1;1;Los Espinos + Santa Rosa;final;1506.473;2645.676;66.473;1205.676;145.059
750;1;Los Espinos + Santa Rosa;final;1385.242;1824.403;1385.242;384.403;293.991
751;1;Los Espinos + Santa Rosa;final;1283.402;1830.02;1283.402;390.02;289.443
751.1;1;Los Espinos + Santa Rosa;final;1352.808;2677.937;1352.808;1237.937;52.197
752;1;Los Espinos + Santa Rosa;final;1281.379;1846.87;1281.379;406.87;258.769
753;1;Los Espinos + Santa Rosa;final;1383.816;1852.487;1383.816;412.487;291.335
753.1;1;Los Espinos + Santa Rosa;final;1491.994;2786.018;51.994;1346.018;66.921
754;1;Los Espinos + Santa Rosa;final;1415.783;1858.103;1415.783;418.103;303.871
754.1;1;Los Espinos + Santa Rosa;final;1500.902;2848.232;60.902;1408.232;43.387
755;1;Los Espinos + Santa Rosa;final;1321.472;1863.72;1321.472;423.72;289.636
755.1;1;Los Espinos + Santa Rosa;final;1455.642;2727.361;15.642;1287.361;79.639
756;1;Los Espinos + Santa Rosa;final;1301.379;1869.337;1301.379;429.337;274.203
757;1;Los Espinos + Santa Rosa;final;1394.875;1880.57;1394.875;440.57;293.874
758;1;Los Espinos + Santa Rosa;final;1261.608;1886.187;1261.608;446.187;279.947
758.1;1;Los Espinos + Santa Rosa;final;1383.581;2599.177;1383.581;1159.177;107.217
759;1;Los Espinos + Santa Rosa;final;1265.675;1891.803;1265.675;451.803;234.599
760;1;Los Espinos + Santa Rosa;final;1415.511;1891.937;1415.511;451.937;302.073
760.1;1;Los Espinos + Santa Rosa;final;1489.245;2772.081;49.245;1332.081;67.956
761;1;Los Espinos + Santa Rosa;final;1187.969;1789.763;1187.969;349.763;298.958
761.1;1;Los Espinos + Santa Rosa;final;1454.978;2547.243;14.978;1107.243;144.914
762;1;Los Espinos + Santa Rosa;final;1287.292;1803.597;1287.292;363.597;271.285
762.1;1;Los Espinos + Santa Rosa;final;1425.592;2693.103;1425.592;1253.103;77.443
763;1;Los Espinos + Santa Rosa;final;1151.675;1744.362;1151.675;304.362;281.671
763.1;1;Los Espinos + Santa Rosa;final;1497.596;2547.637;57.596;1107.637;170.758
764;1;Los Espinos + Santa Rosa;final;1335.859;1751.029;1335.859;311.029;294.197
765;1;Los Espinos + Santa Rosa;final;1208.969;1757.696;1208.969;317.696;261.056
766;1;Los Espinos + Santa Rosa;final;1349.608;1771.029;1349.608;331.029;213.398
767;1;Los Espinos + Santa Rosa;final;1191.575;1777.696;1191.575;337.696;246.204
768;1;Los Espinos + Santa Rosa;final;1236.608;1784.362;1236.608;344.362;278.507
768.1;1;Los Espinos + Santa Rosa;final;1495.059;2642.637;55.059;1202.637;127.127
769;1;Los Espinos + Santa Rosa;final;1263.98;1797.696;1263.98;357.696;293.137
769.1;1;Los Espinos + Santa Rosa;final;1399.622;2619.976;1399.622;1179.976;90.674
770;1;Los Espinos + Santa Rosa;final;1328.031;1768.061;1328.031;328.061;311.243
770.1;1;Los Espinos + Santa Rosa;final;1526.535;2676.647;86.535;1236.647;124.587
771;1;Los Espinos + Santa Rosa;final;1323.946;1776.628;1323.946;336.628;310.076
771.1;1;Los Espinos + Santa Rosa;final;1431.741;2676.226;1431.741;1236.226;99.697
772;1;Los Espinos + Santa Rosa;final;1317.092;1785.194;1317.092;345.194;306.887
772.1;1;Los Espinos + Santa Rosa;final;1392.353;2711.937;1392.353;1271.937;53.79
773;1;Los Espinos + Santa Rosa;final;1277.408;1793.761;1277.408;353.761;270.494
774;1;Los Espinos + Santa Rosa;final;1421.479;1793.794;1421.479;353.794;314.514
774.1;1;Los Espinos + Santa Rosa;final;1479.596;2770.397;39.596;1330.397;65.336
775;1;Los Espinos + Santa Rosa;final;1334.249;1800.711;1334.249;360.711;296.019
775.1;1;Los Espinos + Santa Rosa;final;1506.758;2725.407;66.758;1285.407;88.447
776;1;Los Espinos + Santa Rosa;final;1293.913;1807.628;1293.913;367.628;295.456
776.1;1;Los Espinos + Santa Rosa;final;1492.268;2642.897;52.268;1202.897;124.587
777;1;Los Espinos + Santa Rosa;final;1359.748;1869.878;1359.748;429.878;277.893
778;1;Los Espinos + Santa Rosa;final;1384.83;1883.794;1384.83;443.794;301.789
778.1;1;Los Espinos + Santa Rosa;final;1487.214;2744.862;47.214;1304.862;85.292
779;1;Los Espinos + Santa Rosa;final;1179.739;1722.363;1179.739;282.363;274.037
779.1;1;Los Espinos + Santa Rosa;final;1350.29;2556.628;1350.29;1116.628;96.131
780;1;Los Espinos + Santa Rosa;final;1223.192;1727.363;1223.192;287.363;313.949
780.1;1;Los Espinos + Santa Rosa;final;1483.004;2573.709;43.004;1133.709;152.799
781;1;Los Espinos + Santa Rosa;final;1329.553;1732.363;1329.553;292.363;310.016
782;1;Los Espinos + Santa Rosa;final;1247.192;1747.363;1247.192;307.363;312.497
782.1;1;Los Espinos + Santa Rosa;final;1519.596;2601.359;79.596;1161.359;146.04
783;1;Los Espinos + Santa Rosa;final;1264.146;1752.363;1264.146;312.363;286.353
783.1;1;Los Espinos + Santa Rosa;final;1391.031;2620.097;1391.031;1180.097;91.53
784;1;Los Espinos + Santa Rosa;final;1307.656;1767.363;1307.656;327.363;291.869
784.1;1;Los Espinos + Santa Rosa;final;1510.868;2707.291;70.868;1267.291;119.848
785;1;Los Espinos + Santa Rosa;final;751.338;1403.794;751.338;1403.794;272.106
785.1;1;Los Espinos + Santa Rosa;final;1356.688;2167.165;1356.688;727.165;194.612
786;1;Los Espinos + Santa Rosa;final;813.929;1423.794;813.929;1423.794;308.785
786.1;1;Los Espinos + Santa Rosa;final;1424.907;2212.377;1424.907;772.377;222.619
787;1;Los Espinos + Santa Rosa;intermedia;928.158;949.0;928.158;949.0;280.351
787;2;Los Espinos + Santa Rosa;final;1118.263;1463.794;1118.263;23.794;72.655
787.1;1;Los Espinos + Santa Rosa;final;1395.166;2491.342;1395.166;1051.342;130.341
788;1;Los Espinos + Santa Rosa;final;737.263;1387.363;737.263;1387.363;305.138
788.1;1;Los Espinos + Santa Rosa;final;1352.353;2128.377;1352.353;688.377;217.103
789;1;Los Espinos + Santa Rosa;intermedia;750.13;769.0;750.13;769.0;279.885
789;2;Los Espinos + Santa Rosa;final;1040.464;1417.363;1040.464;1417.363;88.637
789.1;1;Los Espinos + Santa Rosa;final;1294.057;2476.12;1294.057;1036.12;93.804
790;1;Los Espinos + Santa Rosa;final;881.033;1403.995;881.033;1403.995;294.046
790.1;1;Los Espinos + Santa Rosa;final;1362.944;2334.618;1362.944;894.618;152.784
791;1;Los Espinos + Santa Rosa;final;986.501;1423.995;986.501;1423.995;301.972
791.1;1;Los Espinos + Santa Rosa;final;1379.231;2415.72;1379.231;975.72;142.354
792;1;Los Espinos + Santa Rosa;final;1107.355;1443.995;1107.355;3.995;314.786
792.1;1;Los Espinos + Santa Rosa;final;1274.369;2517.611;1274.369;1077.611;65.029
793;1;Los Espinos + Santa Rosa;final;1202.571;1753.995;1202.571;313.995;293.34
794;1;Los Espinos + Santa Rosa;final;1280.05;1773.995;1280.05;333.995;301.251
794.1;1;Los Espinos + Santa Rosa;final;1411.963;2657.918;1411.963;1217.918;86.396
795;1;Los Espinos + Santa Rosa;final;1395.571;1793.995;1395.571;353.995;305.384
796;1;Los Espinos + Santa Rosa;final;1343.273;1802.161;1343.273;362.161;293.566
796.1;1;Los Espinos + Santa Rosa;final;1511.207;2719.521;71.207;1279.521;106.713
797;1;Los Espinos + Santa Rosa;final;1350.663;1810.328;1350.663;370.328;295.289
797.1;1;Los Espinos + Santa Rosa;final;1493.564;2699.147;53.564;1259.147;108.914
798;1;Los Espinos + Santa Rosa;final;1383.621;1818.495;1383.621;378.495;293.564
799;1;Los Espinos + Santa Rosa;final;1481.427;1875.661;41.427;435.661;312.144
800;1;Los Espinos + Santa Rosa;final;1436.707;1883.828;1436.707;443.828;304.09
801;1;Los Espinos + Santa Rosa;final;1366.98;1883.995;1366.98;443.995;262.292
802;1;Los Espinos + Santa Rosa;final;777.152;1388.554;777.152;1388.554;309.39
802.1;1;Los Espinos + Santa Rosa;final;1328.915;2175.232;1328.915;735.232;218.573
803;1;Los Espinos + Santa Rosa;final;1119.392;1418.554;1119.392;1418.554;299.89
803.1;1;Los Espinos + Santa Rosa;final;1362.942;2523.055;1362.942;1083.055;103.215
804;1;Los Espinos + Santa Rosa;final;1323.374;1742.554;1323.374;302.554;306.445
804.1;1;Los Espinos + Santa Rosa;final;1503.373;2697.263;63.373;1257.263;111.405
805;1;Los Espinos + Santa Rosa;final;776.339;1399.763;776.339;1399.763;311.181
805.1;1;Los Espinos + Santa Rosa;final;1577.935;2210.245;137.935;770.245;283.724
806;1;Los Espinos + Santa Rosa;final;528.055;1429.763;528.055;1429.763;203.347
807;1;Los Espinos + Santa Rosa;final;1316.858;1767.263;1316.858;327.263;300.257
808;1;Los Espinos + Santa Rosa;final;563.886;1774.763;563.886;334.763;89.882
809;1;Los Espinos + Santa Rosa;final;1340.702;1782.263;1340.702;342.263;314.753
809.1;1;Los Espinos + Santa Rosa;final;1463.333;2698.138;23.333;1258.138;96.14
810;1;Los Espinos + Santa Rosa;final;1177.486;1789.763;1177.486;349.763;241.667
811;1;Los Espinos + Santa Rosa;final;1376.558;1879.763;1376.558;439.763;305.347
812;1;Los Espinos + Santa Rosa;final;897.673;1407.696;897.673;1407.696;307.398
812.1;1;Los Espinos + Santa Rosa;final;1442.229;2331.704;2.229;891.704;189.481
813;1;Los Espinos + Santa Rosa;final;711.951;1437.696;711.951;1437.696;277.736
813.1;1;Los Espinos + Santa Rosa;final;1365.657;2157.287;1365.657;717.287;207.803
814;1;Los Espinos + Santa Rosa;final;1329.166;1737.696;1329.166;297.696;299.227
814.1;1;Los Espinos + Santa Rosa;final;1496.59;2697.263;56.59;1257.263;102.791
815;1;Los Espinos + Santa Rosa;final;1280.782;1742.696;1280.782;302.696;300.773
816;1;Los Espinos + Santa Rosa;final;1353.942;1747.696;1353.942;307.696;313.989
816.1;1;Los Espinos + Santa Rosa;final;1507.725;2747.737;67.725;1307.737;106.651
817;1;Los Espinos + Santa Rosa;final;1309.292;1752.696;1309.292;312.696;276.823
817.1;1;Los Espinos + Santa Rosa;final;1422.951;2703.055;1422.951;1263.055;76.007
818;1;Los Espinos + Santa Rosa;final;1247.135;1757.696;1247.135;317.696;304.139
818.1;1;Los Espinos + Santa Rosa;final;1435.992;2565.875;1435.992;1125.875;131.819
819;1;Los Espinos + Santa Rosa;final;1264.93;1762.696;1264.93;322.696;309.185
820;1;Los Espinos + Santa Rosa;final;1320.549;1767.696;1320.549;327.696;301.725
820.1;1;Los Espinos + Santa Rosa;final;1462.391;2694.013;22.391;1254.013;94.933
821;1;Los Espinos + Santa Rosa;final;1256.146;1772.696;1256.146;332.696;285.201
821.1;1;Los Espinos + Santa Rosa;final;1378.431;2607.497;1378.431;1167.497;91.53
822;1;Los Espinos + Santa Rosa;final;1332.484;1782.696;1332.484;342.696;312.243
822.1;1;Los Espinos + Santa Rosa;final;1499.349;2727.203;59.349;1287.203;90.091
823;1;Los Espinos + Santa Rosa;final;1347.432;1787.696;1347.432;347.696;303.9
823.1;1;Los Espinos + Santa Rosa;final;1434.367;2703.709;1434.367;1263.709;73.82
824;1;Los Espinos + Santa Rosa;final;1260.61;1792.696;1260.61;352.696;277.9
824.1;1;Los Espinos + Santa Rosa;final;1488.076;2606.405;48.076;1166.405;132.83
825;1;Los Espinos + Santa Rosa;final;1279.525;1797.696;1279.525;357.696;287.196
825.1;1;Los Espinos + Santa Rosa;final;1392.951;2673.055;1392.951;1233.055;76.007
826;1;Los Espinos + Santa Rosa;final;1277.442;1808.789;1277.442;368.789;265.764
827;1;Los Espinos + Santa Rosa;final;1303.192;1821.639;1303.192;381.639;304.381
827.1;1;Los Espinos + Santa Rosa;final;1488.166;2658.526;48.166;1218.526;126.699
828;1;Los Espinos + Santa Rosa;final;1372.79;1873.039;1372.79;433.039;275.023
828.1;1;Los Espinos + Santa Rosa;final;1513.724;2755.248;73.724;1315.248;94.977
829;1;Los Espinos + Santa Rosa;final;1481.808;1898.789;41.808;458.789;311.975
830;1;Los Espinos + Santa Rosa;final;1226.966;1752.696;1226.966;312.696;285.034
830.1;1;Los Espinos + Santa Rosa;final;1524.553;2595.188;84.553;1155.188;168.899
831;1;Los Espinos + Santa Rosa;final;1345.358;1767.696;1345.358;327.696;294.152
832;1;Los Espinos + Santa Rosa;final;1377.514;1782.696;1377.514;342.696;309.983
832.1;1;Los Espinos + Santa Rosa;final;1522.229;2727.53;82.229;1287.53;99.667
833;1;Los Espinos + Santa Rosa;final;1390.039;1797.696;1390.039;357.696;313.019
833.1;1;Los Espinos + Santa Rosa;final;1460.85;2797.769;20.85;1357.769;47.804
834;1;Los Espinos + Santa Rosa;intermedia;696.425;722.0;696.425;722.0;263.579
834;2;Los Espinos + Santa Rosa;final;1004.442;1399.521;1004.442;1399.521;106.651
834.1;1;Los Espinos + Santa Rosa;final;1296.275;2437.255;1296.275;997.255;103.215
835;1;Los Espinos + Santa Rosa;final;904.775;1429.521;904.775;1429.521;308.208
835.1;1;Los Espinos + Santa Rosa;final;1231.475;2355.305;1231.475;915.305;103.215
836;1;Los Espinos + Santa Rosa;final;558.755;1755.221;558.755;315.221;105.894
837;1;Los Espinos + Santa Rosa;final;1183.775;1772.354;1183.775;332.354;266.047
838;1;Los Espinos + Santa Rosa;final;1218.808;1780.921;1218.808;340.921;292.587
838.1;1;Los Espinos + Santa Rosa;final;1295.708;2548.441;1295.708;1108.441;82.549
839;1;Los Espinos + Santa Rosa;final;1285.362;1789.488;1285.362;349.488;298.706
840;1;Los Espinos + Santa Rosa;final;1289.489;1789.521;1289.489;349.521;290.822
841;1;Los Espinos + Santa Rosa;final;1255.222;1804.521;1255.222;364.521;282.203
841.1;1;Los Espinos + Santa Rosa;final;1515.374;2633.995;75.374;1193.995;146.284
842;1;Los Espinos + Santa Rosa;final;1339.553;1872.021;1339.553;432.021;246.521
843;1;Los Espinos + Santa Rosa;final;1285.269;1879.521;1285.269;439.521;244.581
844;1;Los Espinos + Santa Rosa;final;958.682;1385.708;958.682;1385.708;290.616
844.1;1;Los Espinos + Santa Rosa;final;1402.802;2389.563;1402.802;949.563;167.57
845;1;Los Espinos + Santa Rosa;final;536.22;1415.708;536.22;1415.708;185.592
846;1;Los Espinos + Santa Rosa;final;1302.942;1723.208;1302.942;283.208;283.185
847;1;Los Espinos + Santa Rosa;final;1250.059;1730.708;1250.059;290.708;313.776
847.1;1;Los Espinos + Santa Rosa;final;1396.732;2606.642;1396.732;1166.642;108.855
848;1;Los Espinos + Santa Rosa;final;1228.536;1738.208;1228.536;298.208;279.961
848.1;1;Los Espinos + Santa Rosa;final;1403.498;2660.881;1403.498;1220.881;116.951
849;1;Los Espinos + Santa Rosa;final;1184.253;1745.708;1184.253;305.708;277.686
850;1;Los Espinos + Santa Rosa;final;1282.758;1753.208;1282.758;313.208;314.462
850.1;1;Los Espinos + Santa Rosa;final;1408.103;2604.991;1408.103;1164.991;113.85
851;1;Los Espinos + Santa Rosa;final;1265.407;1760.708;1265.407;320.708;291.513
852;1;Los Espinos + Santa Rosa;final;1284.803;1768.208;1284.803;328.208;286.633
853;1;Los Espinos + Santa Rosa;final;1318.592;1775.708;1318.592;335.708;298.2
853.1;1;Los Espinos + Santa Rosa;final;1516.483;2671.376;76.483;1231.376;130.341
854;1;Los Espinos + Santa Rosa;final;1189.052;1865.708;1189.052;425.708;220.763
855;1;Los Espinos + Santa Rosa;final;1265.249;1719.976;1265.249;279.976;307.258
856;1;Los Espinos + Santa Rosa;final;1238.524;1726.642;1238.524;286.642;296.148
856.1;1;Los Espinos + Santa Rosa;final;1476.061;2613.763;36.061;1173.763;116.45
857;1;Los Espinos + Santa Rosa;final;1214.958;1733.309;1214.958;293.309;284.062
857.1;1;Los Espinos + Santa Rosa;final;1513.791;2609.721;73.791;1169.721;138.948
858;1;Los Espinos + Santa Rosa;final;1247.046;1739.976;1247.046;299.976;286.268
859;1;Los Espinos + Santa Rosa;final;1119.942;1746.642;1119.942;306.642;271.204
859.1;1;Los Espinos + Santa Rosa;final;1370.802;2555.008;1370.802;1115.008;93.753
860;1;Los Espinos + Santa Rosa;final;1277.882;1753.309;1277.882;313.309;276.58
861;1;Los Espinos + Santa Rosa;final;1237.961;1759.976;1237.961;319.976;278.832
862;1;Los Espinos + Santa Rosa;final;1350.694;1766.642;1350.694;326.642;305.67
862.1;1;Los Espinos + Santa Rosa;final;1502.041;2709.976;62.041;1269.976;114.842
863;1;Los Espinos + Santa Rosa;final;1334.811;1773.309;1334.811;333.309;312.085
863.1;1;Los Espinos + Santa Rosa;final;1464.028;2686.331;24.028;1246.331;96.71
864;1;Los Espinos + Santa Rosa;final;1287.192;1779.976;1287.192;339.976;304.32
865;1;Los Espinos + Santa Rosa;final;1300.663;1785.592;1300.663;345.592;306.065
865.1;1;Los Espinos + Santa Rosa;final;1493.163;2650.377;53.163;1210.377;124.443
866;1;Los Espinos + Santa Rosa;final;1272.484;1791.209;1272.484;351.209;267.234
866.1;1;Los Espinos + Santa Rosa;final;1513.281;2657.287;73.281;1217.287;122.964
867;1;Los Espinos + Santa Rosa;final;1284.118;1796.826;1284.118;356.826;290.184
867.1;1;Los Espinos + Santa Rosa;final;1368.392;2636.982;1368.392;1196.982;73.421
868;1;Los Espinos + Santa Rosa;final;1263.448;1802.442;1263.448;362.442;273.671
869;1;Los Espinos + Santa Rosa;final;1193.055;1808.059;1193.055;368.059;252.539
870;1;Los Espinos + Santa Rosa;final;1389.913;1813.676;1389.913;373.676;313.906
870.1;1;Los Espinos + Santa Rosa;final;1517.058;2740.377;77.058;1300.377;100.539
871;1;Los Espinos + Santa Rosa;final;551.242;1819.292;551.242;379.292;79.536
872;1;Los Espinos + Santa Rosa;final;1282.075;1824.909;1282.075;384.909;282.789
873;1;Los Espinos + Santa Rosa;final;1279.444;1830.526;1279.444;390.526;276.823
874;1;Los Espinos + Santa Rosa;final;1450.716;1836.142;10.716;396.142;305.357
874.1;1;Los Espinos + Santa Rosa;final;1521.061;2832.417;81.061;1392.417;57.957
875;1;Los Espinos + Santa Rosa;final;1324.733;1841.759;1324.733;401.759;273.145
876;1;Los Espinos + Santa Rosa;final;1261.754;1847.376;1261.754;407.376;245.794
877;1;Los Espinos + Santa Rosa;final;1252.569;1852.992;1252.569;412.992;249.595
878;1;Los Espinos + Santa Rosa;final;1272.092;1858.609;1272.092;418.609;264.463
878.1;1;Los Espinos + Santa Rosa;final;1395.873;2667.555;1395.873;1227.555;74.855
879;1;Los Espinos + Santa Rosa;final;1279.292;1864.226;1279.292;424.226;258.632
879.1;1;Los Espinos + Santa Rosa;final;1432.725;2672.737;1432.725;1232.737;106.651
880;1;Los Espinos + Santa Rosa;final;1227.049;1869.842;1227.049;429.842;259.111
881;1;Los Espinos + Santa Rosa;final;1361.981;1869.976;1361.981;429.976;299.038
882;1;Los Espinos + Santa Rosa;final;1251.955;1789.521;1251.955;349.521;279.936
882.1;1;Los Espinos + Santa Rosa;final;1521.427;2633.995;81.427;1193.995;147.325
883;1;Los Espinos + Santa Rosa;final;1225.775;1800.771;1225.775;360.771;262.334
883.1;1;Los Espinos + Santa Rosa;final;1352.951;2619.055;1352.951;1179.055;76.007
884;1;Los Espinos + Santa Rosa;final;1377.951;1812.021;1377.951;372.021;313.7
884.1;1;Los Espinos + Santa Rosa;final;1404.535;2691.875;1404.535;1251.875;76.982
885;1;Los Espinos + Santa Rosa;final;1270.784;1879.521;1270.784;439.521;257.696
886;1;Los Espinos + Santa Rosa;final;1195.275;1775.708;1195.275;335.708;266.909
887;1;Los Espinos + Santa Rosa;final;1272.355;1783.875;1272.355;343.875;300.512
887.1;1;Los Espinos + Santa Rosa;final;1370.913;2646.845;1370.913;1206.845;72.977
888;1;Los Espinos + Santa Rosa;final;1301.867;1865.708;1301.867;425.708;258.545
889;1;Vespucio Norte;final;1288.247;1749.372;1288.247;309.372;277.087
890;1;Vespucio Norte;final;1216.262;1753.972;1216.262;313.972;217.514
891;1;Vespucio Norte;final;1336.445;1758.572;1336.445;318.572;265.553
892;1;Vespucio Norte;final;1390.445;1763.172;1390.445;323.172;286.16
893;1;Vespucio Norte;final;1341.312;1767.772;1341.312;327.772;265.553
894;1;Vespucio Norte;final;1425.762;1772.372;1425.762;332.372;292.987
894.1;1;Vespucio Norte;final;1492.428;2832.705;52.428;1392.705;43.852
895;1;Vespucio Norte;final;1466.378;1776.972;26.378;336.972;299.814
896;1;Vespucio Norte;final;1246.262;1781.572;1246.262;341.572;222.107
897;1;Vespucio Norte;final;1397.845;1786.172;1397.845;346.172;267.787
898;1;Vespucio Norte;final;1465.762;1790.772;25.762;350.772;309.0
899;1;Vespucio Norte;final;1264.262;1795.372;1264.262;355.372;231.293
900;1;Vespucio Norte;final;1363.445;1799.972;1363.445;359.972;249.54
901;1;Vespucio Norte;final;1354.445;1804.572;1354.445;364.572;249.54
902;1;Vespucio Norte;final;1210.262;1809.372;1210.262;369.372;199.266
903;1;Vespucio Norte;final;1172.862;1814.372;1172.862;374.372;187.846
904;1;Vespucio Norte;final;1449.245;1819.372;9.245;379.372;283.801
905;1;Vespucio Norte;final;1300.262;1839.372;1300.262;399.372;219.873
906;1;Vespucio Norte;final;1318.262;1749.372;1318.262;309.372;265.553
907;1;Vespucio Norte;final;1282.262;1754.372;1282.262;314.372;233.527
908;1;Vespucio Norte;final;1270.262;1759.372;1270.262;319.372;238.12
909;1;Vespucio Norte;final;1495.985;1764.372;55.985;324.372;260.634
910;1;Vespucio Norte;final;1254.612;1769.372;1254.612;329.372;233.527
911;1;Vespucio Norte;final;1412.428;1774.372;1412.428;334.372;288.394
911.1;1;Vespucio Norte;final;1479.095;2819.372;39.095;1379.372;43.852
912;1;Vespucio Norte;final;1166.678;1809.372;1166.678;369.372;183.253
913;1;Vespucio Norte;final;1483.512;1821.072;43.512;381.072;297.58
914;1;Vespucio Norte;final;1281.862;1844.472;1281.862;404.472;201.5
915;1;Vespucio Norte;final;1275.978;1848.372;1275.978;408.372;206.093
916;1;Vespucio Norte;final;1303.247;1891.272;1303.247;451.272;233.64
917;1;Vespucio Norte;final;1363.578;1899.372;1363.578;459.372;222.107
918;1;Los Espinos + Santa Rosa;final;842.672;1403.995;842.672;1403.995;297.295
918.1;1;Los Espinos + Santa Rosa;final;1382.353;2267.501;1382.353;827.501;192.384
919;1;Los Espinos + Santa Rosa;final;800.659;1423.995;800.659;1423.995;293.086
919.1;1;Los Espinos + Santa Rosa;final;1296.658;2235.603;1296.658;795.603;160.498
920;1;Los Espinos + Santa Rosa;final;931.802;1443.995;931.802;3.995;297.903
920.1;1;Los Espinos + Santa Rosa;final;1499.705;2385.27;59.705;945.27;222.883
921;1;Los Espinos + Santa Rosa;final;1276.275;1757.995;1276.275;317.995;290.535
922;1;Los Espinos + Santa Rosa;final;1237.619;1769.995;1237.619;329.995;278.104
923;1;Los Espinos + Santa Rosa;final;1270.491;1781.995;1270.491;341.995;303.906
923.1;1;Los Espinos + Santa Rosa;final;1524.472;2674.735;84.472;1234.735;124.152
924;1;Los Espinos + Santa Rosa;final;1203.603;1793.995;1203.603;353.995;264.526
924.1;1;Los Espinos + Santa Rosa;final;1486.742;2608.103;46.742;1168.103;137.397
925;1;Los Espinos + Santa Rosa;final;1311.861;1803.995;1311.861;363.995;291.209
926;1;Los Espinos + Santa Rosa;final;1384.731;1813.995;1384.731;373.995;297.571
927;1;Los Espinos + Santa Rosa;final;1194.331;1863.995;1194.331;423.995;235.16
928;1;Los Espinos + Santa Rosa;final;1253.925;1883.995;1253.925;443.995;248.205
929;1;Los Espinos + Santa Rosa;final;1149.3;1385.708;1149.3;1385.708;306.75
929.1;1;Los Espinos + Santa Rosa;final;1314.424;2488.445;1314.424;1048.445;108.315
930;1;Los Espinos + Santa Rosa;final;844.146;1415.708;844.146;1415.708;313.241
930.1;1;Los Espinos + Santa Rosa;final;1511.963;2212.397;71.963;772.397;251.637
931;1;Los Espinos + Santa Rosa;final;1287.621;1738.208;1287.621;298.208;294.458
932;1;Los Espinos + Santa Rosa;final;1279.712;1745.708;1279.712;305.708;309.509
932.1;1;Los Espinos + Santa Rosa;final;1384.896;2651.438;1384.896;1211.438;94.613
933;1;Los Espinos + Santa Rosa;final;1309.592;1768.208;1309.592;328.208;290.66
933.1;1;Los Espinos + Santa Rosa;final;1462.725;2702.737;22.725;1262.737;106.651
934;1;Los Espinos + Santa Rosa;final;1306.208;1783.875;1306.208;343.875;311.176
934.1;1;Los Espinos + Santa Rosa;final;1505.5;2684.678;65.5;1244.678;123.076
935;1;Los Espinos + Santa Rosa;final;1353.285;1719.976;1353.285;279.976;304.685
936;1;Los Espinos + Santa Rosa;final;1298.511;1727.476;1298.511;287.476;306.689
937;1;Los Espinos + Santa Rosa;final;1303.435;1734.976;1303.435;294.976;304.481
938;1;Los Espinos + Santa Rosa;final;1284.4;1742.476;1284.4;302.476;289.569
938.1;1;Los Espinos + Santa Rosa;final;1468.202;2712.632;28.202;1272.632;84.081
939;1;Los Espinos + Santa Rosa;final;1280.532;1749.976;1280.532;309.976;291.313
939.1;1;Los Espinos + Santa Rosa;final;1518.311;2638.375;78.311;1198.375;136.78
940;1;Los Espinos + Santa Rosa;final;1290.298;1757.476;1290.298;317.476;282.158
940.1;1;Los Espinos + Santa Rosa;final;1407.397;2723.008;1407.397;1283.008;53.419
941;1;Los Espinos + Santa Rosa;final;1178.073;1764.976;1178.073;324.976;304.784
941.1;1;Los Espinos + Santa Rosa;final;1479.394;2546.304;39.394;1106.304;170.162
942;1;Los Espinos + Santa Rosa;final;1377.141;1772.476;1377.141;332.476;309.254
943;1;Los Espinos + Santa Rosa;final;1344.811;1779.976;1344.811;339.976;286.551
944;1;Los Espinos + Santa Rosa;final;1369.377;1786.892;1369.377;346.892;299.875
944.1;1;Los Espinos + Santa Rosa;final;1510.793;2803.41;70.793;1363.41;66.877
945;1;Los Espinos + Santa Rosa;final;1294.013;1793.809;1294.013;353.809;306.582
945.1;1;Los Espinos + Santa Rosa;final;1501.345;2699.449;61.345;1259.449;109.603
946;1;Los Espinos + Santa Rosa;final;1244.628;1800.726;1244.628;360.726;266.532
947;1;Los Espinos + Santa Rosa;final;548.011;1807.642;548.011;367.642;87.115
948;1;Los Espinos + Santa Rosa;final;1133.336;1814.559;1133.336;374.559;281.414
948.1;1;Los Espinos + Santa Rosa;final;1362.285;2510.709;1362.285;1070.709;109.965
949;1;Los Espinos + Santa Rosa;final;1263.39;1821.476;1263.39;381.476;310.705
949.1;1;Los Espinos + Santa Rosa;final;1309.672;2629.437;1309.672;1189.437;51.284
950;1;Los Espinos + Santa Rosa;final;1357.786;1835.309;1357.786;395.309;298.232
950.1;1;Los Espinos + Santa Rosa;final;1398.749;2712.081;1398.749;1272.081;59.288
951;1;Los Espinos + Santa Rosa;final;1384.286;1842.226;1384.286;402.226;292.359
951.1;1;Los Espinos + Santa Rosa;final;1489.586;2817.547;49.586;1377.547;53.217
952;1;Los Espinos + Santa Rosa;final;1337.79;1849.142;1337.79;409.142;303.269
952.1;1;Los Espinos + Santa Rosa;final;1403.655;2719.387;1403.655;1279.387;53.893
953;1;Los Espinos + Santa Rosa;final;1407.982;1856.059;1407.982;416.059;293.736
954;1;Los Espinos + Santa Rosa;final;1202.873;1862.976;1202.873;422.976;228.526
955;1;Los Espinos + Santa Rosa;final;1321.819;1869.892;1321.819;429.892;261.882
955.1;1;Los Espinos + Santa Rosa;final;1459.552;2710.14;19.552;1270.14;78.938
956;1;Los Espinos + Santa Rosa;final;1302.302;1869.976;1302.302;429.976;246.902
957;1;Los Espinos + Santa Rosa;final;995.965;1407.287;995.965;1407.287;308.373
957.1;1;Los Espinos + Santa Rosa;final;1319.192;2382.042;1319.192;942.042;150.415
958;1;Los Espinos + Santa Rosa;final;1188.084;1427.287;1188.084;1427.287;309.316
958.1;1;Los Espinos + Santa Rosa;final;1370.278;2577.237;1370.278;1137.237;89.889
959;1;Los Espinos + Santa Rosa;final;1050.617;1447.287;1050.617;7.287;304.82
959.1;1;Los Espinos + Santa Rosa;final;1543.373;2473.72;103.373;1033.72;207.412
960;1;Los Espinos + Santa Rosa;final;1114.001;1467.287;1114.001;27.287;304.171
960.1;1;Los Espinos + Santa Rosa;final;1433.564;2517.103;1433.564;1077.103;141.477
961;1;Los Espinos + Santa Rosa;final;1311.803;1770.62;1311.803;330.62;296.819
961.1;1;Los Espinos + Santa Rosa;final;1549.166;2689.575;109.166;1249.575;129.779
962;1;Los Espinos + Santa Rosa;final;1372.73;1777.287;1372.73;337.287;278.585
963;1;Los Espinos + Santa Rosa;final;1345.065;1783.953;1345.065;343.953;300.182
964;1;Los Espinos + Santa Rosa;final;1407.678;1797.287;1407.678;357.287;310.667
965;1;Los Espinos + Santa Rosa;final;1418.034;1802.57;1418.034;362.57;304.171
965.1;1;Los Espinos + Santa Rosa;final;1529.163;2799.287;89.163;1359.287;75.176
966;1;Los Espinos + Santa Rosa;final;1263.789;1807.853;1263.789;367.853;227.463
967;1;Los Espinos + Santa Rosa;final;1310.99;1818.42;1310.99;378.42;260.986
968;1;Los Espinos + Santa Rosa;final;1287.882;1839.553;1287.882;399.553;235.242
969;1;Los Espinos + Santa Rosa;final;1448.742;1844.837;8.742;404.837;304.143
969.1;1;Los Espinos + Santa Rosa;final;1580.496;2851.87;140.496;1411.87;78.912
970;1;Los Espinos + Santa Rosa;final;978.472;1388.554;978.472;1388.554;307.321
970.1;1;Los Espinos + Santa Rosa;final;1414.963;2393.928;1414.963;953.928;166.416
971;1;Los Espinos + Santa Rosa;final;1009.001;1408.554;1009.001;1408.554;301.327
971.1;1;Los Espinos + Santa Rosa;final;1303.146;2434.153;1303.146;994.153;105.851
972;1;Los Espinos + Santa Rosa;final;956.08;1428.554;956.08;1428.554;297.842
972.1;1;Los Espinos + Santa Rosa;final;1291.011;2358.376;1291.011;918.376;161.005
973;1;Los Espinos + Santa Rosa;final;1024.001;1448.554;1024.001;8.554;301.327
973.1;1;Los Espinos + Santa Rosa;final;1560.802;2443.37;120.802;1003.37;208.033
974;1;Los Espinos + Santa Rosa;final;1264.019;1743.554;1264.019;303.554;297.915
975;1;Los Espinos + Santa Rosa;final;1301.815;1753.554;1301.815;313.554;305.757
975.1;1;Los Espinos + Santa Rosa;final;1464.721;2671.438;24.721;1231.438;119.719
976;1;Los Espinos + Santa Rosa;final;574.244;1794.657;574.244;354.657;90.729
977;1;Los Espinos + Santa Rosa;final;1411.887;1824.657;1411.887;384.657;308.112
977.1;1;Los Espinos + Santa Rosa;final;1461.186;2818.296;21.186;1378.296;33.87
978;1;Los Espinos + Santa Rosa;final;1239.327;1748.951;1239.327;308.951;276.095
978.1;1;Los Espinos + Santa Rosa;final;1324.344;2593.309;1324.344;1153.309;87.115
979;1;Los Espinos + Santa Rosa;final;644.646;1407.287;644.646;1407.287;312.509
979.1;1;Los Espinos + Santa Rosa;final;1315.002;2008.397;1315.002;568.397;208.037
980;1;Los Espinos + Santa Rosa;intermedia;829.391;852.0;829.391;852.0;296.682
980;2;Los Espinos + Santa Rosa;final;1028.076;1437.287;1028.076;1437.287;74.522
980.1;1;Los Espinos + Santa Rosa;final;1201.189;2414.242;1201.189;974.242;89.185
981;1;Los Espinos + Santa Rosa;final;948.698;1467.287;948.698;27.287;308.72
981.1;1;Los Espinos + Santa Rosa;final;1462.886;2313.73;22.886;873.73;210.353
982;1;Los Espinos + Santa Rosa;final;1230.496;1761.287;1230.496;321.287;278.182
983;1;Los Espinos + Santa Rosa;final;1257.384;1773.287;1257.384;333.287;264.875
984;1;Los Espinos + Santa Rosa;final;1260.998;1785.287;1260.998;345.287;271.547
985;1;Los Espinos + Santa Rosa;final;1332.775;1797.287;1332.775;357.287;276.719
985.1;1;Los Espinos + Santa Rosa;final;1496.317;2770.142;56.317;1330.142;75.075
986;1;Los Espinos + Santa Rosa;final;1304.289;1817.287;1304.289;377.287;299.562
986.1;1;Los Espinos + Santa Rosa;final;1434.963;2678.794;1434.963;1238.794;86.894
987;1;Los Espinos + Santa Rosa;final;1289.238;1827.287;1289.238;387.287;261.718
988;1;Los Espinos + Santa Rosa;final;893.048;1387.363;893.048;1387.363;299.561
988.1;1;Los Espinos + Santa Rosa;final;1427.335;2297.419;1427.335;857.419;180.21
989;1;Los Espinos + Santa Rosa;final;829.063;1417.363;829.063;1417.363;307.968
989.1;1;Los Espinos + Santa Rosa;final;1348.222;2224.377;1348.222;784.377;213.018
990;1;Los Espinos + Santa Rosa;final;464.701;1717.363;464.701;277.363;78.304
991;1;Los Espinos + Santa Rosa;final;1239.192;1741.363;1239.192;301.363;307.066
991.1;1;Los Espinos + Santa Rosa;final;1361.072;2592.142;1361.072;1152.142;89.185
992;1;Los Espinos + Santa Rosa;final;1370.193;1753.363;1370.193;313.363;293.714
993;1;Los Espinos + Santa Rosa;final;1264.119;1777.363;1264.119;337.363;278.547
994;1;Los Espinos + Santa Rosa;final;1385.863;1819.676;1385.863;379.676;294.602
994.1;1;Los Espinos + Santa Rosa;final;1492.948;2794.62;52.948;1354.62;69.595
995;1;Los Espinos + Santa Rosa;intermedia;810.136;830.0;810.136;830.0;292.619
995;2;Los Espinos + Santa Rosa;final;1026.936;1443.502;1026.936;3.502;56.782
995.1;1;Los Espinos + Santa Rosa;final;1448.861;2470.881;8.861;1030.881;151.795
996;1;Los Espinos + Santa Rosa;final;1243.925;1488.502;1243.925;48.502;306.814
996.1;1;Los Espinos + Santa Rosa;final;1388.341;2637.098;1388.341;1197.098;84.103
997;1;Los Espinos + Santa Rosa;final;1145.441;1578.502;1145.441;138.502;300.719
997.1;1;Los Espinos + Santa Rosa;final;1359.224;2525.039;1359.224;1085.039;109.923
998;1;Los Espinos + Santa Rosa;final;1278.116;1623.502;1278.116;183.502;312.904
998.1;1;Los Espinos + Santa Rosa;final;1487.107;2667.417;47.107;1227.417;106.595
999;1;Los Espinos + Santa Rosa;final;1208.88;1713.502;1208.88;273.502;273.583
999.1;1;Los Espinos + Santa Rosa;final;1507.948;2614.62;67.948;1174.62;137.875
1000;1;Los Espinos + Santa Rosa;final;1218.096;1722.068;1218.096;282.068;273.583
1000.1;1;Los Espinos + Santa Rosa;final;1447.098;2624.62;7.098;1184.62;99.423
1001;1;Los Espinos + Santa Rosa;final;1295.136;1730.635;1295.136;290.635;290.84
1001.1;1;Los Espinos + Santa Rosa;final;1409.779;2723.881;1409.779;1283.881;51.507
1002;1;Los Espinos + Santa Rosa;final;1371.285;1739.202;1371.285;299.202;313.226
1003;1;Los Espinos + Santa Rosa;final;1219.663;1747.768;1219.663;307.768;273.583
1003.1;1;Los Espinos + Santa Rosa;final;1492.979;2634.62;52.979;1194.62;129.422
1004;1;Los Espinos + Santa Rosa;final;1316.678;1756.335;1316.678;316.335;313.483
1004.1;1;Los Espinos + Santa Rosa;final;1431.061;2667.081;1431.061;1227.081;84.949
1005;1;Los Espinos + Santa Rosa;final;1289.142;1764.902;1289.142;324.902;289.188
1005.1;1;Los Espinos + Santa Rosa;final;1491.088;2665.778;51.088;1225.778;106.83
1006;1;Los Espinos + Santa Rosa;final;1247.313;1773.468;1247.313;333.468;273.583
1006.1;1;Los Espinos + Santa Rosa;final;1465.173;2644.62;25.173;1204.62;109.014
1007;1;Los Espinos + Santa Rosa;final;1284.18;1773.502;1284.18;333.502;273.583
1007.1;1;Los Espinos + Santa Rosa;final;1537.948;2683.17;97.948;1243.17;137.875
1008;1;Los Espinos + Santa Rosa;final;1210.285;1775.881;1210.285;335.881;246.367
1009;1;Los Espinos + Santa Rosa;final;1262.47;1790.881;1262.47;350.881;257.47
1010;1;Los Espinos + Santa Rosa;final;1214.588;1805.881;1214.588;365.881;237.211
1011;1;Los Espinos + Santa Rosa;final;1414.839;1885.881;1414.839;445.881;268.544
1012;1;Los Espinos + Santa Rosa;final;1199.136;1723.138;1199.136;283.138;282.169
1012.1;1;Los Espinos + Santa Rosa;final;1424.351;2630.881;1424.351;1190.881;87.406
1013;1;Los Espinos + Santa Rosa;final;1149.705;1728.138;1149.705;288.138;289.463
1013.1;1;Los Espinos + Santa Rosa;final;1496.705;2529.078;56.705;1089.078;152.595
1014;1;Los Espinos + Santa Rosa;final;1310.308;1733.138;1310.308;293.138;262.13
1015;1;Los Espinos + Santa Rosa;final;1205.954;1738.138;1205.954;298.138;248.161
1016;1;Los Espinos + Santa Rosa;final;1290.915;1743.138;1290.915;303.138;288.244
1016.1;1;Los Espinos + Santa Rosa;final;1471.019;2661.438;31.019;1221.438;112.131
1017;1;Los Espinos + Santa Rosa;final;1305.532;1753.138;1305.532;313.138;310.131
1017.1;1;Los Espinos + Santa Rosa;final;1476.522;2694.14;36.522;1254.14;90.145
1018;1;Los Espinos + Santa Rosa;final;1232.136;1758.138;1232.136;318.138;284.588
1018.1;1;Los Espinos + Santa Rosa;final;1498.815;2660.881;58.815;1220.881;135.007
1019;1;Los Espinos + Santa Rosa;final;1375.42;1763.138;1375.42;323.138;311.24
1019.1;1;Los Espinos + Santa Rosa;final;1464.64;2791.63;24.64;1351.63;44.053
1020;1;Los Espinos + Santa Rosa;final;1291.9;1768.138;1291.9;328.138;282.27
1020.1;1;Los Espinos + Santa Rosa;final;1532.29;2720.132;92.29;1280.132;109.622
1021;1;Los Espinos + Santa Rosa;final;522.902;1773.138;522.902;333.138;79.355
1022;1;Los Espinos + Santa Rosa;final;1326.484;1778.138;1326.484;338.138;289.594
1022.1;1;Los Espinos + Santa Rosa;final;1509.472;2717.287;69.472;1277.287;104.572
1023;1;Los Espinos + Santa Rosa;final;1316.155;1788.138;1316.155;348.138;297.709
1023.1;1;Los Espinos + Santa Rosa;final;1517.755;2692.195;77.755;1252.195;106.83
1024;1;Los Espinos + Santa Rosa;final;1362.116;1798.138;1362.116;358.138;301.642
1024.1;1;Los Espinos + Santa Rosa;final;1561.082;2707.341;121.082;1267.341;120.567
1025;1;Los Espinos + Santa Rosa;final;1434.668;1808.138;1434.668;368.138;314.819
1025.1;1;Los Espinos + Santa Rosa;final;1487.474;2809.728;47.474;1369.728;55.113
1026;1;Los Espinos + Santa Rosa;final;494.053;1828.138;494.053;388.138;42.129
1027;1;Los Espinos + Santa Rosa;final;1261.588;1833.138;1261.588;393.138;149.819
1028;1;Los Espinos + Santa Rosa;final;1223.142;1838.138;1223.142;398.138;221.566
1029;1;Los Espinos + Santa Rosa;final;1337.488;1843.138;1337.488;403.138;281.926
1030;1;Los Espinos + Santa Rosa;final;1428.057;1848.138;1428.057;408.138;311.057
1030.1;1;Los Espinos + Santa Rosa;final;1523.564;2815.248;83.564;1375.248;71.461
1031;1;Los Espinos + Santa Rosa;intermedia;822.542;840.0;822.542;840.0;266.69
1031;2;Los Espinos + Santa Rosa;final;1032.468;1386.58;1032.468;1386.58;72.947
1031.1;1;Los Espinos + Santa Rosa;final;1380.413;2403.449;1380.413;963.449;159.554
1032;1;Los Espinos + Santa Rosa;final;934.896;1416.58;934.896;1416.58;310.033
1032.1;1;Los Espinos + Santa Rosa;final;1392.36;2376.628;1392.36;936.628;158.827
1033;1;Los Espinos + Santa Rosa;final;505.836;1716.58;505.836;276.58;95.715
1034;1;Los Espinos + Santa Rosa;final;1247.753;1726.58;1247.753;286.58;290.134
1034.1;1;Los Espinos + Santa Rosa;final;1380.429;2677.214;1380.429;1237.214;56.287
1035;1;Los Espinos + Santa Rosa;final;1311.192;1736.58;1311.192;296.58;314.271
1035.1;1;Los Espinos + Santa Rosa;final;1434.199;2686.912;1434.199;1246.912;75.493
1036;1;Los Espinos + Santa Rosa;final;1206.669;1746.58;1206.669;306.58;290.98
1037;1;Los Espinos + Santa Rosa;final;1234.208;1756.58;1234.208;316.58;294.634
1037.1;1;Los Espinos + Santa Rosa;final;1409.876;2603.754;1409.876;1163.754;112.176
1038;1;Los Espinos + Santa Rosa;final;1314.732;1766.58;1314.732;326.58;302.026
1038.1;1;Los Espinos + Santa Rosa;final;1409.332;2668.192;1409.332;1228.192;79.362
1039;1;Los Espinos + Santa Rosa;final;1380.592;1776.58;1380.592;336.58;314.056
1040;1;Los Espinos + Santa Rosa;final;1271.107;1783.497;1271.107;343.497;294.11
1041;1;Los Espinos + Santa Rosa;final;1237.678;1790.413;1237.678;350.413;276.847
1042;1;Los Espinos + Santa Rosa;final;1311.379;1797.33;1311.379;357.33;295.164
1042.1;1;Los Espinos + Santa Rosa;final;1490.04;2632.546;50.04;1192.546;131.121
1043;1;Los Espinos + Santa Rosa;final;1202.572;1804.247;1202.572;364.247;234.872
1044;1;Los Espinos + Santa Rosa;final;1319.371;1811.163;1319.371;371.163;285.941
1045;1;Los Espinos + Santa Rosa;final;1341.08;1818.08;1341.08;378.08;303.047
1045.1;1;Los Espinos + Santa Rosa;final;1451.989;2697.076;11.989;1257.076;89.185
1046;1;Los Espinos + Santa Rosa;final;1365.069;1824.997;1365.069;384.997;301.548
1047;1;Los Espinos + Santa Rosa;final;1389.238;1831.913;1389.238;391.913;280.657
1048;1;Los Espinos + Santa Rosa;final;1396.408;1838.83;1396.408;398.83;293.849
1048.1;1;Los Espinos + Santa Rosa;final;1480.059;2792.737;40.059;1352.737;62.383
1049;1;Los Espinos + Santa Rosa;final;1292.936;2496.58;1292.936;1056.58;95.715
1050;1;Los Espinos + Santa Rosa;final;1257.678;1743.055;1257.678;303.055;309.748
1050.1;1;Los Espinos + Santa Rosa;final;1301.527;2610.081;1301.527;1170.081;55.828
1051;1;Los Espinos + Santa Rosa;final;1285.242;1748.505;1285.242;308.505;297.342
1051.1;1;Los Espinos + Santa Rosa;final;1364.371;2693.103;1364.371;1253.103;46.872
1052;1;Los Espinos + Santa Rosa;final;1255.192;1753.955;1255.192;313.955;302.169
1052.1;1;Los Espinos + Santa Rosa;final;1477.839;2610.576;37.839;1170.576;143.936
1053;1;Los Espinos + Santa Rosa;final;1360.61;1759.405;1360.61;319.405;314.244
1053.1;1;Los Espinos + Santa Rosa;final;1498.135;2707.011;58.135;1267.011;97.973
1054;1;Los Espinos + Santa Rosa;final;1281.608;1764.855;1281.608;324.855;298.506
1055;1;Los Espinos + Santa Rosa;final;1191.307;1770.305;1191.307;330.305;234.679
1056;1;Los Espinos + Santa Rosa;final;1237.775;1775.755;1237.775;335.755;268.797
1056.1;1;Los Espinos + Santa Rosa;final;1364.951;2631.055;1364.951;1191.055;76.007
1057;1;Los Espinos + Santa Rosa;final;1319.402;1781.205;1319.402;341.205;301.896
1058;1;Los Espinos + Santa Rosa;final;1314.208;1786.655;1314.208;346.655;305.709
1058.1;1;Los Espinos + Santa Rosa;final;1548.809;2681.163;108.809;1241.163;141.068
1059;1;Los Espinos + Santa Rosa;final;1315.166;1792.105;1315.166;352.105;268.192
1060;1;Los Espinos + Santa Rosa;final;1353.713;1797.555;1353.713;357.555;303.518
1060.1;1;Los Espinos + Santa Rosa;final;1431.394;2709.976;1431.394;1269.976;87.115
1061;1;Los Espinos + Santa Rosa;final;1262.942;1803.005;1262.942;363.005;268.797
1062;1;Los Espinos + Santa Rosa;final;1301.955;1803.055;1301.955;363.055;282.614
1062.1;1;Los Espinos + Santa Rosa;final;1445.332;2678.995;5.332;1238.995;95.693
1063;1;Los Espinos + Santa Rosa;final;1268.658;1809.055;1268.658;369.055;292.401
1063.1;1;Los Espinos + Santa Rosa;final;1345.058;2597.791;1345.058;1157.791;82.549
1064;1;Los Espinos + Santa Rosa;final;1335.192;1815.055;1335.192;375.055;291.277
1065;1;Los Espinos + Santa Rosa;final;1381.719;1821.055;1381.719;381.055;299.353
1066;1;Los Espinos + Santa Rosa;final;1431.155;1827.055;1431.155;387.055;297.322
1067;1;Los Espinos + Santa Rosa;final;1421.569;1833.055;1421.569;393.055;304.345
1067.1;1;Los Espinos + Santa Rosa;final;1547.413;2857.547;107.413;1417.547;56.287
1068;1;Los Espinos + Santa Rosa;final;1309.608;1839.055;1309.608;399.055;268.797
1068.1;1;Los Espinos + Santa Rosa;final;1501.971;2701.937;61.971;1261.937;103.117
1069;1;Los Espinos + Santa Rosa;final;1373.661;1845.055;1373.661;405.055;295.113
1070;1;Los Espinos + Santa Rosa;final;1251.922;1851.055;1251.922;411.055;229.646
1071;1;Los Espinos + Santa Rosa;final;1210.992;1857.055;1210.992;417.055;234.142
1072;1;Los Espinos + Santa Rosa;final;1367.278;1863.055;1367.278;423.055;294.162
1073;1;Los Espinos + Santa Rosa;final;1281.39;1869.055;1281.39;429.055;257.257
1074;1;Los Espinos + Santa Rosa;final;1352.058;1875.055;1352.058;435.055;265.583
1075;1;Los Espinos + Santa Rosa;final;1207.486;1881.055;1207.486;441.055;202.249
1076;1;Los Espinos + Santa Rosa;final;1448.305;1887.055;8.305;447.055;312.319
1077;1;Los Espinos + Santa Rosa;final;1433.283;1893.055;1433.283;453.055;297.886
1077.1;1;Los Espinos + Santa Rosa;final;1515.268;2840.851;75.268;1400.851;50.681
1078;1;Los Espinos + Santa Rosa;final;1248.484;1770.709;1248.484;330.709;274.582
1078.1;1;Los Espinos + Santa Rosa;final;1537.596;2631.737;97.596;1191.737;144.503
1079;1;Los Espinos + Santa Rosa;final;1119.632;1448.302;1119.632;8.302;299.953
1079.1;1;Los Espinos + Santa Rosa;final;1334.983;2512.827;1334.983;1072.827;97.557
1080;1;Los Espinos + Santa Rosa;final;1145.607;1718.302;1145.607;278.302;265.375
1081;1;Los Espinos + Santa Rosa;final;1273.353;1728.302;1273.353;288.302;273.613
1081.1;1;Los Espinos + Santa Rosa;final;1404.929;2701.714;1404.929;1261.714;56.287
1082;1;Los Espinos + Santa Rosa;final;1169.336;1738.302;1169.336;298.302;314.727
1082.1;1;Los Espinos + Santa Rosa;final;1353.869;2540.709;1353.869;1100.709;112.261
1083;1;Los Espinos + Santa Rosa;final;1281.765;1748.302;1281.765;308.302;295.242
1083.1;1;Los Espinos + Santa Rosa;final;1352.148;2661.519;1352.148;1221.519;56.599
1084;1;Los Espinos + Santa Rosa;final;1186.64;1758.302;1186.64;318.302;313.572
1084.1;1;Los Espinos + Santa Rosa;final;1247.272;2555.521;1247.272;1115.521;51.284
1085;1;Los Espinos + Santa Rosa;final;1193.336;1768.302;1193.336;328.302;314.727
1085.1;1;Los Espinos + Santa Rosa;final;1353.08;2566.159;1353.08;1126.159;89.254
1086;1;Los Espinos + Santa Rosa;final;1205.336;1778.302;1205.336;338.302;314.727
1086.1;1;Los Espinos + Santa Rosa;final;1455.83;2579.492;15.83;1139.492;124.962
1087;1;Los Espinos + Santa Rosa;final;1215.166;1788.302;1215.166;348.302;288.37
1087.1;1;Los Espinos + Santa Rosa;final;1494.963;2581.763;54.963;1141.763;141.589
1088;1;Los Espinos + Santa Rosa;final;1247.336;1798.302;1247.336;358.302;310.967
1088.1;1;Los Espinos + Santa Rosa;final;1338.686;2675.132;1338.686;1235.132;44.594
1089;1;Los Espinos + Santa Rosa;final;1231.955;1808.302;1231.955;368.302;312.753
1089.1;1;Los Espinos + Santa Rosa;final;1412.472;2616.795;1412.472;1176.795;104.695
1090;1;Los Espinos + Santa Rosa;final;1266.496;1828.302;1266.496;388.302;312.556
1090.1;1;Los Espinos + Santa Rosa;final;1386.772;2619.976;1386.772;1179.976;89.185
1091;1;Los Espinos + Santa Rosa;final;1232.715;1858.302;1232.715;418.302;243.218
1092;1;Vespucio Norte;final;1244.362;1701.191;1244.362;261.191;285.377
1092.1;1;Vespucio Norte;final;1513.743;2679.225;73.743;1239.225;124.674
1093;1;Vespucio Norte;final;1289.27;1711.191;1289.27;271.191;308.692
1094;1;Vespucio Norte;final;1216.246;1721.191;1216.246;281.191;298.273
1094.1;1;Vespucio Norte;final;1468.562;2649.654;28.562;1209.654;99.273
1095;1;Vespucio Norte;final;1192.779;1731.191;1192.779;291.191;298.013
1095.1;1;Vespucio Norte;final;1335.496;2632.396;1335.496;1192.396;62.752
1096;1;Vespucio Norte;final;1258.617;1741.191;1258.617;301.191;286.988
1096.1;1;Vespucio Norte;final;1327.317;2694.225;1327.317;1254.225;32.437
1097;1;Vespucio Norte;final;1330.523;1751.191;1330.523;311.191;295.415
1097.1;1;Vespucio Norte;final;1483.956;2769.396;43.956;1329.396;73.709
1098;1;Vespucio Norte;final;1159.764;1761.191;1159.764;321.191;231.48
1099;1;Vespucio Norte;final;1196.734;1768.691;1196.734;328.691;241.66
1100;1;Vespucio Norte;final;1286.277;1776.191;1286.277;336.191;295.142
1101;1;Vespucio Norte;final;1262.206;1783.691;1262.206;343.691;274.727
1101.1;1;Vespucio Norte;final;1488.189;2698.146;48.189;1258.146;96.05
1102;1;Vespucio Norte;final;1246.206;1791.191;1246.206;351.191;268.982
1103;1;Vespucio Norte;final;1326.839;1798.691;1326.839;358.691;290.993
1104;1;Vespucio Norte;final;1238.206;1813.691;1238.206;373.691;261.1
1104.1;1;Vespucio Norte;final;1461.523;2675.646;21.523;1235.646;96.05
1105;1;Vespucio Norte;final;1205.951;1843.691;1205.951;403.691;221.456
1106;1;Vespucio Norte;final;1258.017;1869.191;1258.017;429.191;243.467
1107;1;Vespucio Norte;final;1278.617;1878.191;1278.617;438.191;243.467
1108;1;Vespucio Norte;final;1242.817;1887.191;1242.817;447.191;221.456
1109;1;Vespucio Norte;final;1271.131;1762.257;1271.131;322.257;278.218
1110;1;Vespucio Norte;final;1328.617;1792.257;1328.617;352.257;279.422
1111;1;Vespucio Norte;final;1248.617;1802.257;1248.617;362.257;249.528
1112;1;Vespucio Norte;final;1358.129;1812.257;1358.129;372.257;299.396
1112.1;1;Vespucio Norte;final;1433.346;2792.372;1433.346;1352.372;42.97
1113;1;Vespucio Norte;final;1356.143;1822.257;1356.143;382.257;295.128
1114;1;Vespucio Norte;final;1275.489;1837.257;1275.489;397.257;233.329
1115;1;Vespucio Norte;final;1355.689;1844.757;1355.689;404.757;263.222
1116;1;Vespucio Norte;final;1380.817;1852.257;1380.817;412.257;279.422
1117;1;Los Espinos + Santa Rosa;final;1145.404;1472.737;1145.404;32.737;309.26
1117.1;1;Los Espinos + Santa Rosa;final;1271.588;2525.915;1271.588;1085.915;74.056
1118;1;Los Espinos + Santa Rosa;final;1220.176;1742.737;1220.176;302.737;294.062
1118.1;1;Los Espinos + Santa Rosa;final;1451.741;2573.309;11.741;1133.309;146.633
1119;1;Los Espinos + Santa Rosa;final;1197.486;1747.02;1197.486;307.02;290.084
1120;1;Los Espinos + Santa Rosa;final;1291.955;1751.304;1291.955;311.304;311.208
1120.1;1;Los Espinos + Santa Rosa;final;1491.989;2667.745;51.989;1227.745;120.627
1121;1;Los Espinos + Santa Rosa;final;1147.775;1755.587;1147.775;315.587;272.234
1121.1;1;Los Espinos + Santa Rosa;final;1288.057;2543.055;1288.057;1103.055;74.855
1122;1;Los Espinos + Santa Rosa;final;1225.775;1759.87;1225.775;319.87;289.053
1122.1;1;Los Espinos + Santa Rosa;final;1535.565;2621.937;95.565;1181.937;161.881
1123;1;Los Espinos + Santa Rosa;final;1251.084;1764.154;1251.084;324.154;288.624
1123.1;1;Los Espinos + Santa Rosa;final;1432.628;2637.187;1432.628;1197.187;89.889
1124;1;Los Espinos + Santa Rosa;final;1109.442;1768.437;1109.442;328.437;275.448
1124.1;1;Los Espinos + Santa Rosa;final;1536.238;2521.753;96.238;1081.753;181.756
1125;1;Los Espinos + Santa Rosa;final;1214.519;1772.72;1214.519;332.72;292.422
1126;1;Los Espinos + Santa Rosa;final;1350.61;1777.004;1350.61;337.004;314.083
1126.1;1;Los Espinos + Santa Rosa;final;1395.029;2692.011;1395.029;1252.011;64.759
1127;1;Los Espinos + Santa Rosa;final;1321.372;1781.287;1321.372;341.287;307.971
1127.1;1;Los Espinos + Santa Rosa;final;1358.208;2725.485;1358.208;1285.485;31.958
1128;1;Los Espinos + Santa Rosa;final;1211.402;1785.57;1211.402;345.57;279.533
1129;1;Los Espinos + Santa Rosa;final;1231.207;1789.854;1231.207;349.854;270.369
1130;1;Los Espinos + Santa Rosa;final;1325.505;1794.137;1325.505;354.137;307.971
1130.1;1;Los Espinos + Santa Rosa;final;1400.85;2737.769;1400.85;1297.769;47.804
1131;1;Los Espinos + Santa Rosa;final;1228.125;1798.42;1228.125;358.42;268.808
1131.1;1;Los Espinos + Santa Rosa;final;1350.065;2621.437;1350.065;1181.437;83.007
1132;1;Los Espinos + Santa Rosa;final;1376.925;1802.704;1376.925;362.704;301.181
1132.1;1;Los Espinos + Santa Rosa;final;1443.841;2813.008;3.841;1373.008;33.398
1133;1;Los Espinos + Santa Rosa;final;557.131;1802.737;557.131;362.737;83.007
1134;1;Los Espinos + Santa Rosa;final;1316.808;1806.637;1316.808;366.637;309.087
1135;1;Los Espinos + Santa Rosa;final;564.931;1810.537;564.931;370.537;83.007
1136;1;Los Espinos + Santa Rosa;final;1347.993;1814.437;1347.993;374.437;287.918
1137;1;Los Espinos + Santa Rosa;final;1312.47;1818.337;1312.47;378.337;288.101
1138;1;Los Espinos + Santa Rosa;final;576.631;1822.237;576.631;382.237;83.007
1139;1;Los Espinos + Santa Rosa;final;1256.951;1826.137;1256.951;386.137;268.975
1140;1;Los Espinos + Santa Rosa;final;584.431;1830.037;584.431;390.037;83.007
1141;1;Los Espinos + Santa Rosa;final;1295.192;1833.937;1295.192;393.937;301.395
1141.1;1;Los Espinos + Santa Rosa;final;1507.839;2645.676;67.839;1205.676;147.143
1142;1;Los Espinos + Santa Rosa;final;592.231;1837.837;592.231;397.837;83.007
1143;1;Los Espinos + Santa Rosa;final;1423.01;1845.637;1423.01;405.637;309.974
1143.1;1;Los Espinos + Santa Rosa;final;1521.116;2752.787;81.116;1312.787;96.716
1144;1;Los Espinos + Santa Rosa;final;603.931;1849.537;603.931;409.537;83.007
1145;1;Los Espinos + Santa Rosa;final;611.731;1857.337;611.731;417.337;83.007
1146;1;Los Espinos + Santa Rosa;final;1363.242;1861.237;1363.242;421.237;296.184
1146.1;1;Los Espinos + Santa Rosa;final;1553.371;2766.203;113.371;1326.203;103.117
1147;1;Los Espinos + Santa Rosa;final;1377.955;1865.137;1377.955;425.137;313.963
1148;1;Los Espinos + Santa Rosa;final;1311.621;1869.037;1311.621;429.037;266.61
1149;1;Los Espinos + Santa Rosa;final;1216.621;1872.937;1216.621;432.937;240.782
1150;1;Los Espinos + Santa Rosa;final;631.231;1876.837;631.231;436.837;83.007
1151;1;Los Espinos + Santa Rosa;final;635.131;1880.737;635.131;440.737;83.007
1152;1;Los Espinos + Santa Rosa;final;1293.665;1884.637;1293.665;444.637;270.144
1153;1;Los Espinos + Santa Rosa;final;1269.965;1888.537;1269.965;448.537;132.286
1154;1;Los Espinos + Santa Rosa;final;1344.344;1892.437;1344.344;452.437;310.766
1155;1;Los Espinos + Santa Rosa;final;1370.442;1892.737;1370.442;452.737;291.517
1155.1;1;Los Espinos + Santa Rosa;final;1525.277;2724.976;85.277;1284.976;117.227
1156;1;Los Espinos + Santa Rosa;final;879.146;1371.118;879.146;1371.118;313.513
1156.1;1;Los Espinos + Santa Rosa;final;1445.141;2264.977;5.141;824.977;208.725
1157;1;Los Espinos + Santa Rosa;final;952.987;1401.118;952.987;1401.118;295.724
1157.1;1;Los Espinos + Santa Rosa;final;1342.942;2364.678;1342.942;924.678;134.254
1158;1;Los Espinos + Santa Rosa;final;556.97;1726.818;556.97;286.818;115.658
1159;1;Los Espinos + Santa Rosa;final;1242.208;1735.384;1242.208;295.384;307.022
1159.1;1;Los Espinos + Santa Rosa;final;1423.528;2612.321;1423.528;1172.321;119.756
1160;1;Los Espinos + Santa Rosa;final;1271.909;1743.951;1271.909;303.951;301.48
1161;1;Los Espinos + Santa Rosa;final;1237.486;1752.518;1237.486;312.518;304.966
1161.1;1;Los Espinos + Santa Rosa;final;1526.207;2648.789;86.207;1208.789;150.525
1162;1;Los Espinos + Santa Rosa;final;1241.142;1761.084;1241.142;321.084;282.157
1163;1;Los Espinos + Santa Rosa;final;1311.909;1761.118;1311.909;321.118;313.611
1163.1;1;Los Espinos + Santa Rosa;final;1448.092;2715.603;8.092;1275.603;77.443
1164;1;Los Espinos + Santa Rosa;final;1304.951;1765.401;1304.951;325.401;295.611
1165;1;Los Espinos + Santa Rosa;final;1181.241;1769.684;1181.241;329.684;286.85
1165.1;1;Los Espinos + Santa Rosa;final;1399.164;2552.354;1399.164;1112.354;129.072
1166;1;Los Espinos + Santa Rosa;final;1293.355;1773.968;1293.355;333.968;289.363
1167;1;Los Espinos + Santa Rosa;final;1264.057;1778.251;1264.057;338.251;300.678
1167.1;1;Los Espinos + Santa Rosa;final;1494.038;2629.763;54.038;1189.763;124.074
1168;1;Los Espinos + Santa Rosa;final;1259.336;1782.534;1259.336;342.534;271.644
1169;1;Los Espinos + Santa Rosa;final;1331.753;1786.818;1331.753;346.818;307.034
1169.1;1;Los Espinos + Santa Rosa;final;1432.614;2738.049;1432.614;1298.049;60.058
1170;1;Los Espinos + Santa Rosa;final;1197.989;1720.842;1197.989;280.842;299.279
1170.1;1;Los Espinos + Santa Rosa;final;1446.82;2595.041;6.82;1155.041;125.802
1171;1;Los Espinos + Santa Rosa;final;1199.999;1740.842;1199.999;300.842;289.956
1171.1;1;Los Espinos + Santa Rosa;final;1454.869;2576.015;14.869;1136.015;163.938
1172;1;Los Espinos + Santa Rosa;final;1312.507;1760.842;1312.507;320.842;310.217
1173;1;Los Espinos + Santa Rosa;final;1366.555;1834.842;1366.555;394.842;310.45
1173.1;1;Los Espinos + Santa Rosa;final;1444.071;2777.481;4.071;1337.481;48.186
1174;1;Los Espinos + Santa Rosa;final;1209.327;1708.935;1209.327;268.935;307.389
1174.1;1;Los Espinos + Santa Rosa;final;1356.057;2648.008;1356.057;1208.008;49.868
1175;1;Los Espinos + Santa Rosa;final;1294.286;1738.935;1294.286;298.935;309.091
1175.1;1;Los Espinos + Santa Rosa;final;1370.88;2723.881;1370.88;1283.881;35.967
1176;1;Los Espinos + Santa Rosa;final;1183.68;1848.935;1183.68;408.935;242.388
1177;1;Los Espinos + Santa Rosa;final;714.876;1404.847;714.876;1404.847;263.063
1177.1;1;Los Espinos + Santa Rosa;final;1341.227;2156.103;1341.227;716.103;214.54
1178;1;Los Espinos + Santa Rosa;intermedia;799.79;821.0;799.79;821.0;288.531
1178;2;Los Espinos + Santa Rosa;final;1027.882;1424.847;1027.882;1424.847;71.54
1178.1;1;Los Espinos + Santa Rosa;final;1391.779;2436.43;1391.779;996.43;135.446
1179;1;Los Espinos + Santa Rosa;intermedia;925.608;938.0;925.608;938.0;268.586
1179;2;Los Espinos + Santa Rosa;final;1111.708;1444.847;1111.708;4.847;81.207
1179.1;1;Los Espinos + Santa Rosa;final;1213.775;2442.991;1213.775;1002.991;82.549
1180;1;Los Espinos + Santa Rosa;final;1202.342;1743.414;1202.342;303.414;280.716
1180.1;1;Los Espinos + Santa Rosa;final;1496.658;2596.388;56.658;1156.388;138.948
1181;1;Los Espinos + Santa Rosa;final;536.104;1751.981;536.104;311.981;76.891
1182;1;Los Espinos + Santa Rosa;final;542.521;1760.547;542.521;320.547;76.891
1183;1;Los Espinos + Santa Rosa;final;555.354;1769.114;555.354;329.114;76.891
1184;1;Los Espinos + Santa Rosa;final;561.771;1777.681;561.771;337.681;76.891
1185;1;Los Espinos + Santa Rosa;final;1281.909;1786.247;1281.909;346.247;270.155
1186;1;Los Espinos + Santa Rosa;final;1340.23;1794.814;1340.23;354.814;286.91
1187;1;Los Espinos + Santa Rosa;final;1306.813;1794.847;1306.813;354.847;286.399
1187.1;1;Los Espinos + Santa Rosa;final;1497.153;2658.526;57.153;1218.526;127.313
1188;1;Los Espinos + Santa Rosa;final;1291.748;1801.764;1291.748;361.764;275.452
1189;1;Los Espinos + Santa Rosa;final;1387.114;1815.597;1387.114;375.597;305.812
1190;1;Los Espinos + Santa Rosa;final;1282.942;1857.097;1282.942;417.097;241.993
1191;1;Los Espinos + Santa Rosa;final;1402.353;1870.931;1402.353;430.931;297.739
1191.1;1;Los Espinos + Santa Rosa;final;1453.355;2784.847;13.355;1344.847;47.849
1192;1;Los Espinos + Santa Rosa;final;1305.242;1877.847;1305.242;437.847;287.324
1193;1;Los Espinos + Santa Rosa;final;1272.075;1884.764;1272.075;444.764;235.188
1194;1;Los Espinos + Santa Rosa;final;1247.715;1884.847;1247.715;444.847;217.773
1195;1;Los Espinos + Santa Rosa;final;1230.665;1756.037;1230.665;316.037;275.237
1196;1;Los Espinos + Santa Rosa;final;1357.292;1773.171;1357.292;333.171;304.378
1196.1;1;Los Espinos + Santa Rosa;final;1494.535;2750.188;54.535;1310.188;93.694
1197;1;Los Espinos + Santa Rosa;final;1272.47;1781.737;1272.47;341.737;300.937
1198;1;Los Espinos + Santa Rosa;final;1286.425;1790.304;1286.425;350.304;280.582
1198.1;1;Los Espinos + Santa Rosa;final;1485.99;2719.258;45.99;1279.258;85.677
1199;1;Los Espinos + Santa Rosa;final;1366.963;1807.437;1366.963;367.437;305.868
1200;1;Los Espinos + Santa Rosa;final;1371.588;1807.471;1371.588;367.471;304.832
1201;1;Los Espinos + Santa Rosa;final;529.687;1826.721;529.687;386.721;47.167
1202;1;Los Espinos + Santa Rosa;final;1290.992;1871.637;1290.992;431.637;271.135
1202.1;1;Los Espinos + Santa Rosa;final;1412.207;2683.888;1412.207;1243.888;74.855
1203;1;Los Espinos + Santa Rosa;final;1380.375;1884.471;1380.375;444.471;272.029
1203.1;1;Los Espinos + Santa Rosa;final;1517.332;2750.709;77.332;1310.709;98.614
1204;1;Los Espinos + Santa Rosa;final;1238.696;1753.325;1238.696;313.325;289.738
1204.1;1;Los Espinos + Santa Rosa;final;1513.651;2588.397;73.651;1148.397;156.45
1205;1;Los Espinos + Santa Rosa;final;1287.531;1763.325;1287.531;323.325;295.778
1206;1;Los Espinos + Santa Rosa;final;1268.289;1773.325;1268.289;333.325;294.3
1206.1;1;Los Espinos + Santa Rosa;final;1498.355;2645.245;58.355;1205.245;134.757
1207;1;Los Espinos + Santa Rosa;final;1207.769;1783.325;1207.769;343.325;261.616
1207.1;1;Los Espinos + Santa Rosa;final;1439.636;2638.981;1439.636;1198.981;113.994
1208;1;Los Espinos + Santa Rosa;final;1332.912;1793.325;1332.912;353.325;312.97
1208.1;1;Los Espinos + Santa Rosa;final;1538.564;2717.417;98.564;1277.417;115.142
1209;1;Los Espinos + Santa Rosa;final;1345.499;1803.325;1345.499;363.325;288.505
1209.1;1;Los Espinos + Santa Rosa;final;1472.058;2725.407;32.058;1285.407;85.776
1210;1;Los Espinos + Santa Rosa;final;1301.588;1883.325;1301.588;443.325;260.202
1211;1;Los Espinos + Santa Rosa;final;1276.529;1893.325;1276.529;453.325;244.31
1212;1;Los Espinos + Santa Rosa;final;1232.557;1731.904;1232.557;291.904;296.567
1212.1;1;Los Espinos + Santa Rosa;final;1457.491;2609.039;17.491;1169.039;108.787
1213;1;Los Espinos + Santa Rosa;final;1300.903;1741.904;1300.903;301.904;290.426
1213.1;1;Los Espinos + Santa Rosa;final;1535.832;2678.325;95.832;1238.325;129.779
1214;1;Los Espinos + Santa Rosa;final;1294.652;1751.904;1294.652;311.904;299.183
1214.1;1;Los Espinos + Santa Rosa;final;1516.26;2728.598;76.26;1288.598;97.379
1215;1;Los Espinos + Santa Rosa;final;1336.651;1761.904;1336.651;321.904;306.124
1215.1;1;Los Espinos + Santa Rosa;final;1525.896;2727.237;85.896;1287.237;105.851
1216;1;La Reina;final;1118.812;1414.808;1118.812;1414.808;288.98
1216.1;1;La Reina;final;1370.846;2528.355;1370.846;1088.355;102.226
1217;1;La Reina;final;1085.047;1444.808;1085.047;4.808;299.134
1217.1;1;La Reina;final;1408.731;2484.958;1408.731;1044.958;122.999
1218;1;La Reina;final;1238.909;1759.808;1238.909;319.808;300.522
1218.1;1;La Reina;final;1423.955;2636.175;1423.955;1196.175;88.926
1219;1;La Reina;final;1284.929;1774.808;1284.929;334.808;288.785
1219.1;1;La Reina;final;1382.652;2708.057;1382.652;1268.057;48.341
1220;1;La Reina;final;1220.412;1789.808;1220.412;349.808;288.785
1220.1;1;La Reina;final;1341.029;2624.355;1341.029;1184.355;60.526
1221;1;La Reina;final;1327.334;1804.808;1327.334;364.808;293.595
1222;1;La Reina;final;1313.414;1814.808;1313.414;374.808;296.926
1222.1;1;La Reina;final;1488.792;2713.856;48.792;1273.856;112.12
1223;1;La Reina;final;1373.446;1824.808;1373.446;384.808;304.521
1223.1;1;La Reina;final;1467.462;2778.355;27.462;1338.355;58.518
1224;1;La Reina;final;1323.414;1834.808;1323.414;394.808;296.926
1224.1;1;La Reina;final;1380.846;2724.958;1380.846;1284.958;39.983
1225;1;La Reina;final;1341.242;1844.808;1341.242;404.808;296.945
1226;1;La Reina;final;1321.155;2533.375;1321.155;1093.375;88.926
1227;1;La Reina;final;1295.502;1710.45;1295.502;270.45;289.935
1228;1;La Reina;final;1316.874;1719.017;1316.874;279.017;309.463
1229;1;La Reina;final;1240.65;1727.584;1240.65;287.584;255.077
1230;1;La Reina;final;1115.047;1736.15;1115.047;296.15;268.704
1230.1;1;La Reina;final;1523.614;2523.856;83.614;1083.856;203.609
1231;1;La Reina;final;1129.487;1744.717;1129.487;304.717;201.838
1232;1;La Reina;final;1181.796;1753.284;1181.796;313.284;264.204
1232.1;1;La Reina;final;1490.346;2588.355;50.346;1148.355;127.003
1233;1;La Reina;final;1284.312;1761.85;1284.312;321.85;290.229
1234;1;La Reina;final;1280.007;1761.884;1280.007;321.884;261.619
1235;1;La Reina;final;1128.703;1770.884;1128.703;330.884;195.345
1236;1;La Reina;final;1397.262;1779.884;1397.262;339.884;305.785
1237;1;La Reina;final;1203.214;1788.884;1203.214;348.884;268.704
1237.1;1;La Reina;final;1389.689;2601.908;1389.689;1161.908;88.926
1238;1;La Reina;final;1264.862;1797.884;1264.862;357.884;292.084
1239;1;La Reina;final;1284.862;1806.884;1284.862;366.884;289.373
1240;1;La Reina;final;1294.862;1815.884;1294.862;375.884;289.373
1241;1;La Reina;final;1381.607;1824.884;1381.607;384.884;289.007
1242;1;La Reina;final;1243.214;1833.884;1243.214;393.884;268.704
1242.1;1;La Reina;final;1417.55;2643.789;1417.55;1203.789;90.926
1243;1;La Reina;final;1310.846;1842.884;1310.846;402.884;289.373
1243.1;1;La Reina;final;1527.462;2715.855;87.462;1275.855;100.682
1244;1;La Reina;final;1365.591;1851.884;1365.591;411.884;290.663
1244.1;1;La Reina;final;1501.125;2772.202;61.125;1332.202;78.815
1245;1;La Reina;final;1378.946;1861.884;1378.946;421.884;285.398
1246;1;La Reina;final;1296.25;1871.884;1296.25;431.884;282.144
1247;1;La Reina;final;1437.947;1881.884;1437.947;441.884;313.924
1247.1;1;La Reina;final;1486.612;2837.758;46.612;1397.758;39.983
1248;1;La Reina;final;1383.812;1891.884;1383.812;451.884;300.534
1249;1;La Reina;final;1356.069;1901.884;1356.069;461.884;267.172
1250;1;La Reina;final;1432.45;2521.884;1432.45;1081.884;156.022
1251;1;La Reina;final;1468.792;2531.884;28.792;1091.884;177.216
1252;1;Los Espinos + Santa Rosa;final;1362.152;1800.14;1362.152;360.14;297.166
1252.1;1;Los Espinos + Santa Rosa;final;1456.654;2811.098;16.654;1371.098;39.183
1253;1;Los Espinos + Santa Rosa;final;1248.77;1810.14;1248.77;370.14;222.108
1254;1;Los Espinos + Santa Rosa;final;518.719;1820.14;518.719;380.14;53.881
1255;1;Los Espinos + Santa Rosa;final;1420.712;1830.14;1420.712;390.14;299.908
1255.1;1;Los Espinos + Santa Rosa;final;1506.861;2855.082;66.861;1415.082;39.951
1256;1;Los Espinos + Santa Rosa;final;1410.317;1840.14;1410.317;400.14;292.4
1257;1;Los Espinos + Santa Rosa;final;1425.253;1850.14;1425.253;410.14;297.791
1257.1;1;Los Espinos + Santa Rosa;final;1488.152;2851.38;48.152;1411.38;32.884
1258;1;Los Espinos + Santa Rosa;final;1179.433;1860.14;1179.433;420.14;199.161
1259;1;Los Espinos + Santa Rosa;final;1317.811;1870.14;1317.811;430.14;246.429
1260;1;Los Espinos + Santa Rosa;final;1291.491;1880.14;1291.491;440.14;242.592
1261;1;Los Espinos + Santa Rosa;final;1361.061;1890.14;1361.061;450.14;229.668
1262;1;Los Espinos + Santa Rosa;final;859.4;1399.763;859.4;1399.763;309.944
1262.1;1;Los Espinos + Santa Rosa;final;1274.696;2243.431;1274.696;803.431;164.359
1263;1;Los Espinos + Santa Rosa;final;549.644;1429.763;549.644;1429.763;167.187
1264;1;Los Espinos + Santa Rosa;final;1214.503;1759.763;1214.503;319.763;266.203
1264.1;1;Los Espinos + Santa Rosa;final;1375.242;2618.103;1375.242;1178.103;77.443
1265;1;Los Espinos + Santa Rosa;final;1328.231;1789.763;1328.231;349.763;270.126
1266;1;Los Espinos + Santa Rosa;final;1353.146;1798.763;1353.146;358.763;293.865
1267;1;Los Espinos + Santa Rosa;final;522.386;1387.359;522.386;1387.359;201.357
1268;1;Los Espinos + Santa Rosa;final;1014.972;1417.359;1014.972;1417.359;290.006
1268.1;1;Los Espinos + Santa Rosa;final;1187.169;2430.411;1187.169;990.411;65.029
1269;1;Los Espinos + Santa Rosa;final;1282.47;1717.359;1282.47;277.359;297.562
1269.1;1;Los Espinos + Santa Rosa;final;1361.031;2660.671;1361.031;1220.671;64.248
1270;1;Los Espinos + Santa Rosa;final;1267.508;1724.859;1267.508;284.859;291.029
1271;1;Los Espinos + Santa Rosa;final;1309.514;1732.359;1309.514;292.359;293.052
1271.1;1;Los Espinos + Santa Rosa;final;1377.081;2656.397;1377.081;1216.397;66.949
1272;1;Los Espinos + Santa Rosa;final;1314.337;1739.859;1314.337;299.859;301.702
1272.1;1;Los Espinos + Santa Rosa;final;1370.39;2725.396;1370.39;1285.396;36.461
1273;1;Los Espinos + Santa Rosa;final;1244.784;1747.359;1244.784;307.359;272.197
1273.1;1;Los Espinos + Santa Rosa;final;1534.079;2627.287;94.079;1187.287;139.326
1274;1;Los Espinos + Santa Rosa;final;1271.192;1754.859;1271.192;314.859;299.869
1275;1;Los Espinos + Santa Rosa;final;1320.508;1762.359;1320.508;322.359;303.283
1275.1;1;Los Espinos + Santa Rosa;final;1528.707;2697.97;88.707;1257.97;126.047
1276;1;Los Espinos + Santa Rosa;final;1270.782;1769.859;1270.782;329.859;301.789
1276.1;1;Los Espinos + Santa Rosa;final;1518.998;2618.536;78.998;1178.536;185.592
1277;1;Los Espinos + Santa Rosa;final;1232.471;1721.616;1232.471;281.616;285.778
1278;1;Los Espinos + Santa Rosa;final;548.055;1736.616;548.055;296.616;99.727
1279;1;Los Espinos + Santa Rosa;final;568.055;1751.616;568.055;311.616;99.727
1280;1;Los Espinos + Santa Rosa;final;1305.084;1766.616;1305.084;326.616;300.914
1280.1;1;Los Espinos + Santa Rosa;final;1376.354;2660.166;1376.354;1220.166;70.239
1281;1;Los Espinos + Santa Rosa;final;1285.121;1781.616;1285.121;341.616;285.307
1281.1;1;Los Espinos + Santa Rosa;final;1466.154;2691.561;26.154;1251.561;96.397
1282;1;Los Espinos + Santa Rosa;final;1321.121;1791.616;1321.121;351.616;302.229
1282.1;1;Los Espinos + Santa Rosa;final;1396.555;2721.561;1396.555;1281.561;48.555
1283;1;Los Espinos + Santa Rosa;final;1184.672;1801.616;1184.672;361.616;254.387
1284;1;Los Espinos + Santa Rosa;final;1279.004;1811.616;1279.004;371.616;268.386
1284.1;1;Los Espinos + Santa Rosa;final;1556.084;2680.311;116.084;1240.311;145.847
1285;1;Los Espinos + Santa Rosa;final;1263.251;1841.616;1263.251;401.616;274.349
1286;1;Los Espinos + Santa Rosa;final;1355.513;1881.616;1355.513;441.616;290.695
1287;1;Los Espinos + Santa Rosa;final;1262.772;1891.616;1262.772;451.616;254.387
1288;1;Los Espinos + Santa Rosa;final;1389.204;1901.616;1389.204;461.616;302.229
1288.1;1;Los Espinos + Santa Rosa;final;1462.939;2796.561;22.939;1356.561;48.555
1289;1;Los Espinos + Santa Rosa;final;1247.772;1911.616;1247.772;471.616;237.465
1290;1;Los Espinos + Santa Rosa;final;1249.917;1746.561;1249.917;306.561;300.507
1291;1;Los Espinos + Santa Rosa;final;1309.004;1758.561;1309.004;318.561;311.466
1291.1;1;Los Espinos + Santa Rosa;final;1483.288;2714.061;43.288;1274.061;96.397
1292;1;Los Espinos + Santa Rosa;final;1333.121;1770.561;1333.121;330.561;294.544
1292.1;1;Los Espinos + Santa Rosa;final;1484.071;2736.561;44.071;1296.561;79.476
1293;1;Los Espinos + Santa Rosa;final;1294.004;1782.561;1294.004;342.561;277.622
1293.1;1;Los Espinos + Santa Rosa;final;1414.284;2702.811;1414.284;1262.811;68.517
1294;1;Los Espinos + Santa Rosa;final;1365.084;1886.561;1365.084;446.561;284.056
1295;1;Los Espinos + Santa Rosa;final;1246.853;1778.014;1246.853;338.014;266.045
1296;1;Los Espinos + Santa Rosa;final;1324.958;1786.581;1324.958;346.581;278.456
1296.1;1;Los Espinos + Santa Rosa;final;1464.535;2718.055;24.535;1278.055;93.694
1297;1;Los Espinos + Santa Rosa;final;483.153;1795.147;483.153;355.147;43.749
1298;1;Los Espinos + Santa Rosa;final;535.912;1803.714;535.912;363.714;69.604
1299;1;Los Espinos + Santa Rosa;final;1285.514;1734.57;1285.514;294.57;302.04
1299.1;1;Los Espinos + Santa Rosa;final;1391.876;2633.247;1391.876;1193.247;95.505
1300;1;Los Espinos + Santa Rosa;final;1312.634;1739.17;1312.634;299.17;306.518
1300.1;1;Los Espinos + Santa Rosa;final;1490.565;2694.678;50.565;1254.678;113.824
1301;1;Los Espinos + Santa Rosa;final;1239.766;1743.77;1239.766;303.77;296.388
1301.1;1;Los Espinos + Santa Rosa;final;1457.276;2621.615;17.276;1181.615;126.567
1302;1;Los Espinos + Santa Rosa;final;1252.119;1748.37;1252.119;308.37;284.687
1302.1;1;Los Espinos + Santa Rosa;final;1518.294;2680.881;78.294;1240.881;132.739
1303;1;Los Espinos + Santa Rosa;final;1247.322;1752.97;1247.322;312.97;298.805
1303.1;1;Los Espinos + Santa Rosa;final;1412.276;2591.735;1412.276;1151.735;125.21
1304;1;Los Espinos + Santa Rosa;final;1296.933;1757.57;1296.933;317.57;299.728
1304.1;1;Los Espinos + Santa Rosa;final;1457.363;2623.431;17.363;1183.431;123.788
1305;1;Los Espinos + Santa Rosa;final;1286.888;1762.17;1286.888;322.17;281.651
1306;1;Los Espinos + Santa Rosa;final;1399.019;1766.77;1399.019;326.77;311.364
1306.1;1;Los Espinos + Santa Rosa;final;1452.993;2792.186;12.993;1352.186;39.685
1307;1;Los Espinos + Santa Rosa;final;1272.685;1771.37;1272.685;331.37;190.153
1308;1;Los Espinos + Santa Rosa;final;1241.335;1780.57;1241.335;340.57;293.016
1308.1;1;Los Espinos + Santa Rosa;final;1408.404;2672.348;1408.404;1232.348;71.376
1309;1;Los Espinos + Santa Rosa;final;1341.871;1785.17;1341.871;345.17;304.786
1309.1;1;Los Espinos + Santa Rosa;final;1505.332;2724.678;65.332;1284.678;105.26
1310;1;Los Espinos + Santa Rosa;final;611.702;1794.37;611.702;354.37;103.248
1311;1;Los Espinos + Santa Rosa;final;1371.039;1794.57;1371.039;354.57;303.636
1311.1;1;Los Espinos + Santa Rosa;final;1482.919;2777.499;42.919;1337.499;62.348
1312;1;Los Espinos + Santa Rosa;final;1322.353;1799.303;1322.353;359.303;287.97
1312.1;1;Los Espinos + Santa Rosa;final;1537.979;2750.881;97.979;1310.881;100.515
1313;1;Los Espinos + Santa Rosa;final;1336.737;1808.77;1336.737;368.77;272.616
1314;1;Los Espinos + Santa Rosa;final;1371.755;1818.236;1371.755;378.236;291.378
1315;1;Los Espinos + Santa Rosa;final;1242.179;1822.97;1242.179;382.97;237.887
1316;1;Los Espinos + Santa Rosa;final;1385.352;1827.703;1385.352;387.703;273.849
1317;1;Los Espinos + Santa Rosa;final;506.819;1837.17;506.819;397.17;38.05
1318;1;Los Espinos + Santa Rosa;final;1388.882;1841.903;1388.882;401.903;307.187
1318.1;1;Los Espinos + Santa Rosa;final;1461.953;2773.407;21.953;1333.407;59.183
1319;1;Los Espinos + Santa Rosa;final;1360.867;1846.636;1360.867;406.636;277.083
1320;1;Los Espinos + Santa Rosa;final;1466.817;1884.57;26.817;444.57;307.744
1320.1;1;Los Espinos + Santa Rosa;final;1492.981;2810.299;52.981;1370.299;54.724
1321;1;Los Espinos + Santa Rosa;final;1214.108;1754.678;1214.108;314.678;256.183
1321.1;1;Los Espinos + Santa Rosa;final;1383.625;2607.337;1383.625;1167.337;106.651
1322;1;Los Espinos + Santa Rosa;final;1297.035;1774.678;1297.035;334.678;298.557
1323;1;Los Espinos + Santa Rosa;final;1357.634;1794.678;1357.634;354.678;289.923
1324;1;Los Espinos + Santa Rosa;final;1294.222;1803.678;1294.222;363.678;256.349
1325;1;Los Espinos + Santa Rosa;final;1334.179;1812.678;1334.179;372.678;295.941
1325.1;1;Los Espinos + Santa Rosa;final;1517.107;2684.647;77.107;1244.647;126.497
1326;1;Los Espinos + Santa Rosa;final;1244.344;1830.678;1244.344;390.678;274.248
1327;1;Los Espinos + Santa Rosa;final;1331.379;1857.678;1331.379;417.678;295.11
1327.1;1;Los Espinos + Santa Rosa;final;1516.707;2658.246;76.707;1218.246;131.121
1328;1;Los Espinos + Santa Rosa;final;1476.512;1866.678;36.512;426.678;302.877
1329;1;Los Espinos + Santa Rosa;final;1364.936;1875.678;1364.936;435.678;281.667
1330;1;Los Espinos + Santa Rosa;final;1414.342;1884.678;1414.342;444.678;290.475
1330.1;1;Los Espinos + Santa Rosa;final;1490.437;2828.103;50.437;1388.103;46.872
1331;1;Los Espinos + Santa Rosa;final;1265.905;1737.696;1265.905;297.696;289.562
1332;1;Los Espinos + Santa Rosa;final;1260.458;1749.696;1260.458;309.696;296.002
1333;1;Los Espinos + Santa Rosa;final;1250.61;1773.696;1250.61;333.696;283.617
1333.1;1;Los Espinos + Santa Rosa;final;1508.026;2596.405;68.026;1156.405;154.115
1334;1;Los Espinos + Santa Rosa;final;1295.242;1785.696;1295.242;345.696;313.675
1335;1;Los Espinos + Santa Rosa;final;1329.85;1811.529;1329.85;371.529;293.564
1336;1;Vespucio Norte;intermedia;614.839;632.0;614.839;632.0;263.084
1336;2;Vespucio Norte;final;961.773;1434.396;961.773;1434.396;96.05
1336.1;1;Vespucio Norte;final;1328.167;2412.796;1328.167;972.796;114.057
1337;1;Vespucio Norte;final;989.385;1464.396;989.385;24.396;313.698
1337.1;1;Vespucio Norte;final;1273.247;2393.564;1273.247;953.564;103.251
1338;1;Vespucio Norte;intermedia;857.089;872.0;857.089;872.0;285.908
1338;2;Vespucio Norte;final;1073.409;1494.396;1073.409;54.396;69.266
1338.1;1;Vespucio Norte;final;1452.817;2416.491;12.817;976.491;175.701
1339;1;Vespucio Norte;final;444.052;1629.396;444.052;189.396;132.61
1340;1;Vespucio Norte;final;1305.689;1764.396;1305.689;324.396;278.026
1340.1;1;Vespucio Norte;final;1528.189;2743.146;88.189;1303.146;96.05
1341;1;Vespucio Norte;final;1346.243;1776.396;1346.243;336.396;303.857
1342;1;Vespucio Norte;final;1307.293;1788.396;1307.293;348.396;276.231
1343;1;Vespucio Norte;final;1314.179;1800.396;1314.179;360.396;289.394
1343.1;1;Vespucio Norte;final;1453.179;2751.654;13.179;1311.654;69.951
1344;1;Vespucio Norte;final;1403.939;1812.396;1403.939;372.396;302.322
1345;1;Vespucio Norte;final;1329.11;1824.396;1329.11;384.396;268.218
1346;1;Vespucio Norte;final;1365.36;1834.396;1365.36;394.396;281.845
1347;1;Vespucio Norte;final;1396.923;1844.396;1396.923;404.396;300.859
1347.1;1;Vespucio Norte;final;1593.743;2834.396;153.743;1394.396;94.124
1348;1;Vespucio Norte;final;1232.423;1854.396;1232.423;414.396;220.046
1349;1;Vespucio Norte;final;1339.689;1874.396;1339.689;434.396;255.685
1350;1;Vespucio Norte;final;1233.601;1884.396;1233.601;444.396;209.812
1351;1;Vespucio Norte;final;1238.617;1914.396;1238.617;474.396;209.812
1352;1;Vespucio Norte;final;1421.917;2520.396;1421.917;1080.396;116.193
1353;1;Vespucio Norte;final;1527.077;2532.396;87.077;1092.396;169.675
1354;1;Vespucio Norte;final;1468.956;2544.396;28.956;1104.396;147.124
1355;1;Los Espinos + Santa Rosa;final;1226.546;1735.915;1226.546;295.915;276.597
1356;1;Los Espinos + Santa Rosa;final;1280.192;1744.481;1280.192;304.481;276.071
1357;1;Los Espinos + Santa Rosa;final;1401.683;1753.048;1401.683;313.048;309.852
1357.1;1;Los Espinos + Santa Rosa;final;1481.281;2838.675;41.281;1398.675;36.624
1358;1;Los Espinos + Santa Rosa;final;1353.811;1761.615;1353.811;321.615;290.352
1358.1;1;Los Espinos + Santa Rosa;final;1525.799;2712.031;85.799;1272.031;113.004
1359;1;Los Espinos + Santa Rosa;final;1252.367;1770.181;1252.367;330.181;307.966
1359.1;1;Los Espinos + Santa Rosa;final;1385.65;2584.431;1385.65;1144.431;100.325
1360;1;Los Espinos + Santa Rosa;final;1364.442;1778.748;1364.442;338.748;309.659
1360.1;1;Los Espinos + Santa Rosa;final;1483.982;2741.212;43.982;1301.212;75.493
1361;1;Los Espinos + Santa Rosa;final;1355.374;1787.315;1355.374;347.315;302.891
1362;1;Los Espinos + Santa Rosa;final;1369.324;1795.881;1369.324;355.881;310.299
1363;1;Los Espinos + Santa Rosa;final;1386.871;1795.915;1386.871;355.915;304.108
1364;1;Los Espinos + Santa Rosa;final;1352.319;1804.081;1352.319;364.081;280.247
1364.1;1;Los Espinos + Santa Rosa;final;1535.501;2780.881;95.501;1340.881;88.472
1365;1;Los Espinos + Santa Rosa;final;1245.986;1812.248;1245.986;372.248;234.198
1366;1;Los Espinos + Santa Rosa;final;1353.286;1828.581;1353.286;388.581;249.585
1367;1;Los Espinos + Santa Rosa;final;1393.202;1836.748;1393.202;396.748;300.298
1368;1;Los Espinos + Santa Rosa;final;1385.081;1861.248;1385.081;421.248;289.702
1368.1;1;Los Espinos + Santa Rosa;final;1472.684;2764.971;32.684;1324.971;72.498
1369;1;Los Espinos + Santa Rosa;final;1333.014;1869.415;1333.014;429.415;256.198
1370;1;Los Espinos + Santa Rosa;final;1331.896;1877.581;1331.896;437.581;246.59
1371;1;Los Espinos + Santa Rosa;final;1396.171;1885.748;1396.171;445.748;299.606
1372;1;Los Espinos + Santa Rosa;final;1182.726;1885.915;1182.726;445.915;215.953
1373;1;Los Espinos + Santa Rosa;final;535.867;1763.794;535.867;323.794;92.739
1374;1;Los Espinos + Santa Rosa;final;1309.58;1778.794;1309.58;338.794;292.928
1375;1;Los Espinos + Santa Rosa;final;1340.557;1793.794;1340.557;353.794;296.082
1375.1;1;Los Espinos + Santa Rosa;final;1414.759;2724.519;1414.759;1284.519;58.592
1376;1;Los Espinos + Santa Rosa;final;1410.825;1811.794;1410.825;371.794;312.95
1377;1;Los Espinos + Santa Rosa;final;1319.308;1874.794;1319.308;434.794;268.499
1377.1;1;Los Espinos + Santa Rosa;final;1477.725;2712.737;37.725;1272.737;106.651
1378;1;Los Espinos + Santa Rosa;final;1424.848;1883.794;1424.848;443.794;314.512
1379;1;Los Espinos + Santa Rosa;final;902.417;1461.904;902.417;21.904;297.402
1379.1;1;Los Espinos + Santa Rosa;final;1442.534;2339.553;2.534;899.553;187.664
1380;1;Los Espinos + Santa Rosa;final;1195.715;1743.904;1195.715;303.904;288.708
1380.1;1;Los Espinos + Santa Rosa;final;1289.944;2569.766;1289.944;1129.766;63.749
1381;1;Los Espinos + Santa Rosa;final;1290.003;1755.904;1290.003;315.904;287.702
1381.1;1;Los Espinos + Santa Rosa;final;1521.758;2667.075;81.758;1227.075;117.94
1382;1;Los Espinos + Santa Rosa;final;1287.832;1767.904;1287.832;327.904;307.3
1382.1;1;Los Espinos + Santa Rosa;final;1485.141;2665.407;45.141;1225.407;112.393
1383;1;Los Espinos + Santa Rosa;final;1391.63;1737.098;1391.63;297.098;309.345
1384;1;Los Espinos + Santa Rosa;final;1199.715;1752.098;1199.715;312.098;273.902
1385;1;Los Espinos + Santa Rosa;final;1338.466;1767.098;1338.466;327.098;306.938
1385.1;1;Los Espinos + Santa Rosa;final;1485.336;2708.513;45.336;1268.513;91.966
1386;1;Los Espinos + Santa Rosa;final;1405.141;1782.098;1405.141;342.098;309.151
1387;1;Los Espinos + Santa Rosa;final;1303.925;1797.098;1303.925;357.098;252.889
1388;1;Los Espinos + Santa Rosa;final;1318.925;1812.098;1318.925;372.098;252.889
1389;1;Los Espinos + Santa Rosa;final;1258.925;1842.098;1258.925;402.098;224.758
1390;1;Los Espinos + Santa Rosa;final;1446.414;1887.098;6.414;447.098;280.937
1391;1;Los Espinos + Santa Rosa;final;1165.329;1720.397;1165.329;280.397;282.818
1391.1;1;Los Espinos + Santa Rosa;final;1386.298;2512.997;1386.298;1072.997;139.564
1392;1;Los Espinos + Santa Rosa;final;1312.112;1724.68;1312.112;284.68;312.214
1393;1;Los Espinos + Santa Rosa;final;1297.524;1728.963;1297.524;288.963;312.001
1393.1;1;Los Espinos + Santa Rosa;final;1478.44;2686.327;38.44;1246.327;88.376
1394;1;Los Espinos + Santa Rosa;final;1322.293;1733.247;1322.293;293.247;313.563
1394.1;1;Los Espinos + Santa Rosa;final;1455.674;2693.451;15.674;1253.451;86.651
1395;1;Los Espinos + Santa Rosa;final;1257.092;1737.53;1257.092;297.53;299.588
1395.1;1;Los Espinos + Santa Rosa;final;1395.413;2656.937;1395.413;1216.937;78.912
1396;1;Los Espinos + Santa Rosa;final;1295.536;1741.813;1295.536;301.813;295.283
1397;1;Los Espinos + Santa Rosa;final;1323.942;1746.097;1323.942;306.097;313.546
1397.1;1;Los Espinos + Santa Rosa;final;1447.139;2719.037;7.139;1279.037;74.991
1398;1;Los Espinos + Santa Rosa;final;1303.557;1750.38;1303.557;310.38;291.959
1398.1;1;Los Espinos + Santa Rosa;final;1474.986;2739.549;34.986;1299.549;74.301
1399;1;Los Espinos + Santa Rosa;final;1214.375;1754.663;1214.375;314.663;261.402
1400;1;Los Espinos + Santa Rosa;final;1353.269;1758.947;1353.269;318.947;309.286
1401;1;Los Espinos + Santa Rosa;final;1310.782;1763.23;1310.782;323.23;307.187
1401.1;1;Los Espinos + Santa Rosa;final;1489.746;2657.086;49.746;1217.086;128.706
1402;1;Los Espinos + Santa Rosa;final;1174.267;1767.513;1174.267;327.513;277.626
1402.1;1;Los Espinos + Santa Rosa;final;1411.998;2557.287;1411.998;1117.287;124.093
1403;1;Los Espinos + Santa Rosa;final;1336.963;1771.797;1336.963;331.797;311.566
1403.1;1;Los Espinos + Santa Rosa;final;1519.282;2684.627;79.282;1244.627;126.481
1404;1;Los Espinos + Santa Rosa;final;1236.933;1776.08;1236.933;336.08;298.243
1404.1;1;Los Espinos + Santa Rosa;final;1289.233;2562.164;1289.233;1122.164;73.28
1405;1;Los Espinos + Santa Rosa;final;1243.024;1780.363;1243.024;340.363;281.318
1405.1;1;Los Espinos + Santa Rosa;final;1490.8;2623.248;50.8;1183.248;128.351
1406;1;Los Espinos + Santa Rosa;final;1359.755;1780.397;1359.755;340.397;288.802
1407;1;Los Espinos + Santa Rosa;final;1309.888;1784.68;1309.888;344.68;282.559
1408;1;Los Espinos + Santa Rosa;final;1263.469;1788.963;1263.469;348.963;238.342
1409;1;Los Espinos + Santa Rosa;final;1204.592;1793.247;1204.592;353.247;276.138
1409.1;1;Los Espinos + Santa Rosa;final;1498.103;2601.937;58.103;1161.937;132.429
1410;1;Los Espinos + Santa Rosa;final;1317.961;1797.53;1317.961;357.53;273.179
1411;1;Los Espinos + Santa Rosa;final;1287.332;1810.38;1287.332;370.38;265.142
1412;1;Los Espinos + Santa Rosa;final;1320.069;1823.23;1320.069;383.23;286.784
1413;1;Los Espinos + Santa Rosa;final;1322.542;1861.78;1322.542;421.78;255.699
1413.1;1;Los Espinos + Santa Rosa;final;1459.342;2726.853;19.342;1286.853;77.443
1414;1;Los Espinos + Santa Rosa;final;1383.874;1870.347;1383.874;430.347;296.682
1414.1;1;Los Espinos + Santa Rosa;final;1476.886;2776.163;36.886;1336.163;63.798
1415;1;Los Espinos + Santa Rosa;final;1412.847;1870.397;1412.847;430.397;295.654
1415.1;1;Los Espinos + Santa Rosa;final;1463.708;2817.499;23.708;1377.499;39.85
1416;1;Los Espinos + Santa Rosa;final;519.508;1742.186;519.508;302.186;73.661
1417;1;Los Espinos + Santa Rosa;final;1252.778;1754.186;1252.778;314.186;241.637
1418;1;Los Espinos + Santa Rosa;final;484.953;1766.186;484.953;326.186;55.727
1419;1;Los Espinos + Santa Rosa;final;496.186;1778.186;496.186;338.186;55.727
1420;1;Los Espinos + Santa Rosa;final;1329.811;1790.186;1329.811;350.186;259.428
1421;1;Los Espinos + Santa Rosa;final;1425.489;1802.186;1425.489;362.186;313.086
1421.1;1;Los Espinos + Santa Rosa;final;1481.452;2795.866;41.452;1355.866;59.961
1422;1;Los Espinos + Santa Rosa;final;1345.707;1813.436;1345.707;373.436;247.967
1423;1;Los Espinos + Santa Rosa;final;1422.261;1824.686;1422.261;384.686;304.904
1424;1;Los Espinos + Santa Rosa;final;1348.231;1835.936;1348.231;395.936;252.214
1425;1;Los Espinos + Santa Rosa;final;1218.993;1847.186;1218.993;407.186;222.279
1426;1;Los Espinos + Santa Rosa;final;1399.002;1858.436;1399.002;418.436;290.45
1427;1;Los Espinos + Santa Rosa;final;1282.91;1869.686;1282.91;429.686;245.629
1428;1;Los Espinos + Santa Rosa;final;1387.335;1880.936;1387.335;440.936;276.3
1429;1;Los Espinos + Santa Rosa;final;1206.993;1892.186;1206.993;452.186;205.679
1430;1;Los Espinos + Santa Rosa;final;704.648;1413.342;704.648;1413.342;307.777
1430.1;1;Los Espinos + Santa Rosa;final;1483.841;2122.252;43.841;682.252;272.548
1431;1;Los Espinos + Santa Rosa;final;799.513;1433.342;799.513;1433.342;290.348
1431.1;1;Los Espinos + Santa Rosa;final;1451.942;2254.62;11.942;814.62;208.375
1432;1;Los Espinos + Santa Rosa;final;1001.914;1453.342;1001.914;13.342;309.904
1432.1;1;Los Espinos + Santa Rosa;final;1387.298;2382.718;1387.298;942.718;175.19
1433;1;Los Espinos + Santa Rosa;final;688.314;1393.138;688.314;1393.138;312.601
1433.1;1;Los Espinos + Santa Rosa;final;1445.799;2088.502;5.799;648.502;250.095
1434;1;Los Espinos + Santa Rosa;final;924.917;1423.138;924.917;1423.138;301.347
1434.1;1;Los Espinos + Santa Rosa;final;1325.083;2362.62;1325.083;922.62;138.686
1435;1;Vespucio Norte;final;176.085;1432.514;176.085;1432.514;95.781
1436;1;Vespucio Norte;final;694.725;1452.514;694.725;12.514;307.697
1436.1;1;Vespucio Norte;final;1381.179;2017.521;1381.179;577.521;287.233
1436.2;1;Vespucio Norte;final;1533.226;2820.79;93.226;1380.79;69.266
1437;1;Vespucio Norte;final;216.085;1472.514;216.085;32.514;95.781
1438;1;Vespucio Norte;final;1124.689;1492.514;1124.689;52.514;308.134
1438.1;1;Vespucio Norte;final;1438.129;2506.119;1438.129;1066.119;140.247
1439;1;Vespucio Norte;final;474.052;1349.452;474.052;1349.452;279.71
1440;1;Vespucio Norte;final;556.839;1369.452;556.839;1369.452;291.894
1440.1;1;Vespucio Norte;final;1448.31;1996.896;8.31;556.896;264.274
1441;1;Vespucio Norte;final;673.367;1389.452;673.367;1389.452;304.155
1441.1;1;Vespucio Norte;final;1242.776;2141.462;1242.776;701.462;161.924
1442;1;Vespucio Norte;final;414.052;1409.452;414.052;1409.452;223.867
1443;1;Vespucio Norte;intermedia;693.112;721.0;693.112;721.0;283.826
1443;2;Vespucio Norte;final;1074.197;1439.452;1074.197;1439.452;110.476
1443.1;1;Vespucio Norte;final;1122.898;2503.216;1122.898;1063.216;20.465
1444;1;Los Espinos + Santa Rosa;final;1283.146;1748.394;1283.146;308.394;301.874
1445;1;Los Espinos + Santa Rosa;final;1335.755;1768.394;1335.755;328.394;303.899
1445.1;1;Los Espinos + Santa Rosa;final;1460.616;2713.328;20.616;1273.328;75.493
1446;1;Los Espinos + Santa Rosa;final;1202.914;1788.394;1202.914;348.394;237.227
1447;1;Los Espinos + Santa Rosa;final;1339.684;1796.561;1339.684;356.561;311.194
1447.1;1;Los Espinos + Santa Rosa;final;1394.135;2703.574;1394.135;1263.574;64.39
1448;1;Los Espinos + Santa Rosa;final;1242.263;1812.894;1242.263;372.894;238.655
1449;1;Los Espinos + Santa Rosa;final;1397.576;1829.228;1397.576;389.228;282.841
1449.1;1;Los Espinos + Santa Rosa;final;1526.816;2784.045;86.816;1344.045;75.493
1450;1;Los Espinos + Santa Rosa;final;1448.589;1878.394;8.589;438.394;310.706
1451;1;Los Espinos + Santa Rosa;final;1311.755;1742.056;1311.755;302.056;289.318
1452;1;Los Espinos + Santa Rosa;final;1281.289;1790.056;1281.289;350.056;263.1
1453;1;Los Espinos + Santa Rosa;final;1351.264;1806.39;1351.264;366.39;283.334
1453.1;1;Los Espinos + Santa Rosa;final;1417.717;2722.218;1417.717;1282.218;64.866
1454;1;Los Espinos + Santa Rosa;final;1347.292;1814.556;1347.292;374.556;281.606
1454.1;1;Los Espinos + Santa Rosa;final;1535.142;2746.388;95.142;1306.388;103.215
1455;1;Los Espinos + Santa Rosa;final;1426.089;1880.056;1426.089;440.056;301.258
1456;1;Vespucio Norte;final;1289.311;1764.396;1289.311;324.396;255.839
1457;1;Vespucio Norte;final;1268.617;1776.396;1268.617;336.396;258.257
1458;1;Vespucio Norte;final;1387.663;1788.396;1387.663;348.396;309.502
1458.1;1;Vespucio Norte;final;1468.427;2820.805;28.427;1380.805;40.367
1459;1;Vespucio Norte;final;1422.623;1800.396;1422.623;360.396;313.665
1459.1;1;Vespucio Norte;final;1498.956;2859.396;58.956;1419.396;38.07
1460;1;Vespucio Norte;final;1181.034;1812.396;1181.034;372.396;219.502
1461;1;Vespucio Norte;final;1341.017;1824.396;1341.017;384.396;281.09
1462;1;Vespucio Norte;final;1429.179;1832.562;1429.179;392.562;313.946
1463;1;Vespucio Norte;final;1307.493;1840.729;1307.493;400.729;270.978
1464;1;Vespucio Norte;final;1390.859;1848.896;1390.859;408.896;289.529
1465;1;Vespucio Norte;final;1423.956;1857.062;1423.956;417.062;312.022
1465.1;1;Vespucio Norte;final;1620.41;2861.062;180.41;1421.062;94.124
1466;1;Vespucio Norte;final;1265.123;1865.229;1265.123;425.229;242.88
1467;1;Vespucio Norte;final;1421.523;1873.396;1421.523;433.396;300.859
1467.1;1;Vespucio Norte;final;1507.506;2857.196;67.506;1417.196;40.206
1468;1;Vespucio Norte;final;1412.646;1881.562;1412.646;441.562;288.357
1468.1;1;Vespucio Norte;final;1491.813;2852.163;51.813;1412.163;35.741
1469;1;Vespucio Norte;final;1276.023;1889.729;1276.023;449.729;225.791
1470;1;Vespucio Norte;final;1175.056;1897.896;1175.056;457.896;205.104
1471;1;Vespucio Norte;final;1240.143;1906.062;1240.143;466.062;238.817
1472;1;Vespucio Norte;final;1238.017;1914.229;1238.017;474.229;209.483
1473;1;Vespucio Norte;final;1438.973;1914.396;1438.973;474.396;281.635
1473.1;1;Vespucio Norte;final;1524.639;2874.329;84.639;1434.329;40.206
1474;1;Vespucio Norte;final;1457.527;2536.396;17.527;1096.396;129.763
1475;1;Vespucio Norte;final;1319.623;2544.396;1319.623;1104.396;75.846
1476;1;Los Espinos + Santa Rosa;final;1223.911;1724.618;1223.911;284.618;278.068
1477;1;Los Espinos + Santa Rosa;final;1309.756;1754.618;1309.756;314.618;313.385
1477.1;1;Los Espinos + Santa Rosa;final;1355.075;2701.327;1355.075;1261.327;39.83
1478;1;Los Espinos + Santa Rosa;final;1239.832;1784.618;1239.832;344.618;291.551
1478.1;1;Los Espinos + Santa Rosa;final;1472.739;2624.407;32.739;1184.407;114.708
1479;1;Los Espinos + Santa Rosa;final;1367.525;1829.618;1367.525;389.618;305.556
1479.1;1;Los Espinos + Santa Rosa;final;1501.161;2743.995;61.161;1303.995;87.69
1480;1;Los Espinos + Santa Rosa;final;631.215;1394.392;631.215;1394.392;309.229
1480.1;1;Los Espinos + Santa Rosa;final;1361.069;2006.536;1361.069;566.536;246.228
1481;1;La Reina;final;1005.979;1424.107;1005.979;1424.107;295.594
1481.1;1;La Reina;final;1470.612;2426.788;30.612;986.788;160.009
1482;1;La Reina;final;1055.609;1711.241;1055.609;271.241;273.077
1482.1;1;La Reina;final;1307.039;2481.908;1307.039;1041.908;88.926
1483;1;La Reina;final;1080.609;1719.807;1080.609;279.807;273.077
1483.1;1;La Reina;final;1324.172;2499.041;1324.172;1059.041;88.926
1484;1;La Reina;final;1068.109;1728.374;1068.109;288.374;273.077
1484.1;1;La Reina;final;1506.872;2490.475;66.872;1050.475;181.85
1485;1;La Reina;final;1093.109;1736.941;1093.109;296.941;273.077
1485.1;1;La Reina;final;1332.739;2507.608;1332.739;1067.608;88.926
1486;1;La Reina;final;1105.609;1745.507;1105.609;305.507;273.077
1486.1;1;La Reina;final;1394.464;2516.175;1394.464;1076.175;112.201
1487;1;La Reina;final;1234.312;1754.074;1234.312;314.074;289.067
1487.1;1;La Reina;final;1408.946;2638.355;1408.946;1198.355;78.205
1488;1;La Reina;final;1192.696;1754.107;1192.696;314.107;267.141
1489;1;La Reina;final;1313.696;1763.107;1313.696;323.107;303.504
1489.1;1;La Reina;final;1493.353;2729.893;53.353;1289.893;84.982
1490;1;La Reina;final;1275.896;1772.107;1275.896;332.107;279.224
1490.1;1;La Reina;final;1444.679;2682.105;4.679;1242.105;90.476
1491;1;La Reina;final;1188.909;1781.107;1188.909;341.107;273.077
1491.1;1;La Reina;final;1573.817;2584.775;133.817;1144.775;184.243
1492;1;La Reina;final;1361.346;1790.107;1361.346;350.107;300.412
1492.1;1;La Reina;final;1504.879;2768.355;64.879;1328.355;75.136
1493;1;La Reina;final;1160.396;1854.107;1160.396;414.107;232.606
1494;1;La Reina;final;1314.75;1864.107;1314.75;424.107;294.592
1495;1;La Reina;final;1102.422;1413.856;1102.422;1413.856;309.69
1495.1;1;La Reina;final;1392.962;2533.648;1392.962;1093.648;102.874
1496;1;La Reina;final;1043.109;1443.856;1043.109;3.856;296.846
1496.1;1;La Reina;final;1298.472;2473.341;1298.472;1033.341;88.926
1497;1;La Reina;final;1208.909;1743.856;1208.909;303.856;296.846
1497.1;1;La Reina;final;1388.029;2604.958;1388.029;1164.958;81.127
1498;1;La Reina;final;1248.062;1773.856;1248.062;333.856;285.108
1499;1;La Reina;final;1367.848;1803.856;1367.848;363.856;305.699
1499.1;1;La Reina;final;1484.34;2731.519;44.34;1291.519;88.676
1500;1;La Reina;final;1292.346;1813.856;1292.346;373.856;277.194
1501;1;La Reina;final;1194.836;1823.856;1194.836;383.856;248.53
1501.1;1;La Reina;final;1471.519;2594.241;31.519;1154.241;126.833
1502;1;La Reina;final;1352.848;1833.856;1352.848;393.856;306.709
1502.1;1;La Reina;final;1485.098;2714.386;45.098;1274.386;99.129
1503;1;La Reina;final;1304.312;1843.856;1304.312;403.856;272.603
1504;1;La Reina;final;1347.975;1853.856;1347.975;413.856;296.846
1504.1;1;La Reina;final;1508.792;2748.856;68.792;1308.856;112.12
1505;1;La Reina;final;1219.281;1863.856;1219.281;423.856;246.318
1505.1;1;La Reina;final;1406.822;2619.041;1406.822;1179.041;88.926
1506;1;La Reina;final;1350.846;1883.856;1350.846;443.856;276.581
1506.1;1;La Reina;final;1519.063;2755.488;79.063;1315.488;92.623
1507;1;La Reina;final;1241.081;1893.856;1241.081;453.856;246.318
1507.1;1;La Reina;final;1403.489;2644.808;1403.489;1204.808;88.926
1508;1;La Reina;final;1306.184;2532.422;1306.184;1092.422;90.926
1509;1;La Reina;final;1489.739;2549.556;49.739;1109.556;180.334
1510;1;La Reina;final;1543.817;2609.522;103.817;1169.522;182.776
1511;1;La Reina;final;1392.45;2643.856;1392.45;1203.856;90.926
1512;1;Los Espinos + Santa Rosa;final;815.719;1387.341;815.719;1387.341;284.855
1512.1;1;Los Espinos + Santa Rosa;final;1371.222;2242.737;1371.222;802.737;174.19
1513;1;Los Espinos + Santa Rosa;final;851.139;1407.341;851.139;1407.341;291.679
1513.1;1;Los Espinos + Santa Rosa;final;1487.276;2244.078;47.276;804.078;246.482
1514;1;Los Espinos + Santa Rosa;final;881.176;1427.341;881.176;1427.341;291.676
1514.1;1;Los Espinos + Santa Rosa;final;1487.138;2279.078;47.138;839.078;221.892
1515;1;Los Espinos + Santa Rosa;final;1140.37;1447.341;1140.37;7.341;307.466
1515.1;1;Los Espinos + Santa Rosa;final;1472.402;2550.096;32.402;1110.096;128.18
1516;1;Los Espinos + Santa Rosa;final;1203.105;1792.341;1203.105;352.341;232.068
1517;1;Los Espinos + Santa Rosa;final;1288.063;1796.091;1288.063;356.091;273.188
1518;1;Los Espinos + Santa Rosa;final;1298.015;1799.841;1298.015;359.841;288.305
1518.1;1;Los Espinos + Santa Rosa;final;1511.802;2644.236;71.802;1204.236;149.17
1519;1;Los Espinos + Santa Rosa;final;1456.303;1803.591;16.303;363.591;314.932
1520;1;Los Espinos + Santa Rosa;final;1345.063;1807.341;1345.063;367.341;284.678
1520.1;1;Los Espinos + Santa Rosa;final;1532.107;2697.497;92.107;1257.497;126.497
1521;1;Los Espinos + Santa Rosa;final;1354.896;1811.091;1354.896;371.091;307.39
1522;1;Los Espinos + Santa Rosa;final;1369.176;1814.841;1369.176;374.841;298.482
1522.1;1;Los Espinos + Santa Rosa;final;1476.705;2744.078;36.705;1304.078;78.366
1523;1;Los Espinos + Santa Rosa;final;1448.44;1818.591;8.44;378.591;292.597
1524;1;Los Espinos + Santa Rosa;final;1379.972;1883.674;1379.972;443.674;302.604
1525;1;Los Espinos + Santa Rosa;final;1444.205;1887.757;4.205;447.757;293.556
1526;1;Los Espinos + Santa Rosa;final;1449.723;1891.841;9.723;451.841;306.981
1527;1;Los Espinos + Santa Rosa;final;1496.452;1895.924;56.452;455.924;310.236
1528;1;Los Espinos + Santa Rosa;final;1259.836;1900.007;1259.836;460.007;220.111
1529;1;Los Espinos + Santa Rosa;final;1472.148;1904.091;32.148;464.091;311.594
1530;1;Los Espinos + Santa Rosa;final;1465.899;1908.174;25.899;468.174;309.862
1530.1;1;Los Espinos + Santa Rosa;final;1544.421;2807.341;104.421;1367.341;77.675
1531;1;Los Espinos + Santa Rosa;final;1392.339;1912.257;1392.339;472.257;271.899
1532;1;Los Espinos + Santa Rosa;final;1415.572;1957.341;1415.572;517.341;275.18
1532.1;1;Los Espinos + Santa Rosa;final;1509.166;2790.461;69.166;1350.461;73.959
1533;1;Los Espinos + Santa Rosa;final;1477.755;2511.741;37.755;1071.741;151.904
1534;1;Los Espinos + Santa Rosa;final;1340.686;2569.341;1340.686;1129.341;74.154
1535;1;Los Espinos + Santa Rosa;final;854.372;1400.056;854.372;1400.056;291.781
1535.1;1;Los Espinos + Santa Rosa;final;1474.746;2253.394;34.746;813.394;233.943
1536;1;Los Espinos + Santa Rosa;final;885.589;1420.056;885.589;1420.056;296.125
1536.1;1;Los Espinos + Santa Rosa;final;1485.657;2284.078;45.657;844.078;208.397
1537;1;Los Espinos + Santa Rosa;final;1042.086;1440.056;1042.086;0.056;308.707
1537.1;1;Los Espinos + Santa Rosa;final;1362.119;2442.737;1362.119;1002.737;111.475
1538;1;Los Espinos + Santa Rosa;final;891.248;1460.056;891.248;20.056;294.265
1538.1;1;Los Espinos + Santa Rosa;final;1300.022;2255.397;1300.022;815.397;159.331
1539;1;Los Espinos + Santa Rosa;final;979.172;1475.056;979.172;35.056;302.931
1539.1;1;Los Espinos + Santa Rosa;final;1361.402;2382.478;1361.402;942.478;148.45
1540;1;Los Espinos + Santa Rosa;final;1186.138;1610.056;1186.138;170.056;297.205
1540.1;1;Los Espinos + Santa Rosa;final;1274.221;2562.168;1274.221;1122.168;60.148
1541;1;Los Espinos + Santa Rosa;final;1173.475;1685.056;1173.475;245.056;275.322
1542;1;Los Espinos + Santa Rosa;final;1252.072;1730.056;1252.072;290.056;291.781
1542.1;1;Los Espinos + Santa Rosa;final;1466.849;2618.394;26.849;1178.394;111.732
1543;1;Los Espinos + Santa Rosa;final;1308.166;1733.806;1308.166;293.806;306.416
1543.1;1;Los Espinos + Santa Rosa;final;1547.794;2683.315;107.794;1243.315;149.407
1544;1;Los Espinos + Santa Rosa;final;1274.612;1737.556;1274.612;297.556;311.828
1544.1;1;Los Espinos + Santa Rosa;final;1487.794;2657.471;47.794;1217.471;124.296
1545;1;Los Espinos + Santa Rosa;final;1328.402;1741.306;1328.402;301.306;301.364
1546;1;Los Espinos + Santa Rosa;final;1256.155;1745.056;1256.155;305.056;289.318
1546.1;1;Los Espinos + Santa Rosa;final;1406.452;2634.078;1406.452;1194.078;93.627
1547;1;Los Espinos + Santa Rosa;final;1219.836;1748.806;1219.836;308.806;279.005
1548;1;Los Espinos + Santa Rosa;final;1225.253;1756.306;1225.253;316.306;274.7
1548.1;1;Los Espinos + Santa Rosa;final;1375.452;2660.781;1375.452;1220.781;70.91
1549;1;Los Espinos + Santa Rosa;final;1341.965;1763.806;1341.965;323.806;299.482
1550;1;Los Espinos + Santa Rosa;final;1282.072;1767.556;1282.072;327.556;284.975
1550.1;1;Los Espinos + Santa Rosa;final;1365.121;2648.394;1365.121;1208.394;68.837
1551;1;Los Espinos + Santa Rosa;final;1334.515;1775.056;1334.515;335.056;295.7
1551.1;1;Los Espinos + Santa Rosa;final;1401.602;2707.966;1401.602;1267.966;59.961
1552;1;Los Espinos + Santa Rosa;final;1322.072;1778.806;1322.072;338.806;292.412
1552.1;1;Los Espinos + Santa Rosa;final;1490.014;2688.394;50.014;1248.394;95.574
1553;1;Los Espinos + Santa Rosa;final;1335.303;1790.056;1335.303;350.056;298.3
1553.1;1;Los Espinos + Santa Rosa;final;1479.798;2764.214;39.798;1324.214;68.116
1554;1;Los Espinos + Santa Rosa;final;1415.805;1794.14;1415.805;354.14;312.619
1555;1;Los Espinos + Santa Rosa;final;1342.072;1802.306;1342.072;362.306;284.975
1555.1;1;Los Espinos + Santa Rosa;final;1543.949;2708.394;103.949;1268.394;111.732
1556;1;Los Espinos + Santa Rosa;final;1250.448;1806.39;1250.448;366.39;248.411
1557;1;Los Espinos + Santa Rosa;final;1438.339;1822.723;1438.339;382.723;300.612
1557.1;1;Los Espinos + Santa Rosa;final;1517.138;2808.394;77.138;1368.394;68.837
1558;1;Los Espinos + Santa Rosa;final;1447.059;1880.056;7.059;440.056;296.121
1558.1;1;Los Espinos + Santa Rosa;final;1556.705;2824.078;116.705;1384.078;78.366
1559;1;Los Espinos + Santa Rosa;final;1349.585;1772.881;1349.585;332.881;285.307
1560;1;Los Espinos + Santa Rosa;final;1364.854;1784.881;1364.854;344.881;305.083
1560.1;1;Los Espinos + Santa Rosa;final;1507.979;2742.693;67.979;1302.693;91.523
1561;1;Los Espinos + Santa Rosa;final;1326.155;1796.881;1326.155;356.881;287.149
1561.1;1;Los Espinos + Santa Rosa;final;1531.088;2702.762;91.088;1262.762;106.83
1562;1;Los Espinos + Santa Rosa;final;1273.088;1808.881;1273.088;368.881;253.931
1563;1;Los Espinos + Santa Rosa;final;1010.095;1464.078;1010.095;24.078;308.63
1563.1;1;Los Espinos + Santa Rosa;final;1404.931;2409.417;1404.931;969.417;163.176
1564;1;Los Espinos + Santa Rosa;final;1311.789;1599.078;1311.789;159.078;299.269
1565;1;Los Espinos + Santa Rosa;final;1271.469;1734.078;1271.469;294.078;295.665
1566;1;Los Espinos + Santa Rosa;final;1204.899;1740.078;1204.899;300.078;264.335
1566.1;1;Los Espinos + Santa Rosa;final;1368.652;2596.44;1368.652;1156.44;78.938
1567;1;Los Espinos + Santa Rosa;final;1244.446;1746.078;1244.446;306.078;294.634
1567.1;1;Los Espinos + Santa Rosa;final;1518.367;2593.711;78.367;1153.711;158.466
1568;1;Los Espinos + Santa Rosa;final;1414.092;1752.078;1414.092;312.078;300.211
1568.1;1;Los Espinos + Santa Rosa;final;1527.797;2853.008;87.797;1413.008;53.419
1569;1;Los Espinos + Santa Rosa;final;1312.114;1758.078;1312.114;318.078;302.726
1569.1;1;Los Espinos + Santa Rosa;final;1385.467;2658.947;1385.467;1218.947;76.934
1570;1;Los Espinos + Santa Rosa;final;523.903;1764.078;523.903;324.078;72.116
1571;1;Los Espinos + Santa Rosa;final;504.886;1770.078;504.886;330.078;58.296
1572;1;Los Espinos + Santa Rosa;final;1254.993;1776.078;1254.993;336.078;213.911
1573;1;Los Espinos + Santa Rosa;final;1326.325;1782.078;1326.325;342.078;284.697
1574;1;Los Espinos + Santa Rosa;final;1350.571;1788.078;1350.571;348.078;290.412
1575;1;Los Espinos + Santa Rosa;final;1405.181;1794.078;1405.181;354.078;296.266
1575.1;1;Los Espinos + Santa Rosa;final;1470.657;2810.745;30.657;1370.745;46.912
1576;1;Los Espinos + Santa Rosa;final;1475.416;1797.412;35.416;357.412;313.672
1576.1;1;Los Espinos + Santa Rosa;final;1557.755;2820.674;117.755;1380.674;77.675
1577;1;Los Espinos + Santa Rosa;final;1384.603;1800.745;1384.603;360.745;311.032
1577.1;1;Los Espinos + Santa Rosa;final;1471.669;2822.881;31.669;1382.881;42.938
1578;1;Los Espinos + Santa Rosa;final;1324.021;1804.078;1324.021;364.078;313.364
1578.1;1;Los Espinos + Santa Rosa;final;1492.993;2713.015;52.993;1273.015;90.675
1579;1;Los Espinos + Santa Rosa;final;1392.778;1807.412;1392.778;367.412;293.538
1580;1;Los Espinos + Santa Rosa;final;1361.708;1810.745;1361.708;370.745;203.761
1581;1;Los Espinos + Santa Rosa;final;1323.908;1814.078;1323.908;374.078;279.39
1581.1;1;Los Espinos + Santa Rosa;final;1455.413;2716.937;15.413;1276.937;78.912
1582;1;Los Espinos + Santa Rosa;final;1401.512;1817.412;1401.512;377.412;287.762
1583;1;Los Espinos + Santa Rosa;final;541.98;1820.745;541.98;380.745;59.831
1584;1;Los Espinos + Santa Rosa;final;1295.621;1824.078;1295.621;384.078;247.678
1585;1;Los Espinos + Santa Rosa;final;1211.002;1827.412;1211.002;387.412;211.368
1586;1;Los Espinos + Santa Rosa;final;1407.626;1830.745;1407.626;390.745;305.506
1586.1;1;Los Espinos + Santa Rosa;final;1475.437;2813.103;35.437;1373.103;46.872
1587;1;Los Espinos + Santa Rosa;final;1356.913;1834.078;1356.913;394.078;293.202
1587.1;1;Los Espinos + Santa Rosa;final;1541.163;2710.377;101.163;1270.377;123.377
1588;1;Los Espinos + Santa Rosa;final;1337.292;1837.412;1337.292;397.412;260.317
1588.1;1;Los Espinos + Santa Rosa;final;1519.104;2731.937;79.104;1291.937;103.117
1589;1;Los Espinos + Santa Rosa;final;1387.139;1840.745;1387.139;400.745;208.384
1590;1;Los Espinos + Santa Rosa;final;1271.955;1844.078;1271.955;404.078;291.119
1590.1;1;Los Espinos + Santa Rosa;final;1536.06;2646.644;96.06;1206.644;138.596
1591;1;Los Espinos + Santa Rosa;final;485.403;1847.412;485.403;407.412;29.575
1592;1;Los Espinos + Santa Rosa;final;1312.771;1850.745;1312.771;410.745;241.335
1593;1;Los Espinos + Santa Rosa;final;1437.201;1854.078;1437.201;414.078;304.255
1593.1;1;Los Espinos + Santa Rosa;final;1553.163;2823.287;113.163;1383.287;75.176
1594;1;Los Espinos + Santa Rosa;final;1381.443;1857.412;1381.443;417.412;291.43
1595;1;Los Espinos + Santa Rosa;final;1439.479;1864.078;1439.479;424.078;311.762
1595.1;1;Los Espinos + Santa Rosa;final;1505.267;2790.377;65.267;1350.377;75.832
1596;1;Los Espinos + Santa Rosa;final;1413.661;1867.412;1413.661;427.412;295.391
1596.1;1;Los Espinos + Santa Rosa;final;1506.898;2760.692;66.898;1320.692;90.272
1597;1;Los Espinos + Santa Rosa;final;1264.622;1870.745;1264.622;430.745;237.39
1598;1;Los Espinos + Santa Rosa;final;1279.146;1874.078;1279.146;434.078;234.853
1599;1;Los Espinos + Santa Rosa;final;515.403;1877.412;515.403;437.412;29.575
1600;1;Los Espinos + Santa Rosa;final;1149.253;1880.745;1149.253;440.745;177.434
1601;1;Los Espinos + Santa Rosa;final;1371.303;1884.078;1371.303;444.078;281.143
1601.1;1;Los Espinos + Santa Rosa;final;1472.453;2804.214;32.453;1364.214;53.217
1602;1;Los Espinos + Santa Rosa;final;1269.608;1774.575;1269.608;334.575;311.9
1602.1;1;Los Espinos + Santa Rosa;final;1381.981;2662.737;1381.981;1222.737;83.007
1603;1;Los Espinos + Santa Rosa;final;1103.939;1472.737;1103.939;32.737;292.643
1603.1;1;Los Espinos + Santa Rosa;final;1375.902;2490.866;1375.902;1050.866;124.705
1604;1;Los Espinos + Santa Rosa;final;1269.936;1742.737;1269.936;302.737;289.18
1605;1;Los Espinos + Santa Rosa;final;1211.007;1750.237;1211.007;310.237;295.845
1605.1;1;Los Espinos + Santa Rosa;final;1370.075;2574.862;1370.075;1134.862;95.159
1606;1;Los Espinos + Santa Rosa;final;1285.366;1757.737;1285.366;317.737;298.916
1606.1;1;Los Espinos + Santa Rosa;final;1527.794;2663.315;87.794;1223.315;149.407
1607;1;Los Espinos + Santa Rosa;final;1260.119;1765.237;1260.119;325.237;284.889
1607.1;1;Los Espinos + Santa Rosa;final;1373.779;2687.881;1373.779;1247.881;51.507
1608;1;Los Espinos + Santa Rosa;final;1251.007;1772.737;1251.007;332.737;296.515
1608.1;1;Los Espinos + Santa Rosa;final;1482.594;2624.618;42.594;1184.618;132.643
1609;1;Los Espinos + Santa Rosa;final;1260.665;1780.237;1260.665;340.237;280.607
1610;1;Los Espinos + Santa Rosa;final;1289.414;1787.737;1289.414;347.737;265.021
1611;1;Los Espinos + Santa Rosa;final;1266.142;1795.237;1266.142;355.237;269.184
1611.1;1;Los Espinos + Santa Rosa;final;1403.092;2670.603;1403.092;1230.603;77.443
1612;1;Los Espinos + Santa Rosa;final;1215.617;1802.737;1215.617;362.737;272.583
1613;1;Los Espinos + Santa Rosa;final;1324.502;1809.654;1324.502;369.654;281.606
1613.1;1;Los Espinos + Santa Rosa;final;1489.136;2719.837;49.136;1279.837;98.622
1614;1;Los Espinos + Santa Rosa;final;1332.394;1823.487;1332.394;383.487;289.108
1615;1;Los Espinos + Santa Rosa;final;1361.125;1830.404;1361.125;390.404;296.918
1616;1;Los Espinos + Santa Rosa;final;1233.453;1851.154;1233.453;411.154;222.8
1617;1;Los Espinos + Santa Rosa;final;1243.105;1858.07;1243.105;418.07;228.819
1618;1;Los Espinos + Santa Rosa;final;1388.752;1864.987;1388.752;424.987;281.606
1619;1;Los Espinos + Santa Rosa;final;1381.366;1878.82;1381.366;438.82;273.588
1620;1;Los Espinos + Santa Rosa;final;1373.881;1885.737;1373.881;445.737;290.257
1621;1;Los Espinos + Santa Rosa;final;1459.839;1892.654;19.839;452.654;285.946
1622;1;Los Espinos + Santa Rosa;final;1350.202;1892.737;1350.202;452.737;286.764
1623;1;Los Espinos + Santa Rosa;final;652.878;1403.72;652.878;1403.72;314.213
1623.1;1;Los Espinos + Santa Rosa;final;1436.678;2022.081;1436.678;582.081;233.881
1624;1;Los Espinos + Santa Rosa;final;859.199;1433.72;859.199;1433.72;313.794
1624.1;1;Los Espinos + Santa Rosa;final;1447.725;2281.43;7.725;841.43;224.163
1625;1;Los Espinos + Santa Rosa;final;702.259;1408.441;702.259;1408.441;278.233
1625.1;1;Los Espinos + Santa Rosa;final;1501.234;2101.078;61.234;661.078;274.975
1626;1;Los Espinos + Santa Rosa;final;815.555;1438.441;815.555;1438.441;281.676
1626.1;1;Los Espinos + Santa Rosa;final;1274.588;2232.861;1274.588;792.861;152.771
1627;1;El Conquistador;final;780.74;1408.751;780.74;1408.751;274.884
1627.1;1;El Conquistador;final;1513.229;2192.638;73.229;752.638;300.655
1628;1;El Conquistador;intermedia;816.679;831.0;816.679;831.0;283.994
1628;2;El Conquistador;final;1066.618;1438.751;1066.618;1438.751;72.633
1628.1;1;El Conquistador;final;1377.349;2501.455;1377.349;1061.455;117.992
1629;1;El Conquistador;final;600.177;1468.751;600.177;28.751;196.79
1630;1;El Conquistador;final;1208.706;1648.751;1208.706;208.751;313.836
1630.1;1;El Conquistador;final;1505.688;2596.63;65.688;1156.63;163.454
1631;1;El Conquistador;final;1229.322;1738.751;1229.322;298.751;246.139
1632;1;El Conquistador;final;1145.862;1747.318;1145.862;307.318;264.209
1632.1;1;El Conquistador;final;1297.797;2541.168;1297.797;1101.168;77.254
1633;1;El Conquistador;final;1269.322;1764.451;1269.322;324.451;246.139
1634;1;El Conquistador;final;1353.88;1773.018;1353.88;333.018;295.296
1634.1;1;El Conquistador;final;1435.352;2778.923;1435.352;1338.923;45.601
1635;1;El Conquistador;final;1288.463;1781.585;1288.463;341.585;281.282
1636;1;El Conquistador;final;1277.322;1790.151;1277.322;350.151;246.139
1637;1;El Conquistador;final;1283.149;1798.718;1283.149;358.718;237.395
1638;1;El Conquistador;final;1423.556;1798.751;1423.556;358.751;301.138
1638.1;1;El Conquistador;final;1484.067;2814.418;44.067;1374.418;51.656
1639;1;El Conquistador;final;1200.897;1804.751;1200.897;364.751;251.486
1640;1;El Conquistador;final;1422.418;1810.751;1422.418;370.751;294.905
1640.1;1;El Conquistador;final;1521.097;2830.386;81.097;1390.386;61.138
1641;1;El Conquistador;final;1298.149;1816.751;1298.149;376.751;237.395
1642;1;El Conquistador;final;1301.066;1822.751;1301.066;382.751;237.395
1643;1;El Conquistador;final;1313.022;1828.751;1313.022;388.751;246.139
1644;1;El Conquistador;final;1177.822;1834.751;1177.822;394.751;191.139
1645;1;El Conquistador;final;1324.272;1840.751;1324.272;400.751;246.139
1646;1;El Conquistador;final;1195.822;1846.751;1195.822;406.751;191.139
1647;1;El Conquistador;final;1207.822;1852.751;1207.822;412.751;191.139
1648;1;El Conquistador;final;1205.322;1858.751;1205.322;418.751;191.139
1649;1;El Conquistador;final;1213.822;1864.751;1213.822;424.751;191.139
1650;1;El Conquistador;final;1213.322;1870.751;1213.322;430.751;191.139
1651;1;El Conquistador;final;1221.322;1876.751;1221.322;436.751;191.139
1652;1;El Conquistador;final;645.177;1412.966;645.177;1412.966;304.923
1652.1;1;El Conquistador;final;1279.81;1985.89;1279.81;545.89;237.416
1653;1;El Conquistador;final;738.589;1442.966;738.589;2.966;259.761
1653.1;1;El Conquistador;final;1449.8;2167.174;9.8;727.174;244.149
1654;1;El Conquistador;final;1153.434;1472.966;1153.434;32.966;297.427
1654.1;1;El Conquistador;final;1361.066;2554.966;1361.066;1114.966;98.172
1655;1;El Conquistador;final;1316.231;1820.966;1316.231;380.966;242.294
1656;1;El Conquistador;final;1285.322;1892.966;1285.322;452.966;216.914
1657;1;El Conquistador;final;1214.667;1757.039;1214.667;317.039;272.064
1657.1;1;El Conquistador;final;1344.767;2603.779;1344.767;1163.779;74.198
1658;1;El Conquistador;final;1265.084;1764.539;1265.084;324.539;269.221
1658.1;1;El Conquistador;final;1398.067;2654.779;1398.067;1214.779;76.485
1659;1;El Conquistador;final;1287.389;1772.039;1287.389;332.039;295.17
1659.1;1;El Conquistador;final;1366.451;2626.919;1366.451;1186.919;75.674
1660;1;El Conquistador;final;1284.767;1779.539;1284.767;339.539;294.688
1661;1;El Conquistador;final;1299.665;1787.039;1299.665;347.039;279.93
1661.1;1;El Conquistador;final;1466.182;2724.539;26.182;1284.539;76.911
1662;1;El Conquistador;final;1307.165;1794.539;1307.165;354.539;279.93
1663;1;El Conquistador;final;1314.665;1802.039;1314.665;362.039;279.93
1663.1;1;El Conquistador;final;1423.485;2735.789;1423.485;1295.789;58.105
1664;1;El Conquistador;final;1322.165;1809.539;1322.165;369.539;279.93
1664.1;1;El Conquistador;final;1500.448;2747.039;60.448;1307.039;76.911
1665;1;El Conquistador;final;1344.665;1817.039;1344.665;377.039;279.93
1666;1;El Conquistador;final;1265.051;1825.206;1265.051;385.206;261.123
1667;1;El Conquistador;final;1405.001;1833.373;1405.001;393.373;297.204
1668;1;El Conquistador;final;1280.051;1841.539;1280.051;401.539;261.123
1669;1;El Conquistador;final;1302.551;1857.873;1302.551;417.873;261.123
1670;1;El Conquistador;final;1376.048;1874.206;1376.048;434.206;279.93
1671;1;El Conquistador;final;1229.998;1898.706;1229.998;458.706;212.257
1672;1;El Conquistador;final;1247.132;1906.873;1247.132;466.873;212.257
1673;1;El Conquistador;final;1238.565;1907.039;1238.565;467.039;212.257
1674;1;El Conquistador;final;1344.735;1917.039;1344.735;477.039;261.123
1675;1;El Conquistador;final;1329.665;2544.539;1329.665;1104.539;76.911
1676;1;El Conquistador;final;1287.551;2589.539;1287.551;1149.539;58.105
1677;1;El Conquistador;final;1521.318;2649.539;81.318;1209.539;125.778
1678;1;El Conquistador;final;1295.051;1721.552;1295.051;281.552;312.563
1679;1;El Conquistador;final;1257.517;1736.552;1257.517;296.552;271.23
1680;1;El Conquistador;final;1317.551;1751.552;1317.551;311.552;312.563
1681;1;El Conquistador;final;1332.551;1766.552;1332.551;326.552;312.563
1682;1;El Conquistador;final;1262.417;1781.552;1262.417;341.552;278.555
1683;1;El Conquistador;final;1270.417;1789.052;1270.417;349.052;278.555
1684;1;El Conquistador;final;1262.165;1796.552;1262.165;356.552;263.697
1685;1;El Conquistador;final;1378.485;1804.052;1378.485;364.052;312.563
1686;1;El Conquistador;final;1190.851;1811.552;1190.851;371.552;244.89
1687;1;El Conquistador;final;1284.665;1819.052;1284.665;379.052;263.697
1688;1;El Conquistador;final;1400.985;1826.552;1400.985;386.552;312.563
1689;1;El Conquistador;final;1235.051;1864.052;1235.051;424.052;244.89
1690;1;El Conquistador;final;1250.051;1871.552;1250.051;431.552;244.89
1691;1;El Conquistador;final;1272.551;1898.552;1272.551;458.552;244.89
1692;1;El Conquistador;final;1406.048;2475.785;1406.048;1035.785;128.351
1693;1;El Conquistador;final;1239.665;2509.052;1239.665;1069.052;60.678
1694;1;El Conquistador;final;1414.782;2516.552;1414.782;1076.552;128.351
1695;1;El Conquistador;final;1367.235;2524.052;1367.235;1084.052;109.544
1696;1;Vespucio Norte;final;640.999;1466.119;640.999;26.119;225.195
1697;1;Vespucio Norte;final;1160.769;1556.119;1160.769;116.119;238.083
1698;1;Vespucio Norte;final;1298.622;1742.786;1298.622;302.786;296.745
1698.1;1;Vespucio Norte;final;1475.144;2681.119;35.144;1241.119;112.256
1699;1;Vespucio Norte;final;1382.622;1749.453;1382.622;309.453;312.456
1700;1;Vespucio Norte;final;1176.692;1756.119;1176.692;316.119;302.459
1700.1;1;Vespucio Norte;final;1364.698;2584.498;1364.698;1144.498;86.608
1701;1;Vespucio Norte;final;1355.805;1762.786;1355.805;322.786;307.961
1702;1;Vespucio Norte;final;1436.646;1796.119;1436.646;356.119;274.394
1703;1;Vespucio Norte;final;1285.939;1802.536;1285.939;362.536;262.762
1704;1;Vespucio Norte;final;1343.805;1808.953;1343.805;368.953;258.177
1704.1;1;Vespucio Norte;final;1485.561;2726.119;45.561;1286.119;99.036
1705;1;Vespucio Norte;final;1372.913;1821.786;1372.913;381.786;285.034
1705.1;1;Vespucio Norte;final;1451.813;2812.163;11.813;1372.163;35.741
1706;1;Vespucio Norte;final;1453.496;1853.869;13.496;413.869;291.87
1707;1;Vespucio Norte;final;1322.979;1736.119;1322.979;296.119;248.9
1708;1;Vespucio Norte;final;1402.636;1744.686;1402.636;304.686;291.116
1709;1;Vespucio Norte;final;1283.805;1753.253;1283.805;313.253;312.995
1709.1;1;Vespucio Norte;final;1449.614;2668.684;9.614;1228.684;98.225
1710;1;Vespucio Norte;final;1364.798;1761.819;1364.798;321.819;293.275
1711;1;Vespucio Norte;final;1294.263;1770.386;1294.263;330.386;307.157
1711.1;1;Vespucio Norte;final;1503.532;2671.454;63.532;1231.454;140.634
1712;1;Vespucio Norte;final;1264.536;1778.953;1264.536;338.953;233.312
1713;1;Vespucio Norte;final;1283.736;1787.519;1283.736;347.519;300.767
1714;1;Vespucio Norte;final;1344.3;1796.119;1344.3;356.119;309.648
1715;1;Vespucio Norte;final;1391.331;1822.536;1391.331;382.536;300.952
1715.1;1;Vespucio Norte;final;1434.348;2830.266;1434.348;1390.266;20.465
1716;1;Vespucio Norte;final;1344.739;1833.103;1344.739;393.103;264.41
1717;1;Vespucio Norte;final;1418.117;1838.386;1418.117;398.386;279.183
1718;1;Vespucio Norte;final;1455.145;1848.953;15.145;408.953;289.189
1719;1;Vespucio Norte;final;1257.145;1864.803;1257.145;424.803;239.778
1720;1;Vespucio Norte;final;1356.479;1870.086;1356.479;430.086;251.592
1721;1;Vespucio Norte;final;1316.711;1880.653;1316.711;440.653;247.743
1722;1;Vespucio Norte;final;1388.298;1886.119;1388.298;446.119;292.957
1722.1;1;Vespucio Norte;final;1460.011;2804.436;20.011;1364.436;45.276
1723;1;Vespucio Norte;final;1278.505;1762.272;1278.505;322.272;264.484
1724;1;Vespucio Norte;final;1330.532;1777.272;1330.532;337.272;307.308
1724.1;1;Vespucio Norte;final;1393.232;2649.235;1393.232;1209.235;88.632
1725;1;Vespucio Norte;final;1342.329;1792.272;1342.329;352.272;300.459
1726;1;Vespucio Norte;final;1385.763;1827.555;1385.763;387.555;292.723
1726.1;1;Vespucio Norte;final;1539.163;2832.475;99.163;1392.475;75.011
1727;1;Vespucio Norte;final;1503.389;1838.122;63.389;398.122;300.856
1728;1;Vespucio Norte;final;1356.295;1864.538;1356.295;424.538;259.839
1729;1;El Conquistador;final;1067.718;1465.674;1067.718;25.674;290.95
1729.1;1;El Conquistador;final;1500.171;2466.776;60.171;1026.776;181.147
1730;1;El Conquistador;final;1153.517;1555.674;1153.517;115.674;289.493
1730.1;1;El Conquistador;final;1470.519;2565.077;30.519;1125.077;137.855
1731;1;El Conquistador;final;1200.08;1645.674;1200.08;205.674;305.847
1731.1;1;El Conquistador;final;1522.478;2518.406;82.478;1078.406;189.998
1732;1;El Conquistador;final;1240.984;1735.674;1240.984;295.674;303.707
1732.1;1;El Conquistador;final;1364.884;2637.751;1364.884;1197.751;78.129
1733;1;El Conquistador;final;1345.032;1745.674;1345.032;305.674;217.234
1734;1;El Conquistador;final;1324.81;1755.674;1324.81;315.674;312.194
1735;1;El Conquistador;final;1184.15;1765.674;1184.15;325.674;310.072
1735.1;1;El Conquistador;final;1253.149;2582.624;1253.149;1142.624;43.053
1736;1;El Conquistador;final;1389.061;1775.674;1389.061;335.674;296.981
1737;1;El Conquistador;final;1256.421;1795.674;1256.421;355.674;279.765
1737.1;1;El Conquistador;final;1378.06;2634.271;1378.06;1194.271;86.832
1738;1;El Conquistador;final;1474.883;1804.674;34.883;364.674;229.39
1739;1;El Conquistador;final;1398.875;1813.674;1398.875;373.674;312.358
1739.1;1;El Conquistador;final;1553.229;2793.284;113.229;1353.284;93.381
1740;1;El Conquistador;final;1338.145;1822.674;1338.145;382.674;311.14
1740.1;1;El Conquistador;final;1464.536;2723.166;24.536;1283.166;80.646
1741;1;El Conquistador;final;1256.579;1831.674;1256.579;391.674;261.602
1741.1;1;El Conquistador;final;1396.164;2655.584;1396.164;1215.584;77.254
1742;1;El Conquistador;final;1185.595;1840.674;1185.595;400.674;231.564
1743;1;El Conquistador;final;1346.839;1849.674;1346.839;409.674;276.882
1744;1;El Conquistador;final;1305.62;1858.674;1305.62;418.674;281.695
1745;1;El Conquistador;final;510.635;1463.216;510.635;23.216;101.292
1746;1;El Conquistador;final;1320.688;1740.716;1320.688;300.716;303.102
1747;1;El Conquistador;final;1285.077;1748.216;1285.077;308.216;308.432
1748;1;El Conquistador;final;1414.761;1755.716;1414.761;315.716;304.255
1748.1;1;El Conquistador;final;1453.385;2791.749;13.385;1351.749;49.855
1749;1;El Conquistador;final;1376.206;1763.216;1376.206;323.216;295.29
1750;1;El Conquistador;final;1336.275;1770.716;1336.275;330.716;299.094
1750.1;1;El Conquistador;final;1513.878;2733.284;73.878;1293.284;104.308
1751;1;El Conquistador;final;1259.903;1778.216;1259.903;338.216;270.593
1752;1;El Conquistador;final;1317.884;1785.716;1317.884;345.716;279.047
1752.1;1;El Conquistador;final;1466.934;2735.089;26.934;1295.089;83.069
1753;1;El Conquistador;final;1403.949;1793.216;1403.949;353.216;280.081
1753.1;1;El Conquistador;final;1489.165;2804.89;49.165;1364.89;62.797
1754;1;El Conquistador;final;1342.384;1793.865;1342.384;353.865;292.727
1755;1;El Conquistador;final;1357.955;1808.865;1357.955;368.865;263.509
1756;1;El Conquistador;final;1369.284;1817.865;1369.284;377.865;297.243
1756.1;1;El Conquistador;final;1461.13;2770.419;21.13;1330.419;61.138
1757;1;El Conquistador;final;1256.544;1826.865;1256.544;386.865;224.852
1758;1;El Conquistador;final;1071.845;1835.865;1071.845;395.865;190.357
1759;1;El Conquistador;final;1490.706;1898.865;50.706;458.865;290.399
1760;1;Vespucio Norte;final;1364.646;1748.119;1364.646;308.119;299.923
1761;1;Vespucio Norte;final;1270.346;1760.119;1270.346;320.119;292.192
1761.1;1;Vespucio Norte;final;1347.213;2700.713;1347.213;1260.713;35.741
1762;1;Vespucio Norte;final;1372.579;1772.119;1372.579;332.119;282.54
1762.1;1;Vespucio Norte;final;1470.629;2803.563;30.629;1363.563;51.221
1763;1;Vespucio Norte;final;1411.813;1796.119;1411.813;356.119;303.641
1763.1;1;Vespucio Norte;final;1460.646;2848.298;20.646;1408.298;24.945
1764;1;Vespucio Norte;final;1343.717;1805.119;1343.717;365.119;285.465
1765;1;Vespucio Norte;final;1274.039;1809.619;1274.039;369.619;212.53
1766;1;Vespucio Norte;final;1263.629;1818.619;1263.629;378.619;258.788
1767;1;Vespucio Norte;final;1216.536;1841.119;1216.536;401.119;189.668
1768;1;Vespucio Norte;final;1281.515;1854.619;1281.515;414.619;278.364
1769;1;Vespucio Norte;final;1350.811;1863.619;1350.811;423.619;281.695
1770;1;Vespucio Norte;final;1243.581;1886.119;1243.581;446.119;219.566
1771;1;El Conquistador;final;1430.417;1734.534;1430.417;294.534;306.549
1771.1;1;El Conquistador;final;1550.443;2852.033;110.443;1412.033;63.269
1772;1;El Conquistador;final;1362.034;1749.534;1362.034;309.534;267.83
1772.1;1;El Conquistador;final;1485.093;2779.633;45.093;1339.633;66.965
1773;1;El Conquistador;final;1204.812;1764.534;1204.812;324.534;310.07
1773.1;1;El Conquistador;final;1383.962;2532.976;1383.962;1092.976;122.406
1774;1;El Conquistador;final;517.138;1779.534;517.138;339.534;92.431
1775;1;El Conquistador;final;1305.005;1804.534;1305.005;364.534;220.131
1776;1;El Conquistador;final;1313.571;1814.534;1313.571;374.534;220.131
1777;1;El Conquistador;final;1297.299;1824.534;1297.299;384.534;313.19
1777.1;1;El Conquistador;final;1358.133;2713.438;1358.133;1273.438;36.339
1778;1;El Conquistador;final;1171.793;1834.534;1171.793;394.534;246.641
1779;1;El Conquistador;final;1210.771;1844.534;1210.771;404.534;156.281
1780;1;El Conquistador;final;1242.312;1871.876;1242.312;431.876;271.192
1781;1;Vespucio Norte;final;610.646;1736.119;610.646;296.119;120.956
1782;1;Vespucio Norte;final;1160.446;1744.686;1160.446;304.686;193.872
1783;1;Vespucio Norte;final;1246.329;1753.253;1246.329;313.253;236.881
1784;1;Vespucio Norte;final;1352.622;1761.819;1352.622;321.819;274.016
1785;1;Vespucio Norte;final;1279.055;1770.386;1279.055;330.386;208.422
1786;1;Vespucio Norte;final;1402.645;1820.619;1402.645;380.619;302.368
1786.1;1;Vespucio Norte;final;1452.734;2788.684;12.734;1348.684;48.946
1787;1;Vespucio Norte;final;1358.622;1828.786;1358.622;388.786;238.164
1788;1;Vespucio Norte;final;1323.515;1836.953;1323.515;396.953;263.986
1789;1;Vespucio Norte;final;1262.113;1845.119;1262.113;405.119;188.791
1790;1;Vespucio Norte;final;1372.194;1853.286;1372.194;413.286;281.253
1790.1;1;Vespucio Norte;final;1452.478;2780.773;12.478;1340.773;52.633
1791;1;Vespucio Norte;final;1426.078;1861.453;1426.078;421.453;247.354
1792;1;Vespucio Norte;final;1334.363;1869.619;1334.363;429.619;260.0
1793;1;Vespucio Norte;final;1297.629;1886.119;1297.629;446.119;261.532
1794;1;Vespucio Norte;final;1167.395;1748.119;1167.395;308.119;252.316
1795;1;Vespucio Norte;final;1462.855;1760.119;22.855;320.119;295.487
1795.1;1;Vespucio Norte;final;1571.922;2846.053;131.922;1406.053;85.152
1796;1;Vespucio Norte;final;1350.517;1772.119;1350.517;332.119;306.282
1796.1;1;Vespucio Norte;final;1467.283;2754.973;27.283;1314.973;62.633
1797;1;Vespucio Norte;final;1294.135;1796.119;1294.135;356.119;307.501
1798;1;Vespucio Norte;final;1168.028;1812.453;1168.028;372.453;211.438
1799;1;Vespucio Norte;final;1310.622;1828.786;1310.622;388.786;245.962
1800;1;Vespucio Norte;final;1258.329;1836.953;1258.329;396.953;264.755
1801;1;Vespucio Norte;final;1495.455;1853.286;55.455;413.286;290.235
1802;1;Vespucio Norte;final;1296.636;1861.453;1296.636;421.453;181.154
1803;1;Vespucio Norte;final;1238.346;1869.619;1238.346;429.619;189.063
1804;1;Vespucio Norte;final;1298.136;1886.119;1298.136;446.119;223.833
1805;1;El Conquistador;final;1066.603;1463.216;1066.603;23.216;296.08
1805.1;1;El Conquistador;final;1266.216;2471.171;1266.216;1031.171;111.722
1806;1;El Conquistador;final;1189.134;1643.216;1189.134;203.216;312.065
1806.1;1;El Conquistador;final;1340.393;2608.699;1340.393;1168.699;66.965
1807;1;El Conquistador;final;1256.919;1737.816;1256.919;297.816;280.778
1807.1;1;El Conquistador;final;1389.363;2661.927;1389.363;1221.927;72.936
1808;1;El Conquistador;final;1262.367;1742.416;1262.367;302.416;292.73
1808.1;1;El Conquistador;final;1381.617;2657.734;1381.617;1217.734;73.004
1809;1;El Conquistador;final;1238.149;1747.016;1238.149;307.016;246.134
1810;1;El Conquistador;final;1235.55;1751.616;1235.55;311.616;289.426
1810.1;1;El Conquistador;final;1315.903;2635.751;1315.903;1195.751;53.583
1811;1;El Conquistador;final;1207.406;1756.216;1207.406;316.216;285.433
1811.1;1;El Conquistador;final;1439.021;2593.474;1439.021;1153.474;123.852
1812;1;El Conquistador;final;1139.444;1760.816;1139.444;320.816;285.094
1812.1;1;El Conquistador;final;1281.539;2507.89;1281.539;1067.89;85.056
1813;1;El Conquistador;final;1328.035;1765.416;1328.035;325.416;293.139
1813.1;1;El Conquistador;final;1405.278;2738.865;1405.278;1298.865;49.726
1814;1;El Conquistador;final;1169.444;1770.016;1169.444;330.016;287.627
1814.1;1;El Conquistador;final;1438.06;2540.89;1438.06;1100.89;142.708
1815;1;El Conquistador;final;1322.334;1774.616;1322.334;334.616;300.107
1815.1;1;El Conquistador;final;1460.414;2719.834;20.414;1279.834;77.254
1816;1;El Conquistador;final;1257.62;1779.216;1257.62;339.216;270.29
1817;1;El Conquistador;final;1322.439;1783.816;1322.439;343.816;312.878
1818;1;El Conquistador;final;1240.106;1788.416;1240.106;348.416;285.433
1818.1;1;El Conquistador;final;1400.839;2623.296;1400.839;1183.296;107.129
1819;1;El Conquistador;final;1165.595;1793.016;1165.595;353.016;241.721
1820;1;El Conquistador;final;1211.22;1795.674;1211.22;355.674;148.386
1821;1;El Conquistador;final;1381.513;1799.424;1381.513;359.424;314.254
1822;1;El Conquistador;final;1182.464;1803.174;1182.464;363.174;252.311
1823;1;El Conquistador;final;1313.787;1810.674;1313.787;370.674;200.567
1824;1;El Conquistador;final;1379.613;1814.424;1379.613;374.424;306.183
1825;1;El Conquistador;final;1354.139;1818.174;1354.139;378.174;307.309
1826;1;El Conquistador;final;1317.31;1821.924;1317.31;381.924;269.84
1827;1;El Conquistador;final;1378.584;1829.424;1378.584;389.424;304.467
1827.1;1;El Conquistador;final;1503.556;2763.018;63.556;1323.018;81.141
1828;1;El Conquistador;final;1319.884;1833.174;1319.884;393.174;288.812
1828.1;1;El Conquistador;final;1388.787;2718.751;1388.787;1278.751;53.583
1829;1;El Conquistador;final;1497.282;1836.924;57.282;396.924;280.134
1830;1;El Conquistador;final;1472.455;1840.674;32.455;400.674;293.095
1831;1;El Conquistador;final;1353.735;1844.424;1353.735;404.424;267.35
1831.1;1;El Conquistador;final;1496.167;2763.077;56.167;1323.077;81.163
1832;1;El Conquistador;final;1203.62;1848.174;1203.62;408.174;148.386
1833;1;El Conquistador;final;1476.889;1851.924;36.889;411.924;306.084
1834;1;El Conquistador;final;1273.706;1855.674;1273.706;415.674;253.128
1835;1;El Conquistador;final;1252.684;1859.424;1252.684;419.424;164.685
1836;1;El Conquistador;final;1296.739;1870.674;1296.739;430.674;241.837
1837;1;El Conquistador;final;1261.635;1893.751;1261.635;453.751;221.66
1838;1;Los Espinos + Santa Rosa;final;1374.394;1768.042;1374.394;328.042;281.201
1839;1;Los Espinos + Santa Rosa;final;1435.991;1788.042;1435.991;348.042;296.237
1840;1;Los Espinos + Santa Rosa;final;1302.426;1886.792;1302.426;446.792;241.414
1841;1;Los Espinos + Santa Rosa;final;1180.027;1459.728;1180.027;19.728;274.911
1841.1;1;Los Espinos + Santa Rosa;final;1307.681;2524.992;1307.681;1084.992;90.272
1842;1;Los Espinos + Santa Rosa;final;1195.578;1741.728;1195.578;301.728;268.552
1842.1;1;Los Espinos + Santa Rosa;final;1319.544;2553.309;1319.544;1113.309;101.033
1843;1;Los Espinos + Santa Rosa;final;1324.38;1765.728;1324.38;325.728;308.499
1843.1;1;Los Espinos + Santa Rosa;final;1411.288;2709.24;1411.288;1269.24;60.634
1844;1;Los Espinos + Santa Rosa;final;1463.874;1777.728;23.874;337.728;312.898
1845;1;Los Espinos + Santa Rosa;final;1314.394;1789.728;1314.394;349.728;307.609
1845.1;1;Los Espinos + Santa Rosa;final;1516.06;2656.405;76.06;1216.405;136.169
1846;1;Los Espinos + Santa Rosa;final;511.741;1812.228;511.741;372.228;55.113
1847;1;Los Espinos + Santa Rosa;final;1379.552;1823.478;1379.552;383.478;298.325
1848;1;Los Espinos + Santa Rosa;final;1449.814;1834.728;9.814;394.728;297.904
1849;1;Los Espinos + Santa Rosa;final;556.741;1857.228;556.741;417.228;55.113
1850;1;Los Espinos + Santa Rosa;final;1233.136;1844.296;1233.136;404.296;226.816
1851;1;Los Espinos + Santa Rosa;final;1289.06;1807.728;1289.06;367.728;271.792
1851.1;1;Los Espinos + Santa Rosa;final;1452.594;2694.618;12.594;1254.618;80.839
1852;1;Los Espinos + Santa Rosa;final;1341.903;1825.728;1341.903;385.728;295.951
1852.1;1;Los Espinos + Santa Rosa;final;1426.19;2726.507;1426.19;1286.507;64.953
1853;1;Los Espinos + Santa Rosa;final;1251.149;1763.008;1251.149;323.008;272.766
1854;1;Los Espinos + Santa Rosa;final;1310.58;1775.008;1310.58;335.008;312.473
1854.1;1;Los Espinos + Santa Rosa;final;1330.858;2719.499;1330.858;1279.499;22.13
1855;1;Los Espinos + Santa Rosa;final;1306.284;1787.008;1306.284;347.008;299.18
1856;1;Los Espinos + Santa Rosa;final;1291.158;1799.008;1291.158;359.008;281.97
1856.1;1;Los Espinos + Santa Rosa;final;1406.996;2627.332;1406.996;1187.332;95.065
1857;1;Los Espinos + Santa Rosa;final;1302.471;1811.008;1302.471;371.008;283.12
1858;1;Los Espinos + Santa Rosa;final;1410.924;1823.008;1410.924;383.008;314.783
1858.1;1;Los Espinos + Santa Rosa;final;1508.564;2800.248;68.564;1360.248;71.461
1859;1;Los Espinos + Santa Rosa;final;1240.249;1835.858;1240.249;395.858;240.893
1860;1;Los Espinos + Santa Rosa;final;1364.465;1874.408;1364.465;434.408;263.429
1861;1;Los Espinos + Santa Rosa;final;1233.253;1913.008;1233.253;473.008;196.541
1862;1;Los Espinos + Santa Rosa;final;1269.355;1748.049;1269.355;308.049;300.325
1863;1;Los Espinos + Santa Rosa;final;482.624;1758.049;482.624;318.049;70.131
1864;1;Los Espinos + Santa Rosa;final;1240.992;1768.049;1240.992;328.049;270.933
1864.1;1;Los Espinos + Santa Rosa;final;1417.375;2635.537;1417.375;1195.537;106.651
1865;1;Los Espinos + Santa Rosa;final;1306.411;1778.049;1306.411;338.049;278.403
1866;1;Los Espinos + Santa Rosa;final;1344.285;1808.049;1344.285;368.049;293.015
1867;1;Los Espinos + Santa Rosa;final;1441.708;1838.049;1.708;398.049;305.213
1867.1;1;Los Espinos + Santa Rosa;final;1492.725;2769.991;52.725;1329.991;82.549
1868;1;Los Espinos + Santa Rosa;final;485.048;1868.049;485.048;428.049;23.753
1869;1;Los Espinos + Santa Rosa;final;1204.311;1888.049;1204.311;448.049;197.569
1870;1;Los Espinos + Santa Rosa;final;1275.578;1898.049;1275.578;458.049;221.482
1871;1;Los Espinos + Santa Rosa;final;1332.886;1748.296;1332.886;308.296;286.063
1871.1;1;Los Espinos + Santa Rosa;final;1410.038;2762.881;1410.038;1322.881;38.264
1872;1;Los Espinos + Santa Rosa;final;1250.696;1778.296;1250.696;338.296;262.648
1873;1;Los Espinos + Santa Rosa;final;1332.994;1838.296;1332.994;398.296;253.6
1874;1;Los Espinos + Santa Rosa;final;1241.388;1848.296;1241.388;408.296;229.882
1875;1;Los Espinos + Santa Rosa;final;1333.217;1728.698;1333.217;288.698;294.878
1876;1;Los Espinos + Santa Rosa;final;1289.58;1743.698;1289.58;303.698;269.409
1877;1;Los Espinos + Santa Rosa;final;1330.691;1758.698;1330.691;318.698;308.41
1877.1;1;Los Espinos + Santa Rosa;final;1485.8;2710.3;45.8;1270.3;99.756
1878;1;Los Espinos + Santa Rosa;final;1229.111;1798.698;1229.111;358.698;250.019
1879;1;Los Espinos + Santa Rosa;final;1339.83;1808.698;1339.83;368.698;288.455
1879.1;1;Los Espinos + Santa Rosa;final;1402.49;2699.862;1402.49;1259.862;69.144
1880;1;Los Espinos + Santa Rosa;final;1206.259;1818.698;1206.259;378.698;213.745
1881;1;Los Espinos + Santa Rosa;final;1356.484;1838.698;1356.484;398.698;292.108
1882;1;Los Espinos + Santa Rosa;final;1198.821;1748.296;1198.821;308.296;263.164
1883;1;Los Espinos + Santa Rosa;final;1361.382;1763.296;1361.382;323.296;298.979
1883.1;1;Los Espinos + Santa Rosa;final;1522.19;2710.534;82.19;1270.534;100.59
1884;1;Los Espinos + Santa Rosa;final;1373.563;1778.296;1373.563;338.296;295.587
1885;1;Los Espinos + Santa Rosa;final;1341.1;1819.546;1341.1;379.546;301.245
1886;1;Los Espinos + Santa Rosa;final;1323.362;1830.796;1323.362;390.796;264.098
1887;1;Los Espinos + Santa Rosa;final;1491.061;1898.296;51.061;458.296;295.762
1888;1;Los Espinos + Santa Rosa;final;1271.857;1728.698;1271.857;288.698;274.611
1888.1;1;Los Espinos + Santa Rosa;final;1527.378;2643.559;87.378;1203.559;143.939
1889;1;Los Espinos + Santa Rosa;final;1279.136;1738.698;1279.136;298.698;259.238
1890;1;Los Espinos + Santa Rosa;final;1307.176;1748.698;1307.176;308.698;297.287
1891;1;Los Espinos + Santa Rosa;final;1297.452;1768.698;1297.452;328.698;281.777
1891.1;1;Los Espinos + Santa Rosa;final;1422.31;2670.17;1422.31;1230.17;84.764
1892;1;Los Espinos + Santa Rosa;final;1368.362;1788.698;1368.362;348.698;282.297
1893;1;Los Espinos + Santa Rosa;final;1272.119;1736.548;1272.119;296.548;287.912
1893.1;1;Los Espinos + Santa Rosa;final;1374.298;2700.881;1374.298;1260.881;53.727
1894;1;Los Espinos + Santa Rosa;final;1329.732;1746.548;1329.732;306.548;305.332
1894.1;1;Los Espinos + Santa Rosa;final;1406.278;2697.3;1406.278;1257.3;63.749
1895;1;Los Espinos + Santa Rosa;final;1287.829;1756.548;1287.829;316.548;295.343
1896;1;Los Espinos + Santa Rosa;final;1242.779;1766.548;1242.779;326.548;252.494
1897;1;Los Espinos + Santa Rosa;final;1149.419;1407.761;1149.419;1407.761;295.501
1897.1;1;Los Espinos + Santa Rosa;final;1291.673;2577.681;1291.673;1137.681;54.477
1898;1;Los Espinos + Santa Rosa;final;922.379;1437.761;922.379;1437.761;295.385
1898.1;1;Los Espinos + Santa Rosa;final;1457.302;2308.577;17.302;868.577;213.551
1899;1;Los Espinos + Santa Rosa;final;1344.944;1749.761;1344.944;309.761;304.073
1900;1;Los Espinos + Santa Rosa;final;1295.166;1761.761;1295.166;321.761;272.502
1900.1;1;Los Espinos + Santa Rosa;final;1506.061;2663.513;66.061;1223.513;116.45
1901;1;Los Espinos + Santa Rosa;final;1306.694;1773.761;1306.694;333.761;265.588
1902;1;Los Espinos + Santa Rosa;final;1308.499;1785.761;1308.499;345.761;293.967
1902.1;1;Los Espinos + Santa Rosa;final;1445.336;2674.763;5.336;1234.763;91.966
1903;1;Los Espinos + Santa Rosa;final;1362.302;1797.761;1362.302;357.761;268.487
1904;1;Los Espinos + Santa Rosa;final;1429.552;1820.261;1429.552;380.261;313.065
1905;1;Los Espinos + Santa Rosa;final;1317.285;1742.865;1317.285;302.865;291.827
1906;1;Los Espinos + Santa Rosa;final;1253.832;1752.865;1253.832;312.865;291.189
1906.1;1;Los Espinos + Santa Rosa;final;1498.415;2632.827;58.415;1192.827;130.807
1907;1;Los Espinos + Santa Rosa;final;1227.317;1762.865;1227.317;322.865;272.06
1908;1;Los Espinos + Santa Rosa;final;1264.592;1772.865;1264.592;332.865;281.931
1908.1;1;Los Espinos + Santa Rosa;final;1530.925;2659.388;90.925;1219.388;138.948
1909;1;Los Espinos + Santa Rosa;final;1162.147;1782.865;1162.147;342.865;240.902
1910;1;Los Espinos + Santa Rosa;final;1355.091;1819.198;1355.091;379.198;302.547
1910.1;1;Los Espinos + Santa Rosa;final;1507.797;2758.735;67.797;1318.735;84.229
1911;1;Los Espinos + Santa Rosa;final;1279.323;1835.531;1279.323;395.531;237.116
1912;1;Los Espinos + Santa Rosa;final;1276.176;1851.865;1276.176;411.865;246.871
1913;1;Los Espinos + Santa Rosa;final;1356.325;1860.031;1356.325;420.031;284.776
1914;1;Los Espinos + Santa Rosa;final;1450.181;1868.198;10.181;428.198;312.119
1915;1;Los Espinos + Santa Rosa;final;1296.325;1770.72;1296.325;330.72;288.116
1915.1;1;Los Espinos + Santa Rosa;final;1373.091;2735.008;1373.091;1295.008;33.398
1916;1;Los Espinos + Santa Rosa;final;1257.556;1790.72;1257.556;350.72;294.819
1916.1;1;Los Espinos + Santa Rosa;final;1479.133;2655.891;39.133;1215.891;110.33
1917;1;Los Espinos + Santa Rosa;final;1260.386;1810.72;1260.386;370.72;263.68
1918;1;Los Espinos + Santa Rosa;final;1402.364;1819.72;1402.364;379.72;303.603
1918.1;1;Los Espinos + Santa Rosa;final;1467.704;2812.72;27.704;1372.72;45.178
1919;1;Los Espinos + Santa Rosa;final;1244.314;1837.72;1244.314;397.72;249.861
1920;1;Los Espinos + Santa Rosa;final;1121.336;1758.049;1121.336;318.049;284.212
1920.1;1;Los Espinos + Santa Rosa;final;1378.78;2500.709;1378.78;1060.709;127.265
1921;1;Los Espinos + Santa Rosa;final;1174.186;1768.049;1174.186;328.049;222.631
1922;1;Los Espinos + Santa Rosa;final;1270.199;1778.049;1270.199;338.049;298.921
1922.1;1;Los Espinos + Santa Rosa;final;1370.191;2639.8;1370.191;1199.8;71.304
1923;1;Los Espinos + Santa Rosa;final;1329.52;1788.049;1329.52;348.049;279.901
1924;1;Los Espinos + Santa Rosa;final;1305.556;1798.049;1305.556;358.049;293.603
1924.1;1;Los Espinos + Santa Rosa;final;1364.941;2707.291;1364.941;1267.291;45.312
1925;1;Los Espinos + Santa Rosa;final;1372.327;1808.049;1372.327;368.049;306.446
1926;1;Los Espinos + Santa Rosa;final;1427.725;1838.049;1427.725;398.049;312.227
1926.1;1;Los Espinos + Santa Rosa;final;1443.64;2803.151;3.64;1363.151;36.238
1927;1;Los Espinos + Santa Rosa;final;1345.208;1858.049;1345.208;418.049;304.885
1927.1;1;Los Espinos + Santa Rosa;final;1478.749;2720.709;38.749;1280.709;94.253
1928;1;Los Espinos + Santa Rosa;final;1353.409;1878.049;1353.409;438.049;285.559
1928.1;1;Los Espinos + Santa Rosa;final;1455.467;2680.071;15.467;1240.071;100.341
1929;1;Los Espinos + Santa Rosa;final;1274.331;1898.049;1274.331;458.049;216.436
1930;1;Los Espinos + Santa Rosa;final;1177.331;1747.826;1177.331;307.826;291.529
1930.1;1;Los Espinos + Santa Rosa;final;1350.784;2524.397;1350.784;1084.397;104.738
1931;1;Los Espinos + Santa Rosa;final;1360.466;1762.826;1360.466;322.826;309.691
1932;1;Los Espinos + Santa Rosa;final;1463.053;1804.076;23.053;364.076;294.64
1933;1;Los Espinos + Santa Rosa;final;560.775;1815.326;560.775;375.326;70.893
1934;1;Los Espinos + Santa Rosa;final;795.929;1418.049;795.929;1418.049;311.043
1934.1;1;Los Espinos + Santa Rosa;final;1458.038;2167.397;18.038;727.397;233.386
1935;1;Los Espinos + Santa Rosa;final;921.552;1448.049;921.552;8.049;307.248
1935.1;1;Los Espinos + Santa Rosa;final;1484.648;2340.237;44.648;900.237;224.225
1936;1;Los Espinos + Santa Rosa;final;925.982;1403.72;925.982;1403.72;302.089
1936.1;1;Los Espinos + Santa Rosa;final;1313.911;2282.341;1313.911;842.341;145.967
1937;1;Los Espinos + Santa Rosa;intermedia;748.508;759.0;748.508;759.0;281.176
1937;2;Los Espinos + Santa Rosa;intermedia;905.658;934.0;905.658;934.0;58.221
1937;3;Los Espinos + Santa Rosa;final;1110.576;1433.72;1110.576;1433.72;74.522
1937.1;1;Los Espinos + Santa Rosa;final;1508.166;2482.776;68.166;1042.776;200.589
1938;1;Los Espinos + Santa Rosa;final;1005.303;1463.72;1005.303;23.72;308.891
1938.1;1;Los Espinos + Santa Rosa;final;1320.952;2453.581;1320.952;1013.581;110.94
1939;1;Los Espinos + Santa Rosa;final;1311.908;1711.387;1311.908;271.387;307.101
1940;1;Los Espinos + Santa Rosa;final;1242.794;1723.387;1242.794;283.387;258.864
1941;1;Los Espinos + Santa Rosa;final;1213.563;1735.387;1213.563;295.387;288.79
1941.1;1;Los Espinos + Santa Rosa;final;1479.457;2560.377;39.457;1120.377;149.719
1942;1;Los Espinos + Santa Rosa;final;1253.442;1747.387;1253.442;307.387;292.846
1942.1;1;Los Espinos + Santa Rosa;final;1339.565;2685.508;1339.565;1245.508;36.624
1943;1;Los Espinos + Santa Rosa;final;590.476;1759.387;590.476;319.387;112.243
1944;1;Los Espinos + Santa Rosa;final;1281.113;1771.387;1281.113;331.387;311.144
1944.1;1;Los Espinos + Santa Rosa;final;1484.044;2632.826;44.044;1192.826;130.841
1945;1;Los Espinos + Santa Rosa;final;1302.217;1782.637;1302.217;342.637;293.136
1946;1;Los Espinos + Santa Rosa;final;1356.275;1793.887;1356.275;353.887;309.664
1947;1;Los Espinos + Santa Rosa;final;1372.821;1805.137;1372.821;365.137;292.643
1948;1;Los Espinos + Santa Rosa;final;1414.668;1827.637;1414.668;387.637;307.504
1948.1;1;Los Espinos + Santa Rosa;final;1532.402;2792.779;92.402;1352.779;78.201
1949;1;Los Espinos + Santa Rosa;final;1390.939;1838.887;1390.939;398.887;310.5
1949.1;1;Los Espinos + Santa Rosa;final;1475.132;2799.168;35.132;1359.168;52.761
1950;1;Los Espinos + Santa Rosa;final;1383.778;1850.137;1383.778;410.137;290.88
1951;1;Los Espinos + Santa Rosa;final;1393.642;1861.387;1393.642;421.387;302.235
1952;1;Los Espinos + Santa Rosa;final;1328.851;1763.008;1328.851;323.008;227.324
1953;1;Los Espinos + Santa Rosa;final;1233.425;1783.008;1233.425;343.008;285.78
1954;1;Los Espinos + Santa Rosa;final;1284.364;1803.008;1284.364;363.008;288.652
1955;1;Los Espinos + Santa Rosa;final;1236.348;1823.008;1236.348;383.008;243.097
1956;1;Los Espinos + Santa Rosa;final;1300.365;1835.858;1300.365;395.858;244.086
1957;1;Los Espinos + Santa Rosa;final;1255.119;1848.708;1255.119;408.708;236.685
1958;1;Los Espinos + Santa Rosa;final;1389.991;1874.408;1389.991;434.408;290.536
1959;1;Los Espinos + Santa Rosa;final;1386.1;1913.008;1386.1;473.008;297.59
1960;1;Los Espinos + Santa Rosa;final;1175.181;1462.827;1175.181;22.827;304.59
1960.1;1;Los Espinos + Santa Rosa;final;1300.957;2511.935;1300.957;1071.935;91.344
1961;1;Los Espinos + Santa Rosa;final;1201.842;1597.827;1201.842;157.827;297.926
1962;1;Los Espinos + Santa Rosa;final;1280.448;1732.827;1280.448;292.827;298.377
1962.1;1;Los Espinos + Santa Rosa;final;1347.807;2679.495;1347.807;1239.495;46.912
1963;1;Los Espinos + Santa Rosa;final;1270.98;1742.827;1270.98;302.827;294.555
1963.1;1;Los Espinos + Santa Rosa;final;1378.682;2680.72;1378.682;1240.72;59.986
1964;1;Los Espinos + Santa Rosa;final;1333.697;1752.827;1333.697;312.827;311.01
1964.1;1;Los Espinos + Santa Rosa;final;1434.919;2737.499;1434.919;1297.499;62.348
1965;1;Los Espinos + Santa Rosa;final;1240.961;1762.827;1240.961;322.827;282.182
1965.1;1;Los Espinos + Santa Rosa;final;1376.215;2593.525;1376.215;1153.525;90.272
1966;1;Los Espinos + Santa Rosa;final;1252.48;1772.827;1252.48;332.827;286.647
1966.1;1;Los Espinos + Santa Rosa;final;1358.474;2617.536;1358.474;1177.536;72.129
1967;1;Los Espinos + Santa Rosa;final;1249.008;1782.827;1249.008;342.827;250.187
1968;1;Los Espinos + Santa Rosa;final;1373.34;1792.827;1373.34;352.827;288.504
1969;1;Los Espinos + Santa Rosa;final;1367.454;1804.077;1367.454;364.077;310.197
1969.1;1;Los Espinos + Santa Rosa;final;1454.187;2762.865;14.187;1322.865;62.002
1970;1;Los Espinos + Santa Rosa;final;1334.766;1815.327;1334.766;375.327;284.593
1970.1;1;Los Espinos + Santa Rosa;final;1473.283;2738.001;33.283;1298.001;67.41
1971;1;Los Espinos + Santa Rosa;final;1396.554;1837.827;1396.554;397.827;307.748
1971.1;1;Los Espinos + Santa Rosa;final;1500.243;2813.296;60.243;1373.296;53.965
1972;1;Los Espinos + Santa Rosa;final;1342.364;1860.327;1342.364;420.327;280.214
1973;1;Los Espinos + Santa Rosa;final;1289.832;1882.827;1289.832;442.827;251.564
1974;1;Los Espinos + Santa Rosa;final;1372.364;1895.677;1372.364;455.677;280.214
1974.1;1;Los Espinos + Santa Rosa;final;1465.799;2780.72;25.799;1340.72;59.986
1975;1;Los Espinos + Santa Rosa;final;1305.413;1770.72;1305.413;330.72;289.214
1976;1;Los Espinos + Santa Rosa;final;1357.364;1790.72;1357.364;350.72;308.962
1977;1;Los Espinos + Santa Rosa;final;1387.364;1810.72;1387.364;370.72;308.962
1978;1;Los Espinos + Santa Rosa;final;1322.133;1821.97;1322.133;381.97;273.189
1979;1;Los Espinos + Santa Rosa;final;1363.738;1878.22;1363.738;438.22;264.285
1980;1;Los Espinos + Santa Rosa;final;1379.264;1900.72;1379.264;460.72;289.262
1980.1;1;Los Espinos + Santa Rosa;final;1443.704;2788.72;3.704;1348.72;45.178
1981;1;La Reina;intermedia;644.31;917.0;644.31;917.0;307.336
1981;2;La Reina;final;1367.643;1336.245;1367.643;1336.245;149.709
1982;1;La Reina;intermedia;631.796;649.0;631.796;649.0;280.417
1982;2;La Reina;final;942.488;1366.245;942.488;1366.245;78.977
1982.1;1;La Reina;final;1565.409;2391.141;125.409;951.141;219.935
1983;1;La Reina;intermedia;787.838;850.0;787.838;850.0;301.037
1983;2;La Reina;final;1394.035;1396.245;1394.035;1396.245;178.912
1983.1;1;La Reina;final;1483.813;2749.253;43.813;1309.253;88.186
1984;1;La Reina;intermedia;880.013;910.0;880.013;910.0;300.45
1984;2;La Reina;final;1040.238;1418.728;1040.238;1418.728;37.26
1984.1;1;La Reina;final;1335.962;2476.648;1335.962;1036.648;102.874
1985;1;La Reina;final;1386.736;1643.562;1386.736;203.562;265.338
1985.1;1;La Reina;final;1600.279;2802.375;160.279;1362.375;111.363
1986;1;La Reina;final;1256.735;1666.245;1256.735;226.245;313.621
1986.1;1;La Reina;final;1283.355;2631.614;1283.355;1191.614;39.976
1987;1;La Reina;final;1173.214;1673.745;1173.214;233.745;305.08
1987.1;1;La Reina;final;1513.817;2575.256;73.817;1135.256;182.776
1988;1;La Reina;final;1271.465;1688.745;1271.465;248.745;310.091
1989;1;La Reina;final;1193.214;1696.245;1193.214;256.245;305.08
1989.1;1;La Reina;final;1558.817;2593.341;118.817;1153.341;184.243
1990;1;La Reina;final;1302.543;1703.745;1302.543;263.745;305.982
1990.1;1;La Reina;final;1427.567;2703.771;1427.567;1263.771;69.037
1991;1;La Reina;final;1372.22;1711.245;1372.22;271.245;305.784
1992;1;La Reina;final;1330.105;1718.745;1330.105;278.745;299.863
1993;1;La Reina;final;1151.255;1726.245;1151.255;286.245;221.363
1994;1;La Reina;final;1259.465;1731.528;1259.465;291.528;294.814
1995;1;La Reina;final;1252.65;1736.812;1252.65;296.812;278.403
1996;1;La Reina;final;1336.848;1742.095;1336.848;302.095;294.696
1996.1;1;La Reina;final;1518.765;2727.727;78.765;1287.727;90.788
1997;1;La Reina;final;1295.465;1747.378;1295.465;307.378;295.87
1998;1;La Reina;final;1175.905;1752.662;1175.905;312.662;251.608
1999;1;La Reina;final;1278.705;1757.945;1278.705;317.945;257.024
2000;1;La Reina;final;1228.805;1763.228;1228.805;323.228;258.137
2000.1;1;La Reina;final;1483.745;2659.464;43.745;1219.464;102.874
2001;1;La Reina;final;1318.862;1768.512;1318.862;328.512;286.977
2002;1;La Reina;final;1351.886;1773.795;1351.886;333.795;287.083
2003;1;La Reina;final;1327.431;1779.078;1327.431;339.078;284.313
2004;1;La Reina;final;1123.385;1784.362;1123.385;344.362;230.744
2005;1;La Reina;final;1259.922;1789.645;1259.922;349.645;227.154
2006;1;La Reina;final;1217.905;1794.928;1217.905;354.928;214.983
2007;1;La Reina;final;1375.862;1800.212;1375.862;360.212;291.646
2008;1;La Reina;final;1274.665;1810.778;1274.665;370.778;267.074
2009;1;La Reina;final;1354.722;1816.062;1354.722;376.062;268.871
2010;1;La Reina;final;1239.705;1816.245;1239.705;376.245;230.641
2011;1;La Reina;final;1173.272;1825.245;1173.272;385.245;210.668
2012;1;La Reina;final;1379.155;1834.245;1379.155;394.245;273.51
2012.1;1;La Reina;final;1482.322;2810.658;42.322;1370.658;52.14
2013;1;La Reina;final;1342.955;1852.245;1342.955;412.245;264.233
2014;1;La Reina;final;1407.595;1861.245;1407.595;421.245;305.99
2015;1;La Reina;final;1348.968;1870.245;1348.968;430.245;277.131
2016;1;La Reina;final;1198.626;1879.245;1198.626;439.245;215.615
2017;1;La Reina;final;1330.722;1973.745;1330.722;533.745;226.002
2018;1;La Reina;final;1516.388;2074.995;76.388;634.995;296.679
2019;1;La Reina;final;1174.805;2326.245;1174.805;886.245;102.298
2020;1;La Reina;final;1531.143;2350.245;91.143;910.245;238.81
2021;1;La Reina;final;1214.805;2366.245;1214.805;926.245;102.298
2022;1;La Reina;final;1286.805;2438.245;1286.805;998.245;102.298
2023;1;La Reina;final;1367.905;2446.245;1367.905;1006.245;148.654
2024;1;La Reina;intermedia;924.235;941.0;924.235;941.0;305.094
2024;2;La Reina;final;1071.902;1429.648;1071.902;1429.648;48.341
2024.1;1;La Reina;final;1323.702;2431.458;1323.702;991.458;98.287
2025;1;La Reina;final;1099.37;1444.648;1099.37;4.648;311.793
2025.1;1;La Reina;final;1403.945;2502.218;1403.945;1062.218;128.195
2026;1;La Reina;final;1046.755;1459.648;1046.755;19.648;308.708
2026.1;1;La Reina;final;1501.631;2493.978;61.631;1053.978;159.085
2027;1;La Reina;intermedia;893.605;923.0;893.605;923.0;291.704
2027;2;La Reina;final;1224.672;1474.648;1224.672;34.648;83.423
2027.1;1;La Reina;final;1345.405;2660.658;1345.405;1220.658;52.14
2028;1;La Reina;final;935.819;1489.648;935.819;49.648;306.654
2028.1;1;La Reina;final;1281.245;2405.641;1281.245;965.641;111.363
2029;1;La Reina;final;969.485;1519.648;969.485;79.648;297.824
2029.1;1;La Reina;final;1301.466;2391.397;1301.466;951.397;135.691
2030;1;La Reina;final;1360.952;1774.648;1360.952;334.648;280.574
2030.1;1;La Reina;final;1465.048;2741.614;25.048;1301.614;81.165
2031;1;La Reina;final;1279.255;1789.648;1279.255;349.648;259.602
2032;1;La Reina;final;1343.179;1819.648;1343.179;379.648;277.159
2032.1;1;La Reina;final;1442.322;2770.658;2.322;1330.658;52.14
2033;1;La Reina;final;1382.362;1830.898;1382.362;390.898;295.853
2034;1;La Reina;final;1373.802;1864.648;1373.802;424.648;270.297
2035;1;La Reina;final;1248.268;1875.898;1248.268;435.898;239.589
2036;1;La Reina;final;1343.92;1808.016;1343.92;368.016;286.613
2037;1;La Reina;final;1308.063;1853.016;1308.063;413.016;238.229
2037.1;1;La Reina;final;1536.412;2736.748;96.412;1296.748;102.874
2038;1;La Reina;final;1446.879;1898.016;6.879;458.016;287.944
2039;1;La Reina;final;1436.288;1928.016;1436.288;488.016;286.876
2040;1;La Reina;final;1486.163;2528.016;46.163;1088.016;156.213
2041;1;La Reina;final;1424.266;1864.648;1424.266;424.648;305.417
2042;1;El Conquistador;final;1359.733;1747.993;1359.733;307.993;301.645
2043;1;El Conquistador;final;1283.974;1762.993;1283.974;322.993;306.241
2043.1;1;El Conquistador;final;1411.615;2653.793;1411.615;1213.793;91.483
2044;1;El Conquistador;final;1271.216;1777.993;1271.216;337.993;263.251
2044.1;1;El Conquistador;final;1481.641;2651.61;41.641;1211.61;120.073
2045;1;El Conquistador;final;1287.251;1792.993;1287.251;352.993;268.943
2046;1;El Conquistador;final;1376.211;1801.159;1376.211;361.159;310.972
2046.1;1;El Conquistador;final;1496.678;2753.216;56.678;1313.216;98.508
2047;1;El Conquistador;final;1231.955;1809.326;1231.955;369.326;246.275
2048;1;El Conquistador;final;1253.385;1817.493;1253.385;377.493;256.721
2049;1;El Conquistador;final;1379.068;1825.659;1379.068;385.659;291.766
2050;1;El Conquistador;final;1305.233;1833.826;1305.233;393.826;263.251
2050.1;1;El Conquistador;final;1554.316;2677.993;114.316;1237.993;138.066
2051;1;El Conquistador;final;1303.317;1841.993;1303.317;401.993;309.45
2051.1;1;El Conquistador;final;1370.589;2622.095;1370.589;1182.095;101.6
2052;1;El Conquistador;final;1279.868;1850.159;1279.868;410.159;262.823
2053;1;El Conquistador;final;1172.985;1866.493;1172.985;426.493;210.393
2054;1;El Conquistador;final;1407.118;1874.659;1407.118;434.659;307.731
2055;1;El Conquistador;final;1375.985;1882.993;1375.985;442.993;303.092
2055.1;1;El Conquistador;final;1461.652;2790.731;21.652;1350.731;62.78
2056;1;El Conquistador;final;1373.201;1912.993;1373.201;472.993;269.353
2057;1;La Reina;final;953.91;1393.458;953.91;1393.458;301.872
2057.1;1;La Reina;final;1474.593;2362.438;34.593;922.438;190.928
2058;1;La Reina;final;1068.412;1423.458;1068.412;1423.458;313.293
2058.1;1;La Reina;final;1245.896;2482.088;1245.896;1042.088;59.539
2059;1;La Reina;final;1294.146;1749.158;1294.146;309.158;285.525
2060;1;La Reina;final;1214.862;1757.725;1214.862;317.725;284.415
2060.1;1;La Reina;final;1294.63;2618.355;1294.63;1178.355;48.922
2061;1;La Reina;final;1340.347;1766.291;1340.347;326.291;312.232
2061.1;1;La Reina;final;1440.786;2662.477;0.786;1222.477;93.186
2062;1;La Reina;final;1325.702;1774.858;1325.702;334.858;294.374
2062.1;1;La Reina;final;1377.648;2687.016;1377.648;1247.016;67.168
2063;1;La Reina;final;1255.168;1783.458;1255.168;343.458;248.231
2064;1;La Reina;final;1326.562;1790.958;1326.562;350.958;292.276
2064.1;1;La Reina;final;1448.235;2746.657;8.235;1306.657;57.942
2065;1;La Reina;final;536.035;1820.958;536.035;380.958;51.406
2066;1;La Reina;final;558.535;1843.458;558.535;403.458;51.406
2067;1;La Reina;final;566.035;1850.958;566.035;410.958;51.406
2068;1;La Reina;final;573.535;1858.458;573.535;418.458;51.406
2069;1;La Reina;final;581.035;1865.958;581.035;425.958;51.406
2070;1;La Reina;final;1065.487;1426.657;1065.487;1426.657;298.958
2070.1;1;La Reina;final;1212.268;2470.218;1212.268;1030.218;60.43
2071;1;La Reina;final;970.979;1456.657;970.979;16.657;312.154
2071.1;1;La Reina;final;1461.414;2398.855;21.414;958.855;188.096
2072;1;La Reina;final;1180.858;1486.657;1180.858;46.657;311.74
2072.1;1;La Reina;final;1341.069;2587.935;1341.069;1147.935;72.545
2073;1;La Reina;final;532.269;1756.657;532.269;316.657;82.945
2074;1;La Reina;final;1294.795;1766.657;1294.795;326.657;283.133
2075;1;La Reina;final;1369.679;1776.657;1369.679;336.657;288.041
2076;1;La Reina;final;1372.345;1786.657;1372.345;346.657;300.272
2076.1;1;La Reina;final;1461.552;2611.245;21.552;1171.245;131.754
2077;1;La Reina;final;1188.42;1796.657;1188.42;356.657;228.364
2078;1;La Reina;final;551.035;1806.657;551.035;366.657;59.428
2079;1;La Reina;final;1333.585;1816.657;1333.585;376.657;244.413
2080;1;La Reina;final;584.385;1824.823;584.385;384.823;57.942
2081;1;La Reina;final;1365.295;1832.99;1365.295;392.99;271.293
2082;1;La Reina;final;1303.727;1841.157;1303.727;401.157;257.2
2083;1;La Reina;final;1341.512;1849.323;1341.512;409.323;251.635
2084;1;La Reina;final;1469.479;1857.49;29.479;417.49;312.63
2085;1;La Reina;final;1397.835;1865.657;1397.835;425.657;244.413
2086;1;La Reina;final;1266.253;1873.823;1266.253;433.823;226.724
2087;1;La Reina;final;1315.255;1881.99;1315.255;441.99;231.196
2087.1;1;La Reina;final;1533.112;2749.648;93.112;1309.648;102.874
2088;1;La Reina;final;1418.452;1890.157;1418.452;450.157;288.106
2088.1;1;La Reina;final;1500.733;2825.865;60.733;1385.865;55.563
2089;1;La Reina;final;1246.602;1898.323;1246.602;458.323;203.04
2090;1;La Reina;final;1225.548;1906.49;1225.548;466.49;222.898
2091;1;La Reina;final;1439.645;1906.657;1439.645;466.657;309.199
2092;1;La Reina;final;1267.652;1914.157;1267.652;474.157;204.982
2093;1;La Reina;final;1393.495;1929.157;1393.495;489.157;245.183
2094;1;La Reina;final;1289.435;1936.657;1289.435;496.657;203.04
2095;1;La Reina;final;1455.081;1951.657;15.081;511.657;304.316
2095.1;1;La Reina;final;1503.746;2854.891;63.746;1414.891;39.983
2096;1;El Conquistador;intermedia;643.401;679.0;643.401;679.0;297.36
2096;2;El Conquistador;final;1017.118;1406.718;1017.118;1406.718;98.488
2096.1;1;El Conquistador;final;1456.449;2456.532;16.449;1016.532;169.236
2097;1;El Conquistador;final;818.501;1426.718;818.501;1426.718;297.08
2097.1;1;El Conquistador;final;1256.757;2265.366;1256.757;825.366;142.131
2098;1;El Conquistador;final;783.194;1446.718;783.194;6.718;291.375
2098.1;1;El Conquistador;final;1290.455;2188.39;1290.455;748.39;181.364
2099;1;El Conquistador;final;1266.269;1736.718;1266.269;296.718;302.135
2100;1;El Conquistador;final;1167.486;1748.718;1167.486;308.718;292.136
2100.1;1;El Conquistador;final;1283.863;2572.152;1283.863;1132.152;61.138
2101;1;El Conquistador;final;1337.466;1760.718;1337.466;320.718;304.423
2101.1;1;El Conquistador;final;1452.418;2736.001;12.418;1296.001;74.516
2102;1;El Conquistador;final;1290.618;1772.718;1290.618;332.718;286.591
2102.1;1;El Conquistador;final;1390.513;2691.152;1390.513;1251.152;61.138
2103;1;El Conquistador;final;1384.484;1796.718;1384.484;356.718;173.834
2104;1;El Conquistador;final;1310.597;1807.968;1310.597;367.968;279.171
2105;1;El Conquistador;final;1425.383;1819.218;1425.383;379.218;308.213
2105.1;1;El Conquistador;final;1524.813;2832.001;84.813;1392.001;62.616
2106;1;El Conquistador;final;1311.013;1830.468;1311.013;390.468;269.51
2107;1;El Conquistador;final;1390.272;1841.718;1390.272;401.718;298.919
2108;1;El Conquistador;final;1213.349;1852.968;1213.349;412.968;249.832
2109;1;El Conquistador;final;1211.189;1864.218;1211.189;424.218;239.394
2110;1;El Conquistador;final;1490.222;1875.468;50.222;435.468;314.071
2111;1;El Conquistador;final;1259.516;1886.718;1259.516;446.718;243.323
2112;1;El Conquistador;final;1318.234;1896.718;1318.234;456.718;298.141
2112.1;1;El Conquistador;final;1513.811;2701.99;73.811;1261.99;118.202
2113;1;El Conquistador;final;1276.019;1736.718;1276.019;296.718;310.452
2113.1;1;El Conquistador;final;1473.115;2667.798;33.115;1227.798;82.46
2114;1;El Conquistador;final;1361.549;1756.718;1361.549;316.718;289.221
2115;1;El Conquistador;final;1272.509;1776.718;1272.509;336.718;141.8
2116;1;El Conquistador;final;1073.04;1796.718;1073.04;356.718;285.027
2116.1;1;El Conquistador;final;1508.393;2464.861;68.393;1024.861;206.667
2117;1;El Conquistador;final;1278.829;1801.452;1278.829;361.452;299.866
2118;1;El Conquistador;final;1330.612;1806.185;1330.612;366.185;308.819
2118.1;1;El Conquistador;final;1504.796;2732.734;64.796;1292.734;96.283
2119;1;El Conquistador;final;1167.051;1810.918;1167.051;370.918;266.089
2119.1;1;El Conquistador;final;1320.393;2588.699;1320.393;1148.699;66.965
2120;1;El Conquistador;final;1393.973;1815.652;1393.973;375.652;296.493
2121;1;El Conquistador;final;1380.362;1820.385;1380.362;380.385;278.248
2121.1;1;El Conquistador;final;1495.651;2784.134;55.651;1344.134;74.739
2122;1;El Conquistador;final;1358.607;1829.852;1358.607;389.852;294.88
2123;1;El Conquistador;final;1165.817;1834.585;1165.817;394.585;277.186
2123.1;1;El Conquistador;final;1518.417;2577.902;78.417;1137.902;210.327
2124;1;El Conquistador;final;1187.412;1839.318;1187.412;399.318;311.307
2125;1;El Conquistador;final;1219.317;1844.052;1219.317;404.052;311.622
2125.1;1;El Conquistador;final;1346.801;2549.495;1346.801;1109.495;122.749
2126;1;El Conquistador;final;1220.745;1848.785;1220.745;408.785;311.307
2127;1;El Conquistador;final;493.044;1853.518;493.044;413.518;32.865
2128;1;El Conquistador;final;497.778;1858.252;497.778;418.252;32.865
2129;1;El Conquistador;final;502.511;1862.985;502.511;422.985;32.865
2130;1;El Conquistador;final;1389.971;1867.718;1389.971;427.718;303.781
2131;1;El Conquistador;final;1244.312;1881.918;1244.312;441.918;230.631
2132;1;El Conquistador;final;741.7;1380.152;741.7;1380.152;308.359
2132.1;1;El Conquistador;final;1339.521;2135.933;1339.521;695.933;207.746
2133;1;El Conquistador;final;722.462;1410.152;722.462;1410.152;297.684
2133.1;1;El Conquistador;final;1256.759;2087.881;1256.759;647.881;182.85
2134;1;El Conquistador;final;708.968;1440.152;708.968;0.152;282.629
2134.1;1;El Conquistador;final;1180.671;2122.776;1180.671;682.776;170.801
2135;1;El Conquistador;final;1196.209;1710.152;1196.209;270.152;269.096
2135.1;1;El Conquistador;final;1514.706;2589.951;74.706;1149.951;157.036
2136;1;El Conquistador;final;1286.479;1714.752;1286.479;274.752;297.684
2136.1;1;El Conquistador;final;1359.068;2602.714;1359.068;1162.714;82.356
2137;1;El Conquistador;final;1236.079;1719.352;1236.079;279.352;287.228
2138;1;El Conquistador;final;1269.568;1723.952;1269.568;283.952;270.558
2139;1;El Conquistador;final;1255.835;1728.552;1255.835;288.552;282.629
2140;1;El Conquistador;final;1314.55;1737.752;1314.55;297.752;284.217
2141;1;El Conquistador;final;1177.538;1742.352;1177.538;302.352;252.35
2142;1;El Conquistador;final;1291.75;1746.952;1291.75;306.952;288.557
2142.1;1;El Conquistador;final;1416.205;2597.933;1416.205;1157.933;108.1
2143;1;El Conquistador;final;1251.459;1751.552;1251.459;311.552;302.709
2144;1;El Conquistador;final;1325.95;1756.152;1325.95;316.152;296.288
2144.1;1;El Conquistador;final;1535.685;2631.861;95.685;1191.861;158.286
2145;1;El Conquistador;final;1316.446;1760.752;1316.446;320.752;293.559
2146;1;El Conquistador;final;1322.979;1765.352;1322.979;325.352;288.778
2147;1;El Conquistador;final;1303.746;1769.952;1303.746;329.952;297.684
2147.1;1;El Conquistador;final;1388.791;2610.731;1388.791;1170.731;93.458
2148;1;El Conquistador;final;1257.659;1770.152;1257.659;330.152;268.501
2149;1;El Conquistador;final;1440.191;1774.435;0.191;334.435;314.629
2149.1;1;El Conquistador;final;1584.212;2822.61;144.212;1382.61;94.222
2150;1;El Conquistador;final;1259.971;1778.719;1259.971;338.719;240.279
2151;1;El Conquistador;final;1441.617;1783.002;1.617;343.002;311.77
2151.1;1;El Conquistador;final;1482.546;2772.498;42.546;1332.498;73.102
2152;1;El Conquistador;final;1298.106;1787.285;1298.106;347.285;267.582
2152.1;1;El Conquistador;final;1527.635;2704.53;87.635;1264.53;111.291
2153;1;El Conquistador;final;1243.868;1791.569;1243.868;351.569;272.283
2154;1;El Conquistador;final;1334.75;1795.852;1334.75;355.852;298.012
2155;1;El Conquistador;final;1277.071;1800.135;1277.071;360.135;252.35
2156;1;El Conquistador;final;1327.734;1804.419;1327.734;364.419;295.851
2157;1;El Conquistador;final;1311.533;1808.702;1311.533;368.702;298.012
2158;1;El Conquistador;final;1425.909;1812.985;1425.909;372.985;311.072
2158.1;1;El Conquistador;final;1446.099;2823.284;6.099;1383.284;28.702
2159;1;El Conquistador;final;1347.434;1817.269;1347.434;377.269;294.949
2160;1;El Conquistador;final;1393.133;1821.552;1393.133;381.552;291.722
2161;1;El Conquistador;final;1204.671;1830.119;1204.671;390.119;242.004
2162;1;El Conquistador;final;1266.825;1838.685;1266.825;398.685;222.714
2163;1;El Conquistador;final;1268.425;1851.535;1268.425;411.535;227.054
2164;1;El Conquistador;final;1335.835;1855.819;1335.835;415.819;272.283
2164.1;1;El Conquistador;final;1515.002;2732.776;75.002;1292.776;111.78
2165;1;El Conquistador;final;1504.701;1860.152;64.701;420.152;309.945
2166;1;El Conquistador;final;1284.671;1887.819;1284.671;447.819;242.004
2167;1;El Conquistador;final;1318.241;1908.569;1318.241;468.569;234.785
2168;1;El Conquistador;final;1164.721;1367.933;1164.721;1367.933;312.336
2169;1;El Conquistador;final;763.205;1387.933;763.205;1387.933;297.046
2169.1;1;El Conquistador;final;1251.8;2108.902;1251.8;668.902;198.366
2170;1;El Conquistador;final;943.105;1407.933;943.105;1407.933;307.393
2170.1;1;El Conquistador;final;1228.671;2273.052;1228.671;833.052;142.357
2171;1;El Conquistador;final;784.475;1427.933;784.475;1427.933;279.372
2171.1;1;El Conquistador;final;1322.77;2236.61;1322.77;796.61;180.957
2172;1;El Conquistador;final;930.659;1457.933;930.659;17.933;297.133
2172.1;1;El Conquistador;final;1280.509;2353.875;1280.509;913.875;123.895
2173;1;El Conquistador;final;1349.725;1783.633;1349.725;343.633;285.262
2174;1;El Conquistador;final;1255.925;1796.483;1255.925;356.483;279.481
2174.1;1;El Conquistador;final;1457.408;2636.61;17.408;1196.61;117.348
2175;1;La Reina;final;743.733;1467.154;743.733;27.154;290.623
2175.1;1;La Reina;final;1421.35;2175.353;1421.35;735.353;264.987
2175.2;1;La Reina;final;1575.812;2800.353;135.812;1360.353;106.986
2176;1;La Reina;final;1180.893;1737.154;1180.893;297.154;277.687
2176.1;1;La Reina;final;1280.89;2582.738;1280.89;1142.738;61.429
2177;1;La Reina;final;1295.846;1747.154;1295.846;307.154;199.087
2178;1;La Reina;final;1358.363;1757.154;1358.363;317.154;241.894
2179;1;La Reina;final;1264.58;1767.154;1264.58;327.154;199.087
2180;1;La Reina;final;1294.58;1777.154;1294.58;337.154;199.087
2181;1;La Reina;final;1304.58;1787.154;1304.58;347.154;199.087
2182;1;La Reina;final;1354.58;1797.154;1354.58;357.154;199.087
2183;1;La Reina;final;1249.763;1806.154;1249.763;366.154;156.279
2184;1;La Reina;final;1258.98;1815.154;1258.98;375.154;156.279
2185;1;La Reina;final;1268.196;1824.154;1268.196;384.154;156.279
2186;1;La Reina;final;1277.413;1833.154;1277.413;393.154;156.279
2187;1;La Reina;final;1388.363;1842.154;1388.363;402.154;199.087
2188;1;El Conquistador;final;958.058;1466.61;958.058;26.61;302.955
2188.1;1;El Conquistador;final;1332.021;2379.243;1332.021;939.243;133.298
2189;1;El Conquistador;final;1212.671;1736.577;1212.671;296.577;311.898
2189.1;1;El Conquistador;final;1474.796;2540.152;34.796;1100.152;161.458
2190;1;El Conquistador;final;1231.175;1736.61;1231.175;296.61;288.275
2191;1;El Conquistador;final;1297.883;1741.61;1297.883;301.61;276.882
2192;1;El Conquistador;final;1312.791;1746.61;1312.791;306.61;297.28
2192.1;1;El Conquistador;final;1473.462;2696.61;33.462;1256.61;94.222
2193;1;El Conquistador;final;1305.576;1751.61;1305.576;311.61;293.875
2194;1;El Conquistador;final;1354.152;1756.61;1354.152;316.61;312.781
2195;1;El Conquistador;final;1123.219;1761.61;1123.219;321.61;264.007
2195.1;1;El Conquistador;final;1357.973;2522.638;1357.973;1082.638;141.622
2196;1;El Conquistador;final;1188.425;1766.61;1188.425;326.61;256.714
2196.1;1;El Conquistador;final;1526.03;2571.11;86.03;1131.11;165.43
2197;1;El Conquistador;final;1335.291;1771.61;1335.291;331.61;297.28
2197.1;1;El Conquistador;final;1545.225;2726.61;105.225;1286.61;115.733
2198;1;El Conquistador;final;1163.905;1776.61;1163.905;336.61;232.944
2199;1;El Conquistador;final;1297.45;1781.61;1297.45;341.61;264.811
2200;1;El Conquistador;final;1228.425;1786.61;1228.425;346.61;254.143
2200.1;1;El Conquistador;final;1391.746;2612.61;1391.746;1172.61;91.057
2201;1;El Conquistador;final;1327.605;1791.61;1327.605;351.61;290.958
2202;1;El Conquistador;final;1374.941;1796.61;1374.941;356.61;297.929
2203;1;El Conquistador;final;1421.226;1800.36;1421.226;360.36;311.902
2204;1;El Conquistador;final;1314.217;1804.11;1314.217;364.11;276.882
2205;1;El Conquistador;final;1359.533;1807.86;1359.533;367.86;276.882
2205.1;1;El Conquistador;final;1549.268;2675.033;109.268;1235.033;138.379
2206;1;El Conquistador;final;1305.835;1811.61;1305.835;371.61;263.224
2206.1;1;El Conquistador;final;1571.533;2707.026;131.533;1267.026;137.509
2207;1;El Conquistador;final;1411.584;1815.36;1411.584;375.36;294.1
2208;1;El Conquistador;final;1346.395;1819.11;1346.395;379.11;309.918
2208.1;1;El Conquistador;final;1501.462;2673.626;61.462;1233.626;122.406
2209;1;El Conquistador;final;1348.809;1822.86;1348.809;382.86;291.666
2210;1;El Conquistador;final;1201.035;1830.36;1201.035;390.36;252.878
2211;1;El Conquistador;final;1473.242;1834.11;33.242;394.11;314.262
2212;1;El Conquistador;final;1354.521;1837.86;1354.521;397.86;311.898
2212.1;1;El Conquistador;final;1596.171;2685.152;156.171;1245.152;152.703
2213;1;El Conquistador;final;1259.521;1841.61;1259.521;401.61;269.271
2213.1;1;El Conquistador;final;1512.171;2586.152;72.171;1146.152;152.703
2214;1;El Conquistador;final;1284.773;1852.86;1284.773;412.86;245.452
2214.1;1;El Conquistador;final;1450.552;2688.28;10.552;1248.28;89.054
2215;1;El Conquistador;final;1288.471;1860.36;1288.471;420.36;220.873
2216;1;El Conquistador;final;1491.471;1864.11;51.471;424.11;310.174
2217;1;El Conquistador;final;1352.129;1871.61;1352.129;431.61;281.792
2218;1;El Conquistador;final;1405.088;1879.11;1405.088;439.11;311.898
2218.1;1;El Conquistador;final;1463.602;2734.419;23.602;1294.419;83.336
2219;1;El Conquistador;final;1196.671;1882.86;1196.671;442.86;222.598
2220;1;El Conquistador;final;1447.025;1886.61;7.025;446.61;295.664
2221;1;El Conquistador;final;1261.375;1909.11;1261.375;469.11;203.308
2222;1;El Conquistador;final;1269.434;1785.6;1269.434;345.6;258.53
2223;1;El Conquistador;final;1274.434;1792.517;1274.434;352.517;258.53
2224;1;El Conquistador;final;1293.041;1813.267;1293.041;373.267;270.026
2225;1;La Reina;final;1317.756;1807.893;1317.756;367.893;309.852
2226;1;La Reina;final;1422.496;1816.06;1422.496;376.06;269.129
2227;1;La Reina;final;1237.123;1824.226;1237.123;384.226;308.9
2227.1;1;La Reina;final;1468.259;2640.427;28.259;1200.427;137.674
2228;1;La Reina;final;1277.436;1832.393;1277.436;392.393;275.566
2228.1;1;La Reina;final;1547.6;2670.983;107.6;1230.983;134.308
2229;1;La Reina;final;1182.506;1840.56;1182.506;400.56;266.715
2230;1;La Reina;final;1505.048;1848.726;65.048;408.726;307.286
2231;1;La Reina;final;1385.973;1865.06;1385.973;425.06;225.697
2232;1;La Reina;final;1353.471;1873.226;1353.471;433.226;267.805
2233;1;La Reina;final;1203.768;1889.56;1203.768;449.56;196.955
2234;1;La Reina;final;1146.426;1897.726;1146.426;457.726;131.444
2235;1;La Reina;final;1412.848;1897.893;1412.848;457.893;298.925
2235.1;1;La Reina;final;1515.648;2796.31;75.648;1356.31;70.748
2236;1;La Reina;final;1174.076;2463.193;1174.076;1023.193;55.703
2237;1;La Reina;final;1368.723;2481.626;1368.723;1041.626;135.847
2238;1;La Reina;final;1444.593;2527.893;4.593;1087.893;137.366
2239;1;El Conquistador;final;928.058;1408.548;928.058;1408.548;301.787
2239.1;1;El Conquistador;final;1265.576;2356.61;1265.576;916.61;120.274
2240;1;El Conquistador;final;786.125;1438.548;786.125;1438.548;292.223
2240.1;1;El Conquistador;final;1388.379;2239.11;1388.379;799.11;181.797
2241;1;El Conquistador;final;1271.951;1738.548;1271.951;298.548;280.623
2241.1;1;El Conquistador;final;1547.139;2665.121;107.139;1225.121;169.208
2242;1;El Conquistador;final;1257.495;1743.998;1257.495;303.998;284.324
2243;1;El Conquistador;final;1282.851;1749.448;1282.851;309.448;291.116
2244;1;El Conquistador;final;1271.559;1754.898;1271.559;314.898;255.827
2245;1;El Conquistador;final;1338.825;1760.348;1338.825;320.348;284.735
2245.1;1;El Conquistador;final;1548.646;2728.498;108.646;1288.498;110.697
2246;1;El Conquistador;final;1358.426;1771.248;1358.426;331.248;297.141
2246.1;1;El Conquistador;final;1422.825;2775.875;1422.825;1335.875;38.205
2247;1;El Conquistador;final;1377.122;1776.698;1377.122;336.698;296.342
2247.1;1;El Conquistador;final;1447.403;2799.262;7.403;1359.262;39.287
2248;1;El Conquistador;final;1346.23;1782.148;1346.23;342.148;286.721
2249;1;El Conquistador;final;1332.896;1793.048;1332.896;353.048;278.721
2249.1;1;El Conquistador;final;1468.197;2717.213;28.197;1277.213;82.337
2250;1;El Conquistador;final;1380.688;1798.498;1380.688;358.498;306.836
2251;1;El Conquistador;final;1395.212;1798.548;1395.212;358.548;301.923
2252;1;El Conquistador;final;1405.207;1802.832;1405.207;362.832;307.388
2252.1;1;El Conquistador;final;1441.003;2781.443;1.003;1341.443;44.969
2253;1;El Conquistador;final;1352.896;1811.398;1352.896;371.398;273.213
2254;1;El Conquistador;final;1302.77;1824.248;1302.77;384.248;253.729
2255;1;El Conquistador;final;1401.641;1828.532;1401.641;388.532;295.392
2255.1;1;El Conquistador;final;1535.85;2786.61;95.85;1346.61;89.66
2256;1;El Conquistador;final;1400.984;1837.098;1400.984;397.098;291.311
2256.1;1;El Conquistador;final;1515.503;2792.638;75.503;1352.638;99.492
2257;1;El Conquistador;final;1342.77;1854.232;1342.77;414.232;256.222
2258;1;El Conquistador;final;1168.146;1862.798;1168.146;422.798;191.955
2259;1;El Conquistador;final;1263.141;1918.548;1263.141;478.548;200.752
2260;1;El Conquistador;final;710.83;1375.233;710.83;1375.233;312.114
2260.1;1;El Conquistador;final;1259.434;2125.233;1259.434;685.233;171.538
2261;1;El Conquistador;final;733.33;1405.233;733.33;1405.233;312.114
2261.1;1;El Conquistador;final;1254.792;2141.566;1254.792;701.566;161.929
2262;1;El Conquistador;final;645.175;1435.233;645.175;1435.233;265.86
2262.1;1;El Conquistador;final;1175.959;2066.61;1175.959;626.61;158.95
2263;1;El Conquistador;final;515.593;1735.233;515.593;295.233;88.949
2264;1;El Conquistador;final;1346.031;1745.233;1346.031;305.233;306.242
2264.1;1;El Conquistador;final;1393.785;2751.903;1393.785;1311.903;40.563
2265;1;El Conquistador;final;1218.746;1755.233;1218.746;315.233;241.215
2266;1;El Conquistador;final;1284.325;1765.233;1284.325;325.233;262.416
2266.1;1;El Conquistador;final;1497.408;2666.61;57.408;1226.61;120.514
2267;1;El Conquistador;final;1232.546;1770.516;1232.546;330.516;250.894
2268;1;El Conquistador;final;1521.296;1775.799;81.296;335.799;268.982
2269;1;El Conquistador;final;1254.434;1781.083;1254.434;341.083;252.796
2270;1;El Conquistador;final;1375.119;1786.366;1375.119;346.366;297.944
2270.1;1;El Conquistador;final;1500.197;2762.729;60.197;1322.729;82.337
2271;1;El Conquistador;final;1536.493;1791.649;96.493;351.649;273.428
2272;1;El Conquistador;final;1366.048;1796.933;1366.048;356.933;281.49
2273;1;El Conquistador;final;1350.417;1802.216;1350.417;362.216;290.73
2274;1;El Conquistador;final;1466.706;1807.499;26.706;367.499;235.723
2275;1;El Conquistador;final;1260.291;1812.783;1260.291;372.783;268.99
2276;1;El Conquistador;final;1264.746;1818.066;1264.746;378.066;250.894
2277;1;El Conquistador;final;1342.791;1855.233;1342.791;415.233;266.564
2277.1;1;El Conquistador;final;1526.692;2728.548;86.692;1288.548;102.99
2278;1;El Conquistador;final;1248.547;1900.233;1248.547;460.233;225.348
2279;1;El Conquistador;final;1192.273;1748.28;1192.273;308.28;289.301
2280;1;El Conquistador;final;1066.109;1756.847;1066.109;316.847;259.955
2280.1;1;El Conquistador;final;1536.212;2468.684;96.212;1028.684;188.462
2281;1;El Conquistador;final;1223.149;1765.413;1223.149;325.413;229.813
2282;1;El Conquistador;final;1261.017;1773.98;1261.017;333.98;298.62
2282.1;1;El Conquistador;final;1356.041;2566.133;1356.041;1126.133;90.535
2283;1;El Conquistador;final;1124.714;1782.547;1124.714;342.547;242.29
2284;1;El Conquistador;final;1185.885;1791.113;1185.885;351.113;243.002
2285;1;El Conquistador;final;1227.062;1799.68;1227.062;359.68;288.96
2285.1;1;El Conquistador;final;1560.171;2531.214;120.171;1091.214;198.139
2286;1;El Conquistador;final;1248.301;1808.247;1248.301;368.247;311.71
2287;1;El Conquistador;final;1283.903;1808.28;1283.903;368.28;258.785
2288;1;El Conquistador;final;1152.018;1813.563;1152.018;373.563;207.793
2289;1;El Conquistador;final;1439.545;1818.847;1439.545;378.847;294.981
2289.1;1;El Conquistador;final;1481.467;2813.216;41.467;1373.216;57.759
2290;1;El Conquistador;final;1366.584;1824.13;1366.584;384.13;213.445
2291;1;El Conquistador;final;1155.885;1829.413;1155.885;389.413;201.262
2292;1;El Conquistador;final;1339.417;1834.697;1339.417;394.697;273.239
2293;1;El Conquistador;final;495.797;1839.98;495.797;399.98;38.835
2294;1;El Conquistador;final;1141.603;1845.263;1141.603;405.263;258.178
2294.1;1;El Conquistador;final;1291.986;2539.771;1291.986;1099.771;99.492
2295;1;El Conquistador;final;1287.62;1850.547;1287.62;410.547;259.316
2296;1;El Conquistador;final;1215.309;1855.83;1215.309;415.83;256.822
2297;1;El Conquistador;final;1263.62;1861.113;1263.62;421.113;246.31
2298;1;El Conquistador;final;1363.265;1866.397;1363.265;426.397;251.676
2299;1;El Conquistador;final;1215.885;1871.68;1215.885;431.68;194.578
2300;1;El Conquistador;final;1294.417;1876.963;1294.417;436.963;288.184
2300.1;1;El Conquistador;final;1550.388;2706.067;110.388;1266.067;148.033
2301;1;El Conquistador;final;1495.919;1887.53;55.919;447.53;299.316
2302;1;El Conquistador;final;1280.582;1892.813;1280.582;452.813;224.111
2303;1;El Conquistador;final;1258.782;1898.28;1258.782;458.28;213.451
2304;1;El Conquistador;final;1367.251;1905.197;1367.251;465.197;237.144
2305;1;El Conquistador;final;1390.249;1919.03;1390.249;479.03;257.682
2306;1;El Conquistador;final;1341.118;1925.947;1341.118;485.947;239.487
2307;1;El Conquistador;final;1303.265;1939.78;1303.265;499.78;213.451
2308;1;El Conquistador;final;1419.068;1974.363;1419.068;534.363;201.262
2309;1;El Conquistador;final;1514.194;1988.28;74.194;548.28;260.814
2310;1;El Conquistador;final;1275.238;1418.569;1275.238;1418.569;308.598
2311;1;El Conquistador;final;922.463;1448.569;922.463;8.569;298.761
2311.1;1;El Conquistador;final;1297.53;2305.233;1297.53;865.233;146.583
2312;1;El Conquistador;final;1404.271;1898.569;1404.271;458.569;269.871
2313;1;El Conquistador;final;1244.421;1805.061;1244.421;365.061;267.457
2313.1;1;El Conquistador;final;1450.022;2619.271;10.022;1179.271;124.028
2314;1;El Conquistador;final;1297.495;1811.478;1297.495;371.478;255.861
2315;1;El Conquistador;final;1262.421;1817.895;1262.421;377.895;264.923
2315.1;1;El Conquistador;final;1388.06;2644.271;1388.06;1204.271;86.832
2316;1;El Conquistador;final;1312.628;1824.311;1312.628;384.311;240.292
2317;1;El Conquistador;final;1357.702;1830.728;1357.702;390.728;290.555
2318;1;El Conquistador;final;496.531;1849.978;496.531;409.978;35.582
2319;1;El Conquistador;final;1163.035;1856.395;1163.035;416.395;204.54
2320;1;El Conquistador;final;509.364;1862.811;509.364;422.811;35.582
2321;1;El Conquistador;final;1281.603;1869.228;1281.603;429.228;288.156
2322;1;El Conquistador;final;1299.62;1875.645;1299.62;435.645;255.418
2323;1;El Conquistador;final;1155.985;1882.061;1155.985;442.061;148.761
2324;1;El Conquistador;final;1353.201;1894.895;1353.201;454.895;253.206
2325;1;El Conquistador;final;1293.201;1895.061;1293.201;455.061;197.427
2326;1;El Conquistador;final;1412.749;1917.561;1412.749;477.561;271.221
2326.1;1;El Conquistador;final;1563.071;2794.993;123.071;1354.993;98.0
2327;1;La Reina;final;1145.643;1751.016;1145.643;311.016;245.995
2328;1;La Reina;final;1289.56;1763.016;1289.56;323.016;291.831
2329;1;La Reina;final;1325.583;1807.016;1325.583;367.016;299.564
2330;1;La Reina;final;1344.41;1822.016;1344.41;382.016;310.978
2331;1;La Reina;final;1304.633;1827.016;1304.633;387.016;274.114
2332;1;La Reina;final;1178.143;1832.016;1178.143;392.016;228.775
2333;1;La Reina;final;1423.838;1837.016;1423.838;397.016;298.298
2334;1;La Reina;final;1244.069;1847.016;1244.069;407.016;261.945
2335;1;La Reina;final;569.698;1852.016;569.698;412.016;67.168
2336;1;La Reina;final;1348.027;1867.016;1348.027;427.016;277.045
2337;1;La Reina;final;1187.502;1400.314;1187.502;1400.314;303.227
2337.1;1;La Reina;final;1536.288;2585.708;96.288;1145.708;164.142
2338;1;La Reina;final;1163.227;1420.314;1163.227;1420.314;279.772
2338.1;1;La Reina;final;1508.567;2564.304;68.567;1124.304;178.208
2339;1;La Reina;final;1126.054;1440.314;1126.054;0.314;305.444
2339.1;1;La Reina;final;1310.34;2517.777;1310.34;1077.777;102.769
2340;1;La Reina;final;1218.348;1730.314;1218.348;290.314;280.02
2340.1;1;La Reina;final;1352.866;2603.443;1352.866;1163.443;81.23
2341;1;La Reina;final;514.698;1750.314;514.698;310.314;90.108
2342;1;La Reina;final;1160.093;1835.314;1160.093;395.314;255.181
2343;1;La Reina;final;1217.436;1846.564;1217.436;406.564;288.683
2343.1;1;La Reina;final;1289.273;2613.514;1289.273;1173.514;62.243
2344;1;El Conquistador;final;495.534;1662.731;495.534;222.731;97.344
2345;1;El Conquistador;final;397.017;1752.731;397.017;312.731;45.46
2346;1;El Conquistador;final;1199.22;1758.731;1199.22;318.731;180.371
2347;1;El Conquistador;final;409.017;1764.731;409.017;324.731;45.46
2348;1;El Conquistador;final;1127.942;1770.731;1127.942;330.731;213.451
2349;1;El Conquistador;final;421.017;1776.731;421.017;336.731;45.46
2350;1;El Conquistador;final;540.801;1782.731;540.801;342.731;95.216
2351;1;El Conquistador;final;433.017;1788.731;433.017;348.731;45.46
2352;1;El Conquistador;final;1180.008;1794.731;1180.008;354.731;213.451
2353;1;El Conquistador;final;1181.942;1806.731;1181.942;366.731;211.323
2354;1;El Conquistador;final;470.217;1812.731;470.217;372.731;45.46
2355;1;El Conquistador;final;476.634;1819.148;476.634;379.148;45.46
2356;1;El Conquistador;final;483.051;1825.564;483.051;385.564;45.46
2357;1;El Conquistador;final;1252.008;1831.981;1252.008;391.981;210.943
2358;1;El Conquistador;final;495.884;1838.398;495.884;398.398;45.46
2359;1;El Conquistador;final;1318.522;1844.814;1318.522;404.814;218.578
2360;1;El Conquistador;final;508.717;1851.231;508.717;411.231;45.46
2361;1;El Conquistador;final;515.134;1857.648;515.134;417.648;45.46
2362;1;El Conquistador;final;1121.942;1864.064;1121.942;424.064;161.567
2363;1;El Conquistador;final;527.967;1870.481;527.967;430.481;45.46
2364;1;El Conquistador;final;534.384;1876.898;534.384;436.898;45.46
2365;1;El Conquistador;final;547.217;1889.731;547.217;449.731;45.46
2366;1;El Conquistador;final;1151.942;1896.148;1151.942;456.148;161.567
2367;1;El Conquistador;final;1169.942;1902.564;1169.942;462.564;161.567
2368;1;El Conquistador;final;1294.008;1902.731;1294.008;462.731;210.943
2369;1;El Conquistador;final;1192.008;1917.731;1192.008;477.731;161.567
2370;1;El Conquistador;final;1210.008;1925.231;1210.008;485.231;161.567
2371;1;El Conquistador;final;1335.202;1932.731;1335.202;492.731;211.667
2372;1;El Conquistador;final;1326.022;1955.231;1326.022;515.231;182.552
2373;1;El Conquistador;final;1303.522;1970.231;1303.522;530.231;182.552
2374;1;El Conquistador;final;1282.008;1985.231;1282.008;545.231;161.187
2375;1;El Conquistador;final;1262.561;2026.998;1262.561;586.998;174.433
2376;1;El Conquistador;final;1163.942;2044.131;1163.942;604.131;111.811
2377;1;El Conquistador;final;1494.604;2069.831;54.604;629.831;311.185
2378;1;El Conquistador;final;1204.008;2121.231;1204.008;681.231;111.811
2379;1;El Conquistador;final;1222.008;2146.931;1222.008;706.931;111.811
2380;1;El Conquistador;final;1228.301;2172.631;1228.301;732.631;112.687
2381;1;El Conquistador;final;1221.635;2172.731;1221.635;732.731;113.746
2382;1;El Conquistador;final;1404.901;2212.731;1404.901;772.731;168.467
2383;1;El Conquistador;final;445.017;1405.649;445.017;1405.649;128.772
2384;1;El Conquistador;final;1051.769;1435.649;1051.769;1435.649;247.732
2384.1;1;El Conquistador;final;1350.688;2468.28;1350.688;1028.28;100.998
2385;1;El Conquistador;final;398.567;1745.061;398.567;305.061;47.635
2386;1;El Conquistador;final;410.567;1757.061;410.567;317.061;47.635
2387;1;El Conquistador;final;422.567;1769.061;422.567;329.061;47.635
2388;1;El Conquistador;final;434.567;1781.061;434.567;341.061;47.635
2389;1;El Conquistador;final;446.567;1793.061;446.567;353.061;47.635
2390;1;El Conquistador;final;471.034;1805.061;471.034;365.061;47.635
2391;1;El Conquistador;final;487.367;1821.395;487.367;381.395;47.635
2392;1;El Conquistador;final;1270.008;1837.728;1270.008;397.728;213.118
2393;1;El Conquistador;final;511.867;1845.895;511.867;405.895;47.635
2394;1;El Conquistador;final;520.034;1854.061;520.034;414.061;47.635
2395;1;El Conquistador;final;528.201;1862.228;528.201;422.228;47.635
2396;1;El Conquistador;final;1145.942;1886.728;1145.942;446.728;163.742
2397;1;El Conquistador;final;1297.702;1894.895;1297.702;454.895;213.842
2398;1;El Conquistador;final;1264.008;1955.061;1264.008;515.061;163.362
2399;1;La Reina;final;1167.436;1763.488;1167.436;323.488;275.48
2399.1;1;La Reina;final;1313.85;2560.983;1313.85;1120.983;73.617
2400;1;La Reina;final;1342.717;1799.488;1342.717;359.488;271.148
2400.1;1;La Reina;final;1453.367;2730.983;13.367;1290.983;73.617
2401;1;La Reina;final;1269.177;1805.904;1269.177;365.904;276.583
2402;1;La Reina;final;1287.393;1818.738;1287.393;378.738;245.52
2403;1;La Reina;final;1414.626;1825.154;1414.626;385.154;295.482
2403.1;1;La Reina;final;1471.715;2761.707;31.715;1321.707;71.843
2404;1;La Reina;final;1387.243;1831.571;1387.243;391.571;303.996
2404.1;1;La Reina;final;1501.784;2788.838;61.784;1348.838;68.871
2405;1;La Reina;final;519.021;1837.988;519.021;397.988;50.192
2406;1;La Reina;final;1124.168;1844.404;1124.168;404.404;194.427
2407;1;La Reina;final;1247.327;1850.821;1247.327;410.821;234.887
2408;1;La Reina;final;544.688;1863.654;544.688;423.654;50.192
2409;1;La Reina;final;557.521;1876.488;557.521;436.488;50.192
2410;1;La Reina;final;570.355;1889.321;570.355;449.321;50.192
2411;1;La Reina;final;567.521;1889.488;567.521;449.488;50.192
2412;1;La Reina;final;1453.752;1910.238;13.752;470.238;309.284
2413;1;La Reina;final;1174.76;2459.488;1174.76;1019.488;58.67
2414;1;La Reina;final;1290.106;2471.488;1290.106;1031.488;101.849
2415;1;La Reina;final;1271.673;1730.068;1271.673;290.068;307.754
2415.1;1;La Reina;final;1285.21;2614.769;1285.21;1174.769;63.717
2416;1;La Reina;final;1345.143;1760.068;1345.143;320.068;294.901
2417;1;La Reina;final;1183.329;1835.068;1183.329;395.068;210.995
2418;1;La Reina;final;1186.1;1846.318;1186.1;406.318;215.931
2419;1;El Conquistador;final;811.335;1402.993;811.335;1402.993;268.943
2419.1;1;El Conquistador;final;1588.583;2258.499;148.583;818.499;266.468
2420;1;El Conquistador;final;608.006;1432.993;608.006;1432.993;252.684
2420.1;1;El Conquistador;final;1133.727;2027.604;1133.727;587.604;225.156
2421;1;El Conquistador;final;946.138;1462.993;946.138;22.993;310.759
2421.1;1;El Conquistador;final;1291.317;2294.514;1291.317;854.514;170.54
2422;1;El Conquistador;final;1330.44;1742.993;1330.44;302.993;284.095
2423;1;El Conquistador;final;1307.251;1752.993;1307.251;312.993;259.749
2424;1;El Conquistador;final;1233.657;1772.993;1233.657;332.993;271.261
2424.1;1;El Conquistador;final;1391.94;2653.635;1391.94;1213.635;73.731
2425;1;El Conquistador;final;1201.635;1782.993;1201.635;342.993;210.653
2426;1;El Conquistador;final;1377.901;1792.993;1377.901;352.993;272.963
2427;1;El Conquistador;final;1330.788;1802.993;1330.788;362.993;287.836
2428;1;El Conquistador;final;1344.779;1812.993;1344.779;372.993;284.358
2429;1;El Conquistador;final;1191.885;1822.993;1191.885;382.993;233.316
2430;1;El Conquistador;final;1307.517;1842.993;1307.517;402.993;221.54
2431;1;El Conquistador;final;1472.433;1892.993;32.433;452.993;304.979
2432;1;El Conquistador;final;1370.633;1922.993;1370.633;482.993;259.917
2432.1;1;El Conquistador;final;1510.6;2749.943;70.6;1309.943;97.686
2433;1;El Conquistador;final;813.383;1373.455;813.383;1373.455;288.957
2433.1;1;El Conquistador;final;1346.535;2242.943;1346.535;802.943;168.665
2434;1;El Conquistador;intermedia;766.707;790.0;766.707;790.0;300.728
2434;2;El Conquistador;final;905.836;1403.455;905.836;1403.455;45.601
2434.1;1;El Conquistador;final;1397.619;2320.909;1397.619;880.909;179.185
2435;1;El Conquistador;final;1154.904;1433.455;1154.904;1433.455;306.395
2435.1;1;El Conquistador;final;1381.196;2540.348;1381.196;1100.348;110.697
2436;1;El Conquistador;final;1226.082;1718.455;1226.082;278.455;287.096
2436.1;1;El Conquistador;final;1355.616;2543.455;1355.616;1103.455;99.121
2437;1;El Conquistador;final;1148.935;1733.455;1148.935;293.455;239.71
2438;1;El Conquistador;final;1216.716;1748.455;1216.716;308.455;266.034
2438.1;1;El Conquistador;final;1397.455;2592.993;1397.455;1152.993;98.0
2439;1;El Conquistador;final;1344.121;1763.455;1344.121;323.455;313.543
2440;1;El Conquistador;final;1316.917;1773.455;1316.917;333.455;308.659
2440.1;1;El Conquistador;final;1420.226;2739.902;1420.226;1299.902;69.28
2441;1;El Conquistador;final;1170.955;1783.455;1170.955;343.455;248.892
2442;1;El Conquistador;final;1327.033;1793.455;1327.033;353.455;288.957
2442.1;1;El Conquistador;final;1582.6;2707.993;142.6;1267.993;142.39
2443;1;El Conquistador;final;1275.688;1803.455;1275.688;363.455;278.666
2444;1;El Conquistador;final;1294.333;1813.455;1294.333;373.455;266.034
2445;1;El Conquistador;final;1312.988;1823.455;1312.988;383.455;271.815
2446;1;El Conquistador;final;1381.052;1833.455;1381.052;393.455;301.766
2446.1;1;El Conquistador;final;1421.305;2692.714;1421.305;1252.714;78.593
2447;1;El Conquistador;final;1381.857;1843.455;1381.857;403.455;298.523
2447.1;1;El Conquistador;final;1513.301;2798.699;73.301;1358.699;71.464
2448;1;El Conquistador;final;1366.535;1853.455;1366.535;413.455;288.53
2449;1;El Conquistador;final;1302.382;1873.455;1302.382;433.455;256.028
2450;1;El Conquistador;final;1317.455;1883.455;1317.455;443.455;271.815
2451;1;El Conquistador;final;1309.902;1903.455;1309.902;463.455;260.038
2452;1;El Conquistador;final;1268.385;1913.455;1268.385;473.455;229.999
2453;1;El Conquistador;final;1440.901;1923.455;0.901;483.455;301.181
2454;1;El Conquistador;final;1126.768;1933.455;1126.768;493.455;188.271
2455;1;El Conquistador;final;1260.688;1943.455;1260.688;503.455;226.236
2456;1;El Conquistador;final;1292.849;2453.455;1292.849;1013.455;99.121
2457;1;El Conquistador;final;1424.799;2473.455;1424.799;1033.455;140.85
2458;1;El Conquistador;final;1295.616;2483.455;1295.616;1043.455;99.121
2459;1;El Conquistador;final;1279.568;1749.1;1279.568;309.1;169.449
2460;1;El Conquistador;final;1193.727;1764.1;1193.727;324.1;137.09
2461;1;El Conquistador;final;1431.901;1794.1;1431.901;354.1;224.909
2462;1;El Conquistador;final;1552.818;1816.6;112.818;376.6;303.329
2463;1;El Conquistador;final;1257.272;1824.1;1257.272;384.1;146.846
2464;1;El Conquistador;final;1289.025;1831.6;1289.025;391.6;155.56
2465;1;El Conquistador;final;1257.172;2547.503;1257.172;1107.503;84.229
2466;1;El Conquistador;final;1268.072;2558.403;1268.072;1118.403;84.229
2467;1;El Conquistador;final;1278.972;2569.303;1278.972;1129.303;84.229
2468;1;El Conquistador;final;1289.872;2580.203;1289.872;1140.203;84.229
2469;1;El Conquistador;final;1335.13;2591.103;1335.13;1151.103;97.545
2470;1;El Conquistador;final;1441.165;2602.003;1.165;1162.003;143.824
2471;1;El Conquistador;final;1358.741;2602.103;1358.741;1162.103;106.946
2472;1;El Conquistador;final;1350.472;2647.103;1350.472;1207.103;84.229
2473;1;El Conquistador;final;1534.6;1749.366;94.6;309.366;271.065
2474;1;El Conquistador;final;1417.712;1769.366;1417.712;329.366;200.908
2475;1;El Conquistador;final;1175.139;1825.699;1175.139;385.699;104.544
2476;1;El Conquistador;final;1200.839;1842.033;1200.839;402.033;104.544
2477;1;El Conquistador;final;1488.171;1850.199;48.171;410.199;222.679
2478;1;El Conquistador;final;1373.889;2649.803;1373.889;1209.803;83.128
2479;1;El Conquistador;final;1350.172;2679.803;1350.172;1239.803;65.109
2480;1;El Conquistador;final;1453.365;1710.152;13.365;270.152;255.472
2480.1;1;El Conquistador;final;1604.218;2858.213;164.218;1418.213;89.054
2481;1;El Conquistador;final;1454.755;1722.152;14.755;282.152;257.293
2482;1;El Conquistador;final;1318.265;1734.152;1318.265;294.152;204.782
2483;1;El Conquistador;final;1439.959;1758.152;1439.959;318.152;249.666
2484;1;El Conquistador;final;1458.546;1770.152;18.546;330.152;267.873
2484.1;1;El Conquistador;final;1564.184;2852.668;124.184;1412.668;74.739
2485;1;El Conquistador;final;1216.121;1781.402;1216.121;341.402;157.647
2486;1;El Conquistador;final;1209.406;1792.652;1209.406;352.652;139.158
2487;1;El Conquistador;final;1402.339;1803.902;1402.339;363.902;204.158
2488;1;El Conquistador;final;1530.945;1815.152;90.945;375.152;285.444
2489;1;El Conquistador;final;1248.021;1826.402;1248.021;386.402;157.647
2490;1;El Conquistador;final;1355.402;1837.652;1355.402;397.652;187.926
2491;1;El Conquistador;final;1533.229;1860.152;93.229;420.152;241.42
2492;1;El Conquistador;final;1577.138;2663.128;137.138;1223.128;191.188
2493;1;Los Espinos + Santa Rosa;final;603.091;1375.071;603.091;1375.071;288.983
2493.1;1;Los Espinos + Santa Rosa;final;1358.943;2018.042;1358.943;578.042;221.342
2494;1;Los Espinos + Santa Rosa;intermedia;641.036;675.0;641.036;675.0;288.077
2494;2;Los Espinos + Santa Rosa;final;1107.349;1405.071;1107.349;1405.071;113.239
2494.1;1;Los Espinos + Santa Rosa;final;1457.755;2454.141;17.755;1014.141;151.904
2495;1;Los Espinos + Santa Rosa;final;669.182;1435.071;669.182;1435.071;291.074
2495.1;1;Los Espinos + Santa Rosa;final;1465.42;2086.074;25.42;646.074;247.571
2496;1;Los Espinos + Santa Rosa;final;769.321;1462.071;769.321;22.071;309.52
2496.1;1;Los Espinos + Santa Rosa;final;1233.353;2199.046;1233.353;759.046;148.598
2497;1;Los Espinos + Santa Rosa;final;1166.759;1715.071;1166.759;275.071;279.634
2497.1;1;Los Espinos + Santa Rosa;final;1293.633;2485.071;1293.633;1045.071;100.341
2498;1;Los Espinos + Santa Rosa;final;1188.159;1725.071;1188.159;285.071;279.634
2498.1;1;Los Espinos + Santa Rosa;final;1337.954;2509.071;1337.954;1069.071;103.646
2499;1;Los Espinos + Santa Rosa;final;1198.859;1745.071;1198.859;305.071;279.634
2499.1;1;Los Espinos + Santa Rosa;final;1487.626;2521.071;47.626;1081.071;168.708
2500;1;Los Espinos + Santa Rosa;final;1246.226;1773.237;1246.226;333.237;279.761
2500.1;1;Los Espinos + Santa Rosa;final;1377.633;2569.071;1377.633;1129.071;100.341
2501;1;Los Espinos + Santa Rosa;final;1264.659;1789.571;1264.659;349.571;279.761
2501.1;1;Los Espinos + Santa Rosa;final;1528.026;2581.071;88.026;1141.071;168.708
2502;1;Los Espinos + Santa Rosa;final;1180.41;1797.737;1180.41;357.737;256.425
2503;1;Los Espinos + Santa Rosa;final;1273.876;1805.904;1273.876;365.904;279.761
2503.1;1;Los Espinos + Santa Rosa;final;1518.975;2593.071;78.975;1153.071;156.833
2504;1;Los Espinos + Santa Rosa;final;1283.093;1814.071;1283.093;374.071;279.761
2504.1;1;Los Espinos + Santa Rosa;final;1380.467;2605.071;1380.467;1165.071;100.341
2505;1;Los Espinos + Santa Rosa;final;1292.309;1822.237;1292.309;382.237;279.761
2506;1;Los Espinos + Santa Rosa;final;1301.526;1830.404;1301.526;390.404;279.761
2506.1;1;Los Espinos + Santa Rosa;final;1395.467;2620.071;1395.467;1180.071;100.341
2507;1;Los Espinos + Santa Rosa;final;1319.959;1838.571;1319.959;398.571;279.761
2508;1;Los Espinos + Santa Rosa;final;1340.228;1854.904;1340.228;414.904;278.155
2509;1;Los Espinos + Santa Rosa;final;1310.743;1855.071;1310.743;415.071;279.761
2509.1;1;Los Espinos + Santa Rosa;final;1548.026;2635.071;108.026;1195.071;168.708
2510;1;Los Espinos + Santa Rosa;final;1433.377;1911.321;1433.377;471.321;308.37
2511;1;Los Espinos + Santa Rosa;final;1326.057;1922.571;1326.057;482.571;271.907
2512;1;Los Espinos + Santa Rosa;final;752.737;1401.604;752.737;1401.604;314.916
2512.1;1;Los Espinos + Santa Rosa;final;1286.674;2193.996;1286.674;753.996;171.612
2513;1;Los Espinos + Santa Rosa;final;537.95;1431.604;537.95;1431.604;254.59
2513.1;1;Los Espinos + Santa Rosa;final;1455.33;1921.357;15.33;481.357;303.521
2514;1;Los Espinos + Santa Rosa;final;926.152;1461.604;926.152;21.604;313.964
2514.1;1;Los Espinos + Santa Rosa;final;1424.578;2350.14;1424.578;910.14;184.281
2515;1;Los Espinos + Santa Rosa;final;1131.25;1731.604;1131.25;291.604;254.59
2515.1;1;Los Espinos + Santa Rosa;final;1338.393;2502.204;1338.393;1062.204;101.231
2516;1;Los Espinos + Santa Rosa;final;1119.717;1746.604;1119.717;306.604;254.59
2516.1;1;Los Espinos + Santa Rosa;final;1568.026;2492.987;128.026;1052.987;212.158
2517;1;Los Espinos + Santa Rosa;final;1312.452;1761.604;1312.452;321.604;311.498
2517.1;1;Los Espinos + Santa Rosa;final;1432.31;2680.17;1432.31;1240.17;84.764
2518;1;Los Espinos + Santa Rosa;final;1325.262;1776.604;1325.262;336.604;313.287
2519;1;Los Espinos + Santa Rosa;final;1234.3;1791.604;1234.3;351.604;254.59
2519.1;1;Los Espinos + Santa Rosa;final;1507.8;2609.704;67.8;1169.704;143.791
2520;1;Los Espinos + Santa Rosa;final;1338.62;1801.604;1338.62;361.604;279.426
2521;1;Los Espinos + Santa Rosa;final;1256.1;1811.604;1256.1;371.604;254.59
2521.1;1;Los Espinos + Santa Rosa;final;1531.8;2631.504;91.8;1191.504;143.791
2522;1;Los Espinos + Santa Rosa;final;1267.0;1821.604;1267.0;381.604;254.59
2523;1;Los Espinos + Santa Rosa;final;1277.9;1831.604;1277.9;391.604;254.59
2524;1;Los Espinos + Santa Rosa;final;1288.8;1841.604;1288.8;401.604;254.59
2524.1;1;Los Espinos + Santa Rosa;final;1525.327;2661.604;85.327;1221.604;142.082
2525;1;Los Espinos + Santa Rosa;final;1299.7;1851.604;1299.7;411.604;254.59
2526;1;Los Espinos + Santa Rosa;final;1310.6;1861.604;1310.6;421.604;254.59
2527;1;Los Espinos + Santa Rosa;final;1321.5;1881.604;1321.5;441.604;254.59
2527.1;1;Los Espinos + Santa Rosa;final;1555.8;2691.604;115.8;1251.604;143.664
2528;1;Los Espinos + Santa Rosa;final;1440.467;2511.421;0.467;1071.421;143.791
2529;1;Los Espinos + Santa Rosa;final;1550.628;2511.604;110.628;1071.604;200.711
2530;1;El Conquistador;final;786.146;1440.498;786.146;0.498;282.149
2530.1;1;El Conquistador;final;1193.149;2239.834;1193.149;799.834;116.445
2531;1;El Conquistador;final;1112.141;1530.498;1112.141;90.498;289.349
2531.1;1;El Conquistador;final;1389.308;2494.11;1389.308;1054.11;120.514
2532;1;El Conquistador;final;622.677;1620.498;622.677;180.498;163.248
2533;1;El Conquistador;final;1177.962;1710.498;1177.962;270.498;286.721
2533.1;1;El Conquistador;final;1474.701;2570.734;34.701;1130.734;144.295
2534;1;El Conquistador;final;1169.862;1720.498;1169.862;280.498;289.808
2534.1;1;El Conquistador;final;1380.522;2562.966;1380.522;1122.966;106.916
2535;1;El Conquistador;final;1197.962;1730.498;1197.962;290.498;291.093
2535.1;1;El Conquistador;final;1335.434;2594.734;1335.434;1154.734;74.739
2536;1;El Conquistador;final;1227.962;1740.498;1227.962;300.498;293.647
2536.1;1;El Conquistador;final;1529.917;2631.734;89.917;1191.734;146.396
2537;1;El Conquistador;final;1294.247;1750.498;1294.247;310.498;303.605
2537.1;1;El Conquistador;final;1388.559;2628.575;1388.559;1188.575;86.189
2538;1;El Conquistador;final;1280.312;1760.498;1280.312;320.498;258.479
2539;1;El Conquistador;final;1333.766;1770.498;1333.766;330.498;177.544
2540;1;El Conquistador;final;1280.579;1780.498;1280.579;340.498;287.257
2540.1;1;El Conquistador;final;1396.617;2672.734;1396.617;1232.734;73.004
2541;1;El Conquistador;final;1246.981;1790.498;1246.981;350.498;275.153
2542;1;El Conquistador;final;1280.944;1810.498;1280.944;370.498;278.062
2543;1;El Conquistador;final;1304.579;1820.498;1304.579;380.498;291.629
2543.1;1;El Conquistador;final;1426.584;2702.734;1426.584;1262.734;74.739
2544;1;El Conquistador;final;1288.581;1840.498;1288.581;400.498;275.153
2545;1;El Conquistador;final;1284.134;1850.498;1284.134;410.498;268.633
2546;1;El Conquistador;final;1208.149;1860.498;1208.149;420.498;239.301
2547;1;La Reina;final;1347.605;1752.777;1347.605;312.777;295.011
2548;1;La Reina;final;1345.015;1767.777;1345.015;327.777;307.645
2549;1;La Reina;final;1289.165;1782.777;1289.165;342.777;303.338
2549.1;1;La Reina;final;1410.15;2676.327;1410.15;1236.327;81.23
2550;1;La Reina;final;1281.115;1797.777;1281.115;357.777;244.929
2551;1;La Reina;final;1432.598;1809.027;1432.598;369.027;305.12
2552;1;La Reina;final;1329.165;1820.277;1329.165;380.277;275.47
2552.1;1;La Reina;final;1448.7;2714.877;8.7;1274.877;81.23
2553;1;La Reina;final;1124.519;1831.527;1124.519;391.527;187.064
2554;1;La Reina;final;1450.231;1842.777;10.231;402.777;305.574
2555;1;La Reina;final;1166.054;1854.027;1166.054;414.027;197.22
2556;1;La Reina;final;1355.498;1865.277;1355.498;425.277;253.389
2557;1;La Reina;final;1361.433;1876.527;1361.433;436.527;255.827
2558;1;La Reina;final;1216.054;1887.777;1216.054;447.777;224.96
2559;1;La Reina;final;1345.465;1900.627;1345.465;460.627;247.774
2560;1;La Reina;final;855.829;1396.245;855.829;1396.245;305.372
2560.1;1;La Reina;final;1262.748;2292.955;1262.748;852.955;130.38
2561;1;La Reina;intermedia;890.013;923.0;890.013;923.0;256.306
2561;2;La Reina;final;1267.255;1441.245;1267.255;1.245;111.143
2562;1;La Reina;final;1132.168;1621.245;1132.168;181.245;288.106
2563;1;La Reina;final;562.552;1666.245;562.552;226.245;125.87
2564;1;La Reina;final;514.152;1670.245;514.152;230.245;109.499
2565;1;La Reina;final;1206.129;1674.245;1206.129;234.245;298.023
2565.1;1;La Reina;final;1524.005;2632.981;84.005;1192.981;143.196
2566;1;La Reina;final;522.152;1678.245;522.152;238.245;109.499
2567;1;La Reina;final;1223.502;1682.245;1223.502;242.245;260.17
2567.1;1;La Reina;final;1472.479;2628.508;32.479;1188.508;111.363
2568;1;La Reina;final;1262.805;1686.245;1262.805;246.245;314.259
2569;1;La Reina;final;1129.37;1690.245;1129.37;250.245;225.254
2570;1;La Reina;final;1178.005;1694.245;1178.005;254.245;282.094
2571;1;La Reina;final;592.552;1698.245;592.552;258.245;125.87
2572;1;La Reina;final;1061.596;1702.245;1061.596;262.245;251.637
2572.1;1;La Reina;final;1459.087;2493.748;19.087;1053.748;143.136
2573;1;La Reina;final;607.552;1706.245;607.552;266.245;125.87
2574;1;La Reina;final;1218.129;1714.245;1218.129;274.245;293.354
2574.1;1;La Reina;final;1522.322;2646.314;82.322;1206.314;129.972
2575;1;La Reina;final;1177.652;1718.245;1177.652;278.245;264.743
2576;1;La Reina;final;1280.868;1722.245;1280.868;282.245;263.257
2577;1;La Reina;final;1176.268;1726.245;1176.268;286.245;228.892
2578;1;La Reina;final;1092.119;1731.245;1092.119;291.245;233.724
2578.1;1;La Reina;final;1386.445;2504.408;1386.445;1064.408;111.363
2579;1;La Reina;final;1303.919;1736.245;1303.919;296.245;261.096
2579.1;1;La Reina;final;1530.529;2709.958;90.529;1269.958;111.363
2580;1;La Reina;final;1266.353;1746.245;1266.353;306.245;256.982
2581;1;La Reina;final;1135.336;1751.245;1135.336;311.245;238.841
2581.1;1;La Reina;final;1378.245;2534.275;1378.245;1094.275;111.363
2582;1;La Reina;final;1315.135;1756.245;1315.135;316.245;263.974
2583;1;La Reina;final;1320.735;1761.245;1320.735;321.245;270.968
2584;1;La Reina;final;1247.422;1766.245;1247.422;326.245;255.741
2585;1;La Reina;final;1190.805;1771.245;1190.805;331.245;231.64
2586;1;La Reina;final;1337.095;1776.245;1337.095;336.245;257.649
2587;1;La Reina;final;1364.462;1781.245;1364.462;341.245;305.99
2588;1;La Reina;final;1301.541;1786.245;1301.541;346.245;259.719
2589;1;La Reina;final;1346.196;1796.245;1346.196;356.245;298.043
2589.1;1;La Reina;final;1559.779;2776.314;119.779;1336.314;102.874
2590;1;La Reina;final;1363.929;1801.245;1363.929;361.245;305.99
2591;1;La Reina;final;1278.805;1811.245;1278.805;371.245;231.64
2592;1;La Reina;final;1275.072;1816.245;1275.072;376.245;255.741
2593;1;La Reina;final;1353.981;1834.245;1353.981;394.245;298.082
2594;1;La Reina;final;1388.248;1852.245;1388.248;412.245;298.082
2595;1;La Reina;final;1129.452;1861.245;1129.452;421.245;199.238
2596;1;La Reina;final;1372.135;1870.245;1372.135;430.245;271.928
2597;1;La Reina;final;1462.322;1879.245;22.322;439.245;295.135
2598;1;La Reina;final;1519.519;2326.245;79.519;886.245;233.724
2599;1;La Reina;final;1556.229;2348.045;116.229;908.045;245.626
2600;1;La Reina;final;1272.268;2358.945;1272.268;918.945;125.87
2601;1;La Reina;final;1249.419;2391.645;1249.419;951.645;109.499
2602;1;La Reina;final;982.07;1415.708;982.07;1415.708;301.164
2602.1;1;La Reina;final;1479.129;2414.218;39.129;974.218;174.171
2603;1;La Reina;final;994.896;1435.708;994.896;1435.708;300.822
2603.1;1;La Reina;final;1203.479;2417.571;1203.479;977.571;59.539
2604;1;La Reina;final;577.552;1455.708;577.552;15.708;212.527
2605;1;La Reina;final;1326.196;1775.708;1326.196;335.708;260.417
2606;1;La Reina;final;1178.22;1859.708;1178.22;419.708;185.202
2607;1;El Conquistador;final;1345.576;1736.61;1345.576;296.61;297.04
2608;1;El Conquistador;final;1223.35;1745.177;1223.35;305.177;274.373
2608.1;1;El Conquistador;final;1562.358;2530.433;122.358;1090.433;190.181
2609;1;El Conquistador;final;1252.435;1762.31;1252.435;322.31;255.933
2610;1;El Conquistador;final;1360.625;1770.877;1360.625;330.877;309.826
2611;1;El Conquistador;final;1335.533;1779.443;1335.533;339.443;284.387
2612;1;El Conquistador;final;1359.308;1788.01;1359.308;348.01;304.785
2613;1;El Conquistador;final;1389.63;1796.577;1389.63;356.577;308.418
2614;1;El Conquistador;final;1368.259;1796.61;1368.259;356.61;306.751
2614.1;1;El Conquistador;final;1513.165;2762.89;73.165;1322.89;88.656
2615;1;El Conquistador;final;1155.209;1804.777;1155.209;364.777;214.395
2616;1;El Conquistador;final;1374.028;1812.943;1374.028;372.943;302.581
2617;1;El Conquistador;final;1343.746;1821.11;1343.746;381.11;280.699
2618;1;El Conquistador;final;1166.743;1829.277;1166.743;389.277;211.671
2619;1;El Conquistador;final;1223.836;1837.443;1223.836;397.443;270.255
2619.1;1;El Conquistador;final;1403.522;2628.28;1403.522;1188.28;82.304
2620;1;El Conquistador;final;1270.605;1845.61;1270.605;405.61;233.307
2621;1;El Conquistador;final;1341.225;1853.777;1341.225;413.777;256.676
2622;1;El Conquistador;final;1456.993;1870.11;16.993;430.11;306.31
2622.1;1;El Conquistador;final;1577.43;2853.217;137.43;1413.217;75.651
2623;1;El Conquistador;final;1368.118;1878.277;1368.118;438.277;310.097
2624;1;El Conquistador;final;1334.071;1909.11;1334.071;469.11;228.378
2625;1;El Conquistador;final;1474.126;1920.36;34.126;480.36;306.862
2626;1;El Conquistador;final;1245.025;1727.881;1245.025;287.881;270.225
2626.1;1;El Conquistador;final;1421.079;2625.61;1421.079;1185.61;94.222
2627;1;El Conquistador;final;1257.141;1757.881;1257.141;317.881;275.005
2628;1;El Conquistador;final;1338.572;1765.381;1338.572;325.381;289.338
2629;1;El Conquistador;final;1345.682;1772.881;1345.682;332.881;292.074
2630;1;El Conquistador;final;1391.716;1780.381;1391.716;340.381;314.714
2630.1;1;El Conquistador;final;1509.225;2801.117;69.225;1361.117;69.816
2631;1;El Conquistador;final;1324.521;1787.881;1324.521;347.881;287.899
2632;1;El Conquistador;final;1279.45;1795.381;1279.45;355.381;254.607
2633;1;El Conquistador;final;1248.621;1802.881;1248.621;362.881;245.272
2634;1;El Conquistador;final;1282.791;1810.381;1282.791;370.381;275.005
2635;1;El Conquistador;final;1248.679;1817.881;1248.679;377.881;243.933
2636;1;El Conquistador;final;1324.541;1825.381;1324.541;385.381;273.39
2636.1;1;El Conquistador;final;1542.659;2711.61;102.659;1271.61;120.274
2637;1;El Conquistador;final;1331.446;1915.381;1331.446;475.381;251.438
2638;1;El Conquistador;final;1368.275;1926.631;1368.275;486.631;272.949
2639;1;El Conquistador;final;1273.425;2477.881;1273.425;1037.881;93.458
2640;1;El Conquistador;final;1265.835;1751.551;1265.835;311.551;170.779
2641;1;El Conquistador;final;1285.032;1763.551;1285.032;323.551;185.469
2642;1;El Conquistador;final;1348.265;1787.551;1348.265;347.551;182.864
2643;1;El Conquistador;final;1470.503;1812.401;30.503;372.401;240.761
2644;1;El Conquistador;final;1285.858;1838.101;1285.858;398.101;126.708
2645;1;El Conquistador;final;489.893;1850.951;489.893;410.951;29.691
2646;1;El Conquistador;intermedia;997.75;1020.0;997.75;1020.0;285.839
2646;2;El Conquistador;final;1210.984;1441.445;1210.984;1.445;81.308
2646.1;1;El Conquistador;final;1293.62;2613.751;1293.62;1173.751;56.117
2647;1;El Conquistador;final;1162.033;1576.445;1162.033;136.445;231.294
2648;1;El Conquistador;final;1206.875;1711.445;1206.875;271.445;295.156
2648.1;1;El Conquistador;final;1452.384;2591.105;12.384;1151.105;113.868
2649;1;El Conquistador;final;1268.149;1721.445;1268.149;281.445;256.037
2650;1;El Conquistador;final;1220.579;1731.445;1220.579;291.445;283.906
2650.1;1;El Conquistador;final;1360.434;2620.834;1360.434;1180.834;73.004
2651;1;El Conquistador;final;1205.862;1741.445;1205.862;301.445;284.891
2651.1;1;El Conquistador;final;1504.785;2599.034;64.785;1159.034;149.46
2652;1;El Conquistador;final;1187.951;1751.445;1187.951;311.445;268.089
2653;1;El Conquistador;final;1142.033;1761.445;1142.033;321.445;160.004
2654;1;El Conquistador;final;1228.547;1771.445;1228.547;331.445;272.338
2655;1;El Conquistador;final;1239.351;1781.445;1239.351;341.445;267.553
2656;1;El Conquistador;final;1237.764;1791.445;1237.764;351.445;267.513
2657;1;El Conquistador;final;1256.197;1801.445;1256.197;361.445;271.886
2658;1;El Conquistador;final;1264.017;1811.445;1264.017;371.445;269.824
2659;1;El Conquistador;final;1377.021;1821.445;1377.021;381.445;299.524
2660;1;El Conquistador;final;1274.631;1831.445;1274.631;391.445;268.049
2661;1;El Conquistador;final;1273.617;1841.445;1273.617;401.445;267.553
2662;1;El Conquistador;final;1374.962;1851.445;1374.962;411.445;290.749
2662.1;1;El Conquistador;final;1478.517;2767.001;38.517;1327.001;74.739
2663;1;El Conquistador;final;1304.521;1861.445;1304.521;421.445;280.895
2664;1;El Conquistador;final;1305.934;1887.145;1305.934;447.145;263.716
2665;1;El Conquistador;final;1323.434;1912.845;1323.434;472.845;267.187
2666;1;El Conquistador;final;1414.646;1951.445;1414.646;511.445;281.352
2666.1;1;El Conquistador;final;1534.701;2822.734;94.701;1382.734;73.004
2667;1;El Conquistador;final;1302.281;2371.379;1302.281;931.379;125.102
2668;1;El Conquistador;final;1262.334;2371.445;1262.334;931.445;120.852
2669;1;El Conquistador;final;1154.338;1746.718;1154.338;306.718;278.556
2669.1;1;El Conquistador;final;1309.81;2544.271;1309.81;1104.271;86.832
2670;1;El Conquistador;final;1196.506;1756.718;1196.506;316.718;274.718
2670.1;1;El Conquistador;final;1555.494;2582.574;115.494;1142.574;179.904
2671;1;El Conquistador;final;1245.321;1766.718;1245.321;326.718;263.476
2672;1;El Conquistador;final;1299.341;1776.718;1299.341;336.718;275.775
2672.1;1;El Conquistador;final;1432.413;2684.105;1432.413;1244.105;86.42
2673;1;El Conquistador;final;1404.739;1786.718;1404.739;346.718;312.85
2673.1;1;El Conquistador;final;1436.745;2786.718;1436.745;1346.718;44.031
2674;1;El Conquistador;final;1353.915;1796.718;1353.915;356.718;285.281
2675;1;El Conquistador;final;1153.519;1807.968;1153.519;367.968;246.254
2676;1;El Conquistador;final;1268.301;1819.218;1268.301;379.218;279.436
2677;1;El Conquistador;final;1370.651;1830.468;1370.651;390.468;314.114
2678;1;El Conquistador;final;1222.352;1841.718;1222.352;401.718;252.489
2679;1;El Conquistador;final;1352.686;1864.218;1352.686;424.218;275.174
2680;1;El Conquistador;final;1314.247;1875.468;1314.247;435.468;252.229
2681;1;El Conquistador;final;1247.412;1886.718;1247.412;446.718;236.63
2682;1;El Conquistador;final;998.869;1414.978;998.869;1414.978;305.377
2682.1;1;El Conquistador;final;1283.409;2438.152;1283.409;998.152;97.492
2683;1;El Conquistador;final;974.323;1444.978;974.323;4.978;304.141
2683.1;1;El Conquistador;final;1236.471;2356.777;1236.471;916.777;122.063
2684;1;El Conquistador;final;654.177;1404.271;654.177;1404.271;276.841
2684.1;1;El Conquistador;final;1215.62;2002.79;1215.62;562.79;145.291
2685;1;El Conquistador;final;925.313;1434.271;925.313;1434.271;309.14
2685.1;1;El Conquistador;final;1468.497;2264.475;28.497;824.475;229.189
2686;1;El Conquistador;final;967.261;1464.271;967.261;24.271;300.713
2686.1;1;El Conquistador;final;1288.301;2347.016;1288.301;907.016;125.23
2687;1;El Conquistador;final;1305.539;1738.871;1305.539;298.871;313.898
2687.1;1;El Conquistador;final;1495.494;2690.63;55.494;1250.63;124.797
2688;1;El Conquistador;final;1219.677;1743.471;1219.677;303.471;276.545
2688.1;1;El Conquistador;final;1455.144;2563.39;15.144;1123.39;142.708
2689;1;El Conquistador;final;1206.144;1748.071;1206.144;308.071;276.841
2689.1;1;El Conquistador;final;1535.689;2555.89;95.689;1115.89;179.904
2690;1;El Conquistador;final;1353.539;1752.671;1353.539;312.671;313.898
2691;1;El Conquistador;final;1133.706;1757.271;1133.706;317.271;258.877
2691.1;1;El Conquistador;final;1292.11;2528.074;1292.11;1088.074;85.195
2692;1;El Conquistador;final;1163.244;1761.871;1163.244;321.871;276.545
2692.1;1;El Conquistador;final;1501.422;2533.39;61.422;1093.39;179.904
2693;1;El Conquistador;final;1252.377;1771.071;1252.377;331.071;276.545
2693.1;1;El Conquistador;final;1545.688;2593.39;105.688;1153.39;181.364
2694;1;El Conquistador;final;1146.838;1775.671;1146.838;335.671;260.041
2694.1;1;El Conquistador;final;1302.31;2536.771;1302.31;1096.771;86.832
2695;1;El Conquistador;final;1237.644;1780.271;1237.644;340.271;276.841
2695.1;1;El Conquistador;final;1350.455;2578.39;1350.455;1138.39;86.36
2696;1;El Conquistador;final;1288.984;1784.871;1288.984;344.871;307.498
2696.1;1;El Conquistador;final;1367.539;2689.978;1367.539;1249.978;51.499
2697;1;El Conquistador;final;1260.372;1789.471;1260.372;349.471;298.721
2698;1;El Conquistador;final;1341.539;1794.071;1341.539;354.071;313.898
2698.1;1;El Conquistador;final;1532.355;2727.174;92.355;1287.174;123.852
2699;1;El Conquistador;final;591.177;1794.271;591.177;354.271;86.832
2700;1;El Conquistador;final;1214.421;1798.771;1214.421;358.771;260.041
2700.1;1;El Conquistador;final;1453.306;2589.271;13.306;1149.271;124.028
2701;1;El Conquistador;final;1287.039;1807.771;1287.039;367.771;298.424
2701.1;1;El Conquistador;final;1364.839;2672.63;1364.839;1232.63;67.285
2702;1;El Conquistador;final;1294.344;1816.771;1294.344;376.771;276.841
2703;1;El Conquistador;final;618.177;1821.271;618.177;381.271;86.832
2704;1;El Conquistador;final;1269.539;1830.271;1269.539;390.271;298.581
2704.1;1;El Conquistador;final;1575.077;2652.174;135.077;1212.174;180.2
2705;1;El Conquistador;final;631.677;1834.771;631.677;394.771;86.832
2706;1;El Conquistador;final;1220.372;1843.771;1220.372;403.771;258.877
2706.1;1;El Conquistador;final;1368.41;2604.374;1368.41;1164.374;85.195
2707;1;El Conquistador;final;1389.056;1861.771;1389.056;421.771;313.741
2708;1;El Conquistador;final;1347.31;1870.771;1347.31;430.771;276.545
2708.1;1;El Conquistador;final;1501.2;2695.89;61.2;1255.89;111.652
2709;1;El Conquistador;final;1294.81;1884.271;1294.81;444.271;276.545
2710;1;El Conquistador;final;719.25;1385.89;719.25;1385.89;310.709
2710.1;1;El Conquistador;final;1396.584;2090.933;1396.584;650.933;270.626
2711;1;El Conquistador;final;721.047;1415.89;721.047;1415.89;306.141
2711.1;1;El Conquistador;final;1227.295;2132.733;1227.295;692.733;167.239
2712;1;El Conquistador;final;764.338;1445.89;764.338;5.89;276.369
2712.1;1;El Conquistador;final;1467.156;2191.771;27.156;751.771;258.581
2713;1;El Conquistador;final;1185.606;1730.89;1185.606;290.89;275.065
2713.1;1;El Conquistador;final;1479.289;2571.674;39.289;1131.674;150.201
2714;1;El Conquistador;final;1226.421;1738.39;1226.421;298.39;276.073
2714.1;1;El Conquistador;final;1369.81;2604.271;1369.81;1164.271;86.832
2715;1;El Conquistador;final;1220.421;1745.89;1220.421;305.89;276.369
2715.1;1;El Conquistador;final;1432.889;2596.771;1432.889;1156.771;124.028
2716;1;El Conquistador;final;1320.455;1753.39;1320.455;313.39;301.593
2716.1;1;El Conquistador;final;1518.556;2704.271;78.556;1264.271;124.028
2717;1;El Conquistador;final;1305.034;1760.89;1305.034;320.89;283.89
2717.1;1;El Conquistador;final;1388.145;2703.751;1388.145;1263.751;60.984
2718;1;El Conquistador;final;1342.955;1768.39;1342.955;328.39;301.593
2718.1;1;El Conquistador;final;1479.545;2724.271;39.545;1284.271;98.384
2719;1;El Conquistador;final;1261.906;1775.89;1261.906;335.89;275.065
2720;1;El Conquistador;final;1274.421;1780.173;1274.421;340.173;276.369
2721;1;El Conquistador;final;1283.706;1784.456;1283.706;344.456;274.769
2721.1;1;El Conquistador;final;1484.289;2667.174;44.289;1227.174;122.392
2722;1;El Conquistador;final;1294.606;1788.74;1294.606;348.74;275.065
2723;1;El Conquistador;final;1375.388;1793.023;1375.388;353.023;301.593
2724;1;El Conquistador;final;1377.013;1797.306;1377.013;357.306;307.316
2725;1;El Conquistador;final;1343.787;1801.59;1343.787;361.59;207.008
2726;1;El Conquistador;final;1298.421;1805.873;1298.421;365.873;276.073
2726.1;1;El Conquistador;final;1492.355;2674.271;52.355;1234.271;125.489
2727;1;El Conquistador;final;1356.434;1810.156;1356.434;370.156;304.048
2727.1;1;El Conquistador;final;1456.745;2754.978;16.745;1314.978;67.45
2728;1;El Conquistador;final;1269.62;1814.44;1269.62;374.44;256.717
2729;1;El Conquistador;final;1311.62;1818.723;1311.62;378.723;275.435
2730;1;El Conquistador;final;1178.706;1823.006;1178.706;383.006;259.592
2730.1;1;El Conquistador;final;1523.677;2560.774;83.677;1120.774;180.2
2731;1;El Conquistador;final;1295.977;1827.29;1295.977;387.29;277.26
2731.1;1;El Conquistador;final;1529.663;2635.89;89.663;1195.89;154.677
2732;1;El Conquistador;final;1330.734;1835.856;1330.734;395.856;304.048
2732.1;1;El Conquistador;final;1411.011;2733.751;1411.011;1293.751;60.984
2733;1;El Conquistador;final;1397.129;1865.89;1397.129;425.89;301.229
2734;1;El Conquistador;final;1365.388;1907.39;1365.388;467.39;276.073
2735;1;El Conquistador;final;1218.744;1914.306;1218.744;474.306;211.499
2736;1;El Conquistador;final;1358.787;1921.223;1358.787;481.223;293.121
2737;1;El Conquistador;final;1378.145;1928.14;1378.145;488.14;303.701
2737.1;1;El Conquistador;final;1473.785;2757.482;33.785;1317.482;73.793
2738;1;El Conquistador;final;625.666;1405.943;625.666;1405.943;268.09
2738.1;1;El Conquistador;final;1277.251;2015.326;1277.251;575.326;214.993
2739;1;El Conquistador;final;675.719;1435.943;675.719;1435.943;278.287
2739.1;1;El Conquistador;final;1367.686;2087.309;1367.686;647.309;227.001
2740;1;El Conquistador;final;732.519;1465.943;732.519;25.943;264.847
2740.1;1;El Conquistador;final;1273.869;2155.843;1273.869;715.843;179.185
2741;1;El Conquistador;final;1242.428;1662.209;1242.428;222.209;312.826
2741.1;1;El Conquistador;final;1352.619;2622.322;1352.619;1182.322;73.878
2742;1;El Conquistador;final;1268.517;1735.809;1268.517;295.809;304.045
2742.1;1;El Conquistador;final;1368.065;2685.366;1368.065;1245.366;49.799
2743;1;El Conquistador;final;1287.384;1735.943;1287.384;295.943;300.912
2744;1;El Conquistador;final;1281.607;1740.543;1281.607;300.543;296.09
2744.1;1;El Conquistador;final;1363.869;2699.656;1363.869;1259.656;45.601
2745;1;El Conquistador;final;1204.528;1745.143;1204.528;305.143;266.051
2745.1;1;El Conquistador;final;1568.73;2587.943;128.73;1147.943;180.382
2746;1;El Conquistador;final;1243.424;1749.743;1243.424;309.743;276.145
2747;1;El Conquistador;final;1161.534;1754.343;1161.534;314.343;277.693
2747.1;1;El Conquistador;final;1515.494;2549.874;75.494;1109.874;179.904
2748;1;El Conquistador;final;1300.374;1758.943;1300.374;318.943;296.09
2749;1;El Conquistador;final;1350.118;1763.543;1350.118;323.543;288.356
2750;1;El Conquistador;final;1242.678;1768.143;1242.678;328.143;266.051
2750.1;1;El Conquistador;final;1460.626;2623.943;20.626;1183.943;119.039
2751;1;El Conquistador;final;1204.551;1772.743;1204.551;332.743;268.184
2751.1;1;El Conquistador;final;1353.726;2622.033;1353.726;1182.033;66.965
2752;1;El Conquistador;final;1294.44;1777.343;1294.44;337.343;286.118
2752.1;1;El Conquistador;final;1420.459;2711.616;1420.459;1271.616;63.269
2753;1;El Conquistador;final;1210.284;1781.943;1210.284;341.943;273.275
2753.1;1;El Conquistador;final;1367.059;2635.366;1367.059;1195.366;66.965
2754;1;El Conquistador;final;1206.267;1786.543;1206.267;346.543;265.604
2754.1;1;El Conquistador;final;1386.101;2628.699;1386.101;1188.699;75.16
2755;1;El Conquistador;final;1341.101;1795.743;1341.101;355.743;299.764
2755.1;1;El Conquistador;final;1479.034;2758.699;39.034;1318.699;71.464
2756;1;El Conquistador;final;1280.828;1795.943;1280.828;355.943;266.051
2757;1;El Conquistador;final;1287.202;1801.943;1287.202;361.943;274.82
2757.1;1;El Conquistador;final;1480.113;2672.213;40.113;1232.213;107.883
2758;1;El Conquistador;final;1250.092;1807.943;1250.092;367.943;270.834
2758.1;1;El Conquistador;final;1347.509;2643.284;1347.509;1203.284;66.448
2759;1;El Conquistador;final;1289.511;1813.943;1289.511;373.943;276.024
2760;1;El Conquistador;final;1319.467;1825.943;1319.467;385.943;287.491
2760.1;1;El Conquistador;final;1450.062;2741.748;10.062;1301.748;69.332
2761;1;El Conquistador;final;1365.426;1837.943;1365.426;397.943;281.596
2762;1;El Conquistador;final;1270.738;1849.943;1270.738;409.943;241.195
2763;1;El Conquistador;final;1351.774;1861.943;1351.774;421.943;286.118
2764;1;El Conquistador;final;1358.044;1867.943;1358.044;427.943;276.024
2765;1;El Conquistador;final;717.399;1361.734;717.399;1361.734;304.113
2765.1;1;El Conquistador;final;1506.699;2140.993;66.699;700.993;263.251
2766;1;El Conquistador;final;939.28;1381.734;939.28;1381.734;293.158
2766.1;1;El Conquistador;final;1389.028;2325.233;1389.028;885.233;175.24
2767;1;El Conquistador;final;706.033;1401.734;706.033;1401.734;306.866
2767.1;1;El Conquistador;final;1452.486;2011.734;12.486;571.734;293.21
2768;1;El Conquistador;final;782.209;1421.734;782.209;1421.734;267.591
2768.1;1;El Conquistador;final;1314.262;2213.284;1314.262;773.284;179.436
2769;1;El Conquistador;final;517.034;1511.734;517.034;71.734;181.644
2770;1;El Conquistador;final;1312.44;1776.234;1312.44;336.234;295.483
2771;1;El Conquistador;final;1162.183;1792.567;1162.183;352.567;272.142
2771.1;1;El Conquistador;final;1348.537;2550.367;1348.537;1110.367;111.922
2772;1;El Conquistador;final;1260.426;1800.734;1260.426;360.734;294.553
2773;1;El Conquistador;final;1257.007;1808.9;1257.007;368.9;274.921
2774;1;El Conquistador;final;1357.4;1817.067;1357.4;377.067;307.346
2774.1;1;El Conquistador;final;1477.857;2659.234;37.857;1219.234;117.218
2775;1;El Conquistador;final;1330.119;1825.234;1330.119;385.234;293.21
2775.1;1;El Conquistador;final;1552.478;2710.943;112.478;1270.943;124.589
2776;1;El Conquistador;final;1272.378;1931.734;1272.378;491.734;248.587
2776.1;1;El Conquistador;final;1492.478;2650.943;52.478;1210.943;124.589
2777;1;El Conquistador;final;628.6;1413.179;628.6;1413.179;282.909
2777.1;1;El Conquistador;final;1309.336;1994.233;1309.336;554.233;278.418
2778;1;El Conquistador;intermedia;805.484;837.0;805.484;837.0;286.757
2778;2;El Conquistador;final;1046.353;1443.179;1046.353;3.179;86.516
2778.1;1;El Conquistador;final;1283.467;2485.079;1283.467;1045.079;85.41
2779;1;El Conquistador;intermedia;835.484;863.0;835.484;863.0;286.97
2779;2;El Conquistador;final;1072.803;1473.33;1072.803;33.33;86.516
2779.1;1;El Conquistador;final;1479.604;2497.679;39.604;1057.679;185.832
2780;1;El Conquistador;final;1314.967;1763.33;1314.967;323.33;287.676
2781;1;El Conquistador;final;1254.834;1773.33;1254.834;333.33;285.591
2782;1;El Conquistador;final;1314.834;1783.33;1314.834;343.33;279.705
2783;1;El Conquistador;final;1331.94;1803.179;1331.94;363.179;297.362
2783.1;1;El Conquistador;final;1484.784;2766.455;44.784;1326.455;72.633
2784;1;El Conquistador;final;1326.834;1810.095;1326.834;370.095;275.228
2785;1;El Conquistador;final;1269.067;1817.012;1269.067;377.012;283.198
2785.1;1;El Conquistador;final;1495.24;2613.83;55.24;1173.83;161.9
2786;1;El Conquistador;final;1264.003;1823.929;1264.003;383.929;217.586
2787;1;El Conquistador;final;1277.634;1844.679;1277.634;404.679;283.198
2787.1;1;El Conquistador;final;1320.236;2614.133;1320.236;1174.133;82.715
2788;1;El Conquistador;final;1350.917;1886.179;1350.917;446.179;284.916
2789;1;El Conquistador;final;1303.334;1893.179;1303.334;453.179;283.198
2790;1;El Conquistador;final;591.753;1384.233;591.753;1384.233;284.393
2790.1;1;El Conquistador;final;1341.553;2013.179;1341.553;573.179;223.473
2791;1;El Conquistador;intermedia;691.236;793.0;691.236;793.0;285.053
2791;2;El Conquistador;final;1358.469;1414.233;1358.469;1414.233;219.671
2792;1;El Conquistador;intermedia;699.403;803.0;699.403;803.0;283.85
2792;2;El Conquistador;final;1302.834;1443.83;1302.834;3.83;184.121
2793;1;El Conquistador;final;1270.786;1728.83;1270.786;288.83;287.037
2793.1;1;El Conquistador;final;1452.354;2665.83;12.354;1225.83;122.182
2794;1;El Conquistador;final;1255.786;1736.33;1255.786;296.33;287.037
2795;1;El Conquistador;final;1222.136;1751.33;1222.136;311.33;283.235
2795.1;1;El Conquistador;final;1380.953;2619.191;1380.953;1179.191;116.827
2796;1;El Conquistador;final;1306.303;1758.83;1306.303;318.83;284.953
2797;1;El Conquistador;final;1265.736;1766.33;1265.736;326.33;283.235
2798;1;El Conquistador;final;556.569;1774.233;556.569;334.233;86.516
2799;1;El Conquistador;final;1254.836;1784.233;1254.836;344.233;282.22
2800;1;El Conquistador;final;1313.353;1789.233;1313.353;349.233;286.022
2800.1;1;El Conquistador;final;1418.367;2710.641;1418.367;1270.641;83.361
2801;1;El Conquistador;final;576.569;1794.233;576.569;354.233;86.516
2802;1;El Conquistador;final;581.569;1799.233;581.569;359.233;86.516
2803;1;El Conquistador;final;1355.653;1819.233;1355.653;379.233;288.107
2804;1;El Conquistador;final;1335.986;1859.233;1335.986;419.233;284.305
2804.1;1;El Conquistador;final;1440.85;2733.124;0.85;1293.124;83.361
2805;1;El Conquistador;final;1158.286;1888.733;1158.286;448.733;187.312
2806;1;El Conquistador;final;1313.503;1905.066;1313.503;465.066;282.22
2806.1;1;El Conquistador;final;1437.987;2710.83;1437.987;1270.83;85.956
2807;1;El Conquistador;final;1534.194;2456.733;94.194;1016.733;211.487
2808;1;El Conquistador;final;1242.853;2494.233;1242.853;1054.233;86.516
2809;1;El Conquistador;final;1465.687;2529.483;25.687;1089.483;186.935
2810;1;El Conquistador;final;1291.34;1753.33;1291.34;313.33;298.043
2810.1;1;El Conquistador;final;1435.24;2705.035;1435.24;1265.035;73.731
2811;1;El Conquistador;final;1315.34;1763.33;1315.34;323.33;298.043
2811.1;1;El Conquistador;final;1430.311;2730.735;1430.311;1290.735;61.31
2812;1;El Conquistador;final;559.636;1773.33;559.636;333.33;117.471
2813;1;El Conquistador;final;568.636;1783.33;568.636;343.33;117.471
2814;1;El Conquistador;final;1214.167;1793.33;1214.167;353.33;279.71
2814.1;1;El Conquistador;final;1455.24;2550.633;15.24;1110.633;163.103
2815;1;El Conquistador;final;1255.367;1803.191;1255.367;363.191;282.867
2815.1;1;El Conquistador;final;1298.436;2592.333;1298.436;1152.333;82.715
2816;1;El Conquistador;final;1242.834;1813.191;1242.834;373.191;282.867
2816.1;1;El Conquistador;final;1505.687;2578.833;65.687;1138.833;186.935
2817;1;El Conquistador;final;1277.167;1823.191;1277.167;383.191;281.15
2817.1;1;El Conquistador;final;1362.703;2614.083;1362.703;1174.083;86.516
2818;1;El Conquistador;final;1346.94;1833.191;1346.94;393.191;293.596
2818.1;1;El Conquistador;final;1454.194;2763.635;14.194;1323.635;61.31
2819;1;El Conquistador;final;1373.4;1853.191;1373.4;413.191;280.783
2820;1;El Conquistador;final;1247.844;1863.191;1247.844;423.191;267.638
2821;1;El Conquistador;final;1286.2;1893.191;1286.2;453.191;281.15
2822;1;El Conquistador;final;1285.153;1736.33;1285.153;296.33;282.471
2823;1;El Conquistador;final;1210.786;1751.33;1210.786;311.33;284.555
2824;1;El Conquistador;final;1112.469;1758.83;1112.469;318.83;274.867
2824.1;1;El Conquistador;final;1509.604;2522.879;69.604;1082.879;185.832
2825;1;El Conquistador;final;1225.786;1766.33;1225.786;326.33;284.555
2825.1;1;El Conquistador;final;1371.867;2625.979;1371.867;1185.979;85.41
2826;1;El Conquistador;final;1203.286;1774.233;1203.286;334.233;282.22
2826.1;1;El Conquistador;final;1524.604;2600.279;84.604;1160.279;185.832
2827;1;El Conquistador;final;1292.203;1783.233;1292.203;343.233;280.136
2827.1;1;El Conquistador;final;1395.884;2688.157;1395.884;1248.157;83.361
2828;1;El Conquistador;final;1233.286;1801.233;1233.286;361.233;282.22
2828.1;1;El Conquistador;final;1350.834;2631.191;1350.834;1191.191;83.361
2829;1;El Conquistador;final;1263.286;1810.233;1263.286;370.233;282.22
2830;1;El Conquistador;final;1334.503;1855.233;1334.503;415.233;284.305
2830.1;1;El Conquistador;final;1519.02;2733.33;79.02;1293.33;122.182
2831;1;El Conquistador;final;1276.636;1864.233;1276.636;424.233;280.503
2832;1;El Conquistador;final;1320.403;1897.983;1320.403;457.983;282.22
2833;1;El Conquistador;final;1202.469;2474.233;1202.469;1034.233;82.715
2834;1;El Conquistador;final;1539.604;2484.233;99.604;1044.233;246.664
2835;1;El Conquistador;final;639.894;1467.174;639.894;27.174;219.747
2836;1;El Conquistador;final;1218.306;1647.174;1218.306;207.174;312.262
2836.1;1;El Conquistador;final;1519.021;2609.963;79.021;1169.963;163.454
2837;1;El Conquistador;final;1229.206;1747.174;1229.206;307.174;296.944
2837.1;1;El Conquistador;final;1390.21;2626.174;1390.21;1186.174;85.195
2838;1;El Conquistador;final;1282.984;1757.174;1282.984;317.174;300.149
2838.1;1;El Conquistador;final;1368.145;2683.751;1368.145;1243.751;60.984
2839;1;El Conquistador;final;1328.787;1767.174;1328.787;327.174;238.788
2840;1;El Conquistador;final;1317.539;1777.174;1317.539;337.174;312.262
2841;1;El Conquistador;final;1294.984;1787.174;1294.984;347.174;306.158
2841.1;1;El Conquistador;final;1427.913;2700.477;1427.913;1260.477;72.936
2842;1;El Conquistador;final;1261.905;1797.174;1261.905;357.174;276.56
2843;1;El Conquistador;final;1300.984;1804.674;1300.984;364.674;302.979
2843.1;1;El Conquistador;final;1373.787;2703.751;1373.787;1263.751;53.583
2844;1;El Conquistador;final;1379.31;1812.174;1379.31;372.174;314.752
2844.1;1;El Conquistador;final;1557.944;2719.223;117.944;1279.223;142.708
2845;1;El Conquistador;final;1306.877;1819.674;1306.877;379.674;274.612
2846;1;El Conquistador;final;1313.244;1834.674;1313.244;394.674;275.205
2847;1;El Conquistador;final;1281.744;1849.674;1281.744;409.674;248.992
2848;1;El Conquistador;final;1264.984;1445.89;1264.984;5.89;293.678
2848.1;1;El Conquistador;final;1587.085;2663.751;147.085;1223.751;175.014
2849;1;El Conquistador;final;1190.421;1739.89;1190.421;299.89;275.776
2849.1;1;El Conquistador;final;1332.31;2566.771;1332.31;1126.771;86.832
2850;1;El Conquistador;final;1269.144;1751.89;1269.144;311.89;279.967
2850.1;1;El Conquistador;final;1489.41;2608.39;49.41;1168.39;142.708
2851;1;El Conquistador;final;1232.421;1763.89;1232.421;323.89;276.073
2851.1;1;El Conquistador;final;1377.31;2611.771;1377.31;1171.771;86.832
2852;1;El Conquistador;final;1329.539;1775.89;1329.539;335.89;314.613
2852.1;1;El Conquistador;final;1535.494;2726.63;95.494;1286.63;124.797
2853;1;El Conquistador;final;1286.421;1787.14;1286.421;347.14;276.073
2853.1;1;El Conquistador;final;1479.021;2664.271;39.021;1224.271;125.489
2854;1;El Conquistador;final;1377.539;1798.39;1377.539;358.39;314.317
2854.1;1;El Conquistador;final;1453.922;2766.63;13.922;1326.63;67.285
2855;1;El Conquistador;final;1326.234;1809.64;1326.234;369.64;301.365
2855.1;1;El Conquistador;final;1391.772;2721.716;1391.772;1281.716;51.917
2856;1;El Conquistador;final;1293.539;1820.89;1293.539;380.89;274.473
2857;1;El Conquistador;final;1300.644;1832.14;1300.644;392.14;277.26
2858;1;El Conquistador;final;1339.81;1915.89;1339.81;475.89;277.26
2858.1;1;El Conquistador;final;1435.388;2685.89;1435.388;1245.89;86.36
2859;1;El Conquistador;final;1372.955;1925.89;1372.955;485.89;276.073
2860;1;Vespucio Norte;final;1290.032;1798.349;1290.032;358.349;293.152
2861;1;Vespucio Norte;final;540.813;1806.516;540.813;366.516;61.279
2862;1;Vespucio Norte;final;1311.515;1814.683;1311.515;374.683;275.812
2862.1;1;Vespucio Norte;final;1458.532;2698.349;18.532;1258.349;96.814
2863;1;Vespucio Norte;final;1382.636;1822.849;1382.636;382.849;301.672
2864;1;Vespucio Norte;final;565.313;1831.016;565.313;391.016;61.279
2865;1;Vespucio Norte;final;1186.665;1847.349;1186.665;407.349;229.173
2866;1;Vespucio Norte;final;1392.417;1855.516;1392.417;415.516;293.626
2867;1;Vespucio Norte;final;1195.232;1863.683;1195.232;423.683;229.173
2868;1;Vespucio Norte;final;606.146;1871.849;606.146;431.849;61.279
2869;1;Vespucio Norte;final;1288.105;1880.016;1288.105;440.016;237.049
2870;1;Vespucio Norte;final;1345.098;1888.183;1345.098;448.183;252.492
2871;1;Vespucio Norte;final;1261.398;1888.349;1261.398;448.349;239.502
2872;1;Vespucio Norte;final;1285.398;2518.349;1285.398;1078.349;83.824
2873;1;Vespucio Norte;final;1390.532;1792.07;1390.532;352.07;311.113
2873.1;1;Vespucio Norte;final;1454.048;2724.235;14.048;1284.235;88.632
2874;1;Vespucio Norte;final;1349.279;1837.037;1349.279;397.037;291.737
2874.1;1;Vespucio Norte;final;1413.532;2725.054;1413.532;1285.054;69.924
2875;1;Vespucio Norte;final;1313.013;1859.52;1313.013;419.52;312.416
2875.1;1;Vespucio Norte;final;1450.078;2752.415;10.078;1312.415;61.729
2876;1;Vespucio Norte;final;1272.78;1882.004;1272.78;442.004;255.568
2877;1;Vespucio Norte;final;1264.105;1882.07;1264.105;442.07;244.681
2878;1;Vespucio Norte;final;1418.065;1894.92;1418.065;454.92;311.113
2878.1;1;Vespucio Norte;final;1484.048;2754.235;44.048;1314.235;88.632
2879;1;Vespucio Norte;final;894.498;1468.349;894.498;28.349;252.492
2879.1;1;Vespucio Norte;final;1262.932;2327.699;1262.932;887.699;120.133
2880;1;Vespucio Norte;final;1160.965;1576.349;1160.965;136.349;284.874
2880.1;1;Vespucio Norte;final;1370.732;2548.349;1370.732;1108.349;120.133
2881;1;Vespucio Norte;final;996.698;1630.349;996.698;190.349;261.555
2881.1;1;Vespucio Norte;final;1293.515;2411.683;1293.515;971.683;120.133
2882;1;Vespucio Norte;final;1245.515;1684.349;1245.515;244.349;308.193
2883;1;Vespucio Norte;final;1275.515;1738.349;1275.515;298.349;308.193
2884;1;Vespucio Norte;final;1217.098;1743.349;1217.098;303.349;284.874
2884.1;1;Vespucio Norte;final;1502.782;2602.349;62.782;1162.349;160.792
2885;1;Vespucio Norte;final;1211.43;1748.349;1211.43;308.349;293.308
2885.1;1;Vespucio Norte;final;1443.532;2596.07;3.532;1156.07;129.28
2886;1;Vespucio Norte;final;1283.305;1753.349;1283.305;313.349;292.75
2886.1;1;Vespucio Norte;final;1523.789;2661.819;83.789;1221.819;143.732
2887;1;Vespucio Norte;final;1317.515;1758.349;1317.515;318.349;308.193
2888;1;Vespucio Norte;final;1316.905;1763.349;1316.905;323.349;305.74
2888.1;1;Vespucio Norte;final;1356.636;2696.119;1356.636;1256.119;43.669
2889;1;Vespucio Norte;final;1257.232;1768.349;1257.232;328.349;284.874
2890;1;Vespucio Norte;final;1329.515;1773.349;1329.515;333.349;308.193
2891;1;Vespucio Norte;final;1324.18;1778.349;1324.18;338.349;303.637
2892;1;Vespucio Norte;final;1353.515;1783.349;1353.515;343.349;308.193
2893;1;Vespucio Norte;final;1348.232;1788.349;1348.232;348.349;308.193
2894;1;Vespucio Norte;final;1273.398;1793.349;1273.398;353.349;271.884
2895;1;Vespucio Norte;final;602.449;1798.349;602.449;358.349;90.082
2896;1;Vespucio Norte;final;611.015;1806.916;611.015;366.916;90.082
2897;1;Vespucio Norte;final;615.299;1811.199;615.299;371.199;90.082
2898;1;Vespucio Norte;final;1310.032;1815.483;1310.032;375.483;278.142
2899;1;Vespucio Norte;final;1319.398;1824.049;1319.398;384.049;284.874
2900;1;Vespucio Norte;final;632.432;1828.333;632.432;388.333;90.082
2901;1;Vespucio Norte;final;1378.896;1832.616;1378.896;392.616;293.928
2901.1;1;Vespucio Norte;final;1432.579;2812.415;1432.579;1372.415;33.489
2902;1;Vespucio Norte;final;1166.032;1841.183;1166.032;401.183;214.163
2903;1;Vespucio Norte;final;1305.515;1845.466;1305.515;405.466;284.874
2903.1;1;Vespucio Norte;final;1499.048;2692.349;59.048;1252.349;120.133
2904;1;Vespucio Norte;final;1330.263;1849.749;1330.263;409.749;306.158
2904.1;1;Vespucio Norte;final;1409.348;2710.004;1409.348;1270.004;69.924
2905;1;Vespucio Norte;final;1249.798;1858.316;1249.798;418.316;261.555
2905.1;1;Vespucio Norte;final;1491.922;2638.349;51.922;1198.349;140.999
2906;1;Vespucio Norte;final;1307.305;1862.599;1307.305;422.599;269.431
2907;1;Vespucio Norte;final;1347.515;1866.883;1347.515;426.883;284.874
2908;1;Vespucio Norte;final;1424.048;1875.449;1424.048;435.449;308.193
2908.1;1;Vespucio Norte;final;1542.782;2808.349;102.782;1368.349;90.082
2909;1;Vespucio Norte;final;1380.532;1879.733;1380.532;439.733;278.142
2910;1;Vespucio Norte;final;1359.482;1888.299;1359.482;448.299;284.874
2911;1;Vespucio Norte;final;1341.515;1888.349;1341.515;448.349;284.874
2911.1;1;Vespucio Norte;final;1488.532;2728.349;48.532;1288.349;96.814
2912;1;Vespucio Norte;final;1296.699;2498.349;1296.699;1058.349;90.082
2913;1;Vespucio Norte;final;1584.626;2518.349;144.626;1078.349;217.775
2914;1;Vespucio Norte;final;1171.732;1788.735;1171.732;348.735;253.373
2914.1;1;Vespucio Norte;final;1537.655;2558.349;97.655;1118.349;197.332
2915;1;Vespucio Norte;final;1325.548;1796.901;1325.548;356.901;311.599
2915.1;1;Vespucio Norte;final;1514.048;2710.349;74.048;1270.349;120.133
2916;1;Vespucio Norte;final;1269.515;1805.068;1269.515;365.068;276.693
2917;1;Vespucio Norte;final;1321.398;1813.235;1321.398;373.235;278.207
2918;1;El Conquistador;final;1270.421;1710.152;1270.421;270.152;280.123
2918.1;1;El Conquistador;final;1524.171;2598.152;84.171;1158.152;152.703
2919;1;El Conquistador;final;1254.271;1730.152;1254.271;290.152;288.677
2920;1;El Conquistador;final;1314.021;1750.152;1314.021;310.152;280.123
2921;1;El Conquistador;final;1285.349;1770.152;1285.349;330.152;262.154
2922;1;El Conquistador;final;1432.502;1780.152;1432.502;340.152;310.402
2922.1;1;El Conquistador;final;1560.005;2835.576;120.005;1395.576;81.501
2923;1;El Conquistador;final;1250.475;1790.152;1250.475;350.152;271.112
2923.1;1;El Conquistador;final;1412.317;2636.51;1412.317;1196.51;89.66
2924;1;El Conquistador;final;1374.521;1800.152;1374.521;360.152;288.677
2925;1;El Conquistador;final;1384.521;1810.152;1384.521;370.152;189.03
2926;1;El Conquistador;final;1546.797;1820.152;106.797;380.152;275.065
2927;1;El Conquistador;final;1552.247;1830.152;112.247;390.152;249.315
2928;1;El Conquistador;final;1323.533;1840.152;1323.533;400.152;155.739
2929;1;El Conquistador;final;1366.617;1850.152;1366.617;410.152;169.396
2930;1;El Conquistador;final;1456.488;2370.152;16.488;930.152;189.03
2931;1;El Conquistador;final;1237.721;2394.152;1237.721;954.152;99.73
2932;1;Los Espinos + Santa Rosa;final;624.329;1382.332;624.329;1382.332;287.907
2932.1;1;Los Espinos + Santa Rosa;final;1490.25;1996.377;50.25;556.377;300.39
2933;1;Los Espinos + Santa Rosa;final;673.642;1412.332;673.642;1412.332;290.63
2933.1;1;Los Espinos + Santa Rosa;final;1466.996;2036.332;26.996;596.332;280.943
2933.2;1;Los Espinos + Santa Rosa;final;1603.758;2843.564;163.758;1403.564;94.887
2934;1;Los Espinos + Santa Rosa;final;698.977;1442.332;698.977;2.332;300.473
2934.1;1;Los Espinos + Santa Rosa;final;1287.681;2139.292;1287.681;699.292;187.946
2935;1;Los Espinos + Santa Rosa;final;870.246;1472.332;870.246;32.332;299.323
2935.1;1;Los Espinos + Santa Rosa;final;1355.413;2299.83;1355.413;859.83;166.716
2936;1;Los Espinos + Santa Rosa;final;691.342;1388.457;691.342;1388.457;269.648
2936.1;1;Los Espinos + Santa Rosa;final;1380.069;2139.437;1380.069;699.437;218.625
2937;1;Los Espinos + Santa Rosa;final;727.258;1418.457;727.258;1418.457;304.003
2937.1;1;Los Espinos + Santa Rosa;final;1441.525;2111.082;1.525;671.082;259.34
2938;1;Los Espinos + Santa Rosa;final;772.258;1448.457;772.258;8.457;304.003
2938.1;1;Los Espinos + Santa Rosa;final;1312.396;2154.832;1312.396;714.832;188.004
2939;1;Los Espinos + Santa Rosa;final;1279.8;1478.457;1279.8;38.457;307.434
2939.1;1;Los Espinos + Santa Rosa;final;1530.584;2639.324;90.584;1199.324;151.579
2940;1;Vespucio Norte;final;1217.332;1738.349;1217.332;298.349;284.874
2940.1;1;Vespucio Norte;final;1370.548;2604.016;1370.548;1164.016;84.329
2941;1;Vespucio Norte;final;1222.263;1746.916;1222.263;306.916;306.158
2941.1;1;Vespucio Norte;final;1304.298;2598.154;1304.298;1158.154;69.924
2942;1;Vespucio Norte;final;1308.36;1755.483;1308.36;315.483;312.382
2942.1;1;Vespucio Norte;final;1421.847;2729.707;1421.847;1289.707;52.387
2943;1;Vespucio Norte;final;1258.263;1764.049;1258.263;324.049;306.158
2943.1;1;Vespucio Norte;final;1408.896;2632.904;1408.896;1192.904;91.109
2944;1;Vespucio Norte;final;1193.826;1772.616;1193.826;332.616;291.324
2944.1;1;Vespucio Norte;final;1410.163;2606.298;1410.163;1166.298;98.592
2945;1;Vespucio Norte;final;1251.515;1781.183;1251.515;341.183;284.874
2945.1;1;Vespucio Norte;final;1480.346;2638.349;40.346;1198.349;141.417
2946;1;Vespucio Norte;final;1321.572;1789.749;1321.572;349.749;305.74
2946.1;1;Vespucio Norte;final;1478.789;2700.369;38.789;1260.369;100.864
2947;1;Vespucio Norte;final;1372.972;1798.316;1372.972;358.316;249.534
2948;1;Vespucio Norte;final;1299.515;1798.349;1299.515;358.349;284.874
2949;1;Vespucio Norte;final;538.663;1803.966;538.663;363.966;70.706
2950;1;Vespucio Norte;final;1318.263;1809.583;1318.263;369.583;306.158
2950.1;1;Vespucio Norte;final;1396.498;2697.154;1396.498;1257.154;69.924
2951;1;Vespucio Norte;final;549.896;1815.199;549.896;375.199;70.706
2952;1;Vespucio Norte;final;555.513;1820.816;555.513;380.816;70.706
2953;1;Vespucio Norte;final;1290.532;1826.433;1290.532;386.433;302.214
2954;1;Vespucio Norte;final;566.746;1832.049;566.746;392.049;70.706
2955;1;Vespucio Norte;final;1401.695;1837.666;1401.695;397.666;310.03
2956;1;Vespucio Norte;final;577.979;1843.283;577.979;403.283;70.706
2957;1;Vespucio Norte;final;1335.515;1848.899;1335.515;408.899;284.874
2957.1;1;Vespucio Norte;final;1529.048;2728.349;89.048;1288.349;120.133
2958;1;Vespucio Norte;final;589.213;1854.516;589.213;414.516;70.706
2959;1;Vespucio Norte;final;594.829;1860.133;594.829;420.133;70.706
2960;1;Vespucio Norte;final;1271.598;1865.749;1271.598;425.749;261.555
2960.1;1;Vespucio Norte;final;1469.048;2656.349;29.048;1216.349;120.133
2961;1;Vespucio Norte;final;1350.532;1876.983;1350.532;436.983;302.214
2961.1;1;Vespucio Norte;final;1471.922;2671.735;31.922;1231.735;109.499
2962;1;Vespucio Norte;final;622.913;1888.216;622.913;448.216;70.706
2963;1;Vespucio Norte;final;1360.532;1888.349;1360.532;448.349;302.214
2963.1;1;Vespucio Norte;final;1426.982;2682.985;1426.982;1242.985;88.632
2964;1;Vespucio Norte;final;606.063;1780.054;606.063;340.054;114.527
2965;1;Vespucio Norte;final;617.296;1790.054;617.296;350.054;114.527
2966;1;Los Espinos + Santa Rosa;final;1245.998;1693.115;1245.998;253.115;313.045
2966.1;1;Los Espinos + Santa Rosa;final;1525.267;2598.042;85.267;1158.042;154.51
2967;1;Los Espinos + Santa Rosa;final;1103.369;1703.115;1103.369;263.115;288.272
2967.1;1;Los Espinos + Santa Rosa;final;1524.207;2490.709;84.207;1050.709;178.566
2968;1;Los Espinos + Santa Rosa;final;1259.119;1713.115;1259.119;273.115;298.312
2969;1;Los Espinos + Santa Rosa;final;1258.015;1723.115;1258.015;283.115;298.89
2969.1;1;Los Espinos + Santa Rosa;final;1504.746;2606.536;64.746;1166.536;151.428
2970;1;Los Espinos + Santa Rosa;final;1133.651;1733.115;1133.651;293.115;272.671
2970.1;1;Los Espinos + Santa Rosa;final;1326.64;2538.657;1326.64;1098.657;104.682
2971;1;Los Espinos + Santa Rosa;final;1276.575;1743.115;1276.575;303.115;206.732
2972;1;Los Espinos + Santa Rosa;final;484.403;1753.115;484.403;313.115;73.157
2973;1;Los Espinos + Santa Rosa;final;1287.465;1764.365;1287.465;324.365;293.335
2974;1;Los Espinos + Santa Rosa;final;1173.253;1843.115;1173.253;403.115;228.052
2975;1;Los Espinos + Santa Rosa;final;1389.954;1780.132;1389.954;340.132;304.166
2975.1;1;Los Espinos + Santa Rosa;final;1449.147;2792.865;9.147;1352.865;45.772
2976;1;Los Espinos + Santa Rosa;final;1223.719;1910.881;1223.719;470.881;235.636
2977;1;El Conquistador;final;1292.913;1793.585;1292.913;353.585;139.265
2978;1;El Conquistador;final;1451.178;1815.502;11.178;375.502;180.369
2979;1;El Conquistador;final;1412.392;1822.419;1412.392;382.419;157.103
2980;1;El Conquistador;final;1476.688;1829.335;36.688;389.335;182.432
2981;1;El Conquistador;final;1543.163;1836.252;103.163;396.252;210.844
2982;1;El Conquistador;final;1468.375;1857.002;28.375;417.002;174.232
2983;1;El Conquistador;final;1503.989;1863.919;63.989;423.919;197.123
2984;1;El Conquistador;final;1477.478;1870.835;37.478;430.835;180.369
2985;1;El Conquistador;final;1527.882;1884.669;87.882;444.669;195.65
2986;1;El Conquistador;final;1356.818;1891.585;1356.818;451.585;110.916
2987;1;El Conquistador;final;1350.68;1898.502;1350.68;458.502;99.016
2988;1;El Conquistador;final;1342.984;1898.585;1342.984;458.585;110.916
2989;1;El Conquistador;final;1352.475;2595.466;1352.475;1155.466;71.55
2990;1;El Conquistador;final;1291.697;2607.466;1291.697;1167.466;45.86
2991;1;El Conquistador;final;1292.947;2619.466;1292.947;1179.466;45.86
2992;1;El Conquistador;final;1483.233;2649.466;43.233;1209.466;110.159
2993;1;El Conquistador;final;1352.947;2679.466;1352.947;1239.466;45.86
2994;1;El Conquistador;final;1182.033;1815.584;1182.033;375.584;192.74
2995;1;El Conquistador;intermedia;678.236;1178.0;678.236;1178.0;264.08
2995;2;El Conquistador;final;1584.171;1441.445;144.171;1.445;201.534
2996;1;El Conquistador;final;1088.562;1576.445;1088.562;136.445;282.254
2996.1;1;El Conquistador;final;1441.584;2496.968;1.584;1056.968;144.295
2997;1;El Conquistador;final;1228.675;1711.445;1228.675;271.445;298.403
2997.1;1;El Conquistador;final;1382.08;2615.105;1382.08;1175.105;86.42
2998;1;El Conquistador;final;1223.479;1720.012;1223.479;280.012;272.002
2999;1;El Conquistador;final;1181.862;1728.579;1181.862;288.579;283.692
2999.1;1;El Conquistador;final;1316.834;2577.234;1316.834;1137.234;73.004
3000;1;El Conquistador;final;1309.322;1737.145;1309.322;297.145;265.317
3001;1;El Conquistador;final;1232.579;1745.712;1232.579;305.712;287.614
3001.1;1;El Conquistador;final;1549.701;2642.551;109.701;1202.551;146.848
3002;1;El Conquistador;final;1267.697;1754.279;1267.697;314.279;176.597
3003;1;El Conquistador;final;1231.562;1762.845;1231.562;322.845;287.079
3003.1;1;El Conquistador;final;1389.964;2633.334;1389.964;1193.334;77.254
3004;1;El Conquistador;final;1179.384;1771.412;1179.384;331.412;266.353
3005;1;El Conquistador;final;1283.279;1771.445;1283.279;331.445;290.832
3005.1;1;El Conquistador;final;1421.864;2681.284;1421.864;1241.284;77.254
3006;1;El Conquistador;final;1216.017;1778.362;1216.017;338.362;270.359
3007;1;El Conquistador;final;1268.279;1785.279;1268.279;345.279;278.418
3007.1;1;El Conquistador;final;1409.014;2668.434;1409.014;1228.434;77.254
3008;1;El Conquistador;final;1213.651;1792.195;1213.651;352.195;259.963
3009;1;El Conquistador;final;1313.279;1806.029;1313.279;366.029;288.731
3009.1;1;El Conquistador;final;1506.544;2713.751;66.544;1273.751;117.696
3010;1;El Conquistador;final;1265.414;1812.945;1265.414;372.945;266.484
3011;1;El Conquistador;final;1247.917;1819.862;1247.917;379.862;260.499
3012;1;El Conquistador;final;1328.279;1833.695;1328.279;393.695;282.171
3012.1;1;El Conquistador;final;1473.264;2732.684;33.264;1292.684;77.254
3013;1;El Conquistador;final;1283.847;1840.612;1283.847;400.612;272.874
3014;1;El Conquistador;final;1345.612;1847.529;1345.612;407.529;286.543
3014.1;1;El Conquistador;final;1461.384;2749.868;21.384;1309.868;74.739
3015;1;El Conquistador;final;1273.234;1854.445;1273.234;414.445;261.698
3016;1;El Conquistador;final;1275.434;1861.362;1275.434;421.362;267.806
3017;1;El Conquistador;final;1344.962;1861.445;1344.962;421.445;287.531
3017.1;1;El Conquistador;final;1459.701;2747.734;19.701;1307.734;73.004
3018;1;El Conquistador;final;1360.612;1895.195;1360.612;455.195;287.079
3018.1;1;El Conquistador;final;1492.247;2762.734;52.247;1322.734;77.254
3019;1;El Conquistador;final;1379.525;1906.445;1379.525;466.445;278.658
3020;1;El Conquistador;final;1382.234;1940.195;1382.234;500.195;268.541
3021;1;El Conquistador;final;1145.417;1951.445;1145.417;511.445;192.143
3022;1;El Conquistador;final;1444.701;2371.379;4.701;931.379;190.944
3023;1;El Conquistador;final;1263.434;2371.445;1263.434;931.445;123.123
3024;1;El Conquistador;final;1287.434;2401.445;1287.434;961.445;123.123
3025;1;El Conquistador;final;1458.83;1759.507;18.83;319.507;287.304
3026;1;El Conquistador;final;1407.43;1771.507;1407.43;331.507;258.653
3027;1;La Reina;final;1282.119;1753.259;1282.119;313.259;282.092
3028;1;La Reina;final;1371.736;1838.192;1371.736;398.192;297.807
3029;1;La Reina;final;1370.162;1883.259;1370.162;443.259;254.744
3030;1;La Reina;final;1339.886;1767.148;1339.886;327.148;300.596
3031;1;La Reina;final;1247.436;1774.648;1247.436;334.648;312.216
3031.1;1;La Reina;final;1404.371;2641.164;1404.371;1201.164;109.926
3032;1;La Reina;final;1374.035;1782.148;1374.035;342.148;307.983
3033;1;La Reina;final;1358.633;1789.648;1358.633;349.648;239.758
3034;1;La Reina;final;1342.648;1797.148;1342.648;357.148;268.54
3034.1;1;La Reina;final;1505.981;2727.777;65.981;1287.777;102.783
3035;1;La Reina;final;1343.062;1804.648;1343.062;364.648;260.116
3036;1;La Reina;final;1357.584;1819.648;1357.584;379.648;312.085
3036.1;1;La Reina;final;1528.817;2658.357;88.817;1218.357;159.007
3037;1;La Reina;final;1391.579;1833.848;1391.579;393.848;294.679
3038;1;La Reina;final;1147.385;1852.781;1147.385;412.781;196.698
3039;1;La Reina;final;1193.577;1857.514;1193.577;417.514;210.7
3040;1;La Reina;final;1256.638;1862.248;1256.638;422.248;103.589
3041;1;La Reina;final;1238.035;1876.448;1238.035;436.448;214.072
3042;1;La Reina;final;1200.268;1890.648;1200.268;450.648;212.092
3043;1;La Reina;final;1190.641;2539.648;1190.641;1099.648;34.347
3044;1;El Conquistador;final;1085.951;1473.284;1085.951;33.284;274.718
3044.1;1;El Conquistador;final;1444.292;2473.548;4.292;1033.548;137.226
3045;1;El Conquistador;final;1271.599;1689.284;1271.599;249.284;285.648
3046;1;El Conquistador;final;1262.292;1743.284;1262.292;303.284;272.521
3046.1;1;El Conquistador;final;1441.025;2656.134;1.025;1216.134;93.49
3047;1;El Conquistador;final;1288.625;1748.734;1288.625;308.734;301.063
3047.1;1;El Conquistador;final;1375.973;2676.535;1375.973;1236.535;61.832
3048;1;El Conquistador;final;1190.542;1754.184;1190.542;314.184;274.676
3049;1;El Conquistador;final;1164.067;1759.634;1164.067;319.634;274.99
3049.1;1;El Conquistador;final;1393.952;2477.933;1393.952;1037.933;138.379
3050;1;El Conquistador;final;1335.747;1765.084;1335.747;325.084;306.984
3050.1;1;El Conquistador;final;1419.028;2665.233;1419.028;1225.233;85.981
3051;1;El Conquistador;final;1297.791;1770.534;1297.791;330.534;298.129
3051.1;1;El Conquistador;final;1517.408;2681.61;77.408;1241.61;120.514
3052;1;El Conquistador;final;1362.341;1775.984;1362.341;335.984;287.267
3052.1;1;El Conquistador;final;1559.793;2746.61;119.793;1306.61;117.109
3053;1;El Conquistador;final;551.103;1781.434;551.103;341.434;85.884
3054;1;El Conquistador;final;1218.693;1786.884;1218.693;346.884;281.173
3054.1;1;El Conquistador;final;1457.092;2613.284;17.092;1173.284;108.415
3055;1;El Conquistador;final;1357.791;1792.334;1357.791;352.334;300.809
3056;1;El Conquistador;final;1371.276;1803.284;1371.276;363.284;303.074
3057;1;El Conquistador;final;1285.237;1807.567;1285.237;367.567;294.63
3057.1;1;El Conquistador;final;1551.533;2590.433;111.533;1150.433;164.109
3058;1;El Conquistador;final;611.587;1811.851;611.587;371.851;85.884
3059;1;El Conquistador;final;615.87;1816.134;615.87;376.134;85.884
3060;1;El Conquistador;final;1311.679;1820.417;1311.679;380.417;266.931
3061;1;El Conquistador;final;1401.417;1824.701;1401.417;384.701;309.198
3061.1;1;El Conquistador;final;1459.558;2705.067;19.558;1265.067;90.535
3062;1;El Conquistador;final;1441.905;1828.984;1.905;388.984;309.613
3062.1;1;El Conquistador;final;1497.868;2768.685;57.868;1328.685;83.336
3063;1;El Conquistador;final;637.287;1837.551;637.287;397.551;85.884
3064;1;El Conquistador;final;1348.659;1841.834;1348.659;401.834;260.803
3065;1;El Conquistador;final;1347.659;1846.117;1347.659;406.117;294.924
3066;1;El Conquistador;final;1299.079;1854.684;1299.079;414.684;269.113
3067;1;El Conquistador;final;1414.491;1876.101;1414.491;436.101;300.809
3067.1;1;El Conquistador;final;1546.447;2800.548;106.447;1360.548;85.151
3068;1;El Conquistador;final;1305.253;1884.667;1305.253;444.667;272.561
3068.1;1;El Conquistador;final;1451.215;2708.499;11.215;1268.499;78.105
3069;1;El Conquistador;final;1359.028;1893.234;1359.028;453.234;275.927
3070;1;El Conquistador;final;1255.546;1893.284;1255.546;453.284;229.219
3071;1;El Conquistador;final;1444.262;1920.284;4.262;480.284;307.458
3071.1;1;El Conquistador;final;1515.908;2756.414;75.908;1316.414;93.458
3072;1;El Conquistador;final;1280.441;1938.284;1280.441;498.284;242.709
3073;1;El Conquistador;final;642.334;1365.861;642.334;1365.861;290.857
3073.1;1;El Conquistador;final;1537.408;2064.979;97.408;624.979;281.31
3074;1;El Conquistador;final;735.634;1395.861;735.634;1395.861;270.552
3074.1;1;El Conquistador;final;1401.97;2171.029;1401.97;731.029;219.69
3075;1;El Conquistador;final;1220.542;1773.861;1220.542;333.861;264.857
3076;1;El Conquistador;final;1306.535;1782.861;1306.535;342.861;255.734
3077;1;El Conquistador;final;1379.347;1791.861;1379.347;351.861;280.451
3078;1;El Conquistador;final;1260.146;1800.861;1260.146;360.861;252.366
3079;1;El Conquistador;final;1265.092;1809.861;1265.092;369.861;283.088
3080;1;El Conquistador;final;1356.359;1743.049;1356.359;303.049;299.693
3080.1;1;El Conquistador;final;1530.959;2717.43;90.959;1277.43;106.013
3081;1;El Conquistador;final;435.177;1755.049;435.177;315.049;50.022
3082;1;El Conquistador;final;1385.942;1767.049;1385.942;327.049;299.693
3082.1;1;El Conquistador;final;1449.61;2751.697;9.61;1311.697;64.994
3083;1;El Conquistador;final;1386.901;1779.049;1386.901;339.049;268.989
3084;1;El Conquistador;final;471.177;1791.049;471.177;351.049;50.022
3085;1;El Conquistador;final;504.01;1803.049;504.01;363.049;50.022
3086;1;El Conquistador;final;515.26;1814.299;515.26;374.299;50.022
3087;1;El Conquistador;final;526.51;1825.549;526.51;385.549;50.022
3088;1;El Conquistador;final;537.76;1836.799;537.76;396.799;50.022
3089;1;El Conquistador;final;549.01;1848.049;549.01;408.049;50.022
3090;1;El Conquistador;final;560.26;1859.299;560.26;419.299;50.022
3091;1;El Conquistador;final;1198.008;1870.549;1198.008;430.549;167.134
3092;1;El Conquistador;final;1475.434;1881.799;35.434;441.799;299.426
3093;1;El Conquistador;final;1246.008;1893.049;1246.008;453.049;166.754
3094;1;El Conquistador;final;1213.484;1938.049;1213.484;498.049;180.695
3095;1;El Conquistador;final;652.919;1468.463;652.919;28.463;253.112
3095.1;1;El Conquistador;final;1459.919;2061.609;19.919;621.609;303.392
3096;1;El Conquistador;final;1231.44;1738.463;1231.44;298.463;281.585
3097;1;El Conquistador;final;1269.346;1743.463;1269.346;303.463;275.907
3098;1;El Conquistador;final;1293.751;1748.463;1293.751;308.463;283.316
3098.1;1;El Conquistador;final;1510.487;2687.89;70.487;1247.89;126.596
3099;1;El Conquistador;final;1267.495;1753.463;1267.495;313.463;279.018
3100;1;El Conquistador;final;1213.83;1758.463;1213.83;318.463;255.869
3101;1;El Conquistador;final;1315.551;1763.463;1315.551;323.463;283.316
3101.1;1;El Conquistador;final;1448.036;2710.088;8.036;1270.088;104.375
3102;1;El Conquistador;final;1288.008;1768.463;1288.008;328.463;278.271
3103;1;El Conquistador;final;1295.509;1773.463;1295.509;333.463;272.631
3104;1;El Conquistador;final;1319.563;1778.463;1319.563;338.463;283.907
3105;1;El Conquistador;final;1228.83;1783.463;1228.83;343.463;250.361
3106;1;El Conquistador;final;1286.23;1788.463;1286.23;348.463;270.399
3107;1;El Conquistador;final;1305.825;1793.463;1305.825;353.463;270.693
3108;1;El Conquistador;final;1288.83;1798.463;1288.83;358.463;256.178
3109;1;El Conquistador;final;1326.23;1802.363;1326.23;362.363;270.709
3110;1;El Conquistador;final;603.247;1806.263;603.247;366.263;82.647
3111;1;El Conquistador;final;1370.051;1810.163;1370.051;370.163;278.118
3111.1;1;El Conquistador;final;1485.869;2762.638;45.869;1322.638;104.375
3112;1;El Conquistador;final;1301.937;1814.063;1301.937;374.063;291.99
3113;1;El Conquistador;final;1318.83;1817.963;1318.83;377.963;256.178
3114;1;El Conquistador;final;1328.812;1821.863;1328.812;381.863;300.211
3115;1;El Conquistador;final;1292.147;1825.763;1292.147;385.763;250.671
3116;1;El Conquistador;final;1311.33;1829.663;1311.33;389.663;258.671
3117;1;El Conquistador;final;1427.341;1833.563;1427.341;393.563;290.231
3118;1;El Conquistador;final;1404.688;1837.463;1404.688;397.463;304.331
3118.1;1;El Conquistador;final;1481.669;2833.528;41.669;1393.528;39.287
3119;1;El Conquistador;final;1469.839;1841.363;29.839;401.363;314.453
3120;1;El Conquistador;final;1461.225;1845.263;21.225;405.263;308.134
3121;1;El Conquistador;final;1290.059;1849.163;1290.059;409.163;251.061
3121.1;1;El Conquistador;final;1501.851;2693.28;61.851;1253.28;104.761
3122;1;El Conquistador;final;1271.917;1853.063;1271.917;413.063;246.437
3123;1;El Conquistador;final;1299.22;1856.963;1299.22;416.963;245.606
3124;1;El Conquistador;final;1174.795;1860.863;1174.795;420.863;200.562
3125;1;El Conquistador;final;1306.72;1864.763;1306.72;424.763;243.558
3126;1;El Conquistador;final;1359.118;1868.663;1359.118;428.663;259.86
3127;1;El Conquistador;final;1322.386;1872.563;1322.386;432.563;273.016
3127.1;1;El Conquistador;final;1470.519;2732.571;30.519;1292.571;104.375
3128;1;El Conquistador;final;1417.196;1876.463;1417.196;436.463;276.216
3129;1;El Conquistador;final;1254.059;1880.363;1254.059;440.363;218.764
3130;1;El Conquistador;final;1319.07;1884.263;1319.07;444.263;250.023
3131;1;El Conquistador;final;1163.727;1888.163;1163.727;448.163;163.174
3132;1;El Conquistador;final;1372.196;1888.463;1372.196;448.463;266.004
3133;1;El Conquistador;final;1343.386;1895.963;1343.386;455.963;267.824
3134;1;El Conquistador;final;1390.247;1903.463;1390.247;463.463;258.362
3135;1;El Conquistador;final;1204.795;1910.963;1204.795;470.963;192.252
3136;1;El Conquistador;final;1234.795;1918.463;1234.795;478.463;197.759
3137;1;El Conquistador;final;633.79;1375.233;633.79;1375.233;295.846
3137.1;1;El Conquistador;final;1397.959;2081.033;1397.959;641.033;255.685
3138;1;El Conquistador;final;724.863;1405.233;724.863;1405.233;314.361
3138.1;1;El Conquistador;final;1330.619;2066.075;1330.619;626.075;211.473
3139;1;El Conquistador;final;1137.734;1745.233;1137.734;305.233;263.134
3139.1;1;El Conquistador;final;1450.826;2557.866;10.826;1117.866;127.57
3140;1;El Conquistador;final;1245.885;1755.233;1245.885;315.233;285.571
3141;1;El Conquistador;final;1264.316;1765.233;1264.316;325.233;294.704
3141.1;1;El Conquistador;final;1486.752;2565.967;46.752;1125.967;151.748
3142;1;El Conquistador;final;1219.795;1775.799;1219.795;335.799;248.497
3143;1;El Conquistador;final;1304.107;1781.083;1304.107;341.083;295.846
3143.1;1;El Conquistador;final;1386.369;2722.156;1386.369;1282.156;45.601
3144;1;El Conquistador;final;1336.241;1786.366;1336.241;346.366;282.206
3144.1;1;El Conquistador;final;1569.952;2730.535;129.952;1290.535;133.414
3145;1;El Conquistador;final;1329.225;1796.933;1329.225;356.933;266.659
3146;1;El Conquistador;final;1383.259;1802.216;1383.259;362.216;304.565
3147;1;El Conquistador;final;1249.795;1807.499;1249.795;367.499;248.497
3147.1;1;El Conquistador;final;1380.569;2642.638;1380.569;1202.638;99.492
3148;1;El Conquistador;final;1403.513;1812.783;1403.513;372.783;301.099
3149;1;El Conquistador;final;1381.847;1823.349;1381.847;383.349;296.928
3150;1;El Conquistador;final;1389.447;1828.633;1389.447;388.633;306.606
3151;1;El Conquistador;final;1307.495;1896.733;1307.495;456.733;248.497
3152;1;El Conquistador;final;1465.93;1903.649;25.93;463.649;306.606
3153;1;El Conquistador;final;1258.83;1910.566;1258.83;470.566;225.348
3154;1;El Conquistador;final;1194.792;1739.105;1194.792;299.105;281.315
3155;1;El Conquistador;final;1279.876;1746.605;1279.876;306.605;294.495
3155.1;1;El Conquistador;final;1350.105;2696.876;1350.105;1256.876;53.553
3156;1;El Conquistador;final;1299.563;1754.105;1299.563;314.105;287.99
3156.1;1;El Conquistador;final;1493.878;2683.463;53.878;1243.463;110.994
3157;1;El Conquistador;final;1277.495;1761.605;1277.495;321.605;277.592
3158;1;El Conquistador;final;1312.079;1769.105;1312.079;329.105;284.279
3159;1;El Conquistador;final;1170.885;1776.605;1170.885;336.605;240.452
3160;1;El Conquistador;final;1275.236;1784.105;1275.236;344.105;294.127
3160.1;1;El Conquistador;final;1421.215;2678.499;1421.215;1238.499;78.105
3161;1;El Conquistador;final;1377.175;1791.605;1377.175;351.605;305.793
3162;1;El Conquistador;final;1269.88;1799.105;1269.88;359.105;264.937
3163;1;El Conquistador;final;1363.196;1805.105;1363.196;365.105;285.497
3164;1;El Conquistador;final;1365.792;1811.105;1365.792;371.105;272.282
3165;1;El Conquistador;final;1355.509;1817.105;1355.509;377.105;271.206
3166;1;El Conquistador;final;1421.9;1823.105;1421.9;383.105;300.27
3166.1;1;El Conquistador;final;1463.949;2830.854;23.949;1390.854;31.874
3167;1;El Conquistador;final;1413.259;1829.105;1413.259;389.105;294.137
3168;1;El Conquistador;final;1354.196;1835.105;1354.196;395.105;274.482
3169;1;El Conquistador;final;1327.746;1841.105;1327.746;401.105;271.793
3170;1;El Conquistador;final;1303.047;1847.105;1303.047;407.105;248.936
3171;1;El Conquistador;final;1266.059;1853.105;1266.059;413.105;230.649
3172;1;El Conquistador;final;1163.546;1859.105;1163.546;419.105;198.731
3173;1;El Conquistador;final;1311.347;1865.105;1311.347;425.105;248.936
3174;1;El Conquistador;final;1181.946;1871.105;1181.946;431.105;198.731
3175;1;El Conquistador;final;1284.225;1877.105;1284.225;437.105;225.26
3176;1;El Conquistador;final;1212.295;1883.105;1212.295;443.105;204.335
3177;1;El Conquistador;final;1202.292;1889.105;1202.292;449.105;193.517
3178;1;El Conquistador;final;1378.73;1909.105;1378.73;469.105;244.765
3179;1;El Conquistador;final;1462.478;1919.105;22.478;479.105;298.499
3180;1;El Conquistador;final;1209.546;1929.105;1209.546;489.105;193.224
3181;1;El Conquistador;final;1136.369;1741.233;1136.369;301.233;252.461
3182;1;El Conquistador;final;1394.58;1775.233;1394.58;335.233;314.607
3182.1;1;El Conquistador;final;1453.878;2715.233;13.878;1275.233;85.981
3183;1;El Conquistador;final;1267.841;1785.233;1267.841;345.233;264.277
3184;1;El Conquistador;final;1272.295;1795.233;1272.295;355.233;262.005
3185;1;El Conquistador;final;1284.434;1805.233;1284.434;365.233;263.289
3186;1;El Conquistador;final;1156.692;1855.233;1156.692;415.233;208.959
3187;1;El Conquistador;final;1357.495;1905.233;1357.495;465.233;262.005
3188;1;El Conquistador;final;876.911;1478.28;876.911;38.28;254.417
3188.1;1;El Conquistador;final;1257.649;2302.005;1257.649;862.005;121.103
3189;1;El Conquistador;final;1291.188;1748.28;1291.188;308.28;275.111
3190;1;El Conquistador;final;1181.858;1755.78;1181.858;315.78;266.601
3190.1;1;El Conquistador;final;1348.699;2574.038;1348.699;1134.038;106.84
3191;1;El Conquistador;final;1302.088;1763.28;1302.088;323.28;275.111
3192;1;El Conquistador;final;1347.251;1770.78;1347.251;330.78;299.607
3193;1;El Conquistador;final;1323.888;1778.28;1323.888;338.28;275.111
3194;1;El Conquistador;final;1278.83;1785.78;1278.83;345.78;267.256
3195;1;El Conquistador;final;1334.788;1793.28;1334.788;353.28;275.111
3196;1;El Conquistador;final;1234.968;1800.78;1234.968;360.78;263.572
3196.1;1;El Conquistador;final;1502.916;2638.28;62.916;1198.28;122.124
3197;1;El Conquistador;final;1425.687;1808.28;1425.687;368.28;291.387
3198;1;El Conquistador;final;1170.025;1813.563;1170.025;373.563;224.384
3199;1;El Conquistador;final;1379.799;1818.847;1379.799;378.847;291.429
3200;1;El Conquistador;final;1413.901;1824.13;1413.901;384.13;305.312
3201;1;El Conquistador;final;1311.746;1829.413;1311.746;389.413;274.152
3202;1;El Conquistador;final;1230.059;1834.697;1230.059;394.697;246.69
3203;1;El Conquistador;final;1512.872;1839.98;72.872;399.98;314.55
3204;1;El Conquistador;final;1125.521;1845.263;1125.521;405.263;200.861
3205;1;El Conquistador;final;1137.018;1850.547;1137.018;410.547;204.624
3206;1;El Conquistador;final;1368.812;1855.83;1368.812;415.83;290.691
3206.1;1;El Conquistador;final;1453.041;2674.981;13.041;1234.981;93.458
3207;1;El Conquistador;final;1166.555;1861.113;1166.555;421.113;207.545
3208;1;El Conquistador;final;1435.775;1866.397;1435.775;426.397;299.783
3209;1;El Conquistador;final;1313.282;1871.68;1313.282;431.68;223.285
3210;1;El Conquistador;final;1177.455;1876.963;1177.455;436.963;207.545
3211;1;El Conquistador;final;1450.451;1887.53;10.451;447.53;311.566
3212;1;El Conquistador;final;1314.118;1892.813;1314.118;452.813;262.317
3213;1;El Conquistador;final;1422.901;1898.28;1422.901;458.28;292.923
3214;1;El Conquistador;final;1327.743;1919.03;1327.743;479.03;299.259
3214.1;1;El Conquistador;final;1436.454;2739.817;1436.454;1299.817;73.52
3215;1;El Conquistador;final;1127.785;1925.947;1127.785;485.947;156.353
3216;1;El Conquistador;final;1512.784;1932.863;72.784;492.863;298.989
3217;1;El Conquistador;final;1407.746;1939.78;1407.746;499.78;283.31
3218;1;El Conquistador;final;1262.849;1946.697;1262.849;506.697;208.797
3219;1;El Conquistador;final;1223.385;1960.53;1223.385;520.53;198.918
3220;1;El Conquistador;final;1424.839;1988.28;1424.839;548.28;270.037
3221;1;El Conquistador;final;899.458;1432.714;899.458;1432.714;302.979
3221.1;1;El Conquistador;final;1473.878;2336.61;33.878;896.61;212.281
3222;1;El Conquistador;final;1266.022;1717.714;1266.022;277.714;286.287
3222.1;1;El Conquistador;final;1391.616;2579.455;1391.616;1139.455;99.121
3223;1;El Conquistador;final;1223.385;1725.214;1223.385;285.214;289.834
3224;1;El Conquistador;final;1344.271;1732.714;1344.271;292.714;304.981
3225;1;El Conquistador;final;1199.888;1740.214;1199.888;300.214;302.011
3225.1;1;El Conquistador;final;1277.586;2631.366;1277.586;1191.366;32.582
3226;1;El Conquistador;final;1347.491;1747.714;1347.491;307.714;198.16
3227;1;El Conquistador;final;1319.876;1755.214;1319.876;315.214;310.99
3227.1;1;El Conquistador;final;1530.006;2730.358;90.006;1290.358;103.292
3228;1;El Conquistador;final;1354.521;1762.714;1354.521;322.714;299.295
3228.1;1;El Conquistador;final;1519.701;2686.445;79.701;1246.445;120.852
3229;1;El Conquistador;final;1364.799;1768.714;1364.799;328.714;277.006
3229.1;1;El Conquistador;final;1455.299;2740.126;15.299;1300.126;73.414
3230;1;El Conquistador;final;1261.185;1774.714;1261.185;334.714;269.529
3231;1;El Conquistador;final;1177.135;1780.714;1177.135;340.714;227.953
3232;1;El Conquistador;final;1363.522;1786.714;1363.522;346.714;292.971
3232.1;1;El Conquistador;final;1558.099;2682.205;118.099;1242.205;140.85
3233;1;El Conquistador;final;1248.585;1792.714;1248.585;352.714;234.054
3234;1;El Conquistador;final;1312.702;1798.714;1312.702;358.714;282.274
3235;1;El Conquistador;final;1394.799;1804.714;1394.799;364.714;277.006
3235.1;1;El Conquistador;final;1539.071;2770.993;99.071;1330.993;98.0
3236;1;El Conquistador;final;1391.215;1810.714;1391.215;370.714;285.05
3237;1;El Conquistador;final;1339.868;1816.714;1339.868;376.714;289.834
3238;1;El Conquistador;final;1264.655;1822.714;1264.655;382.714;224.19
3239;1;El Conquistador;final;1275.555;1828.714;1275.555;388.714;224.19
3240;1;El Conquistador;final;1286.385;1834.714;1286.385;394.714;227.371
3241;1;El Conquistador;final;1331.616;1840.714;1331.616;400.714;273.713
3241.1;1;El Conquistador;final;1489.221;2707.993;49.221;1267.993;98.0
3242;1;El Conquistador;final;1305.688;1846.714;1305.688;406.714;260.072
3243;1;El Conquistador;final;1291.482;1912.714;1291.482;472.714;240.142
3244;1;El Conquistador;final;1402.213;1927.714;1402.213;487.714;262.872
3245;1;El Conquistador;final;1266.535;2482.714;1266.535;1042.714;88.457
3246;1;La Reina;final;1262.881;1754.893;1262.881;314.893;258.259
3247;1;La Reina;final;1276.412;1784.893;1276.412;344.893;279.747
3247.1;1;La Reina;final;1399.897;2684.355;1399.897;1244.355;68.837
3248;1;La Reina;final;1421.202;1814.893;1421.202;374.893;294.724
3248.1;1;La Reina;final;1490.227;2789.016;50.227;1349.016;75.629
3249;1;La Reina;final;1429.645;1829.893;1429.645;389.893;308.866
3250;1;La Reina;final;1156.168;1844.893;1156.168;404.893;199.882
3251;1;La Reina;final;1336.927;1859.893;1336.927;419.893;269.439
3252;1;La Reina;final;1394.355;1874.893;1394.355;434.893;283.904
3252.1;1;La Reina;final;1488.502;2829.374;48.502;1389.374;49.363
3253;1;La Reina;final;1246.805;1889.893;1246.805;449.893;201.285
3254;1;La Reina;final;1516.288;1904.893;76.288;464.893;308.372
3255;1;Los Espinos + Santa Rosa;final;635.613;1384.598;635.613;1384.598;294.604
3255.1;1;Los Espinos + Santa Rosa;final;1502.463;2033.63;62.463;593.63;289.532
3256;1;Los Espinos + Santa Rosa;final;679.992;1414.598;679.992;1414.598;310.808
3256.1;1;Los Espinos + Santa Rosa;final;1455.719;2086.526;15.719;646.526;258.077
3257;1;Los Espinos + Santa Rosa;final;660.859;1444.598;660.859;4.598;285.127
3257.1;1;Los Espinos + Santa Rosa;final;1431.687;2041.609;1431.687;601.609;268.976
3258;1;Los Espinos + Santa Rosa;final;680.992;1469.132;680.992;29.132;284.446
3258.1;1;Los Espinos + Santa Rosa;final;1285.337;2088.859;1285.337;648.859;203.251
3259;1;Los Espinos + Santa Rosa;final;1156.754;1616.332;1156.754;176.332;313.954
3259.1;1;Los Espinos + Santa Rosa;final;1282.342;2494.598;1282.342;1054.598;98.885
3260;1;Los Espinos + Santa Rosa;final;1126.725;1714.465;1126.725;274.465;285.223
3260.1;1;Los Espinos + Santa Rosa;final;1472.631;2478.993;32.631;1038.993;172.117
3261;1;Los Espinos + Santa Rosa;final;1256.46;1714.598;1256.46;274.598;274.683
3261.1;1;Los Espinos + Santa Rosa;final;1382.31;2630.17;1382.31;1190.17;84.764
3262;1;Los Espinos + Santa Rosa;final;1169.525;1719.598;1169.525;279.598;285.223
3262.1;1;Los Espinos + Santa Rosa;final;1311.887;2518.193;1311.887;1078.193;99.365
3263;1;Los Espinos + Santa Rosa;final;1156.475;1724.598;1156.475;284.598;283.349
3263.1;1;Los Espinos + Santa Rosa;final;1273.07;2503.643;1273.07;1063.643;84.512
3264;1;Los Espinos + Santa Rosa;final;1300.627;1729.598;1300.627;289.598;289.999
3265;1;Los Espinos + Santa Rosa;final;1183.025;1734.598;1183.025;294.598;284.446
3265.1;1;Los Espinos + Santa Rosa;final;1300.32;2530.893;1300.32;1090.893;84.512
3266;1;Los Espinos + Santa Rosa;final;1227.209;1739.598;1227.209;299.598;306.657
3266.1;1;Los Espinos + Santa Rosa;final;1469.342;2571.526;29.342;1131.526;149.343
3267;1;Los Espinos + Santa Rosa;final;1198.025;1744.598;1198.025;304.598;283.349
3267.1;1;Los Espinos + Santa Rosa;final;1510.953;2541.793;70.953;1101.793;168.06
3268;1;Los Espinos + Santa Rosa;final;1203.025;1749.598;1203.025;309.598;283.349
3268.1;1;Los Espinos + Santa Rosa;final;1519.32;2547.243;79.32;1107.243;165.09
3269;1;Los Espinos + Santa Rosa;final;1315.587;1754.598;1315.587;314.598;303.163
3270;1;Los Espinos + Santa Rosa;final;1240.542;1759.598;1240.542;319.598;283.349
3270.1;1;Los Espinos + Santa Rosa;final;1456.592;2585.393;16.592;1145.393;127.908
3271;1;Los Espinos + Santa Rosa;final;1223.025;1764.598;1223.025;324.598;283.349
3271.1;1;Los Espinos + Santa Rosa;final;1560.021;2570.193;120.021;1130.193;181.039
3272;1;Los Espinos + Santa Rosa;final;1327.57;1769.598;1327.57;329.598;302.067
3273;1;Los Espinos + Santa Rosa;final;1260.542;1774.598;1260.542;334.598;285.223
3273.1;1;Los Espinos + Santa Rosa;final;1559.32;2607.193;119.32;1167.193;165.09
3274;1;Los Espinos + Santa Rosa;final;594.792;1779.332;594.792;339.332;98.885
3275;1;Los Espinos + Santa Rosa;final;1267.209;1784.065;1267.209;344.065;285.223
3275.1;1;Los Espinos + Santa Rosa;final;1489.375;2618.093;49.375;1178.093;126.035
3276;1;Los Espinos + Santa Rosa;final;1244.525;1788.798;1244.525;348.798;261.915
3276.1;1;Los Espinos + Santa Rosa;final;1385.221;2591.526;1385.221;1151.526;99.365
3277;1;Los Espinos + Santa Rosa;final;1375.587;1793.532;1375.587;353.532;304.26
3278;1;Los Espinos + Santa Rosa;final;1255.425;1798.265;1255.425;358.265;263.788
3278.1;1;Los Espinos + Santa Rosa;final;1398.554;2604.859;1398.554;1164.859;99.365
3279;1;Los Espinos + Santa Rosa;final;1268.025;1802.998;1268.025;362.998;264.108
3279.1;1;Los Espinos + Santa Rosa;final;1397.987;2618.193;1397.987;1178.193;99.365
3280;1;Los Espinos + Santa Rosa;final;1292.709;1807.732;1292.709;367.732;284.446
3281;1;Los Espinos + Santa Rosa;final;1299.375;1812.465;1299.375;372.465;283.349
3282;1;Los Espinos + Santa Rosa;final;1337.642;1817.198;1337.642;377.198;306.657
3283;1;Los Espinos + Santa Rosa;final;1319.375;1821.932;1319.375;381.932;283.349
3283.1;1;Los Espinos + Santa Rosa;final;1516.592;2663.193;76.592;1223.193;127.908
3284;1;Los Espinos + Santa Rosa;final;1299.025;1826.665;1299.025;386.665;265.982
3285;1;Los Espinos + Santa Rosa;final;1279.375;1831.398;1279.375;391.398;263.012
3286;1;Los Espinos + Santa Rosa;final;1291.742;1836.132;1291.742;396.132;261.915
3287;1;Los Espinos + Santa Rosa;final;1303.742;1840.865;1303.742;400.865;263.012
3287.1;1;Los Espinos + Santa Rosa;final;1541.342;2651.943;101.342;1211.943;149.343
3288;1;Los Espinos + Santa Rosa;final;1252.004;1845.598;1252.004;405.598;256.679
3289;1;Los Espinos + Santa Rosa;final;1315.742;1850.332;1315.742;410.332;261.915
3290;1;Los Espinos + Santa Rosa;final;1366.042;1855.065;1366.042;415.065;283.349
3291;1;Los Espinos + Santa Rosa;final;1332.709;1859.798;1332.709;419.798;260.041
3292;1;Los Espinos + Santa Rosa;final;1191.12;1864.598;1191.12;424.598;221.489
3293;1;Los Espinos + Santa Rosa;final;1425.537;1873.598;1425.537;433.598;300.193
3293.1;1;Los Espinos + Santa Rosa;final;1523.642;2779.647;83.642;1339.647;84.35
3294;1;Los Espinos + Santa Rosa;final;1274.07;1900.598;1274.07;460.598;242.923
3295;1;Los Espinos + Santa Rosa;final;1282.453;1909.598;1282.453;469.598;241.826
3296;1;Los Espinos + Santa Rosa;final;701.742;1388.193;701.742;1388.193;310.499
3296.1;1;Los Espinos + Santa Rosa;final;1474.354;2105.776;34.354;665.776;260.521
3297;1;Los Espinos + Santa Rosa;final;654.971;1418.193;654.971;1418.193;285.702
3297.1;1;Los Espinos + Santa Rosa;final;1490.953;1990.598;50.953;550.598;301.29
3298;1;Los Espinos + Santa Rosa;final;694.78;1448.193;694.78;8.193;291.402
3298.1;1;Los Espinos + Santa Rosa;final;1501.546;2141.63;61.546;701.63;274.843
3299;1;Los Espinos + Santa Rosa;final;1297.742;1728.193;1297.742;288.193;308.832
3300;1;Los Espinos + Santa Rosa;final;1235.158;1748.193;1235.158;308.193;294.296
3300.1;1;Los Espinos + Santa Rosa;final;1369.03;2572.332;1369.03;1132.332;95.065
3301;1;Los Espinos + Santa Rosa;final;1339.375;1758.193;1339.375;318.193;311.596
3301.1;1;Los Espinos + Santa Rosa;final;1536.592;2682.443;96.592;1242.443;129.005
3302;1;Los Espinos + Santa Rosa;final;1287.253;1778.193;1287.253;338.193;292.284
3303;1;Los Espinos + Santa Rosa;final;1267.62;1787.193;1267.62;347.193;292.284
3304;1;Los Espinos + Santa Rosa;final;1386.042;1796.193;1386.042;356.193;313.469
3305;1;Los Espinos + Santa Rosa;final;1392.709;1805.193;1392.709;365.193;313.469
3306;1;Los Espinos + Santa Rosa;final;1325.221;1823.193;1325.221;383.193;307.137
3307;1;Los Espinos + Santa Rosa;final;1312.004;1832.193;1312.004;392.193;283.829
3308;1;Los Espinos + Santa Rosa;final;1378.554;1923.526;1378.554;483.526;283.829
3309;1;Los Espinos + Santa Rosa;final;1298.671;1725.753;1298.671;285.753;311.131
3310;1;Los Espinos + Santa Rosa;final;1305.337;1735.753;1305.337;295.753;310.034
3310.1;1;Los Espinos + Santa Rosa;final;1419.525;2644.598;1419.525;1204.598;98.885
3311;1;Los Espinos + Santa Rosa;final;1233.434;1745.753;1233.434;305.753;309.596
3311.1;1;Los Espinos + Santa Rosa;final;1339.804;2578.668;1339.804;1138.668;89.506
3312;1;Los Espinos + Santa Rosa;final;1266.46;1755.753;1266.46;315.753;268.232
3312.1;1;Los Espinos + Santa Rosa;final;1392.31;2640.17;1392.31;1200.17;84.764
3313;1;Los Espinos + Santa Rosa;final;1232.394;1765.753;1232.394;325.753;288.114
3313.1;1;Los Espinos + Santa Rosa;final;1588.026;2582.311;148.026;1142.311;200.205
3314;1;Los Espinos + Santa Rosa;final;1251.586;1775.753;1251.586;335.753;283.015
3315;1;Los Espinos + Santa Rosa;final;1333.02;1787.003;1333.02;347.003;293.307
3315.1;1;Los Espinos + Santa Rosa;final;1532.653;2685.363;92.653;1245.363;125.279
3316;1;Los Espinos + Santa Rosa;final;1253.875;1798.253;1253.875;358.253;279.434
3316.1;1;Los Espinos + Santa Rosa;final;1371.17;2601.743;1371.17;1161.743;84.512
3317;1;Los Espinos + Santa Rosa;final;1299.115;1809.503;1299.115;369.503;297.571
3318;1;Los Espinos + Santa Rosa;final;1367.294;1820.753;1367.294;380.753;275.032
3319;1;Los Espinos + Santa Rosa;final;1222.1;1865.753;1222.1;425.753;252.153
3320;1;Los Espinos + Santa Rosa;final;1354.394;1778.311;1354.394;338.311;271.335
3321;1;Los Espinos + Santa Rosa;final;1314.767;1789.561;1314.767;349.561;306.016
3321.1;1;Los Espinos + Santa Rosa;final;1368.435;2677.874;1368.435;1237.874;64.39
3322;1;Los Espinos + Santa Rosa;final;1295.681;1812.061;1295.681;372.061;282.06
3323;1;Los Espinos + Santa Rosa;final;1293.299;1834.561;1293.299;394.561;276.859
3324;1;Los Espinos + Santa Rosa;final;1359.081;1845.811;1359.081;405.811;273.461
3325;1;Los Espinos + Santa Rosa;final;1472.112;1924.561;32.112;484.561;278.333
3326;1;Los Espinos + Santa Rosa;final;1437.719;1935.811;1437.719;495.811;275.79
3327;1;Los Espinos + Santa Rosa;final;1298.554;1725.408;1298.554;285.408;309.668
3328;1;Los Espinos + Santa Rosa;final;1255.027;1733.975;1255.027;293.975;272.793
3328.1;1;Los Espinos + Santa Rosa;final;1384.781;2602.092;1384.781;1162.092;90.272
3329;1;Los Espinos + Santa Rosa;final;1260.627;1742.541;1260.627;302.541;272.793
3329.1;1;Los Espinos + Santa Rosa;final;1393.348;2610.658;1393.348;1170.658;90.272
3330;1;Los Espinos + Santa Rosa;final;1332.127;1751.108;1332.127;311.108;310.794
3330.1;1;Los Espinos + Santa Rosa;final;1493.652;2679.292;53.652;1239.292;116.636
3331;1;Los Espinos + Santa Rosa;final;1280.665;1759.675;1280.665;319.675;295.331
3332;1;Los Espinos + Santa Rosa;final;1273.961;1768.241;1273.961;328.241;272.793
3332.1;1;Los Espinos + Santa Rosa;final;1382.081;2619.292;1382.081;1179.292;90.272
3333;1;Los Espinos + Santa Rosa;final;1343.92;1776.808;1343.92;336.808;314.375
3333.1;1;Los Espinos + Santa Rosa;final;1545.987;2698.213;105.987;1258.213;125.279
3334;1;Los Espinos + Santa Rosa;final;1247.209;1785.375;1247.209;345.375;278.291
3334.1;1;Los Espinos + Santa Rosa;final;1363.587;2594.193;1363.587;1154.193;85.608
3335;1;Los Espinos + Santa Rosa;final;594.511;1785.408;594.511;345.408;90.526
3336;1;Los Espinos + Santa Rosa;final;1237.51;1791.025;1237.51;351.025;227.425
3337;1;Los Espinos + Santa Rosa;final;1208.902;1796.641;1208.902;356.641;260.398
3338;1;Los Espinos + Santa Rosa;final;1391.887;1802.258;1391.887;362.258;307.017
3338.1;1;Los Espinos + Santa Rosa;final;1493.342;2728.598;53.342;1288.598;98.885
3339;1;Los Espinos + Santa Rosa;final;616.977;1807.875;616.977;367.875;90.526
3340;1;Los Espinos + Santa Rosa;final;1298.402;1813.491;1298.402;373.491;297.875
3340.1;1;Los Espinos + Santa Rosa;final;1538.249;2680.533;98.249;1240.533;147.589
3341;1;Los Espinos + Santa Rosa;final;1293.4;1819.108;1293.4;379.108;307.356
3341.1;1;Los Espinos + Santa Rosa;final;1354.502;2644.845;1354.502;1204.845;71.792
3342;1;Los Espinos + Santa Rosa;final;1294.394;1824.725;1294.394;384.725;227.425
3343;1;Los Espinos + Santa Rosa;final;1250.6;1830.341;1250.6;390.341;272.154
3344;1;Los Espinos + Santa Rosa;final;1386.687;1841.575;1386.687;401.575;292.164
3345;1;Los Espinos + Santa Rosa;final;1302.0;1847.191;1302.0;407.191;272.154
3346;1;Los Espinos + Santa Rosa;final;1354.402;1858.425;1354.402;418.425;274.836
3347;1;Los Espinos + Santa Rosa;final;1392.127;1869.658;1392.127;429.658;285.874
3347.1;1;Los Espinos + Santa Rosa;final;1489.765;2743.558;49.765;1303.558;90.272
3348;1;Los Espinos + Santa Rosa;final;1314.617;1875.275;1314.617;435.275;249.913
3349;1;Los Espinos + Santa Rosa;final;1319.134;1875.408;1319.134;435.408;272.154
3350;1;Los Espinos + Santa Rosa;final;1245.804;1729.292;1245.804;289.292;296.524
3350.1;1;Los Espinos + Santa Rosa;final;1321.555;2646.561;1321.555;1206.561;48.555
3351;1;Los Espinos + Santa Rosa;final;1269.353;1739.292;1269.353;299.292;302.835
3351.1;1;Los Espinos + Santa Rosa;final;1487.35;2697.632;47.35;1257.632;93.14
3352;1;Los Espinos + Santa Rosa;final;1246.7;1749.292;1246.7;309.292;285.162
3352.1;1;Los Espinos + Santa Rosa;final;1382.127;2606.4;1382.127;1166.4;90.063
3353;1;Los Espinos + Santa Rosa;final;1333.817;1759.292;1333.817;319.292;278.016
3354;1;Los Espinos + Santa Rosa;final;1312.127;1769.292;1312.127;329.292;301.083
3355;1;Los Espinos + Santa Rosa;final;1206.348;1779.292;1206.348;339.292;249.244
3356;1;Los Espinos + Santa Rosa;final;1309.817;1787.458;1309.817;347.458;292.942
3357;1;Los Espinos + Santa Rosa;final;1352.127;1795.625;1352.127;355.625;303.285
3357.1;1;Los Espinos + Santa Rosa;final;1556.592;2696.943;116.592;1256.943;127.908
3358;1;Los Espinos + Santa Rosa;final;1206.694;1803.792;1206.694;363.792;273.272
3358.1;1;Los Espinos + Santa Rosa;final;1558.298;2559.258;118.298;1119.258;187.946
3359;1;Los Espinos + Santa Rosa;final;1328.802;1811.958;1328.802;371.958;284.173
3359.1;1;Los Espinos + Santa Rosa;final;1463.652;2712.071;23.652;1272.071;90.612
3360;1;Los Espinos + Santa Rosa;final;1309.719;1820.125;1309.719;380.125;287.949
3361;1;Los Espinos + Santa Rosa;final;1310.534;1828.292;1310.534;388.292;294.755
3361.1;1;Los Espinos + Santa Rosa;final;1410.65;2657.695;1410.65;1217.695;89.118
3362;1;Los Espinos + Santa Rosa;final;1232.75;1836.458;1232.75;396.458;250.987
3363;1;Los Espinos + Santa Rosa;final;1413.556;1844.625;1413.556;404.625;311.021
3363.1;1;Los Espinos + Santa Rosa;final;1499.133;2813.041;59.133;1373.041;60.448
3364;1;Los Espinos + Santa Rosa;final;1336.234;1860.958;1336.234;420.958;299.846
3364.1;1;Los Espinos + Santa Rosa;final;1502.402;2683.395;62.402;1243.395;116.27
3365;1;Los Espinos + Santa Rosa;final;1401.915;1914.292;1401.915;474.292;285.62
3366;1;Los Espinos + Santa Rosa;final;1462.31;1925.542;22.31;485.542;279.012
3366.1;1;Los Espinos + Santa Rosa;final;1541.935;2806.405;101.935;1366.405;85.905
3367;1;Los Espinos + Santa Rosa;final;1311.735;1936.792;1311.735;496.792;255.983
3368;1;El Conquistador;final;1283.938;1406.61;1283.938;1406.61;311.177
3369;1;El Conquistador;final;1229.059;1436.61;1229.059;1436.61;308.518
3370;1;El Conquistador;final;1347.021;1736.61;1347.021;296.61;314.845
3370.1;1;El Conquistador;final;1542.871;2674.402;102.871;1234.402;142.357
3371;1;El Conquistador;final;1368.641;1745.177;1368.641;305.177;295.224
3371.1;1;El Conquistador;final;1512.212;2750.61;72.212;1310.61;94.222
3372;1;El Conquistador;final;1325.509;1753.743;1325.509;313.743;297.753
3372.1;1;El Conquistador;final;1514.38;2720.384;74.38;1280.384;101.197
3373;1;El Conquistador;final;1295.225;1762.31;1295.225;322.31;303.525
3373.1;1;El Conquistador;final;1425.536;2687.604;1425.536;1247.604;99.492
3374;1;El Conquistador;final;1257.55;1770.877;1257.55;330.877;273.932
3374.1;1;El Conquistador;final;1399.521;2560.433;1399.521;1120.433;108.1
3375;1;El Conquistador;final;1210.025;1779.443;1210.025;339.443;271.753
3375.1;1;El Conquistador;final;1395.479;2603.284;1395.479;1163.284;93.381
3376;1;El Conquistador;final;1392.238;1788.01;1392.238;348.01;311.789
3376.1;1;El Conquistador;final;1511.533;2720.152;71.533;1280.152;109.066
3377;1;El Conquistador;final;1383.314;1796.61;1383.314;356.61;300.954
3378;1;El Conquistador;final;1407.021;1802.227;1407.021;362.227;311.68
3378.1;1;El Conquistador;final;1531.533;2740.152;91.533;1300.152;109.066
3379;1;El Conquistador;final;1372.243;1807.843;1372.243;367.843;298.656
3380;1;El Conquistador;final;1375.941;1813.46;1375.941;373.46;301.179
3381;1;El Conquistador;final;1223.346;1819.077;1223.346;379.077;238.236
3382;1;El Conquistador;final;1424.525;1824.693;1424.525;384.693;304.57
3382.1;1;El Conquistador;final;1561.296;2806.61;121.296;1366.61;91.057
3383;1;El Conquistador;final;1374.271;1830.31;1374.271;390.31;299.939
3384;1;El Conquistador;final;1469.338;1835.927;29.338;395.927;311.789
3384.1;1;El Conquistador;final;1591.533;2800.152;151.533;1360.152;109.066
3385;1;El Conquistador;final;1434.028;1841.543;1434.028;401.543;292.87
3385.1;1;El Conquistador;final;1558.497;2819.105;118.497;1379.105;86.42
3386;1;El Conquistador;final;1372.292;1847.16;1372.292;407.16;313.271
3387;1;El Conquistador;final;1303.362;1852.777;1303.362;412.777;274.509
3388;1;El Conquistador;final;1191.359;1864.01;1191.359;424.01;209.024
3389;1;El Conquistador;final;1351.746;1880.86;1351.746;440.86;272.604
3390;1;El Conquistador;final;1464.508;1922.61;24.508;482.61;304.345
3391;1;El Conquistador;final;710.438;1367.881;710.438;1367.881;285.174
3391.1;1;El Conquistador;final;1292.671;2055.985;1292.671;615.985;231.657
3392;1;El Conquistador;final;799.458;1397.881;799.458;1397.881;265.885
3392.1;1;El Conquistador;final;1476.691;2252.377;36.691;812.377;215.379
3393;1;El Conquistador;final;1215.141;1717.881;1215.141;277.881;270.665
3393.1;1;El Conquistador;final;1465.891;2596.61;25.891;1156.61;120.073
3394;1;El Conquistador;final;1197.141;1727.881;1197.141;287.881;272.281
3394.1;1;El Conquistador;final;1435.196;2583.948;1435.196;1143.948;110.697
3395;1;El Conquistador;final;1239.575;1737.881;1239.575;297.881;270.225
3395.1;1;El Conquistador;final;1462.551;2627.548;22.551;1187.548;112.599
3396;1;El Conquistador;final;1311.271;1747.881;1311.271;307.881;287.79
3396.1;1;El Conquistador;final;1548.171;2640.152;108.171;1200.152;152.703
3397;1;El Conquistador;final;1354.275;1757.881;1354.275;317.881;304.266
3397.1;1;El Conquistador;final;1447.118;2758.28;7.118;1318.28;62.196
3398;1;El Conquistador;final;1371.682;1764.297;1371.682;324.297;308.075
3399;1;El Conquistador;final;1398.362;1770.714;1398.362;330.714;309.156
3399.1;1;El Conquistador;final;1522.247;2792.734;82.247;1352.734;77.254
3400;1;El Conquistador;final;1292.425;1777.131;1292.425;337.131;277.73
3400.1;1;El Conquistador;final;1493.825;2672.61;53.825;1232.61;115.733
3401;1;El Conquistador;final;1283.175;1783.547;1283.175;343.547;267.5
3402;1;El Conquistador;final;1286.741;1789.964;1286.741;349.964;273.39
3402.1;1;El Conquistador;final;1491.259;2666.61;51.259;1226.61;117.109
3403;1;El Conquistador;final;1275.291;1796.381;1275.291;356.381;267.5
3404;1;El Conquistador;final;1274.141;1802.797;1274.141;362.797;270.665
3404.1;1;El Conquistador;final;1411.133;2654.61;1411.133;1214.61;89.66
3405;1;El Conquistador;final;1351.406;1809.214;1351.406;369.214;298.32
3405.1;1;El Conquistador;final;1501.418;2755.413;61.418;1315.413;89.054
3406;1;El Conquistador;final;1267.791;1815.631;1267.791;375.631;272.281
3407;1;El Conquistador;final;1387.541;1828.464;1387.541;388.464;277.955
3408;1;El Conquistador;final;1259.563;1834.881;1259.563;394.881;258.846
3409;1;El Conquistador;final;1317.659;1841.297;1317.659;401.297;285.411
3409.1;1;El Conquistador;final;1525.211;2710.784;85.211;1270.784;120.922
3410;1;El Conquistador;final;1288.009;1847.881;1288.009;407.881;268.905
3410.1;1;El Conquistador;final;1475.292;2681.834;35.292;1241.834;93.49
3411;1;El Conquistador;final;1413.462;2477.881;1413.462;1037.881;156.798
3412;1;La Reina;final;1388.229;1824.581;1388.229;384.581;312.951
3412.1;1;La Reina;final;1499.329;2791.688;59.329;1351.688;59.539
3413;1;La Reina;final;1265.358;1840.915;1265.358;400.915;247.189
3414;1;La Reina;final;1251.981;1873.581;1251.981;433.581;248.532
3414.1;1;La Reina;final;1575.405;2653.856;135.405;1213.856;180.334
3415;1;La Reina;final;1428.235;1873.748;1428.235;433.748;286.918
3416;1;La Reina;final;1453.176;2423.748;13.176;983.748;161.174
3417;1;La Reina;final;1310.212;2433.748;1310.212;993.748;106.955
3418;1;La Reina;final;1232.496;2443.748;1232.496;1003.748;81.29
3419;1;La Reina;final;1254.862;1758.355;1254.862;318.355;264.975
3420;1;La Reina;final;1405.362;1768.355;1405.362;328.355;304.1
3420.1;1;La Reina;final;1493.819;2826.657;53.819;1386.657;48.341
3421;1;La Reina;final;1293.412;1778.355;1293.412;338.355;266.911
3422;1;La Reina;final;1261.574;1788.355;1261.574;348.355;260.507
3423;1;La Reina;final;1238.975;1808.355;1238.975;368.355;264.615
3423.1;1;La Reina;final;1472.214;2644.741;32.214;1204.741;112.201
3424;1;La Reina;final;1353.029;1817.355;1353.029;377.355;283.237
3424.1;1;La Reina;final;1536.498;2758.355;96.498;1318.355;99.393
3425;1;La Reina;final;1289.224;1826.355;1289.224;386.355;270.813
3426;1;La Reina;final;1468.235;1835.355;28.235;395.355;311.826
3427;1;La Reina;final;1264.312;1844.355;1264.312;404.355;240.625
3428;1;La Reina;final;1307.885;1880.355;1307.885;440.355;239.017
3429;1;La Reina;final;1343.414;1889.355;1343.414;449.355;262.026
3430;1;La Reina;final;1126.629;1898.355;1126.629;458.355;195.222
3431;1;Los Espinos + Santa Rosa;final;514.338;1376.634;514.338;1376.634;278.928
3431.1;1;Los Espinos + Santa Rosa;final;1403.445;1889.523;1403.445;449.523;289.251
3432;1;Los Espinos + Santa Rosa;final;599.867;1406.634;599.867;1406.634;288.431
3432.1;1;Los Espinos + Santa Rosa;final;1484.708;1971.554;44.708;531.554;311.209
3432.2;1;Los Espinos + Santa Rosa;final;1587.213;2822.265;147.213;1382.265;95.065
3433;1;Los Espinos + Santa Rosa;final;612.493;1436.634;612.493;1436.634;276.652
3433.1;1;Los Espinos + Santa Rosa;final;1287.51;2000.17;1287.51;560.17;173.839
3434;1;Los Espinos + Santa Rosa;final;1236.194;1716.634;1236.194;276.634;289.862
3434.1;1;Los Espinos + Santa Rosa;final;1397.096;2607.357;1397.096;1167.357;95.154
3435;1;Los Espinos + Santa Rosa;final;1263.844;1726.634;1263.844;286.634;289.862
3436;1;Los Espinos + Santa Rosa;final;1273.06;1746.634;1273.06;306.634;299.742
3436.1;1;Los Espinos + Santa Rosa;final;1416.78;2644.207;1416.78;1204.207;95.583
3437;1;Los Espinos + Santa Rosa;final;1282.588;1756.634;1282.588;316.634;278.928
3438;1;Los Espinos + Santa Rosa;final;1343.3;1766.634;1343.3;326.634;298.799
3438.1;1;Los Espinos + Santa Rosa;final;1478.628;2721.357;38.628;1281.357;91.194
3439;1;Los Espinos + Santa Rosa;final;1220.259;1771.367;1220.259;331.367;272.471
3440;1;Los Espinos + Santa Rosa;final;1303.36;1776.1;1303.36;336.1;300.229
3440.1;1;Los Espinos + Santa Rosa;final;1522.288;2676.357;82.288;1236.357;125.726
3441;1;Los Espinos + Santa Rosa;final;1289.638;1780.834;1289.638;340.834;279.415
3442;1;Los Espinos + Santa Rosa;final;1184.135;1785.567;1184.135;345.567;261.349
3442.1;1;Los Espinos + Santa Rosa;final;1574.628;2554.19;134.628;1114.19;190.478
3443;1;Los Espinos + Santa Rosa;final;1298.204;1790.3;1298.204;350.3;279.415
3444;1;Los Espinos + Santa Rosa;final;1280.828;1795.034;1280.828;355.034;268.951
3445;1;Los Espinos + Santa Rosa;final;1413.869;1799.767;1413.869;359.767;314.268
3445.1;1;Los Espinos + Santa Rosa;final;1456.614;2794.826;16.614;1354.826;46.683
3446;1;Los Espinos + Santa Rosa;final;1219.346;1804.5;1219.346;364.5;258.723
3447;1;Los Espinos + Santa Rosa;final;1336.06;1809.234;1336.06;369.234;289.92
3447.1;1;Los Espinos + Santa Rosa;final;1481.03;2708.457;41.03;1268.457;95.583
3448;1;Los Espinos + Santa Rosa;final;1187.826;1813.967;1187.826;373.967;232.162
3449;1;Los Espinos + Santa Rosa;final;1323.904;1818.7;1323.904;378.7;279.201
3450;1;Los Espinos + Santa Rosa;final;1380.309;1823.434;1380.309;383.434;304.57
3451;1;Los Espinos + Santa Rosa;final;1236.895;1828.167;1236.895;388.167;254.549
3452;1;Los Espinos + Santa Rosa;final;1357.86;1832.9;1357.86;392.9;289.92
3453;1;Los Espinos + Santa Rosa;final;1256.213;1837.634;1256.213;397.634;258.723
3454;1;Los Espinos + Santa Rosa;final;1375.304;1847.1;1375.304;407.1;289.082
3455;1;Los Espinos + Santa Rosa;final;1382.31;1856.567;1382.31;416.567;299.8
3456;1;Los Espinos + Santa Rosa;final;1349.604;1856.634;1349.604;416.634;278.714
3457;1;Los Espinos + Santa Rosa;final;1329.946;1916.634;1329.946;476.634;248.356
3458;1;Los Espinos + Santa Rosa;final;1202.426;1926.634;1202.426;486.634;200.609
3459;1;Los Espinos + Santa Rosa;final;514.56;1401.357;514.56;1401.357;273.061
3459.1;1;Los Espinos + Santa Rosa;final;1284.867;1855.155;1284.867;415.155;274.09
3460;1;Los Espinos + Santa Rosa;final;666.16;1431.357;666.16;1431.357;311.628
3460.1;1;Los Espinos + Santa Rosa;final;1344.394;2105.17;1344.394;665.17;173.839
3461;1;Los Espinos + Santa Rosa;intermedia;792.442;818.0;792.442;818.0;307.74
3461;2;Los Espinos + Santa Rosa;intermedia;971.525;983.0;971.525;983.0;47.154
3461;3;Los Espinos + Santa Rosa;final;1164.942;1461.357;1164.942;21.357;55.589
3461.1;1;Los Espinos + Santa Rosa;final;1352.35;2603.008;1352.35;1163.008;75.075
3462;1;Los Espinos + Santa Rosa;final;1256.895;1731.357;1256.895;291.357;289.525
3462.1;1;Los Espinos + Santa Rosa;final;1474.743;2587.302;34.743;1147.302;136.088
3463;1;Los Espinos + Santa Rosa;final;1270.228;1741.357;1270.228;301.357;289.525
3463.1;1;Los Espinos + Santa Rosa;final;1383.871;2598.0;1383.871;1158.0;90.75
3464;1;Los Espinos + Santa Rosa;final;1392.438;1751.357;1392.438;311.357;313.69
3465;1;Los Espinos + Santa Rosa;final;1290.228;1761.357;1290.228;321.357;279.158
3466;1;Los Espinos + Santa Rosa;final;1302.296;1771.357;1302.296;331.357;293.212
3467;1;Los Espinos + Santa Rosa;final;1319.85;1781.357;1319.85;341.357;301.21
3467.1;1;Los Espinos + Santa Rosa;final;1384.179;2707.417;1384.179;1267.417;49.66
3468;1;Los Espinos + Santa Rosa;final;1316.695;1791.357;1316.695;351.357;279.158
3469;1;Los Espinos + Santa Rosa;final;1386.109;1796.09;1386.109;356.09;314.649
3469.1;1;Los Espinos + Santa Rosa;final;1473.927;2716.335;33.927;1276.335;94.614
3470;1;Los Espinos + Santa Rosa;final;1316.176;1800.823;1316.176;360.823;261.752
3471;1;Los Espinos + Santa Rosa;final;1249.287;1805.557;1249.287;365.557;250.282
3472;1;Los Espinos + Santa Rosa;final;628.345;1810.29;628.345;370.29;91.194
3473;1;Los Espinos + Santa Rosa;final;1434.743;1815.023;1434.743;375.023;303.471
3474;1;Los Espinos + Santa Rosa;final;637.812;1819.757;637.812;379.757;91.194
3475;1;Los Espinos + Santa Rosa;final;1313.943;1824.49;1313.943;384.49;261.752
3476;1;Los Espinos + Santa Rosa;final;1449.238;1829.223;9.238;389.223;313.69
3477;1;Los Espinos + Santa Rosa;final;1337.096;1833.957;1337.096;393.957;293.212
3478;1;Los Espinos + Santa Rosa;final;1361.228;1838.69;1361.228;398.69;297.676
3479;1;Los Espinos + Santa Rosa;final;1361.096;1843.423;1361.096;403.423;293.212
3480;1;Los Espinos + Santa Rosa;final;1368.095;1848.157;1368.095;408.157;289.038
3480.1;1;Los Espinos + Santa Rosa;final;1472.26;2699.152;32.26;1259.152;94.614
3481;1;Los Espinos + Santa Rosa;final;1385.096;1852.89;1385.096;412.89;290.081
3482;1;Los Espinos + Santa Rosa;final;1347.693;1857.623;1347.693;417.623;261.752
3483;1;Los Espinos + Santa Rosa;final;1474.288;1862.357;34.288;422.357;313.69
3484;1;Los Espinos + Santa Rosa;final;1410.928;1871.823;1410.928;431.823;289.038
3485;1;Los Espinos + Santa Rosa;final;1310.159;1881.29;1310.159;441.29;235.304
3486;1;Los Espinos + Santa Rosa;final;1402.362;1881.357;1402.362;441.357;279.158
3487;1;Los Espinos + Santa Rosa;final;1463.445;1946.69;23.445;506.69;289.251
3487.1;1;Los Espinos + Santa Rosa;final;1546.288;2792.634;106.288;1352.634;90.75
3488;1;Los Espinos + Santa Rosa;final;1389.238;2511.357;1389.238;1071.357;125.512
3489;1;El Conquistador;final;1061.324;1435.01;1061.324;1435.01;293.854
3489.1;1;El Conquistador;final;1517.33;2483.956;77.33;1043.956;182.593
3490;1;El Conquistador;final;1145.388;1570.01;1145.388;130.01;303.957
3490.1;1;El Conquistador;final;1377.653;2567.862;1377.653;1127.862;116.124
3491;1;El Conquistador;final;1254.68;1705.01;1254.68;265.01;156.178
3492;1;El Conquistador;final;1181.369;1715.01;1181.369;275.01;289.004
3492.1;1;El Conquistador;final;1441.968;2588.247;1.968;1148.247;117.975
3493;1;El Conquistador;final;1275.444;1725.01;1275.444;285.01;281.731
3493.1;1;El Conquistador;final;1363.356;2615.89;1363.356;1175.89;84.9
3494;1;El Conquistador;final;1297.178;1735.01;1297.178;295.01;304.89
3495;1;El Conquistador;final;1343.584;1745.01;1343.584;305.01;300.484
3496;1;El Conquistador;final;1281.62;1755.01;1281.62;315.01;294.563
3497;1;El Conquistador;final;1213.517;1765.01;1213.517;325.01;280.579
3497.1;1;El Conquistador;final;1552.646;2625.077;112.646;1185.077;142.756
3498;1;El Conquistador;final;1244.773;1787.51;1244.773;347.51;312.166
3498.1;1;El Conquistador;final;1487.118;2642.571;47.118;1202.571;144.216
3499;1;El Conquistador;final;1262.589;1798.76;1262.589;358.76;300.401
3499.1;1;El Conquistador;final;1476.983;2695.205;36.983;1255.205;106.282
3500;1;El Conquistador;final;1150.225;1810.01;1150.225;370.01;273.291
3500.1;1;El Conquistador;final;1302.43;2545.084;1302.43;1105.084;75.651
3501;1;El Conquistador;final;1227.201;1832.51;1227.201;392.51;265.366
3501.1;1;El Conquistador;final;1380.393;2648.699;1380.393;1208.699;66.965
3502;1;El Conquistador;final;1250.08;1843.76;1250.08;403.76;267.269
3503;1;El Conquistador;final;1231.306;1855.01;1231.306;415.01;282.718
3504;1;El Conquistador;final;1372.978;1866.26;1372.978;426.26;302.187
3505;1;El Conquistador;final;1270.34;1809.077;1270.34;369.077;289.135
3506;1;El Conquistador;final;1320.384;1821.927;1320.384;381.927;296.584
3506.1;1;El Conquistador;final;1466.463;2739.027;26.463;1299.027;72.936
3507;1;El Conquistador;final;1371.784;1886.177;1371.784;446.177;296.584
3508;1;El Conquistador;final;1314.401;1899.027;1314.401;459.027;272.158
3508.1;1;El Conquistador;final;1451.543;2734.116;11.543;1294.116;66.965
3509;1;El Conquistador;final;1384.634;1899.077;1384.634;459.077;295.705
3509.1;1;El Conquistador;final;1456.678;2790.265;16.678;1350.265;49.726
3510;1;Los Espinos + Santa Rosa;final;1283.97;1733.113;1283.97;293.113;286.435
3510.1;1;Los Espinos + Santa Rosa;final;1508.621;2633.963;68.621;1193.963;140.132
3511;1;Los Espinos + Santa Rosa;final;1220.542;1745.113;1220.542;305.113;272.562
3511.1;1;Los Espinos + Santa Rosa;final;1358.554;2564.859;1358.554;1124.859;99.365
3512;1;Los Espinos + Santa Rosa;final;1305.77;1757.113;1305.77;317.113;287.532
3512.1;1;Los Espinos + Santa Rosa;final;1505.987;2654.863;65.987;1214.863;123.405
3513;1;Los Espinos + Santa Rosa;final;1322.12;1769.113;1322.12;329.113;289.406
3513.1;1;Los Espinos + Santa Rosa;final;1542.887;2672.513;102.887;1232.513;140.132
3514;1;Los Espinos + Santa Rosa;final;1349.37;1781.113;1349.37;341.113;290.407
3514.1;1;Los Espinos + Santa Rosa;final;1550.953;2699.863;110.953;1259.863;124.502
3515;1;Los Espinos + Santa Rosa;final;1374.137;1790.113;1374.137;350.113;310.745
3516;1;Los Espinos + Santa Rosa;final;1375.437;1799.113;1375.437;359.113;309.648
3517;1;Los Espinos + Santa Rosa;final;1300.775;1808.113;1300.775;368.113;293.901
3517.1;1;Los Espinos + Santa Rosa;final;1496.592;2643.893;56.592;1203.893;129.005
3518;1;Los Espinos + Santa Rosa;final;1278.025;1817.113;1278.025;377.113;251.352
3519;1;Los Espinos + Santa Rosa;final;1386.987;1826.113;1386.987;386.113;293.378
3520;1;Los Espinos + Santa Rosa;final;1235.275;1835.113;1235.275;395.113;239.884
3521;1;Los Espinos + Santa Rosa;final;1409.187;1871.113;1409.187;431.113;288.309
3522;1;Los Espinos + Santa Rosa;final;1451.237;1893.613;11.237;453.613;289.406
3523;1;Los Espinos + Santa Rosa;final;1227.987;1904.863;1227.987;464.863;208.828
3524;1;Los Espinos + Santa Rosa;final;1238.671;1730.193;1238.671;290.193;284.93
3524.1;1;Los Espinos + Santa Rosa;final;1452.653;2577.548;12.653;1137.548;137.94
3525;1;Los Espinos + Santa Rosa;final;1346.859;1742.193;1346.859;302.193;312.697
3525.1;1;Los Espinos + Santa Rosa;final;1567.794;2694.292;127.794;1254.292;142.112
3526;1;Los Espinos + Santa Rosa;final;565.903;1778.193;565.903;338.193;85.608
3527;1;Los Espinos + Santa Rosa;final;1379.375;1800.693;1379.375;360.693;290.161
3528;1;Los Espinos + Santa Rosa;final;1289.42;1811.943;1289.42;371.943;270.073
3529;1;Los Espinos + Santa Rosa;final;1389.525;1823.193;1389.525;383.193;311.596
3530;1;Los Espinos + Santa Rosa;final;1392.092;1834.443;1392.092;394.443;292.355
3530.1;1;Los Espinos + Santa Rosa;final;1575.042;2734.859;135.042;1294.859;126.035
3531;1;Los Espinos + Santa Rosa;final;1338.554;1845.693;1338.554;405.693;286.799
3531.1;1;Los Espinos + Santa Rosa;final;1541.165;2674.598;101.165;1234.598;144.967
3532;1;El Conquistador;final;1217.775;1413.284;1217.775;1413.284;299.164
3532.1;1;El Conquistador;final;1438.092;2603.105;1438.092;1163.105;104.258
3533;1;El Conquistador;final;1234.125;1443.284;1234.125;3.284;294.824
3533.1;1;El Conquistador;final;1410.179;2614.71;1410.179;1174.71;94.222
3534;1;El Conquistador;final;1291.175;1743.284;1291.175;303.284;292.369
3535;1;El Conquistador;final;1371.525;1758.284;1371.525;318.284;309.394
3536;1;El Conquistador;final;1280.35;1773.284;1280.35;333.284;276.257
3536.1;1;El Conquistador;final;1480.735;2582.933;40.735;1142.933;138.379
3537;1;El Conquistador;final;1336.203;1788.284;1336.203;348.284;298.907
3538;1;El Conquistador;final;1381.584;1803.284;1381.584;363.284;298.04
3539;1;El Conquistador;final;1219.876;1814.534;1219.876;374.534;260.13
3539.1;1;El Conquistador;final;1535.728;2635.748;95.728;1195.748;137.979
3540;1;El Conquistador;final;1258.593;1837.034;1258.593;397.034;229.671
3541;1;El Conquistador;final;1413.275;1848.284;1413.275;408.284;299.164
3541.1;1;El Conquistador;final;1560.212;2798.61;120.212;1358.61;94.222
3542;1;El Conquistador;final;1318.725;1859.534;1318.725;419.534;242.571
3543;1;El Conquistador;final;1332.726;1893.284;1332.726;453.284;253.551
3544;1;El Conquistador;final;1440.552;1915.784;0.552;475.784;314.412
3544.1;1;El Conquistador;final;1510.501;2761.247;70.501;1321.247;88.887
3545;1;El Conquistador;final;1477.408;1938.284;37.408;498.284;303.125
3546;1;El Conquistador;final;955.655;1367.881;955.655;1367.881;306.71
3546.1;1;El Conquistador;final;1281.635;2387.862;1281.635;947.862;121.258
3547;1;El Conquistador;final;697.399;1397.881;697.399;1397.881;304.308
3547.1;1;El Conquistador;final;1410.788;2116.993;1410.788;676.993;223.185
3548;1;El Conquistador;final;1177.346;1712.881;1177.346;272.881;250.913
3549;1;El Conquistador;final;1292.896;1727.881;1292.896;287.881;303.451
3550;1;El Conquistador;final;1167.295;1742.881;1167.295;302.881;241.486
3551;1;El Conquistador;final;1169.176;1757.881;1169.176;317.881;276.705
3551.1;1;El Conquistador;final;1434.963;2579.003;1434.963;1139.003;126.215
3552;1;El Conquistador;final;1257.295;1769.131;1257.295;329.131;262.024
3553;1;El Conquistador;final;1265.509;1780.381;1265.509;340.381;286.782
3554;1;El Conquistador;final;1101.794;1791.631;1101.794;351.631;202.708
3555;1;El Conquistador;final;1362.021;1802.881;1362.021;362.881;295.995
3555.1;1;El Conquistador;final;1445.352;2700.102;5.352;1260.102;83.336
3556;1;El Conquistador;final;1201.306;1814.131;1201.306;374.131;275.516
3556.1;1;El Conquistador;final;1459.101;2605.38;19.101;1165.38;117.975
3557;1;El Conquistador;final;1337.141;1825.381;1337.141;385.381;278.431
3557.1;1;El Conquistador;final;1550.175;2726.61;110.175;1286.61;123.238
3558;1;El Conquistador;final;1093.219;1836.631;1093.219;396.631;233.387
3558.1;1;El Conquistador;final;1258.103;2488.304;1258.103;1048.304;104.375
3559;1;El Conquistador;final;1223.844;1915.381;1223.844;475.381;156.532
3560;1;El Conquistador;final;833.068;1418.28;833.068;1418.28;298.628
3560.1;1;El Conquistador;final;1204.485;2265.78;1204.485;825.78;117.546
3561;1;El Conquistador;final;1213.572;1438.28;1213.572;1438.28;300.674
3561.1;1;El Conquistador;final;1269.373;2636.067;1269.373;1196.067;29.717
3562;1;El Conquistador;final;835.589;1478.28;835.589;38.28;273.505
3562.1;1;El Conquistador;final;1220.312;2236.718;1220.312;796.718;145.994
3563;1;El Conquistador;final;1235.985;1718.28;1235.985;278.28;292.494
3563.1;1;El Conquistador;final;1423.885;2639.647;1423.885;1199.647;89.054
3564;1;El Conquistador;final;1359.868;1748.28;1359.868;308.28;297.364
3565;1;El Conquistador;final;1379.868;1756.847;1379.868;316.847;297.364
3566;1;El Conquistador;final;1327.251;1765.413;1327.251;325.413;292.923
3567;1;El Conquistador;final;1337.251;1773.98;1337.251;333.98;299.607
3568;1;El Conquistador;final;1257.7;1782.547;1257.7;342.547;305.194
3568.1;1;El Conquistador;final;1359.083;2664.902;1359.083;1224.902;74.416
3569;1;El Conquistador;final;1181.635;1791.113;1181.635;351.113;194.578
3570;1;El Conquistador;final;1335.688;1799.68;1335.688;359.68;282.476
3571;1;El Conquistador;final;1414.898;1808.247;1414.898;368.247;311.728
3571.1;1;El Conquistador;final;1481.856;2829.902;41.856;1389.902;51.597
3572;1;El Conquistador;final;1434.194;1808.28;1434.194;368.28;291.962
3572.1;1;El Conquistador;final;1492.354;2770.496;52.354;1330.496;85.642
3573;1;El Conquistador;final;1208.301;1817.28;1208.301;377.28;193.934
3574;1;El Conquistador;final;1444.221;1826.28;4.221;386.28;313.641
3574.1;1;El Conquistador;final;1537.183;2761.988;97.183;1321.988;99.121
3575;1;El Conquistador;final;1257.997;1835.28;1257.997;395.28;313.044
3575.1;1;El Conquistador;final;1296.701;2596.375;1296.701;1156.375;62.601
3576;1;El Conquistador;final;1489.566;1844.28;49.566;404.28;308.875
3577;1;El Conquistador;final;1324.182;1853.28;1324.182;413.28;255.371
3578;1;El Conquistador;final;1331.031;1862.28;1331.031;422.28;306.809
3578.1;1;El Conquistador;final;1380.451;2738.569;1380.451;1298.569;40.563
3579;1;El Conquistador;final;1423.999;1871.28;1423.999;431.28;302.958
3580;1;El Conquistador;final;1449.901;1880.28;9.901;440.28;297.149
3581;1;El Conquistador;final;1389.068;1889.28;1389.068;449.28;243.183
3582;1;El Conquistador;final;1305.13;1898.28;1305.13;458.28;301.089
3582.1;1;El Conquistador;final;1411.15;2724.902;1411.15;1284.902;67.366
3583;1;El Conquistador;final;1438.166;1908.28;1438.166;468.28;285.57
3583.1;1;El Conquistador;final;1587.071;2818.993;147.071;1378.993;98.0
3584;1;El Conquistador;final;1178.385;1918.28;1178.385;478.28;192.235
3585;1;El Conquistador;final;1188.355;1928.28;1188.355;488.28;188.472
3586;1;El Conquistador;final;1395.901;1948.28;1395.901;508.28;243.674
3587;1;El Conquistador;final;1170.085;1988.28;1170.085;548.28;156.2
3588;1;El Conquistador;final;512.195;1372.714;512.195;1372.714;257.009
3588.1;1;El Conquistador;final;1356.653;1899.105;1356.653;459.105;284.789
3589;1;El Conquistador;final;1203.452;1392.714;1203.452;1392.714;277.97
3590;1;El Conquistador;final;768.847;1412.714;768.847;1412.714;312.58
3590.1;1;El Conquistador;final;1333.265;2205.951;1333.265;765.951;189.384
3591;1;El Conquistador;final;1229.858;1432.714;1229.858;1432.714;300.986
3591.1;1;El Conquistador;final;1393.265;2633.499;1393.265;1193.499;78.105
3592;1;El Conquistador;final;1139.959;1714.714;1139.959;274.714;277.74
3592.1;1;El Conquistador;final;1291.53;2534.184;1291.53;1094.184;75.651
3593;1;El Conquistador;final;1287.238;1738.714;1287.238;298.714;168.913
3594;1;El Conquistador;final;1229.685;1750.714;1229.685;310.714;283.303
3595;1;El Conquistador;final;1354.898;1771.714;1354.898;331.714;292.835
3595.1;1;El Conquistador;final;1445.9;2763.902;5.9;1323.902;74.416
3596;1;El Conquistador;final;1272.849;1780.714;1272.849;340.714;273.867
3596.1;1;El Conquistador;final;1520.049;2647.993;80.049;1207.993;138.066
3597;1;El Conquistador;final;1273.785;1789.714;1273.785;349.714;273.658
3598;1;El Conquistador;final;1208.385;1798.714;1208.385;358.714;214.739
3599;1;El Conquistador;final;1267.251;1807.714;1267.251;367.714;270.518
3600;1;El Conquistador;final;1273.201;1816.714;1273.201;376.714;269.936
3601;1;El Conquistador;final;1260.885;1834.714;1260.885;394.714;221.423
3602;1;El Conquistador;final;1290.688;1852.714;1290.688;412.714;260.072
3603;1;El Conquistador;final;1368.901;1902.714;1368.901;462.714;277.049
3603.1;1;El Conquistador;final;1518.552;2772.547;78.552;1332.547;89.054
3604;1;El Conquistador;final;1257.251;2482.714;1257.251;1042.714;82.356
3605;1;Los Espinos + Santa Rosa;final;1282.277;1709.202;1282.277;269.202;303.072
3605.1;1;Los Espinos + Santa Rosa;final;1429.63;2657.057;1429.63;1217.057;95.583
3606;1;Los Espinos + Santa Rosa;final;1262.588;1721.202;1262.588;281.202;281.738
3607;1;Los Espinos + Santa Rosa;final;1275.921;1733.202;1275.921;293.202;281.738
3608;1;Los Espinos + Santa Rosa;final;1300.71;1745.202;1300.71;305.202;292.672
3609;1;Los Espinos + Santa Rosa;final;1289.254;1757.202;1289.254;317.202;281.738
3610;1;Los Espinos + Santa Rosa;final;1323.009;1769.202;1323.009;329.202;307.84
3610.1;1;Los Espinos + Santa Rosa;final;1392.693;2726.941;1392.693;1286.941;43.723
3611;1;Los Espinos + Santa Rosa;final;1292.46;1777.369;1292.46;337.369;292.535
3612;1;Los Espinos + Santa Rosa;final;1314.26;1785.535;1314.26;345.535;302.415
3612.1;1;Los Espinos + Santa Rosa;final;1446.894;2698.496;6.894;1258.496;81.864
3613;1;Los Espinos + Santa Rosa;final;1325.16;1793.702;1325.16;353.702;297.73
3613.1;1;Los Espinos + Santa Rosa;final;1559.594;2695.607;119.594;1255.607;136.66
3614;1;Los Espinos + Santa Rosa;final;1348.709;1801.869;1348.709;361.869;303.839
3614.1;1;Los Espinos + Santa Rosa;final;1429.761;2751.524;1429.761;1311.524;54.344
3615;1;Los Espinos + Santa Rosa;final;1341.633;1810.035;1341.633;370.035;290.89
3615.1;1;Los Espinos + Santa Rosa;final;1493.88;2721.307;53.88;1281.307;95.583
3616;1;Los Espinos + Santa Rosa;final;1346.96;1818.202;1346.96;378.202;301.985
3616.1;1;Los Espinos + Santa Rosa;final;1478.863;2721.357;38.863;1281.357;95.583
3617;1;Los Espinos + Santa Rosa;final;1387.259;1826.369;1387.259;386.369;296.876
3617.1;1;Los Espinos + Santa Rosa;final;1481.161;2791.524;41.161;1351.524;54.344
3618;1;Los Espinos + Santa Rosa;final;1368.76;1834.535;1368.76;394.535;292.105
3619;1;Los Espinos + Santa Rosa;final;1358.171;1842.702;1358.171;402.702;281.387
3620;1;Los Espinos + Santa Rosa;final;1401.46;1850.869;1401.46;410.869;292.105
3620.1;1;Los Espinos + Santa Rosa;final;1530.263;2772.757;90.263;1332.757;95.583
3621;1;Los Espinos + Santa Rosa;final;1390.56;1859.202;1390.56;419.202;292.243
3622;1;Los Espinos + Santa Rosa;final;1374.238;1869.202;1374.238;429.202;281.524
3623;1;Los Espinos + Santa Rosa;final;1395.41;1899.202;1395.41;459.202;279.462
3623.1;1;Los Espinos + Santa Rosa;final;1526.628;2769.357;86.628;1329.357;91.194
3624;1;Los Espinos + Santa Rosa;final;1310.228;1909.202;1310.228;469.202;256.872
3625;1;Los Espinos + Santa Rosa;final;1404.238;1919.202;1404.238;479.202;291.404
3626;1;Los Espinos + Santa Rosa;final;1408.01;1929.202;1408.01;489.202;297.868
3627;1;Los Espinos + Santa Rosa;final;1313.096;1939.202;1313.096;499.202;261.046
3628;1;Los Espinos + Santa Rosa;final;1293.08;1731.357;1293.08;291.357;302.954
3629;1;Los Espinos + Santa Rosa;final;1296.895;1743.357;1296.895;303.357;289.038
3629.1;1;Los Espinos + Santa Rosa;final;1514.668;2622.052;74.668;1182.052;145.038
3630;1;Los Espinos + Santa Rosa;final;1311.513;1755.357;1311.513;315.357;293.212
3631;1;Los Espinos + Santa Rosa;final;1303.562;1767.357;1303.562;327.357;295.787
3632;1;Los Espinos + Santa Rosa;final;1320.73;1779.357;1320.73;339.357;290.081
3633;1;Los Espinos + Santa Rosa;final;1325.096;1791.357;1325.096;351.357;303.611
3634;1;Los Espinos + Santa Rosa;final;623.93;1799.523;623.93;359.523;96.103
3635;1;Los Espinos + Santa Rosa;final;1333.828;1807.69;1333.828;367.69;299.437
3635.1;1;Los Espinos + Santa Rosa;final;1564.53;2660.602;124.53;1220.602;157.506
3636;1;Los Espinos + Santa Rosa;final;640.263;1815.857;640.263;375.857;96.103
3637;1;Los Espinos + Santa Rosa;final;1359.528;1824.023;1359.528;384.023;289.557
3637.1;1;Los Espinos + Santa Rosa;final;1459.41;2686.302;19.41;1246.302;94.614
3638;1;Los Espinos + Santa Rosa;final;1262.426;1832.19;1262.426;392.19;245.984
3639;1;Los Espinos + Santa Rosa;final;1349.096;1840.357;1349.096;400.357;299.141
3640;1;Los Espinos + Santa Rosa;final;1373.096;1848.523;1373.096;408.523;293.731
3640.1;1;Los Espinos + Santa Rosa;final;1456.794;2699.202;16.794;1259.202;94.614
3641;1;Los Espinos + Santa Rosa;final;1376.662;1856.69;1376.662;416.69;299.437
3641.1;1;Los Espinos + Santa Rosa;final;1483.109;2696.634;43.109;1256.634;106.239
3642;1;Los Espinos + Santa Rosa;final;1409.096;1864.857;1409.096;424.857;293.731
3643;1;Los Espinos + Santa Rosa;final;1403.93;1873.023;1403.93;433.023;294.16
3644;1;Los Espinos + Santa Rosa;final;1385.228;1881.357;1385.228;441.357;298.918
3645;1;Los Espinos + Santa Rosa;final;1301.096;2511.357;1301.096;1071.357;95.154
3646;1;La Reina;final;1226.054;2505.701;1226.054;1065.701;53.643
3647;1;La Reina;final;1533.033;2515.701;93.033;1075.701;184.475
3648;1;La Reina;final;529.698;1735.597;529.698;295.597;90.571
3649;1;La Reina;final;1329.431;1765.597;1329.431;325.597;309.09
3649.1;1;La Reina;final;1473.093;2720.068;33.093;1280.068;84.31
3650;1;La Reina;final;1369.855;1795.597;1369.855;355.597;287.054
3651;1;La Reina;final;1311.115;1813.597;1311.115;373.597;264.765
3652;1;La Reina;final;1272.427;1831.597;1272.427;391.597;296.298
3653;1;La Reina;final;1245.823;1849.597;1245.823;409.597;304.086
3653.1;1;La Reina;final;1298.127;2597.569;1298.127;1157.569;62.398
3654;1;La Reina;final;1395.068;1867.597;1395.068;427.597;277.181
3655;1;La Reina;final;1436.562;1885.597;1436.562;445.597;305.14
3655.1;1;La Reina;final;1491.938;2832.288;51.938;1392.288;50.192
3656;1;La Reina;final;1343.85;1908.097;1343.85;468.097;302.441
3657;1;La Reina;final;1272.302;1930.597;1272.302;490.597;211.083
3658;1;Los Espinos + Santa Rosa;final;583.625;1391.113;583.625;1391.113;286.238
3658.1;1;Los Espinos + Santa Rosa;final;1413.33;1916.332;1413.33;476.332;295.478
3658.2;1;Los Espinos + Santa Rosa;final;1552.358;2792.164;112.358;1352.164;94.887
3659;1;Los Espinos + Santa Rosa;final;757.78;1421.113;757.78;1421.113;306.988
3659.1;1;Los Espinos + Santa Rosa;final;1587.508;2198.63;147.508;758.63;295.952
3660;1;Los Espinos + Santa Rosa;final;783.703;1451.113;783.703;11.113;285.663
3660.1;1;Los Espinos + Santa Rosa;final;1279.742;2201.113;1279.742;761.113;166.802
3661;1;Los Espinos + Santa Rosa;final;899.203;1496.113;899.203;56.113;310.84
3661.1;1;Los Espinos + Santa Rosa;final;1402.159;2306.013;1402.159;866.013;190.11
3662;1;Los Espinos + Santa Rosa;final;1022.053;1586.113;1022.053;146.113;285.658
3662.1;1;Los Espinos + Santa Rosa;final;1303.587;2392.013;1303.587;952.013;126.376
3663;1;Los Espinos + Santa Rosa;final;1080.425;1676.113;1080.425;236.113;269.911
3663.1;1;Los Espinos + Santa Rosa;final;1258.671;2438.193;1258.671;998.193;99.365
3664;1;Los Espinos + Santa Rosa;final;1277.653;1721.113;1277.653;281.113;284.562
3665;1;Los Espinos + Santa Rosa;final;1270.087;1725.113;1270.087;285.113;293.667
3666;1;Los Espinos + Santa Rosa;final;1193.875;1729.113;1193.875;289.113;268.815
3666.1;1;Los Espinos + Santa Rosa;final;1331.887;2538.193;1331.887;1098.193;99.365
3667;1;Los Espinos + Santa Rosa;final;1291.887;1733.113;1291.887;293.113;302.385
3668;1;Los Espinos + Santa Rosa;final;1267.587;1737.113;1267.587;297.113;286.755
3669;1;Los Espinos + Santa Rosa;final;1353.497;1745.113;1353.497;305.113;314.186
3670;1;Los Espinos + Santa Rosa;final;1207.209;1749.113;1207.209;309.113;269.911
3670.1;1;Los Espinos + Santa Rosa;final;1345.221;2551.526;1345.221;1111.526;99.365
3671;1;Los Espinos + Santa Rosa;final;1327.587;1753.113;1327.587;313.113;310.84
3671.1;1;Los Espinos + Santa Rosa;final;1530.953;2677.363;90.953;1237.363;124.502
3672;1;Los Espinos + Santa Rosa;final;1291.587;1757.113;1291.587;317.113;285.658
3673;1;Los Espinos + Santa Rosa;final;1318.554;1761.113;1318.554;321.113;303.482
3673.1;1;Los Espinos + Santa Rosa;final;1434.525;2659.598;1434.525;1219.598;98.885
3674;1;Los Espinos + Santa Rosa;final;1315.267;1765.113;1315.267;325.113;293.005
3674.1;1;Los Espinos + Santa Rosa;final;1439.361;2677.8;1439.361;1237.8;90.063
3675;1;Los Espinos + Santa Rosa;final;1351.587;1773.113;1351.587;333.113;310.84
3675.1;1;Los Espinos + Santa Rosa;final;1471.275;2711.063;31.275;1271.063;86.224
3676;1;Los Espinos + Santa Rosa;final;1213.025;1777.113;1213.025;337.113;268.815
3676.1;1;Los Espinos + Santa Rosa;final;1577.154;2558.193;137.154;1118.193;203.251
3677;1;Los Espinos + Santa Rosa;final;1365.72;1781.113;1365.72;341.113;308.971
3678;1;Los Espinos + Santa Rosa;final;1263.025;1785.197;1263.025;345.197;268.819
3678.1;1;Los Espinos + Santa Rosa;final;1405.221;2611.526;1405.221;1171.526;99.365
3679;1;Los Espinos + Santa Rosa;final;1371.887;1789.28;1371.887;349.28;299.419
3680;1;Los Espinos + Santa Rosa;final;1360.27;1793.363;1360.27;353.363;286.76
3680.1;1;Los Espinos + Santa Rosa;final;1455.109;2711.113;15.109;1271.113;84.35
3681;1;Los Espinos + Santa Rosa;final;1293.875;1797.447;1293.875;357.447;292.127
3681.1;1;Los Espinos + Santa Rosa;final;1397.937;2640.693;1397.937;1200.693;84.512
3682;1;Los Espinos + Santa Rosa;final;1288.025;1801.53;1288.025;361.53;268.819
3683;1;Los Espinos + Santa Rosa;final;1291.559;1805.613;1291.559;365.613;292.127
3684;1;Los Espinos + Santa Rosa;final;1280.542;1809.697;1280.542;369.697;268.819
3685;1;Los Espinos + Santa Rosa;final;1382.07;1813.78;1382.07;373.78;286.44
3685.1;1;Los Espinos + Santa Rosa;final;1594.287;2731.113;154.287;1291.113;140.132
3686;1;Los Espinos + Santa Rosa;final;1287.209;1817.863;1287.209;377.863;268.819
3687;1;Los Espinos + Santa Rosa;final;1277.225;1821.947;1277.225;381.947;247.385
3688;1;Los Espinos + Santa Rosa;final;1409.237;1826.03;1409.237;386.03;299.419
3689;1;Los Espinos + Santa Rosa;final;1420.487;1834.197;1420.487;394.197;299.419
3690;1;Los Espinos + Santa Rosa;final;1341.325;1846.447;1341.325;406.447;270.427
3691;1;Los Espinos + Santa Rosa;final;1374.509;1854.613;1374.509;414.613;292.127
3692;1;Los Espinos + Santa Rosa;final;1181.653;1858.697;1181.653;418.697;205.085
3693;1;Los Espinos + Santa Rosa;final;1253.653;1870.947;1253.653;430.947;227.296
3694;1;Los Espinos + Santa Rosa;final;1412.687;1871.113;1412.687;431.113;289.726
3694.1;1;Los Espinos + Santa Rosa;final;1506.509;2762.513;66.509;1322.513;84.35
3695;1;Los Espinos + Santa Rosa;final;1215.253;1898.78;1215.253;458.78;205.08
3696;1;Los Espinos + Santa Rosa;final;1476.737;1905.697;36.737;465.697;300.511
3697;1;Los Espinos + Santa Rosa;final;651.859;1388.193;651.859;1388.193;288.969
3697.1;1;Los Espinos + Santa Rosa;final;1464.087;2023.526;24.087;583.526;293.381
3697.2;1;Los Espinos + Santa Rosa;final;1557.909;2813.913;117.909;1373.913;84.35
3698;1;Los Espinos + Santa Rosa;final;656.68;1418.193;656.68;1418.193;268.399
3698.1;1;Los Espinos + Santa Rosa;final;1380.875;2069.63;1380.875;629.63;238.052
3699;1;Los Espinos + Santa Rosa;final;708.908;1448.193;708.908;8.193;281.936
3699.1;1;Los Espinos + Santa Rosa;final;1380.608;2087.332;1380.608;647.332;236.48
3700;1;Los Espinos + Santa Rosa;final;804.942;1478.193;804.942;38.193;288.287
3700.1;1;Los Espinos + Santa Rosa;final;1279.587;2215.293;1279.587;775.293;167.283
3701;1;Los Espinos + Santa Rosa;final;1225.337;1725.693;1225.337;285.693;283.833
3702;1;Los Espinos + Santa Rosa;final;1200.337;1748.193;1200.337;308.193;250.417
3703;1;Los Espinos + Santa Rosa;final;1375.742;1755.693;1375.742;315.693;313.474
3703.1;1;Los Espinos + Santa Rosa;final;1465.987;2721.526;25.987;1281.526;84.512
3704;1;Los Espinos + Santa Rosa;final;1327.742;1763.193;1327.742;323.193;292.035
3704.1;1;Los Espinos + Santa Rosa;final;1454.237;2674.443;14.237;1234.443;99.365
3705;1;Los Espinos + Santa Rosa;final;1339.742;1770.693;1339.742;330.693;292.035
3705.1;1;Los Espinos + Santa Rosa;final;1465.487;2685.693;25.487;1245.693;99.365
3706;1;Los Espinos + Santa Rosa;final;1237.203;1782.693;1237.203;342.693;250.512
3707;1;Los Espinos + Santa Rosa;final;1363.742;1787.193;1363.742;347.193;290.161
3707.1;1;Los Espinos + Santa Rosa;final;1450.953;2708.193;10.953;1268.193;85.608
3708;1;Los Espinos + Santa Rosa;final;1392.942;1791.693;1392.942;351.693;310.499
3709;1;Los Espinos + Santa Rosa;final;580.087;1796.193;580.087;356.193;84.512
3710;1;Los Espinos + Santa Rosa;final;1372.709;1800.693;1372.709;360.693;288.287
3711;1;Los Espinos + Santa Rosa;final;1278.52;1805.193;1278.52;365.193;268.976
3712;1;Los Espinos + Santa Rosa;final;1305.221;1809.693;1305.221;369.693;283.829
3713;1;Los Espinos + Santa Rosa;final;1387.742;1814.193;1387.742;374.193;292.035
3714;1;Los Espinos + Santa Rosa;final;1404.525;1818.693;1404.525;378.693;310.499
3714.1;1;Los Espinos + Santa Rosa;final;1492.653;2748.193;52.653;1308.193;84.512
3715;1;Los Espinos + Santa Rosa;final;1263.253;1823.193;1263.253;383.193;248.638
3716;1;Los Espinos + Santa Rosa;final;1407.025;1827.693;1407.025;387.693;312.372
3716.1;1;Los Espinos + Santa Rosa;final;1525.754;2759.593;85.754;1319.593;99.365
3717;1;Los Espinos + Santa Rosa;final;1338.47;1924.359;1338.47;484.359;248.638
3718;1;El Conquistador;final;1292.685;1748.499;1292.685;308.499;282.033
3719;1;El Conquistador;final;1379.616;1778.499;1379.616;338.499;304.863
3720;1;El Conquistador;final;1485.783;1808.499;45.783;368.499;302.886
3721;1;El Conquistador;final;1457.749;1819.749;17.749;379.749;305.433
3722;1;El Conquistador;final;1358.417;1830.999;1358.417;390.999;234.631
3723;1;El Conquistador;final;1261.633;1842.249;1261.633;402.249;243.855
3724;1;El Conquistador;final;1326.535;1853.499;1326.535;413.499;255.649
3725;1;El Conquistador;final;1185.585;1864.749;1185.585;424.749;213.921
3726;1;El Conquistador;final;1462.929;1875.999;22.929;435.999;306.86
3726.1;1;El Conquistador;final;1533.041;2773.547;93.041;1333.547;93.458
3727;1;El Conquistador;final;1221.055;1887.249;1221.055;447.249;204.057
3728;1;El Conquistador;final;1210.155;1898.499;1210.155;458.499;203.747
3729;1;El Conquistador;final;1230.885;1913.499;1230.885;473.499;207.51
3730;1;El Conquistador;final;1424.121;1928.499;1424.121;488.499;268.131
3731;1;El Conquistador;final;1282.116;1958.499;1282.116;518.499;201.817
3732;1;El Conquistador;final;1299.868;1988.499;1299.868;548.499;213.611
3733;1;El Conquistador;final;505.016;1732.714;505.016;292.714;88.933
3734;1;El Conquistador;final;1242.285;1762.714;1242.285;322.714;273.461
3734.1;1;El Conquistador;final;1410.552;2648.28;1410.552;1208.28;89.054
3735;1;El Conquistador;final;1290.202;1775.564;1290.202;335.564;265.748
3736;1;El Conquistador;final;1356.099;1788.414;1356.099;348.414;305.49
3737;1;El Conquistador;final;1313.201;1801.264;1313.201;361.264;274.959
3738;1;El Conquistador;final;1367.616;1814.114;1367.616;374.114;286.089
3738.1;1;El Conquistador;final;1515.071;2746.993;75.071;1306.993;98.0
3739;1;El Conquistador;final;1315.317;1852.714;1315.317;412.714;313.501
3739.1;1;El Conquistador;final;1436.03;2640.095;1436.03;1200.095;90.384
3740;1;El Conquistador;final;1446.499;1912.714;6.499;472.714;286.089
3740.1;1;El Conquistador;final;1540.966;2825.793;100.966;1385.793;73.414
3741;1;El Conquistador;final;1253.755;2460.814;1253.755;1020.814;78.593
3742;1;El Conquistador;final;1245.688;2482.714;1245.688;1042.714;78.593
3743;1;El Conquistador;final;1118.904;1413.284;1118.904;1413.284;291.32
3743.1;1;El Conquistador;final;1433.878;2500.861;1433.878;1060.861;147.698
3744;1;El Conquistador;final;818.483;1443.284;818.483;3.284;314.461
3744.1;1;El Conquistador;final;1418.219;2156.734;1418.219;716.734;249.156
3745;1;El Conquistador;final;813.411;1473.284;813.411;33.284;277.839
3745.1;1;El Conquistador;final;1455.869;2249.105;15.869;809.105;277.25
3746;1;El Conquistador;final;1125.051;1635.284;1125.051;195.284;261.444
3746.1;1;El Conquistador;final;1317.979;2516.31;1317.979;1076.31;91.057
3747;1;El Conquistador;final;1229.107;1662.284;1229.107;222.284;314.173
3747.1;1;El Conquistador;final;1421.003;2651.748;1421.003;1211.748;86.216
3748;1;El Conquistador;final;508.898;1689.284;508.898;249.284;112.064
3749;1;El Conquistador;final;1335.849;1743.284;1335.849;303.284;290.699
3750;1;El Conquistador;final;1307.026;1753.284;1307.026;313.284;287.641
3750.1;1;El Conquistador;final;1372.605;2719.376;1372.605;1279.376;53.553
3751;1;El Conquistador;final;1254.425;1763.284;1254.425;323.284;264.007
3752;1;El Conquistador;final;1272.896;1783.284;1272.896;343.284;263.713
3753;1;El Conquistador;final;1333.009;1793.284;1333.009;353.284;302.858
3753.1;1;El Conquistador;final;1512.026;2733.284;72.026;1293.284;108.091
3754;1;El Conquistador;final;1357.225;1803.284;1357.225;363.284;269.514
3755;1;El Conquistador;final;595.113;1808.567;595.113;368.567;75.651
3756;1;El Conquistador;final;1261.051;1813.851;1261.051;373.851;228.309
3757;1;El Conquistador;final;1426.196;1819.134;1426.196;379.134;286.218
3758;1;El Conquistador;final;1301.446;1824.417;1301.446;384.417;253.092
3759;1;El Conquistador;final;1293.919;1834.984;1293.919;394.984;258.046
3759.1;1;El Conquistador;final;1425.553;2687.604;1425.553;1247.604;104.375
3760;1;El Conquistador;final;1334.266;1850.834;1334.266;410.834;245.835
3761;1;El Conquistador;final;1169.434;1861.401;1169.434;421.401;192.358
3762;1;El Conquistador;final;1261.175;1866.684;1261.175;426.684;219.435
3763;1;El Conquistador;final;1404.028;1871.967;1404.028;431.967;272.331
3763.1;1;El Conquistador;final;1528.497;2789.105;88.497;1349.105;86.42
3764;1;El Conquistador;final;1267.67;1877.251;1267.67;437.251;243.028
3765;1;El Conquistador;final;1452.688;1882.534;12.688;442.534;294.843
3766;1;El Conquistador;final;1179.792;1893.284;1179.792;453.284;180.255
3767;1;El Conquistador;final;1283.956;1911.284;1283.956;471.284;204.524
3768;1;El Conquistador;final;1276.425;1920.284;1276.425;480.284;193.977
3769;1;El Conquistador;final;675.747;1375.951;675.747;1375.951;306.292
3769.1;1;El Conquistador;final;1172.746;2065.166;1172.746;625.166;164.128
3770;1;El Conquistador;final;749.25;1405.951;749.25;1405.951;307.048
3770.1;1;El Conquistador;final;1289.459;2147.933;1289.459;707.933;179.486
3771;1;El Conquistador;final;810.609;1435.951;810.609;1435.951;247.411
3771.1;1;El Conquistador;final;1560.297;2242.034;120.297;802.034;264.964
3772;1;El Conquistador;final;1199.749;1516.951;1199.749;76.951;306.638
3773;1;El Conquistador;final;494.199;1735.951;494.199;295.951;81.606
3774;1;El Conquistador;final;1269.141;1765.951;1269.141;325.951;295.274
3774.1;1;El Conquistador;final;1402.413;2654.105;1402.413;1214.105;86.42
3775;1;El Conquistador;final;1315.479;1772.367;1315.479;332.367;294.868
3776;1;El Conquistador;final;1306.125;1778.784;1306.125;338.784;298.975
3776.1;1;El Conquistador;final;1510.958;2690.61;70.958;1250.61;115.733
3777;1;El Conquistador;final;1281.393;1785.201;1281.393;345.201;266.848
3778;1;El Conquistador;final;1284.803;1791.617;1284.803;351.617;310.894
3778.1;1;El Conquistador;final;1349.226;2595.861;1349.226;1155.861;86.44
3779;1;El Conquistador;final;1236.982;1798.034;1236.982;358.034;222.987
3780;1;El Conquistador;final;1302.659;1804.451;1302.659;364.451;291.912
3780.1;1;El Conquistador;final;1494.893;2697.284;54.893;1257.284;108.091
3781;1;El Conquistador;final;1129.518;1810.867;1129.518;370.867;217.539
3782;1;El Conquistador;final;1272.659;1817.284;1272.659;377.284;254.294
3783;1;El Conquistador;final;1167.312;1823.701;1167.312;383.701;236.403
3784;1;El Conquistador;final;1270.662;1830.117;1270.662;390.117;276.878
3785;1;El Conquistador;final;1349.741;1855.784;1349.741;415.784;243.212
3786;1;El Conquistador;final;1247.836;1855.951;1247.836;415.951;256.727
3787;1;El Conquistador;final;1295.963;1891.951;1295.963;451.951;259.148
3788;1;El Conquistador;final;1408.196;1900.951;1408.196;460.951;270.219
3788.1;1;El Conquistador;final;1534.463;2796.996;94.463;1356.996;82.337
3789;1;El Conquistador;final;1312.896;1909.951;1312.896;469.951;235.36
3790;1;La Reina;final;1176.353;1762.477;1176.353;322.477;208.933
3791;1;La Reina;final;1347.446;1772.477;1347.446;332.477;294.364
3791.1;1;La Reina;final;1459.329;2751.688;19.329;1311.688;59.539
3792;1;La Reina;final;1289.922;1782.477;1289.922;342.477;254.202
3793;1;La Reina;final;1358.696;1852.477;1358.696;412.477;288.537
3794;1;La Reina;final;1329.248;1748.355;1329.248;308.355;300.076
3794.1;1;La Reina;final;1522.012;2688.636;82.012;1248.636;116.015
3795;1;La Reina;final;1223.812;1758.355;1223.812;318.355;266.422
3796;1;La Reina;final;1209.24;1768.355;1209.24;328.355;261.889
3797;1;La Reina;final;1298.44;1778.355;1298.44;338.355;286.099
3798;1;La Reina;final;1334.679;1788.355;1334.679;348.355;297.212
3798.1;1;La Reina;final;1522.964;2738.355;82.964;1298.355;104.756
3799;1;La Reina;final;585.962;1798.355;585.962;358.355;78.305
3800;1;La Reina;final;1327.101;1808.355;1327.101;368.355;287.968
3801;1;La Reina;final;560.93;1822.188;560.93;382.188;68.837
3802;1;La Reina;final;602.43;1863.688;602.43;423.688;68.837
3803;1;La Reina;final;1399.146;1884.438;1399.146;444.438;284.701
3803.1;1;La Reina;final;1479.063;2805.021;39.063;1365.021;49.471
3804;1;La Reina;final;1404.679;1898.355;1404.679;458.355;277.849
3805;1;El Conquistador;final;620.725;1406.61;620.725;1406.61;273.683
3805.1;1;El Conquistador;final;1384.521;2031.284;1384.521;591.284;227.538
3806;1;El Conquistador;final;808.651;1436.61;808.651;1436.61;273.202
3806.1;1;El Conquistador;final;1263.325;2223.882;1263.325;783.882;137.226
3807;1;El Conquistador;final;824.475;1466.61;824.475;26.61;301.467
3807.1;1;El Conquistador;final;1540.81;2275.443;100.81;835.443;250.613
3808;1;El Conquistador;final;488.195;1375.233;488.195;1375.233;255.921
3808.1;1;El Conquistador;final;1418.133;1875.243;1418.133;435.243;301.579
3808.2;1;El Conquistador;final;1479.975;2846.067;39.975;1406.067;34.415
3809;1;El Conquistador;final;659.651;1405.233;659.651;1405.233;274.922
3809.1;1;El Conquistador;final;1490.388;2098.28;50.388;658.28;289.618
3810;1;El Conquistador;final;641.628;1435.233;641.628;1435.233;261.412
3810.1;1;El Conquistador;final;1362.395;2051.105;1362.395;611.105;216.923
3811;1;El Conquistador;final;1297.251;1743.284;1297.251;303.284;285.33
3812;1;El Conquistador;final;1303.15;1758.284;1303.15;318.284;303.872
3813;1;El Conquistador;final;1266.23;1773.284;1266.23;333.284;276.02
3813.1;1;El Conquistador;final;1400.697;2649.713;1400.697;1209.713;82.337
3814;1;El Conquistador;final;1381.241;1788.284;1381.241;348.284;298.847
3815;1;El Conquistador;final;1365.291;1803.284;1365.291;363.284;300.804
3815.1;1;El Conquistador;final;1498.447;2752.548;58.447;1312.548;85.151
3816;1;El Conquistador;final;1258.009;1818.284;1258.009;378.284;279.219
3817;1;El Conquistador;final;1130.542;1833.284;1130.542;393.284;207.969
3818;1;El Conquistador;final;1367.495;1863.284;1367.495;423.284;271.13
3819;1;El Conquistador;final;1474.225;1893.284;34.225;453.284;304.954
3820;1;El Conquistador;final;1357.14;1938.284;1357.14;498.284;273.673
3821;1;El Conquistador;final;1133.826;1800.861;1133.826;360.861;254.65
3822;1;Los Espinos + Santa Rosa;final;1167.642;1725.408;1167.642;285.408;300.684
3822.1;1;Los Espinos + Santa Rosa;final;1291.571;2571.985;1291.571;1131.985;63.908
3823;1;Los Espinos + Santa Rosa;final;1301.392;1740.408;1301.392;300.408;312.997
3823.1;1;Los Espinos + Santa Rosa;final;1436.842;2704.353;1436.842;1264.353;77.443
3824;1;Los Espinos + Santa Rosa;final;1219.775;1755.408;1219.775;315.408;296.966
3825;1;Los Espinos + Santa Rosa;final;560.307;1770.408;560.307;330.408;105.395
3826;1;Los Espinos + Santa Rosa;final;1267.734;1785.408;1267.734;345.408;187.56
3827;1;Los Espinos + Santa Rosa;final;1271.735;1803.408;1271.735;363.408;175.803
3828;1;Los Espinos + Santa Rosa;final;1467.794;1839.408;27.794;399.408;239.858
3829;1;El Conquistador;final;1360.519;1761.293;1360.519;321.293;303.455
3829.1;1;El Conquistador;final;1458.133;2754.535;18.133;1314.535;69.234
3830;1;El Conquistador;final;1095.8;1818.293;1095.8;378.293;264.037
3830.1;1;El Conquistador;final;1327.317;2519.902;1327.317;1079.902;126.069
3831;1;El Conquistador;final;1172.034;1769.817;1172.034;329.817;313.507
3831.1;1;El Conquistador;final;1308.829;2494.995;1308.829;1054.995;119.784
3832;1;El Conquistador;final;1067.289;1809.817;1067.289;369.817;267.803
3832.1;1;El Conquistador;final;1347.495;2458.413;1347.495;1018.413;110.994
3833;1;El Conquistador;final;1031.483;1818.817;1031.483;378.817;271.24
3833.1;1;El Conquistador;final;1413.013;2459.902;1413.013;1019.902;165.621
3834;1;El Conquistador;final;493.759;1827.817;493.759;387.817;53.028
3835;1;El Conquistador;final;1184.543;1836.817;1184.543;396.817;313.635
3835.1;1;El Conquistador;final;1269.683;2597.203;1269.683;1157.203;47.149
3836;1;La Reina;final;537.928;1364.276;537.928;1364.276;303.344
3836.1;1;La Reina;final;1255.402;1836.776;1255.402;396.776;231.822
3837;1;La Reina;final;571.581;1394.276;571.581;1394.276;298.338
3837.1;1;La Reina;final;1310.6;1943.355;1310.6;503.355;257.837
3838;1;La Reina;final;573.928;1424.276;573.928;1424.276;303.344
3838.1;1;La Reina;final;1213.3;1871.276;1213.3;431.276;260.495
3838.2;1;La Reina;final;1421.212;2595.353;1421.212;1155.353;106.986
3839;1;La Reina;final;587.631;1440.142;587.631;0.142;264.235
3839.1;1;La Reina;final;1342.722;1977.777;1342.722;537.777;213.038
3840;1;La Reina;final;575.631;1456.009;575.631;16.009;278.167
3840.1;1;La Reina;final;1296.115;1962.777;1296.115;522.777;233.035
3841;1;La Reina;final;992.256;1487.742;992.256;47.742;310.428
3841.1;1;La Reina;final;1257.181;2399.969;1257.181;959.969;148.323
3842;1;La Reina;final;785.078;1519.476;785.078;79.476;303.344
3842.1;1;La Reina;final;1288.8;2084.276;1288.8;644.276;225.842
3843;1;La Reina;final;716.91;1567.076;716.91;127.076;294.546
3843.1;1;La Reina;final;1194.377;2137.521;1194.377;697.521;126.622
3844;1;La Reina;final;827.412;1598.809;827.412;158.809;279.675
3844.1;1;La Reina;final;1469.645;2124.276;29.645;684.276;279.675
3845;1;La Reina;final;1177.713;1646.409;1177.713;206.409;311.876
3845.1;1;La Reina;final;1428.445;2604.164;1428.445;1164.164;102.874
3846;1;La Reina;final;1007.655;1678.142;1007.655;238.142;244.422
3846.1;1;La Reina;final;1476.22;2453.848;36.22;1013.848;165.391
3847;1;La Reina;final;1166.014;1694.276;1166.014;254.276;304.819
3847.1;1;La Reina;final;1462.305;2532.021;22.305;1092.021;150.063
3848;1;La Reina;final;1295.462;1701.776;1295.462;261.776;308.935
3848.1;1;La Reina;final;1530.812;2594.276;90.812;1154.276;185.593
3849;1;La Reina;final;1272.063;1716.776;1272.063;276.776;285.243
3849.1;1;La Reina;final;1497.862;2698.198;57.862;1258.198;102.874
3850;1;La Reina;final;1164.795;1724.276;1164.795;284.276;303.344
3850.1;1;La Reina;final;1471.868;2474.176;31.868;1034.176;174.652
3851;1;La Reina;final;1174.795;1731.776;1174.795;291.776;303.344
3851.1;1;La Reina;final;1540.248;2474.276;100.248;1034.276;221.812
3852;1;La Reina;final;1194.795;1746.776;1194.795;306.776;303.344
3852.1;1;La Reina;final;1299.7;2496.076;1299.7;1056.076;108.09
3853;1;La Reina;final;1252.165;1754.276;1252.165;314.276;151.426
3854;1;La Reina;final;1212.069;1761.776;1212.069;321.776;294.796
3854.1;1;La Reina;final;1470.829;2620.198;30.829;1180.198;122.256
3855;1;La Reina;final;1236.069;1776.776;1236.069;336.776;294.796
3855.1;1;La Reina;final;1305.478;2650.198;1305.478;1210.198;45.211
3856;1;La Reina;final;1159.906;1784.276;1159.906;344.276;284.789
3857;1;La Reina;final;1312.935;1791.776;1312.935;351.776;280.735
3857.1;1;La Reina;final;1509.071;2722.198;69.071;1282.198;97.509
3858;1;La Reina;final;1181.516;1799.276;1181.516;359.276;260.173
3858.1;1;La Reina;final;1391.212;2565.353;1391.212;1125.353;106.986
3859;1;La Reina;final;1202.4;1806.776;1202.4;366.776;241.627
3859.1;1;La Reina;final;1479.266;2585.353;39.266;1145.353;147.235
3860;1;La Reina;final;1312.595;1814.276;1312.595;374.276;303.023
3860.1;1;La Reina;final;1545.812;2609.276;105.812;1169.276;185.593
3861;1;La Reina;final;1337.165;1829.276;1337.165;389.276;297.725
3861.1;1;La Reina;final;1461.55;2727.727;21.55;1287.727;81.23
3862;1;La Reina;final;1303.538;1844.276;1303.538;404.276;307.348
3862.1;1;La Reina;final;1474.3;2670.92;34.3;1230.92;88.909
3863;1;La Reina;final;1346.862;1880.276;1346.862;440.276;303.344
3864;1;La Reina;final;1235.1;1889.276;1235.1;449.276;260.495
3864.1;1;La Reina;final;1441.212;2615.353;1.212;1175.353;106.986
3865;1;La Reina;final;1246.0;1898.276;1246.0;458.276;260.495
3865.1;1;La Reina;final;1451.212;2625.353;11.212;1185.353;106.986
3866;1;La Reina;final;1184.785;1934.276;1184.785;494.276;209.304
3867;1;La Reina;final;1386.9;2164.276;1386.9;724.276;225.842
3868;1;La Reina;final;1351.485;2365.176;1351.485;925.176;157.714
3869;1;La Reina;final;1256.452;2376.076;1256.452;936.076;117.937
3870;1;La Reina;final;1500.812;2539.676;60.812;1099.676;185.593
3871;1;La Reina;final;1354.2;2550.576;1354.2;1110.576;108.09
3872;1;La Reina;final;574.51;1405.353;574.51;1405.353;297.008
3872.1;1;La Reina;final;1312.01;1977.927;1312.01;537.927;262.43
3873;1;La Reina;final;743.902;1435.353;743.902;1435.353;314.611
3873.1;1;La Reina;final;1361.217;2162.165;1361.217;722.165;203.681
3874;1;La Reina;final;788.267;1465.353;788.267;25.353;314.393
3874.1;1;La Reina;final;1361.212;2202.021;1361.212;762.021;192.812
3875;1;La Reina;final;868.033;1492.353;868.033;52.353;314.393
3875.1;1;La Reina;final;1489.645;2268.017;49.645;828.017;222.154
3876;1;La Reina;final;1251.116;1759.353;1251.116;319.353;299.639
3876.1;1;La Reina;final;1429.645;2635.353;1429.645;1195.353;106.986
3877;1;La Reina;final;1269.922;1771.353;1269.922;331.353;306.234
3878;1;La Reina;final;1184.519;1796.258;1184.519;356.258;272.96
3879;1;La Reina;final;1211.685;1806.258;1211.685;366.258;249.291
3880;1;La Reina;final;1192.165;1816.258;1192.165;376.258;273.637
3881;1;La Reina;final;1200.452;1826.258;1200.452;386.258;272.96
3882;1;La Reina;final;1278.7;1836.258;1278.7;396.258;297.766
3882.1;1;La Reina;final;1527.266;2665.353;87.266;1225.353;147.235
3883;1;La Reina;final;1274.58;1846.258;1274.58;406.258;268.132
3884;1;Vespucio Norte;final;1236.246;1761.654;1236.246;321.654;287.84
3884.1;1;Vespucio Norte;final;1403.709;2675.107;1403.709;1235.107;69.266
3885;1;Vespucio Norte;final;1216.912;1770.221;1216.912;330.221;294.158
3885.1;1;Vespucio Norte;final;1507.375;2649.654;67.375;1209.654;120.874
3886;1;Vespucio Norte;final;1156.912;1787.354;1156.912;347.354;258.518
3886.1;1;Vespucio Norte;final;1464.693;2589.654;24.693;1149.654;135.571
3887;1;Vespucio Norte;final;1274.964;1795.921;1274.964;355.921;309.818
3888;1;Vespucio Norte;final;1256.362;1813.054;1256.362;373.054;294.158
3889;1;Vespucio Norte;final;1167.079;1821.654;1167.079;381.654;265.095
3889.1;1;Vespucio Norte;final;1326.379;2601.654;1326.379;1161.654;69.951
3890;1;Vespucio Norte;final;1339.229;1839.654;1339.229;399.654;288.099
3890.1;1;Vespucio Norte;final;1477.179;2775.654;37.179;1335.654;69.951
3891;1;Vespucio Norte;intermedia;599.279;611.0;599.279;611.0;258.17
3891;2;Vespucio Norte;intermedia;784.129;811.0;784.129;811.0;69.951
3891;3;Vespucio Norte;final;998.246;1377.521;998.246;1377.521;69.951
3891.1;1;Vespucio Norte;final;1448.562;2445.654;8.562;1005.654;164.235
3892;1;Vespucio Norte;final;508.729;1407.521;508.729;1407.521;271.991
3892.1;1;Vespucio Norte;final;1325.246;1941.654;1325.246;501.654;281.204
3893;1;Vespucio Norte;intermedia;881.346;901.0;881.346;901.0;287.233
3893;2;Vespucio Norte;final;1107.112;1437.521;1107.112;1437.521;69.951
3893.1;1;Vespucio Norte;final;1247.191;2541.654;1247.191;1101.654;62.231
3894;1;Vespucio Norte;final;1232.362;1752.521;1232.362;312.521;274.856
3895;1;Vespucio Norte;final;1181.448;1767.521;1181.448;327.521;264.007
3896;1;Vespucio Norte;final;1306.246;1898.354;1306.246;458.354;287.233
3896.1;1;Vespucio Norte;final;1428.408;2736.654;1428.408;1296.654;62.231
3897;1;Vespucio Norte;final;1473.239;2410.354;33.239;970.354;195.275
3898;1;Vespucio Norte;final;1483.375;2453.187;43.375;1013.187;178.911
3899;1;Vespucio Norte;final;1429.877;2470.321;1429.877;1030.321;154.909
3900;1;Vespucio Norte;final;1455.109;2487.521;15.109;1047.521;157.968
3901;1;Vespucio Norte;final;1451.294;2497.521;11.294;1057.521;153.289
3902;1;Vespucio Norte;final;1350.179;2557.521;1350.179;1117.521;92.348
3903;1;Vespucio Norte;final;968.314;1427.76;968.314;1427.76;289.27
3903.1;1;Vespucio Norte;final;1221.145;2389.436;1221.145;949.436;83.241
3904;1;Vespucio Norte;intermedia;836.396;862.0;836.396;862.0;300.122
3904;2;Vespucio Norte;final;1154.455;1457.76;1154.455;17.76;89.005
3904.1;1;Vespucio Norte;final;1206.936;2535.319;1206.936;1095.319;43.669
3905;1;Vespucio Norte;final;1303.779;1757.76;1303.779;317.76;285.775
3905.1;1;Vespucio Norte;final;1375.445;2737.372;1375.445;1297.372;39.125
3906;1;Vespucio Norte;final;1332.115;1769.76;1332.115;329.76;275.811
3907;1;Vespucio Norte;final;1389.354;1781.76;1389.354;341.76;310.27
3908;1;Vespucio Norte;final;1200.371;1793.76;1200.371;353.76;225.963
3909;1;Vespucio Norte;final;1417.865;1805.76;1417.865;365.76;295.278
3909.1;1;Vespucio Norte;final;1495.754;2850.56;55.754;1410.56;38.855
3910;1;Vespucio Norte;final;1226.136;1817.76;1226.136;377.76;239.292
3911;1;Vespucio Norte;final;1432.082;1827.76;1432.082;387.76;293.261
3911.1;1;Vespucio Norte;final;1512.887;2867.694;72.887;1427.694;38.855
3912;1;Vespucio Norte;final;1391.454;1857.76;1391.454;417.76;264.68
3913;1;Vespucio Norte;final;1238.049;1897.76;1238.049;457.76;191.226
3914;1;Vespucio Norte;final;1431.813;1907.76;1431.813;467.76;295.947
3915;1;Vespucio Norte;final;1236.237;1920.61;1236.237;480.61;191.282
3916;1;Vespucio Norte;final;1327.915;1997.76;1327.915;557.76;208.466
3917;1;Vespucio Norte;final;1439.095;1766.707;1439.095;326.707;291.345
3917.1;1;Vespucio Norte;final;1505.762;2846.038;65.762;1406.038;43.852
3918;1;Vespucio Norte;final;1152.214;1778.707;1152.214;338.707;216.186
3919;1;Vespucio Norte;final;1258.247;1790.707;1258.247;350.707;257.136
3920;1;Vespucio Norte;final;1198.581;1802.707;1198.581;362.707;243.16
3921;1;Vespucio Norte;final;1438.011;1827.557;1438.011;387.557;313.226
3922;1;Vespucio Norte;final;1212.214;1840.407;1212.214;400.407;216.186
3923;1;Vespucio Norte;final;1348.247;1853.257;1348.247;413.257;257.136
3924;1;Vespucio Norte;final;1346.847;1866.107;1346.847;426.107;257.136
3925;1;Vespucio Norte;final;1248.214;1878.957;1248.214;438.957;216.186
3926;1;Vespucio Norte;final;1243.247;1891.807;1243.247;451.807;216.186
3927;1;Vespucio Norte;final;1376.847;1904.707;1376.847;464.707;257.136
3928;1;Vespucio Norte;final;864.697;1424.707;864.697;1424.707;305.773
3928.1;1;Vespucio Norte;final;1333.247;2294.707;1333.247;854.707;134.286
3929;1;Vespucio Norte;final;1158.768;1454.707;1158.768;14.707;281.055
3929.1;1;Vespucio Norte;final;1365.283;2569.998;1365.283;1129.998;104.957
3930;1;Vespucio Norte;final;1123.23;1484.707;1123.23;44.707;260.173
3931;1;El Conquistador;final;835.537;1469.779;835.537;29.779;286.344
3931.1;1;El Conquistador;final;1391.933;2281.413;1391.933;841.413;186.51
3932;1;El Conquistador;final;1302.417;1748.346;1302.417;308.346;281.919
3933;1;El Conquistador;final;1319.389;1756.912;1319.389;316.912;306.136
3933.1;1;El Conquistador;final;1491.318;2671.552;51.318;1231.552;109.544
3934;1;El Conquistador;final;1326.417;1765.479;1326.417;325.479;279.076
3934.1;1;El Conquistador;final;1441.551;2716.879;1.551;1276.879;77.04
3935;1;El Conquistador;final;1342.417;1774.046;1342.417;334.046;305.099
3935.1;1;El Conquistador;final;1443.417;2729.779;3.417;1289.779;74.198
3936;1;El Conquistador;final;1169.949;1791.179;1169.949;351.179;252.677
3936.1;1;El Conquistador;final;1438.133;2563.284;1438.133;1123.284;127.137
3937;1;El Conquistador;final;1297.032;1799.746;1297.032;359.746;281.415
3938;1;El Conquistador;final;1271.493;1799.779;1271.493;359.779;247.974
3939;1;El Conquistador;final;1296.767;1807.946;1296.767;367.946;279.403
3939.1;1;El Conquistador;final;1428.067;2684.779;1428.067;1244.779;76.485
3940;1;El Conquistador;final;1374.572;1816.112;1374.572;376.112;302.738
3941;1;El Conquistador;final;1176.459;1824.279;1176.459;384.279;243.269
3942;1;El Conquistador;final;1373.365;1832.446;1373.365;392.446;288.586
3943;1;El Conquistador;final;1445.217;1840.612;5.217;400.612;307.386
3943.1;1;El Conquistador;final;1554.339;2832.579;114.339;1392.579;74.68
3944;1;El Conquistador;final;1355.917;1848.779;1355.917;408.779;279.403
3945;1;El Conquistador;final;1417.851;1856.946;1417.851;416.946;305.099
3945.1;1;El Conquistador;final;1523.417;2809.779;83.417;1369.779;74.198
3946;1;El Conquistador;final;1132.265;1865.112;1132.265;425.112;196.267
3947;1;El Conquistador;final;1232.312;1873.279;1232.312;433.279;276.155
3948;1;El Conquistador;final;1390.151;1889.779;1390.151;449.779;281.69
3948.1;1;El Conquistador;final;1501.001;2777.779;61.001;1337.779;75.897
3949;1;El Conquistador;final;1534.715;1938.779;94.715;498.779;314.655
3950;1;Vespucio Norte;intermedia;938.873;949.0;938.873;949.0;302.117
3950;2;Vespucio Norte;final;1056.356;1492.163;1056.356;52.163;38.07
3950.1;1;Vespucio Norte;final;1480.809;2496.396;40.809;1056.396;143.856
3951;1;Vespucio Norte;final;1292.622;1762.938;1292.622;322.938;286.612
3952;1;Vespucio Norte;final;1211.736;1774.938;1211.736;334.938;237.595
3953;1;Vespucio Norte;final;1228.296;1786.938;1228.296;346.938;280.372
3953.1;1;Vespucio Norte;final;1342.663;2662.163;1342.663;1222.163;51.221
3954;1;Vespucio Norte;final;1371.839;1798.938;1371.839;358.938;266.131
3955;1;Vespucio Norte;final;1257.596;1810.938;1257.596;370.938;258.973
3956;1;Vespucio Norte;final;1265.261;1837.163;1265.261;397.163;241.731
3957;1;Vespucio Norte;final;1260.36;1852.163;1260.36;412.163;235.085
3958;1;Vespucio Norte;final;1258.948;1867.163;1258.948;427.163;221.53
3959;1;Vespucio Norte;final;1247.363;1762.415;1247.363;322.415;294.149
3960;1;Vespucio Norte;final;1310.379;1774.415;1310.379;334.415;291.835
3960.1;1;Vespucio Norte;final;1461.189;2752.113;21.189;1312.113;60.06
3961;1;Vespucio Norte;final;1321.242;1786.415;1321.242;346.415;314.528
3961.1;1;Vespucio Norte;final;1436.702;2739.998;1436.702;1299.998;58.893
3962;1;Vespucio Norte;final;1251.283;1798.415;1251.283;358.415;251.516
3963;1;Vespucio Norte;final;1285.926;1852.415;1285.926;412.415;243.869
3964;1;Vespucio Norte;final;1335.829;1862.415;1335.829;422.415;294.707
3964.1;1;Vespucio Norte;final;1477.781;2769.405;37.781;1329.405;67.671
3965;1;Vespucio Norte;final;1442.71;1882.415;2.71;442.415;299.064
3966;1;Vespucio Norte;final;1289.455;1756.11;1289.455;316.11;273.872
3966.1;1;Vespucio Norte;final;1520.522;2669.869;80.522;1229.869;143.732
3967;1;Vespucio Norte;final;1185.828;1768.11;1185.828;328.11;266.071
3968;1;Vespucio Norte;final;1265.363;1780.11;1265.363;340.11;282.96
3969;1;Vespucio Norte;final;1311.955;1792.11;1311.955;352.11;306.174
3969.1;1;Vespucio Norte;final;1374.348;2698.024;1374.348;1258.024;53.042
3970;1;Vespucio Norte;final;1278.811;1804.11;1278.811;364.11;271.066
3971;1;Vespucio Norte;final;1250.136;1844.11;1250.136;404.11;257.681
3972;1;Vespucio Norte;final;1407.283;1750.773;1407.283;310.773;301.531
3972.1;1;Vespucio Norte;final;1456.702;2814.973;16.702;1374.973;38.951
3973;1;Vespucio Norte;final;1366.135;1760.773;1366.135;320.773;283.22
3974;1;Vespucio Norte;final;1410.389;1770.773;1410.389;330.773;280.532
3975;1;Vespucio Norte;final;1274.136;1780.773;1274.136;340.773;255.082
3976;1;Vespucio Norte;final;1342.194;1790.773;1342.194;350.773;215.615
3977;1;Vespucio Norte;final;1371.331;1800.773;1371.331;360.773;288.765
3977.1;1;Vespucio Norte;final;1516.093;2803.657;76.093;1363.657;69.266
3978;1;Vespucio Norte;final;1356.378;1810.773;1356.378;370.773;282.027
3979;1;Vespucio Norte;final;1221.336;1822.023;1221.336;382.023;191.64
3980;1;Vespucio Norte;final;1242.264;1844.523;1242.264;404.523;247.07
3981;1;Vespucio Norte;final;1393.711;1878.273;1393.711;438.273;289.986
3982;1;Vespucio Norte;final;1297.778;1889.523;1297.778;449.523;244.062
3983;1;Vespucio Norte;final;1258.581;1900.773;1258.581;460.773;230.7
3984;1;Vespucio Norte;final;1265.27;2510.773;1265.27;1070.773;61.411
3985;1;Vespucio Norte;final;1209.095;2530.773;1209.095;1090.773;44.595
3986;1;Vespucio Norte;final;1103.43;1468.684;1103.43;28.684;306.975
3987;1;Vespucio Norte;final;1227.417;1603.684;1227.417;163.684;296.479
3987.1;1;Vespucio Norte;final;1318.645;2630.997;1318.645;1190.997;49.002
3988;1;Vespucio Norte;final;1248.36;1738.684;1248.36;298.684;297.186
3988.1;1;Vespucio Norte;final;1332.811;2665.686;1332.811;1225.686;50.711
3989;1;Vespucio Norte;final;1347.272;1748.684;1347.272;308.684;284.643
3989.1;1;Vespucio Norte;final;1568.789;2726.119;128.789;1286.119;143.732
3990;1;Vespucio Norte;final;1268.513;1758.684;1268.513;318.684;305.185
3990.1;1;Vespucio Norte;final;1402.71;2700.965;1402.71;1260.965;63.224
3991;1;Vespucio Norte;final;799.945;1768.684;799.945;328.684;144.975
3992;1;Vespucio Norte;final;1362.003;1778.684;1362.003;338.684;306.906
3992.1;1;Vespucio Norte;final;1473.964;2778.702;33.964;1338.702;64.092
3993;1;Vespucio Norte;final;1176.811;1788.684;1176.811;348.684;240.593
3994;1;Vespucio Norte;final;1280.111;1798.684;1280.111;358.684;272.972
3995;1;Vespucio Norte;final;1198.578;1808.684;1198.578;368.684;238.235
3996;1;Vespucio Norte;final;1442.259;1818.684;2.259;378.684;313.117
3996.1;1;Vespucio Norte;final;1473.317;2759.725;33.317;1319.725;71.51
3997;1;Vespucio Norte;final;1197.161;1828.684;1197.161;388.684;232.567
3998;1;Vespucio Norte;final;1265.311;1838.684;1265.311;398.684;278.18
3999;1;Vespucio Norte;final;1249.887;1848.684;1249.887;408.684;232.098
4000;1;Vespucio Norte;final;1274.445;1858.684;1274.445;418.684;230.62
4001;1;Vespucio Norte;final;1409.328;1868.684;1409.328;428.684;292.927
4002;1;Vespucio Norte;final;1451.922;1878.684;11.922;438.684;304.533
4003;1;Vespucio Norte;final;1176.736;1888.684;1176.736;448.684;193.034
4004;1;Vespucio Norte;final;1193.27;2518.684;1193.27;1078.684;43.243
4005;1;Vespucio Norte;final;1294.505;1762.724;1294.505;322.724;291.156
4006;1;Vespucio Norte;final;1274.332;1774.724;1274.332;334.724;281.219
4007;1;Vespucio Norte;final;1304.622;1786.724;1304.622;346.724;303.302
4008;1;Vespucio Norte;final;1331.964;1798.724;1331.964;358.724;295.232
4009;1;Vespucio Norte;final;1319.114;1810.724;1319.114;370.724;308.847
4009.1;1;Vespucio Norte;final;1524.717;2734.436;84.717;1294.436;96.344
4010;1;Vespucio Norte;final;1295.379;1822.593;1295.379;382.593;298.381
4010.1;1;Vespucio Norte;final;1456.831;2726.665;16.831;1286.665;74.226
4011;1;Vespucio Norte;final;1339.76;1838.926;1339.76;398.926;204.402
4012;1;Vespucio Norte;final;1388.646;1863.426;1388.646;423.426;307.193
4012.1;1;Vespucio Norte;final;1487.763;2820.696;47.763;1380.696;51.221
4013;1;Vespucio Norte;final;1167.313;1871.593;1167.313;431.593;222.576
4014;1;Vespucio Norte;final;1316.622;1912.426;1316.622;472.426;215.281
4015;1;Vespucio Norte;final;582.561;1912.593;582.561;472.593;43.443
4016;1;Vespucio Norte;final;1154.163;2522.593;1154.163;1082.593;26.733
4017;1;Vespucio Norte;final;935.915;1408.024;935.915;1408.024;292.559
4017.1;1;Vespucio Norte;final;1257.515;2371.783;1257.515;931.783;120.133
4018;1;Vespucio Norte;final;1288.614;1738.024;1288.614;298.024;290.566
4019;1;Vespucio Norte;final;1140.811;1750.024;1140.811;310.024;232.765
4020;1;Vespucio Norte;final;1297.579;1762.024;1297.579;322.024;281.74
4020.1;1;Vespucio Norte;final;1386.295;2710.671;1386.295;1270.671;49.487
4021;1;Vespucio Norte;final;1349.178;1774.024;1349.178;334.024;307.849
4022;1;Vespucio Norte;final;1311.283;1786.024;1311.283;346.024;290.82
4022.1;1;Vespucio Norte;final;1491.317;2716.761;51.317;1276.761;92.64
4023;1;Vespucio Norte;final;1374.418;1798.024;1374.418;358.024;292.188
4024;1;Vespucio Norte;final;1138.795;1808.024;1138.795;368.024;201.528
4025;1;Vespucio Norte;final;1291.748;1818.024;1291.748;378.024;269.478
4026;1;Vespucio Norte;final;1360.001;1828.024;1360.001;388.024;291.98
4026.1;1;Vespucio Norte;final;1476.826;2769.998;36.826;1329.998;68.421
4027;1;Vespucio Norte;final;784.061;1838.024;784.061;398.024;123.701
4028;1;Vespucio Norte;final;1354.348;1848.024;1354.348;408.024;266.408
4029;1;Vespucio Norte;final;1391.711;2518.024;1391.711;1078.024;126.681
4030;1;Vespucio Norte;final;1113.363;1771.787;1113.363;331.787;193.189
4031;1;Vespucio Norte;final;1183.23;1783.787;1183.23;343.787;222.533
4032;1;Vespucio Norte;final;1210.761;1849.787;1210.761;409.787;227.069
4033;1;El Conquistador;final;887.689;1466.63;887.689;26.63;296.546
4033.1;1;El Conquistador;final;1281.21;2289.463;1281.21;849.463;164.641
4034;1;El Conquistador;final;1209.62;1601.63;1209.62;161.63;225.564
4035;1;El Conquistador;final;1328.677;1736.63;1328.677;296.63;314.51
4035.1;1;El Conquistador;final;1493.922;2667.29;53.922;1227.29;124.743
4036;1;El Conquistador;final;1230.577;1766.63;1230.577;326.63;299.193
4037;1;El Conquistador;final;1148.706;1781.63;1148.706;341.63;281.525
4037.1;1;El Conquistador;final;1453.977;2543.296;13.977;1103.296;164.641
4038;1;El Conquistador;final;1275.62;1796.63;1275.62;356.63;288.087
4039;1;El Conquistador;final;1378.977;1811.63;1378.977;371.63;314.37
4040;1;El Conquistador;final;1392.31;1826.63;1392.31;386.63;314.806
4041;1;El Conquistador;final;1387.919;1841.63;1387.919;401.63;307.056
4041.1;1;El Conquistador;final;1502.418;2787.552;62.418;1347.552;73.038
4042;1;Vespucio Norte;final;1232.561;1761.654;1232.561;321.654;268.863
4043;1;Vespucio Norte;final;1344.814;1773.654;1344.814;333.654;297.44
4043.1;1;Vespucio Norte;final;1471.813;2761.569;31.813;1321.569;68.892
4044;1;Vespucio Norte;final;1331.191;1785.654;1331.191;345.654;309.441
4044.1;1;Vespucio Norte;final;1428.562;2658.921;1428.562;1218.921;92.348
4045;1;Vespucio Norte;final;1276.246;1797.654;1276.246;357.654;288.099
4045.1;1;Vespucio Norte;final;1531.375;2706.654;91.375;1266.654;127.192
4046;1;Vespucio Norte;final;1293.414;1809.654;1293.414;369.654;310.077
4046.1;1;Vespucio Norte;final;1327.764;2714.436;1327.764;1274.436;21.021
4047;1;Vespucio Norte;final;1387.493;1821.654;1387.493;381.654;275.862
4048;1;Vespucio Norte;final;1404.817;1847.354;1404.817;407.354;311.943
4049;1;Vespucio Norte;final;1175.646;1860.204;1175.646;420.204;222.878
4050;1;Vespucio Norte;final;1334.445;1784.33;1334.445;344.33;305.501
4050.1;1;Vespucio Norte;final;1482.645;2728.684;42.645;1288.684;77.12
4051;1;Vespucio Norte;final;1317.095;1868.58;1317.095;428.58;251.444
4052;1;Vespucio Norte;final;1311.639;1468.684;1311.639;28.684;289.43
4052.1;1;Vespucio Norte;final;1553.789;2692.369;113.789;1252.369;145.98
4053;1;Vespucio Norte;final;1182.798;1738.684;1182.798;298.684;266.191
4054;1;Vespucio Norte;final;1388.622;1750.684;1388.622;310.684;301.74
4055;1;Vespucio Norte;final;1276.446;1762.684;1276.446;322.684;303.333
4055.1;1;Vespucio Norte;final;1436.363;2722.593;1436.363;1282.593;78.43
4056;1;Vespucio Norte;final;1221.661;1774.684;1221.661;334.684;235.56
4057;1;Vespucio Norte;final;1305.145;1786.684;1305.145;346.684;183.251
4058;1;Vespucio Norte;final;1395.144;1798.684;1395.144;358.684;311.959
4058.1;1;Vespucio Norte;final;1474.078;2812.773;34.078;1372.773;44.595
4059;1;Vespucio Norte;final;1384.445;1809.934;1384.445;369.934;307.033
4060;1;Vespucio Norte;final;1377.131;1821.184;1377.131;381.184;304.505
4060.1;1;Vespucio Norte;final;1447.985;2792.436;7.985;1352.436;41.239
4061;1;Vespucio Norte;final;1356.311;1832.434;1356.311;392.434;286.992
4061.1;1;Vespucio Norte;final;1473.179;2789.787;33.179;1349.787;57.507
4062;1;Vespucio Norte;final;1220.378;1843.684;1220.378;403.684;233.197
4063;1;Vespucio Norte;final;1178.061;1854.934;1178.061;414.934;213.377
4064;1;Vespucio Norte;final;1287.061;1866.184;1287.061;426.184;256.326
4065;1;Vespucio Norte;final;1199.861;1877.434;1199.861;437.434;207.419
4066;1;Vespucio Norte;final;1346.711;1888.684;1346.711;448.684;262.49
4067;1;Vespucio Norte;final;1291.978;2518.684;1291.978;1078.684;77.12
4068;1;Vespucio Norte;final;1345.563;1750.773;1345.563;310.773;295.864
4069;1;Vespucio Norte;final;1402.078;1762.773;1402.078;322.773;312.117
4069.1;1;Vespucio Norte;final;1445.236;2788.684;5.236;1348.684;43.243
4070;1;Vespucio Norte;final;1324.445;1774.773;1324.445;334.773;311.625
4070.1;1;Vespucio Norte;final;1410.045;2740.671;1410.045;1300.671;49.487
4071;1;Vespucio Norte;final;1321.972;1786.773;1321.972;346.773;303.79
4071.1;1;Vespucio Norte;final;1482.636;2703.619;42.636;1263.619;102.249
4072;1;Vespucio Norte;final;1221.095;1798.773;1221.095;358.773;243.12
4073;1;Vespucio Norte;final;1270.895;1810.773;1270.895;370.773;259.185
4074;1;Vespucio Norte;final;1257.095;1822.023;1257.095;382.023;236.075
4075;1;Vespucio Norte;final;1276.211;1833.273;1276.211;393.273;264.736
4076;1;Vespucio Norte;final;1318.711;1889.523;1318.711;449.523;269.181
4077;1;Vespucio Norte;final;1188.214;1468.024;1188.214;28.024;288.245
4077.1;1;Vespucio Norte;final;1430.631;2609.707;1430.631;1169.707;93.337
4078;1;Vespucio Norte;final;1281.095;1738.024;1281.095;298.024;299.254
4079;1;Vespucio Norte;final;1305.095;1750.024;1305.095;310.024;275.353
4080;1;Vespucio Norte;final;1306.001;1762.024;1306.001;322.024;306.607
4080.1;1;Vespucio Norte;final;1392.378;2716.33;1392.378;1276.33;49.002
4081;1;Vespucio Norte;final;1288.211;1774.024;1288.211;334.024;286.275
4081.1;1;Vespucio Norte;final;1379.328;2695.773;1379.328;1255.773;52.633
4082;1;Vespucio Norte;final;1331.805;1786.024;1331.805;346.024;304.09
4082.1;1;Vespucio Norte;final;1373.372;2713.219;1373.372;1273.219;42.284
4083;1;Vespucio Norte;final;1273.579;1798.024;1273.579;358.024;255.041
4084;1;Vespucio Norte;final;1187.736;1818.024;1187.736;378.024;240.084
4085;1;Vespucio Norte;final;1301.27;1838.024;1301.27;398.024;262.249
4086;1;Vespucio Norte;final;1422.636;1848.024;1422.636;408.024;307.726
4087;1;Vespucio Norte;final;1211.41;1738.024;1211.41;298.024;214.762
4088;1;Vespucio Norte;final;1348.711;1750.024;1348.711;310.024;307.602
4089;1;Vespucio Norte;final;1448.939;1762.024;8.939;322.024;286.209
4089.1;1;Vespucio Norte;final;1554.789;2828.919;114.789;1388.919;85.152
4090;1;Vespucio Norte;final;1295.255;1774.024;1295.255;334.024;224.353
4091;1;Vespucio Norte;final;1293.336;1786.024;1293.336;346.024;281.049
4092;1;Vespucio Norte;final;1316.629;1798.024;1316.629;358.024;291.014
4092.1;1;Vespucio Norte;final;1522.029;2752.163;82.029;1312.163;97.928
4093;1;Vespucio Norte;final;1332.36;1807.024;1332.36;367.024;296.899
4093.1;1;Vespucio Norte;final;1490.376;2740.624;50.376;1300.624;84.526
4094;1;Vespucio Norte;final;1404.698;1834.024;1404.698;394.024;304.832
4094.1;1;Vespucio Norte;final;1444.698;2824.436;4.698;1384.436;27.297
4095;1;Vespucio Norte;final;1409.789;1843.024;1409.789;403.024;300.853
4096;1;Vespucio Norte;final;1437.781;1852.024;1437.781;412.024;306.581
4097;1;Vespucio Norte;final;1148.911;1870.024;1148.911;430.024;195.364
4098;1;Vespucio Norte;final;1397.076;1888.024;1397.076;448.024;254.963
4099;1;Vespucio Norte;final;1332.179;1746.081;1332.179;306.081;313.035
4099.1;1;Vespucio Norte;final;1488.562;2771.654;48.562;1331.654;63.633
4100;1;Vespucio Norte;final;1233.095;1776.081;1233.095;336.081;266.173
4101;1;Vespucio Norte;final;1297.961;2645.981;1297.961;1205.981;39.843
4102;1;Vespucio Norte;final;1183.052;1728.951;1183.052;288.951;223.207
4103;1;Vespucio Norte;final;1353.002;1734.951;1353.002;294.951;285.89
4103.1;1;Vespucio Norte;final;1484.435;2718.951;44.435;1278.951;97.841
4104;1;Vespucio Norte;final;1198.052;1740.951;1198.052;300.951;223.207
4105;1;Vespucio Norte;final;1285.585;1746.951;1285.585;306.951;254.548
4106;1;Vespucio Norte;final;1213.052;1752.951;1213.052;312.951;223.207
4107;1;Vespucio Norte;final;1373.002;1758.951;1373.002;318.951;285.89
4108;1;Vespucio Norte;final;1223.052;1764.951;1223.052;324.951;223.207
4109;1;Vespucio Norte;final;1233.052;1770.951;1233.052;330.951;223.207
4110;1;Vespucio Norte;final;1383.002;1776.951;1383.002;336.951;285.89
4110.1;1;Vespucio Norte;final;1518.702;2753.217;78.702;1313.217;97.841
4111;1;Vespucio Norte;final;1315.585;1782.951;1315.585;342.951;254.548
4112;1;Vespucio Norte;final;523.719;1788.951;523.719;348.951;66.5
4113;1;Vespucio Norte;final;1168.052;1793.451;1168.052;353.451;191.865
4114;1;Vespucio Norte;final;532.719;1797.951;532.719;357.951;66.5
4115;1;Vespucio Norte;final;1403.002;1802.451;1403.002;362.451;285.89
4115.1;1;Vespucio Norte;final;1535.835;2770.351;95.835;1330.351;97.841
4116;1;Vespucio Norte;final;1413.002;1811.451;1413.002;371.451;285.89
4117;1;Vespucio Norte;final;1433.035;1829.451;1433.035;389.451;285.89
4117.1;1;Vespucio Norte;final;1501.569;2804.617;61.569;1364.617;66.5
4118;1;Vespucio Norte;final;1228.052;1847.451;1228.052;407.451;191.865
4119;1;Vespucio Norte;final;1393.002;1865.451;1393.002;425.451;254.548
4120;1;Vespucio Norte;final;1330.585;1869.951;1330.585;429.951;223.207
4121;1;Vespucio Norte;final;1338.085;1874.451;1338.085;434.451;223.207
4122;1;Vespucio Norte;final;1238.052;1878.951;1238.052;438.951;191.865
4123;1;Vespucio Norte;final;1153.052;1887.951;1153.052;447.951;160.524
4124;1;Vespucio Norte;final;1104.579;1474.832;1104.579;34.832;308.207
4124.1;1;Vespucio Norte;final;1286.039;2542.593;1286.039;1102.593;73.212
4125;1;Vespucio Norte;final;1258.276;1756.832;1258.276;316.832;267.381
4126;1;Vespucio Norte;final;1243.948;1768.832;1243.948;328.832;282.119
4127;1;Vespucio Norte;final;1323.846;1780.832;1323.846;340.832;313.002
4128;1;Vespucio Norte;final;1114.955;1474.761;1114.955;34.761;303.971
4128.1;1;Vespucio Norte;final;1245.046;2496.119;1245.046;1056.119;57.076
4129;1;Vespucio Norte;final;1296.36;1764.761;1296.36;324.761;288.767
4129.1;1;Vespucio Norte;final;1376.711;2714.436;1376.711;1274.436;45.276
4130;1;Vespucio Norte;final;1356.546;1784.761;1356.546;344.761;314.167
4130.1;1;Vespucio Norte;final;1504.896;2792.593;64.896;1352.593;73.439
4131;1;Vespucio Norte;final;1351.748;1804.761;1351.748;364.761;301.958
4132;1;Vespucio Norte;final;1310.968;1861.011;1310.968;421.011;269.493
4133;1;Vespucio Norte;final;1343.246;1894.761;1343.246;454.761;275.981
4134;1;Vespucio Norte;final;947.36;1490.266;947.36;50.266;292.253
4134.1;1;Vespucio Norte;final;1352.295;2367.473;1352.295;927.473;149.995
4135;1;Vespucio Norte;final;1346.622;1772.266;1346.622;332.266;311.984
4135.1;1;Vespucio Norte;final;1435.144;2726.119;1435.144;1286.119;67.14
4136;1;Vespucio Norte;final;1226.25;1784.266;1226.25;344.266;308.47
4136.1;1;Vespucio Norte;final;1490.316;2627.485;50.316;1187.485;132.652
4137;1;Vespucio Norte;final;1276.161;1754.436;1276.161;314.436;278.595
4138;1;Vespucio Norte;final;1262.445;1766.436;1262.445;326.436;274.561
4139;1;Vespucio Norte;final;1186.736;1778.436;1186.736;338.436;228.218
4140;1;Vespucio Norte;final;1273.705;1790.436;1273.705;350.436;235.154
4141;1;Vespucio Norte;final;1321.868;1802.436;1321.868;362.436;276.241
4142;1;Vespucio Norte;final;1365.627;1814.436;1365.627;374.436;307.936
4142.1;1;Vespucio Norte;final;1473.614;2809.787;33.614;1369.787;52.801
4143;1;Vespucio Norte;final;1337.148;1827.269;1337.148;387.269;249.019
4144;1;Vespucio Norte;final;1339.445;1833.686;1339.445;393.686;268.987
4145;1;Vespucio Norte;final;1442.645;1852.936;2.645;412.936;313.029
4146;1;Vespucio Norte;final;1456.184;1865.769;16.184;425.769;311.063
4147;1;Vespucio Norte;final;1255.689;1885.019;1255.689;445.019;220.401
4148;1;Vespucio Norte;final;1367.446;1891.436;1367.446;451.436;266.728
4149;1;Vespucio Norte;final;1387.728;2515.819;1387.728;1075.819;105.635
4150;1;Vespucio Norte;final;1439.698;2525.036;1439.698;1085.036;130.517
4151;1;Vespucio Norte;final;1378.049;1757.76;1378.049;317.76;310.214
4152;1;Vespucio Norte;final;1379.315;1772.76;1379.315;332.76;299.855
4153;1;Vespucio Norte;final;1405.015;1787.76;1405.015;347.76;297.567
4153.1;1;Vespucio Norte;final;1488.965;2827.76;48.965;1387.76;45.402
4154;1;Vespucio Norte;final;1268.046;1802.76;1268.046;362.76;259.151
4155;1;Vespucio Norte;final;1346.304;1817.76;1346.304;377.76;267.247
4156;1;Vespucio Norte;final;1414.949;1829.01;1414.949;389.01;293.253
4156.1;1;Vespucio Norte;final;1489.354;2847.76;49.354;1407.76;36.837
4157;1;Vespucio Norte;final;1444.354;1840.26;4.354;400.26;293.595
4157.1;1;Vespucio Norte;final;1517.749;2867.694;77.749;1427.694;43.105
4158;1;Vespucio Norte;final;1236.371;1862.76;1236.371;422.76;210.81
4159;1;Vespucio Norte;final;1469.354;1896.51;29.354;456.51;286.706
4160;1;Vespucio Norte;final;1478.621;1907.76;38.621;467.76;301.937
4161;1;Vespucio Norte;final;1483.482;1920.61;43.482;480.61;303.612
4162;1;Vespucio Norte;final;1188.049;1933.46;1188.049;493.46;175.794
4163;1;Vespucio Norte;final;799.965;1421.066;799.965;1421.066;252.12
4163.1;1;Vespucio Norte;final;1211.632;2248.349;1211.632;808.349;120.133
4164;1;Vespucio Norte;final;1198.061;1775.066;1198.061;335.066;233.94
4165;1;Vespucio Norte;final;1361.529;1833.566;1361.529;393.566;296.732
4165.1;1;Vespucio Norte;final;1476.702;2792.415;36.702;1352.415;51.142
4166;1;Vespucio Norte;final;1176.778;1856.066;1176.778;416.066;208.805
4167;1;Vespucio Norte;final;1305.311;1901.066;1305.311;461.066;237.078
4168;1;Vespucio Norte;final;1372.642;1484.436;1372.642;44.436;312.781
4168.1;1;Vespucio Norte;final;1512.478;2779.998;72.478;1339.998;77.519
4169;1;Vespucio Norte;final;839.245;1754.436;839.245;314.436;190.287
4170;1;Vespucio Norte;final;1140.635;1766.436;1140.635;326.436;228.077
4171;1;Vespucio Norte;final;1361.847;1778.436;1361.847;338.436;216.701
4172;1;Vespucio Norte;final;1425.763;1848.186;1425.763;408.186;310.281
4173;1;Vespucio Norte;final;1295.689;1766.066;1295.689;326.066;307.926
4173.1;1;Vespucio Norte;final;1514.856;2731.896;74.856;1291.896;96.05
4174;1;Vespucio Norte;final;1275.417;1781.066;1275.417;341.066;287.741
4174.1;1;Vespucio Norte;final;1352.076;2674.832;1352.076;1234.832;52.114
4175;1;Vespucio Norte;final;1237.996;1851.066;1237.996;411.066;198.256
4176;1;Vespucio Norte;final;1422.855;1871.066;1422.855;431.066;273.4
4176.1;1;Vespucio Norte;final;1538.789;2801.119;98.789;1361.119;87.4
4177;1;Vespucio Norte;final;1150.651;1881.066;1150.651;441.066;190.377
4178;1;Vespucio Norte;final;1238.113;1901.066;1238.113;461.066;254.434
4179;1;Vespucio Norte;final;1293.398;1991.066;1293.398;551.066;234.522
4180;1;Vespucio Norte;final;1275.629;1492.07;1275.629;52.07;312.91
4180.1;1;Vespucio Norte;final;1353.346;2707.372;1353.346;1267.372;42.97
4181;1;Vespucio Norte;final;1121.448;1777.07;1121.448;337.07;248.017
4182;1;Vespucio Norte;final;1271.579;1792.07;1271.579;352.07;289.678
4183;1;Vespucio Norte;final;1307.805;1837.07;1307.805;397.07;225.934
4184;1;Vespucio Norte;final;1238.445;1852.07;1238.445;412.07;239.187
4185;1;Vespucio Norte;final;1278.017;1867.07;1278.017;427.07;238.884
4186;1;Vespucio Norte;final;1144.163;1484.436;1144.163;44.436;280.794
4187;1;Vespucio Norte;final;1302.698;1754.436;1302.698;314.436;270.39
4188;1;Vespucio Norte;final;1398.913;1769.436;1398.913;329.436;312.421
4188.1;1;Vespucio Norte;final;1468.729;2832.372;28.729;1392.372;39.125
4189;1;Vespucio Norte;final;1305.255;1784.436;1305.255;344.436;270.292
4190;1;El Conquistador;final;1205.084;1751.779;1205.084;311.779;277.672
4190.1;1;El Conquistador;final;1331.917;2591.779;1331.917;1151.779;77.04
4191;1;El Conquistador;final;1392.151;1763.779;1392.151;323.779;304.772
4192;1;El Conquistador;final;1310.417;1775.779;1310.417;335.779;276.789
4192.1;1;El Conquistador;final;1525.217;2699.779;85.217;1259.779;125.916
4193;1;El Conquistador;final;1383.067;1787.779;1383.067;347.779;304.543
4193.1;1;El Conquistador;final;1485.217;2769.779;45.217;1329.779;77.04
4194;1;El Conquistador;final;1318.417;1799.779;1318.417;359.779;279.632
4195;1;El Conquistador;final;1367.389;1811.029;1367.389;371.029;303.849
4196;1;El Conquistador;final;1431.915;1822.279;1431.915;382.279;295.531
4197;1;El Conquistador;final;1254.667;1833.529;1254.667;393.529;251.649
4198;1;El Conquistador;final;1254.417;1844.779;1254.417;404.779;251.094
4199;1;El Conquistador;final;1392.117;1856.029;1392.117;416.029;303.367
4200;1;El Conquistador;final;1458.067;1867.279;18.067;427.279;302.256
4201;1;El Conquistador;final;1430.701;1889.779;1430.701;449.779;279.076
4202;1;El Conquistador;final;1274.667;1941.179;1274.667;501.179;228.241
4203;1;Vespucio Norte;final;1354.445;1770.671;1354.445;330.671;273.883
4204;1;Vespucio Norte;final;1269.336;1790.671;1269.336;350.671;217.012
4205;1;Vespucio Norte;final;1365.163;1810.671;1365.163;370.671;279.952
4206;1;Vespucio Norte;final;1312.135;1836.371;1312.135;396.371;279.182
4206.1;1;Vespucio Norte;final;1452.826;2739.948;12.826;1299.948;68.421
4207;1;Vespucio Norte;final;1064.911;1887.771;1064.911;447.771;177.271
4208;1;Vespucio Norte;final;1450.045;1900.621;10.045;460.621;304.915
4209;1;Vespucio Norte;final;1371.295;1900.671;1371.295;460.671;274.187
4210;1;Vespucio Norte;final;1270.068;1468.684;1270.068;28.684;293.307
4210.1;1;Vespucio Norte;final;1364.328;2680.773;1364.328;1240.773;52.633
4211;1;Vespucio Norte;final;1196.736;1738.684;1196.736;298.684;257.922
4212;1;Vespucio Norte;final;1269.998;1753.684;1269.998;313.684;274.49
4213;1;Vespucio Norte;final;1341.298;1768.684;1341.298;328.684;312.211
4214;1;Vespucio Norte;final;1487.283;1783.684;47.283;343.684;271.078
4215;1;Vespucio Norte;final;890.645;1798.684;890.645;358.684;160.776
4216;1;Vespucio Norte;final;1222.695;1809.934;1222.695;369.934;260.483
4217;1;Vespucio Norte;final;1205.27;1821.184;1205.27;381.184;236.361
4218;1;Vespucio Norte;final;1277.27;1832.434;1277.27;392.434;245.092
4219;1;Vespucio Norte;final;1363.711;1843.684;1363.711;403.684;290.3
4220;1;Vespucio Norte;final;1310.445;1854.934;1310.445;414.934;261.768
4221;1;Vespucio Norte;final;572.062;1866.184;572.062;426.184;48.239
4222;1;Vespucio Norte;final;1277.311;1877.434;1277.311;437.434;233.642
4223;1;Vespucio Norte;final;1374.378;1888.684;1374.378;448.684;288.927
4224;1;Vespucio Norte;final;1201.579;2518.684;1201.579;1078.684;48.239
4225;1;Vespucio Norte;final;1264.446;1759.973;1264.446;319.973;300.638
4226;1;Vespucio Norte;final;1259.714;1774.973;1259.714;334.973;274.794
4226.1;1;Vespucio Norte;final;1383.408;2691.654;1383.408;1251.654;62.231
4227;1;Vespucio Norte;final;1332.517;1789.973;1332.517;349.973;300.169
4227.1;1;Vespucio Norte;final;1376.702;2734.973;1376.702;1294.973;38.951
4228;1;Vespucio Norte;final;1298.445;1804.973;1298.445;364.973;314.037
4228.1;1;Vespucio Norte;final;1475.236;2683.684;35.236;1243.684;97.936
4229;1;Vespucio Norte;final;1194.483;1827.473;1194.483;387.473;260.017
4230;1;Vespucio Norte;final;1409.279;1872.473;1409.279;432.473;297.204
4230.1;1;Vespucio Norte;final;1473.532;2785.054;33.532;1345.054;69.924
4231;1;Vespucio Norte;final;1183.581;1894.973;1183.581;454.973;239.57
4232;1;Vespucio Norte;final;1198.346;1749.998;1198.346;309.998;292.783
4232.1;1;Vespucio Norte;final;1356.955;2629.793;1356.955;1189.793;71.623
4233;1;Vespucio Norte;final;1335.283;1764.998;1335.283;324.998;313.668
4233.1;1;Vespucio Norte;final;1436.479;2734.761;1436.479;1294.761;68.458
4234;1;Vespucio Norte;final;1282.328;1779.998;1282.328;339.998;284.66
4235;1;Vespucio Norte;final;1262.039;1794.998;1262.039;354.998;246.961
4236;1;Vespucio Norte;final;1312.946;1809.998;1312.946;369.998;289.089
4236.1;1;Vespucio Norte;final;1382.85;2752.365;1382.85;1312.365;31.799
4237;1;Vespucio Norte;final;1382.076;1819.998;1382.076;379.998;305.419
4237.1;1;Vespucio Norte;final;1486.214;2804.707;46.214;1364.707;54.309
4238;1;Vespucio Norte;final;1401.614;1829.998;1401.614;389.998;307.88
4239;1;Vespucio Norte;final;1386.517;1859.998;1386.517;419.998;298.996
4239.1;1;Vespucio Norte;final;1482.71;2814.832;42.71;1374.832;52.114
4240;1;Vespucio Norte;final;1184.542;1869.998;1184.542;429.998;243.422
4241;1;Vespucio Norte;final;1401.131;1899.998;1401.131;459.998;287.311
4241.1;1;Vespucio Norte;final;1471.985;2816.436;31.985;1376.436;41.239
4242;1;Vespucio Norte;final;1280.716;1911.248;1280.716;471.248;273.451
4243;1;Vespucio Norte;final;1348.896;2529.898;1348.896;1089.898;96.338
4244;1;Vespucio Norte;final;1490.631;2529.998;50.631;1089.998;146.627
4245;1;Vespucio Norte;final;1361.454;1757.76;1361.454;317.76;289.002
4245.1;1;Vespucio Norte;final;1429.354;2787.76;1429.354;1347.76;36.837
4246;1;Vespucio Norte;final;1201.454;1769.76;1201.454;329.76;232.287
4247;1;Vespucio Norte;final;1331.454;1781.76;1331.454;341.76;269.544
4248;1;Vespucio Norte;final;1393.049;1793.76;1393.049;353.76;305.9
4248.1;1;Vespucio Norte;final;1466.349;2816.294;26.349;1376.294;43.105
4249;1;Vespucio Norte;final;1363.049;1805.76;1363.049;365.76;284.153
4249.1;1;Vespucio Norte;final;1448.965;2787.76;8.965;1347.76;45.402
4250;1;Vespucio Norte;final;1392.165;1817.76;1392.165;377.76;275.819
4251;1;Vespucio Norte;final;1461.487;1829.01;21.487;389.01;305.972
4252;1;Vespucio Norte;final;1399.729;1840.26;1399.729;400.26;289.573
4252.1;1;Vespucio Norte;final;1459.967;2832.415;19.967;1392.415;31.799
4253;1;Vespucio Norte;final;1236.115;1851.51;1236.115;411.51;215.069
4254;1;Vespucio Norte;final;1397.815;1874.01;1397.815;434.01;277.829
4255;1;Vespucio Norte;final;1500.615;1997.76;60.615;557.76;286.449
4256;1;Vespucio Norte;final;1242.11;1484.436;1242.11;44.436;286.812
4256.1;1;Vespucio Norte;final;1489.411;2650.624;49.411;1210.624;108.422
4257;1;Vespucio Norte;final;1300.211;1774.436;1300.211;334.436;290.168
4257.1;1;Vespucio Norte;final;1378.711;2710.773;1378.711;1270.773;44.595
4258;1;Vespucio Norte;final;1293.095;1814.436;1293.095;374.436;269.057
4259;1;Vespucio Norte;final;1291.868;1832.436;1291.868;392.436;274.101
4260;1;Vespucio Norte;final;1417.027;1850.436;1417.027;410.436;314.749
4260.1;1;Vespucio Norte;final;1481.695;2849.787;41.695;1409.787;35.696
4261;1;Vespucio Norte;final;1306.264;1868.436;1306.264;428.436;246.729
4262;1;Vespucio Norte;final;1371.164;1904.436;1371.164;464.436;259.931
4263;1;Vespucio Norte;final;1053.517;1492.163;1053.517;52.163;289.097
4263.1;1;Vespucio Norte;final;1342.001;2464.33;1342.001;1024.33;112.218
4264;1;Vespucio Norte;final;1209.564;1627.163;1209.564;187.163;309.704
4264.1;1;Vespucio Norte;final;1273.948;2624.436;1273.948;1184.436;33.659
4265;1;Vespucio Norte;final;1291.798;1772.163;1291.798;332.163;287.056
4266;1;Vespucio Norte;final;1308.392;1792.163;1308.392;352.163;278.536
4266.1;1;Vespucio Norte;final;1390.983;2727.098;1390.983;1287.098;52.317
4267;1;Vespucio Norte;final;1232.713;1812.163;1232.713;372.163;265.25
4268;1;Vespucio Norte;final;1406.847;1867.163;1406.847;427.163;296.979
4269;1;Vespucio Norte;final;1265.311;1766.436;1265.311;326.436;278.555
4270;1;Vespucio Norte;final;1189.823;1778.436;1189.823;338.436;228.472
4271;1;Vespucio Norte;final;1261.528;1802.436;1261.528;362.436;237.905
4272;1;Vespucio Norte;final;1144.579;1834.436;1144.579;394.436;209.91
4273;1;Vespucio Norte;final;1167.596;1844.436;1167.596;404.436;217.242
4274;1;Vespucio Norte;final;1278.645;1874.436;1278.645;434.436;229.032
4275;1;Vespucio Norte;final;1374.739;1904.436;1374.739;464.436;248.296
4276;1;Vespucio Norte;final;1259.098;2534.436;1259.098;1094.436;49.692
4277;1;Vespucio Norte;final;1368.029;1733.564;1368.029;293.564;312.335
4277.1;1;Vespucio Norte;final;1462.636;2803.672;22.636;1363.672;43.58
4278;1;Vespucio Norte;final;1291.65;1745.564;1291.65;305.564;294.985
4278.1;1;Vespucio Norte;final;1490.011;2689.832;50.011;1249.832;107.658
4279;1;Vespucio Norte;final;1258.296;1757.564;1258.296;317.564;299.22
4280;1;Vespucio Norte;final;1269.887;1769.564;1269.887;329.564;305.843
4281;1;Vespucio Norte;final;1181.948;1781.564;1181.948;341.564;233.117
4282;1;Vespucio Norte;final;1309.445;1803.564;1309.445;363.564;275.307
4283;1;Vespucio Norte;final;1391.16;1853.564;1391.16;413.564;310.508
4283.1;1;Vespucio Norte;final;1470.376;2800.624;30.376;1360.624;49.905
4284;1;Vespucio Norte;final;1327.493;1863.564;1327.493;423.564;309.407
4284.1;1;Vespucio Norte;final;1428.817;2639.741;1428.817;1199.741;101.403
4285;1;Vespucio Norte;final;1384.854;1757.76;1384.854;317.76;304.504
4285.1;1;Vespucio Norte;final;1449.354;2807.76;9.354;1367.76;36.837
4286;1;Vespucio Norte;final;1271.246;1769.76;1271.246;329.76;273.933
4287;1;Vespucio Norte;final;1449.215;1781.76;9.215;341.76;312.719
4288;1;Vespucio Norte;final;1408.965;1793.76;1408.965;353.76;312.232
4289;1;Vespucio Norte;final;1348.049;1805.76;1348.049;365.76;281.856
4290;1;Vespucio Norte;final;1366.465;1817.76;1366.465;377.76;275.811
4291;1;Vespucio Norte;final;1281.699;1829.01;1281.699;389.01;236.537
4292;1;Vespucio Norte;final;1346.454;1840.26;1346.454;400.26;252.024
4293;1;El Conquistador;final;1085.734;1469.779;1085.734;29.779;307.614
4293.1;1;El Conquistador;final;1364.451;2483.779;1364.451;1043.779;125.916
4294;1;El Conquistador;final;1294.417;1739.779;1294.417;299.779;305.654
4295;1;El Conquistador;final;1229.084;1749.779;1229.084;309.779;279.959
4295.1;1;El Conquistador;final;1483.417;2619.779;43.417;1179.779;125.36
4296;1;El Conquistador;final;1303.389;1759.779;1303.389;319.779;306.136
4297;1;El Conquistador;final;1237.517;1769.779;1237.517;329.779;279.959
4297.1;1;El Conquistador;final;1477.001;2627.779;37.001;1187.779;127.615
4298;1;El Conquistador;final;1334.417;1779.779;1334.417;339.779;305.654
4298.1;1;El Conquistador;final;1571.472;2729.779;131.472;1289.779;125.842
4299;1;El Conquistador;final;1336.048;1789.779;1336.048;349.779;298.145
4300;1;El Conquistador;final;1407.117;1799.779;1407.117;359.779;305.099
4300.1;1;El Conquistador;final;1520.072;2798.312;80.072;1358.312;74.68
4301;1;El Conquistador;final;1259.917;1807.946;1259.917;367.946;282.801
4302;1;El Conquistador;final;1377.301;1816.112;1377.301;376.112;305.654
4302.1;1;El Conquistador;final;1551.784;2764.046;111.784;1324.046;102.18
4303;1;El Conquistador;final;1413.067;1824.279;1413.067;384.279;307.386
4304;1;El Conquistador;final;1415.851;1832.446;1415.851;392.446;307.941
4304.1;1;El Conquistador;final;1525.001;2801.779;85.001;1361.779;75.897
4305;1;El Conquistador;final;1353.601;1840.612;1353.601;400.612;306.21
4306;1;El Conquistador;final;1277.084;1848.779;1277.084;408.779;275.385
4307;1;El Conquistador;final;1332.667;1856.946;1332.667;416.946;282.245
4307.1;1;El Conquistador;final;1454.401;2729.729;14.401;1289.729;77.04
4308;1;El Conquistador;final;1260.767;1865.112;1260.767;425.112;254.492
4309;1;El Conquistador;final;1389.735;1889.779;1389.735;449.779;296.404
4309.1;1;El Conquistador;final;1449.048;2745.818;9.048;1305.818;60.678
4310;1;El Conquistador;final;1377.117;1923.529;1377.117;483.529;277.116
4311;1;El Conquistador;final;786.889;1409.779;786.889;1409.779;303.849
4311.1;1;El Conquistador;final;1272.767;2204.069;1272.767;764.069;176.268
4312;1;El Conquistador;final;849.467;1439.779;849.467;1439.779;305.066
4312.1;1;El Conquistador;final;1362.667;2279.779;1362.667;839.779;153.343
4313;1;El Conquistador;final;853.156;1469.779;853.156;29.779;303.26
4313.1;1;El Conquistador;final;1517.517;2274.069;77.517;834.069;253.126
4314;1;El Conquistador;final;1118.717;1649.779;1118.717;209.779;281.331
4314.1;1;El Conquistador;final;1379.301;2519.629;1379.301;1079.629;102.18
4315;1;El Conquistador;final;1130.225;1415.089;1130.225;1415.089;298.226
4315.1;1;El Conquistador;final;1581.296;2523.284;141.296;1083.284;219.553
4316;1;El Conquistador;final;1184.668;1445.089;1184.668;5.089;293.639
4316.1;1;El Conquistador;final;1297.663;2585.952;1297.663;1145.952;61.138
4317;1;El Conquistador;final;660.947;1404.271;660.947;1404.271;274.529
4317.1;1;El Conquistador;final;1252.468;2099.003;1252.468;659.003;189.777
4318;1;El Conquistador;final;1228.909;1434.271;1228.909;1434.271;296.684
4319;1;Vespucio Norte;final;1153.081;1811.066;1153.081;371.066;223.731
4320;1;Vespucio Norte;final;1336.748;1856.033;1336.748;416.033;276.329
4321;1;Vespucio Norte;final;1302.936;1763.176;1302.936;323.176;285.318
4322;1;Vespucio Norte;final;1351.331;1775.176;1351.331;335.176;304.551
4322.1;1;Vespucio Norte;final;1394.348;2790.266;1394.348;1350.266;20.465
4323;1;Vespucio Norte;final;1112.213;1787.176;1112.213;347.176;240.935
4324;1;Vespucio Norte;final;1300.716;1799.176;1300.716;359.176;307.334
4324.1;1;Vespucio Norte;final;1334.092;2666.106;1334.092;1226.106;52.716
4325;1;Vespucio Norte;final;1400.011;1811.176;1400.011;371.176;268.921
4326;1;Vespucio Norte;final;1317.145;1826.759;1317.145;386.759;284.881
4327;1;Vespucio Norte;final;1282.263;1835.325;1282.263;395.325;296.435
4327.1;1;Vespucio Norte;final;1357.948;2658.604;1357.948;1218.604;69.924
4328;1;Vespucio Norte;final;1339.363;1852.459;1339.363;412.459;268.381
4329;1;Vespucio Norte;final;1297.317;1865.309;1297.317;425.309;264.243
4330;1;Vespucio Norte;final;1469.122;1869.592;29.122;429.592;309.627
4331;1;Vespucio Norte;final;1335.763;1882.442;1335.763;442.442;266.918
4332;1;Vespucio Norte;final;1330.198;1886.725;1330.198;446.725;256.77
4333;1;Vespucio Norte;final;1371.636;1912.425;1371.636;472.425;267.859
4334;1;Vespucio Norte;final;1204.261;1912.475;1204.261;472.475;255.886
4335;1;Vespucio Norte;final;1451.317;1852.415;11.317;412.415;258.561
4336;1;Vespucio Norte;final;1331.711;1882.415;1331.711;442.415;259.546
4337;1;Vespucio Norte;final;1308.663;1762.298;1308.663;322.298;305.272
4337.1;1;Vespucio Norte;final;1478.322;2740.913;38.322;1300.913;75.541
4338;1;Vespucio Norte;final;1279.905;1774.298;1279.905;334.298;277.831
4338.1;1;Vespucio Norte;final;1442.636;2658.619;2.636;1218.619;102.249
4339;1;Vespucio Norte;final;1293.145;1867.298;1293.145;427.298;262.606
4340;1;Vespucio Norte;final;1280.968;1762.593;1280.968;322.593;294.428
4340.1;1;Vespucio Norte;final;1447.283;2688.548;7.283;1248.548;92.19
4341;1;Vespucio Norte;final;1381.695;1782.593;1381.695;342.593;253.31
4342;1;Vespucio Norte;final;1162.329;1822.593;1162.329;382.593;222.349
4343;1;Vespucio Norte;final;1259.305;1852.593;1259.305;412.593;228.407
4344;1;Vespucio Norte;final;1346.942;1882.593;1346.942;442.593;289.992
4345;1;Vespucio Norte;final;1254.936;1912.593;1254.936;472.593;199.134
4346;1;Vespucio Norte;final;1264.328;2542.593;1264.328;1102.593;69.005
4347;1;El Conquistador;final;1298.083;1743.284;1298.083;303.284;312.057
4347.1;1;El Conquistador;final;1553.251;2721.814;113.251;1281.814;116.434
4348;1;El Conquistador;final;1249.083;1773.284;1249.083;333.284;289.989
4349;1;El Conquistador;final;1340.475;1803.284;1340.475;363.284;269.52
4350;1;El Conquistador;final;1235.092;1833.284;1235.092;393.284;263.861
4351;1;El Conquistador;final;1191.146;1863.284;1191.146;423.284;222.046
4352;1;El Conquistador;final;1308.497;1893.284;1308.497;453.284;238.056
4353;1;Vespucio Norte;final;1302.206;1764.225;1302.206;324.225;303.324
4353.1;1;Vespucio Norte;final;1490.451;2739.357;50.451;1299.357;79.378
4354;1;Vespucio Norte;final;1252.034;1774.225;1252.034;334.225;262.374
4355;1;Vespucio Norte;final;1335.689;1784.225;1335.689;344.225;299.715
4355.1;1;Vespucio Norte;final;1567.493;2771.529;127.493;1331.529;106.081
4356;1;Vespucio Norte;final;1191.056;1794.225;1191.056;354.225;251.921
4356.1;1;Vespucio Norte;final;1434.856;2627.346;1434.856;1187.346;96.05
4357;1;Vespucio Norte;final;1297.493;1804.225;1297.493;364.225;289.18
4358;1;Vespucio Norte;final;1191.034;1814.225;1191.034;374.225;234.288
4359;1;Vespucio Norte;final;1343.191;1824.225;1343.191;384.225;309.864
4359.1;1;Vespucio Norte;final;1364.929;2671.771;1364.929;1231.771;63.026
4360;1;Vespucio Norte;final;1448.189;1874.225;8.189;434.225;313.838
4361;1;Vespucio Norte;final;1435.473;1894.225;1435.473;454.225;303.324
4362;1;Vespucio Norte;final;1372.317;1904.225;1372.317;464.225;268.12
4363;1;Vespucio Norte;final;1437.427;1914.225;1437.427;474.225;294.824
4364;1;Vespucio Norte;final;1268.017;2544.225;1268.017;1104.225;62.331
4365;1;Vespucio Norte;final;1311.629;1762.372;1311.629;322.372;295.425
4365.1;1;Vespucio Norte;final;1493.789;2752.272;53.789;1312.272;87.311
4366;1;Vespucio Norte;final;1352.828;1777.372;1352.828;337.372;312.455
4366.1;1;Vespucio Norte;final;1365.763;2771.066;1365.763;1331.066;19.971
4367;1;Vespucio Norte;final;1260.239;1792.372;1260.239;352.372;252.503
4368;1;Vespucio Norte;final;1337.677;1837.372;1337.677;397.372;277.527
4369;1;Vespucio Norte;final;497.162;1844.872;497.162;404.872;39.125
4370;1;Vespucio Norte;final;1349.328;1852.372;1349.328;412.372;290.152
4371;1;Vespucio Norte;final;1377.781;1867.372;1377.781;427.372;308.942
4371.1;1;Vespucio Norte;final;1454.348;2804.436;14.348;1364.436;35.691
4372;1;Vespucio Norte;final;1404.826;1874.872;1404.826;434.872;309.217
4372.1;1;Vespucio Norte;final;1492.478;2820.773;52.478;1380.773;52.633
4373;1;Vespucio Norte;final;1169.668;1728.875;1169.668;288.875;292.481
4373.1;1;Vespucio Norte;final;1379.717;2579.998;1379.717;1139.998;92.19
4374;1;Vespucio Norte;final;1243.905;1743.875;1243.905;303.875;258.788
4374.1;1;Vespucio Norte;final;1461.695;2624.119;21.695;1184.119;125.751
4375;1;Vespucio Norte;final;1278.11;1758.875;1278.11;318.875;303.351
4375.1;1;Vespucio Norte;final;1450.376;2689.174;10.376;1249.174;84.526
4376;1;Vespucio Norte;final;1302.046;1798.875;1302.046;358.875;309.332
4376.1;1;Vespucio Norte;final;1336.328;2734.07;1336.328;1294.07;21.31
4377;1;Vespucio Norte;final;1259.736;1828.875;1259.736;388.875;239.556
4378;1;Vespucio Norte;final;971.231;1424.797;971.231;1424.797;294.859
4378.1;1;Vespucio Norte;final;1329.479;2401.936;1329.479;961.936;132.567
4379;1;Vespucio Norte;final;1370.622;1754.436;1370.622;314.436;247.268
4380;1;Vespucio Norte;final;1224.811;1774.436;1224.811;334.436;153.062
4381;1;Vespucio Norte;final;1234.329;1794.436;1234.329;354.436;241.971
4382;1;Vespucio Norte;final;1260.698;1814.436;1260.698;374.436;259.909
4383;1;Vespucio Norte;final;1431.331;1844.436;1431.331;404.436;297.357
4384;1;Vespucio Norte;final;1301.311;1859.436;1301.311;419.436;243.377
4385;1;Vespucio Norte;final;1248.028;1874.436;1248.028;434.436;245.639
4386;1;Vespucio Norte;final;1209.145;2534.436;1209.145;1094.436;45.276
4387;1;Vespucio Norte;final;1472.278;1738.024;32.278;298.024;289.568
4388;1;Vespucio Norte;final;1220.464;1758.024;1220.464;318.024;257.53
4389;1;Vespucio Norte;final;1124.911;1798.024;1124.911;358.024;213.787
4390;1;Vespucio Norte;final;1261.055;1828.024;1261.055;388.024;245.782
4391;1;Vespucio Norte;final;1261.678;1858.024;1261.678;418.024;241.251
4392;1;Vespucio Norte;final;1151.978;1888.024;1151.978;448.024;211.468
4393;1;Vespucio Norte;final;1262.346;1736.119;1262.346;296.119;298.089
4394;1;Vespucio Norte;final;1303.365;1744.686;1303.365;304.686;298.343
4395;1;Vespucio Norte;final;1348.679;1753.253;1348.679;313.253;286.893
4396;1;Vespucio Norte;final;623.865;1761.819;623.865;321.819;110.283
4397;1;Vespucio Norte;final;1309.398;1770.386;1309.398;330.386;287.762
4398;1;Vespucio Norte;final;1360.122;1787.519;1360.122;347.519;243.893
4399;1;Vespucio Norte;final;1184.695;1812.969;1184.695;372.969;217.421
4400;1;Vespucio Norte;final;1390.422;1818.586;1390.422;378.586;298.992
4401;1;Vespucio Norte;final;1297.055;1829.819;1297.055;389.819;233.513
4402;1;Vespucio Norte;final;1320.378;1880.369;1320.378;440.369;207.393
4403;1;Vespucio Norte;final;1340.532;1741.38;1340.532;301.38;314.157
4403.1;1;Vespucio Norte;final;1404.482;2660.485;1404.482;1220.485;88.632
4404;1;Vespucio Norte;final;1312.198;1756.38;1312.198;316.38;298.93
4404.1;1;Vespucio Norte;final;1451.331;2729.436;11.331;1289.436;58.986
4405;1;Vespucio Norte;final;1303.905;1771.38;1303.905;331.38;261.271
4406;1;Vespucio Norte;final;1278.936;1786.38;1278.936;346.38;189.766
4407;1;Vespucio Norte;final;1379.172;1801.38;1379.172;361.38;263.181
4407.1;1;Vespucio Norte;final;1486.255;2760.386;46.255;1320.386;85.152
4408;1;Vespucio Norte;final;1245.336;1806.996;1245.336;366.996;219.501
4409;1;Vespucio Norte;final;616.429;1818.23;616.429;378.23;89.865
4410;1;Vespucio Norte;final;1510.346;1823.846;70.346;383.846;302.99
4411;1;Vespucio Norte;final;1244.11;1835.08;1244.11;395.08;226.617
4412;1;Vespucio Norte;final;1292.039;1840.696;1292.039;400.696;233.5
4413;1;Vespucio Norte;final;1472.478;1851.93;32.478;411.93;273.958
4414;1;Vespucio Norte;final;1307.046;1857.546;1307.046;417.546;206.897
4415;1;Vespucio Norte;final;1508.789;1863.163;68.789;423.163;312.22
4416;1;Vespucio Norte;final;1328.113;1868.78;1328.113;428.78;252.049
4417;1;Vespucio Norte;final;1275.255;1874.396;1275.255;434.396;193.15
4418;1;Vespucio Norte;final;1334.746;1891.38;1334.746;451.38;256.038
4419;1;La Reina;final;1156.852;1420.198;1156.852;1420.198;267.49
4420;1;La Reina;final;1164.383;1450.198;1164.383;10.198;290.28
4420.1;1;La Reina;final;1371.212;2545.353;1371.212;1105.353;106.986
4421;1;La Reina;final;1255.893;1760.198;1255.893;320.198;306.183
4421.1;1;La Reina;final;1311.227;2660.371;1311.227;1220.371;40.033
4422;1;La Reina;final;1104.416;1770.198;1104.416;330.198;252.321
4422.1;1;La Reina;final;1363.995;2498.153;1363.995;1058.153;106.986
4423;1;La Reina;final;1211.802;1780.198;1211.802;340.198;257.846
4424;1;La Reina;final;1372.978;1815.481;1372.978;375.481;297.928
4425;1;La Reina;final;1169.385;1826.048;1169.385;386.048;223.229
4426;1;La Reina;final;1381.128;1831.331;1381.128;391.331;286.233
4427;1;La Reina;final;1321.162;1841.898;1321.162;401.898;295.171
4427.1;1;La Reina;final;1427.719;2624.276;1427.719;1184.276;117.937
4428;1;La Reina;final;1306.693;1852.465;1306.693;412.465;293.531
4428.1;1;La Reina;final;1460.993;2711.771;20.993;1271.771;83.358
4429;1;La Reina;final;1397.719;1857.748;1397.719;417.748;303.052
4429.1;1;La Reina;final;1483.6;2808.731;43.6;1368.731;55.563
4430;1;La Reina;final;1176.452;1868.315;1176.452;428.315;208.97
4431;1;La Reina;final;1457.381;1878.881;17.381;438.881;295.261
4431.1;1;La Reina;final;1567.3;2847.71;127.3;1407.71;81.23
4432;1;La Reina;final;1296.196;1884.165;1296.196;444.165;261.793
4432.1;1;La Reina;final;1523.562;2723.898;83.562;1283.898;102.874
4433;1;La Reina;final;1365.1;1894.731;1365.1;454.731;277.097
4434;1;La Reina;final;1479.645;1900.198;39.645;460.198;306.154
4434.1;1;La Reina;final;1551.266;2780.276;111.266;1340.276;108.09
4435;1;La Reina;final;1338.635;1915.198;1338.635;475.198;267.292
4436;1;La Reina;final;1345.538;1945.198;1345.538;505.198;229.964
4437;1;La Reina;final;1478.452;1990.198;38.452;550.198;292.266
4438;1;La Reina;final;1392.378;2474.198;1392.378;1034.198;133.901
4439;1;La Reina;final;1505.096;2530.198;65.096;1090.198;161.462
4440;1;La Reina;final;1183.485;1398.021;1183.485;1398.021;298.051
4440.1;1;La Reina;final;1357.538;2590.198;1357.538;1150.198;87.341
4441;1;La Reina;final;1110.2;1428.021;1110.2;1428.021;304.095
4441.1;1;La Reina;final;1268.567;2502.183;1268.567;1062.183;73.617
4442;1;La Reina;final;1172.95;1740.021;1172.95;300.021;273.205
4442.1;1;La Reina;final;1455.266;2555.353;15.266;1115.353;147.235
4443;1;La Reina;final;1224.2;1752.021;1224.2;312.021;268.82
4443.1;1;La Reina;final;1503.266;2605.353;63.266;1165.353;147.235
4444;1;La Reina;final;1284.069;1853.355;1284.069;413.355;249.139
4445;1;La Reina;final;1267.165;1747.438;1267.165;307.438;156.652
4446;1;La Reina;final;579.698;1762.438;579.698;322.438;98.72
4447;1;La Reina;final;1264.821;1777.438;1264.821;337.438;278.262
4448;1;La Reina;final;1276.821;1822.438;1276.821;382.438;270.996
4449;1;La Reina;final;1193.6;1827.438;1193.6;387.438;230.269
4450;1;La Reina;final;513.667;1837.438;513.667;397.438;42.798
4451;1;La Reina;final;518.667;1842.438;518.667;402.438;42.798
4452;1;La Reina;final;528.667;1852.438;528.667;412.438;42.798
4453;1;La Reina;final;1187.943;1857.438;1187.943;417.438;235.316
4454;1;La Reina;final;543.667;1867.438;543.667;427.438;42.798
4455;1;La Reina;final;548.667;1872.438;548.667;432.438;42.798
4456;1;La Reina;final;553.667;1877.438;553.667;437.438;42.798
4457;1;La Reina;final;1418.5;1826.086;1418.5;386.086;312.359
4457.1;1;La Reina;final;1564.733;2732.927;124.733;1292.927;120.413
4458;1;La Reina;final;1342.673;1838.086;1342.673;398.086;293.566
4459;1;La Reina;final;1173.312;1416.218;1173.312;1416.218;312.9
4459.1;1;La Reina;final;1293.029;2576.355;1293.029;1136.355;60.526
4460;1;La Reina;final;505.57;1446.218;505.57;6.218;216.911
4461;1;La Reina;final;1089.37;1476.218;1089.37;36.218;314.299
4461.1;1;La Reina;final;1249.503;2492.618;1249.503;1052.618;60.824
4462;1;La Reina;final;1309.055;1758.218;1309.055;318.218;298.54
4462.1;1;La Reina;final;1525.048;2750.195;85.048;1310.195;95.002
4463;1;La Reina;final;1293.475;1806.218;1293.475;366.218;267.982
4463.1;1;La Reina;final;1453.489;2694.808;13.489;1254.808;88.926
4464;1;La Reina;final;500.287;1813.718;500.287;373.718;44.038
4465;1;La Reina;final;1144.353;1821.218;1144.353;381.218;173.495
4466;1;La Reina;final;1398.946;1836.218;1398.946;396.218;254.565
4467;1;La Reina;final;1318.968;1843.718;1318.968;403.718;232.063
4468;1;La Reina;final;1246.65;1851.218;1246.65;411.218;208.804
4469;1;La Reina;final;1374.287;1858.718;1374.287;418.718;244.706
4469.1;1;La Reina;final;1573.612;2775.708;133.612;1335.708;111.363
4470;1;La Reina;final;1260.25;1873.718;1260.25;433.718;191.303
4471;1;La Reina;final;1255.087;1896.218;1255.087;456.218;187.876
4472;1;La Reina;final;1377.962;1806.218;1377.962;366.218;299.964
4473;1;La Reina;final;520.92;1818.218;520.92;378.218;47.004
4474;1;La Reina;final;1212.796;1824.218;1212.796;384.218;247.082
4475;1;La Reina;final;1332.25;1830.218;1332.25;390.218;225.436
4476;1;La Reina;final;547.552;1842.218;547.552;402.218;49.576
4477;1;La Reina;final;499.753;1848.218;499.753;408.218;33.184
4478;1;La Reina;final;1381.552;1860.218;1381.552;420.218;258.906
4479;1;La Reina;final;1330.195;1812.782;1330.195;372.782;276.43
4479.1;1;La Reina;final;1439.212;2709.131;1439.212;1269.131;74.47
4480;1;La Reina;final;1152.119;1817.282;1152.119;377.282;205.551
4481;1;La Reina;final;500.552;1821.782;500.552;381.782;40.134
4482;1;La Reina;final;1221.386;1826.282;1221.386;386.282;223.228
4483;1;La Reina;final;1351.195;1830.782;1351.195;390.782;266.209
4484;1;La Reina;final;1463.912;1835.282;23.912;395.282;280.145
4485;1;La Reina;final;1339.255;1853.282;1339.255;413.282;252.223
4486;1;La Reina;final;536.552;1857.782;536.552;417.782;40.134
4487;1;La Reina;final;1347.919;1871.282;1347.919;431.282;233.922
4487.1;1;La Reina;final;1546.945;2749.041;106.945;1309.041;111.363
4488;1;La Reina;final;1295.087;1889.282;1295.087;449.282;224.26
4489;1;La Reina;final;1189.37;1906.866;1189.37;466.866;152.431
4490;1;La Reina;final;1373.92;2652.782;1373.92;1212.782;61.622
4491;1;La Reina;final;516.82;1430.658;516.82;1430.658;213.836
4492;1;La Reina;final;1151.829;1760.658;1151.829;320.658;273.221
4492.1;1;La Reina;final;1382.446;2499.253;1382.446;1059.253;132.886
4493;1;La Reina;final;1263.735;1770.658;1263.735;330.658;251.207
4494;1;La Reina;final;1363.886;1780.658;1363.886;340.658;288.441
4494.1;1;La Reina;final;1560.279;2762.375;120.279;1322.375;111.363
4495;1;La Reina;final;1476.288;1790.658;36.288;350.658;311.74
4496;1;La Reina;final;1276.735;1800.658;1276.735;360.658;232.449
4497;1;La Reina;final;1212.168;1810.658;1212.168;370.658;228.952
4498;1;La Reina;final;1212.152;1820.658;1212.152;380.658;112.202
4499;1;La Reina;final;1433.098;1830.658;1433.098;390.658;282.268
4500;1;La Reina;final;1406.163;1840.658;1406.163;400.658;265.634
4501;1;La Reina;final;1403.838;1850.658;1403.838;410.658;268.556
4502;1;La Reina;final;1327.886;1860.658;1327.886;420.658;252.319
4502.1;1;La Reina;final;1533.612;2735.708;93.612;1295.708;111.363
4503;1;La Reina;final;1250.605;1870.658;1250.605;430.658;223.44
4504;1;La Reina;final;1196.054;1880.658;1196.054;440.658;200.84
4505;1;La Reina;final;1466.279;1890.658;26.279;450.658;302.218
4506;1;La Reina;final;1330.262;1900.658;1330.262;460.658;253.62
4507;1;La Reina;final;1456.288;1910.658;16.288;470.658;280.779
4508;1;La Reina;final;1446.163;1946.658;6.163;506.658;277.512
4509;1;La Reina;final;1267.886;2000.658;1267.886;560.658;195.207
4510;1;La Reina;final;1293.505;2540.474;1293.505;1100.474;52.14
4511;1;La Reina;final;1246.722;2540.658;1246.722;1100.658;52.14
4512;1;La Reina;final;1373.123;1825.757;1373.123;385.757;308.095
4512.1;1;La Reina;final;1457.167;2719.769;17.167;1279.769;86.947
4513;1;La Reina;final;1438.946;1820.658;1438.946;380.658;312.771
4514;1;La Reina;final;1284.268;1831.908;1284.268;391.908;248.097
4515;1;La Reina;final;1326.09;1843.158;1326.09;403.158;280.708
4516;1;La Reina;final;1215.615;1854.408;1215.615;414.408;205.671
4517;1;La Reina;final;1468.885;1865.658;28.885;425.658;277.906
4518;1;La Reina;final;1302.181;1876.908;1302.181;436.908;237.101
4519;1;La Reina;final;1349.872;1888.158;1349.872;448.158;278.215
4520;1;La Reina;final;1381.614;1899.408;1381.614;459.408;301.49
4520.1;1;La Reina;final;1513.212;2786.358;73.212;1346.358;76.534
4521;1;La Reina;final;1393.063;1910.658;1393.063;470.658;292.655
4521.1;1;La Reina;final;1613.112;2829.648;173.112;1389.648;102.874
4522;1;La Reina;final;1272.405;2540.658;1272.405;1100.658;45.73
4523;1;La Reina;final;1284.58;1746.765;1284.58;306.765;303.826
4524;1;La Reina;final;1306.027;1761.765;1306.027;321.765;295.615
4525;1;La Reina;final;1272.916;1791.765;1272.916;351.765;274.031
4525.1;1;La Reina;final;1449.645;2655.353;9.645;1215.353;106.986
4526;1;La Reina;final;1319.556;1803.015;1319.556;363.015;301.33
4526.1;1;La Reina;final;1498.515;2659.769;58.515;1219.769;135.612
4527;1;La Reina;final;1300.085;1814.265;1300.085;374.265;294.394
4527.1;1;La Reina;final;1517.867;2713.198;77.867;1273.198;114.992
4528;1;La Reina;final;1372.562;1825.515;1372.562;385.515;284.075
4528.1;1;La Reina;final;1605.812;2669.276;165.812;1229.276;185.593
4529;1;La Reina;final;1338.295;1848.015;1338.295;408.015;259.299
4530;1;La Reina;final;1401.776;1859.265;1401.776;419.265;289.668
4531;1;La Reina;final;1186.91;1870.515;1186.91;430.515;212.356
4532;1;La Reina;final;1164.352;1750.198;1164.352;310.198;244.847
4533;1;La Reina;final;538.271;1760.198;538.271;320.198;87.341
4534;1;La Reina;final;1289.079;1770.198;1289.079;330.198;290.985
4534.1;1;La Reina;final;1369.06;2675.488;1369.06;1235.488;58.67
4535;1;La Reina;final;1196.616;1780.198;1196.616;340.198;269.734
4535.1;1;La Reina;final;1401.212;2575.353;1401.212;1135.353;106.986
4536;1;La Reina;final;563.938;1790.198;563.938;350.198;87.341
4537;1;La Reina;final;1127.977;1800.198;1127.977;360.198;226.431
4538;1;La Reina;final;1418.363;1828.198;1418.363;388.198;218.004
4539;1;La Reina;final;1324.58;1846.198;1324.58;406.198;175.196
4540;1;La Reina;final;1280.785;1900.198;1280.785;460.198;235.515
4541;1;La Reina;final;1179.102;1916.531;1179.102;476.531;189.317
4542;1;La Reina;final;1354.866;1932.865;1354.866;492.865;272.446
4542.1;1;La Reina;final;1515.812;2740.353;75.812;1300.353;106.986
4543;1;La Reina;final;1298.616;1990.198;1298.616;550.198;214.123
4544;1;La Reina;final;1464.266;2474.715;24.266;1034.715;159.31
4545;1;La Reina;final;1388.452;2530.198;1388.452;1090.198;114.888
4546;1;La Reina;final;1368.757;1772.245;1368.757;332.245;308.412
4547;1;La Reina;final;1317.181;1784.245;1317.181;344.245;281.733
4547.1;1;La Reina;final;1457.719;2702.027;17.719;1262.027;92.042
4548;1;La Reina;final;1168.626;1796.245;1168.626;356.245;213.765
4549;1;La Reina;final;1323.471;1820.245;1323.471;380.245;268.972
4550;1;La Reina;final;1367.719;1835.245;1367.719;395.245;288.856
4550.1;1;La Reina;final;1493.452;2774.465;53.452;1334.465;75.111
4551;1;La Reina;final;1336.196;1850.245;1336.196;410.245;255.49
4551.1;1;La Reina;final;1546.445;2762.981;106.445;1322.981;102.874
4552;1;La Reina;final;1249.922;1865.245;1249.922;425.245;233.71
4553;1;La Reina;final;1449.855;1880.245;9.855;440.245;297.794
4554;1;La Reina;final;1345.415;2540.245;1345.415;1100.245;95.002
4555;1;La Reina;final;1183.293;1743.614;1183.293;303.614;309.583
4555.1;1;La Reina;final;1415.446;2588.016;1415.446;1148.016;112.838
4556;1;La Reina;final;1260.243;1767.614;1260.243;327.614;262.871
4557;1;La Reina;final;1340.537;1848.781;1340.537;408.781;284.239
4558;1;La Reina;final;525.9;1771.353;525.9;331.353;79.212
4559;1;La Reina;final;1334.58;1796.258;1334.58;356.258;196.882
4560;1;La Reina;final;1344.58;1805.258;1344.58;365.258;196.882
4561;1;La Reina;final;554.194;1814.258;554.194;374.258;67.649
4562;1;La Reina;final;563.194;1823.258;563.194;383.258;67.649
4563;1;La Reina;final;572.194;1832.258;572.194;392.258;67.649
4564;1;La Reina;final;1206.604;1841.258;1206.604;401.258;233.367
4565;1;La Reina;final;1204.069;1850.258;1204.069;410.258;235.78
4566;1;La Reina;final;1402.296;1859.258;1402.296;419.258;297.354
4566.1;1;La Reina;final;1457.671;2798.021;17.671;1358.021;50.192
4567;1;La Reina;final;1420.315;1868.258;1420.315;428.258;305.407
4567.1;1;La Reina;final;1496.388;2807.777;56.388;1367.777;59.679
4568;1;La Reina;final;1359.369;1885.353;1359.369;445.353;261.879
4569;1;La Reina;final;1118.772;1750.198;1118.772;310.198;232.791
4570;1;La Reina;final;541.75;1760.198;541.75;320.198;90.216
4571;1;La Reina;final;1339.243;1770.198;1339.243;330.198;304.793
4571.1;1;La Reina;final;1515.9;2687.807;75.9;1247.807;126.369
4572;1;La Reina;final;1340.065;1780.198;1340.065;340.198;292.787
4572.1;1;La Reina;final;1447.366;2727.777;7.366;1287.777;81.23
4573;1;La Reina;final;1251.338;1790.198;1251.338;350.198;234.134
4574;1;La Reina;final;1174.305;1800.198;1174.305;360.198;222.924
4575;1;La Reina;final;1309.866;1810.198;1309.866;370.198;290.28
4576;1;La Reina;final;1325.785;1817.115;1325.785;377.115;294.735
4576.1;1;La Reina;final;1535.0;2740.198;95.0;1300.198;114.992
4577;1;La Reina;final;1148.235;1830.948;1148.235;390.948;207.063
4578;1;La Reina;final;1377.185;1844.781;1377.185;404.781;283.767
4579;1;La Reina;final;1307.706;1858.615;1307.706;418.615;313.177
4579.1;1;La Reina;final;1402.596;2657.803;1402.596;1217.803;88.186
4580;1;La Reina;final;1175.677;1865.531;1175.677;425.531;199.763
4581;1;La Reina;final;1384.266;1879.365;1384.266;439.365;311.011
4582;1;La Reina;final;1361.728;1893.198;1361.728;453.198;292.065
4583;1;La Reina;final;1141.185;1900.198;1141.185;460.198;178.801
4584;1;La Reina;final;1283.085;1951.531;1283.085;511.531;213.454
4585;1;La Reina;final;1466.467;1977.198;26.467;537.198;283.504
4586;1;La Reina;final;1351.212;1990.198;1351.212;550.198;241.332
4587;1;La Reina;final;975.018;1449.253;975.018;9.253;303.892
4587.1;1;La Reina;final;1376.633;2358.782;1376.633;918.782;163.324
4588;1;La Reina;final;1150.765;1539.253;1150.765;99.253;291.13
4588.1;1;La Reina;final;1398.531;2534.91;1398.531;1094.91;130.523
4589;1;La Reina;final;1193.713;1719.253;1193.713;279.253;311.687
4589.1;1;La Reina;final;1306.146;2542.853;1306.146;1102.853;88.186
4590;1;La Reina;final;1204.613;1731.253;1204.613;291.253;311.687
4590.1;1;La Reina;final;1317.046;2553.753;1317.046;1113.753;88.186
4591;1;La Reina;final;1051.719;1743.253;1051.719;303.253;247.857
4591.1;1;La Reina;final;1358.245;2476.208;1358.245;1036.208;111.363
4592;1;La Reina;final;1259.113;1755.253;1259.113;315.253;311.687
4592.1;1;La Reina;final;1371.546;2608.253;1371.546;1168.253;88.186
4593;1;La Reina;final;1226.413;1767.253;1226.413;327.253;311.687
4593.1;1;La Reina;final;1523.813;2575.553;83.813;1135.553;177.587
4594;1;La Reina;final;1291.813;1779.253;1291.813;339.253;311.687
4595;1;La Reina;final;1273.446;1792.103;1273.446;352.103;311.687
4596;1;La Reina;final;1284.346;1804.953;1284.346;364.953;311.687
4596.1;1;La Reina;final;1376.896;2632.103;1376.896;1192.103;88.186
4597;1;La Reina;final;1295.246;1817.803;1295.246;377.803;311.687
4597.1;1;La Reina;final;1389.746;2644.953;1389.746;1204.953;88.186
4598;1;La Reina;final;1327.946;1869.253;1327.946;429.253;311.687
4598.1;1;La Reina;final;1458.243;2683.503;18.243;1243.503;96.676
4599;1;La Reina;final;1386.463;1746.218;1386.463;306.218;275.213
4600;1;La Reina;final;1177.452;1756.218;1177.452;316.218;258.816
4601;1;La Reina;final;1203.596;1766.218;1203.596;326.218;254.477
4602;1;La Reina;final;1264.205;1776.218;1264.205;336.218;285.828
4603;1;La Reina;final;1444.57;1806.218;4.57;366.218;292.911
4603.1;1;La Reina;final;1640.279;2842.375;200.279;1402.375;111.363
4604;1;La Reina;final;1141.452;1813.718;1141.452;373.718;211.318
4605;1;La Reina;final;1258.65;1821.218;1258.65;381.218;211.771
4606;1;La Reina;final;1488.235;1828.718;48.235;388.718;291.129
4607;1;La Reina;final;1260.268;1843.718;1260.268;403.718;210.607
4608;1;La Reina;final;1441.063;1851.218;1.063;411.218;273.853
4609;1;La Reina;final;1204.168;1858.718;1204.168;418.718;187.198
4610;1;La Reina;final;524.603;1866.218;524.603;426.218;36.556
4611;1;La Reina;final;1421.079;1873.718;1421.079;433.718;250.17
4612;1;La Reina;final;1478.946;1888.718;38.946;448.718;277.358
4613;1;La Reina;final;1358.92;1896.218;1358.92;456.218;225.072
4614;1;La Reina;final;1122.293;1757.24;1122.293;317.24;307.088
4614.1;1;La Reina;final;1305.86;2515.04;1305.86;1075.04;135.299
4615;1;La Reina;final;1300.027;1772.24;1300.027;332.24;314.907
4615.1;1;La Reina;final;1447.243;2701.521;7.243;1261.521;82.299
4616;1;La Reina;final;1291.254;1811.24;1291.254;371.24;286.514
4617;1;La Reina;final;1166.069;1815.74;1166.069;375.74;275.184
4617.1;1;La Reina;final;1294.015;2537.314;1294.015;1097.314;81.165
4618;1;La Reina;final;1221.115;1824.74;1221.115;384.74;301.429
4618.1;1;La Reina;final;1375.538;2604.977;1375.538;1164.977;84.644
4619;1;La Reina;final;1350.851;1829.24;1350.851;389.24;303.783
4620;1;La Reina;final;1308.45;1838.24;1308.45;398.24;312.187
4620.1;1;La Reina;final;1436.5;2700.983;1436.5;1260.983;73.617
4621;1;La Reina;final;1181.893;1847.24;1181.893;407.24;254.407
4622;1;La Reina;final;1259.96;1878.74;1259.96;438.74;306.881
4623;1;La Reina;final;1342.027;2522.24;1342.027;1082.24;107.277
4624;1;La Reina;final;1199.922;1714.769;1199.922;274.769;272.715
4624.1;1;La Reina;final;1549.262;2629.374;109.262;1189.374;149.037
4625;1;La Reina;final;1128.593;1729.769;1128.593;289.769;290.942
4625.1;1;La Reina;final;1246.727;2522.09;1246.727;1082.09;78.544
4626;1;La Reina;final;1101.431;1744.769;1101.431;304.769;306.391
4626.1;1;La Reina;final;1371.6;2487.777;1371.6;1047.777;115.791
4627;1;La Reina;final;1115.993;1785.336;1115.993;345.336;295.336
4627.1;1;La Reina;final;1188.106;2507.99;1188.106;1067.99;64.866
4628;1;La Reina;final;1179.352;1806.469;1179.352;366.469;288.642
4628.1;1;La Reina;final;1339.369;2590.198;1339.369;1150.198;75.111
4629;1;La Reina;final;1317.17;1817.036;1317.17;377.036;312.213
4630;1;La Reina;final;1375.477;1747.521;1375.477;307.521;302.321
4630.1;1;La Reina;final;1444.371;2777.438;4.371;1337.438;50.4
4631;1;La Reina;final;1317.017;1759.521;1317.017;319.521;314.631
4631.1;1;La Reina;final;1448.5;2712.983;8.5;1272.983;73.617
4632;1;La Reina;final;1370.217;1807.521;1370.217;367.521;299.328
4632.1;1;La Reina;final;1472.378;2733.021;32.378;1293.021;85.38
4633;1;La Reina;final;1417.49;1815.021;1417.49;375.021;310.684
4634;1;La Reina;final;1329.17;1822.521;1329.17;382.521;247.96
4635;1;La Reina;final;1415.965;1837.521;1415.965;397.521;302.415
4635.1;1;La Reina;final;1481.381;2799.777;41.381;1359.777;55.939
4636;1;La Reina;final;1156.604;1852.521;1156.604;412.521;209.671
4637;1;La Reina;final;1299.323;1860.021;1299.323;420.021;263.662
4638;1;La Reina;final;1422.9;1867.521;1422.9;427.521;291.87
4638.1;1;La Reina;final;1481.784;2800.314;41.784;1360.314;60.259
4639;1;La Reina;final;1318.6;1897.521;1318.6;457.521;245.667
4640;1;La Reina;final;1266.86;2455.521;1266.86;1015.521;79.036
4641;1;La Reina;final;1154.377;2463.521;1154.377;1023.521;39.642
4642;1;La Reina;final;1342.26;2519.521;1342.26;1079.521;82.589
4643;1;La Reina;final;1358.712;1819.648;1358.712;379.648;261.469
4644;1;La Reina;final;1424.155;1839.648;1424.155;399.648;306.303
4644.1;1;La Reina;final;1639.779;2856.314;199.779;1416.314;102.874
4645;1;La Reina;final;1281.753;1849.648;1281.753;409.648;250.33
4646;1;La Reina;final;1171.385;1879.648;1171.385;439.648;218.149
4647;1;La Reina;final;1461.812;1889.648;21.812;449.648;313.742
4648;1;La Reina;final;1327.22;1757.927;1327.22;317.927;286.645
4649;1;La Reina;final;1127.993;1767.927;1127.993;327.927;173.747
4650;1;La Reina;final;1169.623;1777.927;1169.623;337.927;313.094
4650.1;1;La Reina;final;1259.623;2572.927;1259.623;1132.927;59.986
4651;1;La Reina;final;1131.829;1787.927;1131.829;347.927;276.497
4651.1;1;La Reina;final;1280.913;2488.253;1280.913;1048.253;88.186
4652;1;La Reina;final;1358.746;1797.927;1358.746;357.927;307.561
4652.1;1;La Reina;final;1522.49;2746.621;82.49;1306.621;101.849
4653;1;La Reina;final;1347.362;1817.394;1347.362;377.394;291.29
4654;1;La Reina;final;1244.623;1826.86;1244.623;386.86;313.094
4654.1;1;La Reina;final;1308.859;2647.927;1308.859;1207.927;53.305
4655;1;La Reina;final;1196.604;1836.327;1196.604;396.327;226.888
4656;1;La Reina;final;1172.693;1841.06;1172.693;401.06;238.161
4657;1;La Reina;final;1165.406;1845.794;1165.406;405.794;270.909
4658;1;La Reina;final;1171.106;1850.527;1171.106;410.527;270.909
4659;1;La Reina;final;527.026;1855.26;527.026;415.26;53.305
4660;1;La Reina;final;1251.422;1878.927;1251.422;438.927;274.936
4660.1;1;La Reina;final;1573.112;2679.374;133.112;1239.374;149.037
4661;1;La Reina;final;1282.123;1883.66;1282.123;443.66;313.094
4662;1;La Reina;final;1203.809;1897.927;1203.809;457.927;264.228
4663;1;La Reina;final;1277.743;2464.327;1277.743;1024.327;98.006
4664;1;La Reina;final;1352.673;2492.527;1352.673;1052.527;144.356
4665;1;La Reina;final;1300.069;2520.727;1300.069;1080.727;86.292
4666;1;La Reina;final;1080.818;1387.962;1080.818;1387.962;296.443
4666.1;1;La Reina;final;1368.655;2452.416;1368.655;1012.416;138.388
4667;1;La Reina;final;1019.473;1417.962;1019.473;1417.962;305.477
4667.1;1;La Reina;final;1346.276;2422.027;1346.276;982.027;135.876
4668;1;La Reina;final;1214.795;1717.962;1214.795;277.962;300.64
4668.1;1;La Reina;final;1353.085;2517.876;1353.085;1077.876;117.937
4669;1;La Reina;final;1166.604;1727.962;1166.604;287.962;241.112
4670;1;La Reina;final;1136.906;1737.962;1136.906;297.962;305.477
4670.1;1;La Reina;final;1378.859;2542.927;1378.859;1102.927;137.674
4671;1;La Reina;final;1191.45;1747.962;1191.45;307.962;287.027
4671.1;1;La Reina;final;1333.85;2580.983;1333.85;1140.983;73.617
4672;1;La Reina;final;1177.123;1789.962;1177.123;349.962;305.477
4672.1;1;La Reina;final;1267.123;2580.427;1267.123;1140.427;59.986
4673;1;La Reina;final;1229.376;1807.962;1229.376;367.962;301.312
4673.1;1;La Reina;final;1417.243;2638.888;1417.243;1198.888;96.5
4674;1;La Reina;final;1207.123;1813.962;1207.123;373.962;305.477
4674.1;1;La Reina;final;1292.673;2610.427;1292.673;1170.427;59.986
4675;1;La Reina;final;1214.623;1819.962;1214.623;379.962;305.477
4675.1;1;La Reina;final;1287.593;2617.927;1287.593;1177.927;53.305
4676;1;La Reina;final;1317.101;1747.521;1317.101;307.521;307.25
4677;1;La Reina;final;1318.265;1767.521;1318.265;327.521;294.96
4677.1;1;La Reina;final;1488.848;2702.027;48.848;1262.027;102.783
4678;1;La Reina;final;566.317;1787.521;566.317;347.521;85.323
4679;1;La Reina;final;1394.72;1807.521;1394.72;367.521;283.397
4679.1;1;La Reina;final;1496.876;2779.177;56.876;1339.177;74.519
4680;1;La Reina;final;1286.76;1815.688;1286.76;375.688;260.254
4681;1;La Reina;final;1321.116;1823.855;1321.116;383.855;273.818
4681.1;1;La Reina;final;1499.645;2705.353;59.645;1265.353;106.986
4682;1;La Reina;final;1344.56;1848.355;1344.56;408.355;281.044
4683;1;La Reina;final;1461.784;1856.521;21.784;416.521;312.226
4684;1;La Reina;final;1379.395;1872.855;1379.395;432.855;268.704
4685;1;La Reina;final;1430.355;1897.521;1430.355;457.521;257.836
4686;1;La Reina;final;1277.079;1915.521;1277.079;475.521;202.4
4687;1;La Reina;final;1354.027;2487.521;1354.027;1047.521;97.528
4688;1;La Reina;final;1279.254;2527.521;1279.254;1087.521;72.185
4689;1;La Reina;final;1223.796;1759.374;1223.796;319.374;249.409
4689.1;1;La Reina;final;1496.288;2650.248;56.288;1210.248;111.143
4690;1;La Reina;final;1266.543;1771.374;1266.543;331.374;254.564
4691;1;La Reina;final;1296.205;1783.374;1296.205;343.374;281.106
4691.1;1;La Reina;final;1485.048;2724.495;45.048;1284.495;95.002
4692;1;La Reina;final;1221.412;1795.374;1221.412;355.374;263.464
4693;1;La Reina;final;1238.805;1807.374;1238.805;367.374;234.653
4694;1;La Reina;final;1254.836;1819.374;1254.836;379.374;264.736
4695;1;La Reina;final;1235.502;1828.374;1235.502;388.374;240.009
4695.1;1;La Reina;final;1481.045;2637.075;41.045;1197.075;111.363
4696;1;La Reina;final;1248.213;1837.374;1248.213;397.374;271.826
4696.1;1;La Reina;final;1443.813;2597.353;3.813;1157.353;132.886
4697;1;La Reina;final;1220.902;1846.374;1220.902;406.374;229.243
4698;1;La Reina;final;1164.86;1855.374;1164.86;415.374;148.747
4699;1;La Reina;final;1373.619;1864.374;1373.619;424.374;264.14
4700;1;La Reina;final;1350.405;1873.374;1350.405;433.374;278.978
4701;1;La Reina;final;1371.115;1891.374;1371.115;451.374;249.468
4702;1;La Reina;final;1158.719;1909.374;1158.719;469.374;206.224
4703;1;La Reina;final;1268.245;1933.874;1268.245;493.874;221.746
4704;1;La Reina;final;1333.968;1999.374;1333.968;559.374;222.595
4705;1;La Reina;final;1472.162;2539.374;32.162;1099.374;149.037
4706;1;La Reina;final;1198.005;1741.397;1198.005;301.397;225.176
4707;1;La Reina;final;1141.193;1753.397;1141.193;313.397;273.112
4708;1;La Reina;final;1315.945;1813.397;1315.945;373.397;275.303
4709;1;La Reina;final;1224.795;1748.017;1224.795;308.017;281.583
4709.1;1;La Reina;final;1363.085;2528.776;1363.085;1088.776;117.937
4710;1;La Reina;final;1159.706;1768.017;1159.706;328.017;291.71
4710.1;1;La Reina;final;1492.259;2565.427;52.259;1125.427;179.859
4711;1;La Reina;final;1329.728;1788.017;1329.728;348.017;286.707
4712;1;La Reina;final;1126.852;1721.304;1126.852;281.304;243.112
4713;1;La Reina;final;1355.428;1741.304;1355.428;301.304;310.768
4713.1;1;La Reina;final;1590.812;2654.276;150.812;1214.276;185.593
4714;1;La Reina;final;525.951;1799.304;525.951;359.304;72.034
4715;1;La Reina;final;1304.028;1817.304;1304.028;377.304;276.115
4716;1;La Reina;final;1280.452;1853.304;1280.452;413.304;261.658
4717;1;Vespucio Norte;final;1191.468;1727.556;1191.468;287.556;310.454
4718;1;Vespucio Norte;final;1271.805;1742.556;1271.805;302.556;300.954
4718.1;1;Vespucio Norte;final;1311.636;2651.119;1311.636;1211.119;43.669
4719;1;Vespucio Norte;final;1150.548;1757.556;1150.548;317.556;246.366
4720;1;Vespucio Norte;final;1266.567;1772.556;1266.567;332.556;307.614
4720.1;1;Vespucio Norte;final;1510.376;2676.324;70.376;1236.324;119.147
4721;1;Vespucio Norte;final;1192.536;1910.223;1192.536;470.223;200.035
4722;1;Vespucio Norte;final;1278.268;1749.998;1278.268;309.998;293.458
4723;1;Vespucio Norte;final;1292.905;1758.565;1292.905;318.565;312.973
4724;1;Vespucio Norte;final;1258.95;1767.132;1258.95;327.132;313.324
4724.1;1;Vespucio Norte;final;1337.076;2659.832;1337.076;1219.832;52.114
4725;1;Vespucio Norte;final;1253.977;1775.698;1253.977;335.698;287.34
4725.1;1;Vespucio Norte;final;1377.003;2685.487;1377.003;1245.487;52.512
4726;1;Vespucio Norte;final;1250.113;1784.265;1250.113;344.265;305.711
4726.1;1;Vespucio Norte;final;1360.445;2685.076;1360.445;1245.076;61.543
4727;1;Vespucio Norte;final;1284.36;1792.832;1284.36;352.832;298.137
4727.1;1;Vespucio Norte;final;1361.711;2699.436;1361.711;1259.436;45.276
4728;1;Vespucio Norte;final;1281.145;1809.965;1281.145;369.965;302.382
4729;1;Vespucio Norte;final;1235.736;1809.998;1235.736;369.998;285.491
4730;1;Vespucio Norte;final;1341.295;1829.998;1341.295;389.998;298.707
4730.1;1;Vespucio Norte;final;1490.045;2728.684;50.045;1288.684;82.485
4731;1;Vespucio Norte;final;1249.059;1839.998;1249.059;399.998;271.535
4732;1;Vespucio Norte;final;1261.905;1859.998;1261.905;419.998;260.636
4733;1;Vespucio Norte;final;1286.445;1869.998;1286.445;429.998;273.352
4734;1;Vespucio Norte;final;1164.163;1879.998;1164.163;439.998;227.98
4735;1;Vespucio Norte;final;1460.316;2529.932;20.316;1089.932;157.597
4736;1;Vespucio Norte;final;1359.792;2529.998;1359.792;1089.998;121.061
4737;1;La Reina;final;1214.579;1747.438;1214.579;307.438;254.003
4737.1;1;La Reina;final;1495.519;2641.031;55.519;1201.031;118.344
4738;1;La Reina;final;1240.231;1767.438;1240.231;327.438;249.496
4739;1;La Reina;final;1345.406;1787.438;1345.406;347.438;293.662
4740;1;La Reina;final;1237.313;1816.438;1237.313;376.438;274.777
4740.1;1;La Reina;final;1453.996;2586.453;13.996;1146.453;132.886
4741;1;La Reina;final;1285.219;1825.438;1285.219;385.438;276.978
4741.1;1;La Reina;final;1378.243;2686.348;1378.243;1246.348;69.556
4742;1;La Reina;final;1360.893;1852.438;1360.893;412.438;283.516
4742.1;1;La Reina;final;1477.243;2767.438;37.243;1327.438;75.107
4743;1;La Reina;final;1282.165;1915.438;1282.165;475.438;217.003
4744;1;La Reina;final;1246.76;1720.502;1246.76;280.502;306.547
4745;1;La Reina;final;1209.093;1740.502;1209.093;300.502;294.837
4745.1;1;La Reina;final;1492.243;2619.604;52.243;1179.604;137.334
4746;1;La Reina;final;1131.206;1760.502;1131.206;320.502;283.282
4746.1;1;La Reina;final;1368.859;2535.427;1368.859;1095.427;137.674
4747;1;La Reina;final;1404.56;1780.502;1404.56;340.502;291.75
4747.1;1;La Reina;final;1492.49;2812.438;52.49;1372.438;61.429
4748;1;La Reina;final;1358.51;1814.252;1358.51;374.252;283.525
4749;1;La Reina;final;1155.06;1825.502;1155.06;385.502;202.387
4750;1;La Reina;final;1202.043;1836.752;1202.043;396.752;214.934
4751;1;La Reina;final;530.023;1747.521;530.023;307.521;90.087
4752;1;La Reina;final;1362.648;1777.521;1362.648;337.521;311.505
4752.1;1;La Reina;final;1477.49;2737.22;37.49;1297.22;86.058
4753;1;La Reina;final;1270.013;1807.521;1270.013;367.521;281.969
4753.1;1;La Reina;final;1364.046;2619.253;1364.046;1179.253;88.186
4754;1;La Reina;final;1267.436;1814.438;1267.436;374.438;293.401
4755;1;La Reina;final;1293.17;1821.355;1293.17;381.355;252.966
4756;1;La Reina;final;1273.577;1828.271;1273.577;388.271;239.373
4757;1;La Reina;final;1253.577;1835.188;1253.577;395.188;218.583
4758;1;La Reina;final;1145.06;1842.105;1145.06;402.105;200.246
4759;1;La Reina;final;1419.748;1849.021;1419.748;409.021;295.051
4760;1;La Reina;final;1130.377;1862.855;1130.377;422.855;189.252
4761;1;La Reina;final;1272.452;1876.688;1272.452;436.688;253.284
4762;1;La Reina;final;578.317;1883.605;578.317;443.605;49.99
4763;1;La Reina;final;1382.96;1890.521;1382.96;450.521;286.999
4763.1;1;La Reina;final;1464.723;2785.927;24.723;1345.927;59.986
4764;1;La Reina;final;1301.123;1897.438;1301.123;457.438;312.742
4764.1;1;La Reina;final;1388.633;2640.469;1388.633;1200.469;86.947
4765;1;La Reina;final;1246.412;1897.521;1246.412;457.521;206.45
4766;1;La Reina;final;1201.893;1945.071;1201.893;505.071;175.423
4767;1;La Reina;final;1370.11;2482.521;1370.11;1042.521;111.032
4768;1;La Reina;final;1130.06;2492.521;1130.06;1052.521;25.441
4769;1;La Reina;final;1242.86;1762.371;1242.86;322.371;290.356
4769.1;1;La Reina;final;1334.573;2647.438;1334.573;1207.438;61.429
4770;1;La Reina;final;1303.254;1827.371;1303.254;387.371;247.326
4771;1;La Reina;final;1360.015;1857.371;1360.015;417.371;286.382
4771.1;1;La Reina;final;1464.5;2744.91;24.5;1304.91;81.23
4772;1;La Reina;final;1351.881;1867.371;1351.881;427.371;256.553
4773;1;La Reina;final;1287.101;1737.706;1287.101;297.706;294.632
4773.1;1;La Reina;final;1377.227;2657.016;1377.227;1217.016;75.629
4774;1;La Reina;final;1258.255;1752.706;1258.255;312.706;299.802
4774.1;1;La Reina;final;1440.326;2665.145;0.326;1225.145;91.02
4775;1;La Reina;final;1315.26;1817.706;1315.26;377.706;296.354
4775.1;1;La Reina;final;1418.243;2719.438;1418.243;1279.438;57.644
4776;1;La Reina;final;1035.519;1415.708;1035.519;1415.708;264.924
4776.1;1;La Reina;final;1586.445;2462.108;146.445;1022.108;216.238
4777;1;La Reina;final;1337.187;1760.708;1337.187;320.708;294.357
4777.1;1;La Reina;final;1420.885;2736.218;1420.885;1296.218;60.585
4778;1;La Reina;final;1281.17;1775.708;1281.17;335.708;264.033
4779;1;La Reina;final;1341.463;1790.708;1341.463;350.708;289.645
4780;1;La Reina;final;1330.045;1754.893;1330.045;314.893;278.73
4781;1;La Reina;final;1306.568;1769.893;1306.568;329.893;265.809
4782;1;La Reina;final;1199.852;1784.893;1199.852;344.893;228.486
4782.1;1;La Reina;final;1446.779;2602.808;6.779;1162.808;111.363
4783;1;La Reina;final;1446.635;1799.893;6.635;359.893;300.768
4783.1;1;La Reina;final;1545.048;2821.614;105.048;1381.614;81.165
4784;1;La Reina;final;1298.052;1814.893;1298.052;374.893;228.038
4785;1;La Reina;final;551.785;1840.593;551.785;400.593;51.886
4786;1;La Reina;final;1401.655;1853.443;1401.655;413.443;292.185
4786.1;1;La Reina;final;1486.635;2830.245;46.635;1390.245;46.394
4787;1;La Reina;final;1441.953;1866.293;1.953;426.293;296.967
4788;1;La Reina;final;1165.452;1891.993;1165.452;451.993;201.114
4789;1;La Reina;final;1255.353;1904.843;1255.353;464.843;220.668
4790;1;La Reina;final;1399.502;1904.893;1399.502;464.893;266.357
4791;1;La Reina;final;1173.538;1760.708;1173.538;320.708;230.908
4792;1;La Reina;final;1355.805;1775.708;1355.805;335.708;279.08
4793;1;La Reina;final;1326.735;1790.708;1326.735;350.708;289.063
4793.1;1;La Reina;final;1449.931;2708.714;9.931;1268.714;81.165
4794;1;La Reina;final;1238.005;1805.708;1238.005;365.708;215.107
4795;1;La Reina;final;1362.548;1832.708;1362.548;392.708;278.092
4796;1;La Reina;final;1270.402;1859.708;1270.402;419.708;226.269
4797;1;La Reina;final;1131.543;1757.438;1131.543;317.438;236.166
4798;1;La Reina;final;1190.556;1767.438;1190.556;327.438;305.653
4798.1;1;La Reina;final;1356.36;2529.036;1356.36;1089.036;102.766
4799;1;La Reina;final;1213.877;1777.438;1213.877;337.438;303.547
4799.1;1;La Reina;final;1282.69;2605.19;1282.69;1165.19;64.866
4800;1;La Reina;final;1385.681;1828.188;1385.681;388.188;311.985
4801;1;La Reina;final;1349.777;1842.021;1349.777;402.021;271.879
4801.1;1;La Reina;final;1462.243;2752.438;22.243;1312.438;75.107
4802;1;La Reina;final;1235.481;1848.938;1235.481;408.938;245.106
4803;1;La Reina;final;1372.404;1862.771;1372.404;422.771;270.981
4804;1;La Reina;final;792.317;1384.769;792.317;1384.769;312.144
4804.1;1;La Reina;final;1376.5;2220.983;1376.5;780.983;194.998
4805;1;La Reina;final;1214.76;1414.769;1214.76;1414.769;297.458
4805.1;1;La Reina;final;1290.16;2621.755;1290.16;1181.755;39.642
4806;1;La Reina;final;1239.831;1444.769;1239.831;4.769;307.567
4806.1;1;La Reina;final;1573.3;2618.068;133.3;1178.068;162.073
4807;1;La Reina;final;1349.72;1729.769;1349.72;289.769;312.223
4808;1;La Reina;final;1190.002;1744.769;1190.002;304.769;276.037
4809;1;La Reina;final;1181.056;1759.769;1181.056;319.769;302.181
4809.1;1;La Reina;final;1357.26;2520.469;1357.26;1080.469;119.256
4810;1;La Reina;final;1366.116;1804.769;1366.116;364.769;312.999
4811;1;La Reina;final;1165.677;1809.514;1165.677;369.514;235.767
4812;1;La Reina;final;1338.85;1825.848;1338.85;385.848;308.361
4812.1;1;La Reina;final;1496.2;2652.927;56.2;1212.927;120.413
4813;1;La Reina;final;1353.85;1834.014;1353.85;394.014;308.361
4814;1;La Reina;final;1401.784;1891.181;1401.784;451.181;305.802
4814.1;1;La Reina;final;1487.962;2765.016;47.962;1325.016;84.317
4815;1;La Reina;final;1130.905;1891.348;1130.905;451.348;209.795
4816;1;La Reina;final;1296.062;1899.514;1296.062;459.514;270.564
4817;1;La Reina;final;1250.167;1915.848;1250.167;475.848;231.615
4818;1;La Reina;final;1365.715;1924.014;1365.715;484.014;291.226
4819;1;La Reina;final;1443.838;2512.714;3.838;1072.714;176.365
4820;1;La Reina;final;1382.218;2521.281;1382.218;1081.281;120.178
4821;1;La Reina;final;1197.106;2521.348;1197.106;1081.348;62.243
4822;1;La Reina;final;958.422;1716.848;958.422;276.848;286.666
4822.1;1;La Reina;final;1481.633;2366.084;41.633;926.084;216.065
4823;1;La Reina;final;919.881;1731.848;919.881;291.848;282.925
4823.1;1;La Reina;final;1369.148;2350.26;1369.148;910.26;164.958
4824;1;La Reina;final;1179.45;1746.848;1179.45;306.848;296.446
4824.1;1;La Reina;final;1323.85;2570.983;1323.85;1130.983;73.617
4825;1;La Reina;final;1245.822;1803.848;1245.822;363.848;286.666
4825.1;1;La Reina;final;1384.593;2641.348;1384.593;1201.348;91.023
4826;1;La Reina;final;1200.1;1812.848;1200.1;372.848;299.597
4827;1;La Reina;final;1339.148;1797.379;1339.148;357.379;290.132
4827.1;1;La Reina;final;1530.467;2727.777;90.467;1287.777;110.192
4828;1;La Reina;final;1216.452;1819.863;1216.452;379.863;106.981
4829;1;La Reina;final;1213.433;1887.313;1213.433;447.313;222.852
4830;1;La Reina;final;1141.865;1887.379;1141.865;447.379;71.993
4831;1;La Reina;final;1212.335;1806.218;1212.335;366.218;208.654
4832;1;La Reina;final;1422.45;1817.468;1422.45;377.468;311.547
4832.1;1;La Reina;final;1592.539;2724.107;152.539;1284.107;156.566
4833;1;La Reina;final;528.07;1851.218;528.07;411.218;44.192
4834;1;La Reina;final;1133.92;1862.468;1133.92;422.468;159.83
4835;1;La Reina;final;1396.885;1873.718;1396.885;433.718;311.728
4836;1;La Reina;final;1372.885;1884.968;1372.885;444.968;261.871
4837;1;La Reina;final;1510.487;1896.218;70.487;456.218;291.73
4838;1;La Reina;final;1408.235;1830.435;1408.235;390.435;290.972
4839;1;La Reina;final;1386.469;1841.685;1386.469;401.685;283.752
4839.1;1;La Reina;final;1586.945;2789.041;146.945;1349.041;111.363
4840;1;La Reina;final;1265.141;1734.958;1265.141;294.958;262.798
4841;1;La Reina;final;1273.414;1749.958;1273.414;309.958;312.743
4841.1;1;La Reina;final;1363.037;2688.782;1363.037;1248.782;47.647
4842;1;La Reina;final;1315.212;1764.958;1315.212;324.958;292.955
4843;1;La Reina;final;1321.262;1779.958;1321.262;339.958;292.603
4843.1;1;La Reina;final;1408.963;2727.105;1408.963;1287.105;49.471
4844;1;La Reina;final;1206.836;1815.864;1206.836;375.864;248.95
4844.1;1;La Reina;final;1455.345;2611.375;15.345;1171.375;111.363
4845;1;La Reina;final;1278.836;1845.864;1278.836;405.864;239.227
4846;1;La Reina;final;552.246;1855.864;552.246;415.864;47.323
4847;1;La Reina;final;1338.289;1865.864;1338.289;425.864;271.532
4848;1;La Reina;final;1492.396;2471.258;52.396;1031.258;172.172
4849;1;La Reina;final;1473.896;2503.958;33.896;1063.958;156.676
4850;1;La Reina;final;1458.796;2514.958;18.796;1074.958;148.656
4851;1;La Reina;final;1310.748;1763.355;1310.748;323.355;290.768
4851.1;1;La Reina;final;1467.965;2683.441;27.965;1243.441;99.129
4852;1;La Reina;final;1284.662;1778.355;1284.662;338.355;274.284
4853;1;La Reina;final;1342.912;1793.355;1342.912;353.355;288.252
4854;1;La Reina;final;1283.502;1818.355;1283.502;378.355;266.395
4854.1;1;La Reina;final;1504.829;2684.258;64.829;1244.258;111.363
4855;1;La Reina;final;1418.342;1868.355;1418.342;428.355;307.436
4855.1;1;La Reina;final;1558.272;2820.475;118.272;1380.475;88.926
4856;1;La Reina;final;1412.848;1878.355;1412.848;438.355;292.505
4857;1;La Reina;final;1352.762;1888.355;1352.762;448.355;267.242
4858;1;La Reina;final;1391.85;1898.355;1391.85;458.355;293.248
4859;1;La Reina;final;1257.17;1748.355;1257.17;308.355;271.882
4860;1;La Reina;final;1315.275;1760.355;1315.275;320.355;303.175
4860.1;1;La Reina;final;1473.489;2714.808;33.489;1274.808;88.926
4861;1;La Reina;final;1178.909;1772.355;1178.909;332.355;255.073
4861.1;1;La Reina;final;1420.164;2576.208;1420.164;1136.208;112.201
4862;1;La Reina;final;1194.312;1784.355;1194.312;344.355;252.74
4863;1;La Reina;final;1333.414;1796.355;1333.414;356.355;295.326
4863.1;1;La Reina;final;1468.817;2733.856;28.817;1293.856;90.926
4864;1;La Reina;final;1248.796;1808.355;1248.796;368.355;236.662
4865;1;La Reina;final;1373.029;1817.355;1373.029;377.355;294.963
4865.1;1;La Reina;final;1485.996;2778.355;45.996;1338.355;59.539
4866;1;La Reina;final;1300.846;1826.355;1300.846;386.355;286.974
4866.1;1;La Reina;final;1491.029;2704.605;51.029;1264.605;102.027
4867;1;La Reina;final;1346.435;1835.355;1346.435;395.355;255.549
4868;1;La Reina;final;1254.312;1853.355;1254.312;413.355;238.261
4869;1;La Reina;final;1445.996;1862.355;5.996;422.355;305.642
4869.1;1;La Reina;final;1530.346;2858.288;90.346;1418.288;53.926
4870;1;La Reina;final;1327.255;1880.355;1327.255;440.355;235.339
4871;1;La Reina;final;1315.446;1889.355;1315.446;449.355;234.711
4872;1;La Reina;final;1395.379;1898.355;1395.379;458.355;268.443
4873;1;La Reina;final;1364.679;1760.304;1364.679;320.304;306.605
4873.1;1;La Reina;final;1450.831;2772.621;10.831;1332.621;58.249
4874;1;La Reina;final;1329.029;1772.304;1329.029;332.304;293.345
4874.1;1;La Reina;final;1400.624;2738.355;1400.624;1298.355;47.352
4875;1;La Reina;final;1318.107;1799.304;1318.107;359.304;270.701
4876;1;La Reina;final;1261.017;1814.304;1261.017;374.304;251.653
4877;1;La Reina;final;1441.414;1836.804;1.414;396.804;290.266
4878;1;La Reina;final;1304.862;1844.304;1304.862;404.304;279.915
4878.1;1;La Reina;final;1502.231;2708.355;62.231;1268.355;99.393
4879;1;La Reina;final;1127.296;1851.804;1127.296;411.804;204.973
4880;1;La Reina;final;1272.772;1859.304;1272.772;419.304;264.952
4881;1;La Reina;final;1480.786;2504.304;40.786;1064.304;159.518
4882;1;La Reina;final;586.812;1748.355;586.812;308.355;92.158
4883;1;La Reina;final;1419.329;1778.355;1419.329;338.355;302.792
4883.1;1;La Reina;final;1483.991;2823.602;43.991;1383.602;48.304
4884;1;La Reina;final;1343.429;1808.355;1343.429;368.355;278.047
4885;1;La Reina;final;1343.064;1823.355;1343.064;383.355;292.043
4886;1;La Reina;final;1282.575;1868.355;1282.575;428.355;256.31
4886.1;1;La Reina;final;1489.347;2684.808;49.347;1244.808;112.201
4887;1;La Reina;final;1269.17;1898.355;1269.17;458.355;229.358
4888;1;Los Espinos + Santa Rosa;final;1259.028;1763.191;1259.028;323.191;263.217
4889;1;Los Espinos + Santa Rosa;final;1269.928;1778.191;1269.928;338.191;263.217
4890;1;Los Espinos + Santa Rosa;final;1297.309;1793.191;1297.309;353.191;268.146
4891;1;Los Espinos + Santa Rosa;final;1327.96;1808.191;1327.96;368.191;273.45
4891.1;1;Los Espinos + Santa Rosa;final;1446.561;2724.618;6.561;1284.618;66.921
4892;1;Los Espinos + Santa Rosa;final;1366.51;1868.191;1366.51;428.191;273.73
4892.1;1;Los Espinos + Santa Rosa;final;1474.861;2768.884;34.861;1328.884;66.921
4893;1;Los Espinos + Santa Rosa;final;1395.494;1878.191;1395.494;438.191;281.455
4894;1;Los Espinos + Santa Rosa;final;1292.426;1888.191;1292.426;448.191;226.708
4895;1;Los Espinos + Santa Rosa;final;1294.215;1464.246;1294.215;24.246;280.975
4896;1;Los Espinos + Santa Rosa;final;1273.152;1599.246;1273.152;159.246;275.831
4897;1;Los Espinos + Santa Rosa;final;1260.297;1734.246;1260.297;294.246;293.779
4897.1;1;Los Espinos + Santa Rosa;final;1423.969;2691.277;1423.969;1251.277;63.952
4898;1;Los Espinos + Santa Rosa;final;1306.678;1746.246;1306.678;306.246;298.545
4899;1;Los Espinos + Santa Rosa;final;1287.594;1758.246;1287.594;318.246;278.715
4900;1;Los Espinos + Santa Rosa;final;1278.16;1770.246;1278.16;330.246;270.991
4900.1;1;Los Espinos + Santa Rosa;final;1396.561;2674.618;1396.561;1234.618;66.921
4901;1;Los Espinos + Santa Rosa;final;1299.96;1782.246;1299.96;342.246;270.991
4901.1;1;Los Espinos + Santa Rosa;final;1426.561;2704.618;1426.561;1264.618;66.921
4902;1;Los Espinos + Santa Rosa;final;1281.071;1814.246;1281.071;374.246;262.215
4903;1;Los Espinos + Santa Rosa;final;1300.444;1844.246;1300.444;404.246;249.018
4904;1;Los Espinos + Santa Rosa;final;542.959;1854.246;542.959;414.246;45.075
4905;1;Los Espinos + Santa Rosa;final;1192.426;1864.246;1192.426;424.246;212.229
4906;1;Los Espinos + Santa Rosa;final;1178.609;2486.413;1178.609;1046.413;45.355
4907;1;La Reina;final;1233.1;1748.355;1233.1;308.355;277.459
4908;1;La Reina;final;1370.181;1760.355;1370.181;320.355;302.675
4908.1;1;La Reina;final;1519.365;2746.041;79.365;1306.041;99.129
4909;1;La Reina;final;1383.146;1772.355;1383.146;332.355;312.801
4909.1;1;La Reina;final;1507.479;2786.355;67.479;1346.355;66.173
4910;1;La Reina;final;1305.896;1784.355;1305.896;344.355;249.704
4911;1;La Reina;final;1304.63;1796.355;1304.63;356.355;278.716
4912;1;La Reina;final;1274.63;1808.355;1274.63;368.355;254.709
4913;1;La Reina;final;1357.331;1838.355;1357.331;398.355;271.03
4914;1;La Reina;final;1381.897;1858.355;1381.897;418.355;289.982
4915;1;La Reina;final;1021.346;1394.538;1021.346;1394.538;283.101
4915.1;1;La Reina;final;1444.885;2438.355;4.885;998.355;155.379
4916;1;La Reina;final;930.975;1424.538;930.975;1424.538;279.415
4916.1;1;La Reina;final;1483.246;2384.808;43.246;944.808;199.512
4917;1;La Reina;final;1288.562;1748.386;1288.562;308.386;302.166
4917.1;1;La Reina;final;1493.062;2693.355;53.062;1253.355;101.67
4918;1;La Reina;final;1337.075;1760.386;1337.075;320.386;297.89
4918.1;1;La Reina;final;1472.605;2734.808;32.605;1294.808;88.926
4919;1;La Reina;final;1162.014;1772.386;1162.014;332.386;248.026
4919.1;1;La Reina;final;1340.45;2566.689;1340.45;1126.689;90.926
4920;1;La Reina;final;1311.069;1784.386;1311.069;344.386;265.925
4920.1;1;La Reina;final;1543.379;2722.808;103.379;1282.808;111.363
4921;1;La Reina;final;1327.362;1793.386;1327.362;353.386;279.546
4921.1;1;La Reina;final;1507.246;2738.305;67.246;1298.305;84.017
4922;1;La Reina;final;1312.589;1829.386;1312.589;389.386;283.91
4923;1;La Reina;final;1436.346;1856.386;1436.346;416.386;303.304
4923.1;1;La Reina;final;1527.329;2841.155;87.329;1401.155;60.526
4924;1;La Reina;final;1355.914;1865.386;1355.914;425.386;290.453
4925;1;La Reina;final;588.196;1874.386;588.196;434.386;58.255
4926;1;La Reina;final;1372.479;2434.386;1372.479;994.386;124.896
4927;1;La Reina;final;1400.545;1787.935;1400.545;347.935;311.519
4928;1;La Reina;final;1380.786;1820.785;1380.786;380.785;262.068
4929;1;La Reina;final;1501.474;1859.335;61.474;419.335;308.565
4930;1;La Reina;final;1310.141;1872.185;1310.141;432.185;223.354
4931;1;La Reina;final;1290.836;1756.921;1290.836;316.921;291.092
4931.1;1;La Reina;final;1613.612;2691.218;173.612;1251.218;160.351
4932;1;La Reina;final;1191.246;1765.488;1191.246;325.488;238.503
4933;1;La Reina;final;1380.591;1774.055;1380.591;334.055;314.995
4933.1;1;La Reina;final;1518.258;2789.335;78.258;1349.335;78.815
4934;1;La Reina;final;1395.881;1782.621;1395.881;342.621;306.268
4934.1;1;La Reina;final;1459.246;2770.041;19.246;1330.041;58.255
4935;1;La Reina;final;1381.541;1791.188;1381.541;351.188;309.435
4935.1;1;La Reina;final;1421.812;2759.224;1421.812;1319.224;48.217
4936;1;La Reina;final;1288.968;1799.755;1288.968;359.755;282.119
4937;1;La Reina;final;1386.296;1808.355;1386.296;368.355;303.238
4937.1;1;La Reina;final;1475.929;2789.755;35.929;1349.755;60.526
4938;1;La Reina;final;1294.312;1817.355;1294.312;377.355;239.289
4939;1;La Reina;final;569.096;1844.355;569.096;404.355;53.926
4940;1;La Reina;final;1496.079;1853.355;56.079;413.355;312.062
4941;1;La Reina;final;587.096;1862.355;587.096;422.355;53.926
4942;1;La Reina;final;1387.546;1889.355;1387.546;449.355;261.77
4943;1;La Reina;final;1050.329;1418.355;1050.329;1418.355;292.595
4943.1;1;La Reina;final;1358.748;2468.355;1358.748;1028.355;106.574
4944;1;La Reina;final;1120.858;1448.355;1120.858;8.355;289.546
4944.1;1;La Reina;final;1411.246;2527.935;1411.246;1087.935;114.954
4945;1;La Reina;final;1008.412;1478.355;1008.412;38.355;281.837
4945.1;1;La Reina;final;1338.946;2428.355;1338.946;988.355;114.756
4946;1;La Reina;final;1303.362;1748.355;1303.362;308.355;273.872
4947;1;La Reina;final;1337.848;1763.355;1337.848;323.355;308.121
4947.1;1;La Reina;final;1508.162;2701.486;68.162;1261.486;106.356
4948;1;La Reina;final;1339.546;1778.355;1339.546;338.355;291.174
4949;1;La Reina;final;1379.679;1793.355;1379.679;353.355;302.862
4949.1;1;La Reina;final;1462.964;2783.355;22.964;1343.355;56.655
4950;1;La Reina;final;1389.138;1808.355;1389.138;368.355;305.824
4950.1;1;La Reina;final;1496.814;2760.314;56.814;1320.314;90.108
4951;1;La Reina;final;588.762;1830.855;588.762;390.855;58.426
4952;1;La Reina;final;1153.94;1853.355;1153.94;413.355;197.621
4953;1;La Reina;final;1407.307;1868.355;1407.307;428.355;283.095
4954;1;La Reina;final;1190.807;1875.855;1190.807;435.855;191.212
4955;1;La Reina;final;1423.489;1883.355;1423.489;443.355;307.448
4956;1;La Reina;final;1433.489;1890.855;1433.489;450.855;302.748
4957;1;La Reina;final;1366.942;1898.355;1366.942;458.355;302.196
4957.1;1;La Reina;final;1540.747;2763.856;100.747;1323.856;114.299
4958;1;La Reina;final;560.096;1732.041;560.096;292.041;94.805
4959;1;La Reina;final;1344.102;1744.041;1344.102;304.041;313.792
4959.1;1;La Reina;final;1473.819;2700.558;33.819;1260.558;88.685
4960;1;La Reina;final;1291.362;1756.041;1291.362;316.041;276.445
4961;1;La Reina;final;1249.875;1768.041;1249.875;328.041;276.526
4961.1;1;La Reina;final;1413.489;2654.808;1413.489;1214.808;88.926
4962;1;La Reina;final;1204.312;1780.041;1204.312;340.041;241.184
4963;1;La Reina;final;1258.107;1792.041;1258.107;352.041;249.266
4964;1;La Reina;final;1369.946;1801.041;1369.946;361.041;289.836
4965;1;La Reina;final;1411.029;1810.041;1411.029;370.041;296.601
4966;1;La Reina;final;552.962;1828.041;552.962;388.041;56.638
4967;1;La Reina;final;588.962;1864.041;588.962;424.041;56.638
4968;1;La Reina;final;1405.996;1882.041;1405.996;442.041;294.003
4968.1;1;La Reina;final;1472.624;2810.355;32.624;1370.355;47.352
4969;1;La Reina;final;1487.462;1894.891;47.462;454.891;290.4
4970;1;La Reina;final;1408.352;1907.741;1408.352;467.741;286.274
4971;1;La Reina;final;1358.029;2342.041;1358.029;902.041;141.54
4972;1;La Reina;final;1274.748;2413.841;1274.748;973.841;99.119
4973;1;La Reina;final;1544.462;2501.041;104.462;1061.041;180.656
4974;1;La Reina;final;1247.196;2511.941;1247.196;1071.941;58.245
4975;1;La Reina;final;1372.246;2512.041;1372.246;1072.041;100.386
4976;1;La Reina;final;1626.945;2524.041;186.945;1084.041;216.748
4977;1;La Reina;final;1339.362;1748.355;1339.362;308.355;301.976
4978;1;La Reina;final;1168.909;1760.355;1168.909;320.355;255.438
4978.1;1;La Reina;final;1407.314;2567.641;1407.314;1127.641;112.201
4979;1;La Reina;final;1194.862;1772.355;1194.862;332.355;258.393
4980;1;La Reina;final;1264.812;1784.355;1264.812;344.355;257.958
4981;1;La Reina;final;1347.746;1796.355;1347.746;356.355;313.038
4981.1;1;La Reina;final;1487.746;2753.355;47.746;1313.355;75.136
4982;1;La Reina;final;1223.279;1808.355;1223.279;368.355;243.479
4983;1;La Reina;final;1274.146;1830.855;1274.146;390.855;247.713
4984;1;La Reina;final;1297.881;1842.105;1297.881;402.105;258.023
4984.1;1;La Reina;final;1452.45;2703.856;12.45;1263.856;90.926
4985;1;La Reina;final;1336.196;1853.355;1336.196;413.355;246.944
4986;1;La Reina;final;1359.629;1864.605;1359.629;424.605;259.348
4987;1;La Reina;final;1250.748;1875.855;1250.748;435.855;231.344
4988;1;La Reina;final;1303.362;1898.355;1303.362;458.355;229.72
4989;1;La Reina;final;1258.005;1758.355;1258.005;318.355;243.187
4989.1;1;La Reina;final;1485.012;2685.348;45.012;1245.348;102.874
4990;1;La Reina;final;588.125;1768.355;588.125;328.355;90.957
4991;1;La Reina;final;1286.196;1778.355;1286.196;338.355;279.771
4991.1;1;La Reina;final;1463.838;2713.648;23.838;1273.648;78.977
4992;1;La Reina;final;1414.279;1788.355;1414.279;348.355;302.365
4992.1;1;La Reina;final;1507.462;2818.355;67.462;1378.355;58.518
4993;1;La Reina;final;1335.591;1798.355;1335.591;358.355;293.957
4993.1;1;La Reina;final;1466.858;2737.935;26.858;1297.935;78.815
4994;1;La Reina;final;1411.381;1808.355;1411.381;368.355;314.186
4994.1;1;La Reina;final;1514.009;2796.31;74.009;1356.31;74.519
4995;1;La Reina;final;1318.767;1817.355;1318.767;377.355;296.183
4996;1;La Reina;final;568.996;1826.355;568.996;386.355;60.084
4997;1;La Reina;final;1383.031;1835.355;1383.031;395.355;286.181
4998;1;La Reina;final;1194.812;1844.355;1194.812;404.355;223.429
4999;1;La Reina;final;1346.855;1862.355;1346.855;422.355;241.737
5000;1;La Reina;final;1288.053;1880.355;1288.053;440.355;195.769
5001;1;La Reina;final;1268.403;1889.355;1268.403;449.355;178.576
5002;1;La Reina;final;1201.962;1414.958;1201.962;1414.958;305.889
5002.1;1;La Reina;final;1266.836;2618.893;1266.836;1178.893;35.516
5003;1;La Reina;final;1245.529;1444.958;1245.529;4.958;302.404
5003.1;1;La Reina;final;1371.562;2648.355;1371.562;1208.355;65.477
5004;1;La Reina;final;1260.712;1759.958;1260.712;319.958;282.1
5004.1;1;La Reina;final;1388.235;2682.357;1388.235;1242.357;57.942
5005;1;La Reina;final;1284.812;1774.958;1284.812;334.958;264.487
5006;1;La Reina;final;581.68;1789.958;581.68;349.958;91.445
5007;1;La Reina;final;1315.362;1804.958;1315.362;364.958;250.752
5008;1;La Reina;final;1427.462;1814.958;1427.462;374.958;292.454
5008.1;1;La Reina;final;1496.624;2834.355;56.624;1394.355;47.352
5009;1;La Reina;final;1417.897;1864.958;1417.897;424.958;298.467
5010;1;Los Espinos + Santa Rosa;final;1259.396;1748.296;1259.396;308.296;287.102
5010.1;1;Los Espinos + Santa Rosa;final;1539.817;2610.377;99.817;1170.377;155.174
5011;1;Los Espinos + Santa Rosa;final;1259.558;1763.296;1259.558;323.296;297.534
5011.1;1;Los Espinos + Santa Rosa;final;1470.953;2595.982;30.953;1155.982;139.037
5012;1;Los Espinos + Santa Rosa;final;1279.192;1778.296;1279.192;338.296;271.568
5013;1;Los Espinos + Santa Rosa;final;552.034;1898.296;552.034;458.296;40.272
5014;1;Los Espinos + Santa Rosa;final;1264.213;1752.761;1264.213;312.761;311.031
5014.1;1;Los Espinos + Santa Rosa;final;1504.524;2628.715;64.524;1188.715;111.36
5015;1;Los Espinos + Santa Rosa;final;1322.942;1767.761;1322.942;327.761;305.246
5016;1;Los Espinos + Santa Rosa;final;1320.298;1782.761;1320.298;342.761;302.995
5016.1;1;Los Espinos + Santa Rosa;final;1550.526;2753.008;110.526;1313.008;108.841
5017;1;Los Espinos + Santa Rosa;final;518.747;1810.611;518.747;370.611;57.846
5018;1;Los Espinos + Santa Rosa;final;1395.83;1887.761;1395.83;447.761;242.157
5019;1;Los Espinos + Santa Rosa;final;1243.594;1752.591;1243.594;312.591;266.91
5020;1;Los Espinos + Santa Rosa;final;1270.733;1767.591;1270.733;327.591;263.226
5021;1;Los Espinos + Santa Rosa;final;1367.261;1782.591;1367.261;342.591;290.952
5022;1;Los Espinos + Santa Rosa;final;1366.561;1797.591;1366.561;357.591;290.952
5023;1;Los Espinos + Santa Rosa;final;1374.232;1812.591;1374.232;372.591;282.713
5024;1;Los Espinos + Santa Rosa;final;1341.561;1822.591;1341.561;382.591;260.974
5025;1;Los Espinos + Santa Rosa;final;1361.158;1832.591;1361.158;392.591;275.022
5026;1;Los Espinos + Santa Rosa;final;1450.635;1842.591;10.635;402.591;294.065
5027;1;Los Espinos + Santa Rosa;final;1451.063;1852.591;11.063;412.591;295.715
5028;1;Los Espinos + Santa Rosa;final;1273.028;1817.623;1273.028;377.623;253.491
5029;1;Los Espinos + Santa Rosa;final;1298.728;1837.623;1298.728;397.623;253.491
5030;1;La Reina;final;1174.812;1748.355;1174.812;308.355;244.724
5031;1;La Reina;final;1340.229;1763.355;1340.229;323.355;303.456
5032;1;La Reina;final;1326.175;1778.355;1326.175;338.355;308.294
5032.1;1;La Reina;final;1472.45;2723.856;32.45;1283.856;90.926
5033;1;La Reina;final;1200.946;1793.355;1200.946;353.355;259.486
5034;1;La Reina;final;1304.375;1808.355;1304.375;368.355;263.758
5034.1;1;La Reina;final;1506.481;2704.808;66.481;1264.808;112.201
5035;1;La Reina;final;1340.846;1865.521;1340.846;425.521;268.179
5036;1;La Reina;final;1474.279;1890.021;34.279;450.021;301.442
5037;1;La Reina;final;1306.107;1898.355;1306.107;458.355;247.068
5038;1;La Reina;final;1369.243;1737.777;1369.243;297.777;302.768
5039;1;La Reina;final;998.716;1752.777;998.716;312.777;238.922
5039.1;1;La Reina;final;1560.812;2421.053;120.812;981.053;224.737
5040;1;La Reina;final;1278.86;1767.777;1278.86;327.777;313.936
5040.1;1;La Reina;final;1384.21;2683.438;1384.21;1243.438;57.644
5041;1;La Reina;final;1199.623;1797.777;1199.623;357.777;279.651
5041.1;1;La Reina;final;1362.673;2602.927;1362.673;1162.927;102.171
5042;1;La Reina;final;1223.093;1812.777;1223.093;372.777;306.882
5042.1;1;La Reina;final;1318.71;2614.407;1318.71;1174.407;78.544
5043;1;La Reina;final;1364.58;1827.777;1364.58;387.777;199.278
5044;1;La Reina;final;1397.762;1842.777;1397.762;402.777;293.6
5045;1;La Reina;final;1184.452;1857.777;1184.452;417.777;217.182
5046;1;La Reina;final;1241.165;1872.777;1241.165;432.777;222.629
5047;1;La Reina;final;1419.429;1887.777;1419.429;447.777;302.525
5047.1;1;La Reina;final;1474.805;2815.154;34.805;1375.154;50.192
5048;1;La Reina;final;1294.731;1902.777;1294.731;462.777;228.149
5049;1;La Reina;final;1410.905;1932.777;1410.905;492.777;296.448
5049.1;1;La Reina;final;1481.381;2825.812;41.381;1385.812;43.205
5050;1;La Reina;final;978.716;1750.145;978.716;310.145;251.1
5050.1;1;La Reina;final;1376.0;2403.92;1376.0;963.92;147.235
5051;1;La Reina;final;1235.465;1765.145;1235.465;325.145;267.146
5052;1;La Reina;final;1270.79;1780.145;1270.79;340.145;275.782
5053;1;La Reina;final;614.943;1795.145;614.943;355.145;91.02
5054;1;La Reina;final;1359.243;1825.145;1359.243;385.145;284.303
5055;1;La Reina;final;1339.412;1840.145;1339.412;400.145;280.452
5056;1;La Reina;final;1381.196;1855.145;1381.196;415.145;265.836
5057;1;La Reina;final;1266.766;1870.145;1266.766;430.145;228.06
5058;1;La Reina;final;1460.786;1885.145;20.786;445.145;309.401
5059;1;La Reina;final;1261.505;1900.145;1261.505;460.145;203.156
5060;1;La Reina;final;1356.655;1915.145;1356.655;475.145;260.318
5061;1;La Reina;final;1409.855;2470.145;1409.855;1030.145;135.069
5062;1;La Reina;final;1003.137;1471.963;1003.137;31.963;300.071
5062.1;1;La Reina;final;1198.287;2401.963;1198.287;961.963;84.847
5063;1;La Reina;final;1152.837;1761.963;1152.837;321.963;300.168
5063.1;1;La Reina;final;1391.937;2545.963;1391.937;1105.963;115.733
5064;1;La Reina;final;1178.287;1781.963;1178.287;341.963;300.266
5064.1;1;La Reina;final;1457.571;2581.963;17.571;1141.963;146.325
5065;1;La Reina;final;1228.687;1801.963;1228.687;361.963;300.364
5065.1;1;La Reina;final;1308.687;2621.963;1308.687;1181.963;54.059
5066;1;La Reina;final;1208.687;1813.213;1208.687;373.213;300.071
5066.1;1;La Reina;final;1477.571;2601.963;37.571;1161.963;146.228
5067;1;La Reina;final;526.221;1824.463;526.221;384.463;54.156
5068;1;La Reina;final;1251.121;1835.713;1251.121;395.713;300.071
5068.1;1;La Reina;final;1311.071;2641.963;1311.071;1201.963;54.059
5069;1;La Reina;final;1268.687;1858.213;1268.687;418.213;300.168
5069.1;1;La Reina;final;1454.504;2659.963;14.504;1219.963;115.635
5070;1;La Reina;final;1299.121;1869.463;1299.121;429.463;300.071
5070.1;1;La Reina;final;1494.504;2693.363;54.504;1253.363;115.733
5071;1;La Reina;final;1212.837;1880.713;1212.837;440.713;269.576
5072;1;La Reina;final;1248.687;1837.963;1248.687;397.963;300.266
5072.1;1;La Reina;final;1383.071;2641.963;1383.071;1201.963;84.847
5073;1;La Reina;final;1227.121;1855.963;1227.121;415.963;299.875
5073.1;1;La Reina;final;1497.571;2617.963;57.571;1177.963;146.325
5074;1;La Reina;final;1263.121;1873.963;1263.121;433.963;300.071
5074.1;1;La Reina;final;1404.787;2654.813;1404.787;1214.813;84.945
5075;1;La Reina;final;1287.121;1891.963;1287.121;451.963;300.168
5075.1;1;La Reina;final;1474.504;2677.963;34.504;1237.963;115.635
5076;1;La Reina;final;1127.085;1748.355;1127.085;308.355;246.195
5077;1;La Reina;final;1178.722;1760.355;1178.722;320.355;234.264
5078;1;La Reina;final;1230.129;1772.355;1230.129;332.355;244.381
5078.1;1;La Reina;final;1459.312;2659.648;19.312;1219.648;102.874
5079;1;La Reina;final;1264.71;1784.355;1264.71;344.355;253.864
5079.1;1;La Reina;final;1412.45;2663.856;1412.45;1223.856;90.926
5080;1;La Reina;final;1304.405;1796.355;1304.405;356.355;276.012
5080.1;1;La Reina;final;1626.445;2739.374;186.445;1299.374;149.037
5081;1;La Reina;final;1284.288;1808.355;1284.288;368.355;223.283
5082;1;La Reina;final;1398.179;1817.355;1398.179;377.355;296.141
5083;1;La Reina;final;1433.698;1826.355;1433.698;386.355;306.723
5084;1;La Reina;final;1416.565;1835.355;1416.565;395.355;284.99
5085;1;La Reina;final;1280.1;1844.355;1280.1;404.355;268.041
5086;1;La Reina;final;1419.229;1853.355;1419.229;413.355;288.904
5087;1;La Reina;final;1373.145;1871.355;1373.145;431.355;281.415
5088;1;La Reina;final;1254.812;1889.355;1254.812;449.355;207.543
5089;1;La Reina;final;1197.438;1898.355;1197.438;458.355;207.175
5090;1;La Reina;final;1333.929;1746.687;1333.929;306.687;303.239
5090.1;1;La Reina;final;1507.964;2738.355;67.964;1298.355;99.806
5091;1;La Reina;final;1303.414;1758.687;1303.414;318.687;314.511
5091.1;1;La Reina;final;1472.662;2704.958;32.662;1264.958;82.147
5092;1;La Reina;final;1144.552;1770.687;1144.552;330.687;233.378
5092.1;1;La Reina;final;1386.812;2542.841;1386.812;1102.841;111.363
5093;1;La Reina;final;1186.581;1782.687;1186.581;342.687;256.417
5093.1;1;La Reina;final;1541.139;2592.389;101.139;1152.389;180.334
5094;1;La Reina;final;1359.285;1794.687;1359.285;354.687;262.826
5095;1;La Reina;final;1368.691;1807.537;1368.691;367.537;302.012
5096;1;La Reina;final;1360.596;1820.387;1360.596;380.387;291.048
5097;1;La Reina;final;1228.909;1833.237;1228.909;393.237;246.026
5097.1;1;La Reina;final;1400.417;2626.656;1400.417;1186.656;90.926
5098;1;La Reina;final;1433.029;1846.087;1433.029;406.087;307.926
5098.1;1;La Reina;final;1481.414;2838.355;41.414;1398.355;39.415
5099;1;La Reina;final;1395.591;1858.937;1395.591;418.937;267.538
5100;1;La Reina;final;1358.977;1871.787;1358.977;431.787;287.882
5100.1;1;La Reina;final;1440.723;2761.927;0.723;1321.927;59.986
5101;1;La Reina;final;1246.91;1884.637;1246.91;444.637;222.995
5102;1;La Reina;final;1453.479;1884.687;13.479;444.687;310.926
5102.1;1;La Reina;final;1518.607;2858.288;78.607;1418.288;47.796
5103;1;La Reina;final;1492.964;2440.77;52.964;1000.77;183.576
5104;1;La Reina;final;1296.069;2449.987;1296.069;1009.987;102.029
5105;1;La Reina;final;1408.984;2477.637;1408.984;1037.637;140.998
5106;1;La Reina;final;1505.729;2514.503;65.729;1074.503;162.618
5107;1;La Reina;final;1510.196;2514.687;70.196;1074.687;175.928
5108;1;La Reina;final;837.531;1467.777;837.531;27.777;299.919
5108.1;1;La Reina;final;1476.388;2270.843;36.388;830.843;211.836
5109;1;La Reina;final;1208.767;1757.777;1208.767;317.777;244.967
5110;1;La Reina;final;1332.063;1777.777;1332.063;337.777;312.148
5111;1;La Reina;final;1412.355;1797.777;1412.355;357.777;300.791
5112;1;La Reina;final;1394.048;1812.777;1394.048;372.777;311.544
5112.1;1;La Reina;final;1498.766;2779.177;58.766;1339.177;81.23
5113;1;La Reina;final;1365.071;1827.777;1365.071;387.777;275.39
5114;1;La Reina;final;1366.196;1842.777;1366.196;402.777;290.373
5115;1;La Reina;final;1373.305;1872.777;1373.305;432.777;295.665
5116;1;La Reina;final;1349.231;1887.777;1349.231;447.777;258.275
5117;1;La Reina;final;1285.448;1923.777;1285.448;483.777;263.577
5118;1;Los Espinos + Santa Rosa;final;1201.152;1733.151;1201.152;293.151;231.512
5119;1;Los Espinos + Santa Rosa;final;1374.277;1743.151;1374.277;303.151;303.541
5120;1;Los Espinos + Santa Rosa;final;1413.958;1753.151;1413.958;313.151;311.61
5121;1;Los Espinos + Santa Rosa;final;1339.241;1763.151;1339.241;323.151;302.807
5121.1;1;Los Espinos + Santa Rosa;final;1389.32;2725.494;1389.32;1285.494;47.857
5122;1;Los Espinos + Santa Rosa;final;1399.552;1773.151;1399.552;333.151;311.371
5123;1;Los Espinos + Santa Rosa;final;1304.958;1783.151;1304.958;343.151;285.457
5123.1;1;Los Espinos + Santa Rosa;final;1495.142;2700.221;55.142;1260.221;103.215
5124;1;Los Espinos + Santa Rosa;final;1280.007;1793.151;1280.007;353.151;250.791
5125;1;Los Espinos + Santa Rosa;final;1293.29;1817.651;1293.29;377.651;239.485
5126;1;Los Espinos + Santa Rosa;final;488.445;1825.818;488.445;385.818;35.891
5127;1;Los Espinos + Santa Rosa;final;1284.331;1833.984;1284.331;393.984;226.438
5128;1;Los Espinos + Santa Rosa;final;1456.554;1842.151;16.554;402.151;288.057
5129;1;Los Espinos + Santa Rosa;final;1300.862;1850.318;1300.862;410.318;216.331
5130;1;Los Espinos + Santa Rosa;final;1261.362;1866.651;1261.362;426.651;208.774
5131;1;Los Espinos + Santa Rosa;final;1397.276;1874.818;1397.276;434.818;272.686
5132;1;Los Espinos + Santa Rosa;final;1425.411;1882.984;1425.411;442.984;303.55
5133;1;Los Espinos + Santa Rosa;final;1270.103;1883.151;1270.103;443.151;193.609
5134;1;Los Espinos + Santa Rosa;final;1441.186;1770.58;1.186;330.58;286.133
5134.1;1;Los Espinos + Santa Rosa;final;1511.814;2870.781;71.814;1430.781;35.967
5135;1;Los Espinos + Santa Rosa;final;1296.908;1782.58;1296.908;342.58;301.633
5135.1;1;Los Espinos + Santa Rosa;final;1480.194;2699.451;40.194;1259.451;86.138
5136;1;Los Espinos + Santa Rosa;final;1413.683;1794.58;1413.683;354.58;312.008
5137;1;Los Espinos + Santa Rosa;final;1223.417;1763.008;1223.417;323.008;260.367
5138;1;Los Espinos + Santa Rosa;final;1432.948;1775.008;1432.948;335.008;311.119
5138.1;1;Los Espinos + Santa Rosa;final;1486.748;2788.536;46.748;1348.536;67.833
5139;1;Los Espinos + Santa Rosa;final;1325.065;1787.008;1325.065;347.008;270.324
5140;1;Los Espinos + Santa Rosa;final;1371.908;1799.008;1371.908;359.008;310.19
5141;1;Los Espinos + Santa Rosa;final;486.837;1811.008;486.837;371.008;43.508
5142;1;Los Espinos + Santa Rosa;final;1324.804;1823.008;1324.804;383.008;273.62
5142.1;1;Los Espinos + Santa Rosa;final;1436.151;2736.561;1436.151;1296.561;68.517
5143;1;Los Espinos + Santa Rosa;final;1494.668;1883.008;54.668;443.008;289.354
5144;1;Los Espinos + Santa Rosa;final;1472.807;1893.008;32.807;453.008;296.123
5145;1;Los Espinos + Santa Rosa;final;1189.18;1903.008;1189.18;463.008;182.328
5146;1;Los Espinos + Santa Rosa;final;1421.502;1913.008;1421.502;473.008;283.533
5146.1;1;Los Espinos + Santa Rosa;final;1542.985;2810.14;102.985;1370.14;78.938
5147;1;Los Espinos + Santa Rosa;final;1177.648;1732.092;1177.648;292.092;269.712
5147.1;1;Los Espinos + Santa Rosa;final;1399.148;2525.597;1399.148;1085.597;139.564
5148;1;Los Espinos + Santa Rosa;final;1348.739;1742.092;1348.739;302.092;290.068
5148.1;1;Los Espinos + Santa Rosa;final;1456.705;2724.078;16.705;1284.078;78.366
5149;1;Los Espinos + Santa Rosa;final;1293.663;1752.092;1293.663;312.092;272.955
5150;1;Los Espinos + Santa Rosa;final;1367.379;1762.092;1367.379;322.092;304.914
5151;1;Los Espinos + Santa Rosa;final;1399.663;1782.092;1399.663;342.092;309.048
5152;1;Los Espinos + Santa Rosa;final;1401.908;1837.092;1401.908;397.092;310.28
5152.1;1;Los Espinos + Santa Rosa;final;1504.708;2794.028;64.708;1354.028;71.665
5153;1;Los Espinos + Santa Rosa;final;973.369;1432.01;973.369;1432.01;293.877
5153.1;1;Los Espinos + Santa Rosa;final;1507.236;2360.709;67.236;920.709;217.793
5154;1;Los Espinos + Santa Rosa;final;616.2;1462.01;616.2;22.01;264.635
5154.1;1;Los Espinos + Santa Rosa;final;1366.738;1995.604;1366.738;555.604;246.578
5155;1;Los Espinos + Santa Rosa;final;1173.725;1492.01;1173.725;52.01;298.672
5155.1;1;Los Espinos + Santa Rosa;final;1496.518;2571.937;56.518;1131.937;155.103
5156;1;Los Espinos + Santa Rosa;final;506.085;1782.01;506.085;342.01;60.351
5157;1;Los Espinos + Santa Rosa;final;1358.189;1802.01;1358.189;362.01;296.345
5157.1;1;Los Espinos + Santa Rosa;final;1439.133;2753.041;1439.133;1313.041;60.448
5158;1;Los Espinos + Santa Rosa;final;1395.461;1823.008;1395.461;383.008;287.426
5159;1;Los Espinos + Santa Rosa;final;1435.127;1880.175;1435.127;440.175;289.942
5160;1;Los Espinos + Santa Rosa;final;1310.626;1888.342;1310.626;448.342;239.974
5161;1;Los Espinos + Santa Rosa;final;1171.326;1904.675;1171.326;464.675;186.427
5162;1;Los Espinos + Santa Rosa;final;1430.183;1913.008;1430.183;473.008;280.735
5162.1;1;Los Espinos + Santa Rosa;final;1543.394;2837.418;103.394;1397.418;66.921
5163;1;Los Espinos + Santa Rosa;final;763.96;1398.698;763.96;1398.698;297.754
5163.1;1;Los Espinos + Santa Rosa;final;1340.627;2115.761;1340.627;675.761;225.419
5164;1;Los Espinos + Santa Rosa;final;1208.854;1428.698;1208.854;1428.698;311.859
5164.1;1;Los Espinos + Santa Rosa;final;1341.756;2594.24;1341.756;1154.24;77.349
5165;1;Los Espinos + Santa Rosa;final;1264.808;1728.698;1264.808;288.698;291.89
5165.1;1;Los Espinos + Santa Rosa;final;1505.132;2699.008;65.132;1259.008;114.968
5166;1;Los Espinos + Santa Rosa;final;1178.773;1737.265;1178.773;297.265;237.104
5167;1;Los Espinos + Santa Rosa;final;1293.942;1745.831;1293.942;305.831;291.9
5167.1;1;Los Espinos + Santa Rosa;final;1434.535;2688.055;1434.535;1248.055;93.694
5168;1;Los Espinos + Santa Rosa;final;1270.992;1762.965;1270.992;322.965;311.145
5168.1;1;Los Espinos + Santa Rosa;final;1354.675;2667.637;1354.675;1227.637;58.221
5169;1;Los Espinos + Santa Rosa;final;1250.169;1771.531;1250.169;331.531;301.201
5169.1;1;Los Espinos + Santa Rosa;final;1522.702;2678.881;82.702;1238.881;121.669
5170;1;Los Espinos + Santa Rosa;final;1331.2;1780.098;1331.2;340.098;303.885
5170.1;1;Los Espinos + Santa Rosa;final;1452.211;2690.65;12.211;1250.65;90.063
5171;1;Los Espinos + Santa Rosa;final;1338.287;1731.276;1338.287;291.276;307.778
5172;1;Los Espinos + Santa Rosa;final;1241.925;1739.843;1241.925;299.843;283.946
5172.1;1;Los Espinos + Santa Rosa;final;1306.821;2675.858;1306.821;1235.858;35.676
5173;1;Los Espinos + Santa Rosa;final;1375.992;1748.409;1375.992;308.409;314.048
5173.1;1;Los Espinos + Santa Rosa;final;1470.642;2813.008;30.642;1373.008;49.928
5174;1;Los Espinos + Santa Rosa;final;1304.85;1756.976;1304.85;316.976;292.546
5174.1;1;Los Espinos + Santa Rosa;final;1384.811;2687.417;1384.811;1247.417;57.957
5175;1;Los Espinos + Santa Rosa;final;1351.844;1774.109;1351.844;334.109;295.945
5175.1;1;Los Espinos + Santa Rosa;final;1509.128;2766.591;69.128;1326.591;81.105
5176;1;Los Espinos + Santa Rosa;final;1386.919;1760.051;1386.919;320.051;291.656
5177;1;Los Espinos + Santa Rosa;final;1347.302;1772.051;1347.302;332.051;276.376
5178;1;Los Espinos + Santa Rosa;final;529.383;1784.051;529.383;344.051;67.41
5179;1;Los Espinos + Santa Rosa;final;1265.705;1773.338;1265.705;333.338;281.621
5180;1;Los Espinos + Santa Rosa;final;1357.752;1785.338;1357.752;345.338;284.832
5181;1;Los Espinos + Santa Rosa;final;485.286;1797.338;485.286;357.338;43.484
5182;1;Los Espinos + Santa Rosa;final;1394.963;1809.338;1394.963;369.338;305.528
5183;1;Los Espinos + Santa Rosa;final;1389.147;1821.338;1389.147;381.338;304.132
5184;1;Los Espinos + Santa Rosa;final;1468.004;1829.505;28.004;389.505;236.028
5185;1;Los Espinos + Santa Rosa;final;1285.578;1862.172;1285.578;422.172;216.75
5186;1;Los Espinos + Santa Rosa;final;1477.979;1878.505;37.979;438.505;304.326
5187;1;Los Espinos + Santa Rosa;final;1357.86;1886.672;1357.86;446.672;241.363
5188;1;Los Espinos + Santa Rosa;final;1296.247;1903.005;1296.247;463.005;230.94
5189;1;Los Espinos + Santa Rosa;final;1378.361;1911.172;1378.361;471.172;259.254
5190;1;Los Espinos + Santa Rosa;final;1562.985;1911.338;122.985;471.338;304.586
5191;1;Los Espinos + Santa Rosa;final;1316.069;1759.76;1316.069;319.76;301.784
5192;1;Los Espinos + Santa Rosa;final;485.519;1771.76;485.519;331.76;52.341
5193;1;Los Espinos + Santa Rosa;final;1269.427;1748.296;1269.427;308.296;292.821
5194;1;Los Espinos + Santa Rosa;final;1413.617;1768.296;1413.617;328.296;285.792
5194.1;1;Los Espinos + Santa Rosa;final;1510.789;2813.427;70.789;1373.427;60.275
5195;1;Los Espinos + Santa Rosa;final;1399.56;1848.296;1399.56;408.296;308.865
5196;1;Los Espinos + Santa Rosa;final;1310.003;1743.698;1310.003;303.698;303.894
5196.1;1;Los Espinos + Santa Rosa;final;1472.969;2742.547;32.969;1302.547;66.727
5197;1;Los Espinos + Santa Rosa;final;1294.59;1758.698;1294.59;318.698;277.084
5198;1;Los Espinos + Santa Rosa;final;1276.678;1788.698;1276.678;348.698;194.185
5199;1;Los Espinos + Santa Rosa;final;1369.161;1806.698;1369.161;366.698;285.793
5200;1;Los Espinos + Santa Rosa;final;1430.161;1860.698;1430.161;420.698;267.239
5201;1;Los Espinos + Santa Rosa;final;1261.314;1729.007;1261.314;289.007;296.316
5201.1;1;Los Espinos + Santa Rosa;final;1453.811;2604.102;13.811;1164.102;119.728
5202;1;Los Espinos + Santa Rosa;final;1279.868;1741.007;1279.868;301.007;288.009
5202.1;1;Los Espinos + Santa Rosa;final;1402.31;2650.17;1402.31;1210.17;84.764
5203;1;Los Espinos + Santa Rosa;final;1234.958;1753.007;1234.958;313.007;275.124
5203.1;1;Los Espinos + Santa Rosa;final;1556.707;2631.937;116.707;1191.937;153.952
5204;1;Los Espinos + Santa Rosa;final;1293.497;1765.007;1293.497;325.007;267.087
5204.1;1;Los Espinos + Santa Rosa;final;1533.393;2716.532;93.393;1276.532;111.878
5205;1;Los Espinos + Santa Rosa;final;1412.31;1814.707;1412.31;374.707;285.373
5206;1;Los Espinos + Santa Rosa;final;1376.561;1827.557;1376.561;387.557;289.6
5207;1;Los Espinos + Santa Rosa;final;1237.008;1866.107;1237.008;426.107;193.25
5208;1;Los Espinos + Santa Rosa;final;1475.978;1878.957;35.978;438.957;306.509
5209;1;Los Espinos + Santa Rosa;final;1342.124;1879.007;1342.124;439.007;256.681
5210;1;Los Espinos + Santa Rosa;final;1345.244;1767.76;1345.244;327.76;285.735
5211;1;Los Espinos + Santa Rosa;final;1247.971;1734.038;1247.971;294.038;263.202
5212;1;Los Espinos + Santa Rosa;final;1389.552;1744.038;1389.552;304.038;312.009
5213;1;Los Espinos + Santa Rosa;final;1345.91;1754.038;1345.91;314.038;314.041
5213.1;1;Los Espinos + Santa Rosa;final;1397.35;2678.887;1397.35;1238.887;70.003
5214;1;Los Espinos + Santa Rosa;final;1413.714;1764.038;1413.714;324.038;299.537
5214.1;1;Los Espinos + Santa Rosa;final;1461.492;2811.327;21.492;1371.327;39.83
5215;1;Los Espinos + Santa Rosa;final;1261.219;1774.038;1261.219;334.038;253.905
5216;1;Los Espinos + Santa Rosa;final;1342.752;1784.038;1342.752;344.038;308.77
5217;1;Los Espinos + Santa Rosa;final;1225.578;1794.038;1225.578;354.038;234.852
5218;1;Los Espinos + Santa Rosa;final;1358.252;1800.038;1358.252;360.038;295.643
5218.1;1;Los Espinos + Santa Rosa;final;1441.654;2796.098;1.654;1356.098;39.183
5219;1;Los Espinos + Santa Rosa;final;1374.692;1812.038;1374.692;372.038;282.096
5220;1;Los Espinos + Santa Rosa;final;1236.586;1830.038;1236.586;390.038;211.759
5221;1;Los Espinos + Santa Rosa;final;1384.565;1836.038;1384.565;396.038;302.217
5222;1;Los Espinos + Santa Rosa;final;1393.682;1848.038;1393.682;408.038;293.476
5222.1;1;Los Espinos + Santa Rosa;final;1458.03;2770.827;18.03;1330.827;59.889
5223;1;Los Espinos + Santa Rosa;final;498.837;1854.038;498.837;414.038;33.214
5224;1;Los Espinos + Santa Rosa;final;1298.966;1860.038;1298.966;420.038;253.89
5225;1;Los Espinos + Santa Rosa;final;1213.362;1866.038;1213.362;426.038;209.361
5226;1;Los Espinos + Santa Rosa;final;1402.298;1878.038;1402.298;438.038;268.236
5227;1;Los Espinos + Santa Rosa;final;1431.934;1884.038;1431.934;444.038;283.499
5227.1;1;Los Espinos + Santa Rosa;final;1542.399;2812.953;102.399;1372.953;77.404
5228;1;Los Espinos + Santa Rosa;final;1368.104;1770.58;1368.104;330.58;295.714
5228.1;1;Los Espinos + Santa Rosa;final;1505.211;2783.296;65.211;1343.296;67.597
5229;1;Los Espinos + Santa Rosa;final;1328.911;1782.58;1328.911;342.58;283.273
5230;1;Los Espinos + Santa Rosa;final;483.908;1794.58;483.908;354.58;41.621
5231;1;Los Espinos + Santa Rosa;final;1297.152;1833.58;1297.152;393.58;231.999
5232;1;Los Espinos + Santa Rosa;final;1380.029;1856.08;1380.029;416.08;281.366
5233;1;Los Espinos + Santa Rosa;final;1187.142;1878.58;1187.142;438.58;196.398
5234;1;Los Espinos + Santa Rosa;final;1225.084;1459.201;1225.084;19.201;297.929
5234.1;1;Los Espinos + Santa Rosa;final;1285.069;2586.474;1285.069;1146.474;64.39
5235;1;Los Espinos + Santa Rosa;final;1385.194;1729.201;1385.194;289.201;314.438
5236;1;Los Espinos + Santa Rosa;final;1300.002;1744.201;1300.002;304.201;292.242
5237;1;Los Espinos + Santa Rosa;final;1238.544;1759.201;1238.544;319.201;246.777
5238;1;Los Espinos + Santa Rosa;final;1172.125;1774.201;1172.125;334.201;246.285
5239;1;Los Espinos + Santa Rosa;final;1237.088;1789.201;1237.088;349.201;286.642
5239.1;1;Los Espinos + Santa Rosa;final;1455.319;2615.915;15.319;1175.915;118.137
5240;1;Los Espinos + Santa Rosa;final;1302.775;1799.201;1302.775;359.201;279.494
5240.1;1;Los Espinos + Santa Rosa;final;1515.548;2740.108;75.548;1300.108;96.961
5241;1;Los Espinos + Santa Rosa;final;1425.642;1809.201;1425.642;369.201;300.289
5241.1;1;Los Espinos + Santa Rosa;final;1484.187;2858.008;44.187;1418.008;35.676
5242;1;Los Espinos + Santa Rosa;final;485.064;1819.201;485.064;379.201;41.148
5243;1;Los Espinos + Santa Rosa;final;1397.443;1829.201;1397.443;389.201;293.145
5243.1;1;Los Espinos + Santa Rosa;final;1461.41;2804.857;21.41;1364.857;43.723
5244;1;Los Espinos + Santa Rosa;final;1345.992;1839.201;1345.992;399.201;295.276
5245;1;Los Espinos + Santa Rosa;final;1344.778;1849.201;1344.778;409.201;285.826
5246;1;Los Espinos + Santa Rosa;final;1329.423;1859.201;1329.423;419.201;260.567
5247;1;Los Espinos + Santa Rosa;final;1262.157;1869.201;1262.157;429.201;119.571
5248;1;Los Espinos + Santa Rosa;final;1354.56;1879.201;1354.56;439.201;273.027
5249;1;Los Espinos + Santa Rosa;final;1292.192;1773.277;1292.192;333.277;265.56
5250;1;Los Espinos + Santa Rosa;final;1417.528;1785.277;1417.528;345.277;314.775
5250.1;1;Los Espinos + Santa Rosa;final;1502.398;2772.081;62.398;1332.081;84.874
5251;1;Los Espinos + Santa Rosa;final;1259.275;1797.277;1259.275;357.277;276.038
5251.1;1;Los Espinos + Santa Rosa;final;1377.397;2693.008;1377.397;1253.008;53.419
5252;1;Los Espinos + Santa Rosa;final;1346.206;1866.277;1346.206;426.277;278.619
5253;1;Los Espinos + Santa Rosa;final;1362.993;1875.277;1362.993;435.277;242.475
5254;1;Los Espinos + Santa Rosa;final;1324.756;1456.252;1324.756;16.252;291.851
5254.1;1;Los Espinos + Santa Rosa;final;1406.006;2718.427;1406.006;1278.427;57.977
5255;1;Los Espinos + Santa Rosa;final;1313.448;1726.252;1313.448;286.252;305.793
5255.1;1;Los Espinos + Santa Rosa;final;1423.874;2713.245;1423.874;1273.245;67.306
5256;1;Los Espinos + Santa Rosa;final;1431.643;1734.819;1431.643;294.819;297.665
5256.1;1;Los Espinos + Santa Rosa;final;1493.66;2804.868;53.66;1364.868;60.738
5257;1;Los Espinos + Santa Rosa;final;1216.247;1743.385;1216.247;303.385;249.347
5258;1;Los Espinos + Santa Rosa;final;1385.93;1751.952;1385.93;311.952;312.942
5258.1;1;Los Espinos + Santa Rosa;final;1540.277;2739.976;100.277;1299.976;117.227
5259;1;Los Espinos + Santa Rosa;final;1306.176;1777.652;1306.176;337.652;277.372
5260;1;Los Espinos + Santa Rosa;final;1341.588;1791.535;1341.588;351.535;273.064
5260.1;1;Los Espinos + Santa Rosa;final;1443.021;2725.915;3.021;1285.915;74.056
5261;1;Los Espinos + Santa Rosa;final;1474.668;1812.669;34.668;372.669;313.179
5262;1;Los Espinos + Santa Rosa;final;1052.682;1488.415;1052.682;48.415;291.739
5262.1;1;Los Espinos + Santa Rosa;final;1393.621;2443.407;1393.621;1003.407;146.254
5263;1;Los Espinos + Santa Rosa;final;1375.461;1770.415;1375.461;330.415;289.945
5264;1;Los Espinos + Santa Rosa;final;1286.686;1782.415;1286.686;342.415;260.491
5264.1;1;Los Espinos + Santa Rosa;final;1419.419;2714.881;1419.419;1274.881;70.91
5265;1;Los Espinos + Santa Rosa;final;1276.858;1794.415;1276.858;354.415;255.759
5266;1;Los Espinos + Santa Rosa;final;1458.844;1834.265;18.844;394.265;301.579
5266.1;1;Los Espinos + Santa Rosa;final;1512.346;2812.081;72.346;1372.081;68.5
5267;1;Los Espinos + Santa Rosa;final;1234.331;1855.398;1234.331;415.398;228.563
5268;1;Los Espinos + Santa Rosa;final;1387.127;1865.965;1387.127;425.965;270.809
5269;1;Los Espinos + Santa Rosa;final;1046.923;1470.14;1046.923;30.14;310.77
5269.1;1;Los Espinos + Santa Rosa;final;1517.596;2449.404;77.596;1009.404;199.28
5270;1;Los Espinos + Santa Rosa;final;1374.558;1740.14;1374.558;300.14;274.478
5271;1;Los Espinos + Santa Rosa;final;1309.141;1748.707;1309.141;308.707;273.071
5272;1;Los Espinos + Santa Rosa;final;1276.411;1757.273;1276.411;317.273;264.885
5273;1;Los Espinos + Santa Rosa;final;1386.445;1765.84;1386.445;325.84;286.161
5273.1;1;Los Espinos + Santa Rosa;final;1539.478;2815.082;99.478;1375.082;69.306
5274;1;Los Espinos + Santa Rosa;final;1418.817;1774.407;1418.817;334.407;302.457
5274.1;1;Los Espinos + Santa Rosa;final;1464.302;2855.808;24.302;1415.808;22.125
5275;1;Los Espinos + Santa Rosa;final;1261.819;1782.973;1261.819;342.973;260.561
5276;1;Los Espinos + Santa Rosa;final;1175.776;1791.54;1175.776;351.54;222.508
5277;1;Los Espinos + Santa Rosa;final;1318.903;1800.107;1318.903;360.107;305.421
5277.1;1;Los Espinos + Santa Rosa;final;1509.402;2724.168;69.402;1284.168;98.984
5278;1;Los Espinos + Santa Rosa;final;1317.993;1800.14;1317.993;360.14;244.769
5279;1;Los Espinos + Santa Rosa;final;1454.668;1807.057;14.668;367.057;301.214
5279.1;1;Los Espinos + Santa Rosa;final;1581.663;2824.157;141.663;1384.157;95.583
5280;1;Los Espinos + Santa Rosa;final;1467.335;1813.973;27.335;373.973;299.398
5281;1;Los Espinos + Santa Rosa;final;1285.008;1820.89;1285.008;380.89;238.763
5282;1;Los Espinos + Santa Rosa;final;1359.057;1827.807;1359.057;387.807;285.875
5283;1;Los Espinos + Santa Rosa;final;1415.494;1834.723;1415.494;394.723;303.752
5283.1;1;Los Espinos + Santa Rosa;final;1496.861;2772.081;56.861;1332.081;73.056
5284;1;Los Espinos + Santa Rosa;final;1477.908;1841.64;37.908;401.64;284.3
5285;1;Los Espinos + Santa Rosa;final;1271.935;1848.557;1271.935;408.557;228.303
5286;1;Los Espinos + Santa Rosa;final;1323.275;1855.473;1323.275;415.473;254.931
5287;1;Los Espinos + Santa Rosa;final;1443.924;1862.39;3.924;422.39;309.627
5288;1;Los Espinos + Santa Rosa;final;1429.709;1869.307;1429.709;429.307;295.945
5289;1;Los Espinos + Santa Rosa;final;1213.152;1876.223;1213.152;436.223;211.906
5290;1;Los Espinos + Santa Rosa;final;1418.06;1883.14;1418.06;443.14;280.472
5291;1;Los Espinos + Santa Rosa;final;1213.819;1890.14;1213.819;450.14;204.597
5292;1;Los Espinos + Santa Rosa;final;1346.2;1740.14;1346.2;300.14;306.179
5293;1;Los Espinos + Santa Rosa;final;1260.169;1750.14;1260.169;310.14;312.718
5294;1;Los Espinos + Santa Rosa;final;1381.963;1760.14;1381.963;320.14;256.748
5295;1;Los Espinos + Santa Rosa;final;1254.087;1770.14;1254.087;330.14;230.397
5296;1;Los Espinos + Santa Rosa;final;1320.353;1780.14;1320.353;340.14;274.0
5296.1;1;Los Espinos + Santa Rosa;final;1440.746;2750.881;0.746;1310.881;56.287
5297;1;Los Espinos + Santa Rosa;final;1427.39;1790.14;1427.39;350.14;299.076
5298;1;Los Espinos + Santa Rosa;final;1371.934;1800.14;1371.934;360.14;287.238
5299;1;Los Espinos + Santa Rosa;final;1406.706;1810.14;1406.706;370.14;288.467
5299.1;1;Los Espinos + Santa Rosa;final;1483.79;2744.572;43.79;1304.572;82.513
5300;1;Los Espinos + Santa Rosa;final;510.885;1820.14;510.885;380.14;43.356
5301;1;Los Espinos + Santa Rosa;final;1354.141;1830.14;1354.141;390.14;275.325
5302;1;Los Espinos + Santa Rosa;final;1423.122;1840.14;1423.122;400.14;282.47
5302.1;1;Los Espinos + Santa Rosa;final;1480.896;2803.315;40.896;1363.315;63.209
5303;1;Los Espinos + Santa Rosa;final;1411.654;1850.14;1411.654;410.14;292.648
5304;1;Los Espinos + Santa Rosa;final;1477.973;1860.14;37.973;420.14;297.162
5305;1;Los Espinos + Santa Rosa;final;1324.394;1870.14;1324.394;430.14;229.481
5306;1;Los Espinos + Santa Rosa;final;1360.225;1880.14;1360.225;440.14;182.796
5307;1;Los Espinos + Santa Rosa;final;1379.507;1890.14;1379.507;450.14;246.635
5308;1;Los Espinos + Santa Rosa;final;1311.83;1762.76;1311.83;322.76;290.94
5308.1;1;Los Espinos + Santa Rosa;final;1536.132;2721.72;96.132;1281.72;132.87
5309;1;Los Espinos + Santa Rosa;final;1331.641;1733.151;1331.641;293.151;295.964
5310;1;Los Espinos + Santa Rosa;final;529.285;1745.151;529.285;305.151;67.323
5311;1;Los Espinos + Santa Rosa;final;1157.969;1757.151;1157.969;317.151;308.813
5311.1;1;Los Espinos + Santa Rosa;final;1308.322;2518.409;1308.322;1078.409;91.795
5312;1;Los Espinos + Santa Rosa;final;1323.497;1769.151;1323.497;329.151;300.926
5312.1;1;Los Espinos + Santa Rosa;final;1501.427;2737.999;61.427;1297.999;91.765
5313;1;Los Espinos + Santa Rosa;final;574.144;1781.151;574.144;341.151;86.825
5314;1;Los Espinos + Santa Rosa;final;1459.393;1795.367;19.393;355.367;311.482
5315;1;Los Espinos + Santa Rosa;final;1327.621;1805.367;1327.621;365.367;268.956
5315.1;1;Los Espinos + Santa Rosa;final;1436.577;2718.479;1436.577;1278.479;71.024
5316;1;Los Espinos + Santa Rosa;final;1291.813;1815.367;1291.813;375.367;262.334
5317;1;Los Espinos + Santa Rosa;final;1363.374;1825.367;1363.374;385.367;282.363
5317.1;1;Los Espinos + Santa Rosa;final;1492.082;2735.709;52.082;1295.709;94.253
5318;1;Los Espinos + Santa Rosa;final;1442.31;1835.367;2.31;395.367;311.866
5318.1;1;Los Espinos + Santa Rosa;final;1521.935;2786.405;81.935;1346.405;85.905
5319;1;Los Espinos + Santa Rosa;final;1376.133;1845.367;1376.133;405.367;295.637
5320;1;Los Espinos + Santa Rosa;final;1315.338;1855.367;1315.338;415.367;267.733
5321;1;Los Espinos + Santa Rosa;final;1505.285;1865.367;65.285;425.367;292.951
5322;1;Los Espinos + Santa Rosa;final;1359.4;1875.367;1359.4;435.367;274.978
5322.1;1;Los Espinos + Santa Rosa;final;1478.333;2795.132;38.333;1355.132;57.911
5323;1;Los Espinos + Santa Rosa;final;1273.819;1883.151;1273.819;443.151;228.805
5324;1;Los Espinos + Santa Rosa;final;1372.298;1767.76;1372.298;327.76;284.391
5325;1;Los Espinos + Santa Rosa;final;1255.578;1740.14;1255.578;300.14;275.422
5326;1;Los Espinos + Santa Rosa;final;1360.163;1747.64;1360.163;307.64;311.755
5326.1;1;Los Espinos + Santa Rosa;final;1480.003;2764.62;40.003;1324.62;80.054
5327;1;Los Espinos + Santa Rosa;final;1355.019;1755.14;1355.019;315.14;303.469
5327.1;1;Los Espinos + Santa Rosa;final;1462.688;2783.581;22.688;1343.581;54.025
5328;1;Los Espinos + Santa Rosa;final;1373.013;1762.64;1373.013;322.64;311.755
5328.1;1;Los Espinos + Santa Rosa;final;1497.136;2779.62;57.136;1339.62;80.054
5329;1;Los Espinos + Santa Rosa;final;1213.979;1770.14;1213.979;330.14;240.584
5330;1;Los Espinos + Santa Rosa;final;497.304;1777.64;497.304;337.64;54.586
5331;1;Los Espinos + Santa Rosa;final;1306.622;1785.14;1306.622;345.14;283.138
5331.1;1;Los Espinos + Santa Rosa;final;1449.761;2685.395;9.761;1245.395;87.69
5332;1;Los Espinos + Santa Rosa;final;1398.317;1792.64;1398.317;352.64;310.317
5333;1;Los Espinos + Santa Rosa;final;1227.969;1800.14;1227.969;360.14;307.189
5333.1;1;Los Espinos + Santa Rosa;final;1465.415;2592.243;25.415;1152.243;136.246
5334;1;Los Espinos + Santa Rosa;final;507.497;1807.64;507.497;367.64;51.016
5335;1;Los Espinos + Santa Rosa;final;1411.942;1815.14;1411.942;375.14;293.033
5335.1;1;Los Espinos + Santa Rosa;final;1493.655;2796.294;53.655;1356.294;60.275
5336;1;Los Espinos + Santa Rosa;final;1303.146;1822.64;1303.146;382.64;260.183
5337;1;Los Espinos + Santa Rosa;final;1232.975;1830.14;1232.975;390.14;101.88
5338;1;Los Espinos + Santa Rosa;final;1251.645;1837.64;1251.645;397.64;198.645
5339;1;Los Espinos + Santa Rosa;final;1363.256;1845.14;1363.256;405.14;271.808
5340;1;Los Espinos + Santa Rosa;final;1272.252;1852.64;1272.252;412.64;230.298
5341;1;Los Espinos + Santa Rosa;final;1455.657;1860.14;15.657;420.14;212.468
5342;1;Los Espinos + Santa Rosa;final;1361.842;1867.64;1361.842;427.64;273.024
5343;1;Los Espinos + Santa Rosa;final;1428.896;1875.14;1428.896;435.14;288.715
5344;1;Los Espinos + Santa Rosa;final;1201.388;1882.64;1201.388;442.64;210.569
5345;1;Los Espinos + Santa Rosa;final;1323.158;1890.14;1323.158;450.14;218.778
5346;1;Los Espinos + Santa Rosa;final;1365.858;1762.76;1365.858;322.76;298.007
5347;1;Los Espinos + Santa Rosa;final;1364.694;1740.14;1364.694;300.14;298.258
5348;1;Los Espinos + Santa Rosa;final;1406.748;1750.14;1406.748;310.14;302.588
5349;1;Los Espinos + Santa Rosa;final;1364.394;1760.14;1364.394;320.14;280.505
5349.1;1;Los Espinos + Santa Rosa;final;1544.511;2706.405;104.511;1266.405;129.335
5350;1;Los Espinos + Santa Rosa;final;1320.665;1770.14;1320.665;330.14;286.972
5351;1;Los Espinos + Santa Rosa;final;1357.54;1780.14;1357.54;340.14;289.571
5352;1;Los Espinos + Santa Rosa;final;1315.085;1790.14;1315.085;350.14;265.813
5353;1;Los Espinos + Santa Rosa;final;1285.819;1800.14;1285.819;360.14;257.63
5354;1;Los Espinos + Santa Rosa;final;1161.03;1810.14;1161.03;370.14;214.824
5355;1;Los Espinos + Santa Rosa;final;1409.375;1820.14;1409.375;380.14;262.248
5356;1;Los Espinos + Santa Rosa;final;1384.377;1830.14;1384.377;390.14;282.821
5356.1;1;Los Espinos + Santa Rosa;final;1527.926;2820.544;87.926;1380.544;66.877
5357;1;Los Espinos + Santa Rosa;final;1346.852;1840.14;1346.852;400.14;247.953
5358;1;Los Espinos + Santa Rosa;final;1448.166;1850.14;8.166;410.14;303.421
5358.1;1;Los Espinos + Santa Rosa;final;1542.041;2826.188;102.041;1386.188;76.497
5359;1;Los Espinos + Santa Rosa;final;1181.935;1860.14;1181.935;420.14;181.011
5360;1;Los Espinos + Santa Rosa;final;1285.412;1870.14;1285.412;430.14;197.588
5361;1;Los Espinos + Santa Rosa;final;1481.436;1880.14;41.436;440.14;313.479
5362;1;Los Espinos + Santa Rosa;final;1397.232;1770.58;1397.232;330.58;308.531
5362.1;1;Los Espinos + Santa Rosa;final;1452.261;2764.8;12.261;1324.8;58.722
5363;1;Los Espinos + Santa Rosa;final;1357.586;1782.58;1357.586;342.58;308.258
5364;1;Los Espinos + Santa Rosa;final;1397.453;1794.58;1397.453;354.58;314.212
5364.1;1;Los Espinos + Santa Rosa;final;1482.038;2834.881;42.038;1394.881;38.264
5365;1;Los Espinos + Santa Rosa;final;505.252;1854.58;505.252;414.58;32.884
5366;1;Los Espinos + Santa Rosa;final;1398.869;1872.58;1398.869;432.58;272.053
5366.1;1;Los Espinos + Santa Rosa;final;1503.809;2780.709;63.809;1340.709;78.812
5367;1;Los Espinos + Santa Rosa;final;1170.918;1748.296;1170.918;308.296;231.584
5368;1;Los Espinos + Santa Rosa;final;1249.527;1768.296;1249.527;328.296;293.295
5368.1;1;Los Espinos + Santa Rosa;final;1369.719;2594.311;1369.719;1154.311;93.523
5369;1;Los Espinos + Santa Rosa;final;1335.029;1830.796;1335.029;390.796;306.6
5369.1;1;Los Espinos + Santa Rosa;final;1512.175;2738.051;72.175;1298.051;81.832
5370;1;Los Espinos + Santa Rosa;final;1373.699;1842.046;1373.699;402.046;281.663
5371;1;Los Espinos + Santa Rosa;final;1498.288;1853.296;58.288;413.296;309.289
5372;1;Los Espinos + Santa Rosa;final;1427.081;1898.296;1427.081;458.296;269.234
5373;1;Los Espinos + Santa Rosa;final;1379.612;1741.728;1379.612;301.728;278.528
5374;1;Los Espinos + Santa Rosa;final;1338.591;1753.728;1338.591;313.728;297.704
5375;1;Los Espinos + Santa Rosa;final;1491.512;1765.728;51.512;325.728;314.558
5376;1;Los Espinos + Santa Rosa;final;1365.642;1777.728;1365.642;337.728;305.724
5376.1;1;Los Espinos + Santa Rosa;final;1481.993;2804.408;41.993;1364.408;56.977
5377;1;Los Espinos + Santa Rosa;final;1247.555;1789.728;1247.555;349.728;267.885
5378;1;Los Espinos + Santa Rosa;final;1298.176;1798.728;1298.176;358.728;252.211
5379;1;Los Espinos + Santa Rosa;final;1390.452;1816.728;1390.452;376.728;284.61
5380;1;Los Espinos + Santa Rosa;final;1463.969;1825.728;23.969;385.728;281.058
5381;1;Los Espinos + Santa Rosa;final;498.87;1843.728;498.87;403.728;37.296
5382;1;Los Espinos + Santa Rosa;final;1212.878;1772.881;1212.878;332.881;252.057
5383;1;Los Espinos + Santa Rosa;final;1349.553;1784.881;1349.553;344.881;305.472
5383.1;1;Los Espinos + Santa Rosa;final;1533.021;2777.547;93.021;1337.547;85.494
5384;1;Los Espinos + Santa Rosa;final;1246.651;1796.881;1246.651;356.881;255.726
5385;1;Los Espinos + Santa Rosa;final;1364.096;1808.881;1364.096;368.881;277.691
5386;1;Los Espinos + Santa Rosa;final;1257.769;1820.881;1257.769;380.881;238.94
5387;1;Los Espinos + Santa Rosa;final;1448.04;1910.881;8.04;470.881;248.036
5388;1;Los Espinos + Santa Rosa;final;1409.552;1762.76;1409.552;322.76;306.629
5389;1;Los Espinos + Santa Rosa;final;1159.563;1729.201;1159.563;289.201;261.567
5389.1;1;Los Espinos + Santa Rosa;final;1337.242;2537.63;1337.242;1097.63;94.887
5390;1;Los Espinos + Santa Rosa;final;1210.094;1741.201;1210.094;301.201;271.467
5390.1;1;Los Espinos + Santa Rosa;final;1297.678;2566.642;1297.678;1126.642;87.115
5391;1;Los Espinos + Santa Rosa;final;1284.819;1765.201;1284.819;325.201;277.655
5391.1;1;Los Espinos + Santa Rosa;final;1480.89;2716.382;40.89;1276.382;88.305
5392;1;Los Espinos + Santa Rosa;final;1246.686;1789.201;1246.686;349.201;254.542
5393;1;Los Espinos + Santa Rosa;final;1384.141;1811.701;1384.141;371.701;295.928
5394;1;Los Espinos + Santa Rosa;final;1294.723;1822.951;1294.723;382.951;272.813
5395;1;Los Espinos + Santa Rosa;final;1445.92;1834.201;5.92;394.201;290.334
5396;1;Los Espinos + Santa Rosa;final;1303.465;1845.451;1303.465;405.451;262.244
5397;1;Los Espinos + Santa Rosa;final;1480.187;1879.201;40.187;439.201;297.514
5398;1;Los Espinos + Santa Rosa;final;1292.557;1748.039;1292.557;308.039;306.516
5398.1;1;Los Espinos + Santa Rosa;final;1481.664;2666.789;41.664;1226.789;107.641
5399;1;Los Espinos + Santa Rosa;final;1272.507;1763.039;1272.507;323.039;263.513
5400;1;Los Espinos + Santa Rosa;final;1308.933;1778.039;1308.933;338.039;297.078
5400.1;1;Los Espinos + Santa Rosa;final;1502.985;2638.431;62.985;1198.431;137.206
5401;1;Los Espinos + Santa Rosa;final;974.896;1438.431;974.896;1438.431;290.304
5401.1;1;Los Espinos + Santa Rosa;final;1490.868;2427.954;50.868;987.954;222.919
5402;1;Los Espinos + Santa Rosa;final;1440.229;1600.431;0.229;160.431;312.295
5403;1;Los Espinos + Santa Rosa;final;1387.067;1708.431;1387.067;268.431;313.638
5403.1;1;Los Espinos + Santa Rosa;final;1532.684;2739.145;92.684;1299.145;114.975
5404;1;Los Espinos + Santa Rosa;final;1226.674;1728.431;1226.674;288.431;312.439
5404.1;1;Los Espinos + Santa Rosa;final;1505.824;2603.2;65.824;1163.2;144.829
5405;1;Los Espinos + Santa Rosa;final;1254.217;1748.431;1254.217;308.431;296.457
5405.1;1;Los Espinos + Santa Rosa;final;1517.163;2584.431;77.163;1144.431;156.969
5406;1;Los Espinos + Santa Rosa;final;1300.691;1813.431;1300.691;373.431;275.21
5407;1;Los Espinos + Santa Rosa;final;1215.646;1824.681;1215.646;384.681;243.062
5408;1;Los Espinos + Santa Rosa;final;1419.298;1835.931;1419.298;395.931;303.882
5408.1;1;Los Espinos + Santa Rosa;final;1499.817;2778.709;59.817;1338.709;73.82
5409;1;Los Espinos + Santa Rosa;final;1234.914;1847.181;1234.914;407.181;244.486
5410;1;Los Espinos + Santa Rosa;final;944.772;1438.431;944.772;1438.431;277.068
5410.1;1;Los Espinos + Santa Rosa;final;1365.163;2353.995;1365.163;913.995;153.485
5411;1;Los Espinos + Santa Rosa;final;541.673;1573.431;541.673;133.431;166.181
5412;1;Los Espinos + Santa Rosa;final;1363.283;1708.431;1363.283;268.431;239.483
5413;1;Los Espinos + Santa Rosa;final;1224.119;1718.431;1224.119;278.431;290.037
5413.1;1;Los Espinos + Santa Rosa;final;1319.088;2655.881;1319.088;1215.881;38.264
5414;1;Los Espinos + Santa Rosa;final;1247.894;1728.431;1247.894;288.431;302.327
5414.1;1;Los Espinos + Santa Rosa;final;1488.809;2603.976;48.809;1163.976;156.309
5415;1;Los Espinos + Santa Rosa;final;1288.666;1738.431;1288.666;298.431;308.784
5415.1;1;Los Espinos + Santa Rosa;final;1470.989;2641.007;30.989;1201.007;112.29
5416;1;Los Espinos + Santa Rosa;final;1340.124;1748.431;1340.124;308.431;307.859
5416.1;1;Los Espinos + Santa Rosa;final;1403.984;2724.469;1403.984;1284.469;52.201
5417;1;Los Espinos + Santa Rosa;final;1232.289;1758.431;1232.289;318.431;290.212
5417.1;1;Los Espinos + Santa Rosa;final;1524.139;2609.794;84.139;1169.794;143.099
5418;1;Los Espinos + Santa Rosa;final;1286.155;1783.431;1286.155;343.431;271.622
5418.1;1;Los Espinos + Santa Rosa;final;1407.782;2660.495;1407.782;1220.495;75.493
5419;1;Los Espinos + Santa Rosa;final;1365.029;1805.931;1365.029;365.931;298.844
5420;1;Los Espinos + Santa Rosa;final;1375.653;1813.431;1375.653;373.431;314.424
5420.1;1;Los Espinos + Santa Rosa;final;1507.006;2753.325;67.006;1313.325;86.812
5421;1;Los Espinos + Santa Rosa;final;1298.696;1820.931;1298.696;380.931;283.607
5421.1;1;Los Espinos + Santa Rosa;final;1514.286;2646.077;74.286;1206.077;137.383
5422;1;Los Espinos + Santa Rosa;final;1217.346;1720.397;1217.346;280.397;295.603
5422.1;1;Los Espinos + Santa Rosa;final;1491.629;2567.044;51.629;1127.044;153.174
5423;1;Los Espinos + Santa Rosa;final;1317.882;1732.397;1317.882;292.397;310.14
5423.1;1;Los Espinos + Santa Rosa;final;1513.717;2672.042;73.717;1232.042;123.238
5424;1;Los Espinos + Santa Rosa;final;1246.816;1744.397;1246.816;304.397;293.109
5424.1;1;Los Espinos + Santa Rosa;final;1503.85;2621.763;63.85;1181.763;131.491
5425;1;Los Espinos + Santa Rosa;final;1252.927;1756.397;1252.927;316.397;276.441
5426;1;Los Espinos + Santa Rosa;final;1320.595;1768.397;1320.595;328.397;301.102
5426.1;1;Los Espinos + Santa Rosa;final;1471.019;2748.415;31.019;1308.415;65.914
5427;1;Los Espinos + Santa Rosa;final;1288.104;1780.397;1288.104;340.397;297.658
5427.1;1;Los Espinos + Santa Rosa;final;1345.002;2693.296;1345.002;1253.296;36.289
5428;1;Los Espinos + Santa Rosa;final;1271.402;1791.647;1271.402;351.647;250.413
5429;1;Los Espinos + Santa Rosa;final;1262.571;1802.897;1262.571;362.897;262.274
5430;1;Los Espinos + Santa Rosa;final;1437.339;1814.147;1437.339;374.147;305.274
5431;1;Los Espinos + Santa Rosa;final;1307.322;1825.397;1307.322;385.397;303.227
5432;1;Los Espinos + Santa Rosa;final;1271.336;1836.647;1271.336;396.647;267.31
5432.1;1;Los Espinos + Santa Rosa;final;1466.967;2700.881;26.967;1260.881;88.472
5433;1;Los Espinos + Santa Rosa;final;1421.263;1859.147;1421.263;419.147;286.196
5433.1;1;Los Espinos + Santa Rosa;final;1511.698;2770.397;71.698;1330.397;91.53
5434;1;Los Espinos + Santa Rosa;final;1411.965;1870.397;1411.965;430.397;310.795
5435;1;Los Espinos + Santa Rosa;intermedia;740.803;770.0;740.803;770.0;289.089
5435;2;Los Espinos + Santa Rosa;final;1157.919;1450.397;1157.919;10.397;103.556
5435.1;1;Los Espinos + Santa Rosa;final;1283.486;2586.881;1283.486;1146.881;48.711
5436;1;Los Espinos + Santa Rosa;final;1267.648;1720.363;1267.648;280.363;302.414
5436.1;1;Los Espinos + Santa Rosa;final;1530.04;2620.397;90.04;1180.397;155.299
5437;1;Los Espinos + Santa Rosa;final;1258.392;1720.397;1258.392;280.397;285.658
5437.1;1;Los Espinos + Santa Rosa;final;1381.089;2634.078;1381.089;1194.078;78.366
5438;1;Los Espinos + Santa Rosa;final;1295.336;1732.397;1295.336;292.397;292.787
5438.1;1;Los Espinos + Santa Rosa;final;1435.95;2725.131;1435.95;1285.131;56.817
5439;1;Los Espinos + Santa Rosa;final;1230.691;1744.397;1230.691;304.397;300.875
5439.1;1;Los Espinos + Santa Rosa;final;1332.933;2609.039;1332.933;1169.039;66.243
5440;1;Los Espinos + Santa Rosa;final;1215.171;1756.397;1215.171;316.397;246.667
5441;1;Los Espinos + Santa Rosa;final;1363.146;1768.397;1363.146;328.397;302.756
5441.1;1;Los Espinos + Santa Rosa;final;1510.715;2710.397;70.715;1270.397;113.304
5442;1;Los Espinos + Santa Rosa;final;1380.104;1780.397;1380.104;340.397;295.265
5442.1;1;Los Espinos + Santa Rosa;final;1527.922;2798.296;87.922;1358.296;73.336
5443;1;Los Espinos + Santa Rosa;final;1304.146;1791.647;1304.146;351.647;297.605
5444;1;Los Espinos + Santa Rosa;final;1294.219;1825.397;1294.219;385.397;272.068
5445;1;Los Espinos + Santa Rosa;final;1379.258;1836.647;1379.258;396.647;310.286
5445.1;1;Los Espinos + Santa Rosa;final;1509.253;2777.737;69.253;1337.737;80.308
5446;1;Los Espinos + Santa Rosa;final;1364.674;1847.897;1364.674;407.897;304.139
5447;1;Los Espinos + Santa Rosa;final;1366.448;1859.147;1366.448;419.147;306.867
5448;1;Los Espinos + Santa Rosa;final;1394.353;1870.397;1394.353;430.397;300.731
5448.1;1;Los Espinos + Santa Rosa;final;1476.171;2830.881;36.171;1390.881;40.333
5449;1;Los Espinos + Santa Rosa;final;1491.741;2533.097;51.741;1093.097;158.67
5450;1;Los Espinos + Santa Rosa;final;1272.771;1771.248;1272.771;331.248;282.285
5451;1;Los Espinos + Santa Rosa;final;1335.069;1783.248;1335.069;343.248;304.507
5451.1;1;Los Espinos + Santa Rosa;final;1477.139;2731.887;37.139;1291.887;74.991
5452;1;Los Espinos + Santa Rosa;final;1164.119;1450.397;1164.119;10.397;304.377
5452.1;1;Los Espinos + Santa Rosa;final;1352.176;2593.381;1352.176;1153.381;71.816
5453;1;Los Espinos + Santa Rosa;final;1277.961;1720.397;1277.961;280.397;310.66
5454;1;Los Espinos + Santa Rosa;final;1272.546;1732.397;1272.546;292.397;303.438
5454.1;1;Los Espinos + Santa Rosa;final;1518.809;2631.226;78.809;1191.226;168.648
5455;1;Los Espinos + Santa Rosa;final;1340.77;1744.397;1340.77;304.397;299.892
5455.1;1;Los Espinos + Santa Rosa;final;1481.186;2765.713;41.186;1325.713;58.629
5456;1;Los Espinos + Santa Rosa;final;1266.651;1756.397;1266.651;316.397;308.125
5456.1;1;Los Espinos + Santa Rosa;final;1570.682;2651.12;130.682;1211.12;156.557
5457;1;Los Espinos + Santa Rosa;final;1374.179;1768.397;1374.179;328.397;277.581
5458;1;Los Espinos + Santa Rosa;final;1240.93;1780.397;1240.93;340.397;238.81
5459;1;Los Espinos + Santa Rosa;final;1173.03;1791.647;1173.03;351.647;226.864
5460;1;Los Espinos + Santa Rosa;final;1251.536;1802.897;1251.536;362.897;248.129
5461;1;Los Espinos + Santa Rosa;final;1373.729;1814.147;1373.729;374.147;301.293
5462;1;Los Espinos + Santa Rosa;final;1329.017;1825.397;1329.017;385.397;274.552
5463;1;Los Espinos + Santa Rosa;final;1455.108;1836.647;15.108;396.647;306.408
5464;1;Los Espinos + Santa Rosa;final;1399.553;1847.897;1399.553;407.897;294.287
5464.1;1;Los Espinos + Santa Rosa;final;1479.114;2838.081;39.114;1398.081;35.967
5465;1;Los Espinos + Santa Rosa;final;1369.56;1859.147;1369.56;419.147;313.405
5466;1;Los Espinos + Santa Rosa;final;1385.97;1870.397;1385.97;430.397;313.742
5466.1;1;Los Espinos + Santa Rosa;final;1460.424;2798.296;20.424;1358.296;43.134
5467;1;Los Espinos + Santa Rosa;final;776.181;1431.098;776.181;1431.098;295.453
5467.1;1;Los Espinos + Santa Rosa;final;1450.04;2149.397;10.04;709.397;236.483
5468;1;Los Espinos + Santa Rosa;final;1143.725;1461.098;1143.725;21.098;287.215
5468.1;1;Los Espinos + Santa Rosa;final;1219.558;2539.07;1219.558;1099.07;52.197
5469;1;Los Espinos + Santa Rosa;final;1290.231;1770.881;1290.231;330.881;300.795
5470;1;Los Espinos + Santa Rosa;final;1335.182;1780.881;1335.182;340.881;305.101
5470.1;1;Los Espinos + Santa Rosa;final;1504.821;2682.786;64.821;1242.786;122.47
5471;1;Los Espinos + Santa Rosa;final;1208.114;1790.881;1208.114;350.881;228.529
5472;1;Los Espinos + Santa Rosa;final;1359.166;1810.881;1359.166;370.881;297.427
5473;1;Los Espinos + Santa Rosa;final;1428.125;1886.214;1428.125;446.214;277.717
5473.1;1;Los Espinos + Santa Rosa;final;1533.809;2810.709;93.809;1370.709;78.812
5474;1;Los Espinos + Santa Rosa;final;982.035;1450.397;982.035;10.397;296.479
5474.1;1;Los Espinos + Santa Rosa;final;1375.621;2360.166;1375.621;920.166;152.196
5475;1;Los Espinos + Santa Rosa;final;1249.548;1720.397;1249.548;280.397;311.36
5475.1;1;Los Espinos + Santa Rosa;final;1376.069;2598.536;1376.069;1158.536;92.88
5476;1;Los Espinos + Santa Rosa;final;1253.908;1727.897;1253.908;287.897;279.487
5476.1;1;Los Espinos + Santa Rosa;final;1379.51;2688.708;1379.51;1248.708;56.977
5477;1;Los Espinos + Santa Rosa;final;1391.069;1735.397;1391.069;295.397;246.473
5478;1;Los Espinos + Santa Rosa;final;1235.322;1742.897;1235.322;302.897;306.664
5478.1;1;Los Espinos + Santa Rosa;final;1436.134;2583.168;1436.134;1143.168;147.666
5479;1;Los Espinos + Santa Rosa;final;1272.531;1750.397;1272.531;310.397;267.694
5480;1;Los Espinos + Santa Rosa;final;1252.217;1757.897;1252.217;317.897;261.503
5481;1;Los Espinos + Santa Rosa;final;622.952;1765.397;622.952;325.397;119.07
5482;1;Los Espinos + Santa Rosa;final;1174.519;1772.897;1174.519;332.897;234.504
5483;1;Los Espinos + Santa Rosa;final;1223.966;1780.397;1223.966;340.397;257.837
5484;1;Los Espinos + Santa Rosa;final;1416.718;1787.897;1416.718;347.897;292.366
5484.1;1;Los Espinos + Santa Rosa;final;1547.396;2789.89;107.396;1349.89;95.583
5485;1;Los Espinos + Santa Rosa;final;1211.142;1795.397;1211.142;355.397;249.09
5486;1;Los Espinos + Santa Rosa;final;1361.176;1802.897;1361.176;362.897;272.967
5487;1;Los Espinos + Santa Rosa;final;523.303;1810.397;523.303;370.397;53.871
5488;1;Los Espinos + Santa Rosa;final;1396.644;1825.397;1396.644;385.397;304.205
5489;1;Los Espinos + Santa Rosa;final;1305.811;1862.897;1305.811;422.897;251.748
5490;1;Los Espinos + Santa Rosa;final;1307.88;1870.397;1307.88;430.397;251.008
5491;1;Los Espinos + Santa Rosa;final;1166.922;1431.098;1166.922;1431.098;307.931
5491.1;1;Los Espinos + Santa Rosa;final;1501.084;2548.061;61.084;1108.061;165.463
5492;1;Los Espinos + Santa Rosa;final;1016.903;1461.098;1016.903;21.098;293.056
5492.1;1;Los Espinos + Santa Rosa;final;1432.701;2460.881;1432.701;1020.881;150.15
5493;1;Los Espinos + Santa Rosa;final;1296.685;1772.881;1296.685;332.881;280.757
5494;1;Los Espinos + Santa Rosa;final;1284.475;1784.881;1284.475;344.881;271.013
5495;1;Los Espinos + Santa Rosa;final;1323.008;1796.881;1323.008;356.881;290.675
5495.1;1;Los Espinos + Santa Rosa;final;1508.475;2716.555;68.475;1276.555;103.215
5496;1;Los Espinos + Santa Rosa;final;1409.258;1808.881;1409.258;368.881;308.118
5496.1;1;Los Espinos + Santa Rosa;final;1520.565;2807.737;80.565;1367.737;83.007
5497;1;Los Espinos + Santa Rosa;final;1278.514;1910.881;1278.514;470.881;228.224
5498;1;Los Espinos + Santa Rosa;final;1067.416;1450.397;1067.416;10.397;312.001
5498.1;1;Los Espinos + Santa Rosa;final;1360.38;2480.351;1360.38;1040.351;117.443
5499;1;Los Espinos + Santa Rosa;final;1175.219;1720.397;1175.219;280.397;242.518
5500;1;Los Espinos + Santa Rosa;final;532.102;1727.063;532.102;287.063;93.48
5501;1;Los Espinos + Santa Rosa;final;518.314;1733.73;518.314;293.73;85.999
5502;1;Los Espinos + Santa Rosa;final;1263.967;1740.397;1263.967;300.397;280.902
5503;1;Los Espinos + Santa Rosa;final;503.398;1747.063;503.398;307.063;75.112
5504;1;Los Espinos + Santa Rosa;final;1189.041;1753.73;1189.041;313.73;298.572
5504.1;1;Los Espinos + Santa Rosa;final;1384.617;2574.657;1384.617;1134.657;106.827
5505;1;Los Espinos + Santa Rosa;final;1353.287;1760.397;1353.287;320.397;296.17
5506;1;Los Espinos + Santa Rosa;final;1418.779;1767.063;1418.779;327.063;313.105
5506.1;1;Los Espinos + Santa Rosa;final;1502.107;2770.397;62.107;1330.397;78.463
5507;1;Los Espinos + Santa Rosa;final;1227.862;1773.73;1227.862;333.73;186.636
5508;1;Los Espinos + Santa Rosa;final;505.786;1780.397;505.786;340.397;55.743
5509;1;Los Espinos + Santa Rosa;final;1271.673;1787.313;1271.673;347.313;265.579
5510;1;Los Espinos + Santa Rosa;final;1346.853;1794.23;1346.853;354.23;283.86
5510.1;1;Los Espinos + Santa Rosa;final;1451.019;2774.881;11.019;1334.881;46.678
5511;1;Los Espinos + Santa Rosa;final;1315.885;1801.147;1315.885;361.147;284.961
5512;1;Los Espinos + Santa Rosa;final;1292.488;1808.063;1292.488;368.063;271.977
5513;1;Los Espinos + Santa Rosa;final;1385.166;1814.98;1385.166;374.98;282.826
5514;1;Los Espinos + Santa Rosa;final;1309.238;1849.563;1309.238;409.563;247.026
5515;1;Los Espinos + Santa Rosa;final;1383.286;1863.397;1383.286;423.397;274.92
5515.1;1;Los Espinos + Santa Rosa;final;1507.413;2817.547;67.413;1377.547;56.287
5516;1;Los Espinos + Santa Rosa;final;1262.049;1870.397;1262.049;430.397;233.895
5517;1;Los Espinos + Santa Rosa;final;1282.914;1464.519;1282.914;24.519;310.952
5517.1;1;Los Espinos + Santa Rosa;final;1453.929;2661.57;13.929;1221.57;88.626
5518;1;Los Espinos + Santa Rosa;final;1302.484;1734.519;1302.484;294.519;288.09
5518.1;1;Los Espinos + Santa Rosa;final;1543.029;2687.287;103.029;1247.287;128.426
5519;1;Los Espinos + Santa Rosa;final;1310.919;1746.519;1310.919;306.519;310.686
5519.1;1;Los Espinos + Santa Rosa;final;1398.569;2743.381;1398.569;1303.381;42.938
5520;1;Los Espinos + Santa Rosa;final;1257.451;1758.519;1257.451;318.519;275.797
5521;1;Los Espinos + Santa Rosa;final;1381.303;1770.519;1381.303;330.519;308.25
5521.1;1;Los Espinos + Santa Rosa;final;1495.563;2817.547;55.563;1377.547;51.507
5522;1;Los Espinos + Santa Rosa;final;1235.336;1782.519;1235.336;342.519;256.226
5523;1;Los Espinos + Santa Rosa;final;1351.175;1794.519;1351.175;354.519;285.612
5524;1;Los Espinos + Santa Rosa;final;1337.583;1805.769;1337.583;365.769;267.145
5524.1;1;Los Espinos + Santa Rosa;final;1466.925;2773.008;26.925;1333.008;55.589
5525;1;Los Espinos + Santa Rosa;intermedia;712.834;724.0;712.834;724.0;270.299
5525;2;Los Espinos + Santa Rosa;final;920.965;1403.039;920.965;1403.039;73.544
5525.1;1;Los Espinos + Santa Rosa;final;1402.586;2312.042;1402.586;872.042;176.49
5526;1;Los Espinos + Santa Rosa;final;1260.691;1743.039;1260.691;303.039;285.209
5526.1;1;Los Espinos + Santa Rosa;final;1437.05;2633.039;1437.05;1193.039;97.628
5527;1;Los Espinos + Santa Rosa;final;1304.557;1753.039;1304.557;313.039;302.156
5527.1;1;Los Espinos + Santa Rosa;final;1525.8;2678.039;85.8;1238.039;131.543
5528;1;Los Espinos + Santa Rosa;final;1299.712;1763.039;1299.712;323.039;306.679
5528.1;1;Los Espinos + Santa Rosa;final;1363.052;2669.416;1363.052;1229.416;59.961
5529;1;Los Espinos + Santa Rosa;final;1276.022;1773.039;1276.022;333.039;276.657
5529.1;1;Los Espinos + Santa Rosa;final;1421.345;2667.079;1421.345;1227.079;88.862
5530;1;Los Espinos + Santa Rosa;final;1339.734;1783.039;1339.734;343.039;308.313
5530.1;1;Los Espinos + Santa Rosa;final;1370.865;2681.749;1370.865;1241.749;54.724
5531;1;Los Espinos + Santa Rosa;final;1204.276;1450.397;1204.276;10.397;296.665
5531.1;1;Los Espinos + Santa Rosa;final;1443.286;2579.078;3.286;1139.078;103.309
5532;1;Los Espinos + Santa Rosa;final;1246.358;1720.397;1246.358;280.397;309.262
5532.1;1;Los Espinos + Santa Rosa;final;1468.103;2643.055;28.103;1203.055;124.841
5533;1;Los Espinos + Santa Rosa;final;1307.319;1727.897;1307.319;287.897;294.736
5533.1;1;Los Espinos + Santa Rosa;final;1507.669;2740.881;67.669;1300.881;101.496
5534;1;Los Espinos + Santa Rosa;final;1391.661;1735.397;1391.661;295.397;311.425
5534.1;1;Los Espinos + Santa Rosa;final;1466.894;2742.081;26.894;1302.081;72.355
5535;1;Los Espinos + Santa Rosa;final;1354.418;1742.897;1354.418;302.897;302.452
5536;1;Los Espinos + Santa Rosa;final;1350.815;1750.397;1350.815;310.397;294.367
5537;1;Los Espinos + Santa Rosa;final;1325.166;1757.897;1325.166;317.897;303.306
5537.1;1;Los Espinos + Santa Rosa;final;1395.065;2704.685;1395.065;1264.685;55.325
5538;1;Los Espinos + Santa Rosa;final;1332.91;1765.397;1332.91;325.397;297.622
5539;1;Los Espinos + Santa Rosa;final;535.711;1772.897;535.711;332.897;80.671
5540;1;Los Espinos + Santa Rosa;final;1334.808;1780.397;1334.808;340.397;291.853
5541;1;Los Espinos + Santa Rosa;final;1388.88;1787.313;1388.88;347.313;291.231
5542;1;Los Espinos + Santa Rosa;final;1379.985;1794.23;1379.985;354.23;290.904
5542.1;1;Los Espinos + Santa Rosa;final;1471.654;2826.098;31.654;1386.098;39.183
5543;1;Los Espinos + Santa Rosa;final;1281.955;1801.147;1281.955;361.147;287.38
5543.1;1;Los Espinos + Santa Rosa;final;1424.861;2659.695;1424.861;1219.695;88.755
5544;1;Los Espinos + Santa Rosa;final;1410.635;1814.98;1410.635;374.98;260.729
5545;1;Los Espinos + Santa Rosa;final;1411.303;1821.897;1411.303;381.897;300.814
5545.1;1;Los Espinos + Santa Rosa;final;1489.504;2844.214;49.504;1404.214;40.333
5546;1;Los Espinos + Santa Rosa;final;1379.148;1849.563;1379.148;409.563;307.142
5546.1;1;Los Espinos + Santa Rosa;final;1495.715;2754.519;55.715;1314.519;82.882
5547;1;Los Espinos + Santa Rosa;final;1368.769;1863.397;1368.769;423.397;295.972
5548;1;Los Espinos + Santa Rosa;final;1432.644;1870.397;1432.644;430.397;299.405
5549;1;Los Espinos + Santa Rosa;final;1003.869;1407.417;1003.869;1407.417;301.701
5549.1;1;Los Espinos + Santa Rosa;final;1348.069;2450.881;1348.069;1010.881;102.996
5550;1;Los Espinos + Santa Rosa;final;1347.1;1757.417;1347.1;317.417;311.087
5550.1;1;Los Espinos + Santa Rosa;final;1444.759;2672.681;4.759;1232.681;94.02
5551;1;Los Espinos + Santa Rosa;final;722.719;1452.081;722.719;12.081;286.381
5551.1;1;Los Espinos + Santa Rosa;final;1374.811;2159.568;1374.811;719.568;203.871
5552;1;Los Espinos + Santa Rosa;final;1274.331;1632.081;1274.331;192.081;311.033
5552.1;1;Los Espinos + Santa Rosa;final;1545.055;2652.519;105.055;1212.519;146.445
5553;1;Los Espinos + Santa Rosa;final;512.829;1722.081;512.829;282.081;89.553
5554;1;Los Espinos + Santa Rosa;final;1274.963;1730.648;1274.963;290.648;306.76
5554.1;1;Los Espinos + Santa Rosa;final;1448.333;2670.32;8.333;1230.32;110.148
5555;1;Los Espinos + Santa Rosa;final;1262.626;1739.214;1262.626;299.214;250.168
5556;1;Los Espinos + Santa Rosa;final;1295.142;1747.781;1295.142;307.781;245.967
5557;1;Los Espinos + Santa Rosa;final;489.937;1764.914;489.937;324.914;64.123
5558;1;Los Espinos + Santa Rosa;final;1332.778;1773.481;1332.778;333.481;274.621
5559;1;Los Espinos + Santa Rosa;final;1296.176;1797.081;1296.176;357.081;199.045
5560;1;Los Espinos + Santa Rosa;final;1383.869;1842.081;1383.869;402.081;277.277
5561;1;Los Espinos + Santa Rosa;final;1395.891;1849.581;1395.891;409.581;262.717
5562;1;Los Espinos + Santa Rosa;final;1470.944;1857.081;30.944;417.081;307.417
5563;1;Los Espinos + Santa Rosa;final;1394.298;1872.081;1394.298;432.081;280.922
5564;1;Los Espinos + Santa Rosa;final;1065.136;1399.8;1065.136;1399.8;294.558
5564.1;1;Los Espinos + Santa Rosa;final;1495.669;2504.881;55.669;1064.881;178.618
5565;1;Los Espinos + Santa Rosa;final;550.836;1429.8;550.836;1429.8;234.57
5566;1;Los Espinos + Santa Rosa;final;1118.922;1459.8;1118.922;19.8;295.588
5566.1;1;Los Espinos + Santa Rosa;final;1522.499;2503.794;82.499;1063.794;183.395
5567;1;Los Espinos + Santa Rosa;final;1091.819;1549.8;1091.819;109.8;310.366
5567.1;1;Los Espinos + Santa Rosa;final;1495.127;2529.181;55.127;1089.181;152.091
5568;1;Los Espinos + Santa Rosa;intermedia;1051.331;1055.0;1051.331;1055.0;289.194
5568;2;Los Espinos + Santa Rosa;final;1146.074;1639.8;1146.074;199.8;33.398
5568.1;1;Los Espinos + Santa Rosa;final;1264.331;2544.427;1264.331;1104.427;57.846
5569;1;Los Espinos + Santa Rosa;final;1265.746;1729.8;1265.746;289.8;294.395
5569.1;1;Los Espinos + Santa Rosa;final;1338.994;2678.291;1338.994;1238.291;42.625
5570;1;Los Espinos + Santa Rosa;final;1290.105;1738.366;1290.105;298.366;276.447
5570.1;1;Los Espinos + Santa Rosa;final;1391.336;2693.611;1391.336;1253.611;65.029
5571;1;Los Espinos + Santa Rosa;final;1176.64;1746.933;1176.64;306.933;289.402
5571.1;1;Los Espinos + Santa Rosa;final;1334.53;2563.248;1334.53;1123.248;85.741
5572;1;Los Espinos + Santa Rosa;final;1312.858;1755.5;1312.858;315.5;290.947
5572.1;1;Los Espinos + Santa Rosa;final;1469.187;2753.008;29.187;1313.008;81.878
5573;1;Los Espinos + Santa Rosa;final;1261.817;1764.066;1261.817;324.066;242.646
5574;1;Los Espinos + Santa Rosa;final;550.028;1772.633;550.028;332.633;83.248
5575;1;Los Espinos + Santa Rosa;final;1257.352;1789.8;1257.352;349.8;251.455
5576;1;Los Espinos + Santa Rosa;final;1408.6;1838.216;1408.6;398.216;280.594
5577;1;Los Espinos + Santa Rosa;intermedia;654.608;668.0;654.608;668.0;270.41
5577;2;Los Espinos + Santa Rosa;final;855.318;1452.081;855.318;12.081;72.947
5577.1;1;Los Espinos + Santa Rosa;final;1503.394;2237.466;63.394;797.466;279.571
5578;1;Los Espinos + Santa Rosa;final;1327.594;1722.081;1327.594;282.081;312.215
5578.1;1;Los Espinos + Santa Rosa;final;1453.083;2678.331;13.083;1238.331;81.911
5579;1;Los Espinos + Santa Rosa;final;1347.778;1729.581;1347.778;289.581;306.643
5579.1;1;Los Espinos + Santa Rosa;final;1383.041;2699.181;1383.041;1259.181;54.491
5580;1;Los Espinos + Santa Rosa;final;1317.398;1737.081;1317.398;297.081;305.628
5580.1;1;Los Espinos + Santa Rosa;final;1401.701;2671.042;1401.701;1231.042;73.82
5581;1;Los Espinos + Santa Rosa;final;1253.694;1744.581;1253.694;304.581;265.197
5582;1;Los Espinos + Santa Rosa;final;1199.838;1752.081;1199.838;312.081;262.867
5583;1;Los Espinos + Santa Rosa;final;1266.993;1767.081;1266.993;327.081;279.673
5584;1;Los Espinos + Santa Rosa;final;1386.718;1774.581;1386.718;334.581;310.395
5585;1;Los Espinos + Santa Rosa;final;1373.908;1782.081;1373.908;342.081;297.707
5586;1;Los Espinos + Santa Rosa;final;1245.578;1827.081;1245.578;387.081;234.508
5587;1;Los Espinos + Santa Rosa;final;1472.276;1834.581;32.276;394.581;309.406
5588;1;Los Espinos + Santa Rosa;final;1289.015;1857.081;1289.015;417.081;147.613
5589;1;Los Espinos + Santa Rosa;final;1300.314;1864.581;1300.314;424.581;260.049
5590;1;Los Espinos + Santa Rosa;final;1155.124;1450.397;1155.124;10.397;309.781
5590.1;1;Los Espinos + Santa Rosa;final;1267.486;2524.763;1267.486;1084.763;79.595
5591;1;Los Espinos + Santa Rosa;final;1326.884;1720.397;1326.884;280.397;310.358
5591.1;1;Los Espinos + Santa Rosa;final;1358.015;2668.899;1358.015;1228.899;54.724
5592;1;Los Espinos + Santa Rosa;final;1275.374;1735.397;1275.374;295.397;312.933
5592.1;1;Los Espinos + Santa Rosa;final;1461.207;2642.613;21.207;1202.613;112.025
5593;1;Los Espinos + Santa Rosa;final;1290.208;1750.397;1290.208;310.397;298.53
5593.1;1;Los Espinos + Santa Rosa;final;1415.437;2668.597;1415.437;1228.597;76.891
5594;1;Los Espinos + Santa Rosa;final;1273.008;1765.397;1273.008;325.397;282.412
5594.1;1;Los Espinos + Santa Rosa;final;1464.956;2708.008;24.956;1268.008;77.374
5595;1;Los Espinos + Santa Rosa;final;1295.982;1780.397;1295.982;340.397;302.394
5595.1;1;Los Espinos + Santa Rosa;final;1352.757;2650.534;1352.757;1210.534;62.852
5596;1;Los Espinos + Santa Rosa;final;1392.346;1800.397;1392.346;360.397;294.992
5597;1;Los Espinos + Santa Rosa;final;1214.183;1810.397;1214.183;370.397;249.272
5598;1;Los Espinos + Santa Rosa;final;1383.715;1850.397;1383.715;410.397;295.69
5598.1;1;Los Espinos + Santa Rosa;final;1458.715;2758.785;18.715;1318.785;60.724
5599;1;Los Espinos + Santa Rosa;final;1423.096;1860.397;1423.096;420.397;302.932
5599.1;1;Los Espinos + Santa Rosa;final;1527.394;2770.397;87.394;1330.397;103.085
5600;1;Los Espinos + Santa Rosa;final;1272.101;1870.397;1272.101;430.397;254.029
5601;1;Los Espinos + Santa Rosa;final;1401.907;1587.081;1401.907;147.081;313.817
5601.1;1;Los Espinos + Santa Rosa;final;1532.624;2774.439;92.624;1334.439;94.349
5602;1;Los Espinos + Santa Rosa;final;1221.012;1722.081;1221.012;282.081;271.211
5603;1;Los Espinos + Santa Rosa;final;1260.418;1742.081;1260.418;302.081;261.461
5604;1;Los Espinos + Santa Rosa;final;1353.121;1762.081;1353.121;322.081;296.377
5605;1;Los Espinos + Santa Rosa;final;1344.166;1782.081;1344.166;342.081;287.505
5605.1;1;Los Espinos + Santa Rosa;final;1496.207;2719.521;56.207;1279.521;104.921
5606;1;Los Espinos + Santa Rosa;final;1479.472;1797.081;39.472;357.081;278.431
5607;1;Los Espinos + Santa Rosa;final;1333.561;1812.081;1333.561;372.081;288.401
5607.1;1;Los Espinos + Santa Rosa;final;1412.278;2687.476;1412.278;1247.476;87.115
5608;1;Los Espinos + Santa Rosa;final;1316.883;1872.081;1316.883;432.081;256.931
5609;1;Los Espinos + Santa Rosa;final;1262.098;1723.192;1262.098;283.192;298.748
5609.1;1;Los Espinos + Santa Rosa;final;1377.993;2621.859;1377.993;1181.859;74.528
5610;1;Los Espinos + Santa Rosa;final;1314.152;1743.192;1314.152;303.192;271.357
5611;1;Los Espinos + Santa Rosa;final;1166.099;1783.192;1166.099;343.192;216.133
5612;1;Los Espinos + Santa Rosa;final;1335.242;1798.192;1335.242;358.192;274.169
5612.1;1;Los Espinos + Santa Rosa;final;1456.742;2738.103;16.742;1298.103;77.443
5613;1;Los Espinos + Santa Rosa;final;1446.402;1828.192;6.402;388.192;300.013
5614;1;Los Espinos + Santa Rosa;final;1402.911;1843.192;1402.911;403.192;305.11
5615;1;Los Espinos + Santa Rosa;final;1263.315;1722.081;1263.315;282.081;308.665
5616;1;Los Espinos + Santa Rosa;final;1105.879;1732.081;1105.879;292.081;276.52
5616.1;1;Los Espinos + Santa Rosa;final;1319.896;2460.397;1319.896;1020.397;113.37
5617;1;Los Espinos + Santa Rosa;final;1272.096;1742.081;1272.096;302.081;292.801
5617.1;1;Los Espinos + Santa Rosa;final;1341.346;2620.397;1341.346;1180.397;72.411
5618;1;Los Espinos + Santa Rosa;final;1412.082;1752.081;1412.082;312.081;311.175
5618.1;1;Los Espinos + Santa Rosa;final;1467.261;2779.8;27.261;1339.8;58.722
5619;1;Los Espinos + Santa Rosa;final;1362.065;1762.081;1362.065;322.081;311.798
5620;1;Los Espinos + Santa Rosa;final;1309.282;1772.081;1309.282;332.081;289.846
5620.1;1;Los Espinos + Santa Rosa;final;1508.132;2662.875;68.132;1222.875;123.592
5621;1;Los Espinos + Santa Rosa;final;1332.778;1782.081;1332.778;342.081;194.227
5622;1;Los Espinos + Santa Rosa;final;1362.484;1792.081;1362.484;352.081;309.379
5622.1;1;Los Espinos + Santa Rosa;final;1530.857;2744.42;90.857;1304.42;99.575
5623;1;Los Espinos + Santa Rosa;final;1273.336;1842.081;1273.336;402.081;250.65
5624;1;Los Espinos + Santa Rosa;final;1296.234;1852.081;1296.234;412.081;267.478
5625;1;Los Espinos + Santa Rosa;final;1413.735;1862.081;1413.735;422.081;288.08
5626;1;Los Espinos + Santa Rosa;final;1449.834;1872.081;9.834;432.081;290.165
5626.1;1;Los Espinos + Santa Rosa;final;1565.163;2835.287;125.163;1395.287;75.176
5627;1;Los Espinos + Santa Rosa;final;1238.911;1723.192;1238.911;283.192;260.42
5628;1;Los Espinos + Santa Rosa;final;1368.932;1753.192;1368.932;313.192;310.034
5629;1;Los Espinos + Santa Rosa;final;1289.527;1798.192;1289.527;358.192;254.317
5630;1;Los Espinos + Santa Rosa;final;1477.298;1813.192;37.298;373.192;303.924
5631;1;Los Espinos + Santa Rosa;final;1368.124;1828.192;1368.124;388.192;292.478
5631.1;1;Los Espinos + Santa Rosa;final;1417.725;2694.991;1417.725;1254.991;82.549
5632;1;Los Espinos + Santa Rosa;final;1362.711;1873.192;1362.711;433.192;270.99
5633;1;Los Espinos + Santa Rosa;final;1511.942;2513.192;71.942;1073.192;168.331
5634;1;Los Espinos + Santa Rosa;final;1254.775;1722.081;1254.775;282.081;288.048
5635;1;Los Espinos + Santa Rosa;final;1337.832;1729.581;1337.832;289.581;303.944
5636;1;Los Espinos + Santa Rosa;final;1284.236;1737.081;1284.236;297.081;272.927
5637;1;Los Espinos + Santa Rosa;final;524.128;1744.581;524.128;304.581;88.18
5638;1;Los Espinos + Santa Rosa;final;1324.211;1752.081;1324.211;312.081;281.319
5639;1;Los Espinos + Santa Rosa;final;500.503;1759.581;500.503;319.581;68.484
5640;1;Los Espinos + Santa Rosa;final;1238.128;1774.581;1238.128;334.581;256.56
5641;1;Los Espinos + Santa Rosa;final;1303.252;1782.081;1303.252;342.081;242.264
5642;1;Los Espinos + Santa Rosa;final;1155.87;1863.081;1155.87;423.081;178.059
5643;1;Los Espinos + Santa Rosa;final;1201.252;1872.081;1201.252;432.081;186.533
5644;1;Los Espinos + Santa Rosa;final;1072.621;1399.8;1072.621;1399.8;309.407
5644.1;1;Los Espinos + Santa Rosa;final;1361.588;2464.448;1361.588;1024.448;119.217
5645;1;Los Espinos + Santa Rosa;final;989.516;1459.8;989.516;19.8;276.779
5645.1;1;Los Espinos + Santa Rosa;final;1491.924;2434.618;51.924;994.618;184.209
5646;1;Los Espinos + Santa Rosa;final;959.076;1549.8;959.076;109.8;298.999
5646.1;1;Los Espinos + Santa Rosa;final;1398.121;2384.969;1398.121;944.969;154.649
5647;1;Los Espinos + Santa Rosa;final;1046.086;1639.8;1046.086;199.8;295.537
5647.1;1;Los Espinos + Santa Rosa;final;1275.755;2489.281;1275.755;1049.281;78.074
5648;1;Los Espinos + Santa Rosa;final;1229.336;1739.8;1229.336;299.8;313.018
5648.1;1;Los Espinos + Santa Rosa;final;1383.794;2610.709;1383.794;1170.709;90.792
5649;1;Los Espinos + Santa Rosa;final;1357.341;1749.8;1357.341;309.8;302.38
5649.1;1;Los Espinos + Santa Rosa;final;1398.378;2713.192;1398.378;1273.192;57.622
5650;1;Los Espinos + Santa Rosa;final;1316.432;1779.8;1316.432;339.8;309.934
5650.1;1;Los Espinos + Santa Rosa;final;1509.953;2695.407;69.953;1255.407;113.901
5651;1;Los Espinos + Santa Rosa;final;1360.002;1789.8;1360.002;349.8;277.582
5652;1;Los Espinos + Santa Rosa;final;1297.458;1822.466;1297.458;382.466;265.001
5653;1;Los Espinos + Santa Rosa;final;1365.461;1838.8;1365.461;398.8;267.431
5654;1;Los Espinos + Santa Rosa;final;1277.208;1879.8;1277.208;439.8;246.045
5655;1;Los Espinos + Santa Rosa;final;1225.304;1729.8;1225.304;289.8;273.795
5655.1;1;Los Espinos + Santa Rosa;final;1351.588;2605.915;1351.588;1165.915;74.056
5656;1;Los Espinos + Santa Rosa;final;1383.969;1741.8;1383.969;301.8;304.85
5657;1;Los Espinos + Santa Rosa;final;1399.016;1753.8;1399.016;313.8;301.91
5657.1;1;Los Espinos + Santa Rosa;final;1481.002;2806.584;41.002;1366.584;50.681
5658;1;Los Espinos + Santa Rosa;final;1301.362;1765.8;1301.362;325.8;285.175
5659;1;Los Espinos + Santa Rosa;final;1453.885;1789.8;13.885;349.8;306.976
5660;1;Los Espinos + Santa Rosa;final;1305.735;1819.8;1305.735;379.8;231.944
5661;1;Los Espinos + Santa Rosa;final;1132.723;1464.685;1132.723;24.685;313.885
5661.1;1;Los Espinos + Santa Rosa;final;1299.967;2509.371;1299.967;1069.371;81.578
5662;1;Los Espinos + Santa Rosa;final;529.572;1734.685;529.572;294.685;84.112
5663;1;Los Espinos + Santa Rosa;final;537.739;1744.685;537.739;304.685;84.112
5664;1;Los Espinos + Santa Rosa;final;1315.098;1754.685;1315.098;314.685;308.6
5664.1;1;Los Espinos + Santa Rosa;final;1493.527;2690.769;53.527;1250.769;101.541
5665;1;Los Espinos + Santa Rosa;final;1298.055;1764.685;1298.055;324.685;282.375
5665.1;1;Los Espinos + Santa Rosa;final;1458.755;2672.545;18.755;1232.545;100.132
5666;1;Los Espinos + Santa Rosa;final;1308.484;1774.685;1308.484;334.685;277.003
5666.1;1;Los Espinos + Santa Rosa;final;1465.083;2692.62;25.083;1252.62;90.091
5667;1;Los Espinos + Santa Rosa;final;1264.972;1784.685;1264.972;344.685;269.114
5667.1;1;Los Espinos + Santa Rosa;final;1368.836;2671.111;1368.836;1231.111;65.029
5668;1;Los Espinos + Santa Rosa;final;1418.815;1794.685;1418.815;354.685;305.804
5668.1;1;Los Espinos + Santa Rosa;final;1478.755;2772.042;38.755;1332.042;70.243
5669;1;Los Espinos + Santa Rosa;final;1440.657;1850.018;0.657;410.018;304.976
5669.1;1;Los Espinos + Santa Rosa;final;1495.181;2836.163;55.181;1396.163;46.531
5670;1;Los Espinos + Santa Rosa;final;1356.689;1884.685;1356.689;444.685;245.81
5671;1;Los Espinos + Santa Rosa;final;1308.182;1732.042;1308.182;292.042;300.097
5671.1;1;Los Espinos + Santa Rosa;final;1355.166;2662.042;1355.166;1222.042;58.003
5672;1;Los Espinos + Santa Rosa;final;1375.065;1742.042;1375.065;302.042;309.805
5673;1;Los Espinos + Santa Rosa;final;1339.146;1752.042;1339.146;312.042;311.111
5674;1;Los Espinos + Santa Rosa;final;1314.484;1762.042;1314.484;322.042;268.279
5674.1;1;Los Espinos + Santa Rosa;final;1465.336;2701.537;25.336;1261.537;89.628
5675;1;Los Espinos + Santa Rosa;final;1226.013;1772.042;1226.013;332.042;268.83
5675.1;1;Los Espinos + Santa Rosa;final;1424.017;2575.997;1424.017;1135.997;124.968
5676;1;Los Espinos + Santa Rosa;final;1409.867;1782.042;1409.867;342.042;304.845
5677;1;Los Espinos + Santa Rosa;final;1408.166;1807.709;1408.166;367.709;308.304
5677.1;1;Los Espinos + Santa Rosa;final;1521.036;2784.678;81.036;1344.678;85.445
5678;1;Los Espinos + Santa Rosa;final;1306.615;1814.125;1306.615;374.125;287.241
5678.1;1;Los Espinos + Santa Rosa;final;1382.704;2687.315;1382.704;1247.315;61.089
5679;1;Los Espinos + Santa Rosa;final;1443.481;1820.542;3.481;380.542;312.887
5680;1;Los Espinos + Santa Rosa;final;1335.832;1826.959;1335.832;386.959;295.711
5680.1;1;Los Espinos + Santa Rosa;final;1410.689;2694.042;1410.689;1254.042;70.243
5681;1;Los Espinos + Santa Rosa;final;1416.089;1871.875;1416.089;431.875;284.534
5681.1;1;Los Espinos + Santa Rosa;final;1490.85;2827.769;50.85;1387.769;47.804
5682;1;Los Espinos + Santa Rosa;final;1391.842;1872.042;1391.842;432.042;284.307
5683;1;Los Espinos + Santa Rosa;final;506.903;1452.081;506.903;12.081;132.141
5684;1;Los Espinos + Santa Rosa;final;1265.778;1632.081;1265.778;192.081;309.97
5684.1;1;Los Espinos + Santa Rosa;final;1395.028;2622.081;1395.028;1182.081;88.846
5685;1;Los Espinos + Santa Rosa;final;1295.092;1722.081;1295.092;282.081;281.482
5685.1;1;Los Espinos + Santa Rosa;final;1482.089;2730.508;42.089;1290.508;77.374
5686;1;Los Espinos + Santa Rosa;final;1261.955;1734.081;1261.955;294.081;303.126
5687;1;Los Espinos + Santa Rosa;final;1292.771;1746.081;1292.771;306.081;297.828
5688;1;Los Espinos + Santa Rosa;final;1346.067;1758.081;1346.067;318.081;313.569
5689;1;Los Espinos + Santa Rosa;final;1363.482;1782.081;1363.482;342.081;280.158
5690;1;Los Espinos + Santa Rosa;final;1266.484;1793.331;1266.484;353.331;269.237
5690.1;1;Los Espinos + Santa Rosa;final;1481.698;2650.137;41.698;1210.137;124.97
5691;1;Los Espinos + Santa Rosa;final;508.766;1804.581;508.766;364.581;54.603
5692;1;Los Espinos + Santa Rosa;final;1281.823;1815.831;1281.823;375.831;302.618
5692.1;1;Los Espinos + Santa Rosa;final;1339.405;2655.137;1339.405;1215.137;53.893
5693;1;Los Espinos + Santa Rosa;final;1452.082;1838.331;12.082;398.331;310.689
5693.1;1;Los Espinos + Santa Rosa;final;1522.344;2822.6;82.344;1382.6;63.749
5694;1;Los Espinos + Santa Rosa;final;1277.648;1849.581;1277.648;409.581;244.504
5695;1;Los Espinos + Santa Rosa;intermedia;956.803;980.0;956.803;980.0;285.215
5695;2;Los Espinos + Santa Rosa;final;1278.786;1407.417;1278.786;1407.417;98.378
5696;1;Los Espinos + Santa Rosa;final;1296.146;1749.417;1296.146;309.417;285.949
5697;1;Los Espinos + Santa Rosa;final;1396.763;1761.417;1396.763;321.417;306.481
5697.1;1;Los Espinos + Santa Rosa;final;1506.038;2744.663;66.038;1304.663;88.295
5698;1;Los Espinos + Santa Rosa;final;1238.578;1773.417;1238.578;333.417;243.63
5699;1;Los Espinos + Santa Rosa;final;1375.828;1842.417;1375.828;402.417;271.031
5700;1;Los Espinos + Santa Rosa;final;1151.303;1464.519;1151.303;24.519;311.332
5700.1;1;Los Espinos + Santa Rosa;final;1322.757;2538.307;1322.757;1098.307;83.342
5701;1;Los Espinos + Santa Rosa;final;1388.148;1734.519;1388.148;294.519;312.375
5702;1;Los Espinos + Santa Rosa;final;1367.786;1746.519;1367.786;306.519;298.766
5702.1;1;Los Espinos + Santa Rosa;final;1455.783;2798.881;15.783;1358.881;46.412
5703;1;Los Espinos + Santa Rosa;final;1338.484;1758.519;1338.484;318.519;285.507
5703.1;1;Los Espinos + Santa Rosa;final;1501.178;2727.287;61.178;1287.287;90.591
5704;1;Los Espinos + Santa Rosa;final;1304.192;1770.519;1304.192;330.519;261.803
5705;1;Los Espinos + Santa Rosa;final;1350.484;1782.519;1350.484;342.519;279.903
5706;1;Los Espinos + Santa Rosa;final;1316.192;1794.519;1316.192;354.519;263.135
5707;1;Los Espinos + Santa Rosa;final;1474.821;1884.519;34.821;444.519;311.112
5708;1;Los Espinos + Santa Rosa;final;1280.557;1741.499;1280.557;301.499;295.225
5708.1;1;Los Espinos + Santa Rosa;final;1465.717;2658.739;25.717;1218.739;108.748
5709;1;Los Espinos + Santa Rosa;final;1341.554;1753.499;1341.554;313.499;296.375
5710;1;Los Espinos + Santa Rosa;final;1420.715;1822.499;1420.715;382.499;298.123
5710.1;1;Los Espinos + Santa Rosa;final;1480.715;2799.519;40.715;1359.519;56.599
5711;1;Los Espinos + Santa Rosa;final;1294.958;1452.081;1294.958;12.081;309.867
5711.1;1;Los Espinos + Santa Rosa;final;1484.838;2686.937;44.838;1246.937;103.117
5712;1;Los Espinos + Santa Rosa;final;1307.769;1614.081;1307.769;174.081;311.243
5712.1;1;Los Espinos + Santa Rosa;final;1379.176;2741.881;1379.176;1301.881;30.429
5713;1;Los Espinos + Santa Rosa;final;1220.448;1668.081;1220.448;228.081;312.451
5713.1;1;Los Espinos + Santa Rosa;final;1246.586;2620.406;1246.586;1180.406;25.14
5714;1;Los Espinos + Santa Rosa;final;1214.989;1722.081;1214.989;282.081;284.591
5714.1;1;Los Espinos + Santa Rosa;final;1478.564;2590.894;38.564;1150.894;138.032
5715;1;Los Espinos + Santa Rosa;final;1337.514;1728.748;1337.514;288.748;305.119
5715.1;1;Los Espinos + Santa Rosa;final;1411.167;2684.647;1411.167;1244.647;76.934
5716;1;Los Espinos + Santa Rosa;final;1232.261;1735.414;1232.261;295.414;284.146
5716.1;1;Los Espinos + Santa Rosa;final;1317.678;2586.642;1317.678;1146.642;87.115
5717;1;Los Espinos + Santa Rosa;final;1326.944;1742.081;1326.944;302.081;310.112
5717.1;1;Los Espinos + Santa Rosa;final;1443.958;2678.331;3.958;1238.331;83.004
5718;1;Los Espinos + Santa Rosa;final;1292.932;1748.748;1292.932;308.748;291.622
5718.1;1;Los Espinos + Santa Rosa;final;1490.999;2646.542;50.999;1206.542;123.592
5719;1;Los Espinos + Santa Rosa;final;541.151;1768.748;541.151;328.748;89.665
5720;1;Los Espinos + Santa Rosa;final;1309.473;1782.081;1309.473;342.081;304.659
5720.1;1;Los Espinos + Santa Rosa;final;1494.721;2680.837;54.721;1240.837;109.687
5721;1;Los Espinos + Santa Rosa;final;1401.749;1807.748;1401.749;367.748;308.556
5721.1;1;Los Espinos + Santa Rosa;final;1522.985;2790.14;82.985;1350.14;78.938
5722;1;Los Espinos + Santa Rosa;final;1356.907;1814.164;1356.907;374.164;305.984
5723;1;Los Espinos + Santa Rosa;final;1372.114;1839.831;1372.114;399.831;302.054
5724;1;Los Espinos + Santa Rosa;final;1285.002;1846.248;1285.002;406.248;236.743
5725;1;Los Espinos + Santa Rosa;final;1447.973;1872.081;7.973;432.081;283.558
5726;1;Los Espinos + Santa Rosa;final;1027.769;1393.192;1027.769;1393.192;314.576
5726.1;1;Los Espinos + Santa Rosa;final;1515.156;2472.181;75.156;1032.181;179.475
5727;1;Los Espinos + Santa Rosa;final;871.867;1453.192;871.867;13.192;309.356
5727.1;1;Los Espinos + Santa Rosa;final;1165.369;2324.453;1165.369;884.453;95.205
5728;1;Los Espinos + Santa Rosa;final;1358.087;1723.192;1358.087;283.192;308.316
5728.1;1;Los Espinos + Santa Rosa;final;1491.718;2768.296;51.718;1328.296;61.54
5729;1;Los Espinos + Santa Rosa;final;1157.163;1733.192;1157.163;293.192;274.607
5729.1;1;Los Espinos + Santa Rosa;final;1277.631;2506.697;1277.631;1066.697;91.53
5730;1;Los Espinos + Santa Rosa;final;1264.402;1743.192;1264.402;303.192;268.064
5731;1;Los Espinos + Santa Rosa;final;1304.394;1753.192;1304.394;313.192;276.034
5731.1;1;Los Espinos + Santa Rosa;final;1403.377;2646.405;1403.377;1206.405;92.461
5732;1;Los Espinos + Santa Rosa;final;1418.252;1773.192;1418.252;333.192;307.976
5732.1;1;Los Espinos + Santa Rosa;final;1501.654;2856.098;61.654;1416.098;39.183
5733;1;Los Espinos + Santa Rosa;final;1327.146;1816.942;1327.146;376.942;269.649
5734;1;Los Espinos + Santa Rosa;final;524.628;1828.192;524.628;388.192;57.622
5735;1;Los Espinos + Santa Rosa;final;1397.302;2512.409;1397.302;1072.409;119.899
5736;1;Los Espinos + Santa Rosa;final;866.265;1431.098;866.265;1431.098;300.167
5736.1;1;Los Espinos + Santa Rosa;final;1360.28;2252.042;1360.28;812.042;166.478
5737;1;Los Espinos + Santa Rosa;intermedia;720.119;750.0;720.119;750.0;268.458
5737;2;Los Espinos + Santa Rosa;final;1208.821;1461.098;1208.821;21.098;132.136
5737.1;1;Los Espinos + Santa Rosa;final;1469.116;2583.046;29.116;1143.046;138.431
5738;1;Los Espinos + Santa Rosa;final;904.496;1490.881;904.496;50.881;285.541
5738.1;1;Los Espinos + Santa Rosa;final;1526.484;2288.044;86.484;848.044;232.384
5739;1;Los Espinos + Santa Rosa;final;1212.655;1772.881;1212.655;332.881;254.537
5740;1;Los Espinos + Santa Rosa;final;1340.631;1784.881;1340.631;344.881;297.888
5740.1;1;Los Espinos + Santa Rosa;final;1543.668;2687.897;103.668;1247.897;124.587
5741;1;Los Espinos + Santa Rosa;final;1294.435;1796.881;1294.435;356.881;257.876
5742;1;Los Espinos + Santa Rosa;final;1201.909;1808.881;1201.909;368.881;223.468
5743;1;Los Espinos + Santa Rosa;final;1307.896;1820.881;1307.896;380.881;259.797
5744;1;Los Espinos + Santa Rosa;final;1383.921;1880.881;1383.921;440.881;260.615
5745;1;Los Espinos + Santa Rosa;final;1262.221;1910.881;1262.221;470.881;216.047
5746;1;Los Espinos + Santa Rosa;final;865.984;1390.397;865.984;1390.397;303.941
5746.1;1;Los Espinos + Santa Rosa;final;1286.696;2304.953;1286.696;864.953;149.804
5747;1;Los Espinos + Santa Rosa;final;867.52;1410.397;867.52;1410.397;304.175
5747.1;1;Los Espinos + Santa Rosa;final;1183.619;2303.296;1183.619;863.296;88.097
5748;1;Los Espinos + Santa Rosa;final;1001.129;1450.397;1001.129;10.397;308.927
5748.1;1;Los Espinos + Santa Rosa;final;1553.549;2380.261;113.549;940.261;251.335
5749;1;Los Espinos + Santa Rosa;final;1211.275;1720.263;1211.275;280.263;301.538
5749.1;1;Los Espinos + Santa Rosa;final;1294.491;2651.008;1294.491;1211.008;33.398
5750;1;Los Espinos + Santa Rosa;final;1322.626;1720.397;1322.626;280.397;302.278
5751;1;Los Espinos + Santa Rosa;final;1251.536;1730.397;1251.536;290.397;264.189
5752;1;Los Espinos + Santa Rosa;final;568.489;1740.397;568.489;300.397;124.373
5753;1;Los Espinos + Santa Rosa;final;1352.116;1750.397;1352.116;310.397;287.56
5753.1;1;Los Espinos + Santa Rosa;final;1500.896;2702.541;60.896;1262.541;109.103
5754;1;Los Espinos + Santa Rosa;final;537.247;1760.397;537.247;320.397;86.443
5755;1;Los Espinos + Santa Rosa;final;1277.592;1770.397;1277.592;330.397;272.704
5755.1;1;Los Espinos + Santa Rosa;final;1403.589;2656.578;1403.589;1216.578;78.366
5756;1;Los Espinos + Santa Rosa;final;1377.346;1780.397;1377.346;340.397;305.077
5757;1;Los Espinos + Santa Rosa;final;1421.934;1790.397;1421.934;350.397;304.231
5758;1;Los Espinos + Santa Rosa;final;1347.583;1800.397;1347.583;360.397;287.762
5758.1;1;Los Espinos + Santa Rosa;final;1455.563;2777.547;15.563;1337.547;51.507
5759;1;Los Espinos + Santa Rosa;final;1330.662;1810.397;1330.662;370.397;264.347
5760;1;Los Espinos + Santa Rosa;final;1445.554;1840.397;5.554;400.397;313.285
5761;1;Los Espinos + Santa Rosa;final;1277.116;1850.397;1277.116;410.397;237.944
5762;1;Los Espinos + Santa Rosa;final;1185.025;1860.397;1185.025;420.397;216.263
5763;1;Los Espinos + Santa Rosa;final;1392.842;1870.397;1392.842;430.397;274.817
5763.1;1;Los Espinos + Santa Rosa;final;1518.249;2775.478;78.249;1335.478;75.493
5764;1;Los Espinos + Santa Rosa;final;1050.316;1438.445;1050.316;1438.445;308.594
5764.1;1;Los Espinos + Santa Rosa;final;1283.307;2445.417;1283.307;1005.417;102.46
5765;1;Los Espinos + Santa Rosa;final;1114.882;1573.445;1114.882;133.445;314.147
5765.1;1;Los Espinos + Santa Rosa;final;1342.107;2498.207;1342.107;1058.207;95.749
5766;1;Los Espinos + Santa Rosa;final;1240.412;1708.445;1240.412;268.445;298.319
5766.1;1;Los Espinos + Santa Rosa;final;1402.814;2614.038;1402.814;1174.038;101.42
5767;1;Los Espinos + Santa Rosa;final;1198.191;1723.445;1198.191;283.445;291.606
5767.1;1;Los Espinos + Santa Rosa;final;1372.074;2573.2;1372.074;1133.2;99.006
5768;1;Los Espinos + Santa Rosa;final;1291.294;1738.445;1291.294;298.445;234.16
5769;1;Los Espinos + Santa Rosa;final;1321.765;1794.145;1321.765;354.145;298.495
5769.1;1;Los Espinos + Santa Rosa;final;1518.217;2698.769;78.217;1258.769;108.893
5770;1;Los Espinos + Santa Rosa;final;1229.722;1747.218;1229.722;307.218;286.853
5770.1;1;Los Espinos + Santa Rosa;final;1481.207;2635.835;41.207;1195.835;124.676
5771;1;Los Espinos + Santa Rosa;final;1360.101;1762.218;1360.101;322.218;261.407
5772;1;Los Espinos + Santa Rosa;final;1250.691;1777.218;1250.691;337.218;288.89
5772.1;1;Los Espinos + Santa Rosa;final;1436.752;2634.519;1436.752;1194.519;94.703
5773;1;Los Espinos + Santa Rosa;final;1113.367;1392.081;1113.367;1392.081;299.426
5773.1;1;Los Espinos + Santa Rosa;final;1405.461;2502.761;1405.461;1062.761;111.955
5774;1;Los Espinos + Santa Rosa;final;1423.631;1452.081;1423.631;12.081;289.932
5774.1;1;Los Espinos + Santa Rosa;final;1475.5;2796.438;35.5;1356.438;64.404
5775;1;Los Espinos + Santa Rosa;final;1090.482;1587.081;1090.482;147.081;295.623
5775.1;1;Los Espinos + Santa Rosa;final;1487.058;2463.942;47.058;1023.942;179.217
5776;1;Los Espinos + Santa Rosa;final;1362.982;1722.081;1362.982;282.081;305.838
5777;1;Los Espinos + Santa Rosa;final;1311.802;1734.081;1311.802;294.081;284.781
5777.1;1;Los Espinos + Santa Rosa;final;1467.515;2706.987;27.515;1266.987;94.736
5778;1;Los Espinos + Santa Rosa;final;1146.702;1746.081;1146.702;306.081;247.833
5778.1;1;Los Espinos + Santa Rosa;final;1473.021;2576.881;33.021;1136.881;171.761
5779;1;Los Espinos + Santa Rosa;final;515.286;1758.081;515.286;318.081;73.325
5780;1;Los Espinos + Santa Rosa;final;1238.312;1770.081;1238.312;330.081;236.303
5781;1;Los Espinos + Santa Rosa;final;1211.269;1782.081;1211.269;342.081;224.426
5782;1;Los Espinos + Santa Rosa;final;1306.111;1815.831;1306.111;375.831;230.581
5783;1;Los Espinos + Santa Rosa;final;1404.298;1827.081;1404.298;387.081;304.619
5783.1;1;Los Espinos + Santa Rosa;final;1503.89;2748.536;63.89;1308.536;98.579
5784;1;Los Espinos + Santa Rosa;final;1429.377;1860.831;1429.377;420.831;275.818
5785;1;Los Espinos + Santa Rosa;final;1401.352;1872.081;1401.352;432.081;282.34
5786;1;Los Espinos + Santa Rosa;intermedia;913.019;935.0;913.019;935.0;289.344
5786;2;Los Espinos + Santa Rosa;final;1082.136;1416.376;1082.136;1416.376;44.655
5786.1;1;Los Espinos + Santa Rosa;final;1253.119;2518.981;1253.119;1078.981;70.91
5787;1;Los Espinos + Santa Rosa;final;734.372;1446.376;734.372;6.376;284.628
5787.1;1;Los Espinos + Santa Rosa;final;1375.121;2128.394;1375.121;688.394;203.683
5788;1;Los Espinos + Santa Rosa;final;1412.252;1762.76;1412.252;322.76;292.37
5789;1;Los Espinos + Santa Rosa;final;1311.332;1777.76;1311.332;337.76;310.298
5789.1;1;Los Espinos + Santa Rosa;final;1462.839;2679.521;22.839;1239.521;105.894
5790;1;Los Espinos + Santa Rosa;final;1303.46;1722.081;1303.46;282.081;298.167
5790.1;1;Los Espinos + Santa Rosa;final;1410.877;2692.779;1410.877;1252.779;71.024
5791;1;Los Espinos + Santa Rosa;final;1361.821;1730.648;1361.821;290.648;302.359
5792;1;Los Espinos + Santa Rosa;final;1256.819;1739.214;1256.819;299.214;307.453
5792.1;1;Los Espinos + Santa Rosa;final;1494.079;2685.381;54.079;1245.381;101.724
5793;1;Los Espinos + Santa Rosa;final;1285.152;1747.781;1285.152;307.781;266.029
5794;1;Los Espinos + Santa Rosa;final;1253.663;1756.348;1253.663;316.348;275.56
5794.1;1;Los Espinos + Santa Rosa;final;1372.131;2601.197;1372.131;1161.197;91.53
5795;1;Los Espinos + Santa Rosa;final;1255.992;1764.914;1255.992;324.914;273.539
5796;1;Los Espinos + Santa Rosa;final;1412.249;1773.481;1412.249;333.481;313.217
5797;1;Los Espinos + Santa Rosa;final;1278.993;1782.081;1278.993;342.081;250.923
5798;1;Los Espinos + Santa Rosa;final;1207.549;1800.081;1207.549;360.081;245.029
5799;1;Los Espinos + Santa Rosa;final;1436.561;1863.081;1436.561;423.081;299.612
5800;1;Los Espinos + Santa Rosa;final;1353.62;1872.081;1353.62;432.081;252.359
5801;1;Los Espinos + Santa Rosa;final;1157.705;1463.2;1157.705;23.2;312.15
5801.1;1;Los Espinos + Santa Rosa;final;1328.661;2532.428;1328.661;1092.428;88.393
5802;1;Los Espinos + Santa Rosa;final;1310.674;1741.767;1310.674;301.767;312.239
5802.1;1;Los Espinos + Santa Rosa;final;1489.717;2684.439;49.717;1244.439;108.748
5803;1;Los Espinos + Santa Rosa;final;1241.314;1750.334;1241.314;310.334;305.072
5803.1;1;Los Espinos + Santa Rosa;final;1497.491;2623.2;57.491;1183.2;129.693
5804;1;Los Espinos + Santa Rosa;final;1278.484;1758.9;1278.484;318.9;293.204
5804.1;1;Los Espinos + Santa Rosa;final;1464.472;2662.987;24.472;1222.987;105.45
5805;1;Los Espinos + Santa Rosa;final;1222.039;1767.467;1222.039;327.467;280.462
5805.1;1;Los Espinos + Santa Rosa;final;1373.08;2599.461;1373.08;1159.461;86.894
5806;1;Los Espinos + Santa Rosa;final;1386.649;1776.034;1386.649;336.034;306.531
5807;1;Los Espinos + Santa Rosa;final;1284.484;1793.167;1284.484;353.167;274.394
5807.1;1;Los Espinos + Santa Rosa;final;1576.666;2667.287;136.666;1227.287;158.094
5808;1;Los Espinos + Santa Rosa;final;1360.23;1793.2;1360.23;353.2;298.36
5809;1;Los Espinos + Santa Rosa;final;1255.098;1464.519;1255.098;24.519;308.249
5809.1;1;Los Espinos + Santa Rosa;final;1474.759;2634.519;34.759;1194.519;115.283
5810;1;Los Espinos + Santa Rosa;final;1370.148;1734.519;1370.148;294.519;304.124
5811;1;Los Espinos + Santa Rosa;final;1348.642;1739.119;1348.642;299.119;304.721
5812;1;Los Espinos + Santa Rosa;final;1391.134;1743.719;1391.134;303.719;307.978
5812.1;1;Los Espinos + Santa Rosa;final;1510.115;2741.766;70.115;1301.766;85.132
5813;1;Los Espinos + Santa Rosa;final;1371.64;1748.319;1371.64;308.319;310.133
5814;1;Los Espinos + Santa Rosa;final;1396.565;1752.919;1396.565;312.919;304.124
5815;1;Los Espinos + Santa Rosa;final;1327.081;1757.519;1327.081;317.519;300.678
5815.1;1;Los Espinos + Santa Rosa;final;1489.94;2735.695;49.94;1295.695;81.851
5816;1;Los Espinos + Santa Rosa;final;1277.678;1762.119;1277.678;322.119;297.519
5817;1;Los Espinos + Santa Rosa;final;1406.148;1766.719;1406.148;326.719;304.124
5817.1;1;Los Espinos + Santa Rosa;final;1471.232;2784.685;31.232;1344.685;55.325
5818;1;Los Espinos + Santa Rosa;final;1322.221;1771.319;1322.221;331.319;283.065
5819;1;Los Espinos + Santa Rosa;final;1404.194;1775.919;1404.194;335.919;310.913
5819.1;1;Los Espinos + Santa Rosa;final;1512.261;2760.081;72.261;1320.081;88.18
5820;1;Los Espinos + Santa Rosa;final;1362.09;1785.119;1362.09;345.119;284.15
5821;1;Los Espinos + Santa Rosa;final;1173.419;1789.719;1173.419;349.719;229.067
5822;1;Los Espinos + Santa Rosa;final;1375.166;1794.319;1375.166;354.319;291.962
5822.1;1;Los Espinos + Santa Rosa;final;1482.216;2754.685;42.216;1314.685;71.872
5823;1;Los Espinos + Santa Rosa;final;1438.703;1794.519;1438.703;354.519;309.462
5824;1;Los Espinos + Santa Rosa;final;1475.848;1836.785;35.848;396.785;310.978
5825;1;Los Espinos + Santa Rosa;final;1305.536;1719.976;1305.536;279.976;295.009
5826;1;Los Espinos + Santa Rosa;final;1252.136;1734.976;1252.136;294.976;293.25
5826.1;1;Los Espinos + Santa Rosa;final;1453.488;2680.881;13.488;1240.881;85.494
5827;1;Los Espinos + Santa Rosa;final;1259.975;1749.976;1259.975;309.976;283.337
5828;1;Los Espinos + Santa Rosa;final;1302.758;1764.976;1302.758;324.976;302.608
5829;1;Los Espinos + Santa Rosa;final;1370.882;1779.976;1370.882;339.976;311.021
5829.1;1;Los Espinos + Santa Rosa;final;1559.532;2725.375;119.532;1285.375;123.592
5830;1;Los Espinos + Santa Rosa;final;1299.294;1789.976;1299.294;349.976;294.711
5830.1;1;Los Espinos + Santa Rosa;final;1378.528;2653.726;1378.528;1213.726;87.115
5831;1;Los Espinos + Santa Rosa;final;1360.683;1799.976;1360.683;359.976;281.136
5832;1;Los Espinos + Santa Rosa;final;1341.982;1809.976;1341.982;369.976;297.209
5832.1;1;Los Espinos + Santa Rosa;final;1536.416;2695.542;96.416;1255.542;124.469
5833;1;Los Espinos + Santa Rosa;final;1425.336;1819.976;1425.336;379.976;311.913
5833.1;1;Los Espinos + Santa Rosa;final;1525.482;2857.547;85.482;1417.547;53.727
5834;1;Los Espinos + Santa Rosa;final;1274.958;1829.976;1274.958;389.976;262.977
5834.1;1;Los Espinos + Santa Rosa;final;1467.704;2671.937;27.704;1231.937;103.117
5835;1;Los Espinos + Santa Rosa;final;1414.582;1839.976;1414.582;399.976;296.042
5835.1;1;Los Espinos + Santa Rosa;final;1485.953;2797.407;45.953;1357.407;59.183
5836;1;Los Espinos + Santa Rosa;final;1354.434;1849.976;1354.434;409.976;283.677
5837;1;Los Espinos + Santa Rosa;final;1398.78;1859.976;1398.78;419.976;305.194
5838;1;Los Espinos + Santa Rosa;final;1387.019;1869.976;1387.019;429.976;299.61
5838.1;1;Los Espinos + Santa Rosa;final;1468.214;2827.181;28.214;1387.181;35.967
5839;1;Los Espinos + Santa Rosa;final;1405.596;1720.397;1405.596;280.397;292.657
5840;1;Los Espinos + Santa Rosa;final;1198.375;1740.397;1198.375;300.397;279.69
5840.1;1;Los Espinos + Santa Rosa;final;1373.876;2569.488;1373.876;1129.488;112.176
5841;1;Los Espinos + Santa Rosa;final;1311.192;1760.397;1311.192;320.397;306.738
5842;1;Los Espinos + Santa Rosa;final;1284.834;1780.397;1284.834;340.397;302.384
5842.1;1;Los Espinos + Santa Rosa;final;1425.281;2631.995;1425.281;1191.995;106.725
5843;1;Los Espinos + Santa Rosa;final;1217.486;1791.647;1217.486;351.647;265.24
5844;1;Los Espinos + Santa Rosa;final;1313.989;1814.147;1313.989;374.147;295.281
5845;1;Los Espinos + Santa Rosa;final;521.896;1825.397;521.896;385.397;57.776
5846;1;Los Espinos + Santa Rosa;final;1440.342;1836.647;0.342;396.647;306.879
5846.1;1;Los Espinos + Santa Rosa;final;1550.565;2837.737;110.565;1397.737;83.007
5847;1;Los Espinos + Santa Rosa;final;1405.21;1870.397;1405.21;430.397;307.248
5847.1;1;Los Espinos + Santa Rosa;final;1503.983;2735.653;63.983;1295.653;96.716
5848;1;Los Espinos + Santa Rosa;final;1338.497;1720.397;1338.497;280.397;304.585
5849;1;Los Espinos + Santa Rosa;final;1320.792;1732.397;1320.792;292.397;309.532
5849.1;1;Los Espinos + Santa Rosa;final;1361.502;2753.008;1361.502;1313.008;22.125
5850;1;Los Espinos + Santa Rosa;final;1219.991;1744.397;1219.991;304.397;290.162
5850.1;1;Los Espinos + Santa Rosa;final;1465.8;2597.039;25.8;1157.039;129.014
5851;1;Los Espinos + Santa Rosa;final;1328.192;1756.397;1328.192;316.397;313.202
5851.1;1;Los Espinos + Santa Rosa;final;1469.552;2720.14;29.552;1280.14;78.938
5852;1;Los Espinos + Santa Rosa;final;1357.49;1768.397;1357.49;328.397;313.707
5853;1;Los Espinos + Santa Rosa;final;1344.933;1780.397;1344.933;340.397;306.98
5853.1;1;Los Espinos + Santa Rosa;final;1477.491;2668.445;37.491;1228.445;108.315
5854;1;Los Espinos + Santa Rosa;final;1277.142;1802.897;1277.142;362.897;263.451
5855;1;Los Espinos + Santa Rosa;final;1268.557;1814.147;1268.557;374.147;286.52
5855.1;1;Los Espinos + Santa Rosa;final;1505.8;2646.05;65.8;1206.05;133.67
5856;1;Los Espinos + Santa Rosa;final;1238.486;1825.397;1238.486;385.397;240.267
5857;1;Los Espinos + Santa Rosa;final;1292.47;1836.647;1292.47;396.647;256.745
5858;1;Los Espinos + Santa Rosa;final;1319.322;1847.897;1319.322;407.897;291.509
5858.1;1;Los Espinos + Santa Rosa;final;1382.276;2644.935;1382.276;1204.935;102.225
5859;1;Los Espinos + Santa Rosa;final;1271.142;1859.147;1271.142;419.147;236.317
5860;1;Los Espinos + Santa Rosa;final;1423.474;1870.397;1423.474;430.397;300.587
5860.1;1;Los Espinos + Santa Rosa;final;1498.357;2808.706;58.357;1368.706;62.964
5861;1;Los Espinos + Santa Rosa;final;851.915;1438.431;851.915;1438.431;294.926
5861.1;1;Los Espinos + Santa Rosa;final;1494.472;2237.074;54.472;797.074;242.233
5862;1;Los Espinos + Santa Rosa;final;1100.409;1573.431;1100.409;133.431;305.654
5862.1;1;Los Espinos + Santa Rosa;final;1368.021;2479.078;1368.021;1039.078;106.83
5863;1;Los Espinos + Santa Rosa;final;1198.915;1708.431;1198.915;268.431;275.213
5864;1;Los Espinos + Santa Rosa;final;1301.909;1720.431;1301.909;280.431;304.994
5865;1;Los Espinos + Santa Rosa;final;1312.955;1732.431;1312.955;292.431;306.848
5866;1;Los Espinos + Santa Rosa;final;1173.425;1744.431;1173.425;304.431;253.095
5867;1;Los Espinos + Santa Rosa;final;1356.749;1824.681;1356.749;384.681;300.908
5867.1;1;Los Espinos + Santa Rosa;final;1412.993;2752.186;1412.993;1312.186;39.685
5868;1;Los Espinos + Santa Rosa;final;1381.188;1835.931;1381.188;395.931;311.098
5868.1;1;Los Espinos + Santa Rosa;final;1522.979;2759.827;82.979;1319.827;91.523
5869;1;Los Espinos + Santa Rosa;final;1278.496;1858.431;1278.496;418.431;276.242
5870;1;Los Espinos + Santa Rosa;final;608.189;1387.959;608.189;1387.959;275.142
5870.1;1;Los Espinos + Santa Rosa;final;1440.048;1991.794;0.048;551.794;292.128
5870.2;1;Los Espinos + Santa Rosa;final;1513.151;2792.042;73.151;1352.042;73.82
5871;1;Los Espinos + Santa Rosa;final;833.844;1417.959;833.844;1417.959;306.924
5871.1;1;Los Espinos + Santa Rosa;final;1413.773;2209.581;1413.773;769.581;197.065
5872;1;Los Espinos + Santa Rosa;final;945.964;1404.678;945.964;1404.678;303.405
5872.1;1;Los Espinos + Santa Rosa;final;1407.031;2333.502;1407.031;893.502;185.732
5873;1;Los Espinos + Santa Rosa;final;1039.423;1434.678;1039.423;1434.678;299.998
5873.1;1;Los Espinos + Santa Rosa;final;1301.139;2446.137;1301.139;1006.137;101.605
5874;1;Los Espinos + Santa Rosa;intermedia;845.936;866.0;845.936;866.0;300.899
5874;2;Los Espinos + Santa Rosa;final;969.604;1464.678;969.604;24.678;38.684
5874.1;1;Los Espinos + Santa Rosa;final;1439.985;2383.415;1439.985;943.415;178.877
5875;1;Los Espinos + Santa Rosa;final;1289.748;1722.081;1289.748;282.081;303.403
5875.1;1;Los Espinos + Santa Rosa;final;1405.065;2642.042;1405.065;1202.042;83.167
5876;1;Los Espinos + Santa Rosa;final;1317.292;1734.081;1317.292;294.081;310.01
5876.1;1;Los Espinos + Santa Rosa;final;1388.808;2713.937;1388.808;1273.937;52.197
5877;1;Los Espinos + Santa Rosa;final;1370.808;1740.081;1370.808;300.081;296.387
5878;1;Los Espinos + Santa Rosa;final;1351.732;1746.081;1351.732;306.081;298.503
5878.1;1;Los Espinos + Santa Rosa;final;1407.261;2719.8;1407.261;1279.8;58.722
5879;1;Los Espinos + Santa Rosa;final;1286.176;1752.081;1286.176;312.081;274.65
5880;1;Los Espinos + Santa Rosa;final;552.401;1758.081;552.401;318.081;87.587
5881;1;Los Espinos + Santa Rosa;final;1302.496;1764.081;1302.496;324.081;286.038
5881.1;1;Los Espinos + Santa Rosa;final;1522.839;2658.526;82.839;1218.526;145.729
5882;1;Los Espinos + Santa Rosa;final;1359.261;1770.081;1359.261;330.081;310.952
5882.1;1;Los Espinos + Santa Rosa;final;1391.741;2712.081;1391.741;1272.081;54.491
5883;1;Los Espinos + Santa Rosa;final;1310.635;1782.081;1310.635;342.081;289.289
5883.1;1;Los Espinos + Santa Rosa;final;1392.892;2661.482;1392.892;1221.482;73.421
5884;1;Los Espinos + Santa Rosa;final;1270.696;1792.648;1270.696;352.648;260.38
5885;1;Los Espinos + Santa Rosa;final;1372.552;1797.931;1372.552;357.931;298.673
5886;1;Los Espinos + Santa Rosa;final;1311.967;1840.198;1311.967;400.198;311.836
5887;1;Los Espinos + Santa Rosa;final;1476.06;1845.481;36.06;405.481;311.852
5888;1;Los Espinos + Santa Rosa;final;1473.617;1861.331;33.617;421.331;307.534
5889;1;Los Espinos + Santa Rosa;final;1421.186;1872.081;1421.186;432.081;269.275
5889.1;1;Los Espinos + Santa Rosa;final;1535.563;2857.547;95.563;1417.547;51.507
5890;1;Los Espinos + Santa Rosa;final;1072.086;1393.445;1072.086;1393.445;308.21
5890.1;1;Los Espinos + Santa Rosa;final;1474.963;2472.737;34.963;1032.737;169.416
5891;1;Los Espinos + Santa Rosa;final;1295.904;1723.445;1295.904;283.445;274.921
5891.1;1;Los Espinos + Santa Rosa;final;1479.821;2674.465;39.821;1234.465;107.569
5892;1;Los Espinos + Santa Rosa;final;1313.661;1743.445;1313.661;303.445;306.393
5893;1;Los Espinos + Santa Rosa;final;535.028;1763.445;535.028;323.445;81.037
5894;1;Los Espinos + Santa Rosa;final;1347.346;1783.445;1347.346;343.445;283.069
5894.1;1;Los Espinos + Santa Rosa;final;1498.004;2699.147;58.004;1259.147;104.464
5895;1;Los Espinos + Santa Rosa;final;1283.185;1793.445;1283.185;353.445;290.728
5896;1;Los Espinos + Santa Rosa;final;1419.619;1803.445;1419.619;363.445;305.775
5897;1;Los Espinos + Santa Rosa;final;1408.614;1813.445;1408.614;373.445;310.81
5897.1;1;Los Espinos + Santa Rosa;final;1428.231;2818.049;1428.231;1378.049;23.753
5898;1;Los Espinos + Santa Rosa;final;1336.566;1823.445;1336.566;383.445;271.7
5898.1;1;Los Espinos + Santa Rosa;final;1471.741;2734.618;31.741;1294.618;79.503
5899;1;Los Espinos + Santa Rosa;final;1319.519;1833.445;1319.519;393.445;280.441
5899.1;1;Los Espinos + Santa Rosa;final;1452.919;2750.881;12.919;1310.881;70.91
5900;1;Los Espinos + Santa Rosa;final;534.844;1843.445;534.844;403.445;56.512
5901;1;Los Espinos + Santa Rosa;final;554.844;1863.445;554.844;423.445;56.512
5902;1;Los Espinos + Santa Rosa;final;1257.536;1873.445;1257.536;433.445;294.754
5902.1;1;Los Espinos + Santa Rosa;final;1396.905;2619.792;1396.905;1179.792;93.283
5903;1;Los Espinos + Santa Rosa;final;1263.465;2503.445;1263.465;1063.445;73.89
5904;1;Los Espinos + Santa Rosa;final;1302.644;2510.111;1302.644;1070.111;85.828
5905;1;Los Espinos + Santa Rosa;final;1278.414;2523.445;1278.414;1083.445;75.764
5906;1;Los Espinos + Santa Rosa;final;1043.315;1411.163;1043.315;1411.163;288.954
5906.1;1;Los Espinos + Santa Rosa;final;1504.759;2431.407;64.759;991.407;203.283
5907;1;Los Espinos + Santa Rosa;intermedia;992.069;1003.0;992.069;1003.0;301.474
5907;2;Los Espinos + Santa Rosa;final;1106.819;1441.163;1106.819;1.163;28.788
5907.1;1;Los Espinos + Santa Rosa;final;1471.942;2540.881;31.942;1100.881;142.425
5908;1;Los Espinos + Santa Rosa;final;1339.594;1741.163;1339.594;301.163;289.132
5909;1;Los Espinos + Santa Rosa;final;1393.072;1751.163;1393.072;311.163;306.423
5909.1;1;Los Espinos + Santa Rosa;final;1457.058;2768.794;17.058;1328.794;59.449
5910;1;Los Espinos + Santa Rosa;final;1278.773;1761.163;1278.773;321.163;282.781
5911;1;Los Espinos + Santa Rosa;final;1384.55;1771.163;1384.55;331.163;298.831
5911.1;1;Los Espinos + Santa Rosa;final;1464.148;2821.542;24.148;1381.542;36.624
5912;1;Los Espinos + Santa Rosa;final;1429.49;1801.163;1429.49;361.163;239.89
5913;1;Los Espinos + Santa Rosa;final;1285.271;1855.163;1285.271;415.163;230.358
5914;1;Los Espinos + Santa Rosa;final;1309.131;1873.163;1309.131;433.163;267.46
5915;1;Los Espinos + Santa Rosa;final;980.517;1415.745;980.517;1415.745;300.059
5915.1;1;Los Espinos + Santa Rosa;final;1513.004;2406.503;73.004;966.503;207.163
5916;1;Los Espinos + Santa Rosa;final;1250.536;1745.745;1250.536;305.745;277.21
5916.1;1;Los Espinos + Santa Rosa;final;1485.482;2678.881;45.482;1238.881;123.122
5917;1;Los Espinos + Santa Rosa;final;1373.315;1755.745;1373.315;315.745;299.9
5918;1;Los Espinos + Santa Rosa;final;1352.88;1765.745;1352.88;325.745;299.858
5919;1;Los Espinos + Santa Rosa;final;1302.229;1775.745;1302.229;335.745;273.989
5920;1;Los Espinos + Santa Rosa;final;1330.769;1785.745;1330.769;345.745;280.149
5920.1;1;Los Espinos + Santa Rosa;final;1411.669;2762.881;1411.669;1322.881;42.938
5921;1;Los Espinos + Santa Rosa;final;1333.356;1795.745;1333.356;355.745;292.033
5921.1;1;Los Espinos + Santa Rosa;final;1384.774;2733.041;1384.774;1293.041;45.312
5922;1;Los Espinos + Santa Rosa;final;1375.953;1805.745;1375.953;365.745;283.511
5922.1;1;Los Espinos + Santa Rosa;final;1512.919;2810.881;72.919;1370.881;70.91
5923;1;Los Espinos + Santa Rosa;final;1168.915;1814.745;1168.915;374.745;101.701
5924;1;Los Espinos + Santa Rosa;final;1444.515;1823.745;4.515;383.745;306.153
5924.1;1;Los Espinos + Santa Rosa;final;1484.028;2799.111;44.028;1359.111;56.512
5925;1;Los Espinos + Santa Rosa;final;516.774;1832.745;516.774;392.745;46.912
5926;1;Los Espinos + Santa Rosa;final;1426.554;1841.745;1426.554;401.745;312.784
5926.1;1;Los Espinos + Santa Rosa;final;1459.985;2838.296;19.985;1398.296;27.525
5927;1;Los Espinos + Santa Rosa;final;1425.83;1850.745;1425.83;410.745;190.303
5928;1;Los Espinos + Santa Rosa;final;1433.333;1859.745;1433.333;419.745;296.463
5929;1;Los Espinos + Santa Rosa;final;1219.476;1868.745;1219.476;428.745;228.162
5930;1;Los Espinos + Santa Rosa;final;1240.418;1886.745;1240.418;446.745;210.379
5931;1;Los Espinos + Santa Rosa;final;1468.898;1895.745;28.898;455.745;300.342
5932;1;Los Espinos + Santa Rosa;final;1401.718;1753.163;1401.718;313.163;308.95
5932.1;1;Los Espinos + Santa Rosa;final;1457.474;2779.728;17.474;1339.728;55.113
5933;1;Los Espinos + Santa Rosa;final;1345.365;1765.163;1345.365;325.163;279.889
5934;1;Los Espinos + Santa Rosa;final;1178.157;1777.163;1178.157;337.163;121.06
5935;1;Los Espinos + Santa Rosa;final;1369.814;1789.163;1369.814;349.163;303.787
5935.1;1;Los Espinos + Santa Rosa;final;1480.193;2831.277;40.193;1391.277;39.596
5936;1;Los Espinos + Santa Rosa;final;489.964;1851.163;489.964;411.163;30.889
5937;1;Los Espinos + Santa Rosa;final;1269.979;1761.283;1269.979;321.283;267.782
5937.1;1;Los Espinos + Santa Rosa;final;1373.448;2620.397;1373.448;1180.397;91.53
5938;1;Los Espinos + Santa Rosa;final;506.974;1773.283;506.974;333.283;62.767
5939;1;Los Espinos + Santa Rosa;final;1302.831;1785.283;1302.831;345.283;295.554
5939.1;1;Los Espinos + Santa Rosa;final;1470.038;2650.397;30.038;1210.397;110.644
5940;1;Los Espinos + Santa Rosa;final;1399.115;1797.283;1399.115;357.283;304.284
5940.1;1;Los Espinos + Santa Rosa;final;1501.865;2742.803;61.865;1302.803;108.469
5941;1;Los Espinos + Santa Rosa;final;1216.853;1821.283;1216.853;381.283;256.785
5941.1;1;Los Espinos + Santa Rosa;final;1364.552;2649.881;1364.552;1209.881;70.91
5942;1;Los Espinos + Santa Rosa;final;1252.215;1851.283;1252.215;411.283;112.167
5943;1;Los Espinos + Santa Rosa;final;1301.353;1861.283;1301.353;421.283;298.108
5943.1;1;Los Espinos + Santa Rosa;final;1444.186;2732.881;4.186;1292.881;75.107
5944;1;Los Espinos + Santa Rosa;final;1311.227;1891.283;1311.227;451.283;249.899
5945;1;Los Espinos + Santa Rosa;final;1265.142;1911.283;1265.142;471.283;211.449
5946;1;Los Espinos + Santa Rosa;final;1209.947;1724.862;1209.947;284.862;261.989
5947;1;Los Espinos + Santa Rosa;final;1255.973;1739.862;1255.973;299.862;255.685
5948;1;Los Espinos + Santa Rosa;final;1302.993;1754.862;1302.993;314.862;281.156
5949;1;Los Espinos + Santa Rosa;final;541.73;1769.862;541.73;329.862;85.292
5950;1;Los Espinos + Santa Rosa;final;1354.83;1799.862;1354.83;359.862;288.817
5950.1;1;Los Espinos + Santa Rosa;final;1413.89;2714.862;1413.89;1274.862;69.144
5951;1;Los Espinos + Santa Rosa;final;1295.375;1807.362;1295.375;367.362;239.255
5952;1;Los Espinos + Santa Rosa;final;1314.028;1814.862;1314.028;374.862;277.109
5953;1;Los Espinos + Santa Rosa;final;1201.473;1829.862;1201.473;389.862;212.893
5954;1;Los Espinos + Santa Rosa;final;1369.83;1837.362;1369.83;397.362;275.403
5955;1;Los Espinos + Santa Rosa;final;1367.488;1844.862;1367.488;404.862;277.275
5956;1;Los Espinos + Santa Rosa;final;1179.54;1859.862;1179.54;419.862;198.768
5957;1;Los Espinos + Santa Rosa;final;1318.015;1714.572;1318.015;274.572;300.76
5958;1;Los Espinos + Santa Rosa;final;1364.14;1726.572;1364.14;286.572;308.879
5958.1;1;Los Espinos + Santa Rosa;final;1463.756;2704.572;23.756;1264.572;93.006
5959;1;Los Espinos + Santa Rosa;final;1281.802;1738.572;1281.802;298.572;311.746
5959.1;1;Los Espinos + Santa Rosa;final;1525.059;2681.287;85.059;1241.287;127.127
5960;1;Los Espinos + Santa Rosa;final;1260.003;1750.572;1260.003;310.572;294.404
5960.1;1;Los Espinos + Santa Rosa;final;1375.903;2655.891;1375.903;1215.891;73.653
5961;1;Los Espinos + Santa Rosa;final;1283.34;1793.822;1283.34;353.822;273.691
5962;1;Los Espinos + Santa Rosa;final;1327.49;1825.905;1327.49;385.905;284.971
5963;1;Los Espinos + Santa Rosa;final;1287.141;1832.322;1287.141;392.322;297.199
5963.1;1;Los Espinos + Santa Rosa;final;1345.42;2674.044;1345.42;1234.044;47.857
5964;1;Los Espinos + Santa Rosa;final;1322.488;1851.572;1322.488;411.572;248.003
5965;1;Los Espinos + Santa Rosa;final;1354.923;1857.989;1354.923;417.989;263.198
5966;1;Los Espinos + Santa Rosa;final;1327.273;1864.572;1327.273;424.572;252.371
5967;1;Los Espinos + Santa Rosa;final;1372.49;2614.572;1372.49;1174.572;94.86
5968;1;Los Espinos + Santa Rosa;final;1199.941;1430.132;1199.941;1430.132;306.092
5968.1;1;Los Espinos + Santa Rosa;final;1397.467;2586.657;1397.467;1146.657;106.827
5969;1;Los Espinos + Santa Rosa;final;1232.114;1772.881;1232.114;332.881;260.777
5970;1;Los Espinos + Santa Rosa;final;1421.287;1784.881;1421.287;344.881;313.328
5970.1;1;Los Espinos + Santa Rosa;final;1473.958;2828.296;33.958;1388.296;36.352
5971;1;Los Espinos + Santa Rosa;final;1344.154;1796.881;1344.154;356.881;289.632
5971.1;1;Los Espinos + Santa Rosa;final;1414.821;2725.915;1414.821;1285.915;61.089
5972;1;Los Espinos + Santa Rosa;final;1461.512;1910.881;21.512;470.881;294.325
5973;1;Los Espinos + Santa Rosa;final;1027.463;1475.406;1027.463;35.406;304.222
5973.1;1;Los Espinos + Santa Rosa;final;1447.949;2400.377;7.949;960.377;181.068
5974;1;Los Espinos + Santa Rosa;final;1312.91;1745.406;1312.91;305.406;294.597
5975;1;Los Espinos + Santa Rosa;final;1114.974;1750.006;1114.974;310.006;291.667
5975.1;1;Los Espinos + Santa Rosa;final;1515.491;2499.706;75.491;1059.706;191.471
5976;1;Los Espinos + Santa Rosa;final;484.053;1754.606;484.053;314.606;64.027
5977;1;Los Espinos + Santa Rosa;final;1125.409;1759.206;1125.409;319.206;283.381
5977.1;1;Los Espinos + Santa Rosa;final;1492.549;2504.078;52.549;1064.078;149.723
5978;1;Los Espinos + Santa Rosa;final;1357.858;1763.806;1357.858;323.806;290.42
5978.1;1;Los Espinos + Santa Rosa;final;1476.707;2759.721;36.707;1319.721;74.855
5979;1;Los Espinos + Santa Rosa;final;1256.651;1768.406;1256.651;328.406;271.223
5980;1;Los Espinos + Santa Rosa;final;1173.336;1773.006;1173.336;333.006;245.083
5981;1;Los Espinos + Santa Rosa;final;1403.563;1777.606;1403.563;337.606;312.687
5982;1;Los Espinos + Santa Rosa;final;1352.974;1786.806;1352.974;346.806;285.69
5983;1;Los Espinos + Santa Rosa;final;1266.786;1796.006;1266.786;356.006;230.011
5984;1;Los Espinos + Santa Rosa;final;1370.663;1805.406;1370.663;365.406;286.637
5984.1;1;Los Espinos + Santa Rosa;final;1502.058;2725.377;62.058;1285.377;100.539
5985;1;Los Espinos + Santa Rosa;final;1290.161;1822.54;1290.161;382.54;240.849
5986;1;Los Espinos + Santa Rosa;final;1192.253;1839.673;1192.253;399.673;213.519
5987;1;Los Espinos + Santa Rosa;final;1276.247;1843.956;1276.247;403.956;260.794
5988;1;Los Espinos + Santa Rosa;final;1398.361;1882.506;1398.361;442.506;269.864
5989;1;Los Espinos + Santa Rosa;final;1162.944;1465.915;1162.944;25.915;304.189
5989.1;1;Los Espinos + Santa Rosa;final;1462.985;2519.214;22.985;1079.214;140.466
5990;1;Los Espinos + Santa Rosa;final;1171.857;1668.415;1171.857;228.415;284.647
5990.1;1;Los Espinos + Santa Rosa;final;1468.896;2541.763;28.896;1101.763;137.317
5991;1;Los Espinos + Santa Rosa;final;1338.689;1735.915;1338.689;295.915;312.305
5991.1;1;Los Espinos + Santa Rosa;final;1481.345;2731.379;41.345;1291.379;88.862
5992;1;Los Espinos + Santa Rosa;final;1300.782;1741.915;1300.782;301.915;302.081
5992.1;1;Los Espinos + Santa Rosa;final;1466.911;2648.536;26.911;1208.536;118.961
5993;1;Los Espinos + Santa Rosa;final;1296.155;1747.915;1296.155;307.915;284.432
5993.1;1;Los Espinos + Santa Rosa;final;1497.755;2671.062;57.755;1231.062;106.83
5994;1;Los Espinos + Santa Rosa;final;1315.242;1753.915;1315.242;313.915;281.309
5995;1;Los Espinos + Santa Rosa;final;1281.519;1759.915;1281.519;319.915;281.785
5995.1;1;Los Espinos + Santa Rosa;final;1384.298;2710.881;1384.298;1270.881;53.727
5996;1;Los Espinos + Santa Rosa;final;1209.253;1765.915;1209.253;325.915;270.938
5996.1;1;Los Espinos + Santa Rosa;final;1328.015;2640.881;1328.015;1200.881;53.727
5997;1;Los Espinos + Santa Rosa;final;1364.779;1771.915;1364.779;331.915;289.641
5998;1;Los Espinos + Santa Rosa;final;1346.285;1777.915;1346.285;337.915;301.803
5999;1;Los Espinos + Santa Rosa;final;1215.129;1783.915;1215.129;343.915;253.243
6000;1;Los Espinos + Santa Rosa;final;1395.554;1789.915;1395.554;349.915;259.6
6001;1;Los Espinos + Santa Rosa;final;1361.239;1795.915;1361.239;355.915;296.519
6001.1;1;Los Espinos + Santa Rosa;final;1530.785;2735.866;90.785;1295.866;113.805
6002;1;Los Espinos + Santa Rosa;final;1430.631;1801.531;1430.631;361.531;311.544
6002.1;1;Los Espinos + Santa Rosa;final;1455.836;2778.93;15.836;1338.93;53.871
6003;1;Los Espinos + Santa Rosa;final;1444.821;1807.148;4.821;367.148;314.41
6004;1;Los Espinos + Santa Rosa;final;1432.148;1812.765;1432.148;372.765;305.146
6004.1;1;Los Espinos + Santa Rosa;final;1445.736;2777.07;5.736;1337.07;55.654
6005;1;Los Espinos + Santa Rosa;final;1383.617;1823.998;1383.617;383.998;208.189
6006;1;Los Espinos + Santa Rosa;final;1251.802;1835.231;1251.802;395.231;253.339
6007;1;Los Espinos + Santa Rosa;final;1305.196;1840.848;1305.196;400.848;244.208
6008;1;Los Espinos + Santa Rosa;final;1397.41;1846.465;1397.41;406.465;300.334
6008.1;1;Los Espinos + Santa Rosa;final;1501.41;2747.011;61.41;1307.011;91.135
6009;1;Los Espinos + Santa Rosa;final;1401.758;1852.081;1401.758;412.081;289.443
6009.1;1;Los Espinos + Santa Rosa;final;1479.525;2800.47;39.525;1360.47;58.221
6010;1;Los Espinos + Santa Rosa;final;1405.992;1863.315;1405.992;423.315;311.306
6010.1;1;Los Espinos + Santa Rosa;final;1447.169;2838.675;7.169;1398.675;22.125
6011;1;Los Espinos + Santa Rosa;final;1254.275;1874.548;1254.275;434.548;225.364
6012;1;Los Espinos + Santa Rosa;final;1470.253;1880.165;30.253;440.165;301.018
6013;1;Los Espinos + Santa Rosa;final;1483.669;1885.781;43.669;445.781;298.413
6014;1;Los Espinos + Santa Rosa;final;1293.453;1885.915;1293.453;445.915;236.935
6015;1;Los Espinos + Santa Rosa;final;1286.395;1771.098;1286.395;331.098;284.854
6015.1;1;Los Espinos + Santa Rosa;final;1364.811;2667.417;1364.811;1227.417;57.957
6016;1;Los Espinos + Santa Rosa;final;1333.419;1781.098;1333.419;341.098;273.112
6016.1;1;Los Espinos + Santa Rosa;final;1454.079;2764.214;14.079;1324.214;56.287
6017;1;Los Espinos + Santa Rosa;final;486.036;1791.098;486.036;351.098;47.597
6018;1;Los Espinos + Santa Rosa;final;1417.019;1801.098;1417.019;361.098;306.939
6018.1;1;Los Espinos + Santa Rosa;final;1491.942;2810.14;51.942;1370.14;57.027
6019;1;Los Espinos + Santa Rosa;final;1334.88;1811.098;1334.88;371.098;314.272
6019.1;1;Los Espinos + Santa Rosa;final;1427.276;2715.57;1427.276;1275.57;62.767
6020;1;Los Espinos + Santa Rosa;final;528.636;1820.881;528.636;380.881;47.099
6021;1;Los Espinos + Santa Rosa;final;1350.685;1878.631;1350.685;438.631;238.827
6022;1;Los Espinos + Santa Rosa;final;1310.735;1885.047;1310.735;445.047;259.087
6023;1;Los Espinos + Santa Rosa;final;1578.216;1910.881;138.216;470.881;306.014
6024;1;Los Espinos + Santa Rosa;final;1251.011;1743.055;1251.011;303.055;314.718
6024.1;1;Los Espinos + Santa Rosa;final;1370.944;2602.081;1370.944;1162.081;85.301
6025;1;Los Espinos + Santa Rosa;final;1287.486;1755.055;1287.486;315.055;293.792
6026;1;Los Espinos + Santa Rosa;final;1348.204;1767.055;1348.204;327.055;220.002
6027;1;Los Espinos + Santa Rosa;final;1301.522;1779.055;1301.522;339.055;292.25
6027.1;1;Los Espinos + Santa Rosa;final;1475.374;2709.168;35.374;1269.168;95.266
6028;1;Los Espinos + Santa Rosa;final;1327.208;1791.055;1327.208;351.055;290.275
6028.1;1;Los Espinos + Santa Rosa;final;1503.503;2707.809;63.503;1267.809;112.261
6029;1;Los Espinos + Santa Rosa;final;1349.271;1803.055;1349.271;363.055;281.283
6030;1;Los Espinos + Santa Rosa;final;1357.302;1814.305;1357.302;374.305;293.028
6030.1;1;Los Espinos + Santa Rosa;final;1428.475;2710.649;1428.475;1270.649;73.421
6031;1;Los Espinos + Santa Rosa;final;1359.381;1825.555;1359.381;385.555;289.341
6031.1;1;Los Espinos + Santa Rosa;final;1437.736;2736.438;1437.736;1296.438;71.164
6032;1;Los Espinos + Santa Rosa;final;1399.581;1836.805;1399.581;396.805;308.09
6033;1;Los Espinos + Santa Rosa;final;1406.985;1848.055;1406.985;408.055;313.713
6033.1;1;Los Espinos + Santa Rosa;final;1492.684;2784.971;52.684;1344.971;72.498
6034;1;Los Espinos + Santa Rosa;final;1359.477;1859.305;1359.477;419.305;286.526
6035;1;Los Espinos + Santa Rosa;final;1210.405;1870.555;1210.405;430.555;217.362
6036;1;Los Espinos + Santa Rosa;final;1346.336;1881.805;1346.336;441.805;267.347
6037;1;Los Espinos + Santa Rosa;final;1357.6;1893.055;1357.6;453.055;263.258
6038;1;Los Espinos + Santa Rosa;final;1187.486;1701.875;1187.486;261.875;293.138
6039;1;Los Espinos + Santa Rosa;final;1251.748;1713.875;1251.748;273.875;309.414
6039.1;1;Los Espinos + Santa Rosa;final;1311.294;2610.111;1311.294;1170.111;56.512
6040;1;Los Espinos + Santa Rosa;final;1228.93;1725.875;1228.93;285.875;297.885
6041;1;Los Espinos + Santa Rosa;final;1177.775;1737.875;1177.775;297.875;263.964
6041.1;1;Los Espinos + Santa Rosa;final;1349.875;2572.087;1349.875;1132.087;106.651
6042;1;Los Espinos + Santa Rosa;final;1212.808;1749.875;1212.808;309.875;298.819
6042.1;1;Los Espinos + Santa Rosa;final;1288.658;2541.391;1288.658;1101.391;82.549
6043;1;Los Espinos + Santa Rosa;final;1311.941;1761.875;1311.941;321.875;296.394
6043.1;1;Los Espinos + Santa Rosa;final;1516.839;2680.921;76.839;1240.921;124.132
6044;1;Los Espinos + Santa Rosa;final;1262.392;1773.125;1262.392;333.125;263.815
6045;1;Los Espinos + Santa Rosa;final;1320.685;1829.375;1320.685;389.375;262.789
6046;1;Los Espinos + Santa Rosa;final;1311.011;1851.875;1311.011;411.875;308.859
6047;1;Los Espinos + Santa Rosa;final;1006.784;1393.796;1006.784;1393.796;272.081
6047.1;1;Los Espinos + Santa Rosa;final;1496.954;2433.287;56.954;993.287;195.152
6048;1;Los Espinos + Santa Rosa;final;957.214;1423.796;957.214;1423.796;311.113
6048.1;1;Los Espinos + Santa Rosa;final;1466.608;2343.502;26.608;903.502;205.9
6049;1;Los Espinos + Santa Rosa;final;1323.146;1723.796;1323.146;283.796;303.872
6049.1;1;Los Espinos + Santa Rosa;final;1398.651;2671.777;1398.651;1231.777;75.832
6050;1;Los Espinos + Santa Rosa;final;1326.651;1731.296;1326.651;291.296;301.046
6050.1;1;Los Espinos + Santa Rosa;final;1518.755;2720.287;78.755;1280.287;102.331
6051;1;Los Espinos + Santa Rosa;final;1296.792;1738.796;1296.792;298.796;290.064
6051.1;1;Los Espinos + Santa Rosa;final;1565.051;2672.628;125.051;1232.628;147.472
6052;1;Los Espinos + Santa Rosa;final;552.156;1746.296;552.156;306.296;116.922
6053;1;Los Espinos + Santa Rosa;final;560.322;1753.796;560.322;313.796;116.922
6054;1;Los Espinos + Santa Rosa;final;1352.701;1761.296;1352.701;321.296;304.063
6055;1;Los Espinos + Santa Rosa;final;523.047;1768.796;523.047;328.796;78.993
6056;1;Los Espinos + Santa Rosa;final;1205.28;1776.296;1205.28;336.296;244.589
6057;1;Los Espinos + Santa Rosa;final;1346.053;1783.796;1346.053;343.796;311.8
6057.1;1;Los Espinos + Santa Rosa;final;1423.669;2774.881;1423.669;1334.881;42.938
6058;1;Los Espinos + Santa Rosa;final;1330.896;1791.296;1330.896;351.296;256.854
6059;1;Los Espinos + Santa Rosa;final;1339.229;1798.796;1339.229;358.796;280.982
6060;1;Los Espinos + Santa Rosa;final;496.369;1806.296;496.369;366.296;47.554
6061;1;Los Espinos + Santa Rosa;final;1277.174;1821.296;1277.174;381.296;251.346
6062;1;Los Espinos + Santa Rosa;final;1421.254;1828.796;1421.254;388.796;306.052
6062.1;1;Los Espinos + Santa Rosa;final;1472.993;2812.186;32.993;1372.186;39.685
6063;1;Los Espinos + Santa Rosa;final;1384.756;1836.296;1384.756;396.296;270.97
6064;1;Los Espinos + Santa Rosa;final;1353.215;1843.796;1353.215;403.796;280.322
6065;1;Los Espinos + Santa Rosa;final;1375.002;1851.296;1375.002;411.296;295.518
6066;1;Los Espinos + Santa Rosa;final;1416.796;1858.796;1416.796;418.796;287.349
6067;1;Los Espinos + Santa Rosa;final;1369.553;1866.296;1369.553;426.296;272.781
6067.1;1;Los Espinos + Santa Rosa;final;1482.229;2804.214;42.229;1364.214;51.507
6068;1;Los Espinos + Santa Rosa;final;1040.554;1430.132;1040.554;1430.132;300.281
6068.1;1;Los Espinos + Santa Rosa;final;1500.657;2458.296;60.657;1018.296;161.734
6069;1;Los Espinos + Santa Rosa;intermedia;946.086;967.0;946.086;967.0;302.217
6069;2;Los Espinos + Santa Rosa;final;1128.419;1460.132;1128.419;20.132;48.711
6069.1;1;Los Espinos + Santa Rosa;final;1372.263;2560.081;1372.263;1120.081;95.231
6070;1;Los Espinos + Santa Rosa;final;1332.993;1777.265;1332.993;337.265;300.32
6070.1;1;Los Espinos + Santa Rosa;final;1392.993;2732.186;1392.993;1292.186;39.685
6071;1;Los Espinos + Santa Rosa;final;1354.179;1785.832;1354.179;345.832;283.243
6071.1;1;Los Espinos + Santa Rosa;final;1436.867;2710.347;1436.867;1270.347;76.934
6072;1;Los Espinos + Santa Rosa;final;1282.285;1794.399;1282.285;354.399;267.52
6073;1;Los Espinos + Santa Rosa;final;1325.485;1820.881;1325.485;380.881;261.494
6074;1;Los Espinos + Santa Rosa;final;1401.129;1910.881;1401.129;470.881;271.0
6075;1;Los Espinos + Santa Rosa;final;1280.449;1727.103;1280.449;287.103;308.645
6075.1;1;Los Espinos + Santa Rosa;final;1433.929;2649.8;1433.929;1209.8;93.464
6076;1;Los Espinos + Santa Rosa;final;1187.969;1735.67;1187.969;295.67;295.66
6076.1;1;Los Espinos + Santa Rosa;final;1495.277;2617.981;55.277;1177.981;128.842
6077;1;Los Espinos + Santa Rosa;final;1332.072;1744.236;1332.072;304.236;313.696
6077.1;1;Los Espinos + Santa Rosa;final;1415.121;2698.394;1415.121;1258.394;68.837
6078;1;Los Espinos + Santa Rosa;final;1355.121;1752.803;1355.121;312.803;307.858
6079;1;Los Espinos + Santa Rosa;final;1209.519;1761.37;1209.519;321.37;264.38
6080;1;Los Espinos + Santa Rosa;final;485.469;1778.536;485.469;338.536;55.654
6081;1;Los Espinos + Santa Rosa;final;1239.444;1868.536;1239.444;428.536;228.344
6082;1;Los Espinos + Santa Rosa;final;1188.426;1780.881;1188.426;340.881;246.252
6083;1;Los Espinos + Santa Rosa;final;1276.651;1790.881;1276.651;350.881;281.007
6083.1;1;Los Espinos + Santa Rosa;final;1501.232;2658.037;61.232;1218.037;115.254
6084;1;Los Espinos + Santa Rosa;final;1234.119;1800.881;1234.119;360.881;273.17
6085;1;Los Espinos + Santa Rosa;final;1375.769;1820.881;1375.769;380.881;290.46
6085.1;1;Los Espinos + Santa Rosa;final;1442.276;2810.881;2.276;1370.881;30.429
6086;1;Los Espinos + Santa Rosa;final;1344.4;1910.881;1344.4;470.881;306.491
6086.1;1;Los Espinos + Santa Rosa;final;1424.602;2771.932;1424.602;1331.932;43.387
6087;1;Los Espinos + Santa Rosa;final;1249.775;1748.103;1249.775;308.103;299.585
6087.1;1;Los Espinos + Santa Rosa;final;1473.052;2641.937;33.052;1201.937;123.844
6088;1;Los Espinos + Santa Rosa;final;1300.665;1758.103;1300.665;318.103;298.434
6089;1;Los Espinos + Santa Rosa;final;1345.242;1768.103;1345.242;328.103;306.293
6090;1;Los Espinos + Santa Rosa;final;1230.808;1778.103;1230.808;338.103;279.406
6090.1;1;Los Espinos + Santa Rosa;final;1575.431;2564.911;135.431;1124.911;204.891
6091;1;Los Espinos + Santa Rosa;final;1327.292;1788.103;1327.292;348.103;293.661
6091.1;1;Los Espinos + Santa Rosa;final;1441.981;2722.737;1.981;1282.737;83.007
6092;1;Los Espinos + Santa Rosa;final;1302.116;1798.103;1302.116;358.103;276.382
6092.1;1;Los Espinos + Santa Rosa;final;1439.164;2669.521;1439.164;1229.521;91.417
6093;1;Los Espinos + Santa Rosa;final;1384.725;1808.103;1384.725;368.103;290.613
6094;1;Los Espinos + Santa Rosa;final;1288.092;1830.603;1288.092;390.603;280.406
6095;1;Los Espinos + Santa Rosa;final;1174.475;1838.103;1174.475;398.103;211.973
6096;1;Los Espinos + Santa Rosa;final;1270.958;1845.603;1270.958;405.603;239.138
6097;1;Los Espinos + Santa Rosa;final;1320.506;1853.103;1320.506;413.103;287.731
6097.1;1;Los Espinos + Santa Rosa;final;1451.406;2732.991;11.406;1292.991;71.883
6098;1;Los Espinos + Santa Rosa;final;1368.057;1860.603;1368.057;420.603;303.521
6099;1;Los Espinos + Santa Rosa;final;1259.821;1868.103;1259.821;428.103;233.383
6100;1;Los Espinos + Santa Rosa;final;1261.909;1875.603;1261.909;435.603;257.305
6101;1;Los Espinos + Santa Rosa;final;1330.958;1883.103;1330.958;443.103;275.141
6101.1;1;Los Espinos + Santa Rosa;final;1521.808;2724.721;81.808;1284.721;103.215
6102;1;Los Espinos + Santa Rosa;final;1201.775;1898.103;1201.775;458.103;215.187
6103;1;Los Espinos + Santa Rosa;final;958.975;1433.574;958.975;1433.574;284.325
6103.1;1;Los Espinos + Santa Rosa;final;1270.418;2367.761;1270.418;927.761;105.759
6104;1;Los Espinos + Santa Rosa;final;1187.397;1463.574;1187.397;23.574;298.378
6104.1;1;Los Espinos + Santa Rosa;final;1296.433;2602.72;1296.433;1162.72;52.864
6105;1;Los Espinos + Santa Rosa;final;1220.192;1493.008;1220.192;53.008;310.366
6106;1;Los Espinos + Santa Rosa;final;1273.27;1763.008;1273.27;323.008;291.538
6107;1;Los Espinos + Santa Rosa;final;1297.331;1771.575;1297.331;331.575;291.385
6107.1;1;Los Espinos + Santa Rosa;final;1367.046;2646.097;1367.046;1206.097;72.411
6108;1;Los Espinos + Santa Rosa;final;1359.081;1780.142;1359.081;340.142;314.03
6108.1;1;Los Espinos + Santa Rosa;final;1466.507;2710.397;26.507;1270.397;80.821
6109;1;Los Espinos + Santa Rosa;final;1321.731;1788.708;1321.731;348.708;289.952
6109.1;1;Los Espinos + Santa Rosa;final;1392.746;2671.797;1392.746;1231.797;72.411
6110;1;Los Espinos + Santa Rosa;final;1176.627;1797.275;1176.627;357.275;249.837
6111;1;Los Espinos + Santa Rosa;final;1459.389;1836.842;19.389;396.842;287.839
6112;1;Los Espinos + Santa Rosa;final;1275.735;1864.508;1275.735;424.508;223.798
6113;1;Los Espinos + Santa Rosa;final;1426.303;1892.175;1426.303;452.175;281.084
6113.1;1;Los Espinos + Santa Rosa;final;1502.838;2857.547;62.838;1417.547;40.333
6114;1;Los Espinos + Santa Rosa;final;1299.292;1775.008;1299.292;335.008;273.866
6114.1;1;Los Espinos + Santa Rosa;final;1411.981;2692.737;1411.981;1252.737;83.007
6115;1;Los Espinos + Santa Rosa;final;523.271;1787.008;523.271;347.008;64.852
6116;1;Los Espinos + Santa Rosa;final;1348.752;1799.008;1348.752;359.008;289.015
6117;1;Los Espinos + Santa Rosa;final;548.937;1811.008;548.937;371.008;64.852
6118;1;Los Espinos + Santa Rosa;final;1294.858;1823.008;1294.858;383.008;291.081
6118.1;1;Los Espinos + Santa Rosa;final;1507.074;2727.258;67.074;1287.258;96.071
6119;1;Los Espinos + Santa Rosa;final;1362.76;1879.258;1362.76;439.258;280.599
6120;1;Los Espinos + Santa Rosa;final;1148.814;1890.508;1148.814;450.508;184.116
6121;1;Los Espinos + Santa Rosa;final;1289.686;1747.572;1289.686;307.572;296.837
6121.1;1;Los Espinos + Santa Rosa;final;1373.021;2718.047;1373.021;1278.047;38.264
6122;1;Los Espinos + Santa Rosa;final;1205.59;1759.572;1205.59;319.572;251.755
6123;1;Los Espinos + Santa Rosa;final;1201.94;1771.572;1201.94;331.572;252.694
6124;1;Los Espinos + Santa Rosa;final;1289.337;1783.572;1289.337;343.572;292.402
6124.1;1;Los Espinos + Santa Rosa;final;1347.634;2699.696;1347.634;1259.696;40.272
6125;1;Los Espinos + Santa Rosa;final;1306.7;1795.572;1306.7;355.572;313.277
6125.1;1;Los Espinos + Santa Rosa;final;1503.052;2657.695;63.052;1217.695;141.655
6126;1;Los Espinos + Santa Rosa;final;1261.152;1807.572;1261.152;367.572;251.195
6127;1;Los Espinos + Santa Rosa;final;1364.179;1863.822;1364.179;423.822;263.02
6128;1;Los Espinos + Santa Rosa;final;1417.781;1886.322;1417.781;446.322;301.862
6129;1;Los Espinos + Santa Rosa;final;1354.404;1778.014;1354.404;338.014;295.583
6130;1;Los Espinos + Santa Rosa;final;1339.435;1786.581;1339.435;346.581;293.487
6131;1;Los Espinos + Santa Rosa;final;1363.221;1795.147;1363.221;355.147;289.157
6132;1;Los Espinos + Santa Rosa;final;1370.572;1803.714;1370.572;363.714;312.42
6133;1;Los Espinos + Santa Rosa;final;504.969;1812.281;504.969;372.281;46.678
6134;1;Los Espinos + Santa Rosa;final;1325.075;1831.447;1325.075;391.447;261.757
6135;1;Los Espinos + Santa Rosa;final;1283.448;1910.881;1283.448;470.881;205.982
6136;1;Los Espinos + Santa Rosa;final;1314.186;1734.046;1314.186;294.046;309.12
6136.1;1;Los Espinos + Santa Rosa;final;1500.914;2750.714;60.914;1310.714;79.221
6137;1;Los Espinos + Santa Rosa;final;1326.1;1738.329;1326.1;298.329;310.002
6137.1;1;Los Espinos + Santa Rosa;final;1461.479;2653.431;21.479;1213.431;113.587
6138;1;Los Espinos + Santa Rosa;final;1283.736;1742.612;1283.736;302.612;289.663
6139;1;Los Espinos + Santa Rosa;final;566.702;1746.896;566.702;306.896;104.37
6140;1;Los Espinos + Santa Rosa;final;498.369;1751.179;498.369;311.179;63.527
6141;1;Los Espinos + Santa Rosa;final;1290.663;1755.462;1290.663;315.462;294.366
6141.1;1;Los Espinos + Santa Rosa;final;1359.322;2642.877;1359.322;1202.877;72.082
6142;1;Los Espinos + Santa Rosa;final;1306.155;1759.746;1306.155;319.746;292.01
6142.1;1;Los Espinos + Santa Rosa;final;1511.088;2681.628;71.088;1241.628;106.83
6143;1;Los Espinos + Santa Rosa;final;1310.556;1764.029;1310.556;324.029;269.254
6144;1;Los Espinos + Santa Rosa;final;1252.531;1768.312;1252.531;328.312;251.696
6145;1;Los Espinos + Santa Rosa;final;1369.854;1772.596;1369.854;332.596;307.008
6145.1;1;Los Espinos + Santa Rosa;final;1520.746;2744.046;80.746;1304.046;89.748
6146;1;Los Espinos + Santa Rosa;final;1174.119;1776.879;1174.119;336.879;232.745
6147;1;Los Espinos + Santa Rosa;final;1268.486;1781.162;1268.486;341.162;256.402
6147.1;1;Los Espinos + Santa Rosa;final;1401.419;2696.881;1401.419;1256.881;70.91
6148;1;Los Espinos + Santa Rosa;final;1309.57;1794.046;1309.57;354.046;298.29
6148.1;1;Los Espinos + Santa Rosa;final;1519.133;2720.141;79.133;1280.141;103.748
6149;1;Los Espinos + Santa Rosa;final;1352.05;1734.168;1352.05;294.168;306.265
6149.1;1;Los Espinos + Santa Rosa;final;1473.89;2714.392;33.89;1274.392;100.604
6150;1;Los Espinos + Santa Rosa;final;1284.622;1746.168;1284.622;306.168;287.302
6151;1;Los Espinos + Santa Rosa;final;1367.915;1758.168;1367.915;318.168;312.674
6151.1;1;Los Espinos + Santa Rosa;final;1447.298;2765.406;7.298;1325.406;50.114
6152;1;Los Espinos + Santa Rosa;final;1323.802;1770.168;1323.802;330.168;286.075
6152.1;1;Los Espinos + Santa Rosa;final;1483.59;2712.14;43.59;1272.14;89.473
6153;1;Los Espinos + Santa Rosa;final;1394.104;1782.168;1394.104;342.168;306.722
6153.1;1;Los Espinos + Santa Rosa;final;1470.217;2806.83;30.217;1366.83;41.863
6154;1;Los Espinos + Santa Rosa;final;1298.221;1794.168;1298.221;354.168;284.707
6155;1;Los Espinos + Santa Rosa;final;1237.736;1805.418;1237.736;365.418;236.929
6156;1;Los Espinos + Santa Rosa;final;505.354;1741.327;505.354;301.327;85.423
6157;1;Los Espinos + Santa Rosa;final;1310.083;1753.327;1310.083;313.327;308.981
6157.1;1;Los Espinos + Santa Rosa;final;1338.903;2688.57;1338.903;1248.57;38.05
6158;1;Los Espinos + Santa Rosa;final;522.48;1765.327;522.48;325.327;74.124
6159;1;Los Espinos + Santa Rosa;final;1194.993;1828.327;1194.993;388.327;212.51
6160;1;Los Espinos + Santa Rosa;final;1376.706;1846.327;1376.706;406.327;261.502
6161;1;Los Espinos + Santa Rosa;final;1412.356;1873.327;1412.356;433.327;270.142
6162;1;Los Espinos + Santa Rosa;final;1352.488;1882.327;1352.488;442.327;243.366
6163;1;Los Espinos + Santa Rosa;final;1299.623;1891.327;1299.623;451.327;238.661
6164;1;Los Espinos + Santa Rosa;final;1365.069;1724.572;1365.069;284.572;314.158
6165;1;Los Espinos + Santa Rosa;final;1403.619;1734.572;1403.619;294.572;314.158
6165.1;1;Los Espinos + Santa Rosa;final;1519.746;2758.796;79.746;1318.796;91.695
6166;1;Los Espinos + Santa Rosa;final;1211.673;1744.572;1211.673;304.572;262.647
6167;1;Los Espinos + Santa Rosa;final;535.59;1754.572;535.59;314.572;79.244
6168;1;Los Espinos + Santa Rosa;final;1251.388;1774.572;1251.388;334.572;245.137
6169;1;Los Espinos + Santa Rosa;final;518.006;1783.572;518.006;343.572;58.991
6170;1;Los Espinos + Santa Rosa;final;1299.09;1801.572;1299.09;361.572;248.392
6171;1;Los Espinos + Santa Rosa;final;1348.256;1819.572;1348.256;379.572;257.441
6172;1;Los Espinos + Santa Rosa;final;1291.388;1864.572;1291.388;424.572;244.296
6173;1;Los Espinos + Santa Rosa;final;1233.403;1491.098;1233.403;51.098;270.769
6174;1;Los Espinos + Santa Rosa;final;1261.388;1771.098;1261.388;331.098;252.375
6175;1;Los Espinos + Santa Rosa;final;1319.444;1781.098;1319.444;341.098;267.105
6176;1;Los Espinos + Santa Rosa;final;1290.484;1791.098;1290.484;351.098;281.727
6176.1;1;Los Espinos + Santa Rosa;final;1484.101;2675.837;44.101;1235.837;110.265
6177;1;Los Espinos + Santa Rosa;final;1357.004;1801.098;1357.004;361.098;301.805
6178;1;Los Espinos + Santa Rosa;final;1344.364;1811.098;1344.364;371.098;278.828
6179;1;Los Espinos + Santa Rosa;final;1383.569;1886.214;1383.569;446.214;255.136
6180;1;Los Espinos + Santa Rosa;final;1467.797;1910.881;27.797;470.881;292.058
6181;1;Los Espinos + Santa Rosa;final;870.867;1475.406;870.867;35.406;270.463
6181.1;1;Los Espinos + Santa Rosa;final;1385.367;2314.787;1385.367;874.787;175.235
6182;1;Los Espinos + Santa Rosa;final;543.989;1677.906;543.989;237.906;123.286
6183;1;Los Espinos + Santa Rosa;final;1292.174;1745.406;1292.174;305.406;303.906
6184;1;Los Espinos + Santa Rosa;final;1310.686;1752.906;1310.686;312.906;293.498
6184.1;1;Los Espinos + Santa Rosa;final;1397.521;2742.547;1397.521;1302.547;38.264
6185;1;Los Espinos + Santa Rosa;final;1323.569;1760.406;1323.569;320.406;307.995
6186;1;Los Espinos + Santa Rosa;final;535.822;1767.906;535.822;327.906;95.856
6187;1;Los Espinos + Santa Rosa;final;529.053;1775.406;529.053;335.406;66.614
6188;1;Los Espinos + Santa Rosa;final;1316.022;1782.906;1316.022;342.906;278.668
6188.1;1;Los Espinos + Santa Rosa;final;1445.753;2690.044;5.753;1250.044;84.861
6189;1;Los Espinos + Santa Rosa;final;1318.443;1797.906;1318.443;357.906;304.245
6189.1;1;Los Espinos + Santa Rosa;final;1384.56;2689.201;1384.56;1249.201;60.738
6190;1;Los Espinos + Santa Rosa;final;987.189;1430.132;987.189;1430.132;282.738
6190.1;1;Los Espinos + Santa Rosa;final;1304.962;2387.161;1304.962;947.161;128.774
6191;1;Los Espinos + Santa Rosa;final;643.608;1460.132;643.608;20.132;275.934
6191.1;1;Los Espinos + Santa Rosa;final;1490.698;2067.021;50.698;627.021;260.54
6192;1;Los Espinos + Santa Rosa;final;1368.569;1775.881;1368.569;335.881;301.225
6193;1;Los Espinos + Santa Rosa;final;1480.746;1880.881;40.746;440.881;309.044
6194;1;Los Espinos + Santa Rosa;intermedia;774.769;800.0;774.769;800.0;306.855
6194;2;Los Espinos + Santa Rosa;final;1043.147;1405.56;1043.147;1405.56;61.651
6194.1;1;Los Espinos + Santa Rosa;final;1252.93;2481.283;1252.93;1041.283;69.585
6195;1;Los Espinos + Santa Rosa;final;1274.723;1735.56;1274.723;295.56;291.667
6196;1;Los Espinos + Santa Rosa;final;1235.605;1741.01;1235.605;301.01;283.194
6196.1;1;Los Espinos + Santa Rosa;final;1479.164;2648.985;39.164;1208.985;108.394
6197;1;Los Espinos + Santa Rosa;final;1358.903;1746.46;1358.903;306.46;297.789
6197.1;1;Los Espinos + Santa Rosa;final;1477.302;2790.881;37.302;1350.881;50.5
6198;1;Los Espinos + Santa Rosa;final;524.053;1751.91;524.053;311.91;80.589
6199;1;Los Espinos + Santa Rosa;final;1256.53;1757.36;1256.53;317.36;277.968
6199.1;1;Los Espinos + Santa Rosa;final;1522.948;2657.47;82.948;1217.47;137.875
6200;1;Los Espinos + Santa Rosa;final;1438.186;1762.81;1438.186;322.81;261.987
6201;1;Los Espinos + Santa Rosa;final;1377.302;1768.26;1377.302;328.26;295.637
6202;1;Los Espinos + Santa Rosa;final;1282.531;1773.71;1282.531;333.71;201.326
6203;1;Los Espinos + Santa Rosa;final;1260.736;1779.16;1260.736;339.16;296.534
6204;1;Los Espinos + Santa Rosa;final;1177.936;1784.61;1177.936;344.61;292.171
6204.1;1;Los Espinos + Santa Rosa;final;1586.782;2606.881;146.782;1166.881;149.43
6205;1;Los Espinos + Santa Rosa;final;1353.621;1790.06;1353.621;350.06;299.312
6206;1;Los Espinos + Santa Rosa;final;1333.524;1795.51;1333.524;355.51;297.241
6206.1;1;Los Espinos + Santa Rosa;final;1481.224;2711.789;41.224;1271.789;94.349
6207;1;Los Espinos + Santa Rosa;final;1363.538;1795.56;1363.538;355.56;286.045
6208;1;Los Espinos + Santa Rosa;final;1292.735;1801.56;1292.735;361.56;287.523
6208.1;1;Los Espinos + Santa Rosa;final;1384.321;2728.598;1384.321;1288.598;39.183
6209;1;Los Espinos + Santa Rosa;final;1330.59;1807.56;1330.59;367.56;300.594
6209.1;1;Los Espinos + Santa Rosa;final;1472.003;2713.315;32.003;1273.315;101.849
6210;1;Los Espinos + Santa Rosa;final;493.853;1825.56;493.853;385.56;42.156
6211;1;Los Espinos + Santa Rosa;final;505.853;1837.56;505.853;397.56;42.156
6212;1;Los Espinos + Santa Rosa;final;1427.779;1843.56;1427.779;403.56;310.709
6213;1;Los Espinos + Santa Rosa;final;1365.065;1849.56;1365.065;409.56;265.044
6214;1;Los Espinos + Santa Rosa;final;523.853;1855.56;523.853;415.56;42.156
6215;1;Los Espinos + Santa Rosa;final;1306.285;1873.56;1306.285;433.56;268.177
6216;1;Los Espinos + Santa Rosa;final;1286.221;1885.56;1286.221;445.56;238.861
6217;1;Los Espinos + Santa Rosa;final;547.874;1745.745;547.874;305.745;86.758
6218;1;Los Espinos + Santa Rosa;final;1305.633;1757.745;1305.633;317.745;296.189
6218.1;1;Los Espinos + Santa Rosa;final;1542.46;2676.604;102.46;1236.604;142.082
6219;1;Los Espinos + Santa Rosa;final;1319.72;1769.745;1319.72;329.745;301.395
6219.1;1;Los Espinos + Santa Rosa;final;1487.574;2732.991;47.574;1292.991;88.612
6220;1;Los Espinos + Santa Rosa;final;1225.152;1781.745;1225.152;341.745;247.05
6221;1;Los Espinos + Santa Rosa;final;1394.739;1793.745;1394.739;353.745;298.564
6221.1;1;Los Espinos + Santa Rosa;final;1480.277;2768.995;40.277;1328.995;74.778
6222;1;Los Espinos + Santa Rosa;final;1415.25;1805.745;1415.25;365.745;312.203
6222.1;1;Los Espinos + Santa Rosa;final;1488.078;2788.333;48.078;1348.333;63.749
6223;1;Los Espinos + Santa Rosa;final;1300.903;1816.995;1300.903;376.995;308.9
6223.1;1;Los Espinos + Santa Rosa;final;1470.441;2707.291;30.441;1267.291;95.194
6224;1;Los Espinos + Santa Rosa;final;1172.715;1839.495;1172.715;399.495;212.808
6225;1;Los Espinos + Santa Rosa;final;1374.689;1861.995;1374.689;421.995;284.491
6225.1;1;Los Espinos + Santa Rosa;final;1505.415;2753.995;65.415;1313.995;91.332
6226;1;Los Espinos + Santa Rosa;final;1327.864;1873.245;1327.864;433.245;291.652
6226.1;1;Los Espinos + Santa Rosa;final;1506.03;2740.72;66.03;1300.72;88.637
6227;1;Los Espinos + Santa Rosa;final;1310.221;1895.745;1310.221;455.745;243.544
6228;1;Los Espinos + Santa Rosa;final;1279.496;1784.214;1279.496;344.214;246.811
6229;1;Los Espinos + Santa Rosa;final;1297.882;1723.138;1297.882;283.138;293.474
6230;1;Los Espinos + Santa Rosa;final;1130.389;1728.138;1130.389;288.138;295.97
6230.1;1;Los Espinos + Santa Rosa;final;1504.553;2513.644;64.553;1073.644;171.715
6231;1;Los Espinos + Santa Rosa;final;1259.103;1733.138;1259.103;293.138;305.928
6232;1;Los Espinos + Santa Rosa;final;1284.117;1738.138;1284.117;298.138;287.978
6232.1;1;Los Espinos + Santa Rosa;final;1473.151;2664.953;33.151;1224.953;105.908
6233;1;Los Espinos + Santa Rosa;final;1283.322;1743.138;1283.322;303.138;314.829
6233.1;1;Los Espinos + Santa Rosa;final;1493.332;2608.935;53.332;1168.935;166.451
6234;1;Los Espinos + Santa Rosa;final;1260.448;1748.138;1260.448;308.138;303.733
6234.1;1;Los Espinos + Santa Rosa;final;1499.222;2658.595;59.222;1218.595;112.491
6235;1;Los Espinos + Santa Rosa;final;1304.337;1753.138;1304.337;313.138;310.713
6235.1;1;Los Espinos + Santa Rosa;final;1459.168;2712.546;19.168;1272.546;76.913
6236;1;Los Espinos + Santa Rosa;final;1306.392;1758.138;1306.392;318.138;285.725
6236.1;1;Los Espinos + Santa Rosa;final;1466.452;2685.478;26.452;1245.478;93.627
6237;1;Los Espinos + Santa Rosa;final;1295.075;1763.138;1295.075;323.138;299.245
6238;1;Los Espinos + Santa Rosa;final;1226.111;1768.138;1226.111;328.138;260.415
6239;1;Los Espinos + Santa Rosa;final;528.353;1773.138;528.353;333.138;71.338
6240;1;Los Espinos + Santa Rosa;final;1367.28;1792.138;1367.28;352.138;289.192
6241;1;Los Espinos + Santa Rosa;final;1391.934;1810.138;1391.934;370.138;294.518
6241.1;1;Los Espinos + Santa Rosa;final;1502.149;2778.687;62.149;1338.687;78.281
6242;1;Los Espinos + Santa Rosa;final;496.453;1819.138;496.453;379.138;43.215
6243;1;Los Espinos + Santa Rosa;final;1388.902;1823.638;1388.902;383.638;298.245
6243.1;1;Los Espinos + Santa Rosa;final;1496.06;2760.17;56.06;1320.17;84.764
6244;1;Los Espinos + Santa Rosa;final;1361.934;1828.138;1361.934;388.138;302.508
6244.1;1;Los Espinos + Santa Rosa;final;1490.103;2744.42;50.103;1304.42;87.312
6245;1;Los Espinos + Santa Rosa;final;1382.779;1832.638;1382.779;392.638;272.844
6246;1;Los Espinos + Santa Rosa;final;1169.147;1837.138;1169.147;397.138;193.984
6247;1;Los Espinos + Santa Rosa;final;523.453;1846.138;523.453;406.138;43.215
6248;1;Los Espinos + Santa Rosa;final;1370.798;1855.138;1370.798;415.138;268.89
6249;1;Los Espinos + Santa Rosa;final;1280.735;1859.638;1280.735;419.638;234.99
6250;1;Los Espinos + Santa Rosa;final;1363.202;1864.138;1363.202;424.138;261.724
6251;1;Los Espinos + Santa Rosa;final;1315.854;1868.638;1315.854;428.638;240.497
6252;1;Los Espinos + Santa Rosa;final;1287.755;1772.132;1287.755;332.132;279.278
6253;1;Los Espinos + Santa Rosa;final;1311.408;1778.132;1311.408;338.132;196.772
6254;1;Los Espinos + Santa Rosa;final;1319.658;1784.132;1319.658;344.132;293.957
6254.1;1;Los Espinos + Santa Rosa;final;1383.841;2753.008;1383.841;1313.008;33.398
6255;1;Los Espinos + Santa Rosa;final;1378.629;1790.132;1378.629;350.132;312.76
6256;1;Los Espinos + Santa Rosa;final;1476.758;1910.881;36.758;470.881;291.698
6257;1;Los Espinos + Santa Rosa;final;1211.388;1741.327;1211.388;301.327;234.913
6258;1;Los Espinos + Santa Rosa;final;1275.347;1756.327;1275.347;316.327;245.01
6259;1;Los Espinos + Santa Rosa;final;1347.856;1771.327;1347.856;331.327;294.459
6259.1;1;Los Espinos + Santa Rosa;final;1436.706;2689.572;1436.706;1249.572;82.513
6260;1;Los Espinos + Santa Rosa;final;1378.256;1820.577;1378.256;380.577;279.252
6261;1;Los Espinos + Santa Rosa;final;533.073;1826.994;533.073;386.994;58.772
6262;1;Los Espinos + Santa Rosa;final;1373.356;1839.827;1373.356;399.827;271.392
6263;1;Los Espinos + Santa Rosa;final;524.604;1871.91;524.604;431.91;41.262
6264;1;Los Espinos + Santa Rosa;final;543.421;1891.327;543.421;451.327;41.262
6265;1;Los Espinos + Santa Rosa;final;1354.606;1741.74;1354.606;301.74;299.274
6266;1;Los Espinos + Santa Rosa;final;1281.19;1756.74;1281.19;316.74;255.113
6267;1;Los Espinos + Santa Rosa;final;1231.388;1764.24;1231.388;324.24;249.733
6268;1;Los Espinos + Santa Rosa;final;1271.219;1771.74;1271.219;331.74;298.22
6268.1;1;Los Espinos + Santa Rosa;final;1338.74;2699.431;1338.74;1259.431;32.661
6269;1;Los Espinos + Santa Rosa;final;529.208;1813.49;529.208;373.49;59.203
6270;1;Los Espinos + Santa Rosa;final;1319.621;1826.324;1319.621;386.324;279.705
6271;1;Los Espinos + Santa Rosa;final;1286.247;1832.74;1286.247;392.74;250.297
6272;1;Los Espinos + Santa Rosa;final;1297.147;1884.24;1297.147;444.24;223.877
6273;1;Los Espinos + Santa Rosa;final;537.438;1444.572;537.438;4.572;163.88
6274;1;Los Espinos + Santa Rosa;final;1281.388;1714.572;1281.388;274.572;287.723
6275;1;Los Espinos + Santa Rosa;final;1303.256;1724.572;1303.256;284.572;307.011
6275.1;1;Los Espinos + Santa Rosa;final;1380.306;2692.727;1380.306;1252.727;57.977
6276;1;Los Espinos + Santa Rosa;final;1262.531;1734.572;1262.531;294.572;262.305
6277;1;Los Espinos + Santa Rosa;final;554.564;1744.572;554.564;304.572;98.66
6278;1;Los Espinos + Santa Rosa;final;1307.488;1754.572;1307.488;314.572;264.247
6279;1;Los Espinos + Santa Rosa;final;1268.912;1764.572;1268.912;324.572;300.783
6279.1;1;Los Espinos + Santa Rosa;final;1418.316;2646.221;1418.316;1206.221;98.658
6280;1;Los Espinos + Santa Rosa;final;1282.706;1774.572;1282.706;334.572;257.008
6281;1;Los Espinos + Santa Rosa;final;1308.84;1782.739;1308.84;342.739;281.597
6281.1;1;Los Espinos + Santa Rosa;final;1427.214;2644.572;1427.214;1204.572;98.66
6282;1;Los Espinos + Santa Rosa;final;1280.556;1807.239;1280.556;367.239;252.371
6283;1;Los Espinos + Santa Rosa;final;1297.706;1815.405;1297.706;375.405;238.609
6284;1;Los Espinos + Santa Rosa;final;1372.528;1823.572;1372.528;383.572;280.973
6285;1;Los Espinos + Santa Rosa;final;1308.047;1831.739;1308.047;391.739;255.461
6286;1;Los Espinos + Santa Rosa;final;1387.49;1839.905;1387.49;399.905;287.892
6287;1;Los Espinos + Santa Rosa;final;1253.006;1848.072;1253.006;408.072;228.849
6288;1;Los Espinos + Santa Rosa;final;1290.993;1864.572;1290.993;424.572;245.195
6289;1;Los Espinos + Santa Rosa;final;526.815;1730.536;526.815;290.536;99.512
6290;1;Los Espinos + Santa Rosa;final;1272.811;1754.536;1272.811;314.536;270.218
6291;1;Los Espinos + Santa Rosa;final;1347.313;1778.536;1347.313;338.536;296.23
6291.1;1;Los Espinos + Santa Rosa;final;1462.869;2749.62;22.869;1309.62;80.054
6292;1;Los Espinos + Santa Rosa;final;1334.463;1789.786;1334.463;349.786;296.23
6292.1;1;Los Espinos + Santa Rosa;final;1496.608;2734.57;56.608;1294.57;89.764
6293;1;Los Espinos + Santa Rosa;final;1288.252;1834.786;1288.252;394.786;266.068
6294;1;Los Espinos + Santa Rosa;final;1025.409;1464.078;1025.409;24.078;301.05
6294.1;1;Los Espinos + Santa Rosa;final;1536.705;2414.078;96.705;974.078;200.238
6295;1;Los Espinos + Santa Rosa;final;1110.409;1599.078;1110.409;159.078;301.05
6295.1;1;Los Espinos + Santa Rosa;final;1377.621;2489.078;1377.621;1049.078;106.83
6296;1;Los Espinos + Santa Rosa;final;1282.392;1734.078;1282.392;294.078;287.438
6296.1;1;Los Espinos + Santa Rosa;final;1457.138;2659.778;17.138;1219.778;100.021
6297;1;Los Espinos + Santa Rosa;final;1266.155;1744.078;1266.155;304.078;287.441
6297.1;1;Los Espinos + Santa Rosa;final;1391.932;2644.645;1391.932;1204.645;75.493
6298;1;Los Espinos + Santa Rosa;final;1247.476;1754.078;1247.476;314.078;274.464
6298.1;1;Los Espinos + Santa Rosa;final;1387.116;2624.078;1387.116;1184.078;75.493
6299;1;Los Espinos + Santa Rosa;final;1383.563;1764.078;1383.563;324.078;313.068
6300;1;Los Espinos + Santa Rosa;final;1333.146;1774.078;1333.146;334.078;213.515
6301;1;Los Espinos + Santa Rosa;final;1328.936;1784.078;1328.936;344.078;293.249
6301.1;1;Los Espinos + Santa Rosa;final;1394.743;2738.191;1394.743;1298.191;43.723
6302;1;Los Espinos + Santa Rosa;final;1293.369;1794.078;1293.369;354.078;248.769
6303;1;Los Espinos + Santa Rosa;final;1291.802;1801.578;1291.802;361.578;263.145
6304;1;Los Espinos + Santa Rosa;final;1388.596;1809.078;1388.596;369.078;294.654
6305;1;Los Espinos + Santa Rosa;final;1402.309;1816.578;1402.309;376.578;301.05
6305.1;1;Los Espinos + Santa Rosa;final;1516.705;2784.078;76.705;1344.078;78.366
6306;1;Los Espinos + Santa Rosa;final;1416.509;1824.078;1416.509;384.078;301.05
6306.1;1;Los Espinos + Santa Rosa;final;1535.382;2792.612;95.382;1352.612;75.493
6307;1;Los Espinos + Santa Rosa;final;1428.421;1831.578;1428.421;391.578;294.225
6308;1;Los Espinos + Santa Rosa;final;1427.788;1839.078;1427.788;399.078;310.327
6308.1;1;Los Espinos + Santa Rosa;final;1470.556;2814.24;30.556;1374.24;43.334
6309;1;Los Espinos + Santa Rosa;final;1333.642;1846.578;1333.642;406.578;272.556
6309.1;1;Los Espinos + Santa Rosa;final;1520.257;2770.142;80.257;1330.142;85.677
6310;1;Los Espinos + Santa Rosa;final;1324.602;1869.078;1324.602;429.078;273.21
6311;1;Los Espinos + Santa Rosa;final;1446.718;1876.578;6.718;436.578;312.419
6311.1;1;Los Espinos + Santa Rosa;final;1556.06;2820.17;116.06;1380.17;84.764
6312;1;Los Espinos + Santa Rosa;final;1331.069;1884.078;1331.069;444.078;276.303
6313;1;Los Espinos + Santa Rosa;final;950.739;1472.737;950.739;32.737;293.765
6313.1;1;Los Espinos + Santa Rosa;final;1510.989;2388.394;70.989;948.394;192.302
6314;1;Los Espinos + Santa Rosa;final;1274.622;1742.737;1274.622;302.737;291.303
6315;1;Los Espinos + Santa Rosa;final;1337.116;1757.737;1337.116;317.737;288.43
6315.1;1;Los Espinos + Santa Rosa;final;1552.516;2688.341;112.516;1248.341;120.567
6316;1;Los Espinos + Santa Rosa;final;1267.669;1772.737;1267.669;332.737;259.1
6317;1;Los Espinos + Santa Rosa;final;1343.415;1787.737;1343.415;347.737;286.267
6318;1;Los Espinos + Santa Rosa;final;1396.549;1802.737;1396.549;362.737;291.477
6319;1;Los Espinos + Santa Rosa;final;1429.429;1811.737;1429.429;371.737;306.205
6320;1;Los Espinos + Santa Rosa;final;1381.105;1820.737;1381.105;380.737;298.109
6320.1;1;Los Espinos + Santa Rosa;final;1501.116;2758.345;61.116;1318.345;75.493
6321;1;Los Espinos + Santa Rosa;final;1302.6;1838.737;1302.6;398.737;262.429
6322;1;Los Espinos + Santa Rosa;final;1344.954;1847.737;1344.954;407.737;269.803
6323;1;Los Espinos + Santa Rosa;final;1453.346;1865.737;13.346;425.737;311.155
6323.1;1;Los Espinos + Santa Rosa;final;1520.8;2800.397;80.8;1360.397;76.934
6324;1;Los Espinos + Santa Rosa;final;1398.317;1874.737;1398.317;434.737;301.418
6324.1;1;Los Espinos + Santa Rosa;final;1468.692;2743.412;28.692;1303.412;78.106
6325;1;Los Espinos + Santa Rosa;final;1449.427;1883.737;9.427;443.737;311.781
6326;1;Los Espinos + Santa Rosa;final;1308.83;1892.737;1308.83;452.737;238.305
6327;1;Los Espinos + Santa Rosa;final;1322.358;1734.078;1322.358;294.078;310.831
6328;1;Los Espinos + Santa Rosa;final;1324.566;1749.078;1324.566;309.078;309.1
6328.1;1;Los Espinos + Santa Rosa;final;1472.444;2742.541;32.444;1302.541;64.879
6329;1;Los Espinos + Santa Rosa;final;1269.58;1764.078;1269.58;324.078;280.26
6330;1;Los Espinos + Santa Rosa;final;1281.227;1779.078;1281.227;339.078;307.702
6331;1;Los Espinos + Santa Rosa;final;543.136;1794.078;543.136;354.078;65.333
6332;1;Los Espinos + Santa Rosa;final;1316.88;1803.078;1316.88;363.078;268.187
6333;1;Los Espinos + Santa Rosa;final;1325.686;1812.078;1325.686;372.078;301.78
6334;1;Los Espinos + Santa Rosa;final;1245.979;1821.078;1245.979;381.078;235.926
6335;1;Los Espinos + Santa Rosa;final;1307.402;1830.078;1307.402;390.078;259.713
6336;1;Los Espinos + Santa Rosa;final;1402.499;1839.078;1402.499;399.078;287.023
6336.1;1;Los Espinos + Santa Rosa;final;1484.421;2747.341;44.421;1307.341;77.675
6337;1;Los Espinos + Santa Rosa;final;1271.379;1848.078;1271.379;408.078;250.279
6338;1;Los Espinos + Santa Rosa;final;1480.716;1857.078;40.716;417.078;308.032
6339;1;Los Espinos + Santa Rosa;final;1269.772;1866.078;1269.772;426.078;239.575
6340;1;Los Espinos + Santa Rosa;final;1390.083;1875.078;1390.083;435.078;295.054
6340.1;1;Los Espinos + Santa Rosa;final;1490.5;2763.315;50.5;1323.315;95.089
6341;1;Los Espinos + Santa Rosa;final;1368.605;1884.078;1368.605;444.078;273.615
6342;1;Los Espinos + Santa Rosa;final;1337.119;1721.632;1337.119;281.632;297.6
6342.1;1;Los Espinos + Santa Rosa;final;1470.902;2711.582;30.902;1271.582;88.754
6343;1;Los Espinos + Santa Rosa;final;1326.519;1733.632;1326.519;293.632;297.6
6343.1;1;Los Espinos + Santa Rosa;final;1500.902;2685.882;60.902;1245.882;111.959
6344;1;Los Espinos + Santa Rosa;final;1352.219;1745.632;1352.219;305.632;297.6
6344.1;1;Los Espinos + Santa Rosa;final;1410.902;2711.632;1410.902;1271.632;65.549
6345;1;Los Espinos + Santa Rosa;final;1418.44;1799.632;1418.44;359.632;299.844
6345.1;1;Los Espinos + Santa Rosa;final;1498.023;2816.994;58.023;1376.994;57.977
6346;1;Los Espinos + Santa Rosa;final;1288.673;1853.632;1288.673;413.632;232.477
6347;1;Los Espinos + Santa Rosa;final;1394.154;1862.632;1394.154;422.632;272.983
6348;1;Los Espinos + Santa Rosa;final;1307.186;1871.632;1307.186;431.632;267.705
6348.1;1;Los Espinos + Santa Rosa;final;1433.563;2740.881;1433.563;1300.881;55.079
6349;1;Los Espinos + Santa Rosa;final;1312.101;1741.163;1312.101;301.163;303.039
6349.1;1;Los Espinos + Santa Rosa;final;1498.755;2699.537;58.755;1259.537;102.331
6350;1;Los Espinos + Santa Rosa;final;529.386;1756.163;529.386;316.163;74.186
6351;1;Los Espinos + Santa Rosa;final;1311.883;1771.163;1311.883;331.163;271.224
6351.1;1;Los Espinos + Santa Rosa;final;1503.123;2753.008;63.123;1313.008;85.677
6352;1;Los Espinos + Santa Rosa;final;1302.914;1786.163;1302.914;346.163;263.44
6353;1;Los Espinos + Santa Rosa;final;1319.363;1801.163;1319.363;361.163;265.283
6354;1;Los Espinos + Santa Rosa;final;1383.755;1831.163;1383.755;391.163;279.733
6355;1;Los Espinos + Santa Rosa;final;1321.264;1735.915;1321.264;295.915;310.078
6355.1;1;Los Espinos + Santa Rosa;final;1503.021;2697.45;63.021;1257.45;110.172
6356;1;Los Espinos + Santa Rosa;final;1359.892;1747.915;1359.892;307.915;290.783
6357;1;Los Espinos + Santa Rosa;final;1270.691;1759.915;1270.691;319.915;309.179
6357.1;1;Los Espinos + Santa Rosa;final;1475.824;2645.889;35.824;1205.889;111.316
6358;1;Los Espinos + Santa Rosa;final;1354.814;1771.915;1354.814;331.915;310.382
6358.1;1;Los Espinos + Santa Rosa;final;1541.698;2710.397;101.698;1270.397;139.564
6359;1;Los Espinos + Santa Rosa;final;1302.136;1783.915;1302.136;343.915;270.682
6359.1;1;Los Espinos + Santa Rosa;final;1437.596;2734.381;1437.596;1294.381;56.287
6360;1;Los Espinos + Santa Rosa;final;1174.703;1795.915;1174.703;355.915;205.254
6361;1;Los Espinos + Santa Rosa;final;1396.654;1804.915;1396.654;364.915;314.612
6362;1;Los Espinos + Santa Rosa;final;1283.336;1813.915;1283.336;373.915;273.216
6363;1;Los Espinos + Santa Rosa;final;1365.831;1822.915;1365.831;382.915;298.694
6364;1;Los Espinos + Santa Rosa;final;1385.801;1840.915;1385.801;400.915;285.298
6364.1;1;Los Espinos + Santa Rosa;final;1505.163;2775.287;65.163;1335.287;75.176
6365;1;Los Espinos + Santa Rosa;final;1260.986;1849.915;1260.986;409.915;246.258
6366;1;Los Espinos + Santa Rosa;final;1280.146;1858.915;1280.146;418.915;227.347
6367;1;Los Espinos + Santa Rosa;final;1428.215;1876.915;1428.215;436.915;301.84
6367.1;1;Los Espinos + Santa Rosa;final;1489.872;2811.074;49.872;1371.074;57.319
6368;1;Los Espinos + Santa Rosa;final;1329.819;1885.915;1329.819;445.915;248.536
6369;1;Los Espinos + Santa Rosa;final;1286.786;1794.57;1286.786;354.57;271.214
6369.1;1;Los Espinos + Santa Rosa;final;1400.779;2714.881;1400.779;1274.881;51.507
6370;1;Los Espinos + Santa Rosa;final;564.784;1839.57;564.784;399.57;74.616
6371;1;Los Espinos + Santa Rosa;final;1283.402;1884.57;1283.402;444.57;228.801
6372;1;Los Espinos + Santa Rosa;final;513.58;1687.484;513.58;247.484;112.499
6373;1;Los Espinos + Santa Rosa;final;1271.681;1747.484;1271.681;307.484;301.428
6374;1;Los Espinos + Santa Rosa;final;1363.621;1792.484;1363.621;352.484;300.196
6375;1;Los Espinos + Santa Rosa;final;1261.586;1718.536;1261.586;278.536;280.458
6375.1;1;Los Espinos + Santa Rosa;final;1482.307;2690.132;42.307;1250.132;85.533
6376;1;Los Espinos + Santa Rosa;final;1297.088;1730.536;1297.088;290.536;302.078
6376.1;1;Los Espinos + Santa Rosa;final;1377.021;2679.24;1377.021;1239.24;60.634
6377;1;Los Espinos + Santa Rosa;final;1238.087;1742.536;1238.087;302.536;263.122
6378;1;Los Espinos + Santa Rosa;final;1209.389;1754.536;1209.389;314.536;312.221
6378.1;1;Los Espinos + Santa Rosa;final;1316.176;2566.035;1316.176;1126.035;97.779
6379;1;Los Espinos + Santa Rosa;final;1338.275;1748.611;1338.275;308.611;311.311
6379.1;1;Los Espinos + Santa Rosa;final;1541.34;2773.008;101.34;1333.008;93.297
6380;1;Los Espinos + Santa Rosa;final;1300.019;1760.611;1300.019;320.611;286.173
6380.1;1;Los Espinos + Santa Rosa;final;1379.88;2732.881;1379.88;1292.881;35.967
6381;1;Los Espinos + Santa Rosa;final;1244.176;1772.611;1244.176;332.611;272.581
6381.1;1;Los Espinos + Santa Rosa;final;1480.181;2599.976;40.181;1159.976;149.475
6382;1;Los Espinos + Santa Rosa;final;1228.217;1784.611;1228.217;344.611;265.411
6383;1;Los Espinos + Santa Rosa;final;1295.735;1796.611;1295.735;356.611;277.827
6384;1;Los Espinos + Santa Rosa;final;1292.892;1808.611;1292.892;368.611;286.278
6384.1;1;Los Espinos + Santa Rosa;final;1356.123;2645.676;1356.123;1205.676;72.584
6385;1;Los Espinos + Santa Rosa;final;1442.26;1828.611;2.26;388.611;309.673
6386;1;Los Espinos + Santa Rosa;final;1202.425;1848.611;1202.425;408.611;226.58
6387;1;Los Espinos + Santa Rosa;final;1404.811;1858.611;1404.811;418.611;292.42
6388;1;Los Espinos + Santa Rosa;final;1298.626;1868.611;1298.626;428.611;255.483
6389;1;Los Espinos + Santa Rosa;final;1369.141;1878.611;1369.141;438.611;260.119
6390;1;Los Espinos + Santa Rosa;final;1378.239;1888.611;1378.239;448.611;287.508
6391;1;Los Espinos + Santa Rosa;final;1292.936;1741.327;1292.936;301.327;289.308
6391.1;1;Los Espinos + Santa Rosa;final;1486.654;2720.881;46.654;1280.881;84.497
6392;1;Los Espinos + Santa Rosa;final;1377.919;1756.327;1377.919;316.327;302.333
6393;1;Los Espinos + Santa Rosa;final;1457.214;1771.327;17.214;331.327;303.729
6394;1;Los Espinos + Santa Rosa;final;1191.388;1786.327;1191.388;346.327;214.66
6395;1;Los Espinos + Santa Rosa;final;1479.102;1861.327;39.102;421.327;306.281
6396;1;Los Espinos + Santa Rosa;final;1443.79;1881.327;3.79;441.327;292.249
6396.1;1;Los Espinos + Santa Rosa;final;1523.79;2784.572;83.79;1344.572;82.513
6397;1;Los Espinos + Santa Rosa;final;1221.388;1891.327;1221.388;451.327;195.55
6398;1;Los Espinos + Santa Rosa;final;535.314;1729.348;535.314;289.348;89.682
6399;1;Los Espinos + Santa Rosa;final;1271.388;1744.348;1271.388;304.348;271.679
6400;1;Los Espinos + Santa Rosa;final;1318.947;1759.348;1318.947;319.348;280.936
6401;1;Los Espinos + Santa Rosa;final;1324.896;1774.348;1324.896;334.348;307.879
6401.1;1;Los Espinos + Santa Rosa;final;1474.64;2701.438;34.64;1261.438;93.349
6402;1;Los Espinos + Santa Rosa;final;1397.214;1809.348;1397.214;369.348;304.466
6402.1;1;Los Espinos + Santa Rosa;final;1536.048;2783.315;96.048;1343.315;97.567
6403;1;Los Espinos + Santa Rosa;final;1355.065;1819.348;1355.065;379.348;307.13
6403.1;1;Los Espinos + Santa Rosa;final;1433.151;2712.042;1433.151;1272.042;73.82
6404;1;Los Espinos + Santa Rosa;final;505.59;1839.348;505.59;399.348;39.519
6405;1;Los Espinos + Santa Rosa;final;515.59;1849.348;515.59;409.348;39.519
6406;1;Los Espinos + Santa Rosa;final;1244.957;1724.618;1244.957;284.618;300.901
6406.1;1;Los Espinos + Santa Rosa;final;1488.707;2622.237;48.707;1182.237;131.304
6407;1;Los Espinos + Santa Rosa;final;1249.57;1784.618;1249.57;344.618;276.646
6408;1;Los Espinos + Santa Rosa;final;1246.786;1829.618;1246.786;389.618;263.254
6409;1;Los Espinos + Santa Rosa;final;1482.261;1874.618;42.261;434.618;288.481
6410;1;Los Espinos + Santa Rosa;final;1379.289;1782.449;1379.289;342.449;305.433
6410.1;1;Los Espinos + Santa Rosa;final;1476.82;2773.041;36.82;1333.041;73.653
6411;1;Los Espinos + Santa Rosa;final;1292.05;1802.449;1292.05;362.449;284.044
6411.1;1;Los Espinos + Santa Rosa;final;1397.491;2670.768;1397.491;1230.768;76.025
6412;1;Los Espinos + Santa Rosa;final;1340.714;1823.008;1340.714;383.008;296.389
6413;1;Los Espinos + Santa Rosa;final;1345.339;1845.508;1345.339;405.508;261.131
6414;1;Los Espinos + Santa Rosa;final;1303.594;1856.758;1303.594;416.758;143.949
6415;1;Los Espinos + Santa Rosa;final;1332.57;1868.008;1332.57;428.008;269.483
6415.1;1;Los Espinos + Santa Rosa;final;1430.868;2733.041;1430.868;1293.041;67.699
6416;1;Los Espinos + Santa Rosa;final;1418.446;1890.508;1418.446;450.508;291.902
6417;1;Los Espinos + Santa Rosa;final;1229.57;1757.865;1229.57;317.865;290.39
6417.1;1;Los Espinos + Santa Rosa;final;1491.704;2631.041;51.704;1191.041;128.339
6418;1;Los Espinos + Santa Rosa;final;1334.126;1772.865;1334.126;332.865;303.373
6418.1;1;Los Espinos + Santa Rosa;final;1400.437;2738.103;1400.437;1298.103;46.872
6419;1;Los Espinos + Santa Rosa;final;1202.975;1787.865;1202.975;347.865;234.286
6420;1;Los Espinos + Santa Rosa;final;1379.158;1825.365;1379.158;385.365;289.102
6421;1;Los Espinos + Santa Rosa;final;1443.641;1836.615;3.641;396.615;271.09
6422;1;Los Espinos + Santa Rosa;final;1374.173;1870.365;1374.173;430.365;278.232
6423;1;Los Espinos + Santa Rosa;final;1217.772;1748.658;1217.772;308.658;283.556
6424;1;Los Espinos + Santa Rosa;final;1322.772;1763.658;1322.772;323.658;300.948
6424.1;1;Los Espinos + Santa Rosa;final;1504.684;2737.481;64.684;1297.481;97.636
6425;1;Los Espinos + Santa Rosa;final;496.188;1778.658;496.188;338.658;59.69
6426;1;Los Espinos + Santa Rosa;final;1415.513;1793.658;1415.513;353.658;298.231
6427;1;Los Espinos + Santa Rosa;final;1294.321;1864.908;1294.321;424.908;229.912
6428;1;Los Espinos + Santa Rosa;final;1172.388;1887.408;1172.388;447.408;185.173
6429;1;Los Espinos + Santa Rosa;final;1380.728;1898.658;1380.728;458.658;245.746
6430;1;Los Espinos + Santa Rosa;final;633.434;1747.877;633.434;307.877;110.805
6431;1;Los Espinos + Santa Rosa;final;1189.494;1759.877;1189.494;319.877;228.433
6432;1;Los Espinos + Santa Rosa;final;1219.004;1771.877;1219.004;331.877;276.357
6432.1;1;Los Espinos + Santa Rosa;final;1427.754;2622.561;1427.754;1182.561;96.397
6433;1;Los Espinos + Santa Rosa;final;1192.261;1783.877;1192.261;343.877;224.91
6434;1;Los Espinos + Santa Rosa;final;1350.728;1795.877;1350.728;355.877;269.209
6435;1;Los Espinos + Santa Rosa;final;1171.721;1807.877;1171.721;367.877;205.113
6436;1;Los Espinos + Santa Rosa;final;1411.911;1852.877;1411.911;412.877;266.456
6437;1;Los Espinos + Santa Rosa;final;1299.511;1864.127;1299.511;424.127;227.662
6438;1;Los Espinos + Santa Rosa;final;541.188;1875.377;541.188;435.377;39.221
6439;1;Los Espinos + Santa Rosa;final;1459.911;1886.627;19.911;446.627;272.769
6440;1;Los Espinos + Santa Rosa;final;1427.444;1897.877;1427.444;457.877;265.686
6441;1;Los Espinos + Santa Rosa;final;1345.736;1744.735;1345.736;304.735;296.411
6442;1;Los Espinos + Santa Rosa;final;1366.66;1754.735;1366.66;314.735;311.873
6442.1;1;Los Espinos + Santa Rosa;final;1487.797;2701.387;47.797;1261.387;108.685
6443;1;Los Espinos + Santa Rosa;final;1371.155;1764.735;1371.155;324.735;304.199
6444;1;Los Espinos + Santa Rosa;final;1192.41;1774.735;1192.41;334.735;247.937
6445;1;Los Espinos + Santa Rosa;final;1308.285;1784.735;1308.285;344.735;271.379
6445.1;1;Los Espinos + Santa Rosa;final;1449.552;2700.14;9.552;1260.14;78.938
6446;1;Los Espinos + Santa Rosa;final;1287.775;1794.735;1287.775;354.735;245.244
6447;1;Los Espinos + Santa Rosa;final;1419.387;1804.735;1419.387;364.735;313.296
6447.1;1;Los Espinos + Santa Rosa;final;1475.25;2828.296;35.25;1388.296;38.569
6448;1;Los Espinos + Santa Rosa;final;1209.58;1814.735;1209.58;374.735;238.107
6449;1;Los Espinos + Santa Rosa;final;1182.074;1824.735;1182.074;384.735;211.801
6450;1;Los Espinos + Santa Rosa;final;1336.094;1844.735;1336.094;404.735;287.578
6450.1;1;Los Espinos + Santa Rosa;final;1476.526;2769.144;36.526;1329.144;66.877
6451;1;Los Espinos + Santa Rosa;final;1537.755;1854.735;97.755;414.735;307.244
6452;1;Los Espinos + Santa Rosa;final;1147.264;1864.735;1147.264;424.735;202.0
6453;1;Los Espinos + Santa Rosa;final;1283.794;1874.735;1283.794;434.735;258.31
6454;1;Los Espinos + Santa Rosa;final;1373.902;1884.735;1373.902;444.735;278.638
6455;1;Los Espinos + Santa Rosa;final;1347.602;1894.735;1347.602;454.735;272.409
6456;1;Los Espinos + Santa Rosa;final;1351.581;1763.008;1351.581;323.008;220.516
6457;1;Los Espinos + Santa Rosa;final;1396.682;1773.008;1396.682;333.008;299.673
6457.1;1;Los Espinos + Santa Rosa;final;1447.124;2750.534;7.124;1310.534;62.852
6458;1;Los Espinos + Santa Rosa;final;1423.11;1783.008;1423.11;343.008;313.554
6458.1;1;Los Espinos + Santa Rosa;final;1461.345;2767.011;21.345;1327.011;64.759
6459;1;Los Espinos + Santa Rosa;final;1326.953;1793.008;1326.953;353.008;308.868
6460;1;Los Espinos + Santa Rosa;final;496.02;1803.008;496.02;363.008;52.224
6461;1;Los Espinos + Santa Rosa;final;512.408;1863.008;512.408;423.008;33.398
6462;1;Los Espinos + Santa Rosa;final;1274.919;1873.008;1274.919;433.008;248.341
6463;1;Los Espinos + Santa Rosa;final;1430.689;1893.008;1430.689;453.008;303.774
6463.1;1;Los Espinos + Santa Rosa;final;1530.868;2833.041;90.868;1393.041;67.699
6464;1;Los Espinos + Santa Rosa;final;1343.231;1903.008;1343.231;463.008;237.678
6465;1;Los Espinos + Santa Rosa;final;1277.527;1913.008;1277.527;473.008;215.787
6466;1;Los Espinos + Santa Rosa;final;1443.76;1747.466;3.76;307.466;311.408
6467;1;Los Espinos + Santa Rosa;final;1270.169;1764.599;1270.169;324.599;300.035
6467.1;1;Los Espinos + Santa Rosa;final;1459.636;2698.381;19.636;1258.381;93.374
6468;1;Los Espinos + Santa Rosa;final;1309.407;1790.299;1309.407;350.299;263.144
6469;1;Los Espinos + Santa Rosa;final;1362.775;1807.432;1362.775;367.432;292.27
6470;1;Los Espinos + Santa Rosa;final;1387.444;1807.466;1387.444;367.466;289.365
6471;1;Los Espinos + Santa Rosa;final;1324.56;1834.466;1324.56;394.466;251.557
6472;1;Los Espinos + Santa Rosa;final;1348.553;1852.466;1348.553;412.466;267.409
6472.1;1;Los Espinos + Santa Rosa;final;1445.482;2777.547;5.482;1337.547;53.727
6473;1;Los Espinos + Santa Rosa;final;1429.881;1861.466;1429.881;421.466;296.561
6474;1;Los Espinos + Santa Rosa;final;1393.052;1897.466;1393.052;457.466;281.819
6475;1;Los Espinos + Santa Rosa;final;1256.094;1763.008;1256.094;323.008;277.223
6476;1;Los Espinos + Santa Rosa;final;1274.637;1773.008;1274.637;333.008;301.155
6476.1;1;Los Espinos + Santa Rosa;final;1396.64;2682.046;1396.64;1242.046;59.436
6477;1;Los Espinos + Santa Rosa;final;1322.454;1783.008;1322.454;343.008;300.761
6477.1;1;Los Espinos + Santa Rosa;final;1485.799;2732.815;45.799;1292.815;90.564
6478;1;Los Espinos + Santa Rosa;final;1389.553;1803.008;1389.553;363.008;312.863
6478.1;1;Los Espinos + Santa Rosa;final;1508.896;2830.881;68.896;1390.881;51.507
6479;1;Los Espinos + Santa Rosa;final;1394.811;1823.008;1394.811;383.008;289.153
6480;1;Los Espinos + Santa Rosa;final;1383.889;1868.008;1383.889;428.008;275.466
6481;1;Los Espinos + Santa Rosa;final;1448.252;1913.008;8.252;473.008;286.503
6482;1;Los Espinos + Santa Rosa;final;1307.361;1747.877;1307.361;307.877;270.016
6483;1;Los Espinos + Santa Rosa;final;1237.121;1759.877;1237.121;319.877;274.779
6483.1;1;Los Espinos + Santa Rosa;final;1521.817;2646.561;81.817;1206.561;145.847
6484;1;Los Espinos + Santa Rosa;final;481.281;1771.877;481.281;331.877;56.265
6485;1;Los Espinos + Santa Rosa;final;1337.361;1783.877;1337.361;343.877;271.19
6486;1;Los Espinos + Santa Rosa;final;1447.444;1795.877;7.444;355.877;304.883
6487;1;Los Espinos + Santa Rosa;final;1365.728;1807.877;1365.728;367.877;267.631
6488;1;Los Espinos + Santa Rosa;final;1457.188;1820.727;17.188;380.727;290.224
6489;1;Los Espinos + Santa Rosa;final;1353.153;1833.577;1353.153;393.577;289.181
6490;1;Los Espinos + Santa Rosa;final;1360.838;1859.277;1360.838;419.277;248.237
6491;1;Los Espinos + Santa Rosa;final;1432.939;1884.977;1432.939;444.977;289.662
6491.1;1;Los Espinos + Santa Rosa;final;1504.071;2837.481;64.071;1397.481;48.186
6492;1;Los Espinos + Santa Rosa;final;1538.951;1897.877;98.951;457.877;313.845
6493;1;Los Espinos + Santa Rosa;final;1205.804;1748.658;1205.804;308.658;271.057
6493.1;1;Los Espinos + Santa Rosa;final;1466.955;2610.561;26.955;1170.561;117.792
6494;1;Los Espinos + Santa Rosa;final;1433.188;1760.658;1433.188;320.658;310.288
6494.1;1;Los Espinos + Santa Rosa;final;1487.444;2838.658;47.444;1398.658;38.308
6495;1;Los Espinos + Santa Rosa;final;1277.772;1772.658;1277.772;332.658;266.701
6496;1;Los Espinos + Santa Rosa;final;538.055;1784.658;538.055;344.658;68.084
6497;1;Los Espinos + Santa Rosa;final;1141.494;1796.658;1141.494;356.658;204.97
6498;1;Los Espinos + Santa Rosa;final;1352.361;1860.058;1352.361;420.058;246.957
6499;1;Los Espinos + Santa Rosa;final;1483.911;1872.908;43.911;432.908;289.31
6500;1;Los Espinos + Santa Rosa;final;1367.648;1747.466;1367.648;307.466;306.118
6501;1;Los Espinos + Santa Rosa;final;567.143;1762.466;567.143;322.466;81.607
6502;1;Los Espinos + Santa Rosa;final;1422.397;1807.466;1422.397;367.466;303.738
6503;1;Los Espinos + Santa Rosa;final;1256.275;1837.466;1256.275;397.466;238.61
6504;1;Los Espinos + Santa Rosa;final;518.125;1852.466;518.125;412.466;39.866
6505;1;Los Espinos + Santa Rosa;final;1386.549;1882.466;1386.549;442.466;268.15
6506;1;Los Espinos + Santa Rosa;final;1212.285;1748.108;1212.285;308.108;266.675
6507;1;Los Espinos + Santa Rosa;final;1280.255;1763.108;1280.255;323.108;287.463
6508;1;Los Espinos + Santa Rosa;final;1310.98;1778.108;1310.98;338.108;279.261
6508.1;1;Los Espinos + Santa Rosa;final;1423.682;2725.72;1423.682;1285.72;59.986
6509;1;Los Espinos + Santa Rosa;final;1281.325;1793.108;1281.325;353.108;294.986
6509.1;1;Los Espinos + Santa Rosa;final;1499.126;2714.408;59.126;1274.408;103.18
6510;1;Los Espinos + Santa Rosa;final;1272.003;1808.108;1272.003;368.108;279.253
6510.1;1;Los Espinos + Santa Rosa;final;1386.82;2668.741;1386.82;1228.741;73.653
6511;1;Los Espinos + Santa Rosa;final;1305.893;1868.108;1305.893;428.108;251.275
6512;1;Los Espinos + Santa Rosa;final;1308.966;1883.108;1308.966;443.108;253.347
6513;1;Los Espinos + Santa Rosa;final;1351.489;1773.665;1351.489;333.665;308.81
6513.1;1;Los Espinos + Santa Rosa;final;1444.553;2758.611;4.553;1318.611;65.029
6514;1;Los Espinos + Santa Rosa;final;1274.558;1782.232;1274.558;342.232;290.995
6515;1;Los Espinos + Santa Rosa;final;1328.315;1790.799;1328.315;350.799;303.374
6515.1;1;Los Espinos + Santa Rosa;final;1465.181;2735.745;25.181;1295.745;69.372
6516;1;Los Espinos + Santa Rosa;final;1203.721;1771.481;1203.721;331.481;263.725
6517;1;Los Espinos + Santa Rosa;final;613.434;1783.481;613.434;343.481;98.106
6518;1;Los Espinos + Santa Rosa;final;1307.772;1795.481;1307.772;355.481;293.213
6518.1;1;Los Espinos + Santa Rosa;final;1399.804;2722.481;1399.804;1282.481;48.186
6519;1;Los Espinos + Santa Rosa;final;1402.054;1807.481;1402.054;367.481;306.741
6520;1;Los Espinos + Santa Rosa;final;1328.966;1817.481;1328.966;377.481;299.945
6521;1;Los Espinos + Santa Rosa;final;1294.738;1887.481;1294.738;447.481;246.516
6522;1;Los Espinos + Santa Rosa;final;1380.534;1897.481;1380.534;457.481;278.861
6523;1;Los Espinos + Santa Rosa;final;1220.672;1476.561;1220.672;36.561;290.189
6523.1;1;Los Espinos + Santa Rosa;final;1500.421;2632.481;60.421;1192.481;125.516
6524;1;Los Espinos + Santa Rosa;final;1273.121;1746.561;1273.121;306.561;294.544
6524.1;1;Los Espinos + Santa Rosa;final;1492.939;2676.561;52.939;1236.561;108.964
6525;1;Los Espinos + Santa Rosa;final;1249.121;1756.561;1249.121;316.561;277.622
6525.1;1;Los Espinos + Santa Rosa;final;1481.188;2657.811;41.188;1217.811;116.213
6526;1;Los Espinos + Santa Rosa;final;1336.555;1766.561;1336.555;326.561;307.111
6527;1;Los Espinos + Santa Rosa;final;1297.121;1786.561;1297.121;346.561;294.544
6527.1;1;Los Espinos + Santa Rosa;final;1464.071;2706.561;24.071;1266.561;79.476
6528;1;Los Espinos + Santa Rosa;final;1309.121;1796.561;1309.121;356.561;294.544
6528.1;1;Los Espinos + Santa Rosa;final;1375.838;2722.877;1375.838;1282.877;39.221
6529;1;Los Espinos + Santa Rosa;final;508.055;1806.561;508.055;366.561;48.555
6530;1;Los Espinos + Santa Rosa;final;1350.654;1856.561;1350.654;416.561;277.622
6530.1;1;Los Espinos + Santa Rosa;final;1517.554;2753.694;77.554;1313.694;96.397
6531;1;Los Espinos + Santa Rosa;final;543.829;1446.391;543.829;6.391;131.5
6532;1;Los Espinos + Santa Rosa;final;1240.81;1716.391;1240.81;276.391;312.722
6532.1;1;Los Espinos + Santa Rosa;final;1541.427;2581.011;101.427;1141.011;169.359
6533;1;Los Espinos + Santa Rosa;final;1313.726;1726.391;1313.726;286.391;314.153
6533.1;1;Los Espinos + Santa Rosa;final;1383.958;2689.201;1383.958;1249.201;55.687
6534;1;Los Espinos + Santa Rosa;final;1250.81;1736.391;1250.81;296.391;312.722
6534.1;1;Los Espinos + Santa Rosa;final;1305.929;2593.011;1305.929;1153.011;64.759
6535;1;Los Espinos + Santa Rosa;final;1299.285;1746.391;1299.285;306.391;312.433
6536;1;Los Espinos + Santa Rosa;final;1468.166;1756.391;28.166;316.391;287.629
6537;1;Los Espinos + Santa Rosa;final;1270.61;1766.391;1270.61;326.391;312.722
6537.1;1;Los Espinos + Santa Rosa;final;1378.752;2617.011;1378.752;1177.011;87.49
6538;1;Los Espinos + Santa Rosa;final;513.829;1776.391;513.829;336.391;65.049
6539;1;Los Espinos + Santa Rosa;final;1345.903;1786.391;1345.903;346.391;312.246
6540;1;Los Espinos + Santa Rosa;final;533.829;1796.391;533.829;356.391;65.049
6541;1;Los Espinos + Santa Rosa;final;1300.927;1836.391;1300.927;396.391;266.008
6542;1;Los Espinos + Santa Rosa;final;1343.902;1856.391;1343.902;416.391;299.603
6542.1;1;Los Espinos + Santa Rosa;final;1458.919;2719.678;18.919;1279.678;77.61
6543;1;Los Espinos + Santa Rosa;final;1385.482;1866.391;1385.482;426.391;259.817
6544;1;Los Espinos + Santa Rosa;final;1269.929;1876.391;1269.929;436.391;264.402
6545;1;Los Espinos + Santa Rosa;final;1210.027;1411.379;1210.027;1411.379;298.886
6545.1;1;Los Espinos + Santa Rosa;final;1465.976;2558.311;25.976;1118.311;147.205
6546;1;Los Espinos + Santa Rosa;final;1026.399;1441.379;1026.399;1.379;285.659
6546.1;1;Los Espinos + Santa Rosa;final;1392.241;2434.717;1392.241;994.717;129.62
6547;1;Los Espinos + Santa Rosa;final;1189.561;1771.379;1189.561;331.379;275.591
6547.1;1;Los Espinos + Santa Rosa;final;1536.108;2546.311;96.108;1106.311;188.337
6548;1;Los Espinos + Santa Rosa;final;1294.551;1786.379;1294.551;346.379;290.224
6549;1;Los Espinos + Santa Rosa;final;1281.929;1800.428;1281.929;360.428;288.201
6550;1;El Conquistador;final;1470.959;1443.575;30.959;3.575;283.284
6551;1;El Conquistador;final;1200.186;1713.575;1200.186;273.575;275.209
6551.1;1;El Conquistador;final;1316.063;2604.352;1316.063;1164.352;61.138
6552;1;El Conquistador;final;1225.349;1725.575;1225.349;285.575;138.307
6553;1;El Conquistador;final;1227.98;1737.575;1227.98;297.575;293.138
6554;1;El Conquistador;final;1262.434;1749.575;1262.434;309.575;283.922
6554.1;1;El Conquistador;final;1379.08;2676.703;1379.08;1236.703;63.713
6555;1;El Conquistador;final;1302.263;1761.575;1302.263;321.575;309.958
6556;1;El Conquistador;final;1238.116;1773.575;1238.116;333.575;287.398
6556.1;1;El Conquistador;final;1395.383;2645.901;1395.383;1205.901;71.19
6557;1;El Conquistador;final;1146.165;1784.825;1146.165;344.825;265.132
6558;1;El Conquistador;final;1173.683;1796.075;1173.683;356.075;282.072
6558.1;1;El Conquistador;final;1361.387;2570.367;1361.387;1130.367;111.922
6559;1;El Conquistador;final;1245.129;1807.325;1245.129;367.325;270.841
6560;1;El Conquistador;final;1268.818;1829.825;1268.818;389.825;276.213
6560.1;1;El Conquistador;final;1514.963;2668.652;74.963;1228.652;122.762
6561;1;El Conquistador;final;1377.634;1841.075;1377.634;401.075;291.576
6561.1;1;El Conquistador;final;1436.889;2772.966;1436.889;1332.966;51.917
6562;1;El Conquistador;final;1258.272;1852.325;1258.272;412.325;258.321
6563;1;El Conquistador;final;1170.165;1863.575;1170.165;423.575;265.132
6564;1;El Conquistador;final;1401.682;2413.575;1401.682;973.575;161.438
6565;1;El Conquistador;final;1290.965;2423.575;1290.965;983.575;112.764
6566;1;El Conquistador;final;1286.42;1766.001;1286.42;326.001;311.749
6566.1;1;El Conquistador;final;1374.237;2678.917;1374.237;1238.917;68.327
6567;1;El Conquistador;final;1084.974;1435.706;1084.974;1435.706;304.029
6567.1;1;El Conquistador;final;1417.793;2502.033;1417.793;1062.033;127.57
6568;1;El Conquistador;final;1494.963;1570.706;54.963;130.706;273.194
6569;1;El Conquistador;final;1252.893;1705.706;1252.893;265.706;311.432
6570;1;El Conquistador;final;1202.205;1714.272;1202.205;274.272;312.939
6570.1;1;El Conquistador;final;1384.043;2586.534;1384.043;1146.534;107.286
6571;1;El Conquistador;final;1092.202;1722.839;1092.202;282.839;253.887
6571.1;1;El Conquistador;final;1383.678;2478.893;1383.678;1038.893;124.589
6572;1;El Conquistador;final;1211.7;1731.406;1211.7;291.406;293.553
6572.1;1;El Conquistador;final;1537.478;2514.567;97.478;1074.567;192.787
6573;1;El Conquistador;final;1212.334;1748.539;1212.334;308.539;285.744
6573.1;1;El Conquistador;final;1504.646;2640.232;64.646;1200.232;124.399
6574;1;El Conquistador;final;1208.517;1757.106;1208.517;317.106;265.848
6574.1;1;El Conquistador;final;1357.926;2632.866;1357.926;1192.866;63.269
6575;1;El Conquistador;final;1246.346;1765.672;1246.346;325.672;263.695
6576;1;El Conquistador;final;1248.643;1765.706;1248.643;325.706;276.312
6577;1;El Conquistador;final;1137.051;1772.622;1137.051;332.622;264.537
6577.1;1;El Conquistador;final;1311.101;2555.366;1311.101;1115.366;75.16
6578;1;El Conquistador;final;1253.117;1779.539;1253.117;339.539;295.343
6578.1;1;El Conquistador;final;1334.467;2670.366;1334.467;1230.366;38.742
6579;1;El Conquistador;final;520.567;1786.456;520.567;346.456;67.03
6580;1;El Conquistador;final;1221.607;1793.372;1221.607;353.372;268.881
6580.1;1;El Conquistador;final;1378.395;2643.748;1378.395;1203.748;69.332
6581;1;El Conquistador;final;1372.793;1800.289;1372.793;360.289;306.113
6582;1;El Conquistador;final;1417.428;1814.122;1417.428;374.122;311.728
6582.1;1;El Conquistador;final;1558.6;2797.943;118.6;1357.943;97.686
6583;1;El Conquistador;final;1393.367;1821.039;1393.367;381.039;306.916
6583.1;1;El Conquistador;final;1519.359;2813.899;79.359;1373.899;66.965
6584;1;El Conquistador;final;1245.595;1834.872;1245.595;394.872;265.487
6585;1;El Conquistador;final;1386.709;1841.789;1386.709;401.789;306.113
6586;1;El Conquistador;final;1181.976;1848.706;1181.976;408.706;248.95
6587;1;El Conquistador;final;1259.028;1855.622;1259.028;415.622;245.157
6588;1;El Conquistador;final;1341.369;1855.706;1341.369;415.706;305.447
6588.1;1;El Conquistador;final;1529.159;2725.943;89.159;1285.943;119.039
6589;1;El Conquistador;final;1570.759;2365.706;130.759;925.706;254.682
6590;1;El Conquistador;final;1342.926;2468.506;1342.926;1028.506;120.081
6591;1;El Conquistador;final;1502.226;2485.706;62.226;1045.706;186.684
6592;1;El Conquistador;final;1267.059;1755.366;1267.059;315.366;303.855
6593;1;El Conquistador;final;1347.059;1775.366;1347.059;335.366;313.602
6593.1;1;El Conquistador;final;1371.101;2665.706;1371.101;1225.706;65.37
6594;1;El Conquistador;final;1267.926;1795.366;1267.926;355.366;284.323
6595;1;El Conquistador;final;1198.459;1815.366;1198.459;375.366;259.148
6596;1;El Conquistador;final;1276.44;1825.366;1276.44;385.366;269.107
6597;1;El Conquistador;final;1394.213;1835.366;1394.213;395.366;296.482
6598;1;El Conquistador;final;1356.101;1905.366;1356.101;465.366;275.632
6599;1;El Conquistador;final;1161.845;1801.857;1161.845;361.857;102.999
6600;1;El Conquistador;final;1375.612;1816.857;1375.612;376.857;278.632
6600.1;1;El Conquistador;final;1489.701;2777.734;49.701;1337.734;73.004
6601;1;El Conquistador;final;1284.703;1824.357;1284.703;384.357;255.349
6602;1;El Conquistador;final;1434.546;1831.857;1434.546;391.857;299.892
6602.1;1;El Conquistador;final;1547.051;2835.534;107.051;1395.534;74.739
6603;1;El Conquistador;final;1461.003;1839.357;21.003;399.357;308.998
6604;1;El Conquistador;final;1130.871;1439.376;1130.871;1439.376;307.195
6604.1;1;El Conquistador;final;1209.516;2541.532;1209.516;1101.532;43.159
6605;1;El Conquistador;final;1278.719;1709.376;1278.719;269.376;282.729
6605.1;1;El Conquistador;final;1515.936;2687.627;75.936;1247.627;117.022
6606;1;El Conquistador;final;1275.129;1719.376;1275.129;279.376;295.213
6607;1;El Conquistador;final;1140.088;1729.376;1140.088;289.376;273.053
6607.1;1;El Conquistador;final;1290.395;2555.748;1290.395;1115.748;69.332
6608;1;El Conquistador;final;1230.784;1739.376;1230.784;299.376;284.619
6609;1;El Conquistador;final;1394.297;1749.376;1394.297;309.376;300.201
6609.1;1;El Conquistador;final;1445.846;2712.366;5.846;1272.366;82.87
6610;1;El Conquistador;final;1322.395;1759.376;1322.395;319.376;308.474
6610.1;1;El Conquistador;final;1419.583;2647.926;1419.583;1207.926;96.235
6611;1;El Conquistador;final;1369.99;1769.376;1369.99;329.376;313.575
6611.1;1;El Conquistador;final;1473.847;2758.974;33.847;1318.974;68.669
6612;1;El Conquistador;final;1093.519;1778.376;1093.519;338.376;202.698
6613;1;El Conquistador;final;1296.183;1787.376;1296.183;347.376;302.175
6614;1;El Conquistador;final;1391.563;1805.376;1391.563;365.376;309.544
6615;1;El Conquistador;final;1220.186;1823.376;1220.186;383.376;242.078
6616;1;El Conquistador;final;1273.974;1832.376;1273.974;392.376;265.64
6617;1;El Conquistador;final;1268.888;1841.376;1268.888;401.376;273.053
6618;1;El Conquistador;final;1431.118;1850.376;1431.118;410.376;297.887
6618.1;1;El Conquistador;final;1493.316;2842.916;53.316;1402.916;43.159
6619;1;El Conquistador;final;1197.312;1859.376;1197.312;419.376;219.955
6620;1;El Conquistador;final;1314.488;1869.376;1314.488;429.376;281.845
6620.1;1;El Conquistador;final;1476.554;2730.498;36.554;1290.498;82.686
6621;1;El Conquistador;final;1266.183;2461.543;1266.183;1021.543;96.235
6622;1;El Conquistador;final;1286.183;2479.976;1286.183;1039.976;96.235
6623;1;El Conquistador;final;1317.769;2489.376;1317.769;1049.376;105.149
6624;1;El Conquistador;intermedia;882.037;894.0;882.037;894.0;267.955
6624;2;El Conquistador;final;1085.688;1421.748;1085.688;1421.748;73.406
6624.1;1;El Conquistador;final;1200.745;2405.408;1200.745;965.408;90.031
6625;1;El Conquistador;final;1061.369;1451.748;1061.369;11.748;305.352
6625.1;1;El Conquistador;final;1500.813;2482.152;60.813;1042.152;166.671
6626;1;El Conquistador;final;1346.579;1771.748;1346.579;331.748;296.092
6627;1;El Conquistador;final;1293.971;1791.748;1293.971;351.748;288.075
6628;1;El Conquistador;final;1391.588;1821.748;1391.588;381.748;302.895
6628.1;1;El Conquistador;final;1481.003;2801.748;41.003;1361.748;52.075
6629;1;El Conquistador;final;1382.84;1831.748;1382.84;391.748;295.007
6630;1;Los Espinos + Santa Rosa;final;470.751;1782.564;470.751;342.564;51.618
6631;1;Los Espinos + Santa Rosa;final;1311.041;1790.064;1311.041;350.064;177.476
6632;1;Los Espinos + Santa Rosa;final;485.751;1797.564;485.751;357.564;51.618
6633;1;Los Espinos + Santa Rosa;final;493.251;1805.064;493.251;365.064;51.618
6634;1;Los Espinos + Santa Rosa;final;1375.874;1820.064;1375.874;380.064;264.568
6635;1;Los Espinos + Santa Rosa;final;515.751;1827.564;515.751;387.564;51.618
6636;1;Los Espinos + Santa Rosa;final;530.751;1842.564;530.751;402.564;51.618
6637;1;Los Espinos + Santa Rosa;final;553.251;1865.064;553.251;425.064;51.618
6638;1;Los Espinos + Santa Rosa;final;1266.918;2514.564;1266.918;1074.564;76.717
6639;1;Los Espinos + Santa Rosa;final;545.751;1833.715;545.751;393.715;60.8
6640;1;Los Espinos + Santa Rosa;final;523.251;1782.938;523.251;342.938;69.95
6641;1;Los Espinos + Santa Rosa;final;538.251;1792.938;538.251;352.938;69.95
6642;1;Los Espinos + Santa Rosa;final;549.425;1802.938;549.425;362.938;72.552
6643;1;Los Espinos + Santa Rosa;final;472.135;1812.938;472.135;372.938;44.851
6644;1;Los Espinos + Santa Rosa;final;482.135;1822.938;482.135;382.938;44.851
6645;1;Los Espinos + Santa Rosa;final;561.601;1832.938;561.601;392.938;63.608
6646;1;Los Espinos + Santa Rosa;final;1272.386;1842.938;1272.386;402.938;219.743
6647;1;Los Espinos + Santa Rosa;final;1324.217;1852.938;1324.217;412.938;269.554
6648;1;Los Espinos + Santa Rosa;final;522.135;1862.938;522.135;422.938;44.851
6649;1;Los Espinos + Santa Rosa;final;531.601;1872.938;531.601;432.938;44.851
6650;1;Los Espinos + Santa Rosa;final;1087.986;1441.487;1087.986;1.487;301.549
6650.1;1;Los Espinos + Santa Rosa;final;1382.296;2524.881;1382.296;1084.881;94.325
6651;1;Los Espinos + Santa Rosa;final;1228.015;1576.487;1228.015;136.487;294.312
6651.1;1;Los Espinos + Santa Rosa;final;1312.64;2584.618;1312.64;1144.618;67.97
6652;1;Los Espinos + Santa Rosa;final;1225.838;1711.487;1225.838;271.487;291.347
6652.1;1;Los Espinos + Santa Rosa;final;1482.03;2629.531;42.03;1189.531;119.214
6653;1;Los Espinos + Santa Rosa;final;1274.727;1723.487;1274.727;283.487;273.731
6653.1;1;Los Espinos + Santa Rosa;final;1462.298;2701.532;22.298;1261.532;82.906
6654;1;Los Espinos + Santa Rosa;final;1394.654;1735.487;1394.654;295.487;309.63
6654.1;1;Los Espinos + Santa Rosa;final;1493.111;2806.83;53.111;1366.83;57.961
6655;1;Los Espinos + Santa Rosa;final;1240.566;1747.487;1240.566;307.487;275.331
6655.1;1;Los Espinos + Santa Rosa;final;1384.394;2644.551;1384.394;1204.551;66.921
6656;1;Los Espinos + Santa Rosa;final;1218.385;1759.487;1218.385;319.487;262.002
6657;1;Los Espinos + Santa Rosa;final;1357.116;1771.487;1357.116;331.487;293.247
6657.1;1;Los Espinos + Santa Rosa;final;1569.649;2707.274;129.649;1267.274;120.567
6658;1;Los Espinos + Santa Rosa;final;1367.417;1816.487;1367.417;376.487;297.044
6659;1;Los Espinos + Santa Rosa;final;1347.38;1827.737;1347.38;387.737;286.676
6659.1;1;Los Espinos + Santa Rosa;final;1482.572;2709.926;42.572;1269.926;93.283
6660;1;Los Espinos + Santa Rosa;final;1302.618;1838.987;1302.618;398.987;266.502
6661;1;Los Espinos + Santa Rosa;final;484.308;1763.008;484.308;323.008;55.589
6662;1;Los Espinos + Santa Rosa;final;1226.626;1778.008;1226.626;338.008;259.218
6663;1;Los Espinos + Santa Rosa;final;1406.561;1793.008;1406.561;353.008;303.377
6664;1;Los Espinos + Santa Rosa;final;1295.417;1808.008;1295.417;368.008;194.288
6665;1;Los Espinos + Santa Rosa;final;1359.056;1823.008;1359.056;383.008;304.473
6665.1;1;Los Espinos + Santa Rosa;final;1450.868;2753.041;10.868;1313.041;67.699
6666;1;Los Espinos + Santa Rosa;final;1398.33;1845.508;1398.33;405.508;299.286
6666.1;1;Los Espinos + Santa Rosa;final;1535.225;2775.03;95.225;1335.03;94.887
6667;1;Los Espinos + Santa Rosa;final;1457.658;1856.758;17.658;416.758;313.048
6668;1;Los Espinos + Santa Rosa;final;1327.742;1890.508;1327.742;450.508;255.554
6669;1;Los Espinos + Santa Rosa;final;1376.042;1913.008;1376.042;473.008;275.653
6670;1;El Conquistador;final;1266.395;1713.575;1266.395;273.575;303.403
6671;1;El Conquistador;final;1301.771;1728.575;1301.771;288.575;306.642
6671.1;1;El Conquistador;final;1440.212;2719.248;0.212;1279.248;69.332
6672;1;El Conquistador;final;1323.388;1743.575;1323.388;303.575;302.12
6672.1;1;El Conquistador;final;1463.015;2734.949;23.015;1294.949;75.216
6673;1;El Conquistador;final;1201.349;1773.575;1201.349;333.575;104.967
6674;1;El Conquistador;final;1202.93;1796.075;1202.93;356.075;235.093
6675;1;El Conquistador;final;1245.455;1829.825;1245.455;389.825;247.225
6676;1;El Conquistador;final;1426.513;1841.075;1426.513;401.075;304.679
6677;1;El Conquistador;final;1111.845;1852.325;1111.845;412.325;195.616
6678;1;El Conquistador;final;1190.93;2373.575;1190.93;933.575;88.525
6679;1;El Conquistador;final;502.034;1758.974;502.034;318.974;68.163
6680;1;El Conquistador;final;1242.397;1778.974;1242.397;338.974;272.139
6681;1;El Conquistador;final;1314.7;1798.974;1314.7;358.974;304.359
6681.1;1;El Conquistador;final;1355.215;2701.548;1355.215;1261.548;43.2
6682;1;El Conquistador;final;1374.975;1810.224;1374.975;370.224;308.514
6683;1;El Conquistador;final;1407.547;1821.474;1407.547;381.474;301.121
6684;1;El Conquistador;final;1303.121;1888.974;1303.121;448.974;242.032
6685;1;El Conquistador;final;1269.468;1740.652;1269.468;300.652;294.271
6685.1;1;El Conquistador;final;1483.919;2683.616;43.919;1243.616;106.245
6686;1;El Conquistador;final;1280.368;1745.652;1280.368;305.652;294.271
6686.1;1;El Conquistador;final;1354.833;2696.449;1354.833;1256.449;43.159
6687;1;El Conquistador;final;1292.069;1760.652;1292.069;320.652;297.755
6688;1;El Conquistador;final;1279.718;1765.652;1279.718;325.652;282.211
6688.1;1;El Conquistador;final;1473.811;2687.415;33.811;1247.415;101.163
6689;1;El Conquistador;final;1192.536;1770.652;1192.536;330.652;255.729
6690;1;El Conquistador;final;1298.868;1775.652;1298.868;335.652;294.271
6690.1;1;El Conquistador;final;1380.499;2722.116;1380.499;1282.116;43.159
6691;1;El Conquistador;final;1279.516;1785.652;1279.516;345.652;280.968
6692;1;El Conquistador;final;1270.234;1790.652;1270.234;350.652;260.906
6693;1;El Conquistador;final;1299.516;1799.402;1299.516;359.402;280.968
6694;1;El Conquistador;final;1336.42;1806.902;1336.42;366.902;299.182
6694.1;1;El Conquistador;final;1476.536;2730.367;36.536;1290.367;86.81
6695;1;El Conquistador;final;1350.268;1814.402;1350.268;374.402;294.271
6695.1;1;El Conquistador;final;1480.149;2759.966;40.149;1319.966;75.216
6696;1;El Conquistador;final;1309.916;1825.652;1309.916;385.652;280.968
6697;1;El Conquistador;final;1357.795;1836.902;1357.795;396.902;297.759
6697.1;1;El Conquistador;final;1532.995;2791.455;92.995;1351.455;89.888
6698;1;El Conquistador;final;1323.013;1840.652;1323.013;400.652;270.311
6699;1;El Conquistador;final;1397.539;1763.532;1397.539;323.532;303.353
6699.1;1;El Conquistador;final;1481.595;2778.118;41.595;1338.118;74.465
6700;1;El Conquistador;final;1349.901;1775.532;1349.901;335.532;309.215
6700.1;1;El Conquistador;final;1472.418;2753.286;32.418;1313.286;73.038
6701;1;El Conquistador;final;1225.595;1787.532;1225.595;347.532;258.487
6702;1;El Conquistador;final;1151.845;1799.532;1151.845;359.532;228.052
6703;1;El Conquistador;final;1063.317;1405.652;1063.317;1405.652;306.687
6703.1;1;El Conquistador;final;1307.903;2483.551;1307.903;1043.551;111.477
6704;1;El Conquistador;final;1062.851;1435.652;1062.851;1435.652;310.628
6704.1;1;El Conquistador;final;1159.383;2490.282;1159.383;1050.282;43.159
6705;1;El Conquistador;final;821.209;1415.785;821.209;1415.785;314.636
6705.1;1;El Conquistador;final;1177.349;2143.706;1177.349;703.706;153.386
6706;1;El Conquistador;final;1056.338;1445.785;1056.338;5.785;308.765
6706.1;1;El Conquistador;final;1464.021;2486.748;24.021;1046.748;150.968
6707;1;El Conquistador;intermedia;901.734;917.0;901.734;917.0;290.862
6707;2;El Conquistador;final;1070.447;1475.785;1070.447;35.785;61.138
6707.1;1;El Conquistador;final;1310.234;2408.575;1310.234;968.575;121.183
6708;1;El Conquistador;final;1342.365;1798.422;1342.365;358.422;312.425
6708.1;1;El Conquistador;final;1374.183;2728.495;1374.183;1288.495;42.998
6709;1;El Conquistador;final;1306.23;1443.575;1306.23;3.575;209.97
6710;1;El Conquistador;final;1189.349;1520.709;1189.349;80.709;311.206
6711;1;El Conquistador;final;1361.659;1559.275;1361.659;119.275;220.338
6712;1;El Conquistador;final;1305.209;1597.842;1305.209;157.842;174.419
6713;1;El Conquistador;final;1428.678;1636.409;1428.678;196.409;225.529
6714;1;El Conquistador;final;1174.916;1674.975;1174.916;234.975;289.535
6714.1;1;El Conquistador;final;1403.989;2580.501;1403.989;1140.501;106.784
6715;1;El Conquistador;final;1134.668;1713.542;1134.668;273.542;294.123
6715.1;1;El Conquistador;final;1428.749;2548.978;1428.749;1108.978;129.761
6716;1;El Conquistador;final;1250.709;1713.575;1250.709;273.575;170.827
6717;1;El Conquistador;final;1259.949;1717.092;1259.949;277.092;304.527
6717.1;1;El Conquistador;final;1531.513;2657.89;91.513;1217.89;141.909
6718;1;El Conquistador;final;1162.947;1720.609;1162.947;280.609;265.593
6719;1;El Conquistador;final;1179.625;1724.125;1179.625;284.125;279.585
6719.1;1;El Conquistador;final;1477.349;2560.21;37.349;1120.21;139.017
6720;1;El Conquistador;final;1261.349;1727.642;1261.349;287.642;294.758
6721;1;El Conquistador;final;1179.668;1731.159;1179.668;291.159;288.32
6721.1;1;El Conquistador;final;1518.334;2584.978;78.334;1144.978;159.166
6722;1;El Conquistador;final;1280.484;1734.675;1280.484;294.675;300.192
6722.1;1;El Conquistador;final;1445.882;2717.705;5.882;1277.705;75.432
6723;1;El Conquistador;final;1423.892;1741.709;1423.892;301.709;202.263
6724;1;El Conquistador;final;1244.517;1745.225;1244.517;305.225;282.227
6725;1;El Conquistador;final;1201.425;1748.742;1201.425;308.742;279.585
6725.1;1;El Conquistador;final;1447.375;2582.01;7.375;1142.01;123.238
6726;1;El Conquistador;final;1196.255;1752.259;1196.255;312.259;149.337
6727;1;El Conquistador;final;1286.165;1755.775;1286.165;315.775;313.09
6727.1;1;El Conquistador;final;1477.759;2679.284;37.759;1239.284;108.091
6728;1;El Conquistador;final;1298.579;1759.292;1298.579;319.292;309.891
6729;1;El Conquistador;final;1357.463;1762.809;1357.463;322.809;304.511
6729.1;1;El Conquistador;final;1391.401;2696.575;1391.401;1256.575;61.735
6730;1;El Conquistador;final;1311.463;1766.325;1311.463;326.325;313.241
6731;1;El Conquistador;final;1213.755;1769.842;1213.755;329.842;255.821
6732;1;El Conquistador;final;498.284;1773.575;498.284;333.575;61.735
6733;1;El Conquistador;final;505.784;1781.075;505.784;341.075;61.735
6734;1;El Conquistador;final;513.284;1788.575;513.284;348.575;61.735
6735;1;El Conquistador;final;1242.463;1796.075;1242.463;356.075;271.501
6736;1;El Conquistador;final;1334.579;1807.325;1334.579;367.325;305.262
6737;1;El Conquistador;final;1350.013;1814.825;1350.013;374.825;138.174
6738;1;El Conquistador;final;1400.53;1818.575;1400.53;378.575;303.115
6739;1;El Conquistador;final;1255.697;1822.325;1255.697;382.325;93.924
6740;1;El Conquistador;final;1405.388;1837.325;1405.388;397.325;283.235
6741;1;El Conquistador;final;1379.839;1841.075;1379.839;401.075;304.2
6741.1;1;El Conquistador;final;1494.116;2760.985;54.116;1320.985;90.859
6742;1;El Conquistador;final;1424.213;1852.325;1424.213;412.325;313.608
6743;1;El Conquistador;final;1242.68;1953.575;1242.68;513.575;221.081
6744;1;El Conquistador;final;1543.825;2223.575;103.825;783.575;257.626
6745;1;El Conquistador;final;1382.77;1829.819;1382.77;389.819;310.042
6745.1;1;El Conquistador;final;1451.716;2685.861;11.716;1245.861;96.254
6746;1;El Conquistador;final;1408.275;1886.619;1408.275;446.619;308.264
6746.1;1;El Conquistador;final;1485.225;2805.284;45.225;1365.284;59.042
6747;1;El Conquistador;final;1424.784;1896.086;1424.784;456.086;292.343
6747.1;1;El Conquistador;final;1535.502;2856.455;95.502;1416.455;55.236
6748;1;El Conquistador;final;1274.079;1896.152;1274.079;456.152;240.968
6749;1;El Conquistador;final;1115.743;1773.575;1115.743;333.575;313.486
6749.1;1;El Conquistador;final;1394.482;2529.817;1394.482;1089.817;133.768
6750;1;El Conquistador;final;1292.221;1788.575;1292.221;348.575;261.9
6751;1;El Conquistador;final;1208.255;1818.575;1208.255;378.575;132.294
6752;1;El Conquistador;final;1379.388;1863.575;1379.388;423.575;184.698
6753;1;El Conquistador;final;1193.901;1713.575;1193.901;273.575;285.528
6753.1;1;El Conquistador;final;1443.44;2596.978;3.44;1156.978;116.324
6754;1;El Conquistador;final;1151.146;1733.575;1151.146;293.575;279.306
6754.1;1;El Conquistador;final;1342.665;2560.845;1342.665;1120.845;82.776
6755;1;El Conquistador;final;1281.657;1753.575;1281.657;313.575;294.586
6756;1;El Conquistador;final;499.934;1773.575;499.934;333.575;62.601
6757;1;El Conquistador;final;513.768;1787.409;513.768;347.409;62.601
6758;1;El Conquistador;final;527.601;1801.242;527.601;361.242;62.601
6759;1;El Conquistador;final;1142.93;1808.159;1142.93;368.159;243.643
6760;1;El Conquistador;final;1277.68;1815.075;1277.68;375.075;289.691
6760.1;1;El Conquistador;final;1391.93;2689.553;1391.93;1249.553;63.713
6761;1;El Conquistador;final;1260.484;1863.575;1260.484;423.575;232.928
6762;1;El Conquistador;final;1343.881;1884.902;1343.881;444.902;248.95
6763;1;El Conquistador;final;1101.845;1896.152;1101.845;456.152;176.458
6764;1;El Conquistador;final;1154.657;1705.706;1154.657;265.706;289.971
6764.1;1;El Conquistador;final;1468.344;2572.866;28.344;1132.866;137.26
6765;1;El Conquistador;final;1273.533;1714.272;1273.533;274.272;314.002
6765.1;1;El Conquistador;final;1375.178;2574.534;1375.178;1134.534;97.152
6766;1;El Conquistador;final;1270.251;1722.839;1270.251;282.839;292.82
6767;1;El Conquistador;final;1252.334;1731.406;1252.334;291.406;304.097
6768;1;El Conquistador;final;1241.586;1739.972;1241.586;299.972;288.961
6768.1;1;El Conquistador;final;1492.418;2646.001;52.418;1206.001;128.455
6769;1;El Conquistador;final;1159.551;1748.539;1159.551;308.539;270.933
6769.1;1;El Conquistador;final;1305.426;2580.366;1305.426;1140.366;63.269
6770;1;El Conquistador;final;1253.586;1757.106;1253.586;317.106;312.979
6770.1;1;El Conquistador;final;1469.619;2639.035;29.619;1199.035;113.521
6771;1;El Conquistador;final;1189.551;1765.672;1189.551;325.672;271.402
6771.1;1;El Conquistador;final;1521.019;2610.366;81.019;1170.366;145.081
6772;1;El Conquistador;final;1305.379;1765.706;1305.379;325.706;306.655
6772.1;1;El Conquistador;final;1498.497;2612.881;58.497;1172.881;151.12
6773;1;El Conquistador;final;508.751;1772.122;508.751;332.122;65.37
6774;1;El Conquistador;final;1305.667;1778.539;1305.667;338.539;290.05
6774.1;1;El Conquistador;final;1440.763;2713.327;0.763;1273.327;72.936
6775;1;El Conquistador;final;1320.426;1804.206;1320.426;364.206;309.291
6775.1;1;El Conquistador;final;1470.443;2644.256;30.443;1204.256;120.081
6776;1;El Conquistador;final;1201.517;1810.622;1201.517;370.622;264.946
6776.1;1;El Conquistador;final;1528.646;2613.077;88.646;1173.077;142.756
6777;1;El Conquistador;final;1392.667;1823.456;1392.667;383.456;311.253
6777.1;1;El Conquistador;final;1510.443;2812.033;70.443;1372.033;63.269
6778;1;El Conquistador;final;1348.142;1829.872;1348.142;389.872;275.999
6779;1;El Conquistador;final;1290.426;1836.289;1290.426;396.289;276.569
6780;1;El Conquistador;final;1251.607;1842.706;1251.607;402.706;235.647
6781;1;El Conquistador;final;1372.428;1849.122;1372.428;409.122;294.13
6782;1;El Conquistador;final;1168.643;1855.539;1168.643;415.539;228.857
6783;1;El Conquistador;final;1409.209;1855.706;1409.209;415.706;311.976
6783.1;1;El Conquistador;final;1553.626;2729.972;113.626;1289.972;121.476
6784;1;El Conquistador;final;1318.869;2380.706;1318.869;940.706;146.658
6785;1;El Conquistador;final;1461.901;2403.206;21.901;963.206;192.579
6786;1;El Conquistador;final;1343.297;2425.706;1343.297;985.706;130.542
6787;1;El Conquistador;final;1269.094;2470.706;1269.094;1030.706;92.062
6788;1;El Conquistador;final;1354.978;2485.706;1354.978;1045.706;119.946
6789;1;El Conquistador;final;1239.001;1755.366;1239.001;315.366;286.687
6789.1;1;El Conquistador;final;1490.945;2649.077;50.945;1209.077;119.531
6790;1;El Conquistador;final;1307.202;1775.366;1307.202;335.366;294.214
6790.1;1;El Conquistador;final;1445.697;2694.713;5.697;1254.713;82.337
6791;1;El Conquistador;final;1367.226;1815.366;1367.226;375.366;312.944
6792;1;El Conquistador;final;1315.567;1888.866;1315.567;448.866;283.905
6792.1;1;El Conquistador;final;1442.959;2734.116;2.959;1294.116;63.269
6793;1;El Conquistador;final;1191.681;1905.199;1191.681;465.199;213.708
6794;1;El Conquistador;final;1358.934;1905.366;1358.934;465.366;286.687
6794.1;1;El Conquistador;final;1545.503;2782.128;105.503;1342.128;116.124
6795;1;El Conquistador;final;1203.238;1375.706;1203.238;1375.706;312.156
6795.1;1;El Conquistador;final;1260.806;2627.5;1260.806;1187.5;29.717
6796;1;El Conquistador;final;756.947;1405.706;756.947;1405.706;314.466
6796.1;1;El Conquistador;final;1431.412;2196.703;1431.412;756.703;225.477
6797;1;El Conquistador;final;1242.947;1435.706;1242.947;1435.706;187.339
6798;1;El Conquistador;final;902.55;1582.906;902.55;142.906;294.503
6798.1;1;El Conquistador;final;1352.539;2322.74;1352.539;882.74;162.058
6799;1;El Conquistador;final;650.705;1415.477;650.705;1415.477;277.561
6799.1;1;El Conquistador;final;1427.606;2047.771;1427.606;607.771;258.581
6800;1;El Conquistador;final;524.534;1445.477;524.534;5.477;206.182
6801;1;Los Espinos + Santa Rosa;final;671.68;1449.145;671.68;9.145;264.019
6801.1;1;Los Espinos + Santa Rosa;final;1458.963;2093.63;18.963;653.63;267.249
6802;1;Los Espinos + Santa Rosa;final;1328.185;1719.145;1328.185;279.145;305.436
6803;1;Los Espinos + Santa Rosa;final;1276.217;1731.145;1276.217;291.145;292.657
6804;1;Los Espinos + Santa Rosa;final;1249.052;1743.145;1249.052;303.145;288.156
6805;1;Los Espinos + Santa Rosa;final;1372.127;1755.145;1372.127;315.145;194.105
6806;1;Los Espinos + Santa Rosa;final;1283.142;1767.145;1283.142;327.145;275.972
6807;1;Los Espinos + Santa Rosa;final;1290.617;1779.145;1290.617;339.145;267.352
6808;1;Los Espinos + Santa Rosa;final;1339.652;1784.429;1339.652;344.429;298.525
6809;1;Los Espinos + Santa Rosa;final;1344.8;1789.712;1344.8;349.712;312.763
6809.1;1;Los Espinos + Santa Rosa;final;1405.902;2696.245;1405.902;1256.245;71.792
6810;1;Los Espinos + Santa Rosa;final;1348.682;1794.995;1348.682;354.995;300.519
6810.1;1;Los Espinos + Santa Rosa;final;1505.799;2722.827;65.799;1282.827;104.68
6811;1;Los Espinos + Santa Rosa;final;1272.588;1800.279;1272.588;360.279;292.431
6811.1;1;Los Espinos + Santa Rosa;final;1467.444;2677.481;27.444;1237.481;89.378
6812;1;Los Espinos + Santa Rosa;final;1378.704;1805.562;1378.704;365.562;312.943
6812.1;1;Los Espinos + Santa Rosa;final;1481.406;2773.041;41.406;1333.041;71.883
6813;1;Los Espinos + Santa Rosa;final;1319.417;1810.845;1319.417;370.845;207.867
6814;1;Los Espinos + Santa Rosa;final;1298.208;1816.129;1298.208;376.129;299.292
6814.1;1;Los Espinos + Santa Rosa;final;1339.689;2672.27;1339.689;1232.27;47.829
6815;1;Los Espinos + Santa Rosa;final;1341.908;1821.412;1341.908;381.412;274.047
6816;1;Los Espinos + Santa Rosa;final;1322.91;1826.695;1322.91;386.695;280.812
6817;1;Los Espinos + Santa Rosa;final;1237.817;1831.979;1237.817;391.979;248.098
6818;1;Los Espinos + Santa Rosa;final;1421.492;1837.262;1421.492;397.262;300.338
6819;1;Los Espinos + Santa Rosa;final;1265.442;1842.545;1265.442;402.545;257.632
6820;1;Los Espinos + Santa Rosa;final;1400.994;1847.829;1400.994;407.829;311.285
6820.1;1;Los Espinos + Santa Rosa;final;1481.935;2746.405;41.935;1306.405;85.905
6821;1;Los Espinos + Santa Rosa;final;1317.065;1858.395;1317.065;418.395;246.268
6822;1;Los Espinos + Santa Rosa;final;1375.715;1868.962;1375.715;428.962;271.007
6823;1;Los Espinos + Santa Rosa;final;1226.678;1869.145;1226.678;429.145;242.514
6824;1;Los Espinos + Santa Rosa;final;1164.926;1440.845;1164.926;0.845;304.879
6824.1;1;Los Espinos + Santa Rosa;final;1521.658;2527.19;81.658;1087.19;152.085
6825;1;Los Espinos + Santa Rosa;final;1191.379;1710.845;1191.379;270.845;300.561
6825.1;1;Los Espinos + Santa Rosa;final;1512.684;2562.738;72.684;1122.738;199.309
6826;1;Los Espinos + Santa Rosa;final;497.222;1720.845;497.222;280.845;84.956
6827;1;Los Espinos + Santa Rosa;final;1262.7;1730.845;1262.7;290.845;299.502
6827.1;1;Los Espinos + Santa Rosa;final;1387.961;2626.4;1387.961;1186.4;90.063
6828;1;Los Espinos + Santa Rosa;final;1143.489;1740.845;1143.489;300.845;267.435
6829;1;Los Espinos + Santa Rosa;final;537.3;1750.845;537.3;310.845;100.813
6830;1;Los Espinos + Santa Rosa;final;548.55;1760.845;548.55;320.845;100.813
6831;1;Los Espinos + Santa Rosa;final;562.555;1770.845;562.555;330.845;84.956
6832;1;Los Espinos + Santa Rosa;final;1410.699;1791.978;1410.699;351.978;244.337
6833;1;Los Espinos + Santa Rosa;final;1366.563;1807.828;1366.563;367.828;314.937
6833.1;1;Los Espinos + Santa Rosa;final;1521.323;2724.976;81.323;1284.976;114.477
6834;1;Los Espinos + Santa Rosa;final;1333.381;1828.962;1333.381;388.962;291.394
6835;1;Los Espinos + Santa Rosa;final;1401.724;1834.245;1401.724;394.245;267.812
6836;1;Los Espinos + Santa Rosa;final;1292.127;1839.528;1292.127;399.528;281.936
6837;1;Los Espinos + Santa Rosa;final;1249.284;1844.812;1249.284;404.812;123.445
6838;1;Los Espinos + Santa Rosa;final;1344.994;1850.095;1344.994;410.095;293.383
6838.1;1;Los Espinos + Santa Rosa;final;1553.242;2686.405;113.242;1246.405;142.247
6839;1;Los Espinos + Santa Rosa;final;1015.413;1389.145;1015.413;1389.145;304.122
6839.1;1;Los Espinos + Santa Rosa;final;1452.31;2412.715;12.31;972.715;173.036
6840;1;Los Espinos + Santa Rosa;final;688.825;1419.145;688.825;1419.145;269.108
6840.1;1;Los Espinos + Santa Rosa;final;1491.487;2097.026;51.487;657.026;285.702
6841;1;Los Espinos + Santa Rosa;final;874.653;1398.019;874.653;1398.019;309.651
6841.1;1;Los Espinos + Santa Rosa;final;1271.621;2284.847;1271.621;844.847;136.845
6842;1;Los Espinos + Santa Rosa;final;866.626;1428.019;866.626;1428.019;282.821
6842.1;1;Los Espinos + Santa Rosa;final;1510.059;2264.078;70.059;824.078;221.597
6843;1;Los Espinos + Santa Rosa;final;878.872;1443.583;878.872;3.583;301.105
6843.1;1;Los Espinos + Santa Rosa;final;1524.421;2278.678;84.421;838.678;228.701
6844;1;Los Espinos + Santa Rosa;final;1196.866;1578.583;1196.866;138.583;286.065
6845;1;Los Espinos + Santa Rosa;final;1245.556;1713.583;1245.556;273.583;293.185
6845.1;1;Los Espinos + Santa Rosa;final;1358.27;2643.041;1358.27;1203.041;64.804
6846;1;Los Espinos + Santa Rosa;final;1239.049;1725.583;1239.049;285.583;272.902
6847;1;Los Espinos + Santa Rosa;final;1244.72;1737.583;1244.72;297.583;285.841
6847.1;1;Los Espinos + Santa Rosa;final;1510.244;2648.296;70.244;1208.296;126.956
6848;1;Los Espinos + Santa Rosa;final;1325.278;1749.583;1325.278;309.583;310.323
6848.1;1;Los Espinos + Santa Rosa;final;1497.261;2676.081;57.261;1236.081;113.293
6849;1;Los Espinos + Santa Rosa;final;1306.789;1761.583;1306.789;321.583;302.034
6849.1;1;Los Espinos + Santa Rosa;final;1366.414;2707.115;1366.414;1267.115;45.772
6850;1;Los Espinos + Santa Rosa;final;1287.475;1784.833;1287.475;344.833;256.401
6851;1;Los Espinos + Santa Rosa;final;1356.908;1807.333;1356.908;367.333;298.151
6851.1;1;Los Espinos + Santa Rosa;final;1476.81;2762.108;36.81;1322.108;67.097
6852;1;Los Espinos + Santa Rosa;final;1238.318;1829.833;1238.318;389.833;236.852
6853;1;Los Espinos + Santa Rosa;final;1187.903;1841.083;1187.903;401.083;267.084
6854;1;Los Espinos + Santa Rosa;final;1283.702;1763.041;1283.702;323.041;290.514
6855;1;Los Espinos + Santa Rosa;final;1188.003;1783.041;1188.003;343.041;271.134
6855.1;1;Los Espinos + Santa Rosa;final;1424.702;2583.041;1424.702;1143.041;119.848
6856;1;Los Espinos + Santa Rosa;final;1291.333;1803.041;1291.333;363.041;267.463
6856.1;1;Los Espinos + Santa Rosa;final;1474.496;2720.881;34.496;1280.881;84.058
6857;1;Los Espinos + Santa Rosa;final;1245.922;1859.291;1245.922;419.291;235.135
6858;1;Los Espinos + Santa Rosa;final;1338.617;1870.541;1338.617;430.541;262.547
6859;1;Los Espinos + Santa Rosa;final;1479.147;1881.791;39.147;441.791;314.631
6860;1;El Conquistador;final;1185.321;1461.443;1185.321;21.443;295.789
6860.1;1;El Conquistador;final;1484.328;2595.748;44.328;1155.748;137.979
6861;1;El Conquistador;final;1314.395;1743.443;1314.395;303.443;307.18
6862;1;El Conquistador;final;528.284;1771.748;528.284;331.748;72.06
6863;1;El Conquistador;final;1315.318;1791.748;1315.318;351.748;280.017
6863.1;1;El Conquistador;final;1417.513;2718.152;1417.513;1278.152;61.138
6864;1;El Conquistador;final;1275.486;1834.248;1275.486;394.248;262.888
6865;1;El Conquistador;final;1421.9;1867.998;1421.9;427.998;314.044
6865.1;1;El Conquistador;final;1471.24;2829.817;31.24;1389.817;43.188
6866;1;Los Espinos + Santa Rosa;final;1221.741;1773.041;1221.741;333.041;274.979
6866.1;1;Los Espinos + Santa Rosa;final;1423.167;2610.657;1423.167;1170.657;106.827
6867;1;Los Espinos + Santa Rosa;final;1296.003;1788.041;1296.003;348.041;314.435
6867.1;1;Los Espinos + Santa Rosa;final;1453.308;2694.441;13.308;1254.441;88.612
6868;1;Los Espinos + Santa Rosa;final;1260.298;1735.494;1260.298;295.494;285.728
6868.1;1;Los Espinos + Santa Rosa;final;1447.822;2696.758;7.822;1256.758;77.374
6869;1;Los Espinos + Santa Rosa;final;1349.832;1755.494;1349.832;315.494;314.054
6870;1;Los Espinos + Santa Rosa;final;1144.253;1775.494;1144.253;335.494;229.909
6871;1;Los Espinos + Santa Rosa;final;898.801;1815.494;898.801;375.494;158.783
6872;1;Los Espinos + Santa Rosa;final;1349.427;1845.494;1349.427;405.494;267.235
6872.1;1;Los Espinos + Santa Rosa;final;1464.86;2787.275;24.86;1347.275;56.977
6873;1;Los Espinos + Santa Rosa;final;874.955;1412.865;874.955;1412.865;306.682
6873.1;1;Los Espinos + Santa Rosa;final;1291.146;2309.168;1291.146;869.168;125.673
6874;1;Los Espinos + Santa Rosa;final;908.514;1442.865;908.514;2.865;293.468
6874.1;1;Los Espinos + Santa Rosa;final;1279.621;2352.986;1279.621;912.986;113.26
6875;1;Los Espinos + Santa Rosa;final;806.903;1403.825;806.903;1403.825;308.859
6875.1;1;Los Espinos + Santa Rosa;final;1386.152;2214.441;1386.152;774.441;213.031
6876;1;Los Espinos + Santa Rosa;final;901.091;1433.825;901.091;1433.825;306.122
6876.1;1;Los Espinos + Santa Rosa;final;1419.133;2339.161;1419.133;899.161;186.566
6877;1;Los Espinos + Santa Rosa;final;1032.453;1463.825;1032.453;23.825;308.382
6877.1;1;Los Espinos + Santa Rosa;final;1480.019;2476.181;40.019;1036.181;210.331
6878;1;El Conquistador;final;1013.12;1476.102;1013.12;36.102;273.794
6878.1;1;El Conquistador;final;1552.862;2437.867;112.862;997.867;214.319
6879;1;El Conquistador;final;1281.815;1758.102;1281.815;318.102;305.009
6879.1;1;El Conquistador;final;1373.115;2684.652;1373.115;1244.652;49.201
6880;1;El Conquistador;final;1197.453;1770.102;1197.453;330.102;273.794
6880.1;1;El Conquistador;final;1387.087;2590.367;1387.087;1150.367;111.922
6881;1;El Conquistador;final;1355.736;1794.102;1355.736;354.102;306.169
6881.1;1;El Conquistador;final;1465.666;2752.098;25.666;1312.098;64.733
6882;1;El Conquistador;final;1453.115;1844.652;13.115;404.652;286.77
6883;1;El Conquistador;final;1371.533;1472.098;1371.533;32.098;297.904
6883.1;1;El Conquistador;final;1506.155;2687.883;66.155;1247.883;108.1
6884;1;El Conquistador;final;1363.118;1762.098;1363.118;322.098;298.24
6884.1;1;El Conquistador;final;1428.799;2778.399;1428.799;1338.399;43.159
6885;1;El Conquistador;final;1287.871;1739.035;1287.871;299.035;312.712
6886;1;El Conquistador;final;1247.018;1754.035;1247.018;314.035;285.396
6886.1;1;El Conquistador;final;1345.513;2646.152;1345.513;1206.152;61.138
6887;1;El Conquistador;final;1210.772;1769.035;1210.772;329.035;272.363
6887.1;1;El Conquistador;final;1296.438;2638.144;1296.438;1198.144;53.529
6888;1;El Conquistador;final;1510.959;1784.035;70.959;344.035;227.676
6889;1;El Conquistador;final;1364.624;1799.035;1364.624;359.035;299.918
6889.1;1;El Conquistador;final;1442.034;2785.366;2.034;1345.366;38.742
6890;1;El Conquistador;final;1274.107;1810.285;1274.107;370.285;260.34
6891;1;El Conquistador;final;1303.501;1821.535;1303.501;381.535;287.323
6891.1;1;El Conquistador;final;1440.293;2722.866;0.293;1282.866;66.965
6892;1;El Conquistador;final;1394.928;1832.785;1394.928;392.785;313.101
6892.1;1;El Conquistador;final;1503.886;2773.656;63.886;1333.656;83.851
6893;1;El Conquistador;final;501.551;1855.285;501.551;415.285;32.233
6894;1;El Conquistador;final;1261.684;1866.535;1261.684;426.535;251.627
6895;1;El Conquistador;final;1400.417;1877.785;1400.417;437.785;280.417
6895.1;1;El Conquistador;final;1523.776;2825.366;83.776;1385.366;63.269
6896;1;El Conquistador;final;1122.034;1775.366;1122.034;335.366;314.428
6896.1;1;El Conquistador;final;1306.725;2444.095;1306.725;1004.095;141.852
6897;1;El Conquistador;final;1324.568;1795.366;1324.568;355.366;294.408
6897.1;1;El Conquistador;final;1399.749;2741.366;1399.749;1301.366;43.159
6898;1;El Conquistador;final;490.301;1815.366;490.301;375.366;38.742
6899;1;El Conquistador;final;499.095;1826.616;499.095;386.616;41.039
6900;1;El Conquistador;final;1344.359;1849.116;1344.359;409.116;137.219
6901;1;El Conquistador;final;1327.059;1860.366;1327.059;420.366;284.964
6902;1;El Conquistador;final;1349.534;1905.366;1349.534;465.366;269.006
6903;1;El Conquistador;final;1322.749;1713.575;1322.749;273.575;307.943
6903.1;1;El Conquistador;final;1506.48;2713.974;66.48;1273.974;89.263
6904;1;El Conquistador;final;1272.849;1728.575;1272.849;288.575;300.737
6905;1;El Conquistador;final;1214.318;1743.575;1214.318;303.575;273.07
6905.1;1;El Conquistador;final;1329.863;2618.152;1329.863;1178.152;61.138
6906;1;El Conquistador;final;1346.563;1773.575;1346.563;333.575;297.113
6907;1;El Conquistador;final;1287.659;1786.425;1287.659;346.425;302.346
6907.1;1;El Conquistador;final;1457.112;2681.834;17.112;1241.834;93.381
6908;1;El Conquistador;final;1390.484;1837.825;1390.484;397.825;311.212
6908.1;1;El Conquistador;final;1450.222;2786.3;10.222;1346.3;51.917
6909;1;El Conquistador;final;1207.617;1863.575;1207.617;423.575;239.888
6910;1;El Conquistador;final;1254.247;2223.575;1254.247;783.575;165.795
6911;1;El Conquistador;final;1316.109;1771.003;1316.109;331.003;133.492
6912;1;El Conquistador;final;1296.068;1791.003;1296.068;351.003;299.054
6913;1;El Conquistador;final;1274.918;1752.298;1274.918;312.298;307.524
6913.1;1;El Conquistador;final;1348.416;2690.032;1348.416;1250.032;43.159
6914;1;El Conquistador;final;1309.516;1767.298;1309.516;327.298;298.098
6915;1;El Conquistador;final;1155.743;1782.298;1155.743;342.298;312.041
6915.1;1;El Conquistador;final;1348.97;2566.013;1348.97;1126.013;86.499
6916;1;El Conquistador;final;1166.93;1797.298;1166.93;357.298;246.192
6917;1;El Conquistador;final;1374.083;1810.148;1374.083;370.148;298.098
6918;1;El Conquistador;final;1420.451;1822.998;1420.451;382.998;313.624
6918.1;1;El Conquistador;final;1564.272;2823.947;124.272;1383.947;82.304
6919;1;El Conquistador;final;1318.068;1835.848;1318.068;395.848;264.715
6919.1;1;El Conquistador;final;1444.102;2751.405;4.102;1311.405;55.236
6920;1;El Conquistador;final;1375.968;1848.698;1375.968;408.698;300.547
6920.1;1;El Conquistador;final;1471.118;2796.832;31.118;1356.832;56.462
6921;1;El Conquistador;final;1358.022;1861.548;1358.022;421.548;148.291
6922;1;El Conquistador;final;1402.418;1874.398;1402.418;434.398;293.739
6922.1;1;El Conquistador;final;1483.989;2814.978;43.989;1374.978;51.499
6923;1;El Conquistador;final;1249.349;1887.248;1249.349;447.248;270.164
6924;1;El Conquistador;final;1142.579;1887.298;1142.579;447.298;65.551
6925;1;El Conquistador;final;1307.526;1738.495;1307.526;298.495;285.879
6925.1;1;El Conquistador;final;1430.942;2713.357;1430.942;1273.357;67.309
6926;1;El Conquistador;final;1372.702;1758.495;1372.702;318.495;308.676
6927;1;El Conquistador;final;1334.193;1778.495;1334.193;338.495;285.879
6928;1;El Conquistador;final;1336.443;1798.495;1336.443;358.495;285.879
6928.1;1;El Conquistador;final;1501.01;2728.357;61.01;1288.357;95.373
6929;1;El Conquistador;final;491.595;1811.345;491.595;371.345;49.839
6930;1;El Conquistador;final;1385.568;1824.195;1385.568;384.195;292.83
6931;1;El Conquistador;final;1284.359;1837.045;1284.359;397.045;257.815
6932;1;El Conquistador;final;1427.385;1849.895;1427.385;409.895;308.676
6933;1;El Conquistador;final;1367.772;1862.745;1367.772;422.745;312.953
6933.1;1;El Conquistador;final;1503.963;2750.718;63.963;1310.718;90.015
6934;1;El Conquistador;final;1237.349;1875.595;1237.349;435.595;86.749
6935;1;El Conquistador;final;1415.942;1888.445;1415.942;448.445;277.729
6936;1;Los Espinos + Santa Rosa;final;1384.563;1713.957;1384.563;273.957;298.26
6936.1;1;Los Espinos + Santa Rosa;final;1470.258;2787.249;30.258;1347.249;56.443
6937;1;Los Espinos + Santa Rosa;final;1487.391;1725.957;47.391;285.957;312.742
6938;1;Los Espinos + Santa Rosa;final;563.829;1737.957;563.829;297.957;94.397
6939;1;Los Espinos + Santa Rosa;final;1296.386;1761.957;1296.386;321.957;258.285
6940;1;Los Espinos + Santa Rosa;final;1254.918;1773.957;1254.918;333.957;245.784
6941;1;Los Espinos + Santa Rosa;final;498.025;1799.657;498.025;359.657;56.178
6942;1;El Conquistador;final;1306.863;1722.28;1306.863;282.28;312.449
6942.1;1;El Conquistador;final;1467.44;2643.575;27.44;1203.575;114.349
6943;1;El Conquistador;final;1229.403;1737.28;1229.403;297.28;276.554
6944;1;El Conquistador;final;1316.42;1752.28;1316.42;312.28;309.914
6944.1;1;El Conquistador;final;1480.02;2704.617;40.02;1264.617;111.922
6945;1;El Conquistador;final;1207.109;1767.28;1207.109;327.28;255.035
6946;1;El Conquistador;final;1178.93;1782.28;1178.93;342.28;258.236
6947;1;El Conquistador;final;1329.318;1790.446;1329.318;350.446;308.289
6948;1;El Conquistador;final;1335.583;1798.613;1335.583;358.613;284.918
6948.1;1;El Conquistador;final;1416.48;2728.974;1416.48;1288.974;56.263
6949;1;El Conquistador;final;1294.234;1806.78;1294.234;366.78;298.408
6949.1;1;El Conquistador;final;1366.989;2676.29;1366.989;1236.29;55.956
6950;1;El Conquistador;final;1359.519;1814.946;1359.519;374.946;299.667
6951;1;El Conquistador;final;1476.48;1823.113;36.48;383.113;309.149
6952;1;El Conquistador;final;1343.469;1831.28;1343.469;391.28;263.022
6953;1;El Conquistador;final;1312.849;1839.446;1312.849;399.446;242.528
6954;1;El Conquistador;final;1363.948;1855.78;1363.948;415.78;289.548
6955;1;El Conquistador;final;1344.519;1863.946;1344.519;423.946;295.409
6956;1;El Conquistador;final;1328.923;1872.28;1328.923;432.28;270.178
6956.1;1;El Conquistador;final;1467.882;2738.499;27.882;1298.499;78.105
6957;1;El Conquistador;final;1274.395;1917.28;1274.395;477.28;225.164
6958;1;El Conquistador;final;1238.619;1962.28;1238.619;522.28;188.035
6959;1;El Conquistador;final;1332.397;2187.28;1332.397;747.28;173.105
6960;1;El Conquistador;final;1201.753;2382.28;1201.753;942.28;85.611
6961;1;El Conquistador;final;1260.536;1751.443;1260.536;311.443;135.698
6962;1;El Conquistador;final;1346.771;1807.777;1346.771;367.777;260.722
6962.1;1;El Conquistador;final;1496.554;2758.881;56.554;1318.881;82.686
6963;1;Los Espinos + Santa Rosa;final;1174.849;1700.761;1174.849;260.761;289.022
6963.1;1;Los Espinos + Santa Rosa;final;1490.635;2552.827;50.635;1112.827;154.531
6964;1;Los Espinos + Santa Rosa;final;1194.714;1715.761;1194.714;275.761;300.239
6964.1;1;Los Espinos + Santa Rosa;final;1365.83;2614.72;1365.83;1174.72;73.13
6965;1;Los Espinos + Santa Rosa;final;1212.435;1730.761;1212.435;290.761;277.719
6965.1;1;Los Espinos + Santa Rosa;final;1355.585;2592.633;1355.585;1152.633;103.171
6966;1;Los Espinos + Santa Rosa;final;1200.934;1745.761;1200.934;305.761;273.181
6966.1;1;Los Espinos + Santa Rosa;final;1395.29;2587.287;1395.29;1147.287;99.575
6967;1;Los Espinos + Santa Rosa;final;1126.337;1783.261;1126.337;343.261;225.893
6968;1;Los Espinos + Santa Rosa;final;1363.557;1805.761;1363.557;365.761;311.423
6969;1;Los Espinos + Santa Rosa;final;1305.017;1817.011;1305.017;377.011;290.26
6970;1;Los Espinos + Santa Rosa;final;1447.6;2432.761;7.6;992.761;179.868
6971;1;Los Espinos + Santa Rosa;final;1214.626;1763.041;1214.626;323.041;272.789
6972;1;Los Espinos + Santa Rosa;final;1341.057;1783.041;1341.057;343.041;308.042
6973;1;Los Espinos + Santa Rosa;final;1300.217;1803.041;1300.217;363.041;299.428
6973.1;1;Los Espinos + Santa Rosa;final;1430.036;2644.845;1430.036;1204.845;96.505
6974;1;Los Espinos + Santa Rosa;final;1388.878;1836.791;1388.878;396.791;306.441
6975;1;Los Espinos + Santa Rosa;final;1347.833;1870.541;1347.833;430.541;277.434
6976;1;El Conquistador;intermedia;958.784;974.0;958.784;974.0;288.325
6976;2;El Conquistador;final;1111.822;1470.367;1111.822;30.367;51.917
6976.1;1;El Conquistador;final;1293.322;2500.751;1293.322;1060.751;81.141
6977;1;El Conquistador;final;1227.315;1752.367;1227.315;312.367;301.715
6977.1;1;El Conquistador;final;1346.721;2637.54;1346.721;1197.54;58.671
6978;1;El Conquistador;final;1252.019;1764.367;1252.019;324.367;304.789
6979;1;El Conquistador;final;1264.019;1776.367;1264.019;336.367;304.789
6979.1;1;El Conquistador;final;1368.586;2654.948;1368.586;1214.948;52.761
6980;1;El Conquistador;final;1227.453;1788.367;1227.453;348.367;286.305
6980.1;1;El Conquistador;final;1456.536;2620.367;16.536;1180.367;130.406
6981;1;El Conquistador;final;1291.486;1806.367;1291.486;366.367;304.789
6981.1;1;El Conquistador;final;1338.248;2693.498;1338.248;1253.498;35.796
6982;1;El Conquistador;final;1196.312;1812.367;1196.312;372.367;258.31
6983;1;El Conquistador;final;1286.848;1818.367;1286.848;378.367;301.715
6983.1;1;El Conquistador;final;1342.886;2697.502;1342.886;1257.502;36.469
6984;1;El Conquistador;final;1371.457;1824.367;1371.457;384.367;314.903
6984.1;1;El Conquistador;final;1465.207;2751.443;25.207;1311.443;67.327
6985;1;El Conquistador;final;1246.42;1830.367;1246.42;390.367;286.305
6985.1;1;El Conquistador;final;1510.02;2640.367;70.02;1200.367;155.518
6986;1;El Conquistador;final;1266.42;1842.367;1266.42;402.367;286.305
6987;1;El Conquistador;final;1413.115;1890.367;1413.115;450.367;303.62
6987.1;1;El Conquistador;final;1484.099;2833.699;44.099;1393.699;43.159
6988;1;Los Espinos + Santa Rosa;final;735.013;1442.332;735.013;2.332;305.756
6988.1;1;Los Espinos + Santa Rosa;final;1295.921;2129.202;1295.921;689.202;187.649
6989;1;Los Espinos + Santa Rosa;final;1190.43;1736.332;1190.43;296.332;273.27
6989.1;1;Los Espinos + Santa Rosa;final;1459.8;2566.104;19.8;1126.104;143.791
6990;1;Los Espinos + Santa Rosa;final;1187.663;1748.332;1187.663;308.332;273.27
6990.1;1;Los Espinos + Santa Rosa;final;1570.375;2561.63;130.375;1121.63;188.151
6991;1;Los Espinos + Santa Rosa;final;1251.158;1772.332;1251.158;332.332;279.517
6991.1;1;Los Espinos + Santa Rosa;final;1565.342;2585.665;125.342;1145.665;186.284
6992;1;Los Espinos + Santa Rosa;final;1289.03;1794.832;1289.03;354.832;288.132
6992.1;1;Los Espinos + Santa Rosa;final;1426.525;2663.63;1426.525;1223.63;87.619
6993;1;Los Espinos + Santa Rosa;final;1397.242;1817.332;1397.242;377.332;309.241
6994;1;Los Espinos + Santa Rosa;final;1295.413;1828.582;1295.413;388.582;280.538
6995;1;Los Espinos + Santa Rosa;final;1328.042;1839.832;1328.042;399.832;286.785
6995.1;1;Los Espinos + Santa Rosa;final;1510.363;2666.332;70.363;1226.332;130.104
6996;1;Los Espinos + Santa Rosa;final;1364.042;1900.882;1364.042;460.882;279.517
6996.1;1;Los Espinos + Santa Rosa;final;1441.83;2702.332;1.83;1262.332;87.471
6997;1;Los Espinos + Santa Rosa;final;1328.474;1760.166;1328.474;320.166;313.523
6998;1;Los Espinos + Santa Rosa;final;564.55;1768.733;564.55;328.733;86.486
6999;1;Los Espinos + Santa Rosa;final;1338.474;1777.3;1338.474;337.3;313.523
7000;1;Los Espinos + Santa Rosa;final;584.55;1785.866;584.55;345.866;86.486
7001;1;Los Espinos + Santa Rosa;final;1355.807;1785.9;1355.807;345.9;313.523
7001.1;1;Los Espinos + Santa Rosa;final;1500.7;2671.108;60.7;1231.108;120.624
7002;1;Los Espinos + Santa Rosa;final;1343.474;1793.4;1343.474;353.4;313.523
7002.1;1;Los Espinos + Santa Rosa;final;1375.7;2659.858;1375.7;1219.858;72.498
7003;1;Los Espinos + Santa Rosa;final;1348.474;1800.9;1348.474;360.9;313.523
7004;1;Los Espinos + Santa Rosa;final;1215.847;1433.608;1215.847;1433.608;312.365
7004.1;1;Los Espinos + Santa Rosa;final;1318.474;2577.536;1318.474;1137.536;72.129
7005;1;Los Espinos + Santa Rosa;final;534.55;1501.108;534.55;61.108;120.624
7006;1;Los Espinos + Santa Rosa;final;1169.907;1568.608;1169.907;128.608;299.535
7007;1;Los Espinos + Santa Rosa;final;549.55;1636.108;549.55;196.108;120.624
7008;1;Los Espinos + Santa Rosa;final;444.117;1703.608;444.117;263.608;72.498
7009;1;Los Espinos + Santa Rosa;final;1247.264;1708.608;1247.264;268.608;312.365
7009.1;1;Los Espinos + Santa Rosa;final;1353.474;2612.536;1353.474;1172.536;72.129
7010;1;Los Espinos + Santa Rosa;final;1283.78;1713.608;1283.78;273.608;312.365
7010.1;1;Los Espinos + Santa Rosa;final;1508.357;2650.036;68.357;1210.036;120.255
7011;1;Los Espinos + Santa Rosa;final;459.117;1718.608;459.117;278.608;72.498
7012;1;Los Espinos + Santa Rosa;final;1290.634;1723.608;1290.634;283.608;313.129
7013;1;Los Espinos + Santa Rosa;final;1294.214;1728.608;1294.214;288.608;312.365
7013.1;1;Los Espinos + Santa Rosa;final;1385.807;2657.536;1385.807;1217.536;72.129
7014;1;Los Espinos + Santa Rosa;final;1253.474;1733.608;1253.474;293.608;299.535
7015;1;Los Espinos + Santa Rosa;final;1299.43;1738.608;1299.43;298.608;312.365
7015.1;1;Los Espinos + Santa Rosa;final;1393.307;2665.036;1393.307;1225.036;72.129
7016;1;Los Espinos + Santa Rosa;final;1309.864;1743.608;1309.864;303.608;312.365
7016.1;1;Los Espinos + Santa Rosa;final;1525.49;2672.536;85.49;1232.536;120.255
7017;1;Los Espinos + Santa Rosa;final;1293.474;1748.608;1293.474;308.608;299.535
7018;1;Los Espinos + Santa Rosa;final;1206.584;1753.608;1206.584;313.608;265.003
7019;1;Los Espinos + Santa Rosa;final;1329.064;1758.608;1329.064;318.608;312.365
7019.1;1;Los Espinos + Santa Rosa;final;1430.807;2702.536;1430.807;1262.536;72.129
7020;1;Los Espinos + Santa Rosa;final;519.55;1763.608;519.55;323.608;72.498
7021;1;Los Espinos + Santa Rosa;final;1212.034;1773.608;1212.034;333.608;265.003
7022;1;Los Espinos + Santa Rosa;final;1313.474;1788.608;1313.474;348.608;299.535
7023;1;Los Espinos + Santa Rosa;final;1351.564;1798.608;1351.564;358.608;312.365
7023.1;1;Los Espinos + Santa Rosa;final;1559.757;2717.536;119.757;1277.536;120.255
7024;1;Los Espinos + Santa Rosa;final;1362.814;1813.608;1362.814;373.608;312.365
7024.1;1;Los Espinos + Santa Rosa;final;1456.957;2734.67;16.957;1294.67;72.129
7025;1;Los Espinos + Santa Rosa;final;579.55;1823.608;579.55;383.608;72.498
7026;1;Los Espinos + Santa Rosa;final;589.55;1833.608;589.55;393.608;72.498
7027;1;Los Espinos + Santa Rosa;final;594.55;1838.608;594.55;398.608;72.498
7028;1;Los Espinos + Santa Rosa;final;1370.807;1848.608;1370.807;408.608;299.535
7029;1;Los Espinos + Santa Rosa;final;1269.767;1872.858;1269.767;432.858;265.003
7030;1;Los Espinos + Santa Rosa;final;1415.807;1917.775;1415.807;477.775;299.535
7031;1;Los Espinos + Santa Rosa;final;1363.307;2213.608;1363.307;773.608;203.282
7032;1;Los Espinos + Santa Rosa;final;1316.717;2265.742;1316.717;825.742;168.75
7033;1;Los Espinos + Santa Rosa;final;1303.474;2291.808;1303.474;851.808;155.156
7034;1;Los Espinos + Santa Rosa;final;1491.224;2369.058;51.224;929.058;203.282
7035;1;Los Espinos + Santa Rosa;final;1248.474;2412.658;1248.474;972.658;107.03
7036;1;Los Espinos + Santa Rosa;final;1542.624;2445.358;102.624;1005.358;203.282
7037;1;Los Espinos + Santa Rosa;final;1408.307;2450.808;1408.307;1010.808;155.156
7038;1;Los Espinos + Santa Rosa;final;1438.307;2483.608;1438.307;1043.608;155.156
7039;1;Los Espinos + Santa Rosa;final;1249.004;1746.85;1249.004;306.85;288.209
7040;1;Los Espinos + Santa Rosa;final;1275.951;1806.85;1275.951;366.85;288.852
7041;1;El Conquistador;final;1037.295;1465.656;1037.295;25.656;303.444
7041.1;1;El Conquistador;final;1264.812;2369.376;1264.812;929.376;122.406
7042;1;El Conquistador;final;1295.613;1743.156;1295.613;303.156;313.679
7042.1;1;El Conquistador;final;1485.067;2617.86;45.067;1177.86;140.94
7043;1;El Conquistador;final;1209.752;1750.656;1209.752;310.656;281.439
7044;1;El Conquistador;final;1289.107;1758.156;1289.107;318.156;296.39
7045;1;El Conquistador;final;1228.643;1765.656;1228.643;325.656;295.326
7046;1;El Conquistador;final;1247.202;1773.156;1247.202;333.156;281.439
7047;1;El Conquistador;final;1348.009;1780.656;1348.009;340.656;302.052
7048;1;El Conquistador;final;1234.079;1788.156;1234.079;348.156;277.736
7049;1;El Conquistador;final;1285.168;1795.656;1285.168;355.656;274.185
7049.1;1;El Conquistador;final;1512.53;2686.652;72.53;1246.652;115.077
7050;1;El Conquistador;final;489.607;1800.939;489.607;360.939;49.321
7051;1;El Conquistador;final;1267.202;1811.506;1267.202;371.506;272.088
7052;1;El Conquistador;final;510.74;1822.072;510.74;382.072;49.321
7053;1;El Conquistador;final;1302.13;1827.356;1302.13;387.356;291.02
7054;1;El Conquistador;final;1279.305;1837.922;1279.305;397.922;155.833
7055;1;El Conquistador;final;1146.752;1848.489;1146.752;408.489;225.313
7056;1;El Conquistador;final;1238.459;1853.772;1238.459;413.772;253.182
7057;1;El Conquistador;final;1213.869;1869.622;1213.869;429.622;235.285
7058;1;El Conquistador;final;1326.074;1880.189;1326.074;440.189;281.831
7058.1;1;El Conquistador;final;1401.086;2744.656;1401.086;1304.656;45.601
7059;1;El Conquistador;final;1170.08;1885.656;1170.08;445.656;236.519
7060;1;El Conquistador;final;1195.309;1766.656;1195.309;326.656;265.403
7061;1;El Conquistador;final;1298.078;1778.656;1298.078;338.656;293.874
7062;1;El Conquistador;final;1165.652;1790.656;1165.652;350.656;253.161
7063;1;El Conquistador;final;1349.478;1814.656;1349.478;374.656;283.901
7064;1;El Conquistador;final;1266.607;1827.49;1266.607;387.49;258.14
7065;1;El Conquistador;final;1258.772;1853.156;1258.772;413.156;272.52
7065.1;1;El Conquistador;final;1537.109;2677.866;97.109;1237.866;127.57
7066;1;El Conquistador;final;1453.857;1872.406;13.857;432.406;313.94
7067;1;El Conquistador;final;1264.478;1904.656;1264.478;464.656;238.074
7068;1;El Conquistador;final;1433.13;1821.243;1433.13;381.243;245.161
7069;1;El Conquistador;final;1214.146;1832.493;1214.146;392.493;209.058
7070;1;El Conquistador;final;1467.585;1843.743;27.585;403.743;200.963
7071;1;El Conquistador;final;1374.519;1854.993;1374.519;414.993;307.527
7071.1;1;El Conquistador;final;1460.451;2778.28;20.451;1338.28;62.196
7072;1;El Conquistador;final;1338.021;1866.243;1338.021;426.243;152.127
7073;1;El Conquistador;final;1515.869;1877.493;75.869;437.493;239.755
7074;1;El Conquistador;final;1260.425;1888.743;1260.425;448.743;224.163
7075;1;El Conquistador;final;497.899;1899.993;497.899;459.993;14.109
7076;1;El Conquistador;final;1298.08;1740.535;1298.08;300.535;300.903
7076.1;1;El Conquistador;final;1360.992;2618.801;1360.992;1178.801;74.815
7077;1;El Conquistador;final;1199.962;1752.535;1199.962;312.535;278.457
7077.1;1;El Conquistador;final;1353.097;2596.468;1353.097;1156.468;77.254
7078;1;El Conquistador;final;1313.097;1764.535;1313.097;324.535;313.007
7078.1;1;El Conquistador;final;1388.134;2630.933;1388.134;1190.933;84.772
7079;1;El Conquistador;final;506.349;1776.535;506.349;336.535;69.234
7080;1;El Conquistador;final;1195.746;1788.535;1195.746;348.535;229.189
7081;1;El Conquistador;final;1432.452;1823.035;1432.452;383.035;302.839
7081.1;1;El Conquistador;final;1484.718;2744.114;44.718;1304.114;82.356
7082;1;El Conquistador;final;1033.219;1834.285;1033.219;394.285;252.84
7082.1;1;El Conquistador;final;1203.119;2432.638;1203.119;992.638;99.492
7083;1;El Conquistador;final;1107.289;1845.535;1107.289;405.535;274.704
7083.1;1;El Conquistador;final;1429.055;2499.21;1429.055;1059.21;133.298
7084;1;El Conquistador;final;1078.219;1868.035;1078.219;428.035;257.723
7084.1;1;El Conquistador;final;1598.539;2477.638;158.539;1037.638;278.453
7085;1;El Conquistador;final;1359.563;1879.285;1359.563;439.285;289.328
7085.1;1;El Conquistador;final;1483.063;2745.596;43.063;1305.596;82.337
7086;1;El Conquistador;final;1292.147;1743.284;1292.147;303.284;286.314
7087;1;El Conquistador;final;1224.22;1753.284;1224.22;313.284;294.635
7087.1;1;El Conquistador;final;1508.897;2528.361;68.897;1088.361;177.187
7088;1;El Conquistador;final;1317.495;1763.284;1317.495;323.284;314.036
7088.1;1;El Conquistador;final;1448.019;2710.088;8.019;1270.088;99.492
7089;1;El Conquistador;final;1297.259;1773.284;1297.259;333.284;269.986
7090;1;El Conquistador;final;1340.509;1793.284;1340.509;353.284;312.943
7091;1;El Conquistador;final;1221.459;1803.284;1221.459;363.284;270.327
7092;1;El Conquistador;final;1341.682;1812.284;1341.682;372.284;269.59
7093;1;El Conquistador;final;1233.119;1821.284;1233.119;381.284;312.028
7093.1;1;El Conquistador;final;1373.786;2625.438;1373.786;1185.438;104.375
7094;1;El Conquistador;final;1363.009;1830.284;1363.009;390.284;284.418
7094.1;1;El Conquistador;final;1546.293;2757.284;106.293;1317.284;108.091
7095;1;El Conquistador;final;1269.993;1848.284;1269.993;408.284;242.62
7096;1;El Conquistador;final;1211.925;1857.284;1211.925;417.284;254.839
7097;1;El Conquistador;final;1310.08;1884.284;1310.08;444.284;264.454
7098;1;El Conquistador;final;1188.301;1893.284;1188.301;453.284;204.709
7099;1;El Conquistador;final;1400.209;1904.534;1400.209;464.534;310.732
7099.1;1;El Conquistador;final;1468.292;2793.284;28.292;1353.284;46.093
7100;1;El Conquistador;final;1191.459;1915.784;1191.459;475.784;231.633
7101;1;El Conquistador;final;1204.947;1938.284;1204.947;498.284;194.041
7102;1;El Conquistador;final;1269.858;1751.117;1269.858;311.117;179.011
7103;1;El Conquistador;final;1324.991;1771.117;1324.991;331.117;283.699
7103.1;1;El Conquistador;final;1411.973;2712.535;1411.973;1272.535;61.832
7104;1;El Conquistador;final;1386.099;1742.89;1386.099;302.89;312.878
7105;1;El Conquistador;final;1200.885;1751.457;1200.885;311.457;252.434
7106;1;El Conquistador;final;1253.849;1760.023;1253.849;320.023;254.835
7107;1;El Conquistador;final;1286.234;1768.59;1286.234;328.59;257.04
7108;1;El Conquistador;final;1251.238;1785.723;1251.238;345.723;132.512
7109;1;El Conquistador;final;1277.939;1802.857;1277.939;362.857;172.984
7110;1;El Conquistador;final;1251.013;1802.89;1251.013;362.89;269.499
7110.1;1;El Conquistador;final;1486.83;2663.853;46.83;1223.853;117.652
7111;1;El Conquistador;final;1404.308;1814.123;1404.308;374.123;284.173
7111.1;1;El Conquistador;final;1541.296;2786.61;101.296;1346.61;91.057
7112;1;El Conquistador;final;1252.449;1819.74;1252.449;379.74;228.613
7113;1;El Conquistador;final;1420.552;1830.973;1420.552;390.973;221.854
7114;1;El Conquistador;final;1396.292;1836.59;1396.292;396.59;294.252
7115;1;El Conquistador;final;1405.692;1859.057;1405.692;419.057;303.205
7115.1;1;El Conquistador;final;1534.487;2805.284;94.487;1365.284;85.884
7116;1;El Conquistador;final;1447.413;1892.89;7.413;452.89;298.106
7116.1;1;El Conquistador;final;1510.551;2767.233;70.551;1327.233;84.772
7117;1;El Conquistador;final;1346.03;1742.89;1346.03;302.89;297.149
7117.1;1;El Conquistador;final;1451.9;2669.483;11.9;1229.483;94.0
7118;1;El Conquistador;final;1242.059;1752.89;1242.059;312.89;281.592
7118.1;1;El Conquistador;final;1387.603;2643.217;1387.603;1203.217;85.393
7119;1;El Conquistador;final;1408.812;1762.89;1408.812;322.89;311.608
7120;1;El Conquistador;final;1393.365;1772.89;1393.365;332.89;314.681
7120.1;1;El Conquistador;final;1473.365;2792.89;33.365;1352.89;49.832
7121;1;El Conquistador;final;1317.975;1782.89;1317.975;342.89;273.148
7122;1;El Conquistador;final;1411.441;1802.89;1411.441;362.89;299.504
7122.1;1;El Conquistador;final;1508.492;2805.284;68.492;1365.284;63.877
7123;1;El Conquistador;final;1268.516;1812.89;1268.516;372.89;249.765
7124;1;El Conquistador;final;1413.059;1822.89;1413.059;382.89;314.469
7125;1;El Conquistador;final;1416.682;1832.89;1416.682;392.89;296.851
7126;1;El Conquistador;final;1469.962;1872.89;29.962;432.89;292.133
7126.1;1;El Conquistador;final;1525.526;2773.547;85.526;1333.547;90.494
7127;1;El Conquistador;final;1268.849;1882.89;1268.849;442.89;238.155
7128;1;El Conquistador;final;1303.83;1892.89;1303.83;452.89;229.571
7129;1;El Conquistador;final;1132.032;1982.89;1132.032;542.89;166.22
7130;1;El Conquistador;final;1292.369;1749.827;1292.369;309.827;302.84
7131;1;El Conquistador;final;1303.815;1839.827;1303.815;399.827;252.41
7132;1;El Conquistador;final;1324.521;1869.827;1324.521;429.827;280.032
7133;1;El Conquistador;final;1497.108;1749.8;57.108;309.8;265.517
7134;1;El Conquistador;final;866.125;1472.638;866.125;32.638;283.291
7134.1;1;El Conquistador;final;1458.159;2309.677;18.159;869.677;197.201
7135;1;El Conquistador;final;1205.816;1742.638;1205.816;302.638;284.515
7135.1;1;El Conquistador;final;1384.121;2579.659;1384.121;1139.659;98.0
7136;1;El Conquistador;final;1046.99;1757.638;1046.99;317.638;290.08
7136.1;1;El Conquistador;final;1348.251;2445.188;1348.251;1005.188;113.868
7137;1;El Conquistador;final;1021.603;1772.638;1021.603;332.638;300.222
7137.1;1;El Conquistador;final;1399.068;2415.535;1399.068;975.535;155.805
7138;1;El Conquistador;final;1243.938;1787.638;1243.938;347.638;297.679
7139;1;El Conquistador;final;1342.146;1802.638;1342.146;362.638;297.424
7140;1;El Conquistador;final;1327.495;1815.488;1327.495;375.488;295.233
7140.1;1;El Conquistador;final;1509.559;2714.105;69.559;1274.105;104.258
7141;1;El Conquistador;final;1096.603;1828.338;1096.603;388.338;305.104
7141.1;1;El Conquistador;final;1493.368;2492.638;53.368;1052.638;199.996
7142;1;El Conquistador;final;1177.375;1854.038;1177.375;414.038;252.296
7143;1;El Conquistador;final;1208.643;1879.738;1208.643;439.738;294.281
7144;1;El Conquistador;final;1194.792;1892.588;1194.792;452.588;200.693
7145;1;El Conquistador;final;1215.182;1892.638;1215.182;452.638;293.614
7145.1;1;El Conquistador;final;1483.776;2531.455;43.776;1091.455;161.886
7146;1;El Conquistador;final;1231.876;1910.638;1231.876;470.638;295.698
7146.1;1;El Conquistador;final;1518.595;2651.748;78.595;1211.748;137.979
7147;1;El Conquistador;final;1166.369;1928.638;1166.369;488.638;269.975
7147.1;1;El Conquistador;final;1429.068;2571.113;1429.068;1131.113;111.445
7148;1;El Conquistador;final;1244.551;1817.327;1244.551;377.327;269.002
7149;1;El Conquistador;final;1344.945;1824.827;1344.945;384.827;260.975
7150;1;El Conquistador;final;1365.539;1832.327;1365.539;392.327;311.685
7150.1;1;El Conquistador;final;1552.822;2747.174;112.822;1307.174;122.392
7151;1;El Conquistador;final;1289.619;1839.827;1289.619;399.827;234.64
7152;1;El Conquistador;final;1305.506;1847.327;1305.506;407.327;271.545
7153;1;El Conquistador;final;645.419;1472.638;645.419;32.638;245.371
7153.1;1;El Conquistador;final;1425.242;2044.476;1425.242;604.476;279.935
7153.2;1;El Conquistador;final;1534.963;2841.003;94.963;1401.003;63.713
7154;1;El Conquistador;final;1190.882;1742.638;1190.882;302.638;285.991
7154.1;1;El Conquistador;final;1474.221;2507.455;34.221;1067.455;165.435
7155;1;El Conquistador;final;1246.272;1754.638;1246.272;314.638;203.417
7156;1;El Conquistador;final;1259.844;1766.638;1259.844;326.638;242.25
7157;1;El Conquistador;final;1312.872;1778.638;1312.872;338.638;301.684
7158;1;El Conquistador;final;1101.788;1790.638;1101.788;350.638;280.924
7158.1;1;El Conquistador;final;1271.793;2528.699;1271.793;1088.699;63.269
7159;1;El Conquistador;final;1207.293;1802.638;1207.293;362.638;257.002
7160;1;El Conquistador;final;1188.386;1817.638;1188.386;377.638;301.293
7161;1;El Conquistador;final;1318.009;1832.638;1318.009;392.638;286.45
7162;1;El Conquistador;final;1163.416;1847.638;1163.416;407.638;307.103
7162.1;1;El Conquistador;final;1220.492;2585.714;1220.492;1145.714;28.891
7163;1;El Conquistador;final;1111.603;1862.638;1111.603;422.638;300.222
7163.1;1;El Conquistador;final;1481.305;2509.535;41.305;1069.535;154.701
7164;1;El Conquistador;final;1258.106;1892.638;1258.106;452.638;294.496
7165;1;El Conquistador;final;1230.605;1937.604;1230.605;497.604;306.288
7165.1;1;El Conquistador;final;1536.118;2657.862;96.118;1217.862;133.26
7166;1;El Conquistador;final;787.034;1406.718;787.034;1406.718;282.958
7166.1;1;El Conquistador;final;1352.667;2227.279;1352.667;787.279;176.523
7167;1;El Conquistador;final;768.947;1436.718;768.947;1436.718;267.205
7167.1;1;El Conquistador;final;1404.013;2209.553;1404.013;769.553;211.146
7168;1;El Conquistador;final;1171.845;1736.718;1171.845;296.718;265.016
7168.1;1;El Conquistador;final;1312.969;2606.855;1312.969;1166.855;55.236
7169;1;El Conquistador;final;1250.579;1748.718;1250.579;308.718;295.45
7170;1;El Conquistador;final;1331.005;1760.718;1331.005;320.718;309.665
7170.1;1;El Conquistador;final;1370.645;2713.818;1370.645;1273.818;44.031
7171;1;El Conquistador;final;1306.395;1772.718;1306.395;332.718;302.221
7171.1;1;El Conquistador;final;1469.784;2738.555;29.784;1298.555;72.633
7172;1;El Conquistador;final;1279.722;1784.718;1279.722;344.718;278.079
7172.1;1;El Conquistador;final;1454.784;2712.855;14.784;1272.855;72.633
7173;1;El Conquistador;final;509.733;1796.718;509.733;356.718;55.273
7174;1;El Conquistador;final;487.295;1807.968;487.295;367.968;44.031
7175;1;El Conquistador;final;1331.415;1819.218;1331.415;379.218;299.094
7175.1;1;El Conquistador;final;1573.229;2732.89;133.229;1292.89;134.093
7176;1;El Conquistador;final;1422.013;1830.468;1422.013;390.468;307.051
7177;1;El Conquistador;final;1383.522;1841.718;1383.522;401.718;281.605
7178;1;El Conquistador;final;1214.93;1852.968;1214.93;412.968;238.684
7179;1;El Conquistador;final;1262.849;1864.218;1262.849;424.218;234.96
7180;1;El Conquistador;final;1380.915;1875.468;1380.915;435.468;281.237
7181;1;El Conquistador;final;1396.584;1886.718;1396.584;446.718;300.706
7182;1;El Conquistador;final;945.704;1431.455;945.704;1431.455;293.919
7182.1;1;El Conquistador;final;1276.183;2401.748;1276.183;961.748;111.808
7183;1;El Conquistador;final;1027.504;1461.455;1027.504;21.455;298.794
7183.1;1;El Conquistador;final;1212.312;2464.248;1212.312;1024.248;69.332
7184;1;El Conquistador;final;1299.013;1776.455;1299.013;336.455;285.406
7185;1;El Conquistador;final;1382.466;1806.455;1382.466;366.455;293.98
7185.1;1;El Conquistador;final;1476.813;2784.001;36.813;1344.001;62.616
7186;1;El Conquistador;final;1322.579;1821.455;1322.579;381.455;157.745
7187;1;El Conquistador;final;1262.234;1832.705;1262.234;392.705;261.139
7188;1;El Conquistador;final;1366.1;1843.955;1366.1;403.955;288.621
7188.1;1;El Conquistador;final;1450.02;2760.367;10.02;1320.367;68.327
7189;1;El Conquistador;final;1322.539;1855.205;1322.539;415.205;260.355
7190;1;El Conquistador;final;1363.734;1888.955;1363.734;448.955;138.221
7191;1;El Conquistador;final;1442.418;1900.205;2.418;460.205;290.85
7191.1;1;El Conquistador;final;1538.23;2847.519;98.23;1407.519;61.138
7192;1;El Conquistador;final;1117.517;1752.535;1117.517;312.535;258.678
7192.1;1;El Conquistador;final;1453.613;2529.077;13.613;1089.077;142.756
7193;1;El Conquistador;final;1237.146;1764.535;1237.146;324.535;244.084
7194;1;El Conquistador;final;1367.666;1776.535;1367.666;336.535;205.604
7195;1;El Conquistador;final;1172.436;1788.535;1172.436;348.535;302.828
7195.1;1;El Conquistador;final;1271.44;2560.535;1271.44;1120.535;61.832
7196;1;El Conquistador;final;494.222;1815.535;494.222;375.535;40.416
7197;1;El Conquistador;final;509.222;1830.535;509.222;390.535;40.416
7198;1;El Conquistador;final;1230.093;1845.535;1230.093;405.535;226.632
7199;1;El Conquistador;final;1331.525;1860.535;1331.525;420.535;286.504
7199.1;1;El Conquistador;final;1508.512;2733.234;68.512;1293.234;93.381
7200;1;El Conquistador;final;1311.44;1890.535;1311.44;450.535;280.775
7201;1;El Conquistador;final;1123.588;1757.862;1123.588;317.862;302.438
7201.1;1;El Conquistador;final;1406.752;2552.862;1406.752;1112.862;110.87
7202;1;El Conquistador;final;1306.747;1777.862;1306.747;337.862;270.402
7203;1;El Conquistador;final;1154.346;1797.862;1154.346;357.862;212.197
7204;1;El Conquistador;final;1200.346;1817.862;1200.346;377.862;212.197
7205;1;El Conquistador;final;1446.097;1843.562;6.097;403.562;309.813
7205.1;1;El Conquistador;final;1497.246;2763.766;57.246;1323.766;82.87
7206;1;El Conquistador;final;1323.118;1894.962;1323.118;454.962;292.808
7206.1;1;El Conquistador;final;1571.449;2727.03;131.449;1287.03;122.124
7207;1;El Conquistador;final;1465.165;1907.862;25.165;467.862;288.187
7208;1;El Conquistador;final;1147.068;1720.565;1147.068;280.565;254.917
7209;1;El Conquistador;final;1468.649;1740.565;28.649;300.565;277.23
7210;1;El Conquistador;final;1280.459;1798.565;1280.459;358.565;311.371
7211;1;El Conquistador;final;1341.083;2140.565;1341.083;700.565;252.679
7212;1;El Conquistador;final;1155.744;1779.902;1155.744;339.902;287.74
7212.1;1;El Conquistador;final;1297.955;2525.89;1297.955;1085.89;86.36
7213;1;El Conquistador;final;1222.234;1809.902;1222.234;369.902;272.007
7214;1;El Conquistador;final;1269.657;1839.902;1269.657;399.902;314.734
7214.1;1;El Conquistador;final;1365.202;2688.731;1365.202;1248.731;62.78
7215;1;El Conquistador;final;1260.316;1749.902;1260.316;309.902;273.908
7215.1;1;El Conquistador;final;1414.221;2632.993;1414.221;1192.993;98.0
7216;1;El Conquistador;final;1061.533;1769.902;1061.533;329.902;278.737
7216.1;1;El Conquistador;final;1469.9;2489.902;29.9;1049.902;233.951
7217;1;El Conquistador;final;1250.317;1832.402;1250.317;392.402;311.885
7218;1;El Conquistador;final;1164.386;1839.902;1164.386;399.902;248.815
7218.1;1;El Conquistador;final;1360.682;2556.904;1360.682;1116.904;118.497
7219;1;El Conquistador;final;1124.668;1704.095;1124.668;264.095;291.577
7219.1;1;El Conquistador;final;1260.129;2535.352;1260.129;1095.352;62.28
7220;1;El Conquistador;final;1040.751;1724.095;1040.751;284.095;277.426
7220.1;1;El Conquistador;final;1305.105;2466.152;1305.105;1026.152;113.657
7221;1;El Conquistador;final;997.826;1744.095;997.826;304.095;294.391
7221.1;1;El Conquistador;final;1338.993;2437.467;1338.993;997.467;164.716
7222;1;El Conquistador;final;1175.617;1779.095;1175.617;339.095;294.442
7222.1;1;El Conquistador;final;1397.9;2589.902;1397.9;1149.902;133.119
7223;1;El Conquistador;final;1357.251;1786.595;1357.251;346.595;303.303
7224;1;El Conquistador;final;1248.386;1801.595;1248.386;361.595;298.818
7224.1;1;El Conquistador;final;1380.586;2642.638;1380.586;1202.638;104.375
7225;1;El Conquistador;final;1293.016;1809.095;1293.016;369.095;265.209
7226;1;El Conquistador;final;1184.023;2260.228;1184.023;820.228;160.302
7227;1;El Conquistador;final;1376.454;2364.095;1376.454;924.095;193.745
7228;1;El Conquistador;final;1439.068;2374.095;1439.068;934.095;188.47
7229;1;El Conquistador;final;1420.292;2414.095;1420.292;974.095;169.051
7230;1;El Conquistador;final;1381.15;2604.095;1381.15;1164.095;117.369
7231;1;El Conquistador;final;901.458;1421.608;901.458;1421.608;311.25
7231.1;1;El Conquistador;final;1486.551;2338.877;46.551;898.877;202.47
7232;1;El Conquistador;final;781.103;1451.608;781.103;11.608;297.656
7232.1;1;El Conquistador;final;1310.509;2115.861;1310.509;675.861;216.541
7233;1;El Conquistador;final;1355.835;1781.608;1355.835;341.608;274.112
7233.1;1;El Conquistador;final;1532.135;2749.91;92.135;1309.91;111.78
7234;1;El Conquistador;final;1280.085;1811.608;1280.085;371.608;262.986
7235;1;El Conquistador;final;1322.671;1743.284;1322.671;303.284;269.505
7236;1;El Conquistador;final;1186.225;1773.284;1186.225;333.284;240.265
7237;1;El Conquistador;final;1219.812;1788.284;1219.812;348.284;297.239
7238;1;El Conquistador;final;1274.579;1803.284;1274.579;363.284;280.526
7238.1;1;El Conquistador;final;1374.629;2659.218;1374.629;1219.218;74.465
7239;1;El Conquistador;final;1345.757;1813.284;1345.757;373.284;304.281
7239.1;1;El Conquistador;final;1381.003;2721.443;1381.003;1281.443;44.969
7240;1;El Conquistador;final;1034.709;1823.284;1034.709;383.284;254.037
7240.1;1;El Conquistador;final;1259.762;2435.984;1259.762;995.984;93.381
7241;1;El Conquistador;final;1211.238;1833.284;1211.238;393.284;143.449
7242;1;El Conquistador;final;1376.563;1843.284;1376.563;403.284;293.31
7243;1;El Conquistador;final;1492.425;1863.284;52.425;423.284;310.347
7244;1;El Conquistador;final;1169.092;1873.284;1169.092;433.284;216.082
7245;1;El Conquistador;final;1270.983;1893.284;1270.983;453.284;238.393
7246;1;El Conquistador;final;1356.93;1904.534;1356.93;464.534;289.718
7246.1;1;El Conquistador;final;1570.447;2682.333;130.447;1242.333;144.09
7247;1;El Conquistador;final;1338.395;1915.784;1338.395;475.784;260.476
7248;1;El Conquistador;final;1276.008;1938.284;1276.008;498.284;193.054
7249;1;El Conquistador;final;1279.563;1754.314;1279.563;314.314;276.201
7250;1;El Conquistador;final;1287.495;1784.314;1287.495;344.314;279.087
7251;1;El Conquistador;final;1290.688;1814.314;1290.688;374.314;278.096
7251.1;1;El Conquistador;final;1456.554;2707.998;16.554;1267.998;82.686
7252;1;El Conquistador;final;1411.947;1829.314;1411.947;389.314;295.115
7252.1;1;El Conquistador;final;1585.863;2729.499;145.863;1289.499;138.583
7253;1;El Conquistador;final;1313.741;1844.314;1313.741;404.314;301.28
7253.1;1;El Conquistador;final;1364.272;2704.785;1364.272;1264.785;40.416
7254;1;El Conquistador;final;1375.284;1859.314;1375.284;419.314;272.483
7255;1;El Conquistador;final;1581.406;1874.314;141.406;434.314;281.858
7256;1;El Conquistador;final;1506.546;1743.284;66.546;303.284;260.477
7257;1;El Conquistador;final;1287.997;1755.284;1287.997;315.284;301.284
7258;1;El Conquistador;final;1313.947;1767.284;1313.947;327.284;273.84
7259;1;El Conquistador;final;1428.462;1779.284;1428.462;339.284;267.192
7260;1;El Conquistador;final;513.849;1791.284;513.849;351.284;58.149
7261;1;El Conquistador;final;1346.772;1803.284;1346.772;363.284;306.417
7262;1;El Conquistador;final;1275.455;1811.451;1275.455;371.451;290.403
7262.1;1;El Conquistador;final;1398.06;2654.271;1398.06;1214.271;86.832
7263;1;El Conquistador;final;1274.783;1819.617;1274.783;379.617;155.268
7264;1;El Conquistador;final;1447.564;1827.784;7.564;387.784;312.45
7264.1;1;El Conquistador;final;1494.646;2781.445;54.646;1341.445;70.287
7265;1;El Conquistador;final;1351.422;1835.951;1351.422;395.951;265.744
7266;1;El Conquistador;final;1383.744;1844.117;1383.744;404.117;306.259
7267;1;El Conquistador;final;1254.759;1852.284;1254.759;412.284;223.002
7268;1;El Conquistador;final;510.533;1876.784;510.533;436.784;28.702
7269;1;El Conquistador;final;1295.475;1884.951;1295.475;444.951;249.343
7270;1;El Conquistador;final;1221.409;1893.117;1221.409;453.117;284.9
7270.1;1;El Conquistador;final;1482.418;2635.845;42.418;1195.845;119.676
7271;1;El Conquistador;final;524.716;1893.284;524.716;453.284;28.702
7272;1;El Conquistador;final;1293.726;1911.284;1293.726;471.284;284.336
7273;1;El Conquistador;final;1271.892;1920.284;1271.892;480.284;217.646
7274;1;El Conquistador;final;1465.133;1938.284;25.133;498.284;297.274
7274.1;1;El Conquistador;final;1528.091;2773.6;88.091;1333.6;90.535
7275;1;El Conquistador;final;497.45;1742.89;497.45;302.89;91.772
7276;1;El Conquistador;final;1261.858;1757.89;1261.858;317.89;176.513
7277;1;El Conquistador;final;1151.369;1772.89;1151.369;332.89;274.423
7277.1;1;El Conquistador;final;1409.068;2553.98;1409.068;1113.98;111.445
7278;1;El Conquistador;final;1294.968;1787.89;1294.968;347.89;311.255
7278.1;1;El Conquistador;final;1518.985;2698.28;78.985;1258.28;111.445
7279;1;El Conquistador;final;1428.713;1802.89;1428.713;362.89;313.71
7279.1;1;El Conquistador;final;1551.597;2814.129;111.597;1374.129;82.337
7280;1;El Conquistador;final;1434.021;1817.89;1434.021;377.89;293.858
7280.1;1;El Conquistador;final;1495.207;2846.748;55.207;1406.748;40.292
7281;1;El Conquistador;final;1250.509;1825.39;1250.509;385.39;259.553
7282;1;El Conquistador;final;1217.973;1832.89;1217.973;392.89;227.789
7283;1;El Conquistador;final;1204.946;1847.89;1204.946;407.89;209.618
7284;1;El Conquistador;final;1293.021;1855.39;1293.021;415.39;141.611
7285;1;El Conquistador;final;1283.749;1892.89;1283.749;452.89;221.421
7286;1;El Conquistador;final;1248.862;1750.854;1248.862;310.854;301.045
7286.1;1;El Conquistador;final;1389.972;2552.881;1389.972;1112.881;106.682
7287;1;El Conquistador;final;1359.434;1780.854;1359.434;340.854;308.389
7288;1;El Conquistador;final;1139.18;1743.284;1139.18;303.284;232.5
7289;1;El Conquistador;final;1223.727;1758.284;1223.727;318.284;284.743
7290;1;El Conquistador;final;1373.842;1773.284;1373.842;333.284;295.662
7291;1;El Conquistador;final;1233.141;1788.284;1233.141;348.284;256.567
7291.1;1;El Conquistador;final;1390.517;2614.71;1390.517;1174.71;89.66
7292;1;El Conquistador;final;1288.313;1803.284;1288.313;363.284;283.735
7293;1;El Conquistador;final;1201.375;1816.134;1201.375;376.134;240.156
7294;1;El Conquistador;final;1236.386;1828.984;1236.386;388.984;262.383
7294.1;1;El Conquistador;final;1498.803;2642.571;58.803;1202.571;150.965
7295;1;El Conquistador;final;1264.795;1841.834;1264.795;401.834;238.104
7296;1;El Conquistador;final;1295.092;1854.684;1295.092;414.684;280.52
7296.1;1;El Conquistador;final;1392.509;2688.284;1392.509;1248.284;66.448
7297;1;El Conquistador;final;1286.535;1867.534;1286.535;427.534;254.097
7298;1;El Conquistador;final;1296.118;1893.234;1296.118;453.234;260.638
7299;1;El Conquistador;final;1188.119;1893.284;1188.119;453.284;254.004
7300;1;El Conquistador;final;1417.349;1983.284;1417.349;543.284;297.116
7300.1;1;El Conquistador;final;1508.375;2813.284;68.375;1373.284;66.448
7301;1;El Conquistador;final;1254.885;1839.902;1254.885;399.902;240.596
7302;1;El Conquistador;final;1125.817;1793.972;1125.817;353.972;293.38
7302.1;1;El Conquistador;final;1350.243;2539.817;1350.243;1099.817;127.487
7303;1;El Conquistador;final;1380.747;1823.972;1380.747;383.972;305.17
7304;1;El Conquistador;final;494.398;1853.972;494.398;413.972;34.409
7305;1;El Conquistador;final;1352.466;1913.972;1352.466;473.972;270.005
7306;1;El Conquistador;final;1215.129;1470.535;1215.129;30.535;308.57
7306.1;1;El Conquistador;final;1460.417;2639.297;20.417;1199.297;103.459
7307;1;El Conquistador;final;1336.068;1750.535;1336.068;310.535;291.08
7307.1;1;El Conquistador;final;1455.383;2736.152;15.383;1296.152;69.712
7308;1;El Conquistador;final;1292.421;1760.535;1292.421;320.535;293.633
7308.1;1;El Conquistador;final;1410.222;2677.301;1410.222;1237.301;81.141
7309;1;El Conquistador;final;1286.579;1780.535;1286.579;340.535;288.358
7309.1;1;El Conquistador;final;1385.879;2670.468;1385.879;1230.468;74.465
7310;1;El Conquistador;final;1376.745;1790.535;1376.745;350.535;303.774
7310.1;1;El Conquistador;final;1550.129;2811.455;110.129;1371.455;89.888
7311;1;El Conquistador;final;1508.605;1800.535;68.605;360.535;261.883
7312;1;El Conquistador;final;1203.141;1808.035;1203.141;368.035;234.482
7313;1;El Conquistador;final;1297.272;1815.535;1297.272;375.535;244.487
7314;1;El Conquistador;final;1387.413;1823.035;1387.413;383.035;207.911
7315;1;El Conquistador;final;1345.835;1830.535;1345.835;390.535;173.414
7316;1;El Conquistador;final;1416.745;1838.035;1416.745;398.035;308.475
7316.1;1;El Conquistador;final;1504.739;2851.455;64.739;1411.455;43.503
7317;1;El Conquistador;final;1291.903;1845.535;1291.903;405.535;254.578
7318;1;El Conquistador;final;491.349;1853.035;491.349;413.035;31.932
7319;1;El Conquistador;final;1240.516;1860.535;1240.516;420.535;159.673
7320;1;El Conquistador;final;1333.522;1890.535;1333.522;450.535;291.887
7320.1;1;El Conquistador;final;1523.833;2648.455;83.833;1208.455;140.85
7321;1;El Conquistador;final;1180.017;1753.267;1180.017;313.267;262.981
7322;1;El Conquistador;final;1343.083;1763.267;1343.083;323.267;295.517
7323;1;El Conquistador;final;1350.291;1773.267;1350.291;333.267;308.761
7324;1;El Conquistador;final;1340.092;1783.267;1340.092;343.267;275.217
7324.1;1;El Conquistador;final;1558.487;2733.284;118.487;1293.284;130.422
7325;1;El Conquistador;final;1561.901;1800.521;121.901;360.521;284.701
7326;1;El Conquistador;final;1484.285;1815.521;44.285;375.521;258.986
7327;1;El Conquistador;final;1426.617;1830.521;1426.617;390.521;210.426
7328;1;El Conquistador;final;490.016;1860.521;490.016;420.521;27.733
7329;1;El Conquistador;final;1335.959;1890.521;1335.959;450.521;258.51
7329.1;1;El Conquistador;final;1493.229;2733.284;53.229;1293.284;93.381
7330;1;El Conquistador;final;1325.092;1908.521;1325.092;468.521;259.687
7330.1;1;El Conquistador;final;1567.308;2720.384;127.308;1280.384;122.397
7331;1;El Conquistador;final;1261.976;1735.656;1261.976;295.656;307.512
7331.1;1;El Conquistador;final;1295.951;2579.939;1295.951;1139.939;65.37
7332;1;El Conquistador;final;1374.509;1747.656;1374.509;307.656;203.669
7333;1;El Conquistador;final;1333.726;1771.656;1333.726;331.656;309.774
7334;1;El Conquistador;final;1220.536;1795.656;1220.536;355.656;261.575
7335;1;El Conquistador;final;1233.869;1803.822;1233.869;363.822;262.523
7335.1;1;El Conquistador;final;1385.08;2619.846;1385.08;1179.846;82.337
7336;1;El Conquistador;final;1293.869;1811.989;1293.869;371.989;271.548
7337;1;El Conquistador;final;1258.459;1820.156;1258.459;380.156;237.071
7338;1;El Conquistador;final;1286.278;1828.322;1286.278;388.322;265.578
7338.1;1;El Conquistador;final;1507.478;2665.943;67.478;1225.943;124.589
7339;1;El Conquistador;final;1329.78;1836.489;1329.78;396.489;302.566
7339.1;1;El Conquistador;final;1447.349;2657.351;7.349;1217.351;93.707
7340;1;El Conquistador;final;500.731;1844.656;500.731;404.656;38.155
7341;1;El Conquistador;final;1204.017;1860.989;1204.017;420.989;242.366
7342;1;El Conquistador;final;1320.536;1885.489;1320.536;445.489;261.085
7342.1;1;El Conquistador;final;1456.947;2705.963;16.947;1265.963;82.337
7343;1;El Conquistador;final;1184.552;1885.656;1184.552;445.656;234.193
7344;1;El Conquistador;final;1313.869;1908.156;1313.869;468.156;262.115
7345;1;El Conquistador;final;1341.267;1755.366;1341.267;315.366;313.108
7345.1;1;El Conquistador;final;1490.417;2762.499;50.417;1322.499;77.461
7346;1;El Conquistador;final;1331.066;1785.366;1331.066;345.366;300.21
7347;1;El Conquistador;final;1380.886;1815.502;1380.886;375.502;314.489
7347.1;1;El Conquistador;final;1460.886;2769.035;20.886;1329.035;53.956
7348;1;El Conquistador;final;1300.536;1824.502;1300.536;384.502;269.924
7349;1;El Conquistador;final;1307.059;1833.502;1307.059;393.502;297.092
7350;1;El Conquistador;final;1240.536;1842.502;1240.536;402.502;244.124
7351;1;El Conquistador;final;1393.4;1860.502;1393.4;420.502;295.062
7351.1;1;El Conquistador;final;1443.493;2702.994;3.493;1262.994;86.44
7352;1;El Conquistador;final;1268.643;1896.502;1268.643;456.502;237.801
7353;1;El Conquistador;final;1280.536;1905.366;1280.536;465.366;262.434
7354;1;El Conquistador;final;1242.295;1742.89;1242.295;302.89;263.269
7354.1;1;El Conquistador;final;1394.08;2627.105;1394.08;1187.105;86.42
7355;1;El Conquistador;final;1378.133;1757.89;1378.133;317.89;308.119
7355.1;1;El Conquistador;final;1545.869;2794.667;105.869;1354.667;116.132
7356;1;El Conquistador;final;1338.059;1787.89;1338.059;347.89;314.815
7356.1;1;El Conquistador;final;1413.225;2733.284;1413.225;1293.284;59.042
7357;1;El Conquistador;final;1366.23;1802.89;1366.23;362.89;277.472
7358;1;El Conquistador;final;1282.449;1822.89;1282.449;382.89;239.257
7359;1;El Conquistador;final;1197.295;1832.89;1197.295;392.89;212.207
7360;1;El Conquistador;final;1232.292;1842.89;1232.292;402.89;235.312
7361;1;El Conquistador;final;1192.449;1862.89;1192.449;422.89;189.187
7362;1;El Conquistador;final;1399.196;1872.89;1399.196;432.89;280.88
7363;1;El Conquistador;final;1286.506;1882.89;1286.506;442.89;220.435
7364;1;El Conquistador;final;1034.49;1479.8;1034.49;39.8;308.528
7364.1;1;El Conquistador;final;1470.552;2436.904;30.552;996.904;220.866
7365;1;El Conquistador;final;1232.802;1749.8;1232.802;309.8;303.311
7365.1;1;El Conquistador;final;1544.768;2549.38;104.768;1109.38;182.462
7366;1;El Conquistador;final;1321.905;1800.132;1321.905;360.132;312.314
