jornada_id;orden;terminal;tipo;t_ini;t_fin;t_ini_mod24;t_fin_mod24;kwh_consumidos_desde_ventana_anterior
1;1;El Conquistador;final;1381.443;1768.357;1381.443;328.357;302.623
1.1;1;El Conquistador;final;1427.385;2777.049;1427.385;1337.049;46.58
2;1;El Conquistador;final;1210.255;1783.357;1210.255;343.357;260.549
3;1;El Conquistador;final;1346.153;1798.357;1346.153;358.357;283.468
3.1;1;El Conquistador;final;1462.418;2744.719;22.418;1304.719;73.038
4;1;El Conquistador;final;1213.484;1809.607;1213.484;369.607;224.644
5;1;El Conquistador;final;1160.675;1727.43;1160.675;287.43;244.179
6;1;El Conquistador;final;1340.568;1735.997;1340.568;295.997;307.023
6.1;1;El Conquistador;final;1511.749;2771.455;71.749;1331.455;85.935
7;1;El Conquistador;final;1355.942;1744.564;1355.942;304.564;313.263
8;1;El Conquistador;final;472.126;1753.13;472.126;313.13;64.994
9;1;El Conquistador;final;1400.942;1761.697;1400.942;321.697;313.263
9.1;1;El Conquistador;final;1466.743;2768.83;26.743;1328.83;64.994
10;1;El Conquistador;final;1350.202;1778.83;1350.202;338.83;295.041
10.1;1;El Conquistador;final;1444.519;2766.731;4.519;1326.731;62.78
11;1;El Conquistador;final;1244.675;1787.43;1244.675;347.43;244.179
12;1;El Conquistador;final;1256.675;1798.68;1256.675;358.68;244.179
13;1;El Conquistador;final;1363.068;1821.18;1363.068;381.18;279.195
13.1;1;El Conquistador;final;1535.276;2796.455;95.276;1356.455;83.51
14;1;Los Espinos;intermedia;692.075;724.0;692.075;724.0;296.312
14;2;Los Espinos;final;991.039;1407.287;991.039;1407.287;105.894
14.1;1;Los Espinos;final;1475.135;2402.561;35.135;962.561;201.755
15;1;Los Espinos;final;843.722;1437.287;843.722;1437.287;282.815
15.1;1;Los Espinos;final;1548.809;2269.746;108.809;829.746;267.552
16;1;Los Espinos;final;1245.027;1767.287;1245.027;327.287;298.008
17;1;Los Espinos;final;1372.73;1797.287;1372.73;357.287;304.348
18;1;Los Espinos;final;1374.749;1812.287;1374.749;372.287;307.641
19;1;Los Espinos;final;1371.541;1827.287;1371.541;387.287;306.073
19.1;1;Los Espinos;final;1521.758;2745.904;81.758;1305.904;90.082
20;1;Los Espinos;final;1276.806;1842.287;1276.806;402.287;292.732
20.1;1;Los Espinos;final;1475.132;2628.558;35.132;1188.558;128.378
21;1;Los Espinos;final;754.116;1387.363;754.116;1387.363;284.441
21.1;1;Los Espinos;final;1392.689;2113.363;1392.689;673.363;234.572
22;1;Los Espinos;final;793.952;1417.363;793.952;1417.363;289.391
22.1;1;Los Espinos;final;1398.651;2155.359;1398.651;715.359;208.81
23;1;Los Espinos;final;1284.022;1717.363;1284.022;277.363;313.146
23.1;1;Los Espinos;final;1353.875;2659.494;1353.875;1219.494;59.449
24;1;Los Espinos;final;1219.496;1727.363;1219.496;287.363;287.919
24.1;1;Los Espinos;final;1443.516;2564.554;3.516;1124.554;126.097
25;1;Los Espinos;final;1243.496;1747.363;1243.496;307.363;284.628
25.1;1;Los Espinos;final;1457.163;2588.554;17.163;1148.554;122.992
26;1;Los Espinos;final;1286.651;1757.363;1286.651;317.363;307.407
26.1;1;Los Espinos;final;1408.963;2671.87;1408.963;1231.87;75.176
27;1;Los Espinos;final;1331.207;1767.363;1331.207;327.363;299.469
27.1;1;Los Espinos;final;1474.19;2678.056;34.19;1238.056;101.746
28;1;Los Espinos;final;1298.175;1777.363;1298.175;337.363;298.291
28.1;1;Los Espinos;final;1507.006;2676.904;67.006;1236.904;116.343
29;1;Los Espinos;final;1238.854;1792.363;1238.854;352.363;265.53
29.1;1;Los Espinos;final;1580.496;2627.696;140.496;1187.696;159.531
30;1;Los Espinos;final;1374.689;1837.363;1374.689;397.363;314.385
30.1;1;Los Espinos;final;1535.501;2750.461;95.501;1310.461;105.943
31;1;Los Espinos;final;1219.622;1852.363;1219.622;412.363;241.76
32;1;Los Espinos;final;1327.634;1867.363;1327.634;427.363;290.983
32.1;1;Los Espinos;final;1391.554;2704.678;1391.554;1264.678;55.059
33;1;La Reina;final;711.981;1408.384;711.981;1408.384;313.175
33.1;1;La Reina;final;1399.148;2157.693;1399.148;717.693;229.041
34;1;La Reina;final;898.981;1438.384;898.981;1438.384;313.709
34.1;1;La Reina;final;1369.243;2328.51;1369.243;888.51;150.598
35;1;La Reina;final;906.801;1468.384;906.801;28.384;301.904
35.1;1;La Reina;final;1371.212;2274.482;1371.212;834.482;179.882
36;1;La Reina;final;1350.965;1778.384;1350.965;338.384;285.954
37;1;La Reina;final;1315.015;1798.384;1315.015;358.384;281.391
38;1;La Reina;final;1388.215;1808.384;1388.215;368.384;285.685
39;1;La Reina;final;1422.45;1818.384;1422.45;378.384;302.891
39.1;1;La Reina;final;1592.539;2724.107;152.539;1284.107;156.566
40;1;La Reina;final;1372.831;1828.384;1372.831;388.384;289.436
40.1;1;La Reina;final;1481.633;2762.043;41.633;1322.043;81.23
41;1;La Reina;final;1454.581;1908.384;14.581;468.384;285.954
42;1;La Reina;final;1195.548;2448.384;1195.548;1008.384;57.72
43;1;La Reina;final;1215.548;2468.384;1215.548;1028.384;57.72
44;1;La Reina;final;1370.0;2488.384;1370.0;1048.384;112.246
45;1;La Reina;final;1378.566;2498.384;1378.566;1058.384;112.246
46;1;La Reina;final;1255.548;2508.384;1255.548;1068.384;57.72
47;1;La Reina;final;1114.014;1407.777;1114.014;1407.777;273.164
47.1;1;La Reina;final;1523.614;2523.856;83.614;1083.856;203.609
48;1;La Reina;final;1184.829;1437.777;1184.829;1437.777;298.452
48.1;1;La Reina;final;1467.965;2588.355;27.965;1148.355;124.891
49;1;La Reina;final;1016.146;1467.777;1016.146;27.777;305.214
49.1;1;La Reina;final;1373.802;2455.648;1373.802;1015.648;119.067
50;1;La Reina;final;1277.202;1737.777;1277.202;297.777;295.0
50.1;1;La Reina;final;1509.645;2683.948;69.645;1243.948;117.99
51;1;La Reina;final;1211.465;1747.777;1211.465;307.777;267.615
51.1;1;La Reina;final;1548.276;2594.877;108.276;1154.877;178.338
52;1;La Reina;final;1390.405;1757.777;1390.405;317.777;306.574
52.1;1;La Reina;final;1502.322;2830.658;62.322;1390.658;52.14
53;1;La Reina;final;1265.165;1767.777;1265.165;327.777;287.367
54;1;La Reina;final;1200.1;1777.777;1200.1;337.777;253.171
55;1;La Reina;final;1277.465;1787.777;1277.465;347.777;270.685
55.1;1;La Reina;final;1397.3;2663.477;1397.3;1223.477;81.23
56;1;La Reina;final;1193.6;1797.777;1193.6;357.777;225.134
57;1;La Reina;final;1178.143;1842.777;1178.143;402.777;204.603
58;1;La Reina;final;1241.465;1851.777;1241.465;411.777;238.65
59;1;La Reina;final;1288.968;1860.777;1288.968;420.777;249.425
60;1;La Reina;final;1265.358;1878.777;1265.358;438.777;229.044
61;1;La Reina;final;1359.629;1887.777;1359.629;447.777;272.832
62;1;La Reina;final;1297.881;1907.777;1297.881;467.777;246.947
62.1;1;La Reina;final;1452.45;2703.856;12.45;1263.856;90.926
63;1;La Reina;final;756.317;1410.983;756.317;1410.983;267.044
63.1;1;La Reina;final;1484.371;2184.983;44.371;744.983;239.605
64;1;La Reina;final;726.317;1430.983;726.317;1430.983;312.038
64.1;1;La Reina;final;1513.333;2154.983;73.333;714.983;255.688
65;1;La Reina;final;792.317;1450.983;792.317;10.983;267.044
65.1;1;La Reina;final;1376.5;2220.983;1376.5;780.983;194.998
66;1;La Reina;final;1181.167;1764.983;1181.167;324.983;255.688
67;1;La Reina;final;1240.967;1800.983;1240.967;360.983;256.071
68;1;La Reina;final;1259.367;1812.983;1259.367;372.983;256.071
69;1;La Reina;final;1277.767;1824.983;1277.767;384.983;256.071
70;1;La Reina;final;1367.633;1890.983;1367.633;450.983;267.044
70.1;1;La Reina;final;1487.633;2765.25;47.633;1325.25;73.617
71;1;La Reina;final;1387.633;1908.983;1387.633;468.983;267.044
71.1;1;La Reina;final;1504.767;2782.383;64.767;1342.383;73.617
72;1;La Reina;final;1222.567;2456.183;1222.567;1016.183;73.617
73;1;La Reina;final;916.41;1372.927;916.41;1372.927;297.497
73.1;1;La Reina;final;1507.49;2339.938;67.49;899.938;211.613
74;1;La Reina;final;840.317;1402.927;840.317;1402.927;314.223
74.1;1;La Reina;final;1424.5;2268.283;1424.5;828.283;194.998
75;1;La Reina;final;905.617;1432.927;905.617;1432.927;314.223
75.1;1;La Reina;final;1337.633;2325.95;1337.633;885.95;145.663
76;1;La Reina;final;974.715;1548.627;974.715;108.627;286.832
76.1;1;La Reina;final;1263.765;2397.777;1263.765;957.777;102.783
77;1;La Reina;final;1141.852;1606.477;1141.852;166.477;292.811
77.1;1;La Reina;final;1567.3;2550.198;127.3;1110.198;186.668
78;1;La Reina;final;1251.915;1664.327;1251.915;224.327;297.447
78.1;1;La Reina;final;1371.6;2637.777;1371.6;1197.777;81.23
79;1;La Reina;final;1282.367;1702.927;1282.367;262.927;302.867
80;1;La Reina;final;1273.85;1708.927;1273.85;268.927;302.867
81;1;La Reina;final;1334.15;1714.927;1334.15;274.927;314.223
81.1;1;La Reina;final;1487.25;2724.983;47.25;1284.983;84.973
82;1;La Reina;final;1327.633;1720.927;1327.633;280.927;314.223
82.1;1;La Reina;final;1454.5;2718.983;14.5;1278.983;73.617
83;1;La Reina;final;1293.85;1726.927;1293.85;286.927;302.867
84;1;La Reina;final;1303.85;1738.927;1303.85;298.927;302.867
85;1;La Reina;final;1357.633;1744.927;1357.633;304.927;314.223
85.1;1;La Reina;final;1500.583;2748.117;60.583;1308.117;84.973
86;1;La Reina;final;1347.633;1750.927;1347.633;310.927;314.223
86.1;1;La Reina;final;1461.933;2739.55;21.933;1299.55;73.617
87;1;La Reina;final;1201.893;1756.927;1201.893;316.927;277.391
88;1;La Reina;final;1363.85;1762.927;1363.85;322.927;302.485
89;1;La Reina;final;914.767;1767.427;914.767;327.427;181.104
90;1;La Reina;final;1373.85;1776.427;1373.85;336.427;302.485
91;1;La Reina;final;1383.85;1780.927;1383.85;340.927;302.485
92;1;La Reina;final;1171.967;1789.927;1171.967;349.927;241.794
93;1;La Reina;final;1407.25;1794.427;1407.25;354.427;313.84
93.1;1;La Reina;final;1521.9;2799.517;81.9;1359.517;73.617
94;1;La Reina;final;1420.583;1803.427;1420.583;363.427;313.84
94.1;1;La Reina;final;1539.033;2816.65;99.033;1376.65;73.617
95;1;La Reina;final;1190.367;1812.427;1190.367;372.427;241.794
96;1;La Reina;final;1141.193;1816.927;1141.193;376.927;241.643
97;1;La Reina;final;1199.567;1825.927;1199.567;385.927;241.794
98;1;La Reina;final;1394.5;1830.427;1394.5;390.427;302.485
99;1;La Reina;final;1412.5;1834.927;1412.5;394.927;302.485
100;1;La Reina;final;1231.767;1839.427;1231.767;399.427;241.794
101;1;La Reina;final;1376.633;1843.927;1376.633;403.927;290.088
102;1;La Reina;final;1257.436;1848.427;1257.436;408.427;297.794
102.1;1;La Reina;final;1388.5;2652.983;1388.5;1212.983;73.617
103;1;La Reina;final;1382.5;1852.927;1382.5;412.927;302.485
104;1;La Reina;final;1400.5;1858.927;1400.5;418.927;302.485
105;1;El Conquistador;final;1048.017;1469.779;1048.017;29.779;302.256
105.1;1;El Conquistador;final;1344.767;2449.779;1344.767;1009.779;125.916
106;1;El Conquistador;final;1296.767;1739.779;1296.767;299.779;305.099
106.1;1;El Conquistador;final;1428.067;2684.779;1428.067;1244.779;76.485
107;1;El Conquistador;final;1302.667;1746.446;1302.667;306.446;281.363
107.1;1;El Conquistador;final;1525.001;2691.179;85.001;1251.179;127.615
108;1;El Conquistador;final;1271.389;1759.779;1271.389;319.779;303.849
108.1;1;El Conquistador;final;1336.048;2621.552;1336.048;1181.552;60.678
109;1;El Conquistador;final;1335.389;1766.446;1335.389;326.446;305.58
109.1;1;El Conquistador;final;1523.417;2678.319;83.417;1238.319;124.55
110;1;El Conquistador;final;1312.667;1773.112;1312.667;333.112;279.076
110.1;1;El Conquistador;final;1537.206;2704.029;97.206;1264.029;126.398
111;1;El Conquistador;final;1319.917;1779.779;1319.917;339.779;305.099
111.1;1;El Conquistador;final;1517.582;2714.779;77.582;1274.779;92.94
112;1;El Conquistador;final;1326.417;1793.112;1326.417;353.112;281.363
112.1;1;El Conquistador;final;1441.551;2716.879;1.551;1276.879;77.04
113;1;El Conquistador;final;1359.389;1799.779;1359.389;359.779;306.136
113.1;1;El Conquistador;final;1550.751;2704.069;110.751;1264.069;126.837
114;1;El Conquistador;final;1355.917;1806.696;1355.917;366.696;281.919
115;1;El Conquistador;final;1362.667;1820.529;1362.667;380.529;279.076
116;1;El Conquistador;final;1353.601;1827.446;1353.601;387.446;279.076
117;1;El Conquistador;final;1364.451;1834.362;1364.451;394.362;305.654
118;1;El Conquistador;final;1398.067;1841.279;1398.067;401.279;302.256
119;1;El Conquistador;final;1374.572;1882.779;1374.572;442.779;277.271
120;1;El Conquistador;final;1333.766;1889.696;1333.766;449.696;252.741
121;1;El Conquistador;final;1366.048;1889.779;1366.048;449.779;246.656
122;1;El Conquistador;final;750.609;1444.069;750.609;4.069;287.161
122.1;1;El Conquistador;final;1191.459;2178.284;1191.459;738.284;145.583
123;1;El Conquistador;final;1358.417;1720.735;1358.417;280.735;306.248
124;1;El Conquistador;final;1193.449;1727.402;1193.449;287.402;274.58
124.1;1;El Conquistador;final;1451.9;2588.684;11.9;1148.684;112.326
125;1;El Conquistador;final;1281.606;1734.069;1281.606;294.069;302.483
125.1;1;El Conquistador;final;1346.048;2631.552;1346.048;1191.552;60.678
126;1;El Conquistador;final;1282.667;1740.735;1282.667;300.735;280.553
126.1;1;El Conquistador;final;1413.067;2669.779;1413.067;1229.779;76.485
127;1;El Conquistador;final;1295.389;1747.402;1295.389;307.402;305.326
128;1;El Conquistador;final;1356.767;1754.069;1356.767;314.069;303.733
129;1;El Conquistador;final;1372.667;1760.735;1372.667;320.735;306.019
129.1;1;El Conquistador;final;1490.751;2759.779;50.751;1319.779;76.485
130;1;El Conquistador;final;1295.917;1767.402;1295.917;327.402;304.844
130.1;1;El Conquistador;final;1483.315;2684.779;43.315;1244.779;92.94
131;1;El Conquistador;final;1327.389;1774.069;1327.389;334.069;302.483
131.1;1;El Conquistador;final;1405.001;2665.469;1405.001;1225.469;75.674
132;1;El Conquistador;final;1320.767;1780.985;1320.767;340.985;278.266
132.1;1;El Conquistador;final;1458.067;2714.779;18.067;1274.779;76.485
133;1;El Conquistador;final;1375.389;1787.902;1375.389;347.902;304.77
133.1;1;El Conquistador;final;1431.915;2728.685;1431.915;1288.685;60.678
134;1;El Conquistador;final;1407.117;1794.819;1407.117;354.819;303.733
134.1;1;El Conquistador;final;1520.072;2798.312;80.072;1358.312;74.68
135;1;El Conquistador;final;1404.572;1864.069;1404.572;424.069;301.927
135.1;1;El Conquistador;final;1483.251;2755.469;43.251;1315.469;75.674
136;1;El Conquistador;final;1286.417;1891.735;1286.417;451.735;229.39
137;1;Santa Rosa;final;1413.836;1745.714;1413.836;305.714;263.043
138;1;Santa Rosa;final;1313.003;1757.714;1313.003;317.714;214.897
139;1;Santa Rosa;final;1259.82;1769.714;1259.82;329.714;186.862
140;1;Santa Rosa;final;1380.086;1781.714;1380.086;341.714;235.008
141;1;Santa Rosa;final;1424.553;1793.714;1424.553;353.714;255.231
142;1;Santa Rosa;final;1252.569;1805.714;1252.569;365.714;267.641
143;1;Santa Rosa;final;1358.003;1873.214;1358.003;433.214;186.862
144;1;Los Espinos;final;1235.558;1722.332;1235.558;282.332;294.379
144.1;1;Los Espinos;final;1467.575;2572.332;27.575;1132.332;143.946
145;1;Los Espinos;final;1323.296;1742.332;1323.296;302.332;303.398
146;1;Los Espinos;final;1291.813;1752.332;1291.813;312.332;295.804
147;1;Los Espinos;final;1287.742;1762.332;1287.742;322.332;301.647
148;1;Los Espinos;final;1300.608;1772.332;1300.608;332.332;301.952
149;1;Los Espinos;final;1327.742;1779.832;1327.742;339.832;301.952
150;1;Los Espinos;final;1309.992;1794.832;1309.992;354.832;302.062
150.1;1;Los Espinos;final;1419.719;2654.311;1419.719;1214.311;93.523
151;1;Los Espinos;final;1319.209;1802.332;1319.209;362.332;302.062
151.1;1;Los Espinos;final;1442.987;2663.193;2.987;1223.193;99.365
152;1;Los Espinos;final;1382.363;1809.832;1382.363;369.832;303.703
152.1;1;Los Espinos;final;1518.092;2757.897;78.092;1317.897;94.887
153;1;Los Espinos;final;1367.275;1817.332;1367.275;377.332;302.278
153.1;1;Los Espinos;final;1565.342;2702.332;125.342;1262.332;143.651
154;1;Los Espinos;final;1342.363;1824.832;1342.363;384.832;288.841
154.1;1;Los Espinos;final;1576.727;2721.604;136.727;1281.604;142.082
155;1;Los Espinos;final;1295.413;1832.332;1295.413;392.332;273.575
156;1;Los Espinos;final;1283.158;1854.832;1283.158;414.832;252.377
157;1;Los Espinos;final;1337.242;1898.332;1337.242;458.332;266.608
158;1;Los Espinos;final;1171.996;1733.63;1171.996;293.63;274.19
158.1;1;Los Espinos;final;1510.363;2549.63;70.363;1109.63;166.716
159;1;Los Espinos;final;1225.196;1748.63;1225.196;308.63;282.11
159.1;1;Los Espinos;final;1491.06;2598.804;51.06;1158.804;142.208
160;1;Los Espinos;final;1211.558;1763.63;1211.558;323.63;280.685
160.1;1;Los Espinos;final;1327.275;2545.665;1327.275;1105.665;93.64
161;1;Los Espinos;final;1312.396;1778.63;1312.396;338.63;289.378
162;1;Los Espinos;final;1254.946;1793.63;1254.946;353.63;266.923
162.1;1;Los Espinos;final;1412.626;2631.604;1412.626;1191.604;101.105
163;1;Los Espinos;final;626.942;1801.797;626.942;361.797;94.887
164;1;Los Espinos;final;1290.596;1809.964;1290.596;369.964;274.516
165;1;Los Espinos;final;1312.004;1818.13;1312.004;378.13;279.384
166;1;Los Espinos;final;1289.03;1826.297;1289.03;386.297;274.516
166.1;1;Los Espinos;final;1426.525;2663.63;1426.525;1223.63;87.619
167;1;Los Espinos;final;1283.558;1834.464;1283.558;394.464;273.091
168;1;Los Espinos;final;1388.042;1842.63;1388.042;402.63;295.952
168.1;1;Los Espinos;final;1458.963;2719.465;18.963;1279.465;87.471
169;1;Los Espinos;final;1315.413;1850.797;1315.413;410.797;274.19
170;1;Los Espinos;final;1397.242;1858.964;1397.242;418.964;295.626
171;1;Los Espinos;final;1411.525;1875.297;1411.525;435.297;295.626
171.1;1;Los Espinos;final;1500.308;2742.332;60.308;1302.332;93.64
172;1;Los Espinos;final;1243.158;1883.464;1243.158;443.464;238.052
173;1;Los Espinos;final;1380.608;1883.63;1380.608;443.63;287.953
174;1;Los Espinos;final;1140.83;1973.63;1140.83;533.63;181.578
175;1;Los Espinos;final;1535.225;2473.63;95.225;1033.63;195.093
176;1;Los Espinos;final;1313.242;2513.63;1313.242;1073.63;94.887
177;1;La Reina;final;693.265;1401.614;693.265;1401.614;295.497
177.1;1;La Reina;final;1379.681;2131.977;1379.681;691.977;234.342
178;1;La Reina;final;924.348;1431.614;924.348;1431.614;273.416
178.1;1;La Reina;final;1261.181;2351.577;1261.181;911.577;102.783
179;1;La Reina;final;883.981;1461.614;883.981;21.614;305.106
179.1;1;La Reina;final;1475.841;2310.843;35.841;870.843;210.125
180;1;La Reina;final;1007.655;1484.097;1007.655;44.097;295.951
180.1;1;La Reina;final;1476.22;2453.848;36.22;1013.848;165.391
181;1;La Reina;final;1187.465;1746.614;1187.465;306.614;261.062
181.1;1;La Reina;final;1465.063;2577.743;25.063;1137.743;136.255
182;1;La Reina;final;1216.054;1754.114;1216.054;314.114;279.421
183;1;La Reina;final;1189.922;1761.614;1189.922;321.614;263.916
184;1;La Reina;final;1294.731;1769.114;1294.731;329.114;282.61
185;1;La Reina;final;1354.722;1784.114;1354.722;344.114;288.248
186;1;La Reina;final;1303.968;1833.614;1303.968;393.614;272.241
187;1;La Reina;final;1186.054;1845.614;1186.054;405.614;217.246
188;1;La Reina;final;1424.212;1851.614;1424.212;411.614;304.675
189;1;La Reina;final;536.729;1407.777;536.729;1407.777;264.64
189.1;1;La Reina;final;1383.838;1965.898;1383.838;525.898;249.221
189.2;1;La Reina;final;1599.779;2816.314;159.779;1376.314;102.874
190;1;La Reina;final;605.631;1437.777;605.631;1437.777;281.851
190.1;1;La Reina;final;1296.196;2003.477;1296.196;563.477;240.074
190.2;1;La Reina;final;1523.562;2723.898;83.562;1283.898;102.874
191;1;La Reina;intermedia;857.838;950.0;857.838;950.0;303.593
191;2;La Reina;final;1371.115;1467.777;1371.115;27.777;140.837
192;1;La Reina;final;1161.696;1613.143;1161.696;173.143;286.43
192.1;1;La Reina;final;1497.862;2587.648;57.862;1147.648;144.592
193;1;La Reina;final;1183.255;1654.677;1183.255;214.677;299.249
193.1;1;La Reina;final;1272.181;2590.145;1272.181;1150.145;43.205
194;1;La Reina;final;1326.196;1737.777;1326.196;297.777;276.785
195;1;La Reina;final;1246.412;1742.06;1246.412;302.06;284.777
196;1;La Reina;final;1241.965;1746.343;1241.965;306.343;282.68
196.1;1;La Reina;final;1349.165;2625.777;1349.165;1185.777;61.265
197;1;La Reina;final;1205.363;1750.627;1205.363;310.627;244.934
197.1;1;La Reina;final;1476.288;2631.814;36.288;1191.814;111.143
198;1;La Reina;final;1277.165;1754.91;1277.165;314.91;285.206
198.1;1;La Reina;final;1513.917;2663.477;73.917;1223.477;121.547
199;1;La Reina;final;1051.719;1759.193;1051.719;319.193;232.711
199.1;1;La Reina;final;1358.245;2476.208;1358.245;1036.208;111.363
200;1;La Reina;final;1217.465;1763.477;1217.465;323.477;282.16
200.1;1;La Reina;final;1325.165;2601.777;1325.165;1161.777;61.265
201;1;La Reina;final;1296.465;1767.76;1296.465;327.76;310.421
201.1;1;La Reina;final;1338.471;2682.777;1338.471;1242.777;43.274
202;1;La Reina;final;1298.616;1772.043;1298.616;332.043;309.029
203;1;La Reina;final;1323.085;1776.327;1323.085;336.327;303.875
203.1;1;La Reina;final;1463.452;2731.198;23.452;1291.198;75.111
204;1;La Reina;final;1269.243;1780.61;1269.243;340.61;311.392
204.1;1;La Reina;final;1496.571;2620.207;56.571;1180.207;132.455
205;1;La Reina;final;1176.435;1784.893;1176.435;344.893;269.222
206;1;La Reina;final;1363.465;1789.177;1363.465;349.177;311.914
206.1;1;La Reina;final;1556.167;2747.777;116.167;1307.777;110.192
207;1;La Reina;final;1406.163;1797.743;1406.163;357.743;302.798
208;1;La Reina;final;1374.035;1797.777;1374.035;357.777;312.55
209;1;La Reina;final;1399.465;1809.01;1399.465;369.01;299.631
210;1;La Reina;final;1368.348;1825.86;1368.348;385.86;287.925
210.1;1;La Reina;final;1505.381;2751.777;65.381;1311.777;85.173
211;1;La Reina;final;1436.288;1853.943;1436.288;413.943;308.636
212;1;La Reina;final;1367.719;1876.41;1367.719;436.41;278.022
212.1;1;La Reina;final;1493.452;2774.465;53.452;1334.465;75.111
213;1;La Reina;final;1462.781;1887.777;22.781;447.777;301.765
213.1;1;La Reina;final;1565.409;2847.71;125.409;1407.71;74.519
214;1;La Reina;final;1206.054;1902.777;1206.054;462.777;219.76
215;1;La Reina;final;1371.736;1932.777;1371.736;492.777;247.796
216;1;La Reina;final;1260.1;2491.11;1260.1;1051.11;81.23
217;1;La Reina;final;1273.433;2504.443;1273.433;1064.443;81.23
218;1;El Conquistador;final;1319.245;1793.132;1319.245;353.132;294.132
218.1;1;El Conquistador;final;1430.502;2751.455;1430.502;1311.455;55.236
219;1;El Conquistador;final;1439.784;1805.982;1439.784;365.982;186.995
220;1;El Conquistador;final;1401.522;1818.832;1401.522;378.832;170.609
221;1;El Conquistador;final;1396.818;1831.682;1396.818;391.682;304.677
221.1;1;El Conquistador;final;1484.739;2831.455;44.739;1391.455;43.503
222;1;El Conquistador;final;474.318;1821.455;474.318;381.455;33.295
223;1;El Conquistador;final;1370.645;1848.455;1370.645;408.455;269.604
224;1;El Conquistador;final;1483.876;1857.455;43.876;417.455;181.772
225;1;Los Espinos;final;834.458;1442.332;834.458;2.332;312.787
225.1;1;Los Espinos;final;1173.03;2285.508;1173.03;845.508;110.394
226;1;Los Espinos;final;1053.846;1658.332;1053.846;218.332;280.617
226.1;1;Los Espinos;final;1369.03;2433.63;1369.03;993.63;131.677
227;1;Los Espinos;final;1257.896;1712.332;1257.896;272.332;295.478
227.1;1;Los Espinos;final;1396.525;2633.63;1396.525;1193.63;87.619
228;1;Los Espinos;final;1332.4;1719.832;1332.4;279.832;310.75
228.1;1;Los Espinos;final;1478.445;2706.357;38.445;1266.357;91.194
229;1;Los Espinos;final;1321.5;1727.332;1321.5;287.332;310.75
229.1;1;Los Espinos;final;1555.8;2691.604;115.8;1251.604;143.664
230;1;Los Espinos;final;1199.646;1734.832;1199.646;294.832;280.617
230.1;1;Los Espinos;final;1603.758;2573.63;163.758;1133.63;195.419
231;1;Los Espinos;final;1214.296;1742.332;1214.296;302.332;280.943
231.1;1;Los Espinos;final;1483.8;2587.904;43.8;1147.904;143.791
232;1;Los Espinos;final;1259.558;1749.832;1259.558;309.832;294.379
232.1;1;Los Espinos;final;1470.953;2595.982;30.953;1155.982;139.037
233;1;Los Espinos;final;1279.696;1764.832;1279.696;324.832;288.21
234;1;Los Espinos;final;1273.942;1772.332;1273.942;332.332;294.379
234.1;1;Los Espinos;final;1391.996;2612.332;1391.996;1172.332;95.065
235;1;Los Espinos;final;1247.558;1779.832;1247.558;339.832;279.517
235.1;1;Los Espinos;final;1355.413;2582.332;1355.413;1142.332;87.471
236;1;Los Espinos;final;1307.158;1787.332;1307.158;347.332;294.379
236.1;1;Los Espinos;final;1569.492;2642.332;129.492;1202.332;158.807
237;1;Los Espinos;final;1285.413;1794.832;1285.413;354.832;288.21
237.1;1;Los Espinos;final;1540.308;2663.63;100.308;1223.63;137.52
238;1;Los Espinos;final;1220.259;1802.332;1220.259;362.332;268.19
239;1;Los Espinos;final;1275.413;1809.832;1275.413;369.832;280.943
240;1;Los Espinos;final;1287.275;1817.332;1287.275;377.332;287.111
241;1;Los Espinos;final;1325.413;1847.332;1325.413;407.332;280.617
241.1;1;Los Espinos;final;1561.763;2708.63;121.763;1268.63;131.351
242;1;Los Espinos;final;1361.702;1889.332;1361.702;449.332;271.785
242.1;1;Los Espinos;final;1508.026;2741.604;68.026;1301.604;101.105
243;1;Los Espinos;final;1355.696;1898.332;1355.696;458.332;280.538
244;1;Los Espinos;final;1356.057;1925.332;1356.057;485.332;274.855
245;1;Los Espinos;final;1195.225;1733.63;1195.225;293.63;280.764
245.1;1;Los Espinos;final;1570.08;2532.332;130.08;1092.332;195.598
246;1;Los Espinos;final;1301.526;1745.63;1301.526;305.63;302.107
246.1;1;Los Espinos;final;1395.467;2620.071;1395.467;1180.071;100.341
247;1;Los Espinos;final;1308.497;1757.63;1308.497;317.63;300.756
247.1;1;Los Espinos;final;1374.277;2712.299;1374.277;1272.299;44.634
248;1;Los Espinos;final;1299.158;1769.63;1299.158;329.63;295.952
248.1;1;Los Espinos;final;1501.546;2630.332;61.546;1190.332;137.698
249;1;Los Espinos;final;1310.743;1793.63;1310.743;353.63;294.209
249.1;1;Los Espinos;final;1548.026;2635.071;108.026;1195.071;168.708
250;1;Los Espinos;final;1304.042;1801.13;1304.042;361.13;288.684
251;1;Los Espinos;final;1337.742;1808.63;1337.742;368.63;288.358
252;1;Los Espinos;final;1268.796;1816.13;1268.796;376.13;267.249
252.1;1;Los Espinos;final;1535.813;2648.63;95.813;1208.63;138.945
253;1;Los Espinos;final;1277.742;1823.63;1277.742;383.63;273.091
253.1;1;Los Espinos;final;1380.875;2612.332;1380.875;1172.332;93.64
254;1;Los Espinos;final;622.625;1831.13;622.625;391.13;87.619
255;1;Los Espinos;final;1340.042;1838.63;1340.042;398.63;288.358
255.1;1;Los Espinos;final;1570.375;2672.332;130.375;1232.332;151.54
256;1;Los Espinos;final;637.625;1846.13;637.625;406.13;87.619
257;1;Los Espinos;final;1373.242;1853.63;1373.242;413.63;295.626
258;1;Los Espinos;final;1412.658;1861.13;1412.658;421.13;303.219
258.1;1;Los Espinos;final;1518.68;2753.732;78.68;1313.732;95.065
259;1;Los Espinos;final;1316.042;1868.63;1316.042;428.63;273.496
259.1;1;Los Espinos;final;1517.342;2648.332;77.342;1208.332;143.651
260;1;Los Espinos;final;1203.158;1876.13;1203.158;436.13;230.784
261;1;Los Espinos;final;1249.008;1883.63;1249.008;443.63;246.252
262;1;Los Espinos;final;1265.413;1973.63;1265.413;533.63;224.616
263;1;Los Espinos;final;1395.696;2465.63;1395.696;1025.63;131.677
264;1;Los Espinos;final;1368.33;2473.63;1368.33;1033.63;124.083
265;1;El Conquistador;final;1356.93;1742.776;1356.93;302.776;301.341
265.1;1;El Conquistador;final;1570.447;2682.333;130.447;1242.333;144.09
266;1;El Conquistador;final;1328.371;1750.276;1328.371;310.276;280.793
266.1;1;El Conquistador;final;1572.171;2655.152;132.171;1215.152;152.703
267;1;El Conquistador;final;1251.141;1757.776;1251.141;317.776;255.938
267.1;1;El Conquistador;final;1498.775;2636.51;58.775;1196.51;123.238
268;1;El Conquistador;final;1515.869;1765.276;75.869;325.276;300.533
269;1;El Conquistador;final;1254.271;1772.776;1254.271;332.776;270.447
270;1;El Conquistador;final;1244.671;1780.276;1244.671;340.276;270.447
270.1;1;El Conquistador;final;1500.171;2574.152;60.171;1134.152;152.703
271;1;El Conquistador;final;1260.671;1787.776;1260.671;347.776;270.447
272;1;El Conquistador;final;1323.021;1795.276;1323.021;355.276;186.09
273;1;El Conquistador;final;1275.238;1802.776;1275.238;362.776;149.583
274;1;El Conquistador;final;1382.08;1811.776;1382.08;371.776;313.269
275;1;El Conquistador;final;1294.521;1820.776;1294.521;380.776;270.447
275.1;1;El Conquistador;final;1536.171;2625.152;96.171;1185.152;152.703
276;1;El Conquistador;final;1471.797;1829.776;31.797;389.776;309.313
276.1;1;El Conquistador;final;1533.878;2795.233;93.878;1355.233;85.981
277;1;El Conquistador;final;1414.521;1838.776;1414.521;398.776;280.793
278;1;El Conquistador;final;1394.58;1847.776;1394.58;407.776;312.172
278.1;1;El Conquistador;final;1441.025;2713.084;1.025;1273.084;74.815
279;1;El Conquistador;final;1327.925;1856.776;1327.925;416.776;255.497
279.1;1;El Conquistador;final;1477.929;2711.61;37.929;1271.61;91.057
280;1;El Conquistador;final;1474.447;1865.776;34.447;425.776;310.447
280.1;1;El Conquistador;final;1526.692;2798.751;86.692;1358.751;74.815
281;1;El Conquistador;final;1429.335;1874.776;1429.335;434.776;300.727
282;1;El Conquistador;final;1288.625;1710.152;1288.625;270.152;313.739
282.1;1;El Conquistador;final;1375.973;2676.535;1375.973;1236.535;61.832
283;1;El Conquistador;final;1218.156;1725.152;1218.156;285.152;289.194
283.1;1;El Conquistador;final;1525.217;2558.069;85.217;1118.069;176.268
284;1;El Conquistador;final;1316.317;1732.652;1316.317;292.652;298.012
284.1;1;El Conquistador;final;1522.447;2620.433;82.447;1180.433;149.824
285;1;El Conquistador;final;1207.962;1740.152;1207.962;300.152;261.104
285.1;1;El Conquistador;final;1362.314;2605.684;1362.314;1165.684;77.254
286;1;El Conquistador;final;1254.968;1747.652;1254.968;307.652;279.43
286.1;1;El Conquistador;final;1476.235;2659.53;36.235;1219.53;111.291
287;1;El Conquistador;final;1224.667;1755.152;1224.667;315.152;294.397
287.1;1;El Conquistador;final;1367.389;2615.779;1367.389;1175.779;74.68
288;1;El Conquistador;final;1102.985;1762.652;1102.985;322.652;261.937
288.1;1;El Conquistador;final;1276.671;2498.776;1276.671;1058.776;81.501
289;1;El Conquistador;final;1120.618;1770.152;1120.618;330.152;261.937
289.1;1;El Conquistador;final;1292.671;2514.776;1292.671;1074.776;81.501
290;1;El Conquistador;final;1138.252;1786.485;1138.252;346.485;261.937
290.1;1;El Conquistador;final;1284.521;2532.776;1284.521;1092.776;81.501
291;1;El Conquistador;final;1315.835;1794.652;1315.835;354.652;308.61
291.1;1;El Conquistador;final;1456.488;2719.876;16.488;1279.876;81.501
292;1;El Conquistador;final;1379.301;1802.819;1379.301;362.819;313.852
293;1;El Conquistador;final;1166.768;1810.985;1166.768;370.985;261.937
293.1;1;El Conquistador;final;1314.521;2562.776;1314.521;1122.776;81.501
294;1;El Conquistador;final;1251.8;1819.152;1251.8;379.152;287.666
295;1;El Conquistador;final;1192.468;1835.485;1192.468;395.485;261.937
295.1;1;El Conquistador;final;1344.521;2592.776;1344.521;1152.776;81.501
296;1;El Conquistador;final;1355.679;1851.819;1355.679;411.819;290.503
296.1;1;El Conquistador;final;1477.349;2657.881;37.349;1217.881;109.237
297;1;El Conquistador;final;1419.028;1860.152;1419.028;420.152;312.385
298;1;El Conquistador;final;1439.859;1910.152;1439.859;470.152;313.39
298.1;1;El Conquistador;final;1593.229;2833.284;153.229;1393.284;93.381
299;1;El Conquistador;final;763.102;1412.734;763.102;1412.734;288.255
299.1;1;El Conquistador;final;1345.471;2185.276;1345.471;745.276;181.147
300;1;El Conquistador;final;1035.205;1442.734;1035.205;2.734;298.898
300.1;1;El Conquistador;final;1334.579;2424.368;1334.579;984.368;130.41
301;1;El Conquistador;intermedia;636.862;650.0;636.862;650.0;274.922
301;2;El Conquistador;final;822.467;1380.152;822.467;1380.152;74.739
301.1;1;El Conquistador;final;1299.434;2156.198;1299.434;716.198;194.422
302;1;El Conquistador;final;591.325;1410.152;591.325;1410.152;263.301
302.1;1;El Conquistador;final;1317.251;1976.61;1317.251;536.61;205.028
303;1;El Conquistador;final;774.012;1440.152;774.012;0.152;277.577
303.1;1;El Conquistador;final;1256.197;2226.984;1256.197;786.984;150.562
304;1;El Conquistador;final;894.212;1470.152;894.212;30.152;277.494
304.1;1;El Conquistador;final;1261.322;2333.468;1261.322;893.468;125.244
305;1;El Conquistador;final;1173.296;1620.152;1173.296;180.152;290.557
305.1;1;El Conquistador;final;1478.517;2568.818;38.517;1128.818;148.584
306;1;El Conquistador;final;1208.868;1431.455;1208.868;1431.455;312.081
306.1;1;El Conquistador;final;1435.352;2613.552;1435.352;1173.552;107.653
307;1;El Conquistador;final;1194.055;1461.455;1194.055;21.455;298.945
307.1;1;El Conquistador;final;1385.568;2628.655;1385.568;1188.655;72.633
308;1;El Conquistador;final;1337.466;1776.455;1337.466;336.455;284.662
308.1;1;El Conquistador;final;1452.418;2736.001;12.418;1296.001;74.516
309;1;El Conquistador;final;1361.153;1806.455;1361.153;366.455;310.124
309.1;1;El Conquistador;final;1485.383;2761.852;45.383;1321.852;69.712
310;1;El Conquistador;final;1372.513;1821.455;1372.513;381.455;308.638
311;1;El Conquistador;final;1258.469;1832.705;1258.469;392.705;258.436
312;1;El Conquistador;final;1346.563;1843.955;1346.563;403.955;279.991
313;1;El Conquistador;final;1380.915;1855.205;1380.915;415.205;288.643
314;1;El Conquistador;final;1432.476;1888.955;1432.476;448.955;305.993
314.1;1;El Conquistador;final;1478.785;2828.449;38.785;1388.449;46.58
315;1;El Conquistador;final;1405.539;1900.205;1405.539;460.205;289.904
315.1;1;El Conquistador;final;1498.729;2795.252;58.729;1355.252;74.465
316;1;El Conquistador;final;1300.484;1724.009;1300.484;284.009;154.703
317;1;El Conquistador;final;1445.708;1732.576;5.708;292.576;223.216
318;1;El Conquistador;final;1433.247;1741.142;1433.247;301.142;219.934
319;1;El Conquistador;final;1363.734;1749.709;1363.734;309.709;189.764
320;1;El Conquistador;final;1214.234;1758.276;1214.234;318.276;234.113
321;1;El Conquistador;final;1383.495;1766.842;1383.495;326.842;172.052
322;1;El Conquistador;final;1371.533;1775.409;1371.533;335.409;312.49
322.1;1;El Conquistador;final;1506.155;2687.883;66.155;1247.883;108.1
323;1;El Conquistador;final;1252.468;1783.976;1252.468;343.976;283.044
324;1;El Conquistador;final;1181.845;1784.009;1181.845;344.009;246.463
325;1;El Conquistador;final;1241.568;1795.259;1241.568;355.259;278.86
325.1;1;El Conquistador;final;1500.813;2641.152;60.813;1201.152;112.731
326;1;El Conquistador;final;1409.784;1806.509;1409.784;366.509;314.632
326.1;1;El Conquistador;final;1520.502;2841.455;80.502;1401.455;55.236
327;1;El Conquistador;final;1382.15;1885.259;1382.15;445.259;293.096
327.1;1;El Conquistador;final;1450.667;2799.902;10.667;1359.902;57.843
328;1;El Conquistador;final;1236.472;1797.74;1236.472;357.74;298.838
328.1;1;El Conquistador;final;1513.811;2620.718;73.811;1180.718;146.271
329;1;El Conquistador;final;1230.484;1805.24;1230.484;365.24;280.994
329.1;1;El Conquistador;final;1354.152;2661.455;1354.152;1221.455;55.236
330;1;El Conquistador;final;1329.863;1812.74;1329.863;372.74;290.535
331;1;El Conquistador;final;1316.493;1820.24;1316.493;380.24;308.93
331.1;1;El Conquistador;final;1372.057;2728.567;1372.057;1288.567;43.188
332;1;El Conquistador;final;1196.312;1835.24;1196.312;395.24;229.814
333;1;El Conquistador;final;1436.745;1850.24;1436.745;410.24;305.564
334;1;El Conquistador;final;1193.149;1857.74;1193.149;417.74;207.473
335;1;El Conquistador;final;1292.312;1872.74;1292.312;432.74;230.768
336;1;El Conquistador;final;1328.923;1880.24;1328.923;440.24;271.624
336.1;1;El Conquistador;final;1467.882;2738.499;27.882;1298.499;78.105
337;1;El Conquistador;final;1272.849;1887.74;1272.849;447.74;248.039
338;1;El Conquistador;final;1162.947;1756.718;1162.947;316.718;246.871
339;1;El Conquistador;final;1286.018;1776.718;1286.018;336.718;289.65
339.1;1;El Conquistador;final;1367.666;2709.282;1367.666;1269.282;43.159
340;1;El Conquistador;final;1185.595;1796.718;1185.595;356.718;271.329
341;1;El Conquistador;final;1345.513;1804.218;1345.513;364.218;300.81
342;1;El Conquistador;final;1344.945;1811.718;1344.945;371.718;274.035
343;1;El Conquistador;final;1382.466;1819.218;1382.466;379.218;297.183
343.1;1;El Conquistador;final;1476.813;2784.001;36.813;1344.001;62.616
344;1;El Conquistador;final;1281.62;1826.718;1281.62;386.718;247.15
345;1;El Conquistador;final;1388.145;1834.218;1388.145;394.218;280.813
346;1;El Conquistador;final;1343.881;1841.718;1343.881;401.718;252.583
347;1;El Conquistador;final;1408.977;1849.218;1408.977;409.218;304.272
347.1;1;El Conquistador;final;1484.289;2757.29;44.289;1317.29;84.9
348;1;El Conquistador;final;1298.395;1864.218;1298.395;424.218;272.578
349;1;El Conquistador;final;1208.312;1879.218;1208.312;439.218;222.698
350;1;El Conquistador;final;1342.665;1886.718;1342.665;446.718;276.561
351;1;El Conquistador;final;1320.12;1770.013;1320.12;330.013;298.431
351.1;1;El Conquistador;final;1494.754;2739.963;54.754;1299.963;86.499
352;1;El Conquistador;final;1155.743;1810.013;1155.743;370.013;268.811
352.1;1;El Conquistador;final;1348.97;2566.013;1348.97;1126.013;86.499
353;1;El Conquistador;final;1333.97;1820.013;1333.97;380.013;298.431
353.1;1;El Conquistador;final;1460.388;2740.013;20.388;1300.013;73.406
354;1;El Conquistador;final;1310.579;1830.013;1310.579;390.013;290.981
355;1;El Conquistador;final;1200.745;1840.013;1200.745;400.013;244.008
356;1;El Conquistador;final;890.856;1431.808;890.856;1431.808;311.607
356.1;1;El Conquistador;final;1281.603;2273.398;1281.603;833.398;179.121
357;1;El Conquistador;final;1049.97;1611.808;1049.97;171.808;285.742
357.1;1;El Conquistador;final;1254.121;2480.013;1254.121;1040.013;73.406
358;1;El Conquistador;final;1183.187;1701.808;1183.187;261.808;285.742
358.1;1;El Conquistador;final;1450.693;2590.013;10.693;1150.013;123.707
359;1;El Conquistador;final;1194.087;1711.808;1194.087;271.808;285.742
359.1;1;El Conquistador;final;1353.971;2602.013;1353.971;1162.013;73.406
360;1;El Conquistador;final;1204.987;1721.808;1204.987;281.808;285.742
360.1;1;El Conquistador;final;1520.388;2614.013;80.388;1174.013;144.051
361;1;El Conquistador;final;1226.787;1731.808;1226.787;291.808;285.742
361.1;1;El Conquistador;final;1389.971;2638.013;1389.971;1198.013;73.406
362;1;El Conquistador;final;1260.745;1741.808;1260.745;301.808;301.964
363;1;El Conquistador;final;1278.829;1751.808;1278.829;311.808;301.964
364;1;El Conquistador;final;1266.787;1761.808;1266.787;321.808;285.742
364.1;1;El Conquistador;final;1502.533;2675.713;62.533;1235.713;118.345
365;1;El Conquistador;final;1280.12;1771.808;1280.12;331.808;285.742
365.1;1;El Conquistador;final;1418.471;2688.563;1418.471;1248.563;73.406
366;1;El Conquistador;final;1293.454;1781.808;1293.454;341.808;285.742
366.1;1;El Conquistador;final;1464.754;2701.413;24.754;1261.413;86.499
367;1;El Conquistador;final;1306.787;1801.808;1306.787;361.808;285.742
367.1;1;El Conquistador;final;1444.171;2714.263;4.171;1274.263;73.406
368;1;El Conquistador;final;1318.97;1821.808;1318.97;381.808;285.742
368.1;1;El Conquistador;final;1457.021;2727.113;17.021;1287.113;73.406
369;1;El Conquistador;final;1314.488;1851.808;1314.488;411.808;285.988
369.1;1;El Conquistador;final;1476.554;2730.498;36.554;1290.498;82.686
370;1;El Conquistador;final;1316.665;1861.808;1316.665;421.808;300.624
370.1;1;El Conquistador;final;1394.482;2702.745;1394.482;1262.745;58.481
371;1;El Conquistador;final;1377.971;2481.808;1377.971;1041.808;131.362
372;1;Los Espinos;final;1274.714;1717.953;1274.714;277.953;304.321
372.1;1;Los Espinos;final;1344.954;2684.47;1344.954;1244.47;45.178
373;1;Los Espinos;final;1322.116;1727.953;1322.116;287.953;302.961
373.1;1;Los Espinos;final;1535.382;2674.141;95.382;1234.141;120.567
374;1;Los Espinos;final;1249.317;1737.953;1249.317;297.953;303.747
374.1;1;Los Espinos;final;1363.934;2617.766;1363.934;1177.766;96.885
375;1;Los Espinos;final;1272.117;1747.953;1272.117;307.953;293.426
375.1;1;Los Espinos;final;1383.934;2639.466;1383.934;1199.466;96.885
376;1;Los Espinos;final;1283.517;1757.953;1283.517;317.953;293.426
376.1;1;Los Espinos;final;1505.5;2649.466;65.5;1209.466;158.974
377;1;Los Espinos;final;1245.069;1767.953;1245.069;327.953;292.617
377.1;1;Los Espinos;final;1393.052;2626.9;1393.052;1186.9;103.55
378;1;Los Espinos;final;1212.435;1777.953;1212.435;337.953;281.938
378.1;1;Los Espinos;final;1355.585;2592.633;1355.585;1152.633;103.171
379;1;Los Espinos;final;555.585;1789.203;555.585;349.203;72.348
380;1;Los Espinos;final;1247.681;1800.453;1247.681;360.453;274.819
380.1;1;Los Espinos;final;1382.127;2605.408;1382.127;1165.408;90.526
381;1;Los Espinos;final;1255.681;1811.703;1255.681;371.703;274.819
381.1;1;Los Espinos;final;1489.765;2615.408;49.765;1175.408;136.36
382;1;Los Espinos;final;1340.665;1822.953;1340.665;382.953;308.306
382.1;1;Los Espinos;final;1394.135;2702.644;1394.135;1262.644;64.823
383;1;Los Espinos;final;1354.804;1845.453;1354.804;405.453;299.881
383.1;1;Los Espinos;final;1467.444;2761.877;27.444;1321.877;59.019
384;1;Los Espinos;final;1206.348;1856.703;1206.348;416.703;238.443
385;1;Los Espinos;final;1226.268;1794.971;1226.268;354.971;277.956
385.1;1;Los Espinos;final;1455.498;2585.408;15.498;1145.408;136.36
386;1;Los Espinos;final;1249.918;1806.221;1249.918;366.221;282.194
387;1;Los Espinos;final;1311.735;1828.721;1311.735;388.721;308.495
388;1;Los Espinos;final;1191.681;1884.971;1191.681;444.971;231.785
389;1;Los Espinos;final;1266.484;1717.405;1266.484;277.405;304.722
389.1;1;Los Espinos;final;1392.116;2650.137;1392.116;1210.137;78.281
390;1;Los Espinos;final;1231.439;1737.405;1231.439;297.405;279.956
390.1;1;Los Espinos;final;1337.76;2608.228;1337.76;1168.228;74.778
391;1;Los Espinos;final;1372.127;1757.405;1372.127;317.405;202.543
392;1;Los Espinos;final;1189.561;1777.405;1189.561;337.405;281.425
392.1;1;Los Espinos;final;1321.719;2546.311;1321.719;1106.311;93.523
393;1;Los Espinos;final;497.222;1785.572;497.222;345.572;59.62
394;1;Los Espinos;final;1257.084;1793.739;1257.084;353.739;294.205
394.1;1;Los Espinos;final;1345.121;2609.616;1345.121;1169.616;70.239
395;1;Los Espinos;final;513.555;1801.905;513.555;361.905;59.62
396;1;Los Espinos;final;1268.884;1810.072;1268.884;370.072;312.026
397;1;Los Espinos;final;1232.772;1818.239;1232.772;378.239;257.322
398;1;Los Espinos;final;538.055;1826.405;538.055;386.405;59.62
399;1;Los Espinos;final;1337.804;1834.572;1337.804;394.572;288.242
400;1;Los Espinos;final;1313.541;1842.739;1313.541;402.739;300.393
400.1;1;Los Espinos;final;1505.267;2707.287;65.267;1267.287;108.322
401;1;Los Espinos;final;562.555;1850.905;562.555;410.905;59.62
402;1;Los Espinos;final;1222.618;1859.072;1222.618;419.072;98.108
403;1;Los Espinos;final;1384.804;1867.405;1384.804;427.405;288.242
403.1;1;Los Espinos;final;1487.551;2787.961;47.551;1347.961;68.517
404;1;Los Espinos;final;1503.052;1804.175;63.052;364.175;302.625
405;1;Los Espinos;final;1383.97;1815.425;1383.97;375.425;225.444
406;1;Los Espinos;final;1405.902;1826.675;1405.902;386.675;231.749
407;1;Los Espinos;final;1289.284;1837.925;1289.284;397.925;187.842
408;1;Los Espinos;final;1285.069;1849.175;1285.069;409.175;297.919
409;1;Los Espinos;final;1282.453;1871.675;1282.453;431.675;252.77
410;1;Los Espinos;final;1249.284;1882.925;1249.284;442.925;110.337
411;1;Los Espinos;final;1230.369;1717.953;1230.369;277.953;304.741
411.1;1;Los Espinos;final;1330.665;2614.971;1330.665;1174.971;64.248
412;1;Los Espinos;final;1103.315;1737.953;1103.315;297.953;269.811
412.1;1;Los Espinos;final;1381.719;2462.508;1381.719;1022.508;138.688
413;1;Los Espinos;final;1289.217;1757.953;1289.217;317.953;307.301
413.1;1;Los Espinos;final;1389.32;2659.466;1389.32;1219.466;85.027
414;1;Los Espinos;final;1306.317;1777.953;1306.317;337.953;245.212
415;1;Los Espinos;final;1283.702;1789.203;1283.702;349.203;281.151
416;1;Los Espinos;final;1295.681;1800.453;1295.681;360.453;306.081
417;1;Los Espinos;final;537.3;1811.703;537.3;371.703;75.673
418;1;Los Espinos;final;1226.348;1822.953;1226.348;382.953;269.704
419;1;Los Espinos;final;559.8;1834.203;559.8;394.203;75.673
420;1;Los Espinos;final;1266.022;1751.507;1266.022;311.507;295.084
421;1;Los Espinos;final;1181.157;1766.507;1181.157;326.507;251.721
422;1;Los Espinos;final;1357.132;1781.507;1357.132;341.507;306.562
422.1;1;Los Espinos;final;1553.163;2707.313;113.163;1267.313;124.783
423;1;Los Espinos;final;1360.657;1796.507;1360.657;356.507;289.459
424;1;Los Espinos;final;1412.057;1886.507;1412.057;446.507;289.459
425;1;Los Espinos;final;1322.707;1899.357;1322.707;459.357;251.721
426;1;Los Espinos;final;1134.169;1448.056;1134.169;8.056;295.028
426.1;1;Los Espinos;final;1487.107;2513.325;47.107;1073.325;163.401
427;1;Los Espinos;final;1252.022;1718.056;1252.022;278.056;305.963
427.1;1;Los Espinos;final;1374.266;2633.728;1374.266;1193.728;73.959
428;1;Los Espinos;final;1269.374;1728.056;1269.374;288.056;288.514
428.1;1;Los Espinos;final;1373.507;2662.207;1373.507;1222.207;64.953
429;1;Los Espinos;final;1282.707;1738.056;1282.707;298.056;288.514
429.1;1;Los Espinos;final;1386.357;2675.057;1386.357;1235.057;64.953
430;1;Los Espinos;final;1223.874;1748.056;1223.874;308.056;270.125
431;1;Los Espinos;final;1296.04;1758.056;1296.04;318.056;288.514
431.1;1;Los Espinos;final;1447.124;2687.907;7.124;1247.907;83.342
432;1;Los Espinos;final;1243.874;1768.056;1243.874;328.056;270.125
433;1;Los Espinos;final;530.54;1786.222;530.54;346.222;64.008
434;1;Los Espinos;final;1337.757;1802.556;1337.757;362.556;288.514
434.1;1;Los Espinos;final;1487.124;2726.457;47.124;1286.457;83.342
435;1;Los Espinos;final;1240.934;1818.889;1240.934;378.889;276.029
435.1;1;Los Espinos;final;1355.511;2622.657;1355.511;1182.657;75.757
436;1;Los Espinos;final;1387.175;1835.222;1387.175;395.222;297.36
436.1;1;Los Espinos;final;1476.522;2779.161;36.522;1339.161;60.275
437;1;Los Espinos;final;1216.04;1843.389;1216.04;403.389;232.388
438;1;Los Espinos;final;1397.757;1851.556;1397.757;411.556;288.514
438.1;1;Los Espinos;final;1498.19;2798.507;58.19;1358.507;64.953
439;1;Los Espinos;final;1301.139;1867.889;1301.139;427.889;265.532
440;1;Los Espinos;final;1353.007;1868.056;1353.007;428.056;270.125
441;1;Los Espinos;final;1309.407;2462.056;1309.407;1022.056;101.746
442;1;Los Espinos;final;1450.19;2474.056;10.19;1034.056;157.873
443;1;Los Espinos;final;1268.666;1725.544;1268.666;285.544;292.438
443.1;1;Los Espinos;final;1377.621;2612.541;1377.621;1172.541;77.675
444;1;Los Espinos;final;1240.665;1735.544;1240.665;295.544;309.454
444.1;1;Los Espinos;final;1376.468;2598.878;1376.468;1158.878;112.334
445;1;Los Espinos;final;1292.552;1745.544;1292.552;305.544;314.764
446;1;Los Espinos;final;1243.617;1755.544;1243.617;315.544;285.901
446.1;1;Los Espinos;final;1399.501;2612.066;1399.501;1172.066;107.612
447;1;Los Espinos;final;1243.184;1765.544;1243.184;325.544;313.465
447.1;1;Los Espinos;final;1310.369;2591.286;1310.369;1151.286;72.348
448;1;Los Espinos;final;1232.394;1775.544;1232.394;335.544;291.43
448.1;1;Los Espinos;final;1357.719;2582.311;1357.719;1142.311;93.523
449;1;Los Espinos;final;524.202;1785.544;524.202;345.544;64.823
450;1;Los Espinos;final;534.202;1795.544;534.202;355.544;64.823
451;1;Los Espinos;final;544.202;1805.544;544.202;365.544;64.823
452;1;Los Espinos;final;554.202;1815.544;554.202;375.544;64.823
453;1;Los Espinos;final;564.202;1825.544;564.202;385.544;64.823
454;1;Los Espinos;final;1300.927;1835.544;1300.927;395.544;282.757
455;1;Los Espinos;final;1324.804;1845.544;1324.804;405.544;283.79
455.1;1;Los Espinos;final;1436.151;2736.561;1436.151;1296.561;68.517
456;1;Los Espinos;final;1332.127;1855.544;1332.127;415.544;282.757
456.1;1;Los Espinos;final;1493.652;2679.292;53.652;1239.292;116.636
457;1;Los Espinos;final;1287.681;1865.544;1287.681;425.544;267.294
458;1;Los Espinos;final;1348.181;1875.544;1348.181;435.544;300.781
459;1;Los Espinos;final;1383.719;1920.544;1383.719;480.544;297.433
460;1;Los Espinos;final;1401.719;1931.794;1401.719;491.794;297.433
460.1;1;Los Espinos;final;1501.41;2746.391;61.41;1306.391;91.424
461;1;Los Espinos;final;1223.681;1794.971;1223.681;354.971;259.703
462;1;Los Espinos;final;1342.127;1809.971;1342.127;369.971;311.543
462.1;1;Los Espinos;final;1540.775;2685.693;100.775;1245.693;126.035
463;1;Los Espinos;final;1366.448;1854.971;1366.448;414.971;175.109
464;1;Los Espinos;final;1312.127;1869.971;1312.127;429.971;275.166
465;1;Los Espinos;final;1299.115;1884.971;1299.115;444.971;284.517
466;1;Santa Rosa;final;1397.35;1726.474;1397.35;286.474;305.923
466.1;1;Santa Rosa;final;1496.317;2743.412;56.317;1303.412;89.118
467;1;Santa Rosa;final;1305.017;1741.474;1305.017;301.474;261.364
468;1;Santa Rosa;final;1295.417;1756.474;1295.417;316.474;204.845
469;1;Santa Rosa;final;1283.966;1771.474;1283.966;331.474;243.518
470;1;Santa Rosa;final;1267.734;1786.474;1267.734;346.474;191.881
471;1;Santa Rosa;final;1284.867;1801.474;1284.867;361.474;191.881
472;1;Santa Rosa;final;1302.0;1816.474;1302.0;376.474;191.881
473;1;Santa Rosa;final;1215.617;1831.474;1215.617;391.474;153.303
474;1;Santa Rosa;final;1232.75;1846.474;1232.75;406.474;153.303
475;1;Santa Rosa;final;1249.884;1876.474;1249.884;436.474;153.303
476;1;Santa Rosa;final;1336.267;2506.474;1336.267;1066.474;114.725
477;1;Santa Rosa;final;1353.4;2523.607;1353.4;1083.607;114.725
478;1;Vespucio Norte;final;1185.828;1762.624;1185.828;322.624;283.275
479;1;Vespucio Norte;final;1340.622;1774.624;1340.622;334.624;296.915
479.1;1;Vespucio Norte;final;1461.789;2726.069;21.789;1286.069;85.152
480;1;Vespucio Norte;final;1286.445;1833.124;1286.445;393.124;250.865
481;1;Vespucio Norte;final;1376.702;1866.874;1376.702;426.874;292.126
482;1;La Reina;final;1284.58;1744.307;1284.58;304.307;300.815
483;1;La Reina;final;1334.755;1756.307;1334.755;316.307;314.37
484;1;La Reina;final;1306.735;1768.307;1306.735;328.307;267.274
484.1;1;La Reina;final;1531.143;2683.014;91.143;1243.014;128.98
485;1;La Reina;final;1392.446;1780.307;1392.446;340.307;309.47
485.1;1;La Reina;final;1487.462;2798.355;47.462;1358.355;58.518
486;1;La Reina;final;1384.593;1789.307;1384.593;349.307;313.103
487;1;La Reina;final;1228.805;1798.307;1228.805;358.307;258.265
487.1;1;La Reina;final;1483.745;2659.464;43.745;1219.464;102.874
488;1;La Reina;final;1269.922;1807.307;1269.922;367.307;282.335
489;1;La Reina;final;1319.715;1816.307;1319.715;376.307;280.975
490;1;La Reina;final;1409.381;1852.307;1409.381;412.307;297.277
491;1;La Reina;final;1484.498;1879.307;44.498;439.307;308.137
492;1;La Reina;final;1292.862;1888.307;1292.862;448.307;177.624
493;1;La Reina;final;1388.955;1897.307;1388.955;457.307;284.715
493.1;1;La Reina;final;1467.365;2779.784;27.365;1339.784;57.72
494;1;La Reina;final;1412.848;1906.307;1412.848;466.307;286.518
495;1;La Reina;final;1456.388;1915.307;16.388;475.307;313.95
495.1;1;La Reina;final;1535.898;2848.318;95.898;1408.318;57.72
496;1;La Reina;final;1148.986;1467.777;1148.986;27.777;294.788
496.1;1;La Reina;final;1491.433;2539.781;51.433;1099.781;203.626
497;1;La Reina;final;1271.338;1749.777;1271.338;309.777;282.165
497.1;1;La Reina;final;1369.063;2699.374;1369.063;1259.374;52.966
498;1;La Reina;final;1355.498;1773.777;1355.498;333.777;295.033
499;1;La Reina;final;1188.872;1785.777;1188.872;345.777;241.491
500;1;La Reina;final;1381.198;1797.777;1381.198;357.777;289.418
501;1;La Reina;final;1310.34;1812.777;1310.34;372.777;239.078
502;1;La Reina;final;1345.862;1820.277;1345.862;380.277;274.734
503;1;La Reina;final;1262.031;1842.777;1262.031;402.777;230.95
504;1;La Reina;final;1308.471;1865.277;1308.471;425.277;239.473
505;1;La Reina;final;1354.465;1887.777;1354.465;447.777;254.939
506;1;Vespucio Norte;final;1152.213;1766.488;1152.213;326.488;234.092
507;1;Vespucio Norte;final;1239.283;1796.488;1239.283;356.488;300.3
507.1;1;Vespucio Norte;final;1436.479;2644.761;1436.479;1204.761;104.975
508;1;Vespucio Norte;final;1281.145;1851.488;1281.145;411.488;279.431
509;1;Vespucio Norte;final;1195.23;1861.488;1195.23;421.488;116.183
510;1;Santa Rosa;final;1354.394;1716.405;1354.394;276.405;314.321
510.1;1;Santa Rosa;final;1556.06;2696.405;116.06;1256.405;136.169
511;1;Santa Rosa;final;1374.394;1724.972;1374.394;284.972;314.321
512;1;Santa Rosa;final;1384.394;1733.539;1384.394;293.539;314.321
512.1;1;Santa Rosa;final;1461.935;2726.405;21.935;1286.405;85.905
513;1;Santa Rosa;final;1394.394;1742.105;1394.394;302.105;314.321
514;1;Santa Rosa;final;1382.31;1750.672;1382.31;310.672;314.321
515;1;Santa Rosa;final;1392.31;1759.239;1392.31;319.239;314.321
516;1;Santa Rosa;final;1402.31;1767.805;1402.31;327.805;314.321
516.1;1;Santa Rosa;final;1481.935;2746.405;41.935;1306.405;85.905
517;1;Santa Rosa;final;1412.31;1776.372;1412.31;336.372;314.321
518;1;Santa Rosa;final;560.518;1776.405;560.518;336.405;85.905
519;1;Santa Rosa;final;1284.402;1783.905;1284.402;343.905;264.057
520;1;Santa Rosa;final;1422.31;1791.405;1422.31;351.405;314.321
520.1;1;Santa Rosa;final;1501.935;2766.405;61.935;1326.405;85.905
521;1;Santa Rosa;final;1432.31;1798.905;1432.31;358.905;314.321
522;1;Santa Rosa;final;1442.31;1806.405;2.31;366.405;314.321
522.1;1;Santa Rosa;final;1521.935;2786.405;81.935;1346.405;85.905
523;1;Santa Rosa;final;1452.31;1813.905;12.31;373.905;314.321
524;1;Santa Rosa;final;605.518;1821.405;605.518;381.405;85.905
525;1;Santa Rosa;final;1456.06;1836.405;16.06;396.405;314.321
526;1;Santa Rosa;final;1374.402;1866.405;1374.402;426.405;264.057
527;1;Santa Rosa;final;1334.402;1729.638;1334.402;289.638;301.975
527.1;1;Santa Rosa;final;1541.935;2709.638;101.935;1269.638;123.824
528;1;Santa Rosa;final;1354.402;1738.205;1354.402;298.205;301.975
529;1;Santa Rosa;final;1364.402;1746.772;1364.402;306.772;301.975
530;1;Santa Rosa;final;1365.935;1755.338;1365.935;315.338;301.975
530.1;1;Santa Rosa;final;1476.06;2739.638;36.06;1299.638;85.012
531;1;Santa Rosa;final;1372.125;1763.905;1372.125;323.905;312.616
531.1;1;Santa Rosa;final;1521.658;2769.419;81.658;1329.419;84.226
532;1;Santa Rosa;final;1277.51;1772.472;1277.51;332.472;263.163
533;1;Santa Rosa;final;1287.51;1781.038;1287.51;341.038;263.163
534;1;Santa Rosa;final;1297.51;1789.605;1297.51;349.605;263.163
535;1;Santa Rosa;final;1385.935;1789.638;1385.935;349.638;301.975
535.1;1;Santa Rosa;final;1496.06;2759.638;56.06;1319.638;85.012
536;1;Santa Rosa;final;1395.935;1797.138;1395.935;357.138;301.975
537;1;Santa Rosa;final;1405.935;1804.638;1405.935;364.638;301.975
537.1;1;Santa Rosa;final;1516.06;2779.638;76.06;1339.638;85.012
538;1;Santa Rosa;final;1415.935;1812.138;1415.935;372.138;301.975
539;1;Santa Rosa;final;1425.935;1819.638;1425.935;379.638;301.975
539.1;1;Santa Rosa;final;1536.06;2799.638;96.06;1359.638;85.012
540;1;Santa Rosa;final;1435.935;1827.138;1435.935;387.138;301.975
541;1;Santa Rosa;final;1281.017;1834.638;1281.017;394.638;219.82
542;1;Santa Rosa;final;1441.935;1849.638;1.935;409.638;301.975
543;1;Santa Rosa;final;1264.402;1915.638;1264.402;475.638;212.899
544;1;Santa Rosa;final;1274.402;1924.638;1274.402;484.638;212.899
545;1;Los Espinos;intermedia;734.662;783.0;734.662;783.0;313.266
545;2;Los Espinos;final;1167.334;1399.437;1167.334;1399.437;126.493
545.1;1;Los Espinos;final;1294.917;2537.966;1294.917;1097.966;96.885
546;1;Los Espinos;final;1177.988;1429.437;1177.988;1429.437;294.044
546.1;1;Los Espinos;final;1517.596;2565.696;77.596;1125.696;175.709
547;1;Los Espinos;final;553.567;1769.437;553.567;329.437;84.187
548;1;Los Espinos;final;1269.929;1789.437;1269.929;349.437;257.282
549;1;Los Espinos;final;1263.046;1796.937;1263.046;356.937;262.971
550;1;Los Espinos;final;1209.622;1804.437;1209.622;364.437;241.636
551;1;Los Espinos;final;960.558;1418.213;960.558;1418.213;290.546
551.1;1;Los Espinos;final;1161.225;2410.508;1161.225;970.508;64.063
552;1;Los Espinos;final;861.566;1448.213;861.566;8.213;298.954
552.1;1;Los Espinos;final;1416.541;2293.263;1416.541;853.263;193.833
553;1;Los Espinos;final;1352.255;1748.213;1352.255;308.213;305.679
554;1;Los Espinos;final;1319.72;1753.663;1319.72;313.663;303.904
554.1;1;Los Espinos;final;1487.574;2732.991;47.574;1292.991;88.612
555;1;Los Espinos;final;1357.973;1759.113;1357.973;319.113;311.479
555.1;1;Los Espinos;final;1510.277;2705.708;70.277;1265.708;119.218
556;1;Los Espinos;final;1201.189;1764.563;1201.189;324.563;252.943
557;1;Los Espinos;final;1361.554;1770.013;1361.554;330.013;313.002
558;1;Los Espinos;final;1285.373;1775.463;1285.373;335.463;285.578
558.1;1;Los Espinos;final;1498.755;2628.558;58.755;1188.558;144.572
559;1;Los Espinos;final;1193.055;1780.913;1193.055;340.913;250.71
560;1;Los Espinos;final;1321.659;1786.363;1321.659;346.363;290.0
560.1;1;Los Espinos;final;1503.809;2678.302;63.809;1238.302;122.644
561;1;Los Espinos;final;1361.021;1791.813;1361.021;351.813;290.456
561.1;1;Los Espinos;final;1533.809;2744.829;93.809;1304.829;106.335
562;1;Los Espinos;final;1206.604;1797.263;1206.604;357.263;229.06
563;1;Los Espinos;final;1261.955;1802.713;1261.955;362.713;264.073
564;1;Los Espinos;final;1353.121;1808.163;1353.121;368.163;287.382
565;1;Los Espinos;final;1386.871;1808.213;1386.871;368.213;281.747
566;1;Los Espinos;final;1299.221;1818.213;1299.221;378.213;276.617
566.1;1;Los Espinos;final;1484.838;2682.696;44.838;1242.696;105.096
567;1;Los Espinos;final;1460.437;1823.213;20.437;383.213;305.084
568;1;Los Espinos;final;1126.389;1828.213;1126.389;388.213;201.559
569;1;Los Espinos;final;1213.702;1838.213;1213.702;398.213;225.46
570;1;Los Espinos;final;1270.665;1843.213;1270.665;403.213;244.724
571;1;Los Espinos;final;1394.674;1848.213;1394.674;408.213;283.913
572;1;Los Espinos;final;1309.672;1853.213;1309.672;413.213;257.041
573;1;Los Espinos;final;1247.046;1858.213;1247.046;418.213;234.721
574;1;Los Espinos;final;1374.644;1863.213;1374.644;423.213;306.93
575;1;Los Espinos;final;1311.955;1868.213;1311.955;428.213;262.426
576;1;Los Espinos;final;1425.642;1873.213;1425.642;433.213;289.477
576.1;1;Los Espinos;final;1484.187;2858.008;44.187;1418.008;35.676
577;1;Los Espinos;final;1438.103;1878.213;1438.103;438.213;299.008
577.1;1;Los Espinos;final;1541.427;2831.379;101.427;1391.379;71.024
578;1;Los Espinos;final;1345.358;1888.213;1345.358;448.213;243.275
579;1;Los Espinos;final;1385.894;1898.213;1385.894;458.213;302.883
579.1;1;Los Espinos;final;1540.277;2735.708;100.277;1295.708;119.218
580;1;El Conquistador;final;1218.286;1560.768;1218.286;120.768;299.742
580.1;1;El Conquistador;final;1403.436;2617.412;1403.436;1177.412;118.876
581;1;El Conquistador;final;1240.008;1599.335;1240.008;159.335;308.698
582;1;El Conquistador;final;1195.786;1637.901;1195.786;197.901;297.724
582.1;1;El Conquistador;final;1494.194;2591.712;54.194;1151.712;146.853
583;1;El Conquistador;final;1090.436;1676.468;1090.436;236.468;291.374
583.1;1;El Conquistador;final;1302.367;2503.979;1302.367;1063.979;85.41
584;1;El Conquistador;final;1270.786;1715.035;1270.786;275.035;299.742
584.1;1;El Conquistador;final;1452.354;2665.83;12.354;1225.83;122.182
585;1;El Conquistador;final;1313.353;1753.601;1313.353;313.601;298.837
585.1;1;El Conquistador;final;1418.367;2710.641;1418.367;1270.641;83.361
586;1;El Conquistador;final;1309.902;1753.635;1309.902;313.635;237.13
587;1;El Conquistador;final;1303.34;1763.635;1303.34;323.635;276.1
587.1;1;El Conquistador;final;1417.461;2717.885;1417.461;1277.885;61.31
588;1;El Conquistador;final;1355.653;1773.635;1355.653;333.635;300.921
589;1;El Conquistador;final;1358.337;1783.635;1358.337;343.635;300.212
590;1;El Conquistador;final;1287.536;1793.635;1287.536;353.635;295.035
590.1;1;El Conquistador;final;1479.02;2688.33;39.02;1248.33;122.182
591;1;El Conquistador;final;1348.603;1803.635;1348.603;363.635;298.837
592;1;El Conquistador;final;1233.036;1813.635;1233.036;373.635;279.779
593;1;El Conquistador;final;1378.911;1824.885;1378.911;384.885;306.977
594;1;El Conquistador;final;1391.761;1836.135;1391.761;396.135;306.977
595;1;El Conquistador;final;1270.008;1881.135;1270.008;441.135;247.281
596;1;El Conquistador;final;1443.161;1892.385;3.161;452.385;306.977
596.1;1;El Conquistador;final;1475.24;2785.119;35.24;1345.119;60.817
597;1;El Conquistador;final;1250.561;1903.635;1250.561;463.635;245.56
598;1;El Conquistador;final;1298.561;1942.185;1298.561;502.185;245.56
599;1;El Conquistador;final;1505.502;1993.635;65.502;553.635;314.887
600;1;El Conquistador;final;1342.702;2263.635;1342.702;823.635;174.548
601;1;El Conquistador;final;1271.844;2303.635;1271.844;863.635;122.727
602;1;El Conquistador;final;683.784;1385.119;683.784;1385.119;305.756
602.1;1;El Conquistador;final;1380.953;2134.233;1380.953;694.233;278.418
603;1;El Conquistador;final;1337.661;1415.119;1337.661;1415.119;304.183
603.1;1;El Conquistador;final;1382.134;2710.316;1382.134;1270.316;57.759
604;1;El Conquistador;final;1235.844;1735.119;1235.844;295.119;294.063
605;1;El Conquistador;final;1186.008;1745.119;1186.008;305.119;222.706
606;1;El Conquistador;final;544.534;1755.119;544.534;315.119;96.232
607;1;El Conquistador;final;1177.135;1765.119;1177.135;325.119;197.358
608;1;El Conquistador;final;1286.561;1775.119;1286.561;335.119;294.063
609;1;El Conquistador;final;1323.869;1786.369;1323.869;346.369;301.973
609.1;1;El Conquistador;final;1490.502;2680.259;50.502;1240.259;106.778
610;1;El Conquistador;final;1310.561;1808.869;1310.561;368.869;294.063
611;1;El Conquistador;final;1182.469;1820.119;1182.469;380.119;266.865
611.1;1;El Conquistador;final;1403.337;2583.145;1403.337;1143.145;121.968
612;1;El Conquistador;final;1192.469;1831.369;1192.469;391.369;266.865
613;1;El Conquistador;final;1334.022;1842.619;1334.022;402.619;290.24
613.1;1;El Conquistador;final;1515.862;2715.468;75.862;1275.468;121.438
614;1;El Conquistador;final;1322.772;1853.869;1322.772;413.869;283.923
614.1;1;El Conquistador;final;1419.629;2704.218;1419.629;1264.218;74.465
615;1;El Conquistador;final;1139.942;1865.119;1139.942;425.119;161.29
616;1;El Conquistador;final;1532.354;2459.119;92.354;1019.119;208.266
617;1;El Conquistador;final;1334.561;2471.119;1334.561;1031.119;109.813
618;1;El Conquistador;final;1346.561;2483.119;1346.561;1043.119;109.813
619;1;El Conquistador;final;1408.379;2495.119;1408.379;1055.119;146.058
620;1;El Conquistador;final;1367.002;2531.119;1367.002;1091.119;111.406
621;1;Los Espinos;final;1229.57;1769.437;1229.57;329.437;294.93
621.1;1;Los Espinos;final;1525.799;2631.041;85.799;1191.041;143.148
622;1;Los Espinos;final;1313.705;1789.437;1313.705;349.437;282.65
623;1;Los Espinos;final;1348.222;1868.187;1348.222;428.187;282.027
624;1;Los Espinos;final;1348.204;1748.213;1348.204;308.213;289.38
625;1;Los Espinos;final;1240.961;1758.213;1240.961;318.213;293.877
625.1;1;Los Espinos;final;1376.215;2593.525;1376.215;1153.525;90.272
626;1;Los Espinos;final;1319.621;1768.213;1319.621;328.213;281.128
626.1;1;Los Espinos;final;1436.577;2718.479;1436.577;1278.479;71.024
627;1;Los Espinos;final;1283.511;1778.213;1283.511;338.213;308.24
628;1;Los Espinos;final;1322.353;1788.213;1322.353;348.213;296.794
628.1;1;Los Espinos;final;1473.052;2702.471;33.052;1262.471;99.177
629;1;Los Espinos;final;1395.029;1798.213;1395.029;358.213;300.95
630;1;Los Espinos;final;1255.871;1808.213;1255.871;368.213;236.585
631;1;Los Espinos;final;1451.088;1815.713;11.088;375.713;305.581
632;1;Los Espinos;final;1350.029;1823.213;1350.029;383.213;298.915
632.1;1;Los Espinos;final;1473.283;2755.184;33.283;1315.184;67.41
633;1;Los Espinos;final;1336.773;1830.713;1336.773;390.713;286.861
633.1;1;Los Espinos;final;1497.596;2679.958;57.596;1239.958;117.417
634;1;Los Espinos;final;1442.057;1838.213;2.057;398.213;314.718
634.1;1;Los Espinos;final;1498.004;2809.763;58.004;1369.763;60.569
635;1;Los Espinos;final;1394.771;1845.713;1394.771;405.713;281.416
635.1;1;Los Espinos;final;1462.391;2779.096;22.391;1339.096;60.2
636;1;Los Espinos;final;1380.354;1853.213;1380.354;413.213;283.039
637;1;Los Espinos;final;1266.918;1860.713;1266.918;420.713;239.722
638;1;Los Espinos;final;1387.542;1868.213;1387.542;428.213;278.284
638.1;1;Los Espinos;final;1489.94;2821.542;49.94;1381.542;49.868
639;1;Los Espinos;final;1284.552;1875.713;1284.552;435.713;234.281
640;1;Los Espinos;final;1435.163;1898.213;1435.163;458.213;308.231
641;1;Santa Rosa;final;1189.565;1472.641;1189.565;32.641;303.289
641.1;1;Santa Rosa;final;1370.278;2548.125;1370.278;1108.125;99.512
642;1;Santa Rosa;final;1384.811;1813.891;1384.811;373.891;286.434
643;1;Santa Rosa;final;1429.552;1825.141;1429.552;385.141;236.65
644;1;Santa Rosa;final;1396.561;1836.391;1396.561;396.391;293.324
644.1;1;Santa Rosa;final;1460.424;2748.081;20.424;1308.081;68.72
645;1;Santa Rosa;final;1332.302;1632.081;1332.302;192.081;287.207
645.1;1;Santa Rosa;final;1462.985;2730.14;22.985;1290.14;78.938
646;1;Santa Rosa;final;1289.944;1722.081;1289.944;282.081;288.811
647;1;Santa Rosa;final;1345.461;1730.648;1345.461;290.648;302.778
647.1;1;Santa Rosa;final;1452.261;2700.831;12.261;1260.831;83.819
648;1;Santa Rosa;final;1428.787;1739.214;1428.787;299.214;308.271
648.1;1;Santa Rosa;final;1491.512;2853.58;51.512;1413.58;33.289
649;1;Santa Rosa;final;1402.802;1747.781;1402.802;307.781;314.491
650;1;Santa Rosa;final;1294.215;1756.348;1294.215;316.348;281.548
651;1;Santa Rosa;final;1276.241;1764.914;1276.241;324.914;275.76
651.1;1;Santa Rosa;final;1406.561;2682.641;1406.561;1242.641;67.844
652;1;Santa Rosa;final;1398.361;1773.481;1398.361;333.481;313.064
653;1;Santa Rosa;final;1397.521;1782.081;1397.521;342.081;308.364
654;1;Santa Rosa;final;1288.063;1814.748;1288.063;374.748;247.122
655;1;Santa Rosa;final;1423.669;1822.914;1423.669;382.914;298.225
656;1;Santa Rosa;final;1423.563;1872.081;1423.563;432.081;298.181
657;1;Los Espinos;final;1164.379;1753.72;1164.379;313.72;276.217
657.1;1;Los Espinos;final;1412.468;2561.379;1412.468;1121.379;122.076
658;1;Los Espinos;final;1327.364;1773.72;1327.364;333.72;306.876
658.1;1;Los Espinos;final;1524.207;2740.72;84.207;1300.72;99.358
659;1;Los Espinos;final;1402.323;1816.22;1402.323;376.22;309.184
659.1;1;Los Espinos;final;1448.305;2770.837;8.305;1330.837;53.893
660;1;Los Espinos;final;1387.634;1872.47;1387.634;432.47;285.683
660.1;1;Los Espinos;final;1482.499;2763.794;42.499;1323.794;73.959
661;1;Los Espinos;final;1329.194;1883.72;1329.194;443.72;258.708
662;1;Los Espinos;final;1328.936;1761.573;1328.936;321.573;302.76
662.1;1;Los Espinos;final;1394.743;2738.191;1394.743;1298.191;43.723
663;1;Los Espinos;final;1308.552;1791.573;1308.552;351.573;286.511
663.1;1;Los Espinos;final;1530.925;2651.109;90.925;1211.109;139.625
664;1;Los Espinos;final;543.567;1846.573;543.567;406.573;48.363
665;1;La Reina;final;1282.862;1734.131;1282.862;294.131;297.03
666;1;La Reina;final;1297.495;1746.131;1297.495;306.131;297.03
666.1;1;La Reina;final;1409.212;2679.131;1409.212;1239.131;74.47
667;1;La Reina;final;1279.243;1758.131;1279.243;318.131;300.873
668;1;La Reina;final;1319.295;1770.131;1319.295;330.131;296.725
669;1;La Reina;final;1182.862;1782.131;1182.862;342.131;252.274
670;1;La Reina;final;1362.895;1794.131;1362.895;354.131;297.03
671;1;La Reina;final;1373.795;1804.131;1373.795;364.131;297.03
672;1;La Reina;final;1384.695;1814.131;1384.695;374.131;297.03
673;1;La Reina;final;1395.595;1824.131;1395.595;384.131;297.03
674;1;La Reina;final;1262.862;1834.131;1262.862;394.131;252.579
675;1;La Reina;final;1379.212;1844.131;1379.212;404.131;297.03
676;1;La Reina;final;1394.212;1864.131;1394.212;424.131;297.03
677;1;La Reina;final;1479.438;1917.881;39.438;477.881;313.671
678;1;La Reina;final;1351.995;1929.131;1351.995;489.131;252.274
679;1;Vespucio Norte;final;700.117;1434.396;700.117;1434.396;303.907
679.1;1;Vespucio Norte;final;1353.346;2128.761;1353.346;688.761;233.316
680;1;Vespucio Norte;intermedia;660.867;684.0;660.867;684.0;276.624
680;2;Vespucio Norte;intermedia;1016.389;1026.0;1016.389;1026.0;96.05
680;3;Vespucio Norte;final;1086.031;1454.396;1086.031;14.396;20.465
680.1;1;Vespucio Norte;final;1321.868;2504.436;1321.868;1064.436;85.103
681;1;Vespucio Norte;intermedia;881.672;906.0;881.672;906.0;272.248
681;2;Vespucio Norte;final;1220.039;1474.396;1220.039;34.396;112.038
681.1;1;Vespucio Norte;final;1554.789;2601.786;114.789;1161.786;176.454
682;1;Vespucio Norte;final;907.051;1494.396;907.051;54.396;295.549
682.1;1;Vespucio Norte;final;1524.639;2371.379;84.639;931.379;207.24
683;1;Vespucio Norte;final;1124.723;1674.262;1124.723;234.262;266.2
683.1;1;Vespucio Norte;final;1356.143;2562.829;1356.143;1122.829;94.124
684;1;Vespucio Norte;final;1275.489;1764.196;1275.489;324.196;283.288
685;1;Vespucio Norte;final;1265.413;1764.396;1265.413;324.396;285.629
685.1;1;Vespucio Norte;final;1428.396;2695.913;1428.396;1255.913;78.845
686;1;Vespucio Norte;final;1111.056;1771.896;1111.056;331.896;225.308
687;1;Vespucio Norte;final;1295.689;1779.396;1295.689;339.396;283.288
687.1;1;Vespucio Norte;final;1514.856;2731.896;74.856;1291.896;96.05
688;1;Vespucio Norte;final;1278.617;1786.896;1278.617;346.896;265.655
689;1;Vespucio Norte;final;1249.789;1794.396;1249.789;354.396;260.947
689.1;1;Vespucio Norte;final;1474.856;2686.896;34.856;1246.896;96.05
690;1;Vespucio Norte;final;1368.396;1801.896;1368.396;361.896;312.96
690.1;1;Vespucio Norte;final;1491.813;2800.298;51.813;1360.298;56.171
691;1;Vespucio Norte;final;1396.923;1809.396;1396.923;369.396;301.839
691.1;1;Vespucio Norte;final;1593.743;2834.396;153.743;1394.396;94.124
692;1;Vespucio Norte;final;1265.123;1816.896;1265.123;376.896;245.996
693;1;Vespucio Norte;final;1198.389;1824.396;1198.389;384.396;227.444
694;1;Vespucio Norte;final;1196.734;1831.896;1196.734;391.896;209.812
695;1;Vespucio Norte;final;1404.784;1839.396;1404.784;399.396;301.295
696;1;Vespucio Norte;final;1305.689;1846.896;1305.689;406.896;263.084
696.1;1;Vespucio Norte;final;1528.189;2743.146;88.189;1303.146;96.05
697;1;Vespucio Norte;final;1232.656;1854.396;1232.656;414.396;227.444
698;1;Vespucio Norte;final;1334.455;1861.896;1334.455;421.896;274.31
698.1;1;Vespucio Norte;final;1457.922;2714.869;17.922;1274.869;87.4
699;1;Vespucio Norte;final;1175.056;1869.396;1175.056;429.396;207.24
700;1;Vespucio Norte;final;1371.223;1876.896;1371.223;436.896;283.288
700.1;1;Vespucio Norte;final;1567.077;2807.729;127.077;1367.729;94.124
701;1;Vespucio Norte;final;1247.131;1884.396;1247.131;444.396;221.084
702;1;Vespucio Norte;final;1353.867;1891.896;1353.867;451.896;265.655
703;1;Vespucio Norte;final;1341.017;1899.396;1341.017;459.396;247.588
704;1;Vespucio Norte;final;1404.739;1906.896;1404.739;466.896;270.144
704.1;1;Vespucio Norte;final;1550.359;2837.924;110.359;1397.924;69.266
705;1;Vespucio Norte;final;1490.373;1914.396;50.373;474.396;313.665
706;1;Vespucio Norte;final;1354.81;2535.762;1354.81;1095.762;94.124
707;1;Vespucio Norte;final;1580.41;2544.329;140.41;1104.329;187.743
708;1;Vespucio Norte;final;1553.743;2544.396;113.743;1104.396;187.743
709;1;Vespucio Norte;intermedia;582.946;587.0;582.946;587.0;292.473
709;2;Vespucio Norte;intermedia;693.112;721.0;693.112;721.0;34.311
709;3;Vespucio Norte;final;901.346;1338.243;901.346;1338.243;69.951
709.1;1;Vespucio Norte;final;1297.493;2351.654;1297.493;911.654;135.571
710;1;Vespucio Norte;intermedia;997.73;1043.0;997.73;1043.0;309.355
710;2;Vespucio Norte;final;1355.18;1358.243;1355.18;1358.243;116.183
710.1;1;Vespucio Norte;final;1456.214;2774.707;16.214;1334.707;54.309
711;1;Vespucio Norte;final;887.395;1378.243;887.395;1378.243;313.762
711.1;1;Vespucio Norte;final;1265.311;2298.684;1265.311;858.684;133.178
712;1;Vespucio Norte;final;414.052;1398.243;414.052;1398.243;224.059
713;1;Vespucio Norte;final;1204.473;1675.743;1204.473;235.743;283.738
713.1;1;Vespucio Norte;final;1391.089;2640.396;1391.089;1200.396;73.709
714;1;Vespucio Norte;final;582.745;1683.243;582.745;243.243;131.486
715;1;Vespucio Norte;final;1327.317;1698.243;1327.317;258.243;314.067
716;1;Vespucio Norte;final;1249.714;1705.743;1249.714;265.743;305.261
716.1;1;Vespucio Norte;final;1488.562;2679.654;48.562;1239.654;92.955
717;1;Vespucio Norte;final;1258.017;1720.743;1258.017;280.743;293.38
718;1;Vespucio Norte;final;1215.167;1728.243;1215.167;288.243;263.486
718.1;1;Vespucio Norte;final;1448.31;2654.996;8.31;1214.996;94.124
719;1;Vespucio Norte;final;1254.223;1743.243;1254.223;303.243;275.856
719.1;1;Vespucio Norte;final;1439.051;2687.957;1439.051;1247.957;79.378
720;1;Vespucio Norte;final;1111.034;1750.743;1111.034;310.743;229.654
721;1;Vespucio Norte;final;1131.034;1765.743;1131.034;325.743;229.654
722;1;Vespucio Norte;final;1355.689;1773.243;1355.689;333.243;293.924
723;1;Vespucio Norte;final;1240.143;1780.743;1240.143;340.743;262.104
724;1;Vespucio Norte;final;1288.017;1850.91;1288.017;410.91;259.548
725;1;Vespucio Norte;final;1248.017;1859.077;1248.017;419.077;237.536
726;1;Vespucio Norte;final;1270.206;1867.243;1270.206;427.243;241.69
726.1;1;Vespucio Norte;final;1482.427;2709.396;42.427;1269.396;94.124
727;1;Vespucio Norte;final;1171.034;1908.243;1171.034;468.243;199.761
728;1;Los Espinos;final;1239.712;1746.438;1239.712;306.438;291.869
728.1;1;Los Espinos;final;1314.795;2611.438;1314.795;1171.438;74.237
729;1;Los Espinos;final;1266.871;1753.938;1266.871;313.938;298.845
729.1;1;Los Espinos;final;1461.036;2669.971;21.036;1229.971;103.505
730;1;Los Espinos;final;1400.437;1761.438;1400.437;321.438;276.119
731;1;Los Espinos;final;1209.03;1768.938;1209.03;328.938;294.299
731.1;1;Los Espinos;final;1481.436;2629.865;41.436;1189.865;123.228
732;1;Los Espinos;final;1149.694;1776.438;1149.694;336.438;278.484
732.1;1;Los Espinos;final;1281.981;2499.292;1281.981;1059.292;90.272
733;1;Los Espinos;final;1217.612;1783.938;1217.612;343.938;280.88
733.1;1;Los Espinos;final;1294.795;2591.438;1294.795;1151.438;74.237
734;1;Los Espinos;final;1323.934;1807.288;1323.934;367.288;312.76
734.1;1;Los Espinos;final;1480.896;2689.466;40.896;1249.466;127.094
735;1;Los Espinos;final;1368.605;1865.404;1368.605;425.404;298.845
736;1;Los Espinos;final;1116.718;1729.466;1116.718;289.466;292.296
736.1;1;Los Espinos;final;1380.202;2465.153;1380.202;1025.153;142.212
737;1;Los Espinos;final;1274.795;1735.466;1274.795;295.466;241.217
738;1;Los Espinos;final;1246.606;1741.466;1246.606;301.466;284.537
738.1;1;Los Espinos;final;1312.017;2619.738;1312.017;1179.738;64.404
739;1;Los Espinos;final;1188.2;1747.466;1188.2;307.466;293.473
739.1;1;Los Espinos;final;1403.652;2555.066;1403.652;1115.066;133.914
740;1;Los Espinos;final;1214.795;1753.466;1214.795;313.466;292.986
740.1;1;Los Espinos;final;1472.684;2580.842;32.684;1140.842;178.302
741;1;Los Espinos;final;1215.117;1759.466;1215.117;319.466;293.473
741.1;1;Los Espinos;final;1487.794;2583.566;47.794;1143.566;159.411
742;1;Los Espinos;final;1268.912;1765.466;1268.912;325.466;313.362
742.1;1;Los Espinos;final;1413.052;2646.221;1413.052;1206.221;99.177
743;1;Los Espinos;final;1377.938;1771.466;1377.938;331.466;314.22
743.1;1;Los Espinos;final;1492.549;2745.756;52.549;1305.756;77.37
744;1;Los Espinos;final;1234.795;1777.466;1234.795;337.466;292.986
744.1;1;Los Espinos;final;1464.721;2600.842;24.721;1160.842;160.8
745;1;Los Espinos;final;1332.072;1800.699;1332.072;360.699;284.537
745.1;1;Los Espinos;final;1415.121;2698.394;1415.121;1258.394;68.837
746;1;Los Espinos;final;535.912;1823.166;535.912;383.166;65.005
747;1;Los Espinos;final;1532.684;1840.016;92.684;400.016;311.975
748;1;Los Espinos;final;1239.681;1845.633;1239.681;405.633;266.9
749;1;Los Espinos;final;1302.471;1879.466;1302.471;439.466;245.583
750;1;Los Espinos;final;528.336;1726.846;528.336;286.846;98.692
751;1;Los Espinos;final;1271.955;1746.846;1271.955;306.846;288.925
751.1;1;Los Espinos;final;1493.655;2646.644;53.655;1206.644;122.878
752;1;Los Espinos;final;1215.254;1766.846;1215.254;326.846;171.954
753;1;Los Espinos;final;1302.572;1774.346;1302.572;334.346;280.455
753.1;1;Los Espinos;final;1475.374;2708.213;35.374;1268.213;95.712
754;1;Los Espinos;final;1271.379;1789.346;1271.379;349.346;274.653
755;1;Los Espinos;final;1358.063;1796.846;1358.063;356.846;305.207
755.1;1;Los Espinos;final;1521.427;2708.554;81.427;1268.554;119.063
756;1;Los Espinos;final;1283.554;1804.346;1283.554;364.346;263.189
756.1;1;Los Espinos;final;1467.704;2667.696;27.704;1227.696;105.096
757;1;Los Espinos;final;1380.852;1811.846;1380.852;371.846;308.361
757.1;1;Los Espinos;final;1513.004;2722.359;73.004;1282.359;105.881
758;1;Los Espinos;final;1384.756;1819.346;1384.756;379.346;294.565
759;1;Los Espinos;final;1376.623;1892.846;1376.623;452.846;289.131
759.1;1;Los Espinos;final;1522.839;2746.188;82.839;1306.188;105.894
760;1;Los Espinos;final;1355.802;1737.696;1355.802;297.696;305.861
761;1;Los Espinos;final;1339.405;1745.196;1339.405;305.196;309.053
762;1;Los Espinos;final;1376.925;1752.696;1376.925;312.696;297.637
762.1;1;Los Espinos;final;1470.642;2813.008;30.642;1373.008;49.928
763;1;Los Espinos;final;1155.955;1760.196;1155.955;320.196;231.026
764;1;Los Espinos;final;1300.257;1767.696;1300.257;327.696;289.842
764.1;1;Los Espinos;final;1499.705;2668.071;59.705;1228.071;124.132
765;1;Los Espinos;final;1321.354;1775.196;1321.354;335.196;293.459
766;1;Los Espinos;final;1326.555;1782.696;1326.555;342.696;304.916
766.1;1;Los Espinos;final;1521.036;2738.213;81.036;1298.213;107.934
767;1;Los Espinos;final;1377.955;1790.196;1377.955;350.196;307.874
768;1;Los Espinos;final;1418.752;1804.612;1418.752;364.612;307.201
768.1;1;Los Espinos;final;1512.684;2804.971;72.684;1364.971;72.498
769;1;Los Espinos;final;1217.486;1811.529;1217.486;371.529;229.808
770;1;Los Espinos;final;1297.035;1825.362;1297.035;385.362;265.76
771;1;Los Espinos;final;1396.523;1832.279;1396.523;392.279;304.219
771.1;1;Los Espinos;final;1536.048;2750.708;96.048;1310.708;110.954
772;1;Los Espinos;final;1225.038;1853.029;1225.038;413.029;207.834
773;1;Los Espinos;final;1483.355;1859.946;43.355;419.946;310.508
774;1;Los Espinos;final;1364.371;1866.862;1364.371;426.862;260.521
775;1;Los Espinos;final;1312.06;1887.696;1312.06;447.696;253.178
776;1;Los Espinos;final;1281.379;2527.696;1281.379;1087.696;80.891
777;1;Los Espinos;final;125.231;1368.849;125.231;1368.849;100.881
778;1;Los Espinos;final;348.731;1388.849;348.731;1388.849;205.053
779;1;Los Espinos;final;375.731;1408.849;375.731;1408.849;205.053
780;1;Los Espinos;final;402.731;1428.849;402.731;1428.849;205.053
781;1;Los Espinos;final;429.731;1455.849;429.731;15.849;205.053
782;1;Los Espinos;final;654.324;1400.053;654.324;1400.053;307.488
782.1;1;Los Espinos;final;1408.394;2015.708;1408.394;575.708;266.822
783;1;Los Espinos;final;708.785;1420.053;708.785;1420.053;311.222
783.1;1;Los Espinos;final;1361.072;2084.359;1361.072;644.359;227.714
784;1;Los Espinos;final;804.554;1440.053;804.554;0.053;308.445
784.1;1;Los Espinos;final;1511.207;2247.646;71.207;807.646;230.652
785;1;Los Espinos;final;1056.354;1460.053;1056.354;20.053;290.286
785.1;1;Los Espinos;final;1505.437;2462.212;65.437;1022.212;186.115
786;1;Los Espinos;final;864.554;1487.053;864.554;47.053;308.445
786.1;1;Los Espinos;final;1364.936;2310.196;1364.936;870.196;169.335
787;1;Santa Rosa;final;1168.665;1741.937;1168.665;301.937;311.456
787.1;1;Santa Rosa;final;1495.142;2481.118;55.142;1041.118;195.25
788;1;Santa Rosa;final;564.931;1746.937;564.931;306.937;112.951
789;1;Santa Rosa;final;1248.575;1751.937;1248.575;311.937;294.017
789.1;1;Santa Rosa;final;1431.155;2643.055;1431.155;1203.055;106.708
790;1;Santa Rosa;final;576.631;1756.937;576.631;316.937;112.951
791;1;Santa Rosa;final;1237.775;1761.937;1237.775;321.937;302.178
791.1;1;Santa Rosa;final;1417.375;2635.537;1417.375;1195.537;106.651
792;1;Santa Rosa;final;1168.775;1766.937;1168.775;326.937;277.197
792.1;1;Santa Rosa;final;1490.565;2563.055;50.565;1123.055;163.969
793;1;Santa Rosa;final;1192.665;1771.937;1192.665;331.937;298.567
794;1;Santa Rosa;final;524.375;1776.937;524.375;336.937;81.906
795;1;Santa Rosa;final;603.931;1781.937;603.931;341.937;112.951
796;1;Santa Rosa;final;1274.723;1786.937;1274.723;346.937;287.424
797;1;Santa Rosa;final;611.731;1791.937;611.731;351.937;112.951
798;1;Santa Rosa;final;1216.665;1796.937;1216.665;356.937;311.456
798.1;1;Santa Rosa;final;1281.608;2530.468;1281.608;1090.468;84.356
799;1;Santa Rosa;final;1294.723;1801.937;1294.723;361.937;300.313
800;1;Santa Rosa;final;1233.801;1813.17;1233.801;373.17;304.678
800.1;1;Santa Rosa;final;1507.725;2553.875;67.725;1113.875;190.934
801;1;Santa Rosa;final;1376.558;1891.937;1376.558;451.937;298.964
802;1;Los Espinos;final;1142.092;1789.763;1142.092;349.763;300.882
802.1;1;Los Espinos;final;1311.789;2495.642;1311.789;1055.642;92.665
803;1;Los Espinos;final;1286.241;1803.597;1286.241;363.597;280.067
803.1;1;Los Espinos;final;1521.323;2655.221;81.323;1215.221;145.326
804;1;Los Espinos;final;1265.249;1744.362;1265.249;304.362;296.293
805;1;Los Espinos;final;1234.208;1751.029;1234.208;311.029;290.115
805.1;1;Los Espinos;final;1361.659;2620.709;1361.659;1180.709;78.812
806;1;Los Espinos;final;1312.78;1757.696;1312.78;317.696;314.099
806.1;1;Los Espinos;final;1508.132;2659.388;68.132;1219.388;125.219
807;1;Los Espinos;final;1308.322;1771.029;1308.322;331.029;290.072
808;1;Los Espinos;final;1311.073;1777.696;1311.073;337.696;295.261
808.1;1;Los Espinos;final;1465.277;2654.258;25.277;1214.258;119.218
809;1;Los Espinos;final;1288.557;1784.362;1288.557;344.362;211.265
810;1;Los Espinos;final;1229.221;1791.029;1229.221;351.029;284.867
810.1;1;Los Espinos;final;1498.103;2617.696;58.103;1177.696;134.408
811;1;Los Espinos;final;1398.121;1797.696;1398.121;357.696;291.618
812;1;Los Espinos;final;1183.017;1809.696;1183.017;369.696;276.63
812.1;1;Los Espinos;final;1517.163;2567.287;77.163;1127.287;156.933
813;1;Los Espinos;final;1354.675;1815.696;1354.675;375.696;300.278
814;1;Los Espinos;final;1335.331;1821.696;1335.331;381.696;287.658
815;1;Los Espinos;final;1203.967;1827.696;1203.967;387.696;256.904
816;1;Los Espinos;final;1172.125;1839.696;1172.125;399.696;228.479
817;1;Los Espinos;final;1408.307;1851.696;1408.307;411.696;300.768
817.1;1;Los Espinos;final;1468.004;2779.763;28.004;1339.763;60.569
818;1;Los Espinos;final;1152.092;1881.696;1152.092;441.696;266.149
819;1;Los Espinos;final;1348.524;1887.696;1348.524;447.696;291.071
819.1;1;Los Espinos;final;1412.472;2692.808;1412.472;1252.808;75.245
820;1;Los Espinos;final;1237.732;1768.061;1237.732;328.061;296.865
821;1;Los Espinos;final;1293.682;1776.628;1293.682;336.628;307.419
821.1;1;Los Espinos;final;1371.934;2637.363;1371.934;1197.363;78.304
822;1;Los Espinos;final;1321.227;1785.194;1321.227;345.194;309.234
822.1;1;Los Espinos;final;1365.029;2661.391;1365.029;1221.391;65.049
823;1;Los Espinos;final;1219.584;1793.761;1219.584;353.761;266.854
823.1;1;Los Espinos;final;1368.932;2601.287;1368.932;1161.287;78.281
824;1;Los Espinos;final;1381.823;1793.794;1381.823;353.794;312.704
824.1;1;Los Espinos;final;1431.172;2753.704;1431.172;1313.704;53.893
825;1;Los Espinos;final;1225.884;1800.711;1225.884;360.711;265.788
825.1;1;Los Espinos;final;1487.058;2607.287;47.058;1167.287;133.029
826;1;Los Espinos;final;1257.384;1807.628;1257.384;367.628;265.976
827;1;Los Espinos;final;1263.789;1869.878;1263.789;429.878;248.904
828;1;Los Espinos;final;1386.903;1883.794;1386.903;443.794;309.602
828.1;1;Los Espinos;final;1524.139;2768.325;84.139;1328.325;86.812
829;1;Los Espinos;final;1203.017;1717.363;1203.017;277.363;300.144
829.1;1;Los Espinos;final;1356.932;2589.287;1356.932;1149.287;78.281
830;1;Los Espinos;final;1229.522;1722.363;1229.522;282.363;292.467
830.1;1;Los Espinos;final;1348.546;2606.161;1348.546;1166.161;72.977
831;1;Los Espinos;final;1133.651;1727.363;1133.651;287.363;287.646
831.1;1;Los Espinos;final;1271.511;2538.657;1271.511;1098.657;75.757
832;1;Los Espinos;final;1302.47;1732.363;1302.47;292.363;308.821
832.1;1;Los Espinos;final;1501.781;2679.847;61.781;1239.847;112.396
833;1;Los Espinos;final;1247.555;1737.363;1247.555;297.363;312.34
834;1;Los Espinos;final;1238.524;1742.363;1238.524;302.363;300.904
834.1;1;Los Espinos;final;1388.552;2613.763;1388.552;1173.763;80.693
835;1;Los Espinos;final;1271.424;1747.363;1271.424;307.363;302.92
835.1;1;Los Espinos;final;1448.013;2615.708;8.013;1175.708;117.417
836;1;Los Espinos;final;1112.967;1752.363;1112.967;312.363;273.294
836.1;1;Los Espinos;final;1370.572;2517.103;1370.572;1077.103;105.45
837;1;Los Espinos;final;1332.353;1757.363;1332.353;317.363;309.649
837.1;1;Los Espinos;final;1425.281;2724.921;1425.281;1284.921;64.248
838;1;Los Espinos;final;1278.484;1767.363;1278.484;327.363;303.794
838.1;1;Los Espinos;final;1464.472;2662.987;24.472;1222.987;105.45
839;1;Los Espinos;final;1243.017;1772.363;1243.017;332.363;299.267
839.1;1;Los Espinos;final;1392.932;2625.287;1392.932;1185.287;78.281
840;1;Los Espinos;final;1350.484;1777.363;1350.484;337.363;304.993
841;1;Los Espinos;final;1266.651;1783.363;1266.651;343.363;300.333
841.1;1;Los Espinos;final;1388.213;2651.12;1388.213;1211.12;75.176
842;1;Los Espinos;final;876.225;1789.363;876.225;349.363;159.335
843;1;Los Espinos;final;1223.017;1801.363;1223.017;361.363;288.712
843.1;1;Los Espinos;final;1356.38;2604.487;1356.38;1164.487;75.176
844;1;Los Espinos;final;1282.482;1807.363;1282.482;367.363;280.658
845;1;Los Espinos;final;1342.107;1867.363;1342.107;427.363;278.743
846;1;Los Espinos;final;1352.675;1879.363;1352.675;439.363;299.607
847;1;Los Espinos;final;1337.791;1885.363;1337.791;445.363;299.607
847.1;1;Los Espinos;final;1491.758;2710.654;51.758;1270.654;90.082
848;1;Los Espinos;final;1365.699;1891.363;1365.699;451.363;285.952
848.1;1;Los Espinos;final;1432.701;2707.363;1432.701;1267.363;78.304
849;1;Los Espinos;final;1351.175;2447.863;1351.175;1007.863;132.258
850;1;Los Espinos;final;676.824;1403.794;676.824;1403.794;295.576
850.1;1;Los Espinos;final;1324.733;2045.708;1324.733;605.708;199.826
851;1;Los Espinos;intermedia;829.391;852.0;829.391;852.0;296.89
851;2;Los Espinos;final;1032.307;1423.794;1032.307;1423.794;76.497
851.1;1;Los Espinos;final;1254.48;2375.708;1254.48;935.708;117.417
852;1;Los Espinos;final;1081.29;1463.794;1081.29;23.794;305.319
852.1;1;Los Espinos;final;1276.707;2426.056;1276.707;986.056;101.746
853;1;Los Espinos;final;699.572;1387.363;699.572;1387.363;277.887
853.1;1;Los Espinos;final;1414.602;2105.794;1414.602;665.794;269.402
854;1;Los Espinos;final;870.867;1417.363;870.867;1417.363;305.194
854.1;1;Los Espinos;final;1318.23;2307.287;1318.23;867.287;153.453
855;1;Los Espinos;final;767.949;1447.363;767.949;7.363;283.896
855.1;1;Los Espinos;final;1284.03;2125.363;1284.03;685.363;195.176
856;1;Los Espinos;final;924.463;1403.995;924.463;1403.995;307.806
856.1;1;Los Espinos;final;1485.267;2297.754;45.267;857.754;226.343
857;1;Los Espinos;final;917.827;1423.995;917.827;1423.995;300.658
857.1;1;Los Espinos;final;1319.221;2278.208;1319.221;838.208;154.477
858;1;Los Espinos;final;974.882;1443.995;974.882;3.995;306.062
858.1;1;Los Espinos;final;1539.817;2334.363;99.817;894.363;238.337
859;1;Los Espinos;final;1280.032;1753.995;1280.032;313.995;302.771
860;1;Los Espinos;final;1275.967;1773.995;1275.967;333.995;291.063
860.1;1;Los Espinos;final;1491.323;2654.678;51.323;1214.678;129.709
861;1;Los Espinos;final;1278.204;1793.995;1278.204;353.995;257.743
862;1;Los Espinos;final;1373.682;1802.161;1373.682;362.161;304.565
863;1;Los Espinos;final;1198.425;1810.328;1198.425;370.328;269.051
864;1;Los Espinos;final;1395.13;1818.495;1395.13;378.495;311.286
865;1;Los Espinos;final;1385.177;1875.661;1385.177;435.661;297.173
865.1;1;Los Espinos;final;1421.345;2726.391;1421.345;1286.391;65.049
866;1;Los Espinos;final;1379.739;1883.828;1379.739;443.828;293.634
866.1;1;Los Espinos;final;1509.953;2753.794;69.953;1313.794;87.574
867;1;Los Espinos;final;1436.63;1883.995;1436.63;443.995;232.113
868;1;Los Espinos;final;1056.775;1388.554;1056.775;1388.554;290.97
868.1;1;Los Espinos;final;1374.692;2493.008;1374.692;1053.008;109.646
869;1;Los Espinos;final;1075.85;1418.554;1075.85;1418.554;293.235
869.1;1;Los Espinos;final;1373.881;2467.716;1373.881;1027.716;161.452
870;1;Los Espinos;final;1272.355;1730.554;1272.355;290.554;301.231
870.1;1;Los Espinos;final;1370.913;2646.845;1370.913;1206.845;72.977
871;1;Los Espinos;final;1272.484;1742.554;1272.484;302.554;292.378
871.1;1;Los Espinos;final;1466.967;2657.287;26.967;1217.287;109.388
872;1;Los Espinos;final;1308.484;1754.554;1308.484;314.554;307.923
872.1;1;Los Espinos;final;1499.817;2692.62;59.817;1252.62;105.908
873;1;Los Espinos;final;1329.075;1766.554;1329.075;326.554;300.429
873.1;1;Los Espinos;final;1496.207;2709.521;56.207;1269.521;106.713
874;1;Los Espinos;final;537.739;1786.721;537.739;346.721;71.871
875;1;Los Espinos;final;1310.784;1794.888;1310.784;354.888;299.355
875.1;1;Los Espinos;final;1501.234;2697.287;61.234;1257.287;109.388
876;1;Los Espinos;final;1319.639;1803.054;1319.639;363.054;289.058
876.1;1;Los Espinos;final;1508.166;2667.108;68.166;1227.108;127.57
877;1;Los Espinos;final;1283.682;1811.221;1283.682;371.221;272.823
878;1;Los Espinos;final;1367.504;1819.388;1367.504;379.388;304.253
879;1;Los Espinos;final;1306.622;1835.721;1306.622;395.721;284.415
879.1;1;Los Espinos;final;1409.463;2685.395;1409.463;1245.395;72.977
880;1;Los Espinos;final;1349.771;1843.888;1349.771;403.888;296.122
881;1;Los Espinos;final;1411.934;1860.221;1411.934;420.221;306.306
881.1;1;Los Espinos;final;1525.266;2795.82;85.266;1355.82;77.404
882;1;Los Espinos;final;1411.989;1868.554;1411.989;428.554;297.225
882.1;1;Los Espinos;final;1488.166;2818.213;48.166;1378.213;52.399
883;1;Los Espinos;final;1409.867;2470.721;1409.867;1030.721;144.775
884;1;Los Espinos;final;1529.163;2479.938;89.163;1039.938;192.319
885;1;Los Espinos;final;1366.98;2507.121;1366.98;1067.121;114.043
886;1;Los Espinos;final;731.339;1399.763;731.339;1399.763;286.827
886.1;1;Los Espinos;final;1560.802;2165.245;120.802;725.245;283.724
887;1;Los Espinos;final;812.086;1429.763;812.086;1429.763;297.162
887.1;1;Los Espinos;final;1155.941;2218.658;1155.941;778.658;117.94
888;1;Los Espinos;final;505.836;1759.763;505.836;319.763;78.975
889;1;Los Espinos;final;1269.227;1774.763;1269.227;334.763;289.083
889.1;1;Los Espinos;final;1492.839;2615.708;52.839;1175.708;144.439
890;1;Los Espinos;final;1405.21;1789.763;1405.21;349.763;302.321
891;1;Los Espinos;final;962.987;1407.696;962.987;1407.696;295.949
891.1;1;Los Espinos;final;1275.254;2371.379;1275.254;931.379;116.319
892;1;Los Espinos;final;859.113;1437.696;859.113;1437.696;310.326
892.1;1;Los Espinos;final;1432.614;2256.846;1432.614;816.846;217.953
893;1;Los Espinos;final;1375.621;1742.696;1375.621;302.696;290.853
894;1;Los Espinos;final;1290.98;1747.696;1290.98;307.696;314.719
894.1;1;Los Espinos;final;1356.689;2636.554;1356.689;1196.554;71.871
895;1;Los Espinos;final;1346.651;1752.696;1346.651;312.696;300.858
896;1;Los Espinos;final;1323.571;1757.696;1323.571;317.696;294.492
896.1;1;Los Espinos;final;1495.832;2709.696;55.832;1269.696;104.374
897;1;Los Espinos;final;1300.368;1762.696;1300.368;322.696;303.811
898;1;Los Espinos;final;1361.379;1767.696;1361.379;327.696;311.44
898.1;1;Los Espinos;final;1513.791;2696.796;73.791;1256.796;114.03
899;1;Los Espinos;final;1258.204;1772.696;1258.204;332.696;268.568
900;1;Los Espinos;final;1146.272;1777.696;1146.272;337.696;280.137
900.1;1;Los Espinos;final;1517.107;2522.561;77.107;1082.561;183.57
901;1;Los Espinos;final;1344.021;1782.696;1344.021;342.696;308.364
901.1;1;Los Espinos;final;1408.103;2727.696;1408.103;1287.696;55.769
902;1;Los Espinos;final;1280.368;1787.696;1280.368;347.696;266.04
903;1;Los Espinos;final;1332.552;1792.696;1332.552;352.696;293.626
903.1;1;Los Espinos;final;1526.535;2673.609;86.535;1233.609;126.004
904;1;Los Espinos;final;1308.022;1797.696;1308.022;357.696;309.936
904.1;1;Los Espinos;final;1379.575;2685.194;1379.575;1245.194;59.449
905;1;Los Espinos;final;1298.854;1804.112;1298.854;364.112;285.911
906;1;Los Espinos;final;1357.091;1810.529;1357.091;370.529;287.83
906.1;1;Los Espinos;final;1502.041;2705.708;62.041;1265.708;116.834
907;1;Los Espinos;final;1205.954;1823.362;1205.954;383.362;210.214
908;1;Los Espinos;final;1352.701;1829.779;1352.701;389.779;297.582
909;1;Los Espinos;final;1301.379;1842.612;1301.379;402.612;269.59
910;1;Los Espinos;final;1289.489;1849.029;1289.489;409.029;271.012
911;1;Los Espinos;final;1201.842;1861.862;1201.842;421.862;209.506
912;1;Los Espinos;final;1247.336;1874.696;1247.336;434.696;298.418
912.1;1;Los Espinos;final;1498.355;2630.709;58.355;1190.709;137.678
913;1;Los Espinos;final;1393.204;1887.696;1393.204;447.696;290.849
913.1;1;Los Espinos;final;1511.963;2779.096;71.963;1339.096;80.891
914;1;Los Espinos;final;1371.058;1808.789;1371.058;368.789;297.745
914.1;1;Los Espinos;final;1435.992;2804.408;1435.992;1364.408;26.07
915;1;Los Espinos;final;1353.275;1821.639;1353.275;381.639;284.622
915.1;1;Los Espinos;final;1455.674;2787.275;15.674;1347.275;49.868
916;1;Los Espinos;final;1299.967;1873.039;1299.967;433.039;270.434
917;1;Los Espinos;final;1401.701;1898.789;1401.701;458.789;292.55
918;1;Los Espinos;final;1221.427;1737.696;1221.427;297.696;298.134
918.1;1;Los Espinos;final;1281.929;2568.391;1281.929;1128.391;65.049
919;1;Los Espinos;final;1263.621;1752.696;1263.621;312.696;251.814
920;1;Los Espinos;final;1284.932;1767.696;1284.932;327.696;303.545
920.1;1;Los Espinos;final;1442.499;2628.613;2.499;1188.613;116.456
921;1;Los Espinos;final;1383.466;1782.696;1383.466;342.696;310.276
921.1;1;Los Espinos;final;1563.363;2749.763;123.363;1309.763;115.004
922;1;Los Espinos;final;1391.089;1797.696;1391.089;357.696;310.918
922.1;1;Los Espinos;final;1460.85;2796.573;20.85;1356.573;48.363
923;1;Los Espinos;final;1365.105;1820.196;1365.105;380.196;300.346
923.1;1;Los Espinos;final;1494.721;2766.573;54.721;1326.573;73.862
924;1;Los Espinos;final;1418.904;1842.696;1418.904;402.696;299.502
924.1;1;Los Espinos;final;1546.229;2813.362;106.229;1373.362;80.891
925;1;Los Espinos;final;1382.353;1865.196;1382.353;425.196;289.158
926;1;Los Espinos;final;550.836;1876.446;550.836;436.446;44.862
927;1;Los Espinos;final;1321.554;1887.696;1321.554;447.696;254.014
928;1;Los Espinos;final;1177.486;2517.696;1177.486;1077.696;44.862
929;1;Los Espinos;final;543.136;1399.521;543.136;1399.521;216.241
930;1;Los Espinos;final;819.572;1429.521;819.572;1429.521;304.483
930.1;1;Los Espinos;final;1518.367;2219.794;78.367;779.794;269.268
931;1;Los Espinos;final;558.755;1755.221;558.755;315.221;105.894
932;1;Los Espinos;final;1263.967;1772.354;1263.967;332.354;286.163
933;1;Los Espinos;final;1251.832;1780.921;1251.832;340.921;298.706
933.1;1;Los Espinos;final;1427.432;2593.363;1427.432;1153.363;116.456
934;1;Los Espinos;final;1400.671;1789.488;1400.671;349.488;312.063
935;1;Los Espinos;final;1253.702;1789.521;1253.702;349.521;278.072
936;1;Los Espinos;final;1363.208;1804.521;1363.208;364.521;301.298
936.1;1;Los Espinos;final;1532.107;2737.128;92.107;1297.128;107.581
937;1;Los Espinos;final;1362.121;1872.021;1362.121;432.021;267.222
938;1;Los Espinos;final;1329.166;1879.521;1329.166;439.521;307.927
938.1;1;Los Espinos;final;1477.839;2706.621;37.839;1266.621;104.102
939;1;Los Espinos;final;889.202;1385.708;889.202;1385.708;287.92
939.1;1;Los Espinos;final;1357.634;2238.059;1357.634;798.059;177.252
940;1;Los Espinos;final;1113.799;1415.708;1113.799;1415.708;310.132
940.1;1;Los Espinos;final;1545.055;2489.763;105.055;1049.763;207.428
941;1;Los Espinos;final;683.551;1445.708;683.551;5.708;274.987
941.1;1;Los Espinos;final;1517.058;2129.453;77.058;689.453;286.677
942;1;Los Espinos;final;1176.627;1670.542;1176.627;230.542;304.816
943;1;Los Espinos;final;1305.691;1723.208;1305.691;283.208;312.601
943.1;1;Los Espinos;final;1505.132;2654.258;65.132;1214.258;129.498
944;1;Los Espinos;final;1310.936;1730.708;1310.936;290.708;302.069
944.1;1;Los Espinos;final;1380.021;2720.789;1380.021;1280.789;44.418
945;1;Los Espinos;final;1365.389;1738.208;1365.389;298.208;309.531
945.1;1;Los Espinos;final;1528.707;2768.213;88.707;1328.213;95.712
946;1;Los Espinos;final;1207.486;1745.708;1207.486;305.708;254.132
947;1;Los Espinos;final;1218.208;1760.708;1218.208;320.708;270.875
947.1;1;Los Espinos;final;1331.659;2590.709;1331.659;1150.709;78.812
948;1;Los Espinos;final;1329.221;1768.208;1329.221;328.208;283.664
948.1;1;Los Espinos;final;1447.139;2714.796;7.139;1274.796;76.97
949;1;Los Espinos;final;1339.957;1775.708;1339.957;335.708;300.856
950;1;Los Espinos;final;1378.239;1835.708;1378.239;395.708;284.809
951;1;Los Espinos;final;1202.639;1843.208;1202.639;403.208;226.709
952;1;Los Espinos;final;1359.932;1850.708;1359.932;410.708;299.581
952.1;1;Los Espinos;final;1541.163;2707.363;101.163;1267.363;124.783
953;1;Los Espinos;final;1365.642;1858.208;1365.642;418.208;284.991
953.1;1;Los Espinos;final;1481.993;2804.408;41.993;1364.408;56.977
954;1;Los Espinos;final;1407.523;1865.708;1407.523;425.708;309.416
954.1;1;Los Espinos;final;1451.989;2779.437;11.989;1339.437;51.284
955;1;Los Espinos;final;1462.839;2409.975;22.839;969.975;202.89
956;1;Los Espinos;final;1294.222;2495.708;1294.222;1055.708;95.275
957;1;Santa Rosa;final;1238.312;1719.976;1238.312;279.976;279.224
958;1;Santa Rosa;final;1215.578;1726.642;1215.578;286.642;294.398
958.1;1;Santa Rosa;final;1287.332;2570.614;1287.332;1130.614;63.649
959;1;Santa Rosa;final;1283.402;1733.309;1283.402;293.309;286.175
960;1;Santa Rosa;final;1287.829;1739.976;1287.829;299.976;312.998
961;1;Santa Rosa;final;1317.961;1746.642;1317.961;306.642;306.451
962;1;Santa Rosa;final;1366.963;1753.309;1366.963;313.309;314.523
963;1;Santa Rosa;final;1248.146;1766.642;1248.146;326.642;284.77
963.1;1;Santa Rosa;final;1505.824;2598.497;65.824;1158.497;153.392
964;1;Santa Rosa;final;589.511;1773.309;589.511;333.309;124.77
965;1;Santa Rosa;final;1152.463;1779.976;1152.463;339.976;270.758
965.1;1;Santa Rosa;final;1474.861;2565.475;34.861;1125.475;140.563
966;1;Santa Rosa;final;1316.935;1785.592;1316.935;345.592;295.218
966.1;1;Santa Rosa;final;1505.211;2751.338;65.211;1311.338;77.211
967;1;Santa Rosa;final;613.544;1791.209;613.544;351.209;124.77
968;1;Santa Rosa;final;1325.686;1808.059;1325.686;368.059;312.175
969;1;Santa Rosa;final;1400.702;1813.676;1400.702;373.676;311.96
969.1;1;Santa Rosa;final;1504.746;2753.138;64.746;1313.138;87.356
970;1;Santa Rosa;final;1350.685;1830.526;1350.685;390.526;274.405
971;1;Santa Rosa;final;1427.276;1841.759;1427.276;401.759;311.306
971.1;1;Santa Rosa;final;1536.705;2804.078;96.705;1364.078;78.366
972;1;Santa Rosa;final;1438.749;1847.376;1438.749;407.376;304.965
972.1;1;Santa Rosa;final;1497.261;2809.8;57.261;1369.8;58.722
973;1;Santa Rosa;final;1317.811;1852.992;1317.811;412.992;238.758
974;1;Santa Rosa;final;1373.779;1858.609;1373.779;418.609;294.926
975;1;Santa Rosa;final;1201.473;1869.976;1201.473;429.976;201.547
976;1;Los Espinos;final;1182.355;1789.521;1182.355;349.521;231.391
977;1;Los Espinos;final;1337.641;1800.771;1337.641;360.771;297.371
977.1;1;Los Espinos;final;1503.503;2707.809;63.503;1267.809;112.261
978;1;Los Espinos;final;1383.521;1879.521;1383.521;439.521;287.279
979;1;Los Espinos;final;1362.923;1775.708;1362.923;335.708;299.587
980;1;Los Espinos;final;1406.054;1783.875;1406.054;343.875;312.877
980.1;1;Los Espinos;final;1529.096;2796.229;89.096;1356.229;80.891
981;1;Los Espinos;final;1341.227;1800.208;1341.227;360.208;279.337
982;1;Los Espinos;final;1374.759;1816.542;1374.759;376.542;299.555
983;1;Los Espinos;final;1240.407;1865.708;1240.407;425.708;232.101
984;1;Los Espinos;final;1506.473;2469.942;66.473;1029.942;216.245
985;1;Los Espinos;final;1280.122;2495.708;1280.122;1055.708;93.786
986;1;Vespucio Norte;final;1363.445;1749.372;1363.445;309.372;265.553
987;1;Vespucio Norte;final;1216.262;1753.972;1216.262;313.972;217.514
988;1;Vespucio Norte;final;1336.445;1758.572;1336.445;318.572;265.553
989;1;Vespucio Norte;final;1390.445;1763.172;1390.445;323.172;286.16
990;1;Vespucio Norte;final;1341.312;1767.772;1341.312;327.772;265.553
991;1;Vespucio Norte;final;1425.762;1772.372;1425.762;332.372;292.987
991.1;1;Vespucio Norte;final;1492.428;2832.705;52.428;1392.705;43.852
992;1;Vespucio Norte;final;1466.378;1776.972;26.378;336.972;299.814
993;1;Vespucio Norte;final;1246.262;1781.572;1246.262;341.572;222.107
994;1;Vespucio Norte;final;1363.578;1786.172;1363.578;346.172;260.96
995;1;Vespucio Norte;final;1465.762;1790.772;25.762;350.772;309.0
996;1;Vespucio Norte;final;1264.262;1795.372;1264.262;355.372;231.293
997;1;Vespucio Norte;final;1288.247;1799.972;1288.247;359.972;261.074
998;1;Vespucio Norte;final;1354.445;1804.572;1354.445;364.572;249.54
999;1;Vespucio Norte;final;1210.262;1809.372;1210.262;369.372;199.266
1000;1;Vespucio Norte;final;1172.862;1814.372;1172.862;374.372;187.846
1001;1;Vespucio Norte;final;1449.245;1819.372;9.245;379.372;283.801
1002;1;Vespucio Norte;final;1505.762;1839.372;65.762;399.372;292.987
1003;1;Vespucio Norte;final;1397.845;1899.372;1397.845;459.372;228.934
1004;1;Vespucio Norte;final;1318.262;1749.372;1318.262;309.372;265.553
1005;1;Vespucio Norte;final;1282.262;1754.372;1282.262;314.372;233.527
1006;1;Vespucio Norte;final;1270.262;1759.372;1270.262;319.372;238.12
1007;1;Vespucio Norte;final;1490.316;1764.372;50.316;324.372;260.271
1008;1;Vespucio Norte;final;1254.612;1769.372;1254.612;329.372;233.527
1009;1;Vespucio Norte;final;1412.428;1774.372;1412.428;334.372;288.394
1009.1;1;Vespucio Norte;final;1479.095;2819.372;39.095;1379.372;43.852
1010;1;Vespucio Norte;final;1166.678;1809.372;1166.678;369.372;183.253
1011;1;Vespucio Norte;final;1483.512;1821.072;43.512;381.072;297.58
1012;1;Vespucio Norte;final;1281.862;1844.472;1281.862;404.472;201.5
1013;1;Vespucio Norte;final;1275.978;1848.372;1275.978;408.372;206.093
1014;1;Vespucio Norte;final;1300.262;1891.272;1300.262;451.272;203.859
1015;1;Los Espinos;final;684.324;1403.995;684.324;1403.995;309.078
1015.1;1;Los Espinos;final;1479.525;2053.208;39.525;613.208;267.087
1016;1;Los Espinos;final;866.222;1423.995;866.222;1423.995;308.738
1016.1;1;Los Espinos;final;1280.971;2292.813;1280.971;852.813;127.67
1017;1;Los Espinos;final;798.763;1443.995;798.763;3.995;309.001
1017.1;1;Los Espinos;final;1570.682;2183.554;130.682;743.554;282.65
1018;1;Los Espinos;final;1260.368;1757.995;1260.368;317.995;282.916
1018.1;1;Los Espinos;final;1458.809;2601.359;18.809;1161.359;125.87
1019;1;Los Espinos;final;1220.289;1769.995;1220.289;329.995;287.865
1019.1;1;Los Espinos;final;1491.942;2597.794;51.942;1157.794;144.478
1020;1;Los Espinos;final;1379.855;1781.995;1379.855;341.995;311.431
1020.1;1;Los Espinos;final;1518.915;2782.471;78.915;1342.471;82.672
1021;1;Los Espinos;final;1380.413;1793.995;1380.413;353.995;314.706
1022;1;Los Espinos;final;1321.955;1803.995;1321.955;363.995;291.63
1022.1;1;Los Espinos;final;1422.313;2698.245;1422.313;1258.245;72.977
1023;1;Los Espinos;final;1367.28;1813.995;1367.28;373.995;303.42
1024;1;Los Espinos;final;1259.221;1863.995;1259.221;423.995;260.427
1025;1;Los Espinos;final;1372.271;1883.995;1372.271;443.995;263.601
1025.1;1;Los Espinos;final;1553.371;2761.962;113.371;1321.962;105.096
1026;1;Los Espinos;final;1162.884;1385.708;1162.884;1385.708;304.701
1026.1;1;Los Espinos;final;1301.88;2549.987;1301.88;1109.987;75.176
1027;1;Los Espinos;final;801.771;1415.708;801.771;1415.708;304.945
1027.1;1;Los Espinos;final;1434.721;2240.196;1434.721;800.196;211.457
1028;1;Los Espinos;final;738.763;1445.708;738.763;5.708;290.468
1028.1;1;Los Espinos;final;1200.055;2127.304;1200.055;687.304;164.302
1029;1;Los Espinos;final;1086.389;1580.708;1086.389;140.708;285.253
1029.1;1;Los Espinos;final;1543.668;2491.163;103.668;1051.163;179.103
1030;1;Los Espinos;final;1058.027;1648.208;1058.027;208.208;292.104
1030.1;1;Los Espinos;final;1269.552;2474.311;1269.552;1034.311;93.523
1031;1;Los Espinos;final;1153.017;1715.708;1153.017;275.708;287.739
1031.1;1;Los Espinos;final;1308.932;2541.287;1308.932;1101.287;78.281
1032;1;Los Espinos;final;1308.021;1738.208;1308.021;298.208;314.016
1032.1;1;Los Espinos;final;1526.207;2691.696;86.207;1251.696;132.563
1033;1;Los Espinos;final;1307.884;1745.708;1307.884;305.708;306.577
1034;1;Los Espinos;final;1268.022;1760.708;1268.022;320.708;294.417
1034.1;1;Los Espinos;final;1371.182;2645.044;1371.182;1205.044;73.959
1035;1;Los Espinos;final;1260.484;1768.208;1260.484;328.208;296.897
1035.1;1;Los Espinos;final;1381.296;2644.203;1381.296;1204.203;75.176
1036;1;Los Espinos;final;1342.634;1775.708;1342.634;335.708;312.155
1036.1;1;Los Espinos;final;1404.721;2724.678;1404.721;1284.678;55.059
1037;1;Los Espinos;final;1336.651;1783.875;1336.651;343.875;304.673
1037.1;1;Los Espinos;final;1524.472;2727.237;84.472;1287.237;105.45
1038;1;Los Espinos;final;1351.934;1792.042;1351.934;352.042;308.182
1039;1;Los Espinos;final;1297.451;1800.208;1297.451;360.208;298.975
1039.1;1;Los Espinos;final;1478.755;2685.703;38.755;1245.703;102.331
1040;1;Los Espinos;final;1323.605;1832.875;1323.605;392.875;291.563
1040.1;1;Los Espinos;final;1467.704;2732.865;27.704;1292.865;75.755
1041;1;Los Espinos;final;1332.484;1857.375;1332.484;417.375;291.366
1041.1;1;Los Espinos;final;1518.755;2727.203;78.755;1287.203;102.331
1042;1;Los Espinos;final;1361.934;1865.708;1361.934;425.708;303.795
1042.1;1;Los Espinos;final;1547.107;2744.42;107.107;1304.42;111.903
1043;1;Los Espinos;final;1396.905;2418.542;1396.905;978.542;169.164
1044;1;Santa Rosa;final;1334.53;1719.976;1334.53;279.976;314.527
1044.1;1;Santa Rosa;final;1412.278;2687.476;1412.278;1247.476;87.115
1045;1;Santa Rosa;final;1282.075;1727.476;1282.075;287.476;304.331
1045.1;1;Santa Rosa;final;1472.346;2641.192;32.346;1201.192;113.191
1046;1;Santa Rosa;final;1193.846;1734.976;1193.846;294.976;276.886
1046.1;1;Santa Rosa;final;1461.186;2544.497;21.186;1104.497;140.254
1047;1;Santa Rosa;final;1232.136;1742.476;1232.136;302.476;293.112
1047.1;1;Santa Rosa;final;1520.746;2660.881;80.746;1220.881;137.568
1048;1;Santa Rosa;final;1374.732;1749.976;1374.732;309.976;310.947
1048.1;1;Santa Rosa;final;1522.344;2743.007;82.344;1303.007;88.635
1049;1;Santa Rosa;final;1407.678;1757.476;1407.678;317.476;311.957
1049.1;1;Santa Rosa;final;1443.924;2760.081;3.924;1320.081;57.162
1050;1;Santa Rosa;final;1212.878;1764.976;1212.878;324.976;260.041
1051;1;Santa Rosa;final;1320.036;1772.476;1320.036;332.476;287.707
1051.1;1;Santa Rosa;final;1479.457;2750.881;39.457;1310.881;75.088
1052;1;Santa Rosa;final;1252.778;1786.892;1252.778;346.892;258.448
1053;1;Santa Rosa;final;1394.811;1793.809;1394.811;353.809;310.93
1054;1;Santa Rosa;final;1383.563;1800.726;1383.563;360.726;287.504
1055;1;Santa Rosa;final;1273.028;1807.642;1273.028;367.642;264.447
1056;1;Santa Rosa;final;1359.985;1814.559;1359.985;374.559;295.857
1056.1;1;Santa Rosa;final;1456.886;2796.098;16.886;1356.098;45.431
1057;1;Santa Rosa;final;1427.335;1821.476;1427.335;381.476;309.773
1058;1;Santa Rosa;final;1335.192;1835.309;1335.192;395.309;289.332
1058.1;1;Santa Rosa;final;1409.876;2691.976;1409.876;1251.976;79.536
1059;1;Santa Rosa;final;1237.961;1856.059;1237.961;416.059;242.342
1060;1;Santa Rosa;final;1454.195;1869.892;14.195;429.892;289.834
1061;1;Santa Rosa;final;1370.878;1869.976;1370.878;429.976;286.912
1062;1;Los Espinos;final;529.572;1407.287;529.572;1407.287;180.607
1063;1;Los Espinos;final;841.984;1427.287;841.984;1427.287;265.94
1063.1;1;Los Espinos;final;1485.953;2281.887;45.953;841.887;232.168
1064;1;Los Espinos;final;961.513;1447.287;961.513;7.287;296.67
1064.1;1;Los Espinos;final;1458.755;2332.354;18.755;892.354;210.525
1065;1;Los Espinos;final;1053.746;1467.287;1053.746;27.287;314.363
1065.1;1;Los Espinos;final;1481.345;2406.204;41.345;966.204;206.228
1066;1;Los Espinos;final;1329.13;1770.62;1329.13;330.62;301.056
1067;1;Los Espinos;final;1166.994;1777.287;1166.994;337.287;154.238
1068;1;Los Espinos;final;1297.166;1783.953;1297.166;343.953;295.143
1068.1;1;Los Espinos;final;1359.322;2639.863;1359.322;1199.863;73.489
1069;1;Los Espinos;final;1272.101;1797.287;1272.101;357.287;186.768
1070;1;Los Espinos;final;1354.894;1802.57;1354.894;362.57;306.337
1070.1;1;Los Espinos;final;1515.374;2705.708;75.374;1265.708;118.322
1071;1;Los Espinos;final;1257.451;1807.853;1257.451;367.853;256.803
1072;1;Los Espinos;final;1350.93;1818.42;1350.93;378.42;304.279
1072.1;1;Los Espinos;final;1434.367;2700.221;1434.367;1260.221;75.447
1073;1;Los Espinos;final;1302.484;1839.553;1302.484;399.553;266.818
1073.1;1;Los Espinos;final;1479.472;2687.287;39.472;1247.287;104.572
1074;1;Los Espinos;final;1311.68;1844.837;1311.68;404.837;287.721
1075;1;Los Espinos;final;919.072;1388.554;919.072;1388.554;311.057
1075.1;1;Los Espinos;final;1519.282;2336.261;79.282;896.261;235.049
1076;1;Los Espinos;final;853.586;1408.554;853.586;1408.554;287.247
1076.1;1;Los Espinos;final;1465.42;2243.158;25.42;803.158;225.711
1077;1;Los Espinos;final;1001.539;1428.554;1001.539;1428.554;306.7
1077.1;1;Los Espinos;final;1363.46;2411.128;1363.46;971.128;144.105
1078;1;Los Espinos;final;962.417;1448.554;962.417;8.554;292.378
1078.1;1;Los Espinos;final;1246.651;2397.22;1246.651;957.22;109.388
1079;1;Los Espinos;final;1142.922;1723.554;1142.922;283.554;288.844
1079.1;1;Los Espinos;final;1350.784;2522.361;1350.784;1082.361;104.877
1080;1;Los Espinos;final;1215.908;1728.554;1215.908;288.554;295.623
1080.1;1;Los Espinos;final;1535.832;2588.204;95.832;1148.204;159.31
1081;1;Los Espinos;final;1229.032;1733.554;1229.032;293.554;285.252
1081.1;1;Los Espinos;final;1509.472;2577.363;69.472;1137.363;155.057
1082;1;Los Espinos;final;1218.524;1738.554;1218.524;298.554;299.991
1082.1;1;Los Espinos;final;1352.353;2584.763;1352.353;1144.763;90.502
1083;1;Los Espinos;final;1238.994;1743.554;1238.994;303.554;205.534
1084;1;Los Espinos;final;1247.511;1753.554;1247.511;313.554;205.346
1085;1;Los Espinos;final;1284.117;1758.554;1284.117;318.554;307.842
1085.1;1;Los Espinos;final;1473.151;2664.953;33.151;1224.953;105.908
1086;1;Los Espinos;final;1303.554;1763.554;1303.554;323.554;299.86
1086.1;1;Los Espinos;final;1490.437;2687.696;50.437;1247.696;103.242
1087;1;Los Espinos;final;1241.955;1768.554;1241.955;328.554;297.927
1087.1;1;Los Espinos;final;1559.532;2633.811;119.532;1193.811;153.481
1088;1;Los Espinos;final;1349.455;1773.554;1349.455;333.554;306.7
1088.1;1;Los Espinos;final;1435.277;2723.995;1435.277;1283.995;74.778
1089;1;Los Espinos;final;1323.554;1778.554;1323.554;338.554;297.251
1089.1;1;Los Espinos;final;1392.353;2707.696;1392.353;1267.696;55.769
1090;1;Los Espinos;final;1290.208;1782.838;1290.208;342.838;304.369
1090.1;1;Los Espinos;final;1415.437;2668.597;1415.437;1228.597;76.891
1091;1;Los Espinos;final;1280.289;1787.121;1280.289;347.121;285.383
1091.1;1;Los Espinos;final;1382.432;2656.294;1382.432;1216.294;73.959
1092;1;Los Espinos;final;1553.549;1791.404;113.549;351.404;287.146
1093;1;Los Espinos;final;1369.034;1795.688;1369.034;355.688;310.276
1093.1;1;Los Espinos;final;1481.163;2751.287;41.163;1311.287;75.176
1094;1;Los Espinos;final;1323.755;1799.971;1323.755;359.971;301.042
1094.1;1;Los Espinos;final;1476.473;2701.495;36.473;1261.495;104.026
1095;1;Los Espinos;final;1258.455;1804.254;1258.455;364.254;294.253
1095.1;1;Los Espinos;final;1406.021;2663.213;1406.021;1223.213;78.499
1096;1;Los Espinos;final;1244.022;1812.821;1244.022;372.821;292.66
1096.1;1;Los Espinos;final;1476.758;2621.794;36.758;1181.794;116.837
1097;1;Los Espinos;final;1274.813;1817.104;1274.813;377.104;270.596
1098;1;Los Espinos;final;1270.784;1825.671;1270.784;385.671;296.41
1099;1;Los Espinos;final;1313.682;1838.521;1313.682;398.521;287.478
1099.1;1;Los Espinos;final;1505.163;2655.913;65.163;1215.913;124.783
1100;1;Los Espinos;final;1212.655;1847.088;1212.655;407.088;242.578
1101;1;Los Espinos;final;1374.38;1859.938;1374.38;419.938;282.836
1102;1;Los Espinos;final;1415.572;1868.504;1415.572;428.504;301.678
1102.1;1;Los Espinos;final;1509.166;2790.461;69.166;1350.461;73.959
1103;1;Los Espinos;final;1360.867;1868.554;1360.867;428.554;305.616
1104;1;Los Espinos;final;1385.807;1873.288;1385.807;433.288;311.611
1104.1;1;Los Espinos;final;1492.268;2754.03;52.268;1314.03;80.693
1105;1;Los Espinos;final;1256.651;1882.754;1256.651;442.754;235.48
1106;1;Los Espinos;final;1383.682;1887.488;1383.682;447.488;285.252
1106.1;1;Los Espinos;final;1565.163;2724.496;125.163;1284.496;125.849
1107;1;Los Espinos;final;1367.525;1892.221;1367.525;452.221;276.612
1107.1;1;Los Espinos;final;1526.484;2743.995;86.484;1303.995;103.709
1108;1;Los Espinos;final;1254.332;1896.954;1254.332;456.954;250.951
1109;1;Los Espinos;final;1392.425;1915.888;1392.425;475.888;305.699
1109.1;1;Los Espinos;final;1461.953;2769.904;21.953;1329.904;60.818
1110;1;Los Espinos;final;1334.58;2435.254;1334.58;995.254;122.992
1111;1;Los Espinos;final;1331.511;2447.854;1331.511;1007.854;123.778
1112;1;Los Espinos;final;1383.63;2498.554;1383.63;1058.554;122.992
1113;1;Los Espinos;final;1303.682;1794.657;1303.682;354.657;308.384
1114;1;Los Espinos;final;1292.289;1824.657;1292.289;384.657;295.541
1114.1;1;Los Espinos;final;1522.499;2672.344;82.499;1232.344;128.677
1115;1;Los Espinos;final;1247.272;1718.951;1247.272;278.951;311.297
1116;1;Los Espinos;final;1207.939;1733.951;1207.939;293.951;305.671
1116.1;1;Los Espinos;final;1322.866;2582.328;1322.866;1142.328;73.959
1117;1;Los Espinos;final;1259.511;1748.951;1259.511;308.951;284.323
1118;1;Los Espinos;final;1225.992;1763.951;1225.992;323.951;294.304
1118.1;1;Los Espinos;final;1351.039;2622.761;1351.039;1182.761;60.275
1119;1;Los Espinos;final;1356.484;1778.951;1356.484;338.951;313.203
1120;1;Los Espinos;final;1362.484;1793.951;1362.484;353.951;314.269
1120.1;1;Los Espinos;final;1473.866;2744.42;33.866;1304.42;77.404
1121;1;Los Espinos;final;541.151;1808.951;541.151;368.951;75.96
1122;1;Los Espinos;final;1326.651;1823.951;1326.651;383.951;309.42
1122.1;1;Los Espinos;final;1457.38;2720.287;17.38;1280.287;75.176
1123;1;Los Espinos;final;1326.484;1838.951;1326.484;398.951;305.94
1123.1;1;Los Espinos;final;1454.749;2717.287;14.749;1277.287;77.404
1124;1;Los Espinos;final;1227.894;1853.951;1227.894;413.951;268.523
1125;1;Los Espinos;final;1308.499;1868.951;1308.499;428.951;279.484
1125.1;1;Los Espinos;final;1502.107;2674.763;62.107;1234.763;114.241
1126;1;Los Espinos;final;1343.682;1891.435;1343.682;451.435;289.056
1126.1;1;Los Espinos;final;1421.934;2687.363;1421.934;1247.363;78.304
1127;1;Los Espinos;final;1502.058;2498.951;62.058;1058.951;182.235
1128;1;Los Espinos;final;753.46;1407.287;753.46;1407.287;304.727
1128.1;1;Los Espinos;final;1293.702;2120.708;1293.702;680.708;176.402
1129;1;Los Espinos;final;867.419;1437.287;867.419;1437.287;292.538
1129.1;1;Los Espinos;final;1483.59;2243.325;43.59;803.325;248.162
1130;1;Los Espinos;final;828.484;1467.287;828.484;27.287;272.712
1130.1;1;Los Espinos;final;1577.935;2269.787;137.935;829.787;277.378
1131;1;Los Espinos;final;1225.496;1761.287;1225.496;321.287;296.139
1131.1;1;Los Espinos;final;1450.463;2570.554;10.463;1130.554;122.992
1132;1;Los Espinos;final;1372.552;1773.287;1372.552;333.287;288.584
1133;1;Los Espinos;final;1249.496;1785.287;1249.496;345.287;296.139
1133.1;1;Los Espinos;final;1456.732;2594.554;16.732;1154.554;125.219
1134;1;Los Espinos;final;1199.532;1797.287;1199.532;357.287;237.248
1135;1;Los Espinos;final;1274.63;1817.287;1274.63;377.287;297.205
1136;1;Los Espinos;final;1300.022;1827.287;1300.022;387.287;264.417
1137;1;Los Espinos;final;745.372;1387.363;745.372;1387.363;291.72
1137.1;1;Los Espinos;final;1231.375;2153.694;1231.375;713.694;184.303
1138;1;Los Espinos;final;759.572;1417.363;759.572;1417.363;298.395
1138.1;1;Los Espinos;final;1412.058;2165.044;1412.058;725.044;228.944
1139;1;Los Espinos;final;885.234;1447.363;885.234;7.363;310.285
1139.1;1;Los Espinos;final;1293.246;2322.287;1293.246;882.287;144.503
1140;1;Los Espinos;final;1264.049;1741.363;1264.049;301.363;288.987
1141;1;Los Espinos;final;1339.374;1753.363;1339.374;313.363;297.466
1141.1;1;Los Espinos;final;1413.521;2719.713;1413.521;1279.713;61.19
1142;1;Los Espinos;final;1336.822;1777.363;1336.822;337.363;314.212
1142.1;1;Los Espinos;final;1494.472;2712.544;54.472;1272.544;101.128
1143;1;Los Espinos;final;1272.47;1787.363;1272.47;347.363;275.038
1144;1;Los Espinos;final;1202.194;1797.363;1202.194;357.363;270.867
1145;1;Los Espinos;final;1311.803;1807.363;1311.803;367.363;290.104
1145.1;1;Los Espinos;final;1549.166;2689.575;109.166;1249.575;129.779
1146;1;Los Espinos;final;1243.527;1827.363;1243.527;387.363;277.668
1147;1;Los Espinos;final;1385.367;1837.363;1385.367;397.363;304.184
1148;1;Los Espinos;final;1356.552;1901.113;1356.552;461.113;264.421
1149;1;Los Espinos;final;1424.351;2427.363;1424.351;987.363;159.872
1150;1;Los Espinos;final;1542.399;2447.363;102.399;1007.363;209.833
1151;1;Santa Rosa;final;1387.141;1819.676;1387.141;379.676;295.199
1151.1;1;Santa Rosa;final;1492.948;2793.342;52.948;1353.342;70.192
1152;1;Santa Rosa;final;1429.116;1893.342;1429.116;453.342;310.108
1152.1;1;Santa Rosa;final;1511.802;2859.132;71.802;1419.132;43.387
1153;1;Santa Rosa;intermedia;812.041;823.0;812.041;823.0;272.053
1153;2;Santa Rosa;final;991.914;1443.502;991.914;3.502;70.192
1153.1;1;Santa Rosa;final;1387.298;2382.718;1387.298;942.718;175.19
1154;1;Santa Rosa;final;823.291;1488.502;823.291;48.502;272.053
1154.1;1;Santa Rosa;final;1492.082;2273.342;52.082;833.342;226.405
1155;1;Santa Rosa;final;1025.788;1578.502;1025.788;138.502;297.38
1155.1;1;Santa Rosa;final;1471.669;2421.615;31.669;981.615;182.717
1156;1;Santa Rosa;final;1145.641;1623.502;1145.641;183.502;274.18
1156.1;1;Santa Rosa;final;1432.993;2543.342;1432.993;1103.342;125.426
1157;1;Santa Rosa;final;1219.374;1713.502;1219.374;273.502;274.18
1157.1;1;Santa Rosa;final;1507.948;2613.342;67.948;1173.342;138.471
1158;1;Santa Rosa;final;1353.811;1722.068;1353.811;282.068;314.931
1158.1;1;Santa Rosa;final;1448.861;2712.031;8.861;1272.031;71.589
1159;1;Santa Rosa;final;1303.435;1730.635;1303.435;290.635;293.259
1159.1;1;Santa Rosa;final;1562.985;2690.14;122.985;1250.14;132.845
1160;1;Santa Rosa;final;1220.941;1739.202;1220.941;299.202;274.18
1160.1;1;Santa Rosa;final;1467.335;2623.342;27.335;1183.342;109.439
1161;1;Santa Rosa;final;1270.418;1747.768;1270.418;307.768;284.494
1162;1;Santa Rosa;final;1239.374;1756.335;1239.374;316.335;274.18
1162.1;1;Santa Rosa;final;1492.979;2633.342;52.979;1193.342;130.018
1163;1;Santa Rosa;final;1290.169;1764.902;1290.169;324.902;296.15
1163.1;1;Santa Rosa;final;1376.069;2720.881;1376.069;1280.881;42.938
1164;1;Santa Rosa;final;1257.808;1773.468;1257.808;333.468;274.18
1164.1;1;Santa Rosa;final;1522.948;2656.192;82.948;1216.192;138.471
1165;1;Santa Rosa;final;1303.891;1773.502;1303.891;333.502;274.18
1165.1;1;Santa Rosa;final;1466.608;2707.592;26.608;1267.592;90.36
1166;1;Santa Rosa;final;1300.314;1775.881;1300.314;335.881;271.915
1167;1;Santa Rosa;final;1351.264;1790.881;1351.264;350.881;283.995
1167.1;1;Santa Rosa;final;1417.717;2722.218;1417.717;1282.218;64.866
1168;1;Santa Rosa;final;1355.019;1805.881;1355.019;365.881;309.644
1168.1;1;Santa Rosa;final;1403.498;2783.581;1403.498;1343.581;25.08
1169;1;Santa Rosa;final;1330.896;1885.881;1330.896;445.881;249.072
1170;1;Santa Rosa;final;1470.657;1910.881;30.657;470.881;300.204
1171;1;Santa Rosa;final;1261.388;1723.138;1261.388;283.138;286.015
1172;1;Santa Rosa;final;1274.331;1728.138;1274.331;288.138;298.72
1173;1;Santa Rosa;final;564.784;1733.138;564.784;293.138;116.733
1174;1;Santa Rosa;final;529.853;1738.138;529.853;298.138;87.566
1175;1;Santa Rosa;final;1319.585;1743.138;1319.585;303.138;297.603
1175.1;1;Santa Rosa;final;1372.298;2751.098;1372.298;1311.098;28.164
1176;1;Santa Rosa;final;1344.285;1748.138;1344.285;308.138;296.776
1177;1;Santa Rosa;final;1301.867;1753.138;1301.867;313.138;308.105
1178;1;Santa Rosa;final;1312.146;1758.138;1312.146;318.138;308.226
1179;1;Santa Rosa;final;1299.303;1763.138;1299.303;323.138;309.758
1179.1;1;Santa Rosa;final;1472.276;2732.881;32.276;1292.881;68.466
1180;1;Santa Rosa;final;1383.621;1768.138;1383.621;328.138;231.706
1181;1;Santa Rosa;final;1347.583;1773.138;1347.583;333.138;299.823
1181.1;1;Santa Rosa;final;1485.336;2777.547;45.336;1337.547;64.263
1182;1;Santa Rosa;final;1364.811;1788.138;1364.811;348.138;291.101
1183;1;Santa Rosa;final;1300.782;1798.138;1300.782;358.138;295.572
1183.1;1;Santa Rosa;final;1489.136;2648.536;49.136;1208.536;116.414
1184;1;Santa Rosa;final;1262.531;1808.138;1262.531;368.138;250.819
1185;1;Santa Rosa;final;494.053;1828.138;494.053;388.138;42.129
1186;1;Santa Rosa;final;1371.588;1833.138;1371.588;393.138;303.528
1187;1;Santa Rosa;final;1406.006;1838.138;1406.006;398.138;291.944
1188;1;Santa Rosa;final;1237.769;1843.138;1237.769;403.138;221.153
1189;1;Santa Rosa;final;1313.763;1848.138;1313.763;408.138;261.501
1190;1;Santa Rosa;final;802.658;1386.58;802.658;1386.58;270.611
1190.1;1;Santa Rosa;final;1256.951;2246.055;1256.951;806.055;157.191
1191;1;Santa Rosa;final;535.314;1416.58;535.314;1416.58;146.936
1192;1;Santa Rosa;final;592.231;1716.58;592.231;276.58;136.074
1193;1;Santa Rosa;final;1174.665;1726.58;1174.665;286.58;301.656
1193.1;1;Santa Rosa;final;1436.707;2488.168;1436.707;1048.168;166.89
1194;1;Santa Rosa;final;1248.307;1736.58;1248.307;296.58;290.513
1194.1;1;Santa Rosa;final;1342.942;2589.913;1342.942;1149.913;75.32
1195;1;Santa Rosa;final;1162.665;1746.58;1162.665;306.58;304.87
1195.1;1;Santa Rosa;final;1316.808;2475.118;1316.808;1035.118;114.065
1196;1;Santa Rosa;final;1208.675;1756.58;1208.675;316.58;287.431
1196.1;1;Santa Rosa;final;1550.565;2603.055;110.565;1163.055;163.969
1197;1;Santa Rosa;final;1213.775;1766.58;1213.775;326.58;290.645
1197.1;1;Santa Rosa;final;1465.059;2607.337;25.059;1167.337;147.178
1198;1;Santa Rosa;final;1185.875;1776.58;1185.875;336.58;258.105
1198.1;1;Santa Rosa;final;1361.125;2579.137;1361.125;1139.137;106.651
1199;1;Santa Rosa;final;1235.402;1783.497;1235.402;343.497;278.293
1199.1;1;Santa Rosa;final;1516.707;2628.487;76.707;1188.487;159.476
1200;1;Santa Rosa;final;1279.525;1790.413;1279.525;350.413;287.814
1200.1;1;Santa Rosa;final;1543.373;2672.737;103.373;1232.737;159.476
1201;1;Santa Rosa;final;1259.402;1797.33;1259.402;357.33;278.293
1202;1;Santa Rosa;final;1262.392;1804.247;1262.392;364.247;291.028
1203;1;Santa Rosa;final;1272.515;1811.163;1272.515;371.163;302.039
1203.1;1;Santa Rosa;final;1345.058;2593.918;1345.058;1153.918;84.356
1204;1;Santa Rosa;final;1314.815;1818.08;1314.815;378.08;298.825
1205;1;Santa Rosa;final;1265.407;1824.997;1265.407;384.997;297.324
1206;1;Santa Rosa;final;1316.858;1831.913;1316.858;391.913;291.028
1206.1;1;Santa Rosa;final;1477.725;2712.737;37.725;1272.737;106.651
1207;1;Santa Rosa;final;1314.723;1838.83;1314.723;398.83;294.11
1207.1;1;Santa Rosa;final;1503.373;2657.413;63.373;1217.413;128.144
1208;1;Santa Rosa;final;1361.981;2496.58;1361.981;1056.58;136.074
1209;1;Santa Rosa;final;1269.608;1743.055;1269.608;303.055;286.0
1209.1;1;Santa Rosa;final;1381.981;2662.737;1381.981;1222.737;83.007
1210;1;Santa Rosa;final;1296.658;1748.505;1296.658;308.505;306.034
1210.1;1;Santa Rosa;final;1411.981;2692.737;1411.981;1252.737;83.007
1211;1;Santa Rosa;final;1207.775;1753.955;1207.775;313.955;269.18
1211.1;1;Santa Rosa;final;1328.915;2600.287;1328.915;1160.287;83.007
1212;1;Santa Rosa;final;1189.775;1759.405;1189.775;319.405;272.394
1212.1;1;Santa Rosa;final;1350.069;2583.055;1350.069;1143.055;93.694
1213;1;Santa Rosa;final;1177.775;1764.855;1177.775;324.855;272.011
1213.1;1;Santa Rosa;final;1349.875;2572.087;1349.875;1132.087;106.651
1214;1;Santa Rosa;final;1322.358;1770.305;1322.358;330.305;305.651
1215;1;Santa Rosa;final;1288.092;1775.755;1288.092;335.755;285.617
1215.1;1;Santa Rosa;final;1525.059;2681.287;85.059;1241.287;127.127
1216;1;Santa Rosa;final;1231.475;1781.205;1231.475;341.205;268.797
1217;1;Santa Rosa;final;1274.558;1786.655;1274.558;346.655;288.831
1217.1;1;Santa Rosa;final;1395.873;2667.555;1395.873;1227.555;74.855
1218;1;Santa Rosa;final;1211.402;1792.105;1211.402;352.105;256.063
1219;1;Santa Rosa;final;1276.275;1797.555;1276.275;357.555;265.583
1219.1;1;Santa Rosa;final;1392.951;2673.055;1392.951;1233.055;76.007
1220;1;Santa Rosa;final;1254.275;1803.005;1254.275;363.005;268.797
1221;1;Santa Rosa;final;1231.775;1803.055;1231.775;363.055;272.011
1222;1;Santa Rosa;final;1265.675;1809.055;1265.675;369.055;268.797
1222.1;1;Santa Rosa;final;1565.051;2659.388;125.051;1219.388;157.191
1223;1;Santa Rosa;final;1370.808;1815.055;1370.808;375.055;295.292
1224;1;Santa Rosa;final;1309.608;1821.055;1309.608;381.055;265.583
1224.1;1;Santa Rosa;final;1422.951;2703.055;1422.951;1263.055;76.007
1225;1;Santa Rosa;final;1322.942;1833.055;1322.942;393.055;265.583
1226;1;Santa Rosa;final;1253.408;1839.055;1253.408;399.055;272.011
1227;1;Santa Rosa;final;1260.458;1863.055;1260.458;423.055;272.011
1228;1;Santa Rosa;final;1356.275;1869.055;1356.275;429.055;265.583
1228.1;1;Santa Rosa;final;1494.535;2750.188;54.535;1310.188;93.694
1229;1;Santa Rosa;final;1309.808;1875.055;1309.808;435.055;268.797
1229.1;1;Santa Rosa;final;1462.725;2702.737;22.725;1262.737;106.651
1230;1;Santa Rosa;final;1251.365;1881.055;1251.365;441.055;245.153
1231;1;Santa Rosa;final;1362.942;1887.055;1362.942;447.055;265.583
1232;1;Santa Rosa;final;1338.625;1893.055;1338.625;453.055;288.831
1232.1;1;Santa Rosa;final;1492.725;2732.737;52.725;1292.737;106.651
1233;1;Los Espinos;final;1255.254;1770.709;1255.254;330.709;284.805
1234;1;Los Espinos;final;1095.688;1448.302;1095.688;8.302;282.803
1234.1;1;Los Espinos;final;1383.869;2487.696;1383.869;1047.696;139.784
1235;1;Los Espinos;final;1055.239;1583.302;1055.239;143.302;297.336
1235.1;1;Los Espinos;final;1185.06;2445.395;1185.06;1005.395;74.778
1236;1;Los Espinos;final;1083.369;1718.302;1083.369;278.302;314.727
1236.1;1;Los Espinos;final;1502.398;2470.709;62.398;1030.709;199.156
1237;1;Los Espinos;final;1093.369;1728.302;1093.369;288.302;314.727
1237.1;1;Los Espinos;final;1454.187;2480.709;14.187;1040.709;165.716
1238;1;Los Espinos;final;1103.369;1738.302;1103.369;298.302;314.727
1238.1;1;Los Espinos;final;1242.092;2490.709;1242.092;1050.709;78.812
1239;1;Los Espinos;final;1115.59;1748.302;1115.59;308.302;312.084
1239.1;1;Los Espinos;final;1351.554;2496.537;1351.554;1056.537;109.687
1240;1;Los Espinos;final;1129.139;1758.302;1129.139;318.302;312.753
1240.1;1;Los Espinos;final;1449.427;2513.928;9.427;1073.928;147.325
1241;1;Los Espinos;final;1137.705;1768.302;1137.705;328.302;312.753
1241.1;1;Los Espinos;final;1430.894;2513.995;1430.894;1073.995;144.105
1242;1;Los Espinos;final;1169.336;1778.302;1169.336;338.302;314.727
1242.1;1;Los Espinos;final;1353.869;2540.709;1353.869;1100.709;112.261
1243;1;Los Espinos;final;1166.99;1788.302;1166.99;348.302;312.084
1243.1;1;Los Espinos;final;1311.967;2537.087;1311.967;1097.087;81.578
1244;1;Los Espinos;final;1175.557;1798.302;1175.557;358.302;312.084
1244.1;1;Los Espinos;final;1381.554;2544.687;1381.554;1104.687;109.687
1245;1;Los Espinos;final;1189.105;1808.302;1189.105;368.302;312.753
1245.1;1;Los Espinos;final;1356.123;2565.395;1356.123;1125.395;104.026
1246;1;Los Espinos;final;1197.672;1818.302;1197.672;378.302;312.753
1246.1;1;Los Espinos;final;1303.494;2573.961;1303.494;1133.961;74.778
1247;1;Los Espinos;final;1217.336;1828.302;1217.336;388.302;314.727
1247.1;1;Los Espinos;final;1407.397;2592.826;1407.397;1152.826;102.877
1248;1;Los Espinos;final;1313.554;1838.302;1313.554;398.302;273.514
1248.1;1;Los Espinos;final;1501.971;2697.696;61.971;1257.696;105.096
1249;1;Los Espinos;final;1207.549;1848.302;1207.549;408.302;246.817
1250;1;Los Espinos;final;1284.364;1858.302;1284.364;418.302;268.195
1251;1;Los Espinos;final;1262.336;1868.302;1262.336;428.302;314.727
1251.1;1;Los Espinos;final;1520.257;2645.676;80.257;1205.676;135.135
1252;1;Los Espinos;final;1182.092;1878.302;1182.092;438.302;281.278
1253;1;Los Espinos;final;1251.659;2390.302;1251.659;950.302;122.644
1254;1;Los Espinos;final;1451.859;2402.302;11.859;962.302;201.961
1255;1;Los Espinos;final;1271.659;2414.302;1271.659;974.302;122.644
1256;1;Los Espinos;final;1301.659;2438.302;1301.659;998.302;122.644
1257;1;Los Espinos;final;1353.08;2450.302;1353.08;1010.302;134.351
1258;1;Los Espinos;final;1455.83;2462.302;15.83;1022.302;170.059
1259;1;Los Espinos;final;1456.614;2486.302;16.614;1046.302;171.097
1260;1;Los Espinos;final;1518.809;2498.302;78.809;1058.302;201.961
1261;1;Vespucio Norte;final;1149.946;1701.191;1149.946;261.191;298.013
1261.1;1;Vespucio Norte;final;1428.817;2582.257;1428.817;1142.257;109.272
1262;1;Vespucio Norte;final;1293.095;1711.191;1293.095;271.191;301.038
1263;1;Vespucio Norte;final;1120.912;1721.191;1120.912;281.191;262.633
1263.1;1;Vespucio Norte;final;1438.129;2553.654;1438.129;1113.654;134.183
1264;1;Vespucio Norte;final;1048.246;1731.191;1048.246;291.191;268.692
1264.1;1;Vespucio Norte;final;1533.226;2493.654;93.226;1053.654;200.533
1265;1;Vespucio Norte;final;1338.617;1741.191;1338.617;301.191;312.938
1266;1;Vespucio Norte;final;1329.11;1751.191;1329.11;311.191;305.811
1267;1;Vespucio Norte;final;1369.478;1761.191;1369.478;321.191;312.267
1267.1;1;Vespucio Norte;final;1457.781;2792.466;17.781;1352.466;49.835
1268;1;Vespucio Norte;final;1341.423;1768.691;1341.423;328.691;297.068
1269;1;Vespucio Norte;final;1335.689;1776.191;1335.689;336.191;297.068
1269.1;1;Vespucio Norte;final;1567.493;2771.529;127.493;1331.529;106.081
1270;1;Vespucio Norte;final;1155.556;1783.691;1155.556;343.691;236.952
1270.1;1;Vespucio Norte;final;1607.077;2590.479;167.077;1150.479;187.743
1271;1;Vespucio Norte;final;1308.723;1791.191;1308.723;351.191;286.553
1271.1;1;Vespucio Norte;final;1464.693;2752.257;24.693;1312.257;69.266
1272;1;Vespucio Norte;final;1337.764;1798.691;1337.764;358.691;299.253
1272.1;1;Vespucio Norte;final;1507.584;2769.39;67.584;1329.39;79.378
1273;1;Vespucio Norte;final;1328.167;1813.691;1328.167;373.691;281.243
1274;1;Vespucio Norte;final;1365.36;1843.691;1365.36;403.691;302.695
1275;1;Vespucio Norte;final;1326.839;1869.191;1326.839;429.191;268.982
1276;1;Vespucio Norte;final;1287.493;1878.191;1287.493;438.191;261.441
1277;1;Vespucio Norte;final;1423.956;1887.191;1423.956;447.191;308.23
1277.1;1;Vespucio Norte;final;1620.41;2861.062;180.41;1421.062;94.124
1278;1;Vespucio Norte;final;1191.056;1762.257;1191.056;322.257;246.956
1278.1;1;Vespucio Norte;final;1434.856;2627.346;1434.856;1187.346;96.05
1279;1;Vespucio Norte;final;1189.823;1792.257;1189.823;352.257;239.074
1280;1;Vespucio Norte;final;1248.617;1802.257;1248.617;362.257;249.528
1281;1;Vespucio Norte;final;1389.739;1812.257;1389.739;372.257;295.401
1281.1;1;Vespucio Norte;final;1452.817;2826.225;12.817;1386.225;32.437
1282;1;Vespucio Norte;final;1238.206;1822.257;1238.206;382.257;239.074
1282.1;1;Vespucio Norte;final;1461.523;2675.646;21.523;1235.646;96.05
1283;1;Vespucio Norte;final;1242.776;1837.257;1242.776;397.257;239.416
1284;1;Vespucio Norte;final;1380.817;1844.757;1380.817;404.757;279.422
1285;1;Vespucio Norte;final;1421.523;1852.257;1421.523;412.257;302.8
1285.1;1;Vespucio Norte;final;1507.506;2857.196;67.506;1417.196;40.206
1286;1;Santa Rosa;final;915.725;1472.737;915.725;32.737;275.448
1286.1;1;Santa Rosa;final;1417.392;2363.104;1417.392;923.104;187.835
1287;1;Santa Rosa;final;1237.175;1742.737;1237.175;302.737;298.729
1287.1;1;Santa Rosa;final;1364.951;2631.055;1364.951;1191.055;76.007
1288;1;Santa Rosa;final;1202.975;1747.02;1202.975;307.02;289.053
1288.1;1;Santa Rosa;final;1530.785;2596.388;90.785;1156.388;157.191
1289;1;Santa Rosa;final;1135.775;1751.304;1135.775;311.304;272.234
1289.1;1;Santa Rosa;final;1464.535;2529.787;24.535;1089.787;178.315
1290;1;Santa Rosa;final;1099.458;1755.587;1099.458;315.587;272.234
1290.1;1;Santa Rosa;final;1271.107;2505.655;1271.107;1065.655;74.855
1291;1;Santa Rosa;final;1201.775;1759.87;1201.775;319.87;305.157
1291.1;1;Santa Rosa;final;1365.069;2595.055;1365.069;1155.055;93.694
1292;1;Santa Rosa;final;1184.375;1764.154;1184.375;324.154;292.267
1293;1;Santa Rosa;final;1133.542;1768.437;1133.542;328.437;272.234
1293.1;1;Santa Rosa;final;1319.402;2535.055;1319.402;1095.055;93.694
1294;1;Santa Rosa;final;1101.942;1772.72;1101.942;332.72;275.448
1294.1;1;Santa Rosa;final;1307.402;2509.721;1307.402;1069.721;93.694
1295;1;Santa Rosa;final;1270.958;1777.004;1270.958;337.004;298.729
1296;1;Santa Rosa;final;1171.775;1781.287;1171.775;341.287;272.234
1296.1;1;Santa Rosa;final;1293.665;2565.037;1293.665;1125.037;83.007
1297;1;Santa Rosa;final;1282.942;1785.57;1282.942;345.57;298.729
1298;1;Santa Rosa;final;1109.442;1789.854;1109.442;349.854;275.448
1298.1;1;Santa Rosa;final;1360.225;2517.055;1360.225;1077.055;103.215
1299;1;Santa Rosa;final;1284.309;1794.137;1284.309;354.137;312.76
1299.1;1;Santa Rosa;final;1496.452;2652.275;56.452;1212.275;126.708
1300;1;Santa Rosa;final;1245.258;1798.42;1245.258;358.42;289.053
1300.1;1;Santa Rosa;final;1371.373;2643.055;1371.373;1203.055;74.855
1301;1;Santa Rosa;final;1220.075;1802.704;1220.075;362.704;269.02
1301.1;1;Santa Rosa;final;1505.565;2614.387;65.565;1174.387;167.405
1302;1;Santa Rosa;final;557.131;1802.737;557.131;362.737;83.007
1303;1;Santa Rosa;final;1219.775;1814.437;1219.775;374.437;272.234
1304;1;Santa Rosa;final;584.431;1830.037;584.431;390.037;83.007
1305;1;Santa Rosa;final;1243.775;1865.137;1243.775;425.137;275.448
1305.1;1;Santa Rosa;final;1337.976;2642.737;1337.976;1202.737;62.383
1306;1;Santa Rosa;final;1289.608;1872.937;1289.608;432.937;269.02
1306.1;1;Santa Rosa;final;1447.725;2682.737;7.725;1242.737;106.651
1307;1;Santa Rosa;final;631.231;1876.837;631.231;436.837;83.007
1308;1;Santa Rosa;final;642.931;1888.537;642.931;448.537;83.007
1309;1;Santa Rosa;final;646.831;1892.437;646.831;452.437;83.007
1310;1;Santa Rosa;final;1191.307;1892.737;1191.307;452.737;243.874
1311;1;Santa Rosa;final;908.702;1371.118;908.702;1371.118;279.362
1311.1;1;Santa Rosa;final;1481.452;2327.737;41.452;887.737;216.862
1312;1;Santa Rosa;intermedia;727.558;747.0;727.558;747.0;282.862
1312;2;Santa Rosa;final;923.398;1401.118;923.398;1401.118;83.007
1312.1;1;Santa Rosa;final;1481.808;2263.618;41.808;823.618;246.725
1313;1;Santa Rosa;final;1220.468;1726.818;1220.468;286.818;300.7
1313.1;1;Santa Rosa;final;1271.402;2541.875;1271.402;1101.875;76.982
1314;1;Santa Rosa;final;1151.675;1735.384;1151.675;295.384;276.434
1314.1;1;Santa Rosa;final;1496.518;2547.055;56.518;1107.055;177.224
1315;1;Santa Rosa;final;1180.665;1743.951;1180.665;303.951;310.693
1315.1;1;Santa Rosa;final;1371.215;2495.218;1371.215;1055.218;145.11
1316;1;Santa Rosa;final;1071.942;1752.518;1071.942;312.518;269.972
1316.1;1;Santa Rosa;final;1445.118;2477.155;5.118;1037.155;157.191
1317;1;Santa Rosa;final;635.131;1761.084;635.131;321.084;145.11
1318;1;Santa Rosa;final;1247.135;1761.118;1247.135;321.118;303.914
1318.1;1;Santa Rosa;final;1295.402;2565.875;1295.402;1125.875;76.982
1319;1;Santa Rosa;final;1180.175;1765.401;1180.175;325.401;266.758
1319.1;1;Santa Rosa;final;1401.058;2576.388;1401.058;1136.388;103.215
1320;1;Santa Rosa;final;1202.425;1769.684;1202.425;329.684;299.681
1321;1;Santa Rosa;final;1219.558;1773.968;1219.558;333.968;276.434
1322;1;Santa Rosa;final;1236.907;1778.251;1236.907;338.251;302.763
1322.1;1;Santa Rosa;final;1441.981;2576.58;1.981;1136.58;136.074
1323;1;Santa Rosa;final;1140.775;1782.534;1140.775;342.534;269.972
1323.1;1;Santa Rosa;final;1281.39;2536.388;1281.39;1096.388;74.855
1324;1;Santa Rosa;final;1225.775;1786.818;1225.775;346.818;276.434
1324.1;1;Santa Rosa;final;1352.951;2619.055;1352.951;1179.055;76.007
1325;1;Santa Rosa;final;1236.692;1851.118;1236.692;411.118;282.862
1325.1;1;Santa Rosa;final;1374.723;2629.721;1374.723;1189.721;74.855
1326;1;Santa Rosa;final;1288.057;1858.034;1288.057;418.034;293.517
1327;1;Santa Rosa;final;1292.951;1864.951;1292.951;424.951;307.128
1327.1;1;Santa Rosa;final;1450.04;2616.875;10.04;1176.875;130.081
1328;1;Los Espinos;final;1177.767;1720.842;1177.767;280.842;291.753
1328.1;1;Los Espinos;final;1433.248;2543.666;1433.248;1103.666;161.452
1329;1;Los Espinos;final;1209.067;1740.842;1209.067;300.842;291.753
1330;1;Los Espinos;final;1220.817;1760.842;1220.817;320.842;291.753
1330.1;1;Los Espinos;final;1569.649;2590.056;129.649;1150.056;151.6
1331;1;Los Espinos;final;1300.665;1798.842;1300.665;358.842;294.23
1332;1;Los Espinos;final;1277.817;1816.842;1277.817;376.842;291.753
1333;1;Los Espinos;final;1172.55;1834.842;1172.55;394.842;229.664
1334;1;Los Espinos;final;1259.712;1791.438;1259.712;351.438;302.189
1334.1;1;Los Espinos;final;1415.5;2631.438;1415.5;1191.438;126.493
1335;1;Los Espinos;final;1399.377;1757.643;1399.377;317.643;289.72
1335.1;1;Los Espinos;final;1516.26;2838.675;76.26;1398.675;56.977
1336;1;Los Espinos;final;1261.688;1766.21;1261.688;326.21;275.235
1337;1;Los Espinos;final;1278.822;1774.776;1278.822;334.776;275.235
1337.1;1;Los Espinos;final;1379.972;2702.643;1379.972;1262.643;75.408
1338;1;Los Espinos;final;1295.955;1783.343;1295.955;343.343;275.235
1339;1;Los Espinos;final;1179.338;1791.91;1179.338;351.91;187.81
1340;1;Los Espinos;final;1176.022;1800.476;1176.022;360.476;187.81
1341;1;Los Espinos;final;1304.59;1809.043;1304.59;369.043;279.9
1342;1;Los Espinos;final;1322.59;1817.643;1322.59;377.643;279.9
1343;1;Los Espinos;final;535.822;1825.81;535.822;385.81;75.408
1344;1;Los Espinos;final;543.989;1833.976;543.989;393.976;75.408
1345;1;Los Espinos;final;552.156;1842.143;552.156;402.143;75.408
1346;1;Los Espinos;final;568.489;1858.476;568.489;418.476;75.408
1347;1;Los Espinos;final;1358.59;1866.643;1358.59;426.643;279.9
1348;1;Los Espinos;final;1470.217;1874.81;30.217;434.81;239.995
1349;1;Los Espinos;final;1253.122;1882.976;1253.122;442.976;183.365
1350;1;Los Espinos;final;1270.255;1907.643;1270.255;467.643;183.365
1351;1;Los Espinos;final;1244.555;2489.643;1244.555;1049.643;95.939
1352;1;Los Espinos;final;1193.155;1708.935;1193.155;268.935;258.095
1352.1;1;Los Espinos;final;1307.322;2621.643;1307.322;1181.643;75.408
1353;1;Los Espinos;final;560.322;1738.935;560.322;298.935;145.693
1354;1;Los Espinos;final;1201.722;1848.935;1201.722;408.935;166.224
1355;1;Los Espinos;final;980.339;1404.847;980.339;1404.847;276.861
1355.1;1;Los Espinos;final;1314.257;2393.995;1314.257;953.995;146.284
1356;1;Los Espinos;final;1239.221;1424.847;1239.221;1424.847;311.02
1356.1;1;Los Espinos;final;1287.486;2627.696;1287.486;1187.696;44.862
1357;1;Los Espinos;final;1291.659;1444.847;1291.659;4.847;309.185
1357.1;1;Los Espinos;final;1476.81;2648.302;36.81;1208.302;118.927
1358;1;Los Espinos;final;529.687;1743.414;529.687;303.414;76.891
1359;1;Los Espinos;final;1207.035;1751.981;1207.035;311.981;253.399
1360;1;Los Espinos;final;542.521;1760.547;542.521;320.547;76.891
1361;1;Los Espinos;final;555.354;1769.114;555.354;329.114;76.891
1362;1;Los Espinos;final;561.771;1777.681;561.771;337.681;76.891
1363;1;Los Espinos;final;1386.772;1786.247;1386.772;346.247;311.483
1363.1;1;Los Espinos;final;1477.596;2763.995;37.596;1323.995;72.977
1364;1;Los Espinos;final;1335.149;1794.814;1335.149;354.814;308.844
1364.1;1;Los Espinos;final;1383.889;2690.683;1383.889;1250.683;61.252
1365;1;Los Espinos;final;1294.551;1794.847;1294.551;354.847;254.17
1366;1;Los Espinos;final;1386.772;1801.764;1386.772;361.764;304.495
1367;1;Los Espinos;final;1233.808;1815.597;1233.808;375.597;212.705
1368;1;Los Espinos;final;1311.621;1850.181;1311.621;410.181;227.453
1369;1;Los Espinos;final;1277.794;1857.097;1277.794;417.097;252.718
1370;1;Los Espinos;final;1458.002;1870.931;18.002;430.931;309.902
1371;1;Los Espinos;final;1391.105;1877.847;1391.105;437.847;246.233
1372;1;Los Espinos;final;1465.439;1884.764;25.439;444.764;305.622
1373;1;Los Espinos;final;1365.657;1884.847;1365.657;444.847;257.987
1374;1;Los Espinos;final;1302.618;1756.037;1302.618;316.037;221.17
1375;1;Los Espinos;final;1331.391;1764.604;1331.391;324.604;292.281
1375.1;1;Los Espinos;final;1488.809;2679.958;48.809;1239.958;120.646
1376;1;Los Espinos;final;1195.871;1773.171;1195.871;333.171;230.398
1377;1;Los Espinos;final;1215.821;1781.737;1215.821;341.737;223.681
1378;1;Los Espinos;final;1368.435;1790.304;1368.435;350.304;247.471
1379;1;Los Espinos;final;1403.352;1807.437;1403.352;367.437;303.013
1380;1;Los Espinos;final;1320.029;1807.471;1320.029;367.471;312.118
1380.1;1;Los Espinos;final;1378.752;2723.108;1378.752;1283.108;40.13
1381;1;Los Espinos;final;1294.858;1871.637;1294.858;431.637;272.342
1381.1;1;Los Espinos;final;1482.089;2730.508;42.089;1290.508;77.374
1382;1;Los Espinos;final;1295.254;1884.471;1295.254;444.471;273.125
1383;1;Los Espinos;final;1348.639;1753.325;1348.639;313.325;302.182
1384;1;Los Espinos;final;1288.599;1763.325;1288.599;323.325;299.274
1384.1;1;Los Espinos;final;1360.101;2630.213;1360.101;1190.213;77.238
1385;1;Los Espinos;final;1227.601;1773.325;1227.601;333.325;300.969
1385.1;1;Los Espinos;final;1433.151;2609.937;1433.151;1169.937;105.908
1386;1;Los Espinos;final;1291.375;1783.325;1291.375;343.325;287.435
1386.1;1;Los Espinos;final;1489.872;2665.654;49.872;1225.654;116.343
1387;1;Los Espinos;final;1394.739;1793.325;1394.739;353.325;313.749
1387.1;1;Los Espinos;final;1480.277;2768.995;40.277;1328.995;74.778
1388;1;Los Espinos;final;1341.775;1803.325;1341.775;363.325;287.487
1388.1;1;Los Espinos;final;1506.758;2721.904;66.758;1281.904;90.082
1389;1;Los Espinos;final;1426.19;1883.325;1426.19;443.325;297.408
1390;1;Los Espinos;final;1244.782;1893.325;1244.782;453.325;254.633
1391;1;Los Espinos;final;535.408;1731.904;535.408;291.904;90.134
1392;1;Los Espinos;final;1296.651;1741.904;1296.651;301.904;303.453
1392.1;1;Los Espinos;final;1486.484;2678.787;46.484;1238.787;105.908
1393;1;Los Espinos;final;1354.404;1751.904;1354.404;311.904;306.647
1393.1;1;Los Espinos;final;1547.396;2768.296;107.396;1328.296;101.063
1394;1;Los Espinos;final;1322.703;1761.904;1322.703;321.904;290.426
1394.1;1;Los Espinos;final;1471.942;2700.825;31.942;1260.825;90.863
1395;1;Los Espinos;final;1332.022;1771.904;1332.022;331.904;314.056
1395.1;1;Los Espinos;final;1387.139;2723.72;1387.139;1283.72;47.829
1396;1;Los Espinos;final;1276.039;1781.904;1276.039;341.904;280.412
1397;1;Los Espinos;final;1349.041;1791.904;1349.041;351.904;311.624
1397.1;1;Los Espinos;final;1472.058;2721.904;32.058;1281.904;87.411
1398;1;Los Espinos;final;1381.934;1861.904;1381.934;421.904;303.401
1398.1;1;Los Espinos;final;1493.163;2763.287;53.163;1323.287;75.176
1399;1;La Reina;final;1164.796;1414.808;1164.796;1414.808;288.308
1399.1;1;La Reina;final;1284.312;2568.355;1284.312;1128.355;57.831
1400;1;La Reina;final;1075.047;1444.808;1075.047;4.808;299.134
1400.1;1;La Reina;final;1355.914;2498.089;1355.914;1058.089;114.299
1401;1;La Reina;final;1238.975;1759.808;1238.975;319.808;300.522
1401.1;1;La Reina;final;1472.214;2644.741;32.214;1204.741;112.201
1402;1;La Reina;final;1335.591;1774.808;1335.591;334.808;311.743
1402.1;1;La Reina;final;1466.858;2737.935;26.858;1297.935;78.815
1403;1;La Reina;final;1238.909;1789.808;1238.909;349.808;300.522
1403.1;1;La Reina;final;1423.955;2636.175;1423.955;1196.175;88.926
1404;1;La Reina;final;1341.029;1804.808;1341.029;364.808;294.613
1405;1;La Reina;final;1304.375;1814.808;1304.375;374.808;300.853
1405.1;1;La Reina;final;1506.481;2704.808;66.481;1264.808;112.201
1406;1;La Reina;final;1377.648;1824.808;1377.648;384.808;304.922
1407;1;La Reina;final;1333.414;1834.808;1333.414;394.808;296.926
1407.1;1;La Reina;final;1468.817;2733.856;28.817;1293.856;90.926
1408;1;La Reina;final;1319.679;1844.808;1319.679;404.808;282.954
1408.1;1;La Reina;final;1481.414;2723.355;41.414;1283.355;80.558
1409;1;La Reina;final;1321.155;2533.375;1321.155;1093.375;88.926
1410;1;La Reina;final;1295.502;1710.45;1295.502;270.45;289.935
1411;1;La Reina;final;1176.054;1719.017;1176.054;279.017;275.37
1411.1;1;La Reina;final;1439.212;2557.731;1439.212;1117.731;118.921
1412;1;La Reina;final;1179.37;1727.584;1179.37;287.584;245.157
1412.1;1;La Reina;final;1421.079;2577.108;1421.079;1137.108;111.363
1413;1;La Reina;final;1187.379;1736.15;1187.379;296.15;289.373
1413.1;1;La Reina;final;1386.463;2593.755;1386.463;1153.755;86.022
1414;1;La Reina;final;1318.968;1744.717;1318.968;304.717;259.691
1415;1;La Reina;final;1186.581;1753.284;1186.581;313.284;277.982
1415.1;1;La Reina;final;1541.139;2592.389;101.139;1152.389;180.334
1416;1;La Reina;final;1197.481;1761.85;1197.481;321.85;271.814
1416.1;1;La Reina;final;1558.272;2600.956;118.272;1160.956;180.334
1417;1;La Reina;final;1338.946;1761.884;1338.946;321.884;307.892
1418;1;La Reina;final;1128.703;1770.884;1128.703;330.884;195.345
1419;1;La Reina;final;1289.56;1779.884;1289.56;339.884;279.503
1420;1;La Reina;final;1274.862;1788.884;1274.862;348.884;292.084
1420.1;1;La Reina;final;1388.029;2678.355;1388.029;1238.355;58.518
1421;1;La Reina;final;1203.214;1797.884;1203.214;357.884;268.704
1421.1;1;La Reina;final;1389.689;2601.908;1389.689;1161.908;88.926
1422;1;La Reina;final;1284.862;1806.884;1284.862;366.884;289.373
1423;1;La Reina;final;1190.807;1815.884;1190.807;375.884;245.08
1424;1;La Reina;final;1316.874;1824.884;1316.874;384.884;263.66
1425;1;La Reina;final;1383.812;1833.884;1383.812;393.884;301.321
1426;1;La Reina;final;1424.82;1842.884;1424.82;402.884;298.851
1426.1;1;La Reina;final;1493.353;2839.018;53.353;1399.018;44.038
1427;1;La Reina;final;1310.846;1851.884;1310.846;411.884;289.373
1427.1;1;La Reina;final;1527.462;2715.855;87.462;1275.855;100.682
1428;1;La Reina;final;1434.431;1861.884;1434.431;421.884;301.964
1428.1;1;La Reina;final;1507.246;2818.041;67.246;1378.041;58.255
1429;1;La Reina;final;1320.846;1871.884;1320.846;431.884;289.373
1429.1;1;La Reina;final;1483.246;2725.455;43.246;1285.455;84.017
1430;1;La Reina;final;1315.275;1881.884;1315.275;441.884;268.723
1430.1;1;La Reina;final;1473.489;2714.808;33.489;1274.808;88.926
1431;1;La Reina;final;1360.846;1891.884;1360.846;451.884;289.373
1431.1;1;La Reina;final;1472.662;2765.021;32.662;1325.021;59.539
1432;1;La Reina;final;1340.846;1901.884;1340.846;461.884;265.949
1433;1;La Reina;final;1432.45;2521.884;1432.45;1081.884;156.022
1434;1;La Reina;final;1468.792;2531.884;28.792;1091.884;177.216
1435;1;Santa Rosa;final;1173.419;1800.14;1173.419;360.14;216.942
1436;1;Santa Rosa;final;1352.148;1810.14;1352.148;370.14;262.525
1437;1;Santa Rosa;final;1238.128;1820.14;1238.128;380.14;225.409
1438;1;Santa Rosa;final;1310.99;1830.14;1310.99;390.14;282.658
1439;1;Santa Rosa;final;1313.911;1840.14;1313.911;400.14;235.918
1440;1;Santa Rosa;final;1364.424;1850.14;1364.424;410.14;233.092
1441;1;Santa Rosa;final;1311.861;1860.14;1311.861;420.14;238.039
1442;1;Santa Rosa;final;1243.594;1870.14;1243.594;430.14;228.42
1443;1;Santa Rosa;final;1283.911;1880.14;1283.911;440.14;208.125
1444;1;Los Espinos;final;464.701;1399.763;464.701;1399.763;194.559
1445;1;Los Espinos;final;757.984;1429.763;757.984;1429.763;276.316
1445.1;1;Los Espinos;final;1291.699;2202.287;1291.699;762.287;156.557
1446;1;Los Espinos;final;1418.925;1789.763;1418.925;349.763;305.195
1446.1;1;Los Espinos;final;1477.139;2813.72;37.139;1373.72;47.829
1447;1;Los Espinos;final;1372.634;1798.763;1372.634;358.763;301.343
1448;1;Los Espinos;final;1355.374;1879.763;1355.374;439.763;248.285
1449;1;Los Espinos;final;1051.288;1387.359;1051.288;1387.359;293.557
1449.1;1;Los Espinos;final;1319.371;2471.987;1319.371;1031.987;94.99
1450;1;Los Espinos;final;1036.313;1417.359;1036.313;1417.359;314.069
1450.1;1;Los Espinos;final;1490.999;2391.154;50.999;951.154;203.496
1451;1;Los Espinos;final;1261.354;1717.359;1261.354;277.359;292.006
1452;1;Los Espinos;final;1317.035;1724.859;1317.035;284.859;307.608
1452.1;1;Los Espinos;final;1399.581;2699.221;1399.581;1259.221;64.248
1453;1;Los Espinos;final;1360.683;1732.359;1360.683;292.359;292.916
1454;1;Los Espinos;final;1281.227;1739.859;1281.227;299.859;296.879
1455;1;Los Espinos;final;1335.372;1747.359;1335.372;307.359;307.387
1455.1;1;Los Espinos;final;1484.648;2738.213;44.648;1298.213;88.146
1456;1;Los Espinos;final;1231.939;1754.859;1231.939;314.859;286.292
1456.1;1;Los Espinos;final;1442.534;2615.378;2.534;1175.378;103.709
1457;1;Los Espinos;final;1346.936;1762.359;1346.936;322.359;306.285
1458;1;Los Espinos;final;1301.955;1769.859;1301.955;329.859;291.455
1458.1;1;Los Espinos;final;1397.144;2678.995;1397.144;1238.995;74.778
1459;1;Los Espinos;final;1312.47;1777.359;1312.47;337.359;266.402
1460;1;Los Espinos;final;1195.254;1785.526;1195.254;345.526;230.355
1461;1;Los Espinos;final;1359.166;1793.693;1359.166;353.693;280.384
1462;1;Los Espinos;final;1384.674;1801.859;1384.674;361.859;309.424
1462.1;1;Los Espinos;final;1491.989;2735.708;51.989;1295.708;91.177
1463;1;Los Espinos;final;1202.572;1810.026;1202.572;370.026;231.812
1464;1;Los Espinos;final;1328.573;1818.193;1328.573;378.193;288.994
1464.1;1;Los Espinos;final;1424.674;2699.521;1424.674;1259.521;76.497
1465;1;Los Espinos;final;1413.661;1859.026;1413.661;419.026;293.905
1465.1;1;Los Espinos;final;1506.898;2760.692;66.898;1320.692;90.272
1466;1;Los Espinos;final;1460.563;1867.193;20.563;427.193;295.167
1466.1;1;Los Espinos;final;1519.104;2782.512;79.104;1342.512;80.286
1467;1;Los Espinos;final;1380.552;1867.359;1380.552;427.359;260.048
1468;1;Los Espinos;final;1292.47;1887.359;1292.47;447.359;232.064
1469;1;Los Espinos;final;1428.023;1897.359;1428.023;457.359;306.458
1469.1;1;Los Espinos;final;1482.572;2805.104;42.572;1365.104;53.893
1470;1;Los Espinos;final;1516.839;2470.693;76.839;1030.693;178.92
1471;1;Los Espinos;final;1364.674;2490.693;1364.674;1050.693;122.291
1472;1;Los Espinos;final;1336.421;2513.359;1336.421;1073.359;106.501
1473;1;Los Espinos;final;1277.772;1721.616;1277.772;281.616;298.344
1474;1;Los Espinos;final;548.055;1736.616;548.055;296.616;99.727
1475;1;Los Espinos;final;568.055;1751.616;568.055;311.616;99.727
1476;1;Los Espinos;final;1305.084;1766.616;1305.084;326.616;300.914
1476.1;1;Los Espinos;final;1376.354;2660.166;1376.354;1220.166;70.239
1477;1;Los Espinos;final;1262.618;1781.616;1262.618;341.616;278.916
1478;1;Los Espinos;final;1279.004;1791.616;1279.004;351.616;285.307
1478.1;1;Los Espinos;final;1556.084;2680.311;116.084;1240.311;145.847
1479;1;Los Espinos;final;1321.121;1801.616;1321.121;361.616;302.229
1479.1;1;Los Espinos;final;1396.555;2721.561;1396.555;1281.561;48.555
1480;1;Los Espinos;final;1375.838;1811.616;1375.838;371.616;306.702
1481;1;Los Espinos;final;1263.251;1841.616;1263.251;401.616;274.349
1482;1;Los Espinos;final;1355.513;1881.616;1355.513;441.616;290.695
1483;1;Los Espinos;final;1262.772;1891.616;1262.772;451.616;254.387
1484;1;Los Espinos;final;1389.204;1901.616;1389.204;461.616;302.229
1484.1;1;Los Espinos;final;1462.939;2796.561;22.939;1356.561;48.555
1485;1;Los Espinos;final;1247.772;1911.616;1247.772;471.616;237.465
1486;1;Los Espinos;final;1249.917;1746.561;1249.917;306.561;300.507
1487;1;Los Espinos;final;1309.004;1758.561;1309.004;318.561;311.466
1487.1;1;Los Espinos;final;1483.288;2714.061;43.288;1274.061;96.397
1488;1;Los Espinos;final;1184.672;1770.561;1184.672;330.561;246.702
1489;1;Los Espinos;final;1294.004;1782.561;1294.004;342.561;277.622
1489.1;1;Los Espinos;final;1414.284;2702.811;1414.284;1262.811;68.517
1490;1;Los Espinos;final;1427.754;1886.561;1427.754;446.561;311.937
1491;1;Santa Rosa;final;1365.163;1778.014;1365.163;338.014;270.396
1492;1;Santa Rosa;final;1456.654;1786.581;16.654;346.581;311.198
1493;1;Santa Rosa;final;483.153;1795.147;483.153;355.147;43.749
1494;1;Santa Rosa;final;1278.786;1803.714;1278.786;363.714;253.861
1495;1;Santa Rosa;final;1398.569;1748.37;1398.569;308.37;306.691
1496;1;Santa Rosa;final;1300.002;1752.97;1300.002;312.97;269.081
1497;1;Santa Rosa;final;1263.192;1757.57;1263.192;317.57;279.132
1497.1;1;Santa Rosa;final;1476.061;2619.976;36.061;1179.976;133.606
1498;1;Santa Rosa;final;540.269;1762.17;540.269;322.17;78.08
1499;1;Santa Rosa;final;1210.285;1766.77;1210.285;326.77;246.353
1500;1;Santa Rosa;final;1328.906;1771.37;1328.906;331.37;295.712
1501;1;Santa Rosa;final;523.047;1785.17;523.047;345.17;68.306
1502;1;Santa Rosa;final;1302.583;1794.37;1302.583;354.37;300.293
1502.1;1;Santa Rosa;final;1393.202;2735.132;1393.202;1295.132;43.387
1503;1;Santa Rosa;final;1390.181;1794.57;1390.181;354.57;310.982
1503.1;1;Santa Rosa;final;1489.504;2795.406;49.504;1355.406;59.762
1504;1;Santa Rosa;final;1418.446;1808.77;1418.446;368.77;304.026
1505;1;Santa Rosa;final;1361.54;1818.236;1361.54;378.236;310.436
1505.1;1;Santa Rosa;final;1508.763;2740.248;68.763;1300.248;100.375
1506;1;Santa Rosa;final;1310.736;1827.703;1310.736;387.703;251.669
1507;1;Santa Rosa;final;506.819;1837.17;506.819;397.17;38.05
1508;1;Santa Rosa;final;1329.553;1841.903;1329.553;401.903;248.362
1509;1;Santa Rosa;final;1259.103;1846.636;1259.103;406.636;241.004
1510;1;Santa Rosa;final;1339.553;1884.57;1339.553;444.57;258.684
1511;1;Los Espinos;final;1305.254;1754.678;1305.254;314.678;282.271
1511.1;1;Los Espinos;final;1473.809;2689.096;33.809;1249.096;106.335
1512;1;Los Espinos;final;1321.005;1774.678;1321.005;334.678;311.516
1512.1;1;Los Espinos;final;1461.258;2724.672;21.258;1284.672;75.766
1513;1;Los Espinos;final;1197.486;1794.678;1197.486;354.678;230.744
1514;1;Los Espinos;final;1331.554;1803.678;1331.554;363.678;302.128
1514.1;1;Los Espinos;final;1453.355;2717.696;13.355;1277.696;74.2
1515;1;Los Espinos;final;1417.139;1812.678;1417.139;372.678;309.829
1515.1;1;Los Espinos;final;1490.85;2826.573;50.85;1386.573;48.363
1516;1;Los Espinos;final;1262.47;1821.678;1262.47;381.678;241.651
1517;1;Los Espinos;final;1395.413;1830.678;1395.413;390.678;300.831
1518;1;Los Espinos;final;1349.271;1857.678;1349.271;417.678;263.427
1519;1;Los Espinos;final;1276.354;1866.678;1276.354;426.678;242.615
1520;1;Los Espinos;final;1251.922;1875.678;1251.922;435.678;253.391
1521;1;Los Espinos;final;1252.092;1884.678;1252.092;444.678;294.752
1521.1;1;Los Espinos;final;1391.63;2603.302;1391.63;1163.302;91.779
1522;1;Los Espinos;final;1210.405;1749.696;1210.405;309.696;251.028
1523;1;Los Espinos;final;1374.674;1761.696;1374.674;321.696;308.437
1523.1;1;Los Espinos;final;1525.277;2720.708;85.277;1280.708;119.218
1524;1;Los Espinos;final;1343.273;1773.696;1343.273;333.696;311.441
1524.1;1;Los Espinos;final;1399.622;2719.387;1399.622;1279.387;51.284
1525;1;Los Espinos;final;1286.36;1785.696;1286.36;345.696;279.069
1526;1;Los Espinos;final;1265.705;1797.696;1265.705;357.696;232.32
1527;1;Los Espinos;final;522.386;1804.612;522.386;364.612;55.769
1528;1;Los Espinos;final;1371.12;1811.529;1371.12;371.529;312.355
1528.1;1;Los Espinos;final;1480.614;2778.049;40.614;1338.049;60.058
1529;1;Los Espinos;final;536.22;1818.446;536.22;378.446;55.769
1530;1;Los Espinos;final;1398.466;1832.279;1398.466;392.279;290.03
1530.1;1;Los Espinos;final;1488.707;2772.854;48.707;1332.854;76.497
1531;1;Los Espinos;final;1361.031;1839.196;1361.031;399.196;272.272
1532;1;Los Espinos;final;563.886;1846.112;563.886;406.112;55.769
1533;1;Los Espinos;final;1475.437;1853.029;35.437;413.029;308.719
1534;1;Los Espinos;final;1339.689;1859.946;1339.689;419.946;259.527
1535;1;Los Espinos;final;1345.984;1866.862;1345.984;426.862;304.495
1536;1;Los Espinos;final;1187.486;1887.696;1187.486;447.696;195.423
1537;1;Vespucio Norte;intermedia;614.839;632.0;614.839;632.0;263.084
1537;2;Vespucio Norte;intermedia;961.773;984.0;961.773;984.0;96.05
1537;3;Vespucio Norte;final;1090.956;1434.396;1090.956;1434.396;38.07
1537.1;1;Vespucio Norte;final;1346.243;2527.196;1346.243;1087.196;94.124
1538;1;Vespucio Norte;final;1031.596;1464.396;1031.596;24.396;295.375
1538.1;1;Vespucio Norte;final;1453.179;2469.654;13.179;1029.654;164.235
1539;1;Vespucio Norte;intermedia;817.367;834.0;817.367;834.0;277.481
1539;2;Vespucio Norte;final;1113.373;1494.396;1113.373;54.396;77.982
1539.1;1;Vespucio Norte;final;1483.956;2552.396;43.956;1112.396;147.124
1540;1;Vespucio Norte;final;444.052;1629.396;444.052;189.396;132.61
1541;1;Vespucio Norte;final;1286.277;1764.396;1286.277;324.396;283.982
1542;1;Vespucio Norte;final;1222.206;1776.396;1222.206;336.396;249.94
1542.1;1;Vespucio Norte;final;1390.859;2662.257;1390.859;1222.257;69.266
1543;1;Vespucio Norte;final;1205.951;1788.396;1205.951;348.396;228.363
1544;1;Vespucio Norte;final;1312.317;1800.396;1312.317;360.396;283.603
1544.1;1;Vespucio Norte;final;1513.743;2754.396;73.743;1314.396;94.124
1545;1;Vespucio Norte;final;1435.473;1812.396;1435.473;372.396;313.665
1546;1;Vespucio Norte;final;1275.689;1824.396;1275.689;384.396;245.996
1547;1;Vespucio Norte;final;1159.764;1834.396;1159.764;394.396;201.769
1548;1;Vespucio Norte;final;1378.239;1844.396;1378.239;404.396;282.792
1548.1;1;Vespucio Norte;final;1453.956;2814.396;13.956;1374.396;38.07
1549;1;Vespucio Norte;final;1230.206;1854.396;1230.206;414.396;220.046
1550;1;Vespucio Norte;final;1325.689;1874.396;1325.689;434.396;240.25
1551;1;Vespucio Norte;final;1233.601;1884.396;1233.601;444.396;209.812
1552;1;Vespucio Norte;final;1238.617;1914.396;1238.617;474.396;209.812
1553;1;Vespucio Norte;final;1527.077;2532.396;87.077;1092.396;169.675
1554;1;Vespucio Norte;final;1468.956;2544.396;28.956;1104.396;147.124
1555;1;Santa Rosa;final;1335.065;1735.915;1335.065;295.915;305.641
1555.1;1;Santa Rosa;final;1385.166;2692.042;1385.166;1252.042;58.003
1556;1;Santa Rosa;final;1304.192;1744.481;1304.192;304.481;276.071
1557;1;Santa Rosa;final;1356.596;1753.048;1356.596;313.048;305.806
1557.1;1;Santa Rosa;final;1490.8;2710.397;50.8;1270.397;100.386
1558;1;Santa Rosa;final;1272.685;1761.615;1272.685;321.615;265.286
1559;1;Santa Rosa;final;1373.621;1770.181;1373.621;330.181;309.352
1559.1;1;Santa Rosa;final;1486.654;2755.915;46.654;1315.915;73.059
1560;1;Santa Rosa;final;1358.015;1778.748;1358.015;338.748;269.625
1561;1;Santa Rosa;final;1295.896;1787.315;1295.896;347.315;283.438
1561.1;1;Santa Rosa;final;1399.148;2646.097;1399.148;1206.097;91.53
1562;1;Santa Rosa;final;1411.019;1795.881;1411.019;355.881;311.406
1562.1;1;Santa Rosa;final;1512.148;2844.214;72.148;1404.214;53.727
1563;1;Santa Rosa;final;1391.031;1795.915;1391.031;355.915;305.896
1564;1;Santa Rosa;final;1332.346;1804.081;1332.346;364.081;268.944
1565;1;Santa Rosa;final;1436.424;1812.248;1436.424;372.248;308.941
1565.1;1;Santa Rosa;final;1527.378;2840.56;87.378;1400.56;58.212
1566;1;Santa Rosa;final;1481.281;1828.581;41.281;388.581;231.201
1567;1;Santa Rosa;final;1419.488;1836.748;1419.488;396.748;311.688
1567.1;1;Santa Rosa;final;1465.083;2780.575;25.083;1340.575;58.003
1568;1;Santa Rosa;final;1264.93;1885.748;1264.93;445.748;224.389
1569;1;Santa Rosa;final;1436.561;1885.915;1436.561;445.915;253.378
1570;1;Los Espinos;final;1256.682;1763.794;1256.682;323.794;287.644
1571;1;Los Espinos;final;1407.124;1778.794;1407.124;338.794;314.695
1571.1;1;Los Espinos;final;1522.19;2822.507;82.19;1382.507;64.953
1572;1;Los Espinos;final;1338.982;1793.794;1338.982;353.794;305.257
1572.1;1;Los Espinos;final;1525.267;2708.513;85.267;1268.513;111.737
1573;1;Los Espinos;final;1296.484;1811.794;1296.484;371.794;292.589
1573.1;1;Los Espinos;final;1414.749;2677.287;1414.749;1237.287;77.404
1574;1;Los Espinos;final;1363.394;1874.794;1363.394;434.794;299.182
1575;1;Los Espinos;final;1322.757;1883.794;1322.757;443.794;257.306
1576;1;Los Espinos;final;939.463;1461.904;939.463;21.904;308.254
1576.1;1;Los Espinos;final;1347.251;2311.054;1347.251;871.054;157.015
1577;1;Los Espinos;final;1276.375;1641.904;1276.375;201.904;314.295
1577.1;1;Los Espinos;final;1405.275;2646.904;1405.275;1206.904;87.411
1578;1;Los Espinos;final;1153.132;1731.904;1153.132;291.904;296.911
1578.1;1;Los Espinos;final;1378.18;2497.363;1378.18;1057.363;124.783
1579;1;Los Espinos;final;1102.267;1743.904;1102.267;303.904;274.177
1579.1;1;Los Espinos;final;1552.634;2507.887;112.634;1067.887;191.833
1580;1;Los Espinos;final;1360.291;1755.904;1360.291;315.904;314.295
1581;1;Los Espinos;final;1312.955;1767.904;1312.955;327.904;300.178
1582;1;Los Espinos;final;1327.271;1779.904;1327.271;339.904;291.753
1583;1;Los Espinos;final;1253.017;1791.904;1253.017;351.904;284.732
1583.1;1;Los Espinos;final;1379.266;2637.287;1379.266;1197.287;78.281
1584;1;Los Espinos;final;1339.999;1872.904;1339.999;432.904;296.911
1584.1;1;Los Espinos;final;1495.277;2684.863;55.277;1244.863;117.466
1585;1;Santa Rosa;final;1410.825;1737.098;1410.825;297.098;309.151
1585.1;1;Santa Rosa;final;1485.141;2807.098;45.141;1367.098;55.972
1586;1;Santa Rosa;final;1258.925;1752.098;1258.925;312.098;252.889
1587;1;Santa Rosa;final;1234.119;1767.098;1234.119;327.098;258.78
1588;1;Santa Rosa;final;1211.002;1782.098;1211.002;342.098;225.656
1589;1;Santa Rosa;final;1303.925;1797.098;1303.925;357.098;252.889
1590;1;Santa Rosa;final;1388.341;1812.098;1388.341;372.098;281.02
1591;1;Santa Rosa;final;1450.635;1887.098;10.635;447.098;279.413
1592;1;Santa Rosa;final;1307.896;1720.397;1307.896;280.397;306.747
1592.1;1;Santa Rosa;final;1377.081;2656.397;1377.081;1216.397;66.949
1593;1;Santa Rosa;final;1364.465;1724.68;1364.465;284.68;310.675
1594;1;Santa Rosa;final;1317.807;1728.963;1317.807;288.963;314.724
1594.1;1;Santa Rosa;final;1375.002;2722.76;1375.002;1282.76;36.539
1595;1;Santa Rosa;final;1265.314;1733.247;1265.314;293.247;307.037
1595.1;1;Santa Rosa;final;1346.067;2645.068;1346.067;1205.068;64.866
1596;1;Santa Rosa;final;1281.519;1737.53;1281.519;297.53;283.427
1596.1;1;Santa Rosa;final;1384.298;2710.881;1384.298;1270.881;53.727
1597;1;Santa Rosa;final;1218.269;1741.813;1218.269;301.813;254.623
1598;1;Santa Rosa;final;1286.696;1750.38;1286.696;310.38;308.091
1599;1;Santa Rosa;final;1327.929;1754.663;1327.929;314.663;305.44
1599.1;1;Santa Rosa;final;1490.698;2676.647;50.698;1236.647;97.595
1600;1;Santa Rosa;final;1280.686;1763.23;1280.686;323.23;282.745
1600.1;1;Santa Rosa;final;1457.276;2709.881;17.276;1269.881;75.865
1601;1;Santa Rosa;final;1271.935;1767.513;1271.935;327.513;286.312
1602;1;Santa Rosa;final;1369.203;1776.08;1369.203;336.08;296.76
1602.1;1;Santa Rosa;final;1472.453;2798.881;32.453;1358.881;51.148
1603;1;Santa Rosa;final;1298.176;1780.397;1298.176;340.397;295.234
1604;1;Santa Rosa;final;1472.112;1823.23;32.112;383.23;300.071
1605;1;Santa Rosa;final;1439.164;1861.78;1439.164;421.78;310.443
1605.1;1;Santa Rosa;final;1484.044;2798.859;44.044;1358.859;57.622
1606;1;Santa Rosa;final;1384.924;1870.397;1384.924;430.397;311.877
1606.1;1;Santa Rosa;final;1515.491;2757.306;75.491;1317.306;94.349
1607;1;Santa Rosa;final;1327.274;1742.186;1327.274;302.186;312.254
1607.1;1;Santa Rosa;final;1532.624;2700.539;92.624;1260.539;125.735
1608;1;Santa Rosa;final;1173.253;1754.186;1173.253;314.186;241.788
1609;1;Santa Rosa;final;484.953;1766.186;484.953;326.186;55.727
1610;1;Santa Rosa;final;496.186;1778.186;496.186;338.186;55.727
1611;1;Santa Rosa;final;1359.748;1790.186;1359.748;350.186;270.553
1612;1;Santa Rosa;final;1384.286;1802.186;1384.286;362.186;309.922
1612.1;1;Santa Rosa;final;1485.482;2817.547;45.482;1377.547;53.727
1613;1;Santa Rosa;final;1354.298;1813.436;1354.298;373.436;296.911
1613.1;1;Santa Rosa;final;1518.294;2714.618;78.294;1274.618;118.0
1614;1;Santa Rosa;final;1300.862;1824.686;1300.862;384.686;226.943
1615;1;Santa Rosa;final;1361.158;1835.936;1361.158;395.936;264.264
1616;1;Santa Rosa;final;507.993;1847.186;507.993;407.186;39.685
1617;1;Santa Rosa;final;1206.993;1858.436;1206.993;418.436;205.679
1618;1;Santa Rosa;final;1290.993;1869.686;1290.993;429.686;222.279
1619;1;Santa Rosa;final;1328.185;1880.936;1328.185;440.936;230.514
1620;1;Santa Rosa;final;1428.619;1892.186;1428.619;452.186;284.289
1620.1;1;Santa Rosa;final;1506.038;2858.881;66.038;1418.881;38.264
1621;1;Santa Rosa;final;1129.598;1413.342;1129.598;1413.342;311.015
1621.1;1;Santa Rosa;final;1480.716;2492.642;40.716;1052.642;153.915
1622;1;Santa Rosa;final;1227.882;1433.342;1227.882;1433.342;303.035
1622.1;1;Santa Rosa;final;1365.065;2594.209;1365.065;1154.209;83.167
1623;1;Santa Rosa;final;1021.914;1453.342;1021.914;13.342;309.904
1623.1;1;Santa Rosa;final;1447.298;2410.368;7.298;970.368;177.241
1624;1;Santa Rosa;final;704.648;1393.138;704.648;1393.138;312.601
1624.1;1;Santa Rosa;final;1496.608;2133.502;56.608;693.502;274.18
1625;1;Santa Rosa;final;715.131;1423.138;715.131;1423.138;312.601
1625.1;1;Santa Rosa;final;1462.869;2144.752;22.869;704.752;264.471
1626;1;Vespucio Norte;final;176.085;1432.514;176.085;1432.514;95.781
1627;1;Vespucio Norte;final;694.725;1452.514;694.725;12.514;307.697
1627.1;1;Vespucio Norte;final;1404.817;2017.521;1404.817;577.521;275.696
1628;1;Vespucio Norte;final;216.085;1472.514;216.085;32.514;95.781
1629;1;Vespucio Norte;intermedia;815.279;842.0;815.279;842.0;294.401
1629;2;Vespucio Norte;final;1173.289;1492.514;1173.289;52.514;87.311
1629.1;1;Vespucio Norte;final;1307.805;2552.119;1307.805;1112.119;85.152
1630;1;Vespucio Norte;final;474.052;1349.452;474.052;1349.452;279.71
1631;1;Vespucio Norte;final;556.839;1369.452;556.839;1369.452;291.894
1631.1;1;Vespucio Norte;final;1437.427;1996.896;1437.427;556.896;264.274
1632;1;Vespucio Norte;intermedia;673.367;708.0;673.367;708.0;304.155
1632;2;Vespucio Norte;intermedia;922.817;949.0;922.817;949.0;62.331
1632;3;Vespucio Norte;final;1245.689;1389.452;1245.689;1389.452;96.05
1633;1;Vespucio Norte;intermedia;764.477;784.0;764.477;784.0;312.145
1633;2;Vespucio Norte;final;957.686;1409.452;957.686;1409.452;52.512
1633.1;1;Vespucio Norte;final;1210.761;2398.273;1210.761;958.273;86.178
1634;1;Vespucio Norte;final;944.096;1439.452;944.096;1439.452;313.553
1634.1;1;Vespucio Norte;final;1477.179;2384.154;37.179;944.154;193.556
1635;1;Los Espinos;final;1342.072;1748.394;1342.072;308.394;305.724
1635.1;1;Los Espinos;final;1425.121;2708.394;1425.121;1268.394;68.837
1636;1;Los Espinos;final;1348.821;1768.394;1348.821;328.394;291.527
1636.1;1;Los Espinos;final;1517.138;2720.006;77.138;1280.006;101.898
1637;1;Los Espinos;final;1363.738;1788.394;1363.738;348.394;291.527
1638;1;Los Espinos;final;1368.471;1796.561;1368.471;356.561;291.527
1638.1;1;Los Espinos;final;1483.982;2737.19;43.982;1297.19;77.37
1639;1;Los Espinos;final;1340.171;1812.894;1340.171;372.894;284.718
1639.1;1;Los Espinos;final;1460.616;2709.306;20.616;1269.306;77.37
1640;1;Los Espinos;final;1355.121;1829.228;1355.121;389.228;277.912
1641;1;Los Espinos;final;1448.938;1878.394;8.938;438.394;291.527
1642;1;Los Espinos;final;1365.121;1742.056;1365.121;302.056;310.973
1643;1;Los Espinos;final;1312.116;1754.056;1312.116;314.056;293.252
1643.1;1;Los Espinos;final;1526.816;2664.674;86.816;1224.674;120.567
1644;1;Los Espinos;final;1385.121;1766.056;1385.121;326.056;310.973
1645;1;Los Espinos;final;1366.555;1790.056;1366.555;350.056;313.291
1645.1;1;Los Espinos;final;1444.071;2777.481;4.071;1337.481;48.186
1646;1;Los Espinos;final;1323.417;1798.223;1323.417;358.223;289.259
1647;1;Los Espinos;final;1270.705;1806.39;1270.705;366.39;250.359
1648;1;Los Espinos;final;1280.305;1814.556;1280.305;374.556;250.359
1649;1;Los Espinos;final;1391.932;1822.723;1391.932;382.723;293.252
1650;1;Los Espinos;final;1270.171;1847.223;1270.171;407.223;243.55
1651;1;Los Espinos;final;1280.171;1855.39;1280.171;415.39;243.55
1652;1;Los Espinos;final;1407.782;1863.556;1407.782;423.556;286.446
1653;1;Los Espinos;final;1343.934;1871.723;1343.934;431.723;289.259
1653.1;1;Los Espinos;final;1467.515;2709.466;27.515;1269.466;99.363
1654;1;Los Espinos;final;1232.715;1879.89;1232.715;439.89;242.228
1655;1;Los Espinos;final;1425.489;1880.056;1425.489;440.056;284.975
1655.1;1;Los Espinos;final;1475.5;2796.438;35.5;1356.438;64.404
1656;1;Los Espinos;final;1497.755;1890.056;57.755;450.056;310.976
1657;1;Los Espinos;final;1260.665;1900.056;1260.665;460.056;234.982
1658;1;Vespucio Norte;final;1289.311;1764.396;1289.311;324.396;255.839
1659;1;Vespucio Norte;final;1285.689;1776.396;1285.689;336.396;273.753
1659.1;1;Vespucio Norte;final;1501.523;2720.646;61.523;1280.646;96.05
1660;1;Vespucio Norte;final;1307.493;1788.396;1307.493;348.396;281.647
1661;1;Vespucio Norte;final;1422.623;1800.396;1422.623;360.396;313.665
1661.1;1;Vespucio Norte;final;1498.956;2859.396;58.956;1419.396;38.07
1662;1;Vespucio Norte;final;1181.034;1812.396;1181.034;372.396;219.502
1663;1;Vespucio Norte;final;1268.617;1824.396;1268.617;384.396;245.451
1664;1;Vespucio Norte;final;1429.179;1832.562;1429.179;392.562;313.946
1665;1;Vespucio Norte;final;1232.423;1840.729;1232.423;400.729;240.743
1666;1;Vespucio Norte;final;1448.189;1848.896;8.189;408.896;301.839
1667;1;Vespucio Norte;final;1339.689;1857.062;1339.689;417.062;276.382
1668;1;Vespucio Norte;final;1372.317;1865.229;1372.317;425.229;275.345
1669;1;Vespucio Norte;final;1150.651;1873.396;1150.651;433.396;187.471
1670;1;Vespucio Norte;final;1246.206;1881.562;1246.206;441.562;217.909
1671;1;Vespucio Norte;final;1262.206;1889.729;1262.206;449.729;238.607
1671.1;1;Vespucio Norte;final;1488.189;2698.146;48.189;1258.146;96.05
1672;1;Vespucio Norte;final;1467.959;1897.896;27.959;457.896;308.754
1672.1;1;Vespucio Norte;final;1490.451;2776.858;50.451;1336.858;71.51
1673;1;Vespucio Norte;final;1328.617;1906.062;1328.617;466.062;243.315
1674;1;Vespucio Norte;final;1238.017;1914.229;1238.017;474.229;209.483
1675;1;Vespucio Norte;final;1379.567;1914.396;1379.567;474.396;256.12
1676;1;Vespucio Norte;final;1495.985;2520.396;55.985;1080.396;157.995
1677;1;Vespucio Norte;final;1457.527;2536.396;17.527;1096.396;129.763
1678;1;Vespucio Norte;final;1319.623;2544.396;1319.623;1104.396;75.846
1679;1;Santa Rosa;final;1375.953;1724.618;1375.953;284.618;297.436
1679.1;1;Santa Rosa;final;1512.919;2810.881;72.919;1370.881;70.91
1680;1;Santa Rosa;final;1413.683;1754.618;1413.683;314.618;298.479
1681;1;Santa Rosa;final;1372.79;1784.618;1372.79;344.618;275.014
1681.1;1;Santa Rosa;final;1525.896;2755.248;85.896;1315.248;100.375
1682;1;Santa Rosa;final;1339.594;1829.618;1339.594;389.618;262.395
1683;1;Santa Rosa;final;617.376;1394.392;617.376;1394.392;298.673
1683.1;1;Santa Rosa;final;1277.631;2005.828;1277.631;565.828;208.654
1684;1;La Reina;final;1005.979;1424.107;1005.979;1424.107;295.594
1684.1;1;La Reina;final;1496.079;2426.788;56.079;986.788;172.517
1685;1;La Reina;final;1068.109;1711.241;1068.109;271.241;273.077
1685.1;1;La Reina;final;1307.039;2481.908;1307.039;1041.908;88.926
1686;1;La Reina;final;1093.109;1719.807;1093.109;279.807;273.077
1686.1;1;La Reina;final;1332.739;2507.608;1332.739;1067.608;88.926
1687;1;La Reina;final;1080.609;1728.374;1080.609;288.374;273.077
1687.1;1;La Reina;final;1324.172;2499.041;1324.172;1059.041;88.926
1688;1;La Reina;final;1105.609;1736.941;1105.609;296.941;273.077
1688.1;1;La Reina;final;1394.464;2516.175;1394.464;1076.175;112.201
1689;1;La Reina;final;1128.909;1745.507;1128.909;305.507;273.077
1689.1;1;La Reina;final;1312.589;2524.808;1312.589;1084.808;88.926
1690;1;La Reina;final;1204.862;1754.074;1204.862;314.074;292.531
1690.1;1;La Reina;final;1358.696;2611.305;1358.696;1171.305;59.539
1691;1;La Reina;final;1267.367;1754.107;1267.367;314.107;294.592
1691.1;1;La Reina;final;1343.414;2581.884;1343.414;1141.884;83.979
1692;1;La Reina;final;1191.246;1763.107;1191.246;323.107;258.27
1693;1;La Reina;final;1339.546;1772.107;1339.546;332.107;300.412
1694;1;La Reina;final;1264.862;1781.107;1264.862;341.107;292.531
1695;1;La Reina;final;1269.029;1790.107;1269.029;350.107;291.762
1695.1;1;La Reina;final;1499.329;2674.055;59.329;1234.055;107.64
1696;1;La Reina;final;1330.262;1854.107;1330.262;414.107;294.821
1696.1;1;La Reina;final;1530.346;2738.355;90.346;1298.355;96.09
1697;1;La Reina;final;1315.362;1864.107;1315.362;424.107;267.141
1698;1;La Reina;final;585.962;1413.856;585.962;1413.856;192.504
1699;1;La Reina;final;1055.609;1443.856;1055.609;3.856;296.846
1699.1;1;La Reina;final;1298.472;2473.341;1298.472;1033.341;88.926
1700;1;La Reina;final;1218.909;1743.856;1218.909;303.856;296.846
1700.1;1;La Reina;final;1391.85;2618.089;1391.85;1178.089;90.926
1701;1;La Reina;final;1326.612;1773.856;1326.612;333.856;311.566
1701.1;1;La Reina;final;1456.079;2738.305;16.079;1298.305;66.173
1702;1;La Reina;final;1347.446;1803.856;1347.446;363.856;295.422
1702.1;1;La Reina;final;1459.329;2751.688;19.329;1311.688;59.539
1703;1;La Reina;final;1371.562;1813.856;1371.562;373.856;308.93
1704;1;La Reina;final;1292.346;1823.856;1292.346;383.856;277.194
1705;1;La Reina;final;1194.836;1833.856;1194.836;393.856;248.53
1705.1;1;La Reina;final;1471.519;2594.241;31.519;1154.241;126.833
1706;1;La Reina;final;1352.848;1843.856;1352.848;403.856;306.709
1706.1;1;La Reina;final;1485.098;2714.386;45.098;1274.386;99.129
1707;1;La Reina;final;1219.281;1853.856;1219.281;413.856;246.318
1707.1;1;La Reina;final;1406.822;2619.041;1406.822;1179.041;88.926
1708;1;La Reina;final;1304.312;1863.856;1304.312;423.856;272.603
1709;1;La Reina;final;1305.896;1883.856;1305.896;443.856;256.834
1710;1;La Reina;final;1408.731;1893.856;1408.731;453.856;307.294
1711;1;La Reina;final;1306.184;2532.422;1306.184;1092.422;90.926
1712;1;La Reina;final;1489.739;2549.556;49.739;1109.556;180.334
1713;1;La Reina;final;1543.817;2609.522;103.817;1169.522;182.776
1714;1;La Reina;final;1392.45;2643.856;1392.45;1203.856;90.926
1715;1;Los Espinos;final;817.305;1387.341;817.305;1387.341;300.362
1715.1;1;Los Espinos;final;1382.671;2217.556;1382.671;777.556;176.13
1716;1;Los Espinos;intermedia;934.896;967.0;934.896;967.0;312.716
1716;2;Los Espinos;final;1191.379;1407.341;1191.379;1407.341;94.613
1716.1;1;Los Espinos;final;1468.355;2562.738;28.355;1122.738;174.667
1717;1;Los Espinos;final;890.055;1427.341;890.055;1427.341;293.556
1717.1;1;Los Espinos;final;1552.516;2295.056;112.516;855.056;225.829
1718;1;Los Espinos;final;1014.438;1447.341;1014.438;7.341;300.362
1718.1;1;Los Espinos;final;1500.896;2410.056;60.896;970.056;204.886
1719;1;Los Espinos;final;1396.871;1792.341;1396.871;352.341;293.556
1720;1;Los Espinos;final;1373.205;1796.091;1373.205;356.091;300.362
1721;1;Los Espinos;final;1314.512;1799.841;1314.512;359.841;310.227
1721.1;1;Los Espinos;final;1410.751;2691.221;1410.751;1251.221;72.498
1722;1;Los Espinos;final;1392.138;1803.591;1392.138;363.591;300.362
1722.1;1;Los Espinos;final;1470.989;2760.056;30.989;1320.056;69.093
1723;1;Los Espinos;final;1387.405;1807.341;1387.405;367.341;293.556
1723.1;1;Los Espinos;final;1501.116;2754.323;61.116;1314.323;77.37
1724;1;Los Espinos;final;1401.605;1811.091;1401.605;371.091;300.362
1725;1;Los Espinos;final;1277.116;1814.841;1277.116;374.841;262.219
1726;1;Los Espinos;final;1406.338;1818.591;1406.338;378.591;300.362
1727;1;Los Espinos;final;1471.088;1883.674;31.088;443.674;300.362
1727.1;1;Los Espinos;final;1586.782;2839.99;146.782;1399.99;77.37
1728;1;Los Espinos;final;1367.116;1887.757;1367.116;447.757;262.219
1729;1;Los Espinos;final;1400.5;1891.841;1400.5;451.841;292.103
1729.1;1;Los Espinos;final;1509.253;2779.466;69.253;1339.466;85.027
1730;1;Los Espinos;final;1249.205;1895.924;1249.205;455.924;219.324
1731;1;Los Espinos;final;1457.755;1900.007;17.755;460.007;293.556
1732;1;Los Espinos;final;1453.308;1904.091;13.308;464.091;303.624
1733;1;Los Espinos;final;1249.57;1908.174;1249.57;468.174;217.959
1734;1;Los Espinos;final;1381.366;1912.257;1381.366;472.257;269.026
1735;1;Los Espinos;final;1491.088;1957.341;51.088;517.341;293.556
1736;1;Los Espinos;final;1477.755;2511.741;37.755;1071.741;151.904
1737;1;Los Espinos;final;1537.755;2569.341;97.755;1129.341;151.904
1738;1;Los Espinos;final;1005.85;1400.056;1005.85;1400.056;313.539
1738.1;1;Los Espinos;final;1214.284;2420.766;1214.284;980.766;96.885
1739;1;Los Espinos;final;920.216;1420.056;920.216;1420.056;300.058
1739.1;1;Los Espinos;final;1329.621;2272.341;1329.621;832.341;151.904
1740;1;Los Espinos;final;937.216;1440.056;937.216;0.056;300.058
1740.1;1;Los Espinos;final;1466.849;2292.341;26.849;852.341;194.796
1741;1;Los Espinos;final;959.682;1460.056;959.682;20.056;300.058
1741.1;1;Los Espinos;final;1368.021;2312.341;1368.021;872.341;151.904
1742;1;Los Espinos;final;539.538;1475.056;539.538;35.056;182.936
1743;1;Los Espinos;final;1043.939;1520.056;1043.939;80.056;291.781
1743.1;1;Los Espinos;final;1444.205;2460.394;4.205;1020.394;143.069
1744;1;Los Espinos;final;1203.717;1580.056;1203.717;140.056;313.539
1745;1;Los Espinos;final;1233.666;1610.056;1233.666;170.056;300.058
1745.1;1;Los Espinos;final;1544.421;2578.941;104.421;1138.941;151.904
1746;1;Los Espinos;final;1253.666;1640.056;1253.666;200.056;300.058
1746.1;1;Los Espinos;final;1363.221;2598.141;1363.221;1158.141;77.675
1747;1;Los Espinos;final;1320.171;1685.056;1320.171;245.056;310.973
1747.1;1;Los Espinos;final;1524.421;2693.456;84.421;1253.456;108.707
1748;1;Los Espinos;final;1330.171;1715.056;1330.171;275.056;310.973
1748.1;1;Los Espinos;final;1531.088;2698.74;91.088;1258.74;108.707
1749;1;Los Espinos;final;1252.072;1730.056;1252.072;290.056;284.975
1749.1;1;Los Espinos;final;1490.5;2618.394;50.5;1178.394;134.81
1750;1;Los Espinos;final;1292.072;1733.806;1292.072;293.806;284.975
1750.1;1;Los Espinos;final;1375.121;2658.394;1375.121;1218.394;68.837
1751;1;Los Espinos;final;1327.116;1737.556;1327.116;297.556;300.058
1751.1;1;Los Espinos;final;1425.271;2678.874;1425.271;1238.874;77.675
1752;1;Los Espinos;final;1262.072;1741.306;1262.072;301.306;284.975
1752.1;1;Los Espinos;final;1551.088;2628.394;111.088;1188.394;143.069
1753;1;Los Espinos;final;1332.116;1745.056;1332.116;305.056;300.058
1753.1;1;Los Espinos;final;1510.989;2683.607;70.989;1243.607;112.29
1754;1;Los Espinos;final;1298.041;1748.806;1298.041;308.806;303.409
1755;1;Los Espinos;final;1317.116;1756.306;1317.116;316.306;293.252
1755.1;1;Los Espinos;final;1415.805;2669.407;1415.805;1229.407;77.675
1756;1;Los Espinos;final;1322.072;1760.056;1322.072;320.056;291.781
1756.1;1;Los Espinos;final;1518.249;2688.394;78.249;1248.394;111.732
1757;1;Los Espinos;final;1189.105;1763.806;1189.105;323.806;250.359
1758;1;Los Espinos;final;1362.116;1767.556;1362.116;327.556;293.252
1758.1;1;Los Espinos;final;1561.082;2707.341;121.082;1267.341;120.567
1759;1;Los Espinos;final;1337.116;1771.306;1337.116;331.306;293.252
1759.1;1;Los Espinos;final;1434.738;2688.341;1434.738;1248.341;77.675
1760;1;Los Espinos;final;1237.105;1775.056;1237.105;335.056;257.165
1761;1;Los Espinos;final;1312.072;1778.806;1312.072;338.806;284.975
1761.1;1;Los Espinos;final;1509.682;2678.394;69.682;1238.394;111.732
1762;1;Los Espinos;final;1382.116;1782.556;1382.116;342.556;300.058
1762.1;1;Los Espinos;final;1578.216;2727.341;138.216;1287.341;120.567
1763;1;Los Espinos;final;1387.116;1786.306;1387.116;346.306;300.058
1764;1;Los Espinos;final;1300.903;1790.056;1300.903;350.056;281.962
1764.1;1;Los Espinos;final;1470.441;2707.291;30.441;1267.291;95.194
1765;1;Los Espinos;final;1386.649;1794.14;1386.649;354.14;300.058
1766;1;Los Espinos;final;1265.905;1798.223;1265.905;358.223;250.359
1767;1;Los Espinos;final;1402.499;1802.306;1402.499;362.306;300.058
1767.1;1;Los Espinos;final;1484.421;2747.341;44.421;1307.341;77.675
1768;1;Los Espinos;final;1374.089;1806.39;1374.089;366.39;291.781
1768.1;1;Los Espinos;final;1457.138;2748.394;17.138;1308.394;68.837
1769;1;Los Espinos;final;1317.717;1810.473;1317.717;370.473;301.399
1770;1;Los Espinos;final;1260.171;1814.556;1260.171;374.556;250.356
1771;1;Los Espinos;final;1427.138;1826.806;1427.138;386.806;310.973
1771.1;1;Los Espinos;final;1543.949;2797.156;103.949;1357.156;77.37
1772;1;Los Espinos;final;1423.632;1830.89;1423.632;390.89;300.058
1772.1;1;Los Espinos;final;1504.421;2767.341;64.421;1327.341;77.675
1773;1;Los Espinos;final;1434.199;1834.973;1434.199;394.973;300.058
1774;1;Los Espinos;final;1439.482;1843.14;1439.482;403.14;300.058
1774.1;1;Los Espinos;final;1517.755;2780.674;77.755;1340.674;77.675
1775;1;Los Espinos;final;1399.789;1847.223;1399.789;407.223;284.975
1775.1;1;Los Espinos;final;1460.5;2781.438;20.5;1341.438;64.404
1776;1;Los Espinos;final;1412.639;1855.39;1412.639;415.39;284.975
1776.1;1;Los Espinos;final;1487.138;2778.394;47.138;1338.394;68.837
1777;1;Los Espinos;final;1475.416;1871.723;35.416;431.723;300.058
1777.1;1;Los Espinos;final;1557.755;2820.674;117.755;1380.674;77.675
1778;1;Los Espinos;final;1372.821;1879.89;1372.821;439.89;257.165
1779;1;Los Espinos;final;1428.916;1880.056;1428.916;440.056;293.252
1779.1;1;Los Espinos;final;1511.088;2774.007;71.088;1334.007;77.675
1780;1;Santa Rosa;final;1440.64;1772.881;0.64;332.881;302.755
1780.1;1;Santa Rosa;final;1490.635;2844.426;50.635;1404.426;35.796
1781;1;Santa Rosa;final;1354.606;1784.881;1354.606;344.881;284.901
1782;1;Santa Rosa;final;1271.44;1796.881;1271.44;356.881;240.694
1783;1;Santa Rosa;final;1422.119;1808.881;1422.119;368.881;304.204
1783.1;1;Santa Rosa;final;1510.059;2822.737;70.059;1382.737;62.383
1784;1;Santa Rosa;final;1374.179;1910.881;1374.179;470.881;264.985
1785;1;Santa Rosa;final;923.497;1464.078;923.497;24.078;302.296
1785.1;1;Santa Rosa;final;1325.083;2319.57;1325.083;879.57;134.913
1786;1;Santa Rosa;final;1323.448;1734.078;1323.448;294.078;314.472
1786.1;1;Santa Rosa;final;1450.181;2724.495;10.181;1284.495;69.372
1787;1;Santa Rosa;final;1230.986;1740.078;1230.986;300.078;279.002
1787.1;1;Santa Rosa;final;1385.93;2660.881;1385.93;1220.881;65.851
1788;1;Santa Rosa;final;1290.231;1746.078;1290.231;306.078;283.41
1789;1;Santa Rosa;final;1338.74;1752.078;1338.74;312.078;314.176
1790;1;Santa Rosa;final;523.903;1764.078;523.903;324.078;72.116
1791;1;Santa Rosa;final;1305.288;1782.078;1305.288;342.078;292.935
1791.1;1;Santa Rosa;final;1382.704;2687.315;1382.704;1247.315;61.089
1792;1;Santa Rosa;final;1318.947;1794.078;1318.947;354.078;264.659
1793;1;Santa Rosa;final;1310.308;1797.412;1310.308;357.412;261.561
1794;1;Santa Rosa;final;1260.169;1804.078;1260.169;364.078;271.56
1795;1;Santa Rosa;final;1329.819;1807.412;1329.819;367.412;313.836
1795.1;1;Santa Rosa;final;1402.814;2761.781;1402.814;1321.781;35.967
1796;1;Santa Rosa;final;1366.303;1810.745;1366.303;370.745;277.75
1796.1;1;Santa Rosa;final;1477.979;2795.881;37.979;1355.881;55.079
1797;1;Santa Rosa;final;1371.755;1814.078;1371.755;374.078;295.935
1798;1;Santa Rosa;final;1233.253;1817.412;1233.253;377.412;221.572
1799;1;Santa Rosa;final;541.98;1820.745;541.98;380.745;59.831
1800;1;Santa Rosa;final;1466.507;1824.078;26.507;384.078;288.866
1801;1;Santa Rosa;final;1300.365;1834.078;1300.365;394.078;265.737
1802;1;Santa Rosa;final;1412.276;1840.745;1412.276;400.745;306.228
1803;1;Santa Rosa;final;1396.654;1844.078;1396.654;404.078;301.141
1804;1;Santa Rosa;final;485.403;1847.412;485.403;407.412;29.575
1805;1;Santa Rosa;final;1451.019;1850.745;11.019;410.745;310.746
1806;1;Santa Rosa;final;1283.486;1854.078;1283.486;414.078;249.127
1807;1;Santa Rosa;final;1174.119;1870.745;1174.119;430.745;201.789
1808;1;Santa Rosa;final;1346.2;1880.745;1346.2;440.745;259.903
1809;1;Santa Rosa;final;1299.285;1884.078;1299.285;444.078;247.572
1810;1;Santa Rosa;final;1201.185;1762.575;1201.185;322.575;302.38
1811;1;Santa Rosa;final;1240.665;1774.575;1240.665;334.575;308.29
1811.1;1;Santa Rosa;final;1302.758;2551.618;1302.758;1111.618;84.356
1812;1;Santa Rosa;final;1274.221;1786.575;1274.221;346.575;264.294
1813;1;Santa Rosa;final;1288.207;1796.575;1288.207;356.575;300.361
1813.1;1;Santa Rosa;final;1522.725;2632.913;82.725;1192.913;159.718
1814;1;Santa Rosa;final;1354.141;1806.575;1354.141;366.575;271.473
1815;1;Santa Rosa;final;1444.873;1896.575;4.873;456.575;308.89
1815.1;1;Santa Rosa;final;1508.475;2786.58;68.475;1346.58;75.32
1816;1;Santa Rosa;final;1083.642;1472.737;1083.642;32.737;282.621
1816.1;1;Santa Rosa;final;1349.608;2488.555;1349.608;1048.555;103.215
1817;1;Santa Rosa;final;566.526;1652.737;566.526;212.737;127.127
1818;1;Santa Rosa;final;1259.975;1742.737;1259.975;302.737;279.319
1819;1;Santa Rosa;final;1259.119;1750.237;1259.119;310.237;277.58
1820;1;Santa Rosa;final;1275.735;1757.737;1275.735;317.737;282.893
1821;1;Santa Rosa;final;1281.802;1772.737;1281.802;332.737;281.606
1821.1;1;Santa Rosa;final;1468.475;2675.721;28.475;1235.721;103.215
1822;1;Santa Rosa;final;1275.755;1787.737;1275.755;347.737;276.461
1823;1;Santa Rosa;final;538.859;1802.737;538.859;362.737;62.383
1824;1;Santa Rosa;final;1304.951;1823.487;1304.951;383.487;270.706
1825;1;Santa Rosa;final;587.276;1851.154;587.276;411.154;62.383
1826;1;Santa Rosa;final;1371.981;1858.07;1371.981;418.07;292.19
1826.1;1;Santa Rosa;final;1530.04;2691.118;90.04;1251.118;137.181
1827;1;Santa Rosa;final;1463.398;1878.82;23.398;438.82;307.93
1827.1;1;Santa Rosa;final;1497.153;2813.197;57.153;1373.197;55.743
1828;1;Santa Rosa;final;1428.475;1892.737;1428.475;452.737;297.915
1828.1;1;Santa Rosa;final;1535.565;2822.737;95.565;1382.737;83.007
1829;1;Los Espinos;final;633.538;1403.72;633.538;1403.72;301.029
1829.1;1;Los Espinos;final;1295.621;2056.446;1295.621;616.446;181.882
1830;1;Los Espinos;final;528.055;1433.72;528.055;1433.72;202.653
1831;1;Los Espinos;final;621.436;1408.441;621.436;1408.441;288.227
1831.1;1;Los Espinos;final;1369.719;2031.221;1369.719;591.221;261.924
1832;1;Los Espinos;final;809.938;1438.441;809.938;1438.441;295.46
1832.1;1;Los Espinos;final;1291.155;2247.696;1291.155;807.696;149.517
1833;1;El Conquistador;final;790.492;1408.751;790.492;1408.751;262.376
1833.1;1;El Conquistador;final;1247.836;2223.284;1247.836;783.284;166.236
1834;1;El Conquistador;intermedia;816.679;831.0;816.679;831.0;283.994
1834;2;El Conquistador;final;1066.618;1438.751;1066.618;1438.751;72.633
1834.1;1;El Conquistador;final;1377.349;2501.455;1377.349;1061.455;117.992
1835;1;El Conquistador;final;600.177;1468.751;600.177;28.751;196.79
1836;1;El Conquistador;final;1208.706;1648.751;1208.706;208.751;313.836
1836.1;1;El Conquistador;final;1505.688;2596.63;65.688;1156.63;163.454
1837;1;El Conquistador;final;1221.322;1738.751;1221.322;298.751;246.139
1838;1;El Conquistador;final;1145.862;1747.318;1145.862;307.318;264.209
1838.1;1;El Conquistador;final;1297.797;2541.168;1297.797;1101.168;77.254
1839;1;El Conquistador;final;1313.384;1764.451;1313.384;324.451;271.652
1839.1;1;El Conquistador;final;1494.646;2706.984;54.646;1266.984;95.748
1840;1;El Conquistador;final;1352.466;1773.018;1352.466;333.018;291.861
1841;1;El Conquistador;final;1239.809;1781.585;1239.809;341.585;266.443
1841.1;1;El Conquistador;final;1400.53;2643.184;1400.53;1203.184;75.651
1842;1;El Conquistador;final;1268.149;1790.151;1268.149;350.151;237.395
1843;1;El Conquistador;final;1293.322;1798.718;1293.322;358.718;246.139
1844;1;El Conquistador;final;1285.322;1798.751;1285.322;358.751;246.139
1845;1;El Conquistador;final;1200.897;1804.751;1200.897;364.751;251.486
1846;1;El Conquistador;final;1280.312;1810.751;1280.312;370.751;237.021
1847;1;El Conquistador;final;1283.149;1816.751;1283.149;376.751;237.395
1848;1;El Conquistador;final;1422.418;1822.751;1422.418;382.751;294.905
1848.1;1;El Conquistador;final;1521.097;2830.386;81.097;1390.386;61.138
1849;1;El Conquistador;final;1298.149;1828.751;1298.149;388.751;237.395
1850;1;El Conquistador;final;1301.066;1834.751;1301.066;394.751;237.395
1851;1;El Conquistador;final;1313.022;1840.751;1313.022;400.751;246.139
1852;1;El Conquistador;final;1381.617;1846.751;1381.617;406.751;267.269
1853;1;El Conquistador;final;1476.889;1852.751;36.889;412.751;301.138
1854;1;El Conquistador;final;1213.822;1858.751;1213.822;418.751;191.139
1855;1;El Conquistador;final;1207.822;1864.751;1207.822;424.751;191.139
1856;1;El Conquistador;final;1205.322;1870.751;1205.322;430.751;191.139
1857;1;El Conquistador;final;1213.322;1876.751;1213.322;436.751;191.139
1858;1;El Conquistador;final;645.177;1412.966;645.177;1412.966;304.923
1858.1;1;El Conquistador;final;1300.644;1985.89;1300.644;545.89;237.416
1859;1;El Conquistador;final;738.589;1442.966;738.589;2.966;259.761
1859.1;1;El Conquistador;final;1294.344;2157.174;1294.344;717.174;180.2
1860;1;El Conquistador;final;1147.434;1472.966;1147.434;32.966;297.427
1860.1;1;El Conquistador;final;1229.322;2546.966;1229.322;1106.966;51.917
1861;1;El Conquistador;final;1223.149;1820.966;1223.149;380.966;208.17
1862;1;El Conquistador;final;1309.322;1892.966;1309.322;452.966;216.914
1863;1;El Conquistador;final;1217.084;1757.039;1217.084;317.039;269.221
1863.1;1;El Conquistador;final;1453.001;2603.779;13.001;1163.779;127.615
1864;1;El Conquistador;final;1350.417;1764.539;1350.417;324.539;297.204
1865;1;El Conquistador;final;1277.084;1772.039;1277.084;332.039;292.401
1866;1;El Conquistador;final;1277.517;1779.539;1277.517;339.539;295.244
1866.1;1;El Conquistador;final;1501.001;2665.479;61.001;1225.479;127.615
1867;1;El Conquistador;final;1314.665;1787.039;1314.665;347.039;279.93
1867.1;1;El Conquistador;final;1423.485;2735.789;1423.485;1295.789;58.105
1868;1;El Conquistador;final;1322.165;1794.539;1322.165;354.539;279.93
1868.1;1;El Conquistador;final;1500.448;2747.039;60.448;1307.039;76.911
1869;1;El Conquistador;final;1235.051;1802.039;1235.051;362.039;261.123
1870;1;El Conquistador;final;1250.051;1809.539;1250.051;369.539;261.123
1871;1;El Conquistador;final;1272.551;1817.039;1272.551;377.039;261.123
1872;1;El Conquistador;final;1280.051;1825.206;1280.051;385.206;261.123
1873;1;El Conquistador;final;1342.667;1833.373;1342.667;393.373;268.666
1873.1;1;El Conquistador;final;1554.339;2729.779;114.339;1289.779;126.398
1874;1;El Conquistador;final;1302.551;1841.539;1302.551;401.539;261.123
1875;1;El Conquistador;final;1317.551;1857.873;1317.551;417.873;261.123
1876;1;El Conquistador;final;1396.048;1874.206;1396.048;434.206;279.93
1877;1;El Conquistador;final;1238.565;1898.706;1238.565;458.706;212.257
1878;1;El Conquistador;final;1344.735;1906.873;1344.735;466.873;261.123
1879;1;El Conquistador;final;1247.132;1907.039;1247.132;467.039;212.257
1880;1;El Conquistador;final;1262.417;1917.039;1262.417;477.039;227.116
1881;1;El Conquistador;final;1329.665;2544.539;1329.665;1104.539;76.911
1882;1;El Conquistador;final;1287.551;2589.539;1287.551;1149.539;58.105
1883;1;El Conquistador;final;1521.318;2649.539;81.318;1209.539;125.778
1884;1;El Conquistador;final;1310.051;1721.552;1310.051;281.552;312.563
1884.1;1;El Conquistador;final;1376.048;2661.552;1376.048;1221.552;60.678
1885;1;El Conquistador;final;1345.576;1736.552;1345.576;296.552;311.161
1885.1;1;El Conquistador;final;1534.487;2758.742;94.487;1318.742;102.179
1886;1;El Conquistador;final;1332.551;1751.552;1332.551;311.552;312.563
1887;1;El Conquistador;final;1229.998;1766.552;1229.998;326.552;263.697
1888;1;El Conquistador;final;1270.417;1781.552;1270.417;341.552;278.555
1889;1;El Conquistador;final;1262.165;1789.052;1262.165;349.052;263.697
1890;1;El Conquistador;final;1378.485;1796.552;1378.485;356.552;312.563
1891;1;El Conquistador;final;1190.851;1804.052;1190.851;364.052;244.89
1892;1;El Conquistador;final;1400.985;1811.552;1400.985;371.552;312.563
1893;1;El Conquistador;final;1412.235;1819.052;1412.235;379.052;312.563
1893.1;1;El Conquistador;final;1466.182;2762.952;26.182;1322.952;60.678
1894;1;El Conquistador;final;1307.165;1826.552;1307.165;386.552;263.697
1895;1;El Conquistador;final;1344.665;1864.052;1344.665;424.052;263.697
1896;1;El Conquistador;final;1265.051;1871.552;1265.051;431.552;244.89
1897;1;El Conquistador;final;1295.051;1898.552;1295.051;458.552;244.89
1898;1;El Conquistador;final;1406.048;2475.785;1406.048;1035.785;128.351
1899;1;El Conquistador;final;1239.665;2509.052;1239.665;1069.052;60.678
1900;1;El Conquistador;final;1414.782;2516.552;1414.782;1076.552;128.351
1901;1;El Conquistador;final;1367.235;2524.052;1367.235;1084.052;109.544
1902;1;Vespucio Norte;final;640.999;1466.119;640.999;26.119;225.195
1903;1;Vespucio Norte;final;1298.622;1736.119;1298.622;296.119;294.497
1903.1;1;Vespucio Norte;final;1475.144;2681.119;35.144;1241.119;112.256
1904;1;Vespucio Norte;final;1298.136;1742.786;1298.136;302.786;276.969
1905;1;Vespucio Norte;final;1352.622;1749.453;1352.622;309.453;276.264
1906;1;Vespucio Norte;final;1341.295;1756.119;1341.295;316.119;303.963
1906.1;1;Vespucio Norte;final;1490.045;2728.684;50.045;1288.684;82.485
1907;1;Vespucio Norte;final;1264.446;1762.786;1264.446;322.786;276.322
1908;1;Vespucio Norte;final;1316.622;1796.119;1316.622;356.119;253.876
1909;1;Vespucio Norte;final;1235.736;1802.536;1235.736;362.536;234.505
1910;1;Vespucio Norte;final;1260.239;1808.953;1260.239;368.953;229.745
1911;1;Vespucio Norte;final;1243.581;1821.786;1243.581;381.786;251.218
1912;1;Vespucio Norte;final;1371.331;1853.869;1371.331;413.869;258.296
1912.1;1;Vespucio Norte;final;1516.093;2803.657;76.093;1363.657;69.266
1913;1;Vespucio Norte;final;1275.515;1886.119;1275.515;446.119;252.769
1914;1;Vespucio Norte;final;1331.964;1736.119;1331.964;296.119;278.347
1915;1;Vespucio Norte;final;1397.076;1744.686;1397.076;304.686;267.706
1916;1;Vespucio Norte;final;1202.976;1753.253;1202.976;313.253;293.918
1916.1;1;Vespucio Norte;final;1280.716;2609.998;1280.716;1169.998;52.317
1917;1;Vespucio Norte;final;1388.622;1761.819;1388.622;321.819;278.607
1918;1;Vespucio Norte;final;1340.379;1770.386;1340.379;330.386;284.959
1918.1;1;Vespucio Norte;final;1460.646;2772.163;20.646;1332.163;56.312
1919;1;Vespucio Norte;final;1343.246;1822.536;1343.246;382.536;292.781
1920;1;Vespucio Norte;final;1379.172;1833.103;1379.172;393.103;287.44
1920.1;1;Vespucio Norte;final;1486.255;2760.386;46.255;1320.386;85.152
1921;1;Vespucio Norte;final;1259.736;1838.386;1259.736;398.386;255.28
1922;1;Vespucio Norte;final;1276.023;1848.953;1276.023;408.953;237.864
1923;1;Vespucio Norte;final;1262.039;1864.803;1262.039;424.803;247.229
1924;1;Vespucio Norte;final;1273.705;1870.086;1273.705;430.086;161.013
1925;1;Vespucio Norte;final;1286.039;1880.653;1286.039;440.653;236.308
1926;1;Vespucio Norte;final;1292.039;1886.119;1292.039;446.119;247.454
1927;1;Vespucio Norte;final;1278.505;1762.272;1278.505;322.272;264.484
1928;1;Vespucio Norte;final;1274.136;1777.272;1274.136;337.272;201.802
1929;1;Vespucio Norte;final;1324.445;1792.272;1324.445;352.272;304.346
1929.1;1;Vespucio Norte;final;1410.045;2740.671;1410.045;1300.671;49.487
1930;1;Vespucio Norte;final;1461.695;1827.555;21.695;387.555;314.868
1931;1;Vespucio Norte;final;1232.713;1838.122;1232.713;398.122;150.819
1932;1;Vespucio Norte;final;1237.996;1864.538;1237.996;424.538;212.645
1933;1;El Conquistador;final;1182.98;1465.674;1182.98;25.674;307.831
1933.1;1;El Conquistador;final;1316.109;2520.242;1316.109;1080.242;86.189
1934;1;El Conquistador;final;1295.495;1555.674;1295.495;115.674;304.385
1934.1;1;El Conquistador;final;1343.584;2671.766;1343.584;1231.766;57.759
1935;1;El Conquistador;final;1190.08;1645.674;1190.08;205.674;305.847
1935.1;1;El Conquistador;final;1490.945;2511.677;50.945;1071.677;174.224
1936;1;El Conquistador;final;1213.517;1735.674;1213.517;295.674;288.849
1936.1;1;El Conquistador;final;1552.646;2625.077;112.646;1185.077;142.756
1937;1;El Conquistador;final;1235.55;1745.674;1235.55;305.674;285.633
1937.1;1;El Conquistador;final;1366.584;2642.734;1366.584;1202.734;74.739
1938;1;El Conquistador;final;1258.272;1755.674;1258.272;315.674;296.586
1939;1;El Conquistador;final;1184.15;1765.674;1184.15;325.674;310.072
1939.1;1;El Conquistador;final;1253.149;2582.624;1253.149;1142.624;43.053
1940;1;El Conquistador;final;1316.231;1775.674;1316.231;335.674;284.961
1941;1;El Conquistador;final;1250.421;1795.674;1250.421;355.674;279.765
1941.1;1;El Conquistador;final;1392.31;2626.771;1392.31;1186.771;86.832
1942;1;El Conquistador;final;1474.883;1804.674;34.883;364.674;229.39
1943;1;El Conquistador;final;1242.68;1813.674;1242.68;373.674;259.759
1944;1;El Conquistador;final;1338.145;1822.674;1338.145;382.674;311.14
1944.1;1;El Conquistador;final;1464.536;2723.166;24.536;1283.166;80.646
1945;1;El Conquistador;final;1256.579;1831.674;1256.579;391.674;261.602
1945.1;1;El Conquistador;final;1396.164;2655.584;1396.164;1215.584;77.254
1946;1;El Conquistador;final;1471.118;1840.674;31.118;400.674;305.83
1947;1;El Conquistador;final;1177.822;1849.674;1177.822;409.674;192.907
1948;1;El Conquistador;final;1288.301;1858.674;1288.301;418.674;236.672
1949;1;El Conquistador;final;510.635;1463.216;510.635;23.216;101.292
1950;1;El Conquistador;final;1329.519;1643.216;1329.519;203.216;301.933
1950.1;1;El Conquistador;final;1389.972;2730.485;1389.972;1290.485;40.416
1951;1;El Conquistador;final;1319.868;1740.716;1319.868;300.716;306.435
1951.1;1;El Conquistador;final;1407.118;2723.28;1407.118;1283.28;62.196
1952;1;El Conquistador;final;1235.903;1748.216;1235.903;308.216;308.778
1952.1;1;El Conquistador;final;1358.787;2618.474;1358.787;1178.474;84.135
1953;1;El Conquistador;final;1320.455;1755.716;1320.455;315.716;281.21
1953.1;1;El Conquistador;final;1518.556;2704.271;78.556;1264.271;124.028
1954;1;El Conquistador;final;1267.903;1763.216;1267.903;323.216;268.059
1955;1;El Conquistador;final;1153.517;1770.716;1153.517;330.716;260.032
1955.1;1;El Conquistador;final;1470.519;2565.077;30.519;1125.077;137.855
1956;1;El Conquistador;final;1382.539;1778.216;1382.539;338.216;308.539
1956.1;1;El Conquistador;final;1504.739;2766.718;64.739;1326.718;83.07
1957;1;El Conquistador;final;1378.584;1785.716;1378.584;345.716;295.899
1957.1;1;El Conquistador;final;1503.556;2763.018;63.556;1323.018;81.141
1958;1;El Conquistador;final;1231.349;1793.216;1231.349;353.216;266.486
1958.1;1;El Conquistador;final;1413.059;2626.084;1413.059;1186.084;107.96
1959;1;El Conquistador;final;1309.81;1793.865;1309.81;353.865;260.749
1960;1;El Conquistador;final;1436.252;1808.865;1436.252;368.865;289.338
1960.1;1;El Conquistador;final;1508.078;2841.665;68.078;1401.665;49.726
1961;1;El Conquistador;final;1307.903;1817.865;1307.903;377.865;285.61
1962;1;El Conquistador;final;1365.539;1826.865;1365.539;386.865;262.205
1962.1;1;El Conquistador;final;1552.822;2747.174;112.822;1307.174;122.392
1963;1;El Conquistador;final;1281.744;1835.865;1281.744;395.865;240.392
1964;1;El Conquistador;final;1372.955;1898.865;1372.955;458.865;247.969
1965;1;Vespucio Norte;final;1295.18;1748.119;1295.18;308.119;306.049
1965.1;1;Vespucio Norte;final;1406.847;2714.707;1406.847;1274.707;52.387
1966;1;Vespucio Norte;final;1344.3;1760.119;1344.3;320.119;304.082
1967;1;Vespucio Norte;final;1289.455;1772.119;1289.455;332.119;277.061
1967.1;1;Vespucio Norte;final;1520.522;2669.869;80.522;1229.869;143.732
1968;1;Vespucio Norte;final;1365.763;1796.119;1365.763;356.119;240.244
1969;1;Vespucio Norte;final;1478.322;1805.119;38.322;365.119;314.126
1970;1;Vespucio Norte;final;1470.629;1809.619;30.629;369.619;304.653
1971;1;Vespucio Norte;final;1387.663;1818.619;1387.663;378.619;303.112
1971.1;1;Vespucio Norte;final;1468.427;2820.805;28.427;1380.805;40.367
1972;1;Vespucio Norte;final;1287.061;1841.119;1287.061;401.119;188.991
1973;1;Vespucio Norte;final;1495.455;1854.619;55.455;414.619;289.731
1974;1;Vespucio Norte;final;1472.478;1863.619;32.478;423.619;305.049
1975;1;Vespucio Norte;final;1390.422;1886.119;1390.422;446.119;219.977
1976;1;El Conquistador;final;1430.417;1734.534;1430.417;294.534;306.549
1976.1;1;El Conquistador;final;1550.443;2852.033;110.443;1412.033;63.269
1977;1;El Conquistador;final;1362.034;1749.534;1362.034;309.534;267.83
1977.1;1;El Conquistador;final;1485.093;2779.633;45.093;1339.633;66.965
1978;1;El Conquistador;final;1163.004;1764.534;1163.004;324.534;288.918
1978.1;1;El Conquistador;final;1275.486;2575.348;1275.486;1135.348;52.075
1979;1;El Conquistador;final;517.138;1779.534;517.138;339.534;92.431
1980;1;El Conquistador;final;1313.571;1804.534;1313.571;364.534;220.131
1981;1;El Conquistador;final;1211.238;1814.534;1211.238;374.534;156.281
1982;1;El Conquistador;final;1259.844;1824.534;1259.844;384.534;228.988
1983;1;El Conquistador;final;1302.13;1834.534;1302.13;394.534;294.451
1984;1;El Conquistador;final;1210.771;1844.534;1210.771;404.534;156.281
1985;1;El Conquistador;final;1361.771;1871.876;1361.771;431.876;298.814
1985.1;1;El Conquistador;final;1461.003;2771.748;21.003;1331.748;52.075
1986;1;Vespucio Norte;final;1154.528;1556.119;1154.528;116.119;314.248
1986.1;1;Vespucio Norte;final;1265.261;2538.024;1265.261;1098.024;60.461
1987;1;Vespucio Norte;final;1346.622;1744.686;1346.622;304.686;308.466
1987.1;1;Vespucio Norte;final;1433.179;2726.119;1433.179;1286.119;64.143
1988;1;Vespucio Norte;final;1414.348;1753.253;1414.348;313.253;298.927
1988.1;1;Vespucio Norte;final;1455.145;2830.102;15.145;1390.102;32.216
1989;1;Vespucio Norte;final;1462.855;1761.819;22.855;321.819;310.418
1989.1;1;Vespucio Norte;final;1571.922;2846.053;131.922;1406.053;85.152
1990;1;Vespucio Norte;final;1297.629;1770.386;1297.629;330.386;286.17
1991;1;Vespucio Norte;final;1160.769;1778.953;1160.769;338.953;163.286
1992;1;Vespucio Norte;final;1328.113;1787.519;1328.113;347.519;292.568
1993;1;Vespucio Norte;final;1476.817;1796.119;36.817;356.119;265.987
1994;1;Vespucio Norte;final;1246.329;1828.786;1246.329;388.786;260.882
1995;1;Vespucio Norte;final;1264.536;1836.953;1264.536;396.953;180.01
1996;1;Vespucio Norte;final;1435.144;1845.119;1435.144;405.119;298.872
1997;1;Vespucio Norte;final;1342.194;1853.286;1342.194;413.286;251.806
1998;1;Vespucio Norte;final;1279.055;1861.453;1279.055;421.453;183.784
1999;1;Vespucio Norte;final;1292.622;1869.619;1292.622;429.619;256.397
2000;1;Vespucio Norte;final;1339.363;1736.119;1339.363;296.119;293.357
2001;1;Vespucio Norte;final;1289.246;1748.119;1289.246;308.119;298.714
2001.1;1;Vespucio Norte;final;1360.445;2722.372;1360.445;1282.372;39.125
2002;1;Vespucio Norte;final;1434.161;1760.119;1434.161;320.119;303.945
2002.1;1;Vespucio Norte;final;1584.626;2872.19;144.626;1432.19;69.266
2003;1;Vespucio Norte;final;1243.948;1772.119;1243.948;332.119;259.57
2004;1;Vespucio Norte;final;1321.398;1796.119;1321.398;356.119;257.63
2005;1;Vespucio Norte;final;1245.336;1812.453;1245.336;372.453;192.462
2006;1;Vespucio Norte;final;1216.536;1820.619;1216.536;380.619;210.65
2007;1;Vespucio Norte;final;1237.596;1828.786;1237.596;388.786;202.238
2008;1;Vespucio Norte;final;1262.346;1836.953;1262.346;396.953;204.324
2009;1;Vespucio Norte;final;1323.846;1853.286;1323.846;413.286;247.994
2010;1;Vespucio Norte;final;1553.789;1861.453;113.789;421.453;293.535
2011;1;Vespucio Norte;final;1402.636;1869.619;1402.636;429.619;258.564
2012;1;Vespucio Norte;final;1303.905;1886.119;1303.905;446.119;232.498
2013;1;El Conquistador;final;1223.727;1463.216;1223.727;23.216;300.023
2014;1;El Conquistador;final;1328.035;1737.816;1328.035;297.816;296.318
2014.1;1;El Conquistador;final;1405.278;2738.865;1405.278;1298.865;49.726
2015;1;El Conquistador;final;1329.539;1742.416;1329.539;302.416;314.909
2015.1;1;El Conquistador;final;1535.494;2726.63;95.494;1286.63;124.797
2016;1;El Conquistador;final;1238.149;1747.016;1238.149;307.016;246.134
2017;1;El Conquistador;final;1234.984;1751.616;1234.984;311.616;295.139
2017.1;1;El Conquistador;final;1315.903;2635.751;1315.903;1195.751;53.583
2018;1;El Conquistador;final;1207.406;1756.216;1207.406;316.216;285.433
2018.1;1;El Conquistador;final;1439.021;2593.474;1439.021;1153.474;123.852
2019;1;El Conquistador;final;1139.444;1760.816;1139.444;320.816;285.094
2019.1;1;El Conquistador;final;1281.539;2507.89;1281.539;1067.89;85.056
2020;1;El Conquistador;final;1169.444;1765.416;1169.444;325.416;287.627
2020.1;1;El Conquistador;final;1438.06;2540.89;1438.06;1100.89;142.708
2021;1;El Conquistador;final;1278.719;1770.016;1278.719;330.016;277.599
2021.1;1;El Conquistador;final;1515.936;2687.627;75.936;1247.627;117.022
2022;1;El Conquistador;final;1257.62;1774.616;1257.62;334.616;267.756
2023;1;El Conquistador;final;1238.421;1779.216;1238.421;339.216;286.737
2023.1;1;El Conquistador;final;1322.439;2620.54;1322.439;1180.54;55.956
2024;1;El Conquistador;final;1259.903;1783.816;1259.903;343.816;274.515
2025;1;El Conquistador;final;1262.421;1788.416;1262.421;348.416;286.44
2025.1;1;El Conquistador;final;1388.06;2644.271;1388.06;1204.271;86.832
2026;1;El Conquistador;final;1274.968;1793.016;1274.968;353.016;283.507
2026.1;1;El Conquistador;final;1510.501;2678.28;70.501;1238.28;117.975
2027;1;El Conquistador;final;1211.22;1795.674;1211.22;355.674;148.386
2028;1;El Conquistador;final;1367.772;1799.424;1367.772;359.424;311.081
2028.1;1;El Conquistador;final;1503.963;2750.718;63.963;1310.718;90.015
2029;1;El Conquistador;final;1182.464;1803.174;1182.464;363.174;252.311
2030;1;El Conquistador;final;1313.787;1810.674;1313.787;370.674;200.567
2031;1;El Conquistador;final;1291.903;1814.424;1291.903;374.424;279.161
2032;1;El Conquistador;final;1322.749;1818.174;1322.749;378.174;293.797
2032.1;1;El Conquistador;final;1506.48;2713.974;66.48;1273.974;89.263
2033;1;El Conquistador;final;1299.62;1821.924;1299.62;381.924;281.695
2034;1;El Conquistador;final;1369.284;1829.424;1369.284;389.424;290.794
2034.1;1;El Conquistador;final;1461.13;2770.419;21.13;1330.419;61.138
2035;1;El Conquistador;final;1269.62;1833.174;1269.62;393.174;269.333
2036;1;El Conquistador;final;1497.282;1836.924;57.282;396.924;280.134
2037;1;El Conquistador;final;1324.81;1840.674;1324.81;400.674;269.84
2038;1;El Conquistador;final;1344.519;1844.424;1344.519;404.424;280.449
2039;1;El Conquistador;final;1203.62;1848.174;1203.62;408.174;148.386
2040;1;El Conquistador;final;1287.62;1851.924;1287.62;411.924;266.8
2041;1;El Conquistador;final;1286.42;1855.674;1286.42;415.674;293.848
2041.1;1;El Conquistador;final;1374.237;2678.917;1374.237;1238.917;68.327
2042;1;El Conquistador;final;1252.684;1859.424;1252.684;419.424;164.685
2043;1;El Conquistador;final;1195.822;1870.674;1195.822;430.674;208.064
2044;1;El Conquistador;final;1268.301;1893.751;1268.301;453.751;221.66
2045;1;Los Espinos;final;511.741;1768.042;511.741;328.042;73.407
2046;1;Los Espinos;final;552.034;1788.042;552.034;348.042;77.585
2047;1;Los Espinos;final;1292.426;1886.792;1292.426;446.792;241.414
2048;1;Los Espinos;final;1244.485;1459.728;1244.485;19.728;301.145
2048.1;1;Los Espinos;final;1526.628;2619.276;86.628;1179.276;143.116
2049;1;Los Espinos;final;1239.408;1741.728;1239.408;301.728;283.648
2049.1;1;Los Espinos;final;1510.789;2648.042;70.789;1208.042;111.47
2050;1;Los Espinos;final;1282.588;1765.728;1282.588;325.728;287.244
2051;1;Los Espinos;final;1361.559;1777.728;1361.559;337.728;313.484
2051.1;1;Los Espinos;final;1421.41;2764.857;1421.41;1324.857;43.723
2052;1;Los Espinos;final;1313.943;1823.478;1313.943;383.478;276.439
2053;1;Los Espinos;final;556.741;1857.228;556.741;417.228;55.113
2054;1;Los Espinos;final;1246.039;1844.296;1246.039;404.296;200.96
2055;1;Los Espinos;final;1401.718;1807.728;1401.718;367.728;298.21
2055.1;1;Los Espinos;final;1457.474;2779.728;17.474;1339.728;55.113
2056;1;Los Espinos;final;1186.873;1825.728;1186.873;385.728;202.744
2057;1;Los Espinos;final;1372.327;1861.728;1372.327;421.728;268.902
2058;1;Los Espinos;final;1288.557;1763.008;1288.557;323.008;290.831
2058.1;1;Los Espinos;final;1450.868;2726.699;10.868;1286.699;77.195
2059;1;Los Espinos;final;1208.114;1775.008;1208.114;335.008;271.386
2060;1;Los Espinos;final;1142.149;1787.008;1142.149;347.008;243.633
2061;1;Los Espinos;final;1345.42;1811.008;1345.42;371.008;290.343
2062;1;Los Espinos;final;1232.975;1823.008;1232.975;383.008;227.323
2063;1;Los Espinos;final;1389.991;1835.858;1389.991;395.858;303.78
2064;1;Los Espinos;final;1346.206;1848.708;1346.206;408.708;289.06
2065;1;Los Espinos;final;1443.617;1874.408;3.617;434.408;293.201
2065.1;1;Los Espinos;final;1527.922;2830.561;87.922;1390.561;60.275
2066;1;Los Espinos;final;1345.903;1913.008;1345.903;473.008;263.504
2067;1;Los Espinos;final;1216.354;1758.049;1216.354;318.049;274.292
2068;1;Los Espinos;final;1294.59;1768.049;1294.59;328.049;292.052
2069;1;Los Espinos;final;1293.355;1778.049;1293.355;338.049;269.08
2070;1;Los Espinos;final;547.874;1788.049;547.874;348.049;75.038
2071;1;Los Espinos;final;1149.627;1808.049;1149.627;368.049;225.947
2072;1;Los Espinos;final;1261.039;1838.049;1261.039;398.049;231.125
2073;1;Los Espinos;final;1303.46;1858.049;1303.46;418.049;268.394
2073.1;1;Los Espinos;final;1410.877;2692.779;1410.877;1252.779;71.024
2074;1;Los Espinos;final;1443.809;1888.049;3.809;448.049;309.128
2075;1;Los Espinos;final;1276.858;1898.049;1276.858;458.049;244.079
2076;1;Los Espinos;final;1291.571;1748.296;1291.571;308.296;285.734
2077;1;Los Espinos;final;1392.693;1838.296;1392.693;398.296;307.805
2078;1;Los Espinos;final;1262.049;1743.698;1262.049;303.698;254.322
2079;1;Los Espinos;final;1413.258;1758.698;1413.258;318.698;308.786
2079.1;1;Los Espinos;final;1483.841;2853.008;43.841;1413.008;33.398
2080;1;Los Espinos;final;1370.39;1788.698;1370.39;348.698;283.137
2081;1;Los Espinos;final;1361.427;1798.698;1361.427;358.698;279.223
2081.1;1;Los Espinos;final;1501.345;2751.379;61.345;1311.379;88.862
2082;1;Los Espinos;final;1306.039;1808.698;1306.039;368.698;283.18
2083;1;Los Espinos;final;1321.039;1818.698;1321.039;378.698;283.18
2084;1;Los Espinos;final;1357.54;1838.698;1357.54;398.698;259.413
2085;1;Los Espinos;final;1328.34;1848.698;1328.34;408.698;279.996
2086;1;Los Espinos;final;1422.397;1878.698;1422.397;438.698;294.813
2087;1;Los Espinos;final;1341.908;1748.296;1341.908;308.296;278.004
2088;1;Los Espinos;final;1425.122;1763.296;1425.122;323.296;293.252
2089;1;Los Espinos;final;1387.259;1853.296;1387.259;413.296;295.955
2089.1;1;Los Espinos;final;1481.161;2791.524;41.161;1351.524;54.344
2090;1;Los Espinos;final;1300.957;2648.296;1300.957;1208.296;39.213
2091;1;Los Espinos;final;1238.318;1728.698;1238.318;288.698;280.824
2092;1;Los Espinos;final;1293.958;1738.698;1293.958;298.698;302.114
2092.1;1;Los Espinos;final;1507.797;2727.258;67.797;1287.258;99.621
2093;1;Los Espinos;final;1348.64;1748.698;1348.64;308.698;307.07
2093.1;1;Los Espinos;final;1499.133;2786.716;59.133;1346.716;69.944
2094;1;Los Espinos;final;1380.118;1768.698;1380.118;328.698;300.833
2094.1;1;Los Espinos;final;1515.268;2761.276;75.268;1321.276;82.997
2095;1;Los Espinos;final;1214.855;1788.698;1214.855;348.698;275.569
2096;1;Los Espinos;final;1420.639;1806.698;1420.639;366.698;292.186
2097;1;Los Espinos;final;1296.176;1815.698;1296.176;375.698;271.682
2098;1;Los Espinos;final;1426.159;1869.698;1426.159;429.698;237.612
2099;1;Los Espinos;final;1185.569;1466.548;1185.569;26.548;293.047
2099.1;1;Los Espinos;final;1352.757;2571.007;1352.757;1131.007;83.342
2100;1;Los Espinos;final;1309.221;1736.548;1309.221;296.548;285.019
2101;1;Los Espinos;final;1214.807;1746.548;1214.807;306.548;258.458
2102;1;Los Espinos;final;1216.582;1756.548;1216.582;316.548;301.845
2102.1;1;Los Espinos;final;1430.666;2557.363;1430.666;1117.363;128.954
2103;1;Los Espinos;final;1362.76;1766.548;1362.76;326.548;312.077
2104;1;Los Espinos;final;1225.755;1776.548;1225.755;336.548;281.185
2104.1;1;Los Espinos;final;1481.207;2634.879;41.207;1194.879;125.121
2105;1;Los Espinos;final;1377.141;1786.548;1377.141;346.548;285.051
2106;1;Los Espinos;final;519.508;1796.548;519.508;356.548;58.703
2107;1;Los Espinos;final;1340.03;1807.798;1340.03;367.798;293.005
2107.1;1;Los Espinos;final;1410.689;2690.554;1410.689;1250.554;71.871
2108;1;Los Espinos;final;1380.104;1819.048;1380.104;379.048;299.808
2108.1;1;Los Espinos;final;1588.026;2798.296;148.026;1358.296;106.974
2109;1;Los Espinos;final;1357.207;1841.548;1357.207;401.548;275.341
2110;1;Los Espinos;final;1370.193;1852.798;1370.193;412.798;292.642
2111;1;Los Espinos;final;1169.823;1864.048;1169.823;424.048;196.159
2112;1;Los Espinos;final;1423.727;1875.298;1423.727;435.298;297.718
2112.1;1;Los Espinos;final;1461.345;2766.391;21.345;1326.391;65.049
2113;1;Los Espinos;final;1473.617;1886.548;33.617;446.548;301.604
2114;1;Los Espinos;final;1216.176;1899.398;1216.176;459.398;205.167
2115;1;Los Espinos;final;1135.491;1407.761;1135.491;1407.761;302.037
2115.1;1;Los Espinos;final;1317.09;2543.042;1317.09;1103.042;74.001
2116;1;Los Espinos;final;931.963;1437.761;931.963;1437.761;294.567
2116.1;1;Los Espinos;final;1484.101;2303.554;44.101;863.554;227.34
2117;1;Los Espinos;final;1275.437;1749.761;1275.437;309.761;294.89
2117.1;1;Los Espinos;final;1499.44;2693.296;59.44;1253.296;85.27
2118;1;Los Espinos;final;1243.675;1761.761;1243.675;321.761;288.094
2118.1;1;Los Espinos;final;1472.739;2631.804;32.739;1191.804;116.343
2119;1;Los Espinos;final;1163.017;1773.761;1163.017;333.761;274.529
2119.1;1;Los Espinos;final;1481.427;2553.287;41.427;1113.287;152.646
2120;1;Los Espinos;final;1223.632;1785.761;1223.632;345.761;285.001
2120.1;1;Los Espinos;final;1513.151;2567.363;73.151;1127.363;156.581
2121;1;Los Espinos;final;1384.614;1797.761;1384.614;357.761;310.502
2121.1;1;Los Espinos;final;1495.127;2806.532;55.127;1366.532;58.332
2122;1;Los Espinos;final;1336.737;1820.261;1336.737;380.261;255.411
2123;1;Los Espinos;final;1405.42;1887.761;1405.42;447.761;294.89
2123.1;1;Los Espinos;final;1477.973;2828.296;37.973;1388.296;39.213
2124;1;Los Espinos;final;1286.425;1752.865;1286.425;312.865;295.798
2124.1;1;Los Espinos;final;1485.99;2719.258;45.99;1279.258;85.677
2125;1;Los Espinos;final;1337.832;1762.865;1337.832;322.865;310.889
2126;1;Los Espinos;final;1311.325;1772.865;1311.325;332.865;298.905
2126.1;1;Los Espinos;final;1412.402;2753.008;1412.402;1313.008;41.89
2127;1;Los Espinos;final;1341.325;1782.865;1341.325;342.865;309.267
2128;1;Los Espinos;final;1348.682;1819.198;1348.682;379.198;310.889
2128.1;1;Los Espinos;final;1491.704;2722.827;51.704;1282.827;89.872
2129;1;Los Espinos;final;1249.052;1835.531;1249.052;395.531;250.42
2130;1;Los Espinos;final;1345.371;1851.865;1345.371;411.865;304.973
2130.1;1;Los Espinos;final;1487.797;2752.572;47.797;1312.572;82.031
2131;1;Los Espinos;final;1375.992;1860.031;1375.992;420.031;296.102
2131.1;1;Los Espinos;final;1472.402;2813.008;32.402;1373.008;41.89
2132;1;Los Espinos;final;1401.345;1868.198;1401.345;428.198;304.543
2132.1;1;Los Espinos;final;1498.135;2823.717;58.135;1383.717;50.681
2133;1;Los Espinos;final;1288.54;1770.72;1288.54;330.72;291.677
2134;1;Los Espinos;final;1277.408;1810.72;1277.408;370.72;288.696
2135;1;Los Espinos;final;1279.621;1837.72;1279.621;397.72;258.392
2136;1;Los Espinos;final;1053.369;1748.049;1053.369;308.049;284.212
2136.1;1;Los Espinos;final;1387.609;2440.709;1387.609;1000.709;158.129
2137;1;Los Espinos;final;1063.369;1758.049;1063.369;318.049;284.212
2137.1;1;Los Espinos;final;1340.23;2450.709;1340.23;1010.709;127.265
2138;1;Los Espinos;final;1073.369;1768.049;1073.369;328.049;284.212
2138.1;1;Los Espinos;final;1212.092;2460.709;1212.092;1020.709;78.812
2139;1;Los Espinos;final;1208.188;1778.049;1208.188;338.049;275.125
2139.1;1;Los Espinos;final;1431.754;2597.696;1431.754;1157.696;105.096
2140;1;Los Espinos;final;1340.59;1798.049;1340.59;358.049;253.964
2141;1;Los Espinos;final;1161.03;1808.049;1161.03;368.049;234.597
2142;1;Los Espinos;final;1449.147;1838.049;9.147;398.049;314.552
2143;1;Los Espinos;final;1311.227;1868.049;1311.227;428.049;291.118
2144;1;Los Espinos;final;1215.271;1878.049;1215.271;438.049;242.778
2145;1;Los Espinos;final;1175.607;1898.049;1175.607;458.049;208.094
2146;1;Los Espinos;final;1160.94;1747.826;1160.94;307.826;312.253
2146.1;1;Los Espinos;final;1387.821;2530.587;1387.821;1090.587;116.326
2147;1;Los Espinos;final;1202.14;1762.826;1202.14;322.826;272.86
2147.1;1;Los Espinos;final;1456.554;2640.508;16.554;1200.508;91.688
2148;1;Los Espinos;final;1290.127;1804.076;1290.127;364.076;272.355
2148.1;1;Los Espinos;final;1398.027;2679.929;1398.027;1239.929;71.024
2149;1;Los Espinos;final;560.775;1815.326;560.775;375.326;70.893
2150;1;Los Espinos;final;929.066;1418.049;929.066;1418.049;290.233
2150.1;1;Los Espinos;final;1403.655;2364.763;1403.655;924.763;185.887
2151;1;Los Espinos;final;876.616;1448.049;876.616;8.049;303.858
2151.1;1;Los Espinos;final;1296.021;2232.341;1296.021;792.341;151.904
2152;1;Los Espinos;final;669.563;1403.72;669.563;1403.72;290.501
2152.1;1;Los Espinos;final;1279.496;2044.754;1279.496;604.754;204.56
2153;1;Los Espinos;final;810.13;1433.72;810.13;1433.72;302.654
2153.1;1;Los Espinos;final;1240.249;2260.67;1240.249;820.67;133.428
2154;1;Los Espinos;final;888.937;1463.72;888.937;23.72;307.631
2154.1;1;Los Espinos;final;1413.773;2307.572;1413.773;867.572;177.94
2155;1;Los Espinos;final;1178.14;1711.387;1178.14;271.387;281.531
2155.1;1;Los Espinos;final;1378.636;2613.008;1378.636;1173.008;82.462
2156;1;Los Espinos;final;1157.715;1723.387;1157.715;283.387;279.763
2156.1;1;Los Espinos;final;1430.593;2593.008;1430.593;1153.008;117.315
2157;1;Los Espinos;final;512.408;1735.387;512.408;295.387;88.663
2158;1;Los Espinos;final;1229.349;1747.387;1229.349;307.387;296.672
2158.1;1;Los Espinos;final;1423.682;2606.16;1423.682;1166.16;104.68
2159;1;Los Espinos;final;1223.275;1759.387;1223.275;319.387;284.692
2159.1;1;Los Espinos;final;1325.802;2663.008;1325.802;1223.008;41.89
2160;1;Los Espinos;final;1303.004;1771.387;1303.004;331.387;297.454
2160.1;1;Los Espinos;final;1499.126;2715.796;59.126;1275.796;98.812
2161;1;Los Espinos;final;1331.227;1793.887;1331.227;353.887;299.325
2161.1;1;Los Espinos;final;1380.029;2676.391;1380.029;1236.391;65.049
2162;1;Los Espinos;final;1366.414;1827.637;1366.414;387.637;301.787
2162.1;1;Los Espinos;final;1465.799;2780.72;25.799;1340.72;59.986
2163;1;Los Espinos;final;1279.323;1838.887;1279.323;398.887;247.927
2164;1;Los Espinos;final;1383.617;1850.137;1383.617;410.137;288.237
2165;1;Los Espinos;final;1318.752;1763.008;1318.752;323.008;303.279
2165.1;1;Los Espinos;final;1387.127;2725.149;1387.127;1285.149;44.634
2166;1;Los Espinos;final;1286.183;1783.008;1286.183;343.008;290.674
2167;1;Los Espinos;final;1383.708;1803.008;1383.708;363.008;303.171
2167.1;1;Los Espinos;final;1434.919;2786.108;1434.919;1346.108;40.13
2168;1;Los Espinos;final;1228.607;1823.008;1228.607;383.008;265.572
2169;1;Los Espinos;final;1296.094;1835.858;1296.094;395.858;281.595
2169.1;1;Los Espinos;final;1507.074;2729.51;67.074;1289.51;92.79
2170;1;Los Espinos;final;1376.702;1848.708;1376.702;408.708;303.181
2170.1;1;Los Espinos;final;1488.076;2749.728;48.076;1309.728;81.295
2171;1;Los Espinos;final;1297.735;1874.408;1297.735;434.408;235.908
2172;1;Los Espinos;final;1322.91;1913.008;1322.91;473.008;287.002
2173;1;Los Espinos;final;1239.476;2533.008;1239.476;1093.008;56.977
2174;1;Los Espinos;final;1501.427;2543.008;61.427;1103.008;158.256
2175;1;Los Espinos;final;1235.988;1462.827;1235.988;22.827;313.046
2176;1;Los Espinos;final;1055.464;1597.827;1055.464;157.827;280.214
2176.1;1;Los Espinos;final;1430.036;2487.02;1430.036;1047.02;145.057
2177;1;Los Espinos;final;1309.838;1732.827;1309.838;292.827;310.197
2177.1;1;Los Espinos;final;1334.983;2707.115;1334.983;1267.115;29.699
2178;1;Los Espinos;final;1277.832;1742.827;1277.832;302.827;305.305
2178.1;1;Los Espinos;final;1357.364;2662.827;1357.364;1222.827;59.889
2179;1;Los Espinos;final;1289.832;1752.827;1289.832;312.827;305.305
2180;1;Los Espinos;final;1126.337;1762.827;1126.337;322.827;241.487
2181;1;Los Espinos;final;1335.049;1772.827;1335.049;332.827;308.484
2181.1;1;Los Espinos;final;1482.919;2677.833;42.919;1237.833;105.689
2182;1;Los Espinos;final;1373.902;1782.827;1373.902;342.827;314.948
2182.1;1;Los Espinos;final;1502.628;2745.357;62.628;1305.357;91.194
2183;1;Los Espinos;final;1391.934;1792.827;1391.934;352.827;308.158
2183.1;1;Los Espinos;final;1502.149;2778.687;62.149;1338.687;78.281
2184;1;Los Espinos;final;1299.57;1804.077;1299.57;364.077;274.853
2184.1;1;Los Espinos;final;1399.002;2694.441;1399.002;1254.441;67.699
2185;1;Los Espinos;final;1379.264;1815.327;1379.264;375.327;314.255
2185.1;1;Los Espinos;final;1443.704;2788.72;3.704;1348.72;45.178
2186;1;Los Espinos;final;1360.466;1837.827;1360.466;397.827;278.846
2187;1;Los Espinos;final;1326.325;1860.327;1326.325;420.327;278.188
2188;1;Los Espinos;final;1345.339;1882.827;1345.339;442.827;280.368
2189;1;Los Espinos;final;1293.971;1895.677;1293.971;455.677;240.678
2190;1;Los Espinos;final;1262.873;1770.72;1262.873;330.72;281.31
2191;1;Los Espinos;final;1241.425;1790.72;1241.425;350.72;264.388
2191.1;1;Los Espinos;final;1443.841;2675.858;3.841;1235.858;93.735
2192;1;Los Espinos;final;1251.149;1810.72;1251.149;370.72;260.612
2193;1;Los Espinos;final;1392.114;1821.97;1392.114;381.97;312.423
2193.1;1;Los Espinos;final;1465.173;2823.963;25.173;1383.963;36.461
2194;1;Los Espinos;final;1416.82;1878.22;1416.82;438.22;304.617
2194.1;1;Los Espinos;final;1510.868;2813.041;70.868;1373.041;67.699
2195;1;Los Espinos;final;1598.796;2530.72;158.796;1090.72;199.776
2196;1;La Reina;final;587.705;1336.245;587.705;1336.245;277.656
2196.1;1;La Reina;final;1446.779;2025.348;6.779;585.348;273.933
2197;1;La Reina;final;631.796;1366.245;631.796;1366.245;280.417
2197.1;1;La Reina;final;1276.881;2079.648;1276.881;639.648;199.84
2198;1;La Reina;intermedia;750.622;784.0;750.622;784.0;285.673
2198;2;La Reina;final;1158.719;1396.245;1158.719;1396.245;118.344
2199;1;La Reina;intermedia;890.013;917.0;890.013;917.0;300.45
2199;2;La Reina;final;1247.422;1418.728;1247.422;1418.728;83.616
2200;1;La Reina;final;1386.736;1643.562;1386.736;203.562;265.338
2200.1;1;La Reina;final;1600.279;2802.375;160.279;1362.375;111.363
2201;1;La Reina;intermedia;933.163;951.0;933.163;951.0;232.654
2201;2;La Reina;final;1303.886;1666.245;1303.886;226.245;118.344
2201.1;1;La Reina;final;1348.968;2705.708;1348.968;1265.708;36.117
2202;1;La Reina;final;1163.214;1673.745;1163.214;233.745;305.08
2202.1;1;La Reina;final;1326.09;2564.958;1326.09;1124.958;71.483
2203;1;La Reina;final;1325.179;1688.745;1325.179;248.745;314.671
2204;1;La Reina;final;1183.214;1696.245;1183.214;256.245;305.08
2204.1;1;La Reina;final;1528.817;2583.822;88.817;1143.822;182.776
2205;1;La Reina;final;1308.063;1703.745;1308.063;263.745;299.276
2205.1;1;La Reina;final;1536.412;2736.748;96.412;1296.748;102.874
2206;1;La Reina;final;1247.327;1711.245;1247.327;271.245;296.886
2207;1;La Reina;final;1216.353;1718.745;1216.353;278.745;295.209
2207.1;1;La Reina;final;1281.753;2619.551;1281.753;1179.551;44.192
2208;1;La Reina;final;1296.205;1726.245;1296.205;286.245;299.981
2208.1;1;La Reina;final;1485.048;2724.495;45.048;1284.495;95.002
2209;1;La Reina;final;1259.465;1731.528;1259.465;291.528;294.814
2210;1;La Reina;final;1316.196;1736.812;1316.196;296.812;289.439
2210.1;1;La Reina;final;1549.262;2749.598;109.262;1309.598;102.874
2211;1;La Reina;final;1320.162;1742.095;1320.162;302.095;298.797
2211.1;1;La Reina;final;1438.946;2725.455;1438.946;1285.455;66.173
2212;1;La Reina;final;1224.268;1747.378;1224.268;307.378;277.131
2213;1;La Reina;final;1175.905;1752.662;1175.905;312.662;251.608
2214;1;La Reina;final;1384.412;1757.945;1384.412;317.945;304.007
2214.1;1;La Reina;final;1461.812;2789.755;21.812;1349.755;53.926
2215;1;La Reina;final;1238.805;1763.228;1238.805;323.228;253.529
2216;1;La Reina;final;1400.795;1768.512;1400.795;328.512;307.243
2216.1;1;La Reina;final;1446.736;2641.245;6.736;1201.245;109.499
2217;1;La Reina;final;1178.005;1773.795;1178.005;333.795;222.515
2218;1;La Reina;final;1382.362;1779.078;1382.362;339.078;302.605
2219;1;La Reina;final;1248.268;1784.362;1248.268;344.362;272.462
2220;1;La Reina;final;1123.385;1789.645;1123.385;349.645;230.744
2221;1;La Reina;final;1274.665;1794.928;1274.665;354.928;267.074
2222;1;La Reina;final;1230.129;1800.212;1230.129;360.212;237.293
2222.1;1;La Reina;final;1459.312;2659.648;19.312;1219.648;102.874
2223;1;La Reina;final;1343.92;1810.778;1343.92;370.778;286.828
2224;1;La Reina;final;1284.063;1816.062;1284.063;376.062;238.445
2224.1;1;La Reina;final;1543.519;2711.048;103.519;1271.048;118.344
2225;1;La Reina;final;1347.605;1816.245;1347.605;376.245;273.54
2226;1;La Reina;final;1311.115;1825.245;1311.115;385.245;266.585
2227;1;La Reina;final;1373.746;1834.245;1373.746;394.245;303.478
2227.1;1;La Reina;final;1455.96;2763.754;15.96;1323.754;58.67
2228;1;La Reina;final;1238.005;1852.245;1238.005;412.245;199.619
2229;1;La Reina;final;1330.105;1861.245;1330.105;421.245;253.507
2230;1;La Reina;final;1364.462;1870.245;1364.462;430.245;276.282
2231;1;La Reina;final;1373.145;1879.245;1373.145;439.245;287.008
2232;1;La Reina;final;1301.466;1973.745;1301.466;533.745;245.521
2233;1;La Reina;final;1368.471;2074.995;1368.471;634.995;236.799
2234;1;La Reina;final;1174.805;2326.245;1174.805;886.245;102.298
2235;1;La Reina;final;1258.626;2350.245;1258.626;910.245;122.873
2236;1;La Reina;final;1214.805;2366.245;1214.805;926.245;102.298
2237;1;La Reina;final;1286.805;2438.245;1286.805;998.245;102.298
2238;1;La Reina;final;916.068;1429.648;916.068;1429.648;305.094
2238.1;1;La Reina;final;1132.168;2363.64;1132.168;923.64;57.942
2239;1;La Reina;final;998.869;1444.648;998.869;4.648;281.73
2239.1;1;La Reina;final;1462.322;2440.958;22.322;1000.958;165.988
2240;1;La Reina;final;1124.829;1459.648;1124.829;19.648;313.942
2240.1;1;La Reina;final;1236.063;2551.648;1236.063;1111.648;48.52
2241;1;La Reina;intermedia;893.605;923.0;893.605;923.0;291.704
2241;2;La Reina;final;1212.045;1474.648;1212.045;34.648;102.874
2241.1;1;La Reina;final;1267.255;2458.245;1267.255;1018.245;102.298
2242;1;La Reina;final;935.819;1489.648;935.819;49.648;306.654
2242.1;1;La Reina;final;1281.245;2405.641;1281.245;965.641;111.363
2243;1;La Reina;final;959.485;1519.648;959.485;79.648;297.824
2243.1;1;La Reina;final;1398.531;2375.631;1398.531;935.631;184.984
2244;1;La Reina;final;1360.952;1774.648;1360.952;334.648;280.574
2244.1;1;La Reina;final;1465.048;2741.614;25.048;1301.614;81.165
2245;1;La Reina;final;1279.255;1789.648;1279.255;349.648;259.602
2246;1;La Reina;final;1217.905;1804.648;1217.905;364.648;238.202
2247;1;La Reina;final;1268.245;1819.648;1268.245;379.648;254.135
2248;1;La Reina;final;1342.955;1830.898;1342.955;390.898;271.956
2249;1;La Reina;final;1401.776;1864.648;1401.776;424.648;294.011
2250;1;La Reina;final;1456.288;1875.898;16.288;435.898;308.76
2251;1;La Reina;final;1118.772;1808.016;1118.772;368.016;181.704
2252;1;La Reina;final;1384.45;1853.016;1384.45;413.016;288.713
2253;1;La Reina;final;1147.385;1898.016;1147.385;458.016;200.689
2254;1;La Reina;final;1468.885;1928.016;28.885;488.016;273.368
2255;1;La Reina;final;1486.163;2528.016;46.163;1088.016;156.213
2256;1;La Reina;final;1169.623;1819.648;1169.623;379.648;280.04
2256.1;1;La Reina;final;1259.623;2572.927;1259.623;1132.927;59.986
2257;1;La Reina;final;1141.185;1864.648;1141.185;424.648;195.665
2258;1;La Reina;final;1168.626;2539.648;1168.626;1099.648;26.843
2259;1;El Conquistador;final;1348.833;1747.993;1348.833;307.993;301.645
2259.1;1;El Conquistador;final;1588.583;2722.993;148.583;1282.993;138.066
2260;1;El Conquistador;final;1302.849;1777.993;1302.849;337.993;286.174
2260.1;1;El Conquistador;final;1506.699;2677.993;66.699;1237.993;115.143
2261;1;El Conquistador;final;1376.211;1792.993;1376.211;352.993;310.972
2261.1;1;El Conquistador;final;1496.678;2753.216;56.678;1313.216;98.508
2262;1;El Conquistador;final;1155.985;1801.159;1155.985;361.159;207.473
2263;1;El Conquistador;final;1293.016;1809.326;1293.016;369.326;263.251
2264;1;El Conquistador;final;1260.885;1817.493;1260.885;377.493;256.721
2265;1;El Conquistador;final;1391.94;1825.659;1391.94;385.659;309.005
2266;1;El Conquistador;final;1171.793;1833.826;1171.793;393.826;231.813
2267;1;El Conquistador;final;1414.221;1841.993;1414.221;401.993;306.641
2268;1;El Conquistador;final;1129.518;1850.159;1129.518;410.159;210.822
2269;1;El Conquistador;final;1316.133;1866.493;1316.133;426.493;263.251
2269.1;1;El Conquistador;final;1533.041;2696.61;93.041;1256.61;120.073
2270;1;El Conquistador;final;1299.868;1874.659;1299.868;434.659;252.121
2271;1;El Conquistador;final;1293.201;1882.993;1293.201;442.993;256.139
2272;1;El Conquistador;final;1346.535;1912.993;1346.535;472.993;252.121
2273;1;La Reina;final;878.329;1393.458;878.329;1393.458;293.127
2273.1;1;La Reina;final;1420.885;2311.255;1420.885;871.255;175.655
2274;1;La Reina;final;847.847;1423.458;847.847;1423.458;248.927
2274.1;1;La Reina;final;1407.314;2293.856;1407.314;853.856;203.609
2275;1;La Reina;final;569.096;1749.158;569.096;309.158;93.311
2276;1;La Reina;final;1256.638;1757.725;1256.638;317.725;258.067
2277;1;La Reina;final;1262.748;1766.291;1262.748;326.291;275.452
2278;1;La Reina;final;1313.414;1774.858;1313.414;334.858;306.235
2278.1;1;La Reina;final;1488.792;2713.856;48.792;1273.856;112.12
2279;1;La Reina;final;1255.168;1783.458;1255.168;343.458;248.231
2280;1;La Reina;final;1321.262;1790.958;1321.262;350.958;283.099
2280.1;1;La Reina;final;1408.963;2727.105;1408.963;1287.105;49.471
2281;1;La Reina;final;536.035;1820.958;536.035;380.958;51.406
2282;1;La Reina;final;558.535;1843.458;558.535;403.458;51.406
2283;1;La Reina;final;566.035;1850.958;566.035;410.958;51.406
2284;1;La Reina;final;573.535;1858.458;573.535;418.458;51.406
2285;1;La Reina;final;581.035;1865.958;581.035;425.958;51.406
2286;1;La Reina;final;1062.803;1426.657;1062.803;1426.657;306.595
2286.1;1;La Reina;final;1372.885;2466.218;1372.885;1026.218;134.916
2287;1;La Reina;final;930.312;1456.657;930.312;16.657;306.639
2287.1;1;La Reina;final;1358.748;2363.355;1358.748;923.355;135.554
2288;1;La Reina;final;1120.858;1486.657;1120.858;46.657;289.248
2288.1;1;La Reina;final;1411.246;2527.935;1411.246;1087.935;114.954
2289;1;La Reina;final;532.269;1756.657;532.269;316.657;82.945
2290;1;La Reina;final;1294.795;1766.657;1294.795;326.657;283.133
2291;1;La Reina;final;1330.045;1776.657;1330.045;336.657;265.786
2292;1;La Reina;final;1372.345;1786.657;1372.345;346.657;300.272
2292.1;1;La Reina;final;1461.552;2611.245;21.552;1171.245;131.754
2293;1;La Reina;final;1323.702;1796.657;1323.702;356.657;252.892
2294;1;La Reina;final;551.035;1806.657;551.035;366.657;59.428
2295;1;La Reina;final;1333.585;1816.657;1333.585;376.657;244.413
2296;1;La Reina;final;584.385;1824.823;584.385;384.823;57.942
2297;1;La Reina;final;1365.295;1832.99;1365.295;392.99;271.293
2298;1;La Reina;final;1356.36;1841.157;1356.36;401.157;256.896
2299;1;La Reina;final;1379.395;1849.323;1379.395;409.323;271.293
2300;1;La Reina;final;1397.762;1857.49;1397.762;417.49;284.441
2301;1;La Reina;final;1422.322;1865.657;1422.322;425.657;270.559
2301.1;1;La Reina;final;1522.322;2850.658;82.322;1410.658;52.14
2302;1;La Reina;final;1171.385;1873.823;1171.385;433.823;196.047
2303;1;La Reina;final;1343.85;1881.99;1343.85;441.99;305.134
2304;1;La Reina;final;1397.835;1890.157;1397.835;450.157;251.406
2305;1;La Reina;final;1246.602;1898.323;1246.602;458.323;203.04
2306;1;La Reina;final;1400.814;1906.49;1400.814;466.49;306.891
2306.1;1;La Reina;final;1474.593;2771.486;34.593;1331.486;64.345
2307;1;La Reina;final;1246.76;1906.657;1246.76;466.657;217.806
2308;1;La Reina;final;1267.652;1914.157;1267.652;474.157;204.982
2309;1;La Reina;final;1177.652;1929.157;1177.652;489.157;161.733
2310;1;La Reina;final;1393.495;1936.657;1393.495;496.657;245.183
2311;1;La Reina;final;1381.196;1951.657;1381.196;511.657;227.592
2312;1;El Conquistador;intermedia;714.518;745.0;714.518;745.0;279.125
2312;2;El Conquistador;final;1125.597;1406.718;1125.597;1406.718;112.233
2312.1;1;El Conquistador;final;1207.109;2542.508;1207.109;1102.508;38.205
2313;1;El Conquistador;final;915.934;1426.718;915.934;1426.718;314.671
2313.1;1;El Conquistador;final;1428.749;2373.602;1428.749;933.602;183.568
2314;1;El Conquistador;final;1398.875;1446.718;1398.875;6.718;253.576
2314.1;1;El Conquistador;final;1553.229;2793.284;113.229;1353.284;93.381
2315;1;El Conquistador;final;1216.183;1736.718;1216.183;296.718;285.348
2315.1;1;El Conquistador;final;1311.013;2602.974;1311.013;1162.974;56.263
2316;1;El Conquistador;final;1167.486;1748.718;1167.486;308.718;292.136
2316.1;1;El Conquistador;final;1283.863;2572.152;1283.863;1132.152;61.138
2317;1;El Conquistador;final;1295.517;1760.718;1295.517;320.718;297.742
2317.1;1;El Conquistador;final;1473.785;2693.751;33.785;1253.751;103.247
2318;1;El Conquistador;final;1298.868;1772.718;1298.868;332.718;298.652
2318.1;1;El Conquistador;final;1380.499;2722.116;1380.499;1282.116;43.159
2319;1;El Conquistador;final;1249.905;1784.718;1249.905;344.718;284.073
2319.1;1;El Conquistador;final;1352.129;2636.718;1352.129;1196.718;74.465
2320;1;El Conquistador;final;1142.579;1796.718;1142.579;356.718;90.168
2321;1;El Conquistador;final;1335.835;1807.968;1335.835;367.968;312.5
2321.1;1;El Conquistador;final;1515.002;2732.776;75.002;1292.776;111.78
2322;1;El Conquistador;final;1417.63;1819.218;1417.63;379.218;305.319
2322.1;1;El Conquistador;final;1538.23;2753.575;98.23;1313.575;103.775
2323;1;El Conquistador;final;1357.795;1830.468;1357.795;390.468;296.958
2323.1;1;El Conquistador;final;1532.995;2791.455;92.995;1351.455;89.888
2324;1;El Conquistador;final;1323.013;1841.718;1323.013;401.718;269.51
2325;1;El Conquistador;final;1211.189;1864.218;1211.189;424.218;239.394
2326;1;El Conquistador;final;1373.949;1875.468;1373.949;435.468;268.192
2326.1;1;El Conquistador;final;1543.825;2767.551;103.825;1327.551;93.49
2327;1;El Conquistador;final;1276.019;1736.718;1276.019;296.718;310.452
2327.1;1;El Conquistador;final;1473.115;2667.798;33.115;1227.798;82.46
2328;1;El Conquistador;final;1296.739;1756.718;1296.739;316.718;261.467
2329;1;El Conquistador;final;1250.709;1776.718;1250.709;336.718;141.8
2330;1;El Conquistador;final;1045.743;1796.718;1045.743;356.718;294.866
2330.1;1;El Conquistador;final;1232.312;2465.117;1232.312;1025.117;86.006
2331;1;El Conquistador;final;1253.454;1801.452;1253.454;361.452;283.644
2331.1;1;El Conquistador;final;1480.207;2662.863;40.207;1222.863;112.997
2332;1;El Conquistador;final;1330.612;1806.185;1330.612;366.185;308.819
2332.1;1;El Conquistador;final;1504.796;2732.734;64.796;1292.734;96.283
2333;1;El Conquistador;final;1331.44;1810.918;1331.44;370.918;310.143
2333.1;1;El Conquistador;final;1369.169;2708.543;1369.169;1268.543;44.969
2334;1;El Conquistador;final;1393.973;1815.652;1393.973;375.652;296.493
2335;1;El Conquistador;final;1380.362;1820.385;1380.362;380.385;278.248
2335.1;1;El Conquistador;final;1495.651;2784.134;55.651;1344.134;74.739
2336;1;El Conquistador;final;1423.556;1829.852;1423.556;389.852;304.868
2336.1;1;El Conquistador;final;1484.067;2814.418;44.067;1374.418;51.656
2337;1;El Conquistador;final;1258.276;1834.585;1258.276;394.585;300.896
2337.1;1;El Conquistador;final;1436.454;2672.317;1436.454;1232.317;110.75
2338;1;El Conquistador;final;1115.743;1839.318;1115.743;399.318;294.866
2338.1;1;El Conquistador;final;1338.993;2529.634;1338.993;1089.634;127.487
2339;1;El Conquistador;final;1332.397;1844.052;1332.397;404.052;300.901
2340;1;El Conquistador;final;1174.079;1848.785;1174.079;408.785;311.307
2340.1;1;El Conquistador;final;1476.745;2556.718;36.745;1116.718;152.14
2341;1;El Conquistador;final;493.044;1853.518;493.044;413.518;32.865
2342;1;El Conquistador;final;497.778;1858.252;497.778;418.252;32.865
2343;1;El Conquistador;final;502.511;1862.985;502.511;422.985;32.865
2344;1;El Conquistador;final;1374.183;1867.718;1374.183;427.718;311.268
2345;1;El Conquistador;final;1401.003;1881.918;1401.003;441.918;158.571
2346;1;El Conquistador;final;1161.845;1886.718;1161.845;446.718;64.914
2347;1;El Conquistador;final;1228.909;1896.718;1228.909;456.718;104.903
2348;1;El Conquistador;final;741.7;1380.152;741.7;1380.152;308.359
2348.1;1;El Conquistador;final;1339.521;2135.933;1339.521;695.933;207.746
2349;1;El Conquistador;final;722.462;1410.152;722.462;1410.152;297.684
2349.1;1;El Conquistador;final;1263.325;2093.881;1263.325;653.881;200.115
2350;1;El Conquistador;final;708.968;1440.152;708.968;0.152;282.629
2350.1;1;El Conquistador;final;1305.571;2132.776;1305.571;692.776;181.147
2351;1;El Conquistador;final;1278.946;1710.152;1278.946;270.152;296.283
2351.1;1;El Conquistador;final;1357.791;2582.881;1357.791;1142.881;90.734
2352;1;El Conquistador;final;1291.75;1714.752;1291.75;274.752;296.288
2352.1;1;El Conquistador;final;1416.205;2597.933;1416.205;1157.933;108.1
2353;1;El Conquistador;final;1333.009;1719.352;1333.009;279.352;310.145
2353.1;1;El Conquistador;final;1512.026;2733.284;72.026;1293.284;108.091
2354;1;El Conquistador;final;1269.568;1723.952;1269.568;283.952;270.558
2355;1;El Conquistador;final;1255.835;1728.552;1255.835;288.552;282.629
2356;1;El Conquistador;final;1314.55;1737.752;1314.55;297.752;284.217
2357;1;El Conquistador;final;1177.538;1742.352;1177.538;302.352;252.35
2358;1;El Conquistador;final;1308.946;1746.952;1308.946;306.952;293.118
2358.1;1;El Conquistador;final;1383.259;2612.881;1383.259;1172.881;90.494
2359;1;El Conquistador;final;1250.509;1751.552;1250.509;311.552;302.84
2360;1;El Conquistador;final;1325.95;1756.152;1325.95;316.152;296.288
2360.1;1;El Conquistador;final;1535.685;2631.861;95.685;1191.861;158.286
2361;1;El Conquistador;final;1359.068;1760.752;1359.068;320.752;313.624
2362;1;El Conquistador;final;1322.979;1765.352;1322.979;325.352;288.778
2363;1;El Conquistador;final;1303.746;1769.952;1303.746;329.952;297.684
2363.1;1;El Conquistador;final;1388.791;2610.731;1388.791;1170.731;93.458
2364;1;El Conquistador;final;1257.659;1770.152;1257.659;330.152;268.501
2365;1;El Conquistador;final;1440.191;1774.435;0.191;334.435;314.629
2365.1;1;El Conquistador;final;1584.212;2822.61;144.212;1382.61;94.222
2366;1;El Conquistador;final;1259.971;1778.719;1259.971;338.719;240.279
2367;1;El Conquistador;final;1441.617;1783.002;1.617;343.002;311.77
2367.1;1;El Conquistador;final;1482.546;2772.498;42.546;1332.498;73.102
2368;1;El Conquistador;final;1298.106;1787.285;1298.106;347.285;267.582
2368.1;1;El Conquistador;final;1527.635;2704.53;87.635;1264.53;111.291
2369;1;El Conquistador;final;1334.75;1791.569;1334.75;351.569;298.012
2370;1;El Conquistador;final;1353.183;1795.852;1353.183;355.852;298.012
2370.1;1;El Conquistador;final;1480.455;2662.183;40.455;1222.183;108.1
2371;1;El Conquistador;final;1277.071;1800.135;1277.071;360.135;252.35
2372;1;El Conquistador;final;1327.734;1804.419;1327.734;364.419;295.851
2373;1;El Conquistador;final;1180.671;1808.702;1180.671;368.702;242.004
2374;1;El Conquistador;final;1425.909;1812.985;1425.909;372.985;311.072
2374.1;1;El Conquistador;final;1446.099;2823.284;6.099;1383.284;28.702
2375;1;El Conquistador;final;1347.434;1817.269;1347.434;377.269;294.949
2376;1;El Conquistador;final;1393.133;1821.552;1393.133;381.552;291.722
2377;1;El Conquistador;final;1295.835;1830.119;1295.835;390.119;272.283
2377.1;1;El Conquistador;final;1474.796;2694.176;34.796;1254.176;100.601
2378;1;El Conquistador;final;1266.825;1838.685;1266.825;398.685;222.714
2379;1;El Conquistador;final;1268.425;1851.535;1268.425;411.535;227.054
2380;1;El Conquistador;final;1403.001;1855.819;1403.001;415.819;290.607
2380.1;1;El Conquistador;final;1520.751;2789.779;80.751;1349.779;76.485
2381;1;El Conquistador;final;1504.701;1860.152;64.701;420.152;309.945
2382;1;El Conquistador;final;1284.671;1887.819;1284.671;447.819;242.004
2383;1;El Conquistador;final;1318.241;1908.569;1318.241;468.569;234.785
2384;1;El Conquistador;final;1534.551;2370.152;94.551;930.152;221.876
2385;1;El Conquistador;final;1080.988;1367.933;1080.988;1367.933;275.828
2385.1;1;El Conquistador;final;1417.712;2496.001;1417.712;1056.001;128.687
2386;1;El Conquistador;final;763.205;1387.933;763.205;1387.933;297.046
2386.1;1;El Conquistador;final;1406.802;2108.902;1406.802;668.902;261.937
2386.2;1;El Conquistador;final;1525.738;2801.31;85.738;1361.31;81.501
2387;1;El Conquistador;final;943.105;1407.933;943.105;1407.933;307.393
2387.1;1;El Conquistador;final;1434.714;2273.052;1434.714;833.052;215.737
2388;1;El Conquistador;final;945.091;1427.933;945.091;1427.933;307.973
2388.1;1;El Conquistador;final;1272.659;2342.201;1272.659;902.201;118.044
2389;1;El Conquistador;final;824.475;1457.933;824.475;17.933;279.372
2389.1;1;El Conquistador;final;1540.81;2275.443;100.81;835.443;250.613
2390;1;El Conquistador;final;1349.725;1783.633;1349.725;343.633;285.262
2391;1;El Conquistador;final;1276.562;1796.483;1276.562;356.483;307.626
2391.1;1;El Conquistador;final;1396.584;2672.734;1396.584;1232.734;74.739
2392;1;La Reina;intermedia;741.622;819.0;741.622;819.0;280.697
2392;2;La Reina;final;1485.012;1467.154;45.012;27.154;221.746
2393;1;La Reina;final;1196.616;1737.154;1196.616;297.154;288.107
2393.1;1;La Reina;final;1401.212;2575.353;1401.212;1135.353;106.986
2394;1;La Reina;final;1295.846;1747.154;1295.846;307.154;199.087
2395;1;La Reina;final;1358.363;1757.154;1358.363;317.154;241.894
2396;1;La Reina;final;1264.58;1767.154;1264.58;327.154;199.087
2397;1;La Reina;final;1294.58;1777.154;1294.58;337.154;199.087
2398;1;La Reina;final;1304.58;1787.154;1304.58;347.154;199.087
2399;1;La Reina;final;1364.58;1797.154;1364.58;357.154;199.087
2400;1;La Reina;final;1249.763;1806.154;1249.763;366.154;156.279
2401;1;La Reina;final;1258.98;1815.154;1258.98;375.154;156.279
2402;1;La Reina;final;1268.196;1824.154;1268.196;384.154;156.279
2403;1;La Reina;final;1277.413;1833.154;1277.413;393.154;156.279
2404;1;La Reina;final;1388.363;1842.154;1388.363;402.154;199.087
2405;1;El Conquistador;final;958.058;1466.61;958.058;26.61;302.955
2405.1;1;El Conquistador;final;1332.021;2379.243;1332.021;939.243;133.298
2406;1;El Conquistador;final;1272.275;1736.577;1272.275;296.577;304.68
2407;1;El Conquistador;final;1267.791;1736.61;1267.791;296.61;294.115
2408;1;El Conquistador;final;1297.883;1741.61;1297.883;301.61;276.882
2409;1;El Conquistador;final;1156.692;1746.61;1156.692;306.61;249.096
2410;1;El Conquistador;final;1384.521;1751.61;1384.521;311.61;312.789
2411;1;El Conquistador;final;1261.609;1756.61;1261.609;316.61;286.952
2411.1;1;El Conquistador;final;1431.412;2656.134;1431.412;1216.134;93.381
2412;1;El Conquistador;final;1235.793;1761.61;1235.793;321.61;251.501
2412.1;1;El Conquistador;final;1477.408;2629.951;37.408;1189.951;119.673
2413;1;El Conquistador;final;1180.459;1766.61;1180.459;326.61;253.75
2413.1;1;El Conquistador;final;1453.041;2576.617;13.041;1136.617;122.397
2414;1;El Conquistador;final;1196.209;1771.61;1196.209;331.61;246.525
2414.1;1;El Conquistador;final;1514.706;2589.951;74.706;1149.951;157.036
2415;1;El Conquistador;final;1163.905;1776.61;1163.905;336.61;232.944
2416;1;El Conquistador;final;1316.446;1781.61;1316.446;341.61;269.373
2417;1;El Conquistador;final;1371.276;1786.61;1371.276;346.61;306.312
2418;1;El Conquistador;final;1338.395;1791.61;1338.395;351.61;297.91
2419;1;El Conquistador;final;1366.23;1796.61;1366.23;356.61;287.01
2420;1;El Conquistador;final;1302.659;1800.36;1302.659;360.36;284.734
2420.1;1;El Conquistador;final;1494.893;2697.284;54.893;1257.284;108.091
2421;1;El Conquistador;final;1314.217;1804.11;1314.217;364.11;276.882
2422;1;El Conquistador;final;1359.533;1807.86;1359.533;367.86;276.882
2422.1;1;El Conquistador;final;1549.268;2675.033;109.268;1235.033;138.379
2423;1;El Conquistador;final;1305.835;1811.61;1305.835;371.61;263.224
2423.1;1;El Conquistador;final;1571.533;2707.026;131.533;1267.026;137.509
2424;1;El Conquistador;final;1411.584;1815.36;1411.584;375.36;294.1
2425;1;El Conquistador;final;1346.395;1819.11;1346.395;379.11;309.918
2425.1;1;El Conquistador;final;1501.462;2673.626;61.462;1233.626;122.406
2426;1;El Conquistador;final;1348.809;1822.86;1348.809;382.86;291.666
2427;1;El Conquistador;final;1354.521;1830.36;1354.521;390.36;311.898
2427.1;1;El Conquistador;final;1596.171;2685.152;156.171;1245.152;152.703
2428;1;El Conquistador;final;1473.242;1834.11;33.242;394.11;314.262
2429;1;El Conquistador;final;1259.521;1837.86;1259.521;397.86;269.271
2429.1;1;El Conquistador;final;1512.171;2586.152;72.171;1146.152;152.703
2430;1;El Conquistador;final;1353.097;1841.61;1353.097;401.61;295.978
2431;1;El Conquistador;final;1284.773;1852.86;1284.773;412.86;245.452
2431.1;1;El Conquistador;final;1450.552;2688.28;10.552;1248.28;89.054
2432;1;El Conquistador;final;1288.471;1860.36;1288.471;420.36;220.873
2433;1;El Conquistador;final;1491.471;1864.11;51.471;424.11;310.174
2434;1;El Conquistador;final;1412.418;1871.61;1412.418;431.61;312.279
2434.1;1;El Conquistador;final;1512.53;2821.819;72.53;1381.819;61.138
2435;1;El Conquistador;final;1196.671;1879.11;1196.671;439.11;222.598
2436;1;El Conquistador;final;1204.671;1882.86;1204.671;442.86;222.598
2437;1;El Conquistador;final;1261.375;1909.11;1261.375;469.11;203.308
2438;1;El Conquistador;final;1255.546;1785.6;1255.546;345.6;256.628
2439;1;El Conquistador;final;1264.795;1792.517;1264.795;352.517;259.739
2440;1;El Conquistador;final;1386.225;1813.267;1386.225;373.267;307.382
2440.1;1;El Conquistador;final;1530.006;2789.68;90.006;1349.68;82.304
2441;1;La Reina;final;1190.002;1807.893;1190.002;367.893;244.41
2442;1;La Reina;final;1487.962;1816.06;47.962;376.06;311.119
2443;1;La Reina;final;1252.123;1824.226;1252.123;384.226;308.9
2443.1;1;La Reina;final;1492.259;2657.927;52.259;1217.927;137.674
2444;1;La Reina;final;1155.06;1832.393;1155.06;392.393;189.752
2445;1;La Reina;final;1181.893;1840.56;1181.893;400.56;205.508
2446;1;La Reina;final;1267.123;1848.726;1267.123;408.726;308.9
2447;1;La Reina;final;1322.633;1865.06;1322.633;425.06;291.727
2447.1;1;La Reina;final;1395.068;2707.414;1395.068;1267.414;60.259
2448;1;La Reina;final;1127.993;1873.226;1127.993;433.226;131.444
2449;1;La Reina;final;1317.17;1889.56;1317.17;449.56;224.081
2450;1;La Reina;final;1354.806;1897.726;1354.806;457.726;311.95
2450.1;1;La Reina;final;1378.243;2710.502;1378.243;1270.502;50.612
2451;1;La Reina;final;1389.138;1897.893;1389.138;457.893;290.148
2451.1;1;La Reina;final;1496.814;2760.314;56.814;1320.314;90.108
2452;1;La Reina;final;1174.076;2463.193;1174.076;1023.193;55.703
2453;1;La Reina;final;1368.723;2481.626;1368.723;1041.626;135.847
2454;1;La Reina;final;1444.593;2527.893;4.593;1087.893;137.366
2455;1;El Conquistador;final;928.058;1408.548;928.058;1408.548;301.787
2455.1;1;El Conquistador;final;1413.462;2356.61;1413.462;916.61;186.578
2456;1;El Conquistador;final;786.125;1438.548;786.125;1438.548;292.223
2456.1;1;El Conquistador;final;1388.379;2239.11;1388.379;799.11;181.797
2457;1;El Conquistador;final;1271.951;1738.548;1271.951;298.548;280.623
2457.1;1;El Conquistador;final;1547.139;2665.121;107.139;1225.121;169.208
2458;1;El Conquistador;final;1257.495;1743.998;1257.495;303.998;284.324
2459;1;El Conquistador;final;1282.851;1749.448;1282.851;309.448;291.116
2460;1;El Conquistador;final;1318.909;1754.898;1318.909;314.898;281.771
2460.1;1;El Conquistador;final;1560.171;2715.284;120.171;1275.284;129.681
2461;1;El Conquistador;final;1301.937;1760.348;1301.937;320.348;297.698
2462;1;El Conquistador;final;1358.426;1771.248;1358.426;331.248;297.141
2462.1;1;El Conquistador;final;1422.825;2775.875;1422.825;1335.875;38.205
2463;1;El Conquistador;final;1348.699;1776.698;1348.699;336.698;287.858
2464;1;El Conquistador;final;1348.251;1782.148;1348.251;342.148;288.623
2465;1;El Conquistador;final;1332.896;1793.048;1332.896;353.048;278.721
2465.1;1;El Conquistador;final;1468.197;2717.213;28.197;1277.213;82.337
2466;1;El Conquistador;final;1337.351;1798.498;1337.351;358.498;291.116
2466.1;1;El Conquistador;final;1569.952;2730.535;129.952;1290.535;133.414
2467;1;El Conquistador;final;1201.375;1798.548;1201.375;358.548;229.38
2468;1;El Conquistador;final;1353.337;1802.832;1353.337;362.832;292.863
2468.1;1;El Conquistador;final;1468.292;2660.111;28.292;1220.111;110.983
2469;1;El Conquistador;final;1352.896;1811.398;1352.896;371.398;273.213
2470;1;El Conquistador;final;1354.196;1824.248;1354.196;384.248;273.213
2471;1;El Conquistador;final;1306.747;1828.532;1306.747;388.532;245.989
2472;1;El Conquistador;final;1400.984;1837.098;1400.984;397.098;291.311
2472.1;1;El Conquistador;final;1515.503;2792.638;75.503;1352.638;99.492
2473;1;El Conquistador;final;1452.688;1854.232;12.688;414.232;306.836
2474;1;El Conquistador;final;1168.146;1862.798;1168.146;422.798;191.955
2475;1;El Conquistador;final;1393.785;1918.548;1393.785;478.548;270.664
2476;1;El Conquistador;final;553.251;1375.233;553.251;1375.233;258.303
2476.1;1;El Conquistador;final;1269.434;1941.048;1269.434;501.048;201.858
2477;1;El Conquistador;final;1072.253;1405.233;1072.253;1405.233;278.827
2477.1;1;El Conquistador;final;1598.539;2477.638;158.539;1037.638;278.453
2478;1;El Conquistador;final;654.841;1435.233;654.841;1435.233;265.419
2478.1;1;El Conquistador;final;1498.447;2084.61;58.447;644.61;274.884
2479;1;El Conquistador;final;1401.147;1745.233;1401.147;305.233;302.435
2479.1;1;El Conquistador;final;1462.551;2719.233;22.551;1279.233;84.772
2480;1;El Conquistador;final;1209.546;1755.233;1209.546;315.233;241.215
2481;1;El Conquistador;final;1270.983;1765.233;1270.983;325.233;254.775
2482;1;El Conquistador;final;1487.118;1775.799;47.118;335.799;293.595
2483;1;El Conquistador;final;1391.716;1781.083;1391.716;341.083;303.548
2483.1;1;El Conquistador;final;1509.225;2801.117;69.225;1361.117;69.816
2484;1;El Conquistador;final;1269.993;1786.366;1269.993;346.366;248.11
2485;1;El Conquistador;final;1271.493;1796.933;1271.493;356.933;283.363
2486;1;El Conquistador;final;1337.165;1802.216;1337.165;362.216;284.332
2487;1;El Conquistador;final;1466.706;1807.499;26.706;367.499;235.723
2488;1;El Conquistador;final;1405.612;1812.783;1405.612;372.783;306.229
2488.1;1;El Conquistador;final;1519.701;2807.734;79.701;1367.734;73.004
2489;1;El Conquistador;final;1264.746;1818.066;1264.746;378.066;250.894
2490;1;El Conquistador;final;1386.682;1828.633;1386.682;388.633;299.115
2490.1;1;El Conquistador;final;1510.487;2781.284;70.487;1341.284;85.884
2491;1;El Conquistador;final;1342.791;1855.233;1342.791;415.233;266.564
2491.1;1;El Conquistador;final;1481.296;2726.61;41.296;1286.61;91.057
2492;1;El Conquistador;final;1248.547;1900.233;1248.547;460.233;225.348
2493;1;El Conquistador;final;1050.742;1748.28;1050.742;308.28;262.98
2493.1;1;El Conquistador;final;1310.509;2448.284;1310.509;1008.284;107.6
2494;1;El Conquistador;final;1106.369;1756.847;1106.369;316.847;309.884
2494.1;1;El Conquistador;final;1358.133;2507.638;1358.133;1067.638;130.736
2495;1;El Conquistador;final;1361.066;1765.413;1361.066;325.413;284.812
2496;1;El Conquistador;final;1261.017;1773.98;1261.017;333.98;298.62
2496.1;1;El Conquistador;final;1356.041;2566.133;1356.041;1126.133;90.535
2497;1;El Conquistador;final;1124.714;1782.547;1124.714;342.547;242.29
2498;1;El Conquistador;final;1395.24;1791.113;1395.24;351.113;305.15
2498.1;1;El Conquistador;final;1514.194;2823.635;74.194;1383.635;61.31
2499;1;El Conquistador;final;1186.225;1799.68;1186.225;359.68;278.963
2500;1;El Conquistador;final;1318.725;1808.247;1318.725;368.247;292.286
2501;1;El Conquistador;final;1373.365;1808.28;1373.365;368.28;210.05
2502;1;El Conquistador;final;1489.566;1813.563;49.566;373.563;305.332
2503;1;El Conquistador;final;1260.129;1818.847;1260.129;378.847;248.413
2504;1;El Conquistador;final;1324.272;1824.13;1324.272;384.13;184.509
2505;1;El Conquistador;final;1177.7;1829.413;1177.7;389.413;269.312
2505.1;1;El Conquistador;final;1397.9;2589.902;1397.9;1149.902;133.119
2506;1;El Conquistador;final;1267.493;1834.697;1267.493;394.697;306.939
2506.1;1;El Conquistador;final;1308.829;2680.537;1308.829;1240.537;30.755
2507;1;El Conquistador;final;495.797;1839.98;495.797;399.98;38.835
2508;1;El Conquistador;final;1220.542;1845.263;1220.542;405.263;242.265
2509;1;El Conquistador;final;1293.62;1850.547;1293.62;410.547;261.85
2510;1;El Conquistador;final;1192.273;1855.83;1192.273;415.83;265.012
2511;1;El Conquistador;final;1261.185;1861.113;1261.185;421.113;246.814
2512;1;El Conquistador;final;1410.552;1866.397;1410.552;426.397;279.131
2513;1;El Conquistador;final;1286.535;1871.68;1286.535;431.68;249.928
2514;1;El Conquistador;final;1275.62;1876.963;1275.62;436.963;246.31
2515;1;El Conquistador;final;1347.251;1887.53;1347.251;447.53;250.511
2516;1;El Conquistador;final;1305.083;1892.813;1305.083;452.813;279.202
2516.1;1;El Conquistador;final;1370.589;2717.402;1370.589;1277.402;51.597
2517;1;El Conquistador;final;1481.856;1898.28;41.856;458.28;298.271
2518;1;El Conquistador;final;1291.482;1905.197;1291.482;465.197;213.451
2519;1;El Conquistador;final;1390.249;1919.03;1390.249;479.03;257.836
2520;1;El Conquistador;final;1313.282;1925.947;1313.282;485.947;213.451
2521;1;El Conquistador;final;1155.885;1939.78;1155.885;499.78;156.353
2522;1;El Conquistador;final;1404.271;1946.697;1404.271;506.697;246.595
2523;1;El Conquistador;final;1318.522;1960.53;1318.522;520.53;172.122
2524;1;El Conquistador;final;1450.451;1974.363;10.451;534.363;256.612
2525;1;El Conquistador;final;1314.118;1988.28;1314.118;548.28;207.363
2526;1;El Conquistador;final;1251.238;1418.569;1251.238;1418.569;308.598
2527;1;El Conquistador;final;937.447;1448.569;937.447;8.569;306.761
2527.1;1;El Conquistador;final;1311.33;2319.499;1311.33;879.499;144.09
2528;1;El Conquistador;final;1302.382;1898.569;1302.382;458.569;191.607
2529;1;El Conquistador;final;1244.421;1805.061;1244.421;365.061;267.457
2529.1;1;El Conquistador;final;1450.022;2619.271;10.022;1179.271;124.028
2530;1;El Conquistador;final;1332.726;1811.478;1332.726;371.478;300.077
2531;1;El Conquistador;final;1263.62;1817.895;1263.62;377.895;258.066
2532;1;El Conquistador;final;1375.388;1824.311;1375.388;384.311;284.224
2533;1;El Conquistador;final;1262.849;1830.728;1262.849;390.728;254.429
2534;1;El Conquistador;final;496.531;1849.978;496.531;409.978;35.582
2535;1;El Conquistador;final;1391.215;1856.395;1391.215;416.395;304.356
2536;1;El Conquistador;final;509.364;1862.811;509.364;422.811;35.582
2537;1;El Conquistador;final;1312.628;1869.228;1312.628;429.228;222.749
2538;1;El Conquistador;final;1208.385;1875.645;1208.385;435.645;191.326
2539;1;El Conquistador;final;1253.385;1882.061;1253.385;442.061;198.009
2540;1;El Conquistador;final;1478.606;1894.895;38.606;454.895;311.693
2540.1;1;El Conquistador;final;1544.768;2795.514;104.768;1355.514;88.887
2541;1;El Conquistador;final;1341.118;1917.561;1341.118;477.561;242.918
2542;1;La Reina;final;1145.643;1751.016;1145.643;311.016;245.995
2543;1;La Reina;final;1288.027;1763.016;1288.027;323.016;291.831
2544;1;La Reina;final;1327.22;1807.016;1327.22;367.016;270.703
2545;1;La Reina;final;1444.371;1822.016;4.371;382.016;309.598
2546;1;La Reina;final;1281.17;1827.016;1281.17;387.016;251.33
2547;1;La Reina;final;1385.973;1832.016;1385.973;392.016;291.454
2548;1;La Reina;final;1270.805;1837.016;1270.805;397.016;253.732
2549;1;La Reina;final;1257.17;1847.016;1257.17;407.016;248.267
2550;1;La Reina;final;569.698;1852.016;569.698;412.016;67.168
2551;1;La Reina;final;1286.76;1867.016;1286.76;427.016;269.387
2552;1;La Reina;final;1187.502;1400.314;1187.502;1400.314;303.227
2552.1;1;La Reina;final;1536.288;2585.708;96.288;1145.708;164.142
2553;1;La Reina;final;1221.386;1420.314;1221.386;1420.314;292.709
2554;1;La Reina;final;850.8;1440.314;850.8;0.314;298.024
2554.1;1;La Reina;final;1280.785;2269.555;1280.785;829.555;147.218
2555;1;La Reina;final;1218.348;1730.314;1218.348;290.314;280.02
2555.1;1;La Reina;final;1352.866;2603.443;1352.866;1163.443;81.23
2556;1;La Reina;final;514.698;1750.314;514.698;310.314;90.108
2557;1;La Reina;final;1264.821;1835.314;1264.821;395.314;262.384
2558;1;La Reina;final;1317.017;1846.564;1317.017;406.564;281.954
2558.1;1;La Reina;final;1448.5;2712.983;8.5;1272.983;73.617
2559;1;El Conquistador;final;495.534;1662.731;495.534;222.731;97.344
2560;1;El Conquistador;final;397.017;1752.731;397.017;312.731;45.46
2561;1;El Conquistador;final;1199.22;1758.731;1199.22;318.731;180.371
2562;1;El Conquistador;final;409.017;1764.731;409.017;324.731;45.46
2563;1;El Conquistador;final;1121.942;1770.731;1121.942;330.731;213.451
2564;1;El Conquistador;final;421.017;1776.731;421.017;336.731;45.46
2565;1;El Conquistador;final;540.801;1782.731;540.801;342.731;95.216
2566;1;El Conquistador;final;433.017;1788.731;433.017;348.731;45.46
2567;1;El Conquistador;final;1366.535;1794.731;1366.535;354.731;303.068
2568;1;El Conquistador;final;1181.942;1806.731;1181.942;366.731;211.323
2569;1;El Conquistador;final;470.217;1812.731;470.217;372.731;45.46
2570;1;El Conquistador;final;476.634;1819.148;476.634;379.148;45.46
2571;1;El Conquistador;final;483.051;1825.564;483.051;385.564;45.46
2572;1;El Conquistador;final;1389.068;1831.981;1389.068;391.981;261.448
2573;1;El Conquistador;final;495.884;1838.398;495.884;398.398;45.46
2574;1;El Conquistador;final;1354.898;1844.814;1354.898;404.814;274.222
2574.1;1;El Conquistador;final;1445.9;2763.902;5.9;1323.902;74.416
2575;1;El Conquistador;final;508.717;1851.231;508.717;411.231;45.46
2576;1;El Conquistador;final;515.134;1857.648;515.134;417.648;45.46
2577;1;El Conquistador;final;1264.008;1864.064;1264.008;424.064;210.943
2578;1;El Conquistador;final;527.967;1870.481;527.967;430.481;45.46
2579;1;El Conquistador;final;534.384;1876.898;534.384;436.898;45.46
2580;1;El Conquistador;final;547.217;1889.731;547.217;449.731;45.46
2581;1;El Conquistador;final;1151.942;1896.148;1151.942;456.148;161.567
2582;1;El Conquistador;final;1169.942;1902.564;1169.942;462.564;161.567
2583;1;El Conquistador;final;1294.008;1902.731;1294.008;462.731;210.943
2584;1;El Conquistador;final;1192.008;1917.731;1192.008;477.731;161.567
2585;1;El Conquistador;final;1198.008;1925.231;1198.008;485.231;161.567
2586;1;El Conquistador;final;1475.434;1932.731;35.434;492.731;293.859
2587;1;El Conquistador;final;1252.008;1955.231;1252.008;515.231;161.187
2588;1;El Conquistador;final;1419.068;1970.231;1419.068;530.231;211.692
2589;1;El Conquistador;final;1127.942;1985.231;1127.942;545.231;111.811
2590;1;El Conquistador;final;1262.561;2026.998;1262.561;586.998;174.433
2591;1;El Conquistador;final;1163.942;2044.131;1163.942;604.131;111.811
2592;1;El Conquistador;final;1494.604;2069.831;54.604;629.831;311.185
2593;1;El Conquistador;final;1204.008;2121.231;1204.008;681.231;111.811
2594;1;El Conquistador;final;1222.008;2146.931;1222.008;706.931;111.811
2595;1;El Conquistador;final;1228.301;2172.631;1228.301;732.631;112.687
2596;1;El Conquistador;final;1221.635;2172.731;1221.635;732.731;113.746
2597;1;El Conquistador;final;1404.901;2212.731;1404.901;772.731;168.467
2598;1;El Conquistador;final;445.017;1405.649;445.017;1405.649;128.772
2599;1;El Conquistador;final;1228.008;1435.649;1228.008;1435.649;296.764
2599.1;1;El Conquistador;final;1335.202;2642.731;1335.202;1202.731;62.78
2600;1;El Conquistador;final;398.567;1745.061;398.567;305.061;47.635
2601;1;El Conquistador;final;410.567;1757.061;410.567;317.061;47.635
2602;1;El Conquistador;final;422.567;1769.061;422.567;329.061;47.635
2603;1;El Conquistador;final;434.567;1781.061;434.567;341.061;47.635
2604;1;El Conquistador;final;446.567;1793.061;446.567;353.061;47.635
2605;1;El Conquistador;final;471.034;1805.061;471.034;365.061;47.635
2606;1;El Conquistador;final;487.367;1821.395;487.367;381.395;47.635
2607;1;El Conquistador;final;1258.008;1837.728;1258.008;397.728;213.118
2608;1;El Conquistador;final;511.867;1845.895;511.867;405.895;47.635
2609;1;El Conquistador;final;520.034;1854.061;520.034;414.061;47.635
2610;1;El Conquistador;final;528.201;1862.228;528.201;422.228;47.635
2611;1;El Conquistador;final;1145.942;1886.728;1145.942;446.728;163.742
2612;1;El Conquistador;final;1297.702;1894.895;1297.702;454.895;213.842
2613;1;El Conquistador;final;1180.008;1895.061;1180.008;455.061;163.742
2614;1;El Conquistador;final;1303.522;1955.061;1303.522;515.061;184.727
2615;1;La Reina;final;1306.027;1763.488;1306.027;323.488;269.851
2616;1;La Reina;final;1291.254;1799.488;1291.254;359.488;260.96
2617;1;La Reina;final;1423.838;1805.904;1423.838;365.904;290.362
2618;1;La Reina;final;1311.227;1818.738;1311.227;378.738;270.376
2619;1;La Reina;final;1345.406;1825.154;1345.406;385.154;221.56
2620;1;La Reina;final;1272.427;1831.571;1272.427;391.571;297.163
2621;1;La Reina;final;519.021;1837.988;519.021;397.988;50.192
2622;1;La Reina;final;1279.254;1844.404;1279.254;404.404;241.609
2623;1;La Reina;final;1240.231;1850.821;1240.231;410.821;235.348
2624;1;La Reina;final;544.688;1863.654;544.688;423.654;50.192
2625;1;La Reina;final;557.521;1876.488;557.521;436.488;50.192
2626;1;La Reina;final;570.355;1889.321;570.355;449.321;50.192
2627;1;La Reina;final;567.521;1889.488;567.521;449.488;50.192
2628;1;La Reina;final;1349.72;1910.238;1349.72;470.238;244.798
2629;1;La Reina;final;1174.76;2459.488;1174.76;1019.488;58.67
2630;1;La Reina;final;1290.106;2471.488;1290.106;1031.488;101.849
2631;1;La Reina;final;1160.093;1730.068;1160.093;290.068;296.788
2632;1;La Reina;final;1206.604;1760.068;1206.604;320.068;248.712
2633;1;La Reina;final;1427.567;1835.068;1427.567;395.068;314.089
2634;1;La Reina;final;1387.427;1846.318;1387.427;406.318;301.569
2634.1;1;La Reina;final;1477.49;2797.438;37.49;1357.438;61.429
2635;1;El Conquistador;final;811.335;1402.993;811.335;1402.993;268.943
2635.1;1;El Conquistador;final;1582.6;2243.499;142.6;803.499;270.792
2636;1;El Conquistador;intermedia;885.399;911.0;885.399;911.0;311.127
2636;2;El Conquistador;final;984.709;1432.993;984.709;1432.993;28.891
2636.1;1;El Conquistador;final;1335.849;2391.684;1335.849;951.684;129.861
2637;1;El Conquistador;final;991.381;1462.993;991.381;22.993;305.719
2637.1;1;El Conquistador;final;1420.292;2427.036;1420.292;987.036;161.177
2638;1;El Conquistador;final;1312.702;1742.993;1312.702;302.993;264.974
2639;1;El Conquistador;final;1258.782;1752.993;1258.782;312.993;278.621
2640;1;El Conquistador;final;1238.516;1762.993;1238.516;322.993;263.251
2640.1;1;El Conquistador;final;1424.121;2619.659;1424.121;1179.659;98.0
2641;1;El Conquistador;final;1266.022;1772.993;1266.022;332.993;279.857
2641.1;1;El Conquistador;final;1391.616;2579.455;1391.616;1139.455;99.121
2642;1;El Conquistador;final;1236.982;1782.993;1236.982;342.993;233.501
2643;1;El Conquistador;final;1152.018;1792.993;1152.018;352.993;228.054
2644;1;El Conquistador;final;1323.522;1802.993;1323.522;362.993;286.388
2644.1;1;El Conquistador;final;1423.999;2637.205;1423.999;1197.205;99.121
2645;1;El Conquistador;final;1283.433;1812.993;1283.433;372.993;259.917
2645.1;1;El Conquistador;final;1537.183;2662.993;97.183;1222.993;138.066
2646;1;El Conquistador;final;1313.201;1822.993;1313.201;382.993;275.044
2647;1;El Conquistador;final;1359.868;1842.993;1359.868;402.993;275.044
2648;1;El Conquistador;final;1254.885;1892.993;1254.885;452.993;233.316
2649;1;El Conquistador;final;1370.633;1922.993;1370.633;482.993;259.917
2649.1;1;El Conquistador;final;1510.6;2749.943;70.6;1309.943;97.686
2650;1;El Conquistador;final;861.471;1373.455;861.471;1373.455;313.543
2650.1;1;El Conquistador;final;1327.251;2220.214;1327.251;780.214;176.361
2651;1;El Conquistador;final;790.007;1403.455;790.007;1403.455;310.701
2651.1;1;El Conquistador;final;1523.776;2238.366;83.776;798.366;253.384
2652;1;El Conquistador;final;1154.904;1433.455;1154.904;1433.455;306.395
2652.1;1;El Conquistador;final;1381.196;2540.348;1381.196;1100.348;110.697
2653;1;El Conquistador;final;1243.522;1718.455;1243.522;278.455;301.547
2653.1;1;El Conquistador;final;1320.688;2557.714;1320.688;1117.714;78.593
2654;1;El Conquistador;final;1248.585;1733.455;1248.585;293.455;295.06
2655;1;El Conquistador;final;1247.882;1748.455;1247.882;308.455;287.096
2655.1;1;El Conquistador;final;1379.616;2567.455;1379.616;1127.455;99.121
2656;1;El Conquistador;final;1170.085;1763.455;1170.085;323.455;233.179
2657;1;El Conquistador;final;1326.535;1773.455;1326.535;333.455;300.751
2658;1;El Conquistador;final;1267.251;1783.455;1267.251;343.455;282.428
2659;1;El Conquistador;final;1273.785;1793.455;1273.785;353.455;274.755
2660;1;El Conquistador;final;1287.251;1803.455;1287.251;363.455;271.727
2661;1;El Conquistador;final;1291.188;1813.455;1291.188;373.455;271.815
2662;1;El Conquistador;final;1191.885;1823.455;1191.885;383.455;236.1
2663;1;El Conquistador;final;1355.616;1833.455;1355.616;393.455;285.623
2664;1;El Conquistador;final;1334.788;1843.455;1334.788;403.455;271.815
2665;1;El Conquistador;final;1200.885;1853.455;1200.885;413.455;229.999
2666;1;El Conquistador;final;1221.055;1873.455;1221.055;433.455;226.236
2667;1;El Conquistador;final;1230.885;1883.455;1230.885;443.455;229.999
2668;1;El Conquistador;final;1472.433;1903.455;32.433;463.455;307.763
2669;1;El Conquistador;final;1413.522;1913.455;1413.522;473.455;298.197
2669.1;1;El Conquistador;final;1502.916;2727.722;62.916;1287.722;99.121
2670;1;El Conquistador;final;1344.779;1923.455;1344.779;483.455;271.671
2671;1;El Conquistador;final;1417.929;1933.455;1417.929;493.455;287.311
2671.1;1;El Conquistador;final;1481.641;2722.147;41.641;1282.147;93.458
2672;1;El Conquistador;final;1126.768;1943.455;1126.768;503.455;188.271
2673;1;El Conquistador;final;1292.849;2453.455;1292.849;1013.455;99.121
2674;1;El Conquistador;final;1424.799;2473.455;1424.799;1033.455;140.85
2675;1;El Conquistador;final;1295.616;2483.455;1295.616;1043.455;99.121
2676;1;El Conquistador;final;1279.568;1749.1;1279.568;309.1;169.449
2677;1;El Conquistador;final;1193.727;1764.1;1193.727;324.1;137.09
2678;1;El Conquistador;final;1431.901;1794.1;1431.901;354.1;224.909
2679;1;El Conquistador;final;1552.818;1816.6;112.818;376.6;303.329
2680;1;El Conquistador;final;1257.272;1824.1;1257.272;384.1;146.846
2681;1;El Conquistador;final;1289.025;1831.6;1289.025;391.6;155.56
2682;1;El Conquistador;final;1257.172;2547.503;1257.172;1107.503;84.229
2683;1;El Conquistador;final;1268.072;2558.403;1268.072;1118.403;84.229
2684;1;El Conquistador;final;1278.972;2569.303;1278.972;1129.303;84.229
2685;1;El Conquistador;final;1289.872;2580.203;1289.872;1140.203;84.229
2686;1;El Conquistador;final;1335.13;2591.103;1335.13;1151.103;97.545
2687;1;El Conquistador;final;1441.165;2602.003;1.165;1162.003;143.824
2688;1;El Conquistador;final;1358.741;2602.103;1358.741;1162.103;106.946
2689;1;El Conquistador;final;1350.472;2647.103;1350.472;1207.103;84.229
2690;1;El Conquistador;final;1209.752;1749.366;1209.752;309.366;151.649
2691;1;El Conquistador;final;1454.755;1769.366;14.755;329.366;222.679
2692;1;El Conquistador;final;1470.503;1825.699;30.503;385.699;262.913
2693;1;El Conquistador;final;1564.184;1842.033;124.184;402.033;285.559
2694;1;El Conquistador;final;1216.121;1850.199;1216.121;410.199;123.033
2695;1;El Conquistador;final;1373.889;2649.803;1373.889;1209.803;83.128
2696;1;El Conquistador;final;1350.172;2679.803;1350.172;1239.803;65.109
2697;1;El Conquistador;final;1498.497;1710.152;58.497;270.152;291.829
2698;1;El Conquistador;final;1453.365;1722.152;13.365;282.152;255.472
2698.1;1;El Conquistador;final;1604.218;2858.213;164.218;1418.213;89.054
2699;1;El Conquistador;final;1184.552;1734.152;1184.552;294.152;140.109
2700;1;El Conquistador;final;1164.721;1758.152;1164.721;318.152;157.647
2701;1;El Conquistador;final;1265.835;1770.152;1265.835;330.152;187.926
2702;1;El Conquistador;final;1348.265;1781.402;1348.265;341.402;200.011
2703;1;El Conquistador;final;1200.839;1792.652;1200.839;352.652;139.158
2704;1;El Conquistador;final;1297.272;1803.902;1297.272;363.902;159.612
2705;1;El Conquistador;final;1426.617;1815.152;1426.617;375.152;229.138
2706;1;El Conquistador;final;1530.945;1826.402;90.945;386.402;285.444
2707;1;El Conquistador;final;1260.806;1837.652;1260.806;397.652;139.158
2708;1;El Conquistador;final;1508.605;1860.152;68.605;420.152;246.947
2709;1;El Conquistador;final;1577.138;2663.128;137.138;1223.128;191.188
2710;1;Los Espinos;final;597.847;1375.071;597.847;1375.071;288.717
2710.1;1;Los Espinos;final;1375.413;1934.332;1375.413;494.332;272.944
2711;1;Los Espinos;final;530.252;1405.071;530.252;1405.071;268.732
2711.1;1;Los Espinos;final;1403.93;1905.857;1403.93;465.857;283.761
2712;1;Los Espinos;final;690.427;1435.071;690.427;1435.071;298.806
2712.1;1;Los Espinos;final;1293.08;2122.823;1293.08;682.823;189.243
2713;1;Los Espinos;final;816.293;1462.071;816.293;22.071;314.62
2713.1;1;Los Espinos;final;1294.491;2165.137;1294.491;725.137;194.584
2714;1;Los Espinos;final;1156.059;1715.071;1156.059;275.071;279.634
2714.1;1;Los Espinos;final;1478.628;2484.971;38.628;1044.971;159.251
2715;1;Los Espinos;final;1166.759;1725.071;1166.759;285.071;279.634
2715.1;1;Los Espinos;final;1293.633;2485.071;1293.633;1045.071;100.341
2716;1;Los Espinos;final;1291.494;1745.071;1291.494;305.071;298.806
2717;1;Los Espinos;final;1375.108;1773.237;1375.108;333.237;312.882
2717.1;1;Los Espinos;final;1425.83;2813.008;1425.83;1373.008;23.64
2718;1;Los Espinos;final;1246.226;1789.571;1246.226;349.571;279.761
2718.1;1;Los Espinos;final;1377.633;2569.071;1377.633;1129.071;100.341
2719;1;Los Espinos;final;1366.738;1797.737;1366.738;357.737;314.181
2720;1;Los Espinos;final;1362.775;1805.904;1362.775;365.904;277.946
2721;1;Los Espinos;final;1264.659;1814.071;1264.659;374.071;279.761
2721.1;1;Los Espinos;final;1528.026;2581.071;88.026;1141.071;168.708
2722;1;Los Espinos;final;1273.876;1822.237;1273.876;382.237;279.761
2722.1;1;Los Espinos;final;1518.975;2593.071;78.975;1153.071;156.833
2723;1;Los Espinos;final;1283.093;1830.404;1283.093;390.404;279.761
2723.1;1;Los Espinos;final;1449.323;2605.071;9.323;1165.071;122.877
2724;1;Los Espinos;final;1178.773;1838.571;1178.773;398.571;232.983
2725;1;Los Espinos;final;1419.238;1854.904;1419.238;414.904;314.181
2726;1;Los Espinos;final;1292.309;1855.071;1292.309;415.071;279.761
2727;1;Los Espinos;final;1325.262;1911.321;1325.262;471.321;269.964
2728;1;Los Espinos;final;1446.56;1922.571;6.56;482.571;310.959
2728.1;1;Los Espinos;final;1574.628;2817.357;134.628;1377.357;91.194
2729;1;Los Espinos;final;746.774;1401.604;746.774;1401.604;312.019
2729.1;1;Los Espinos;final;1384.774;2164.735;1384.774;724.735;223.79
2730;1;Los Espinos;final;537.95;1431.604;537.95;1431.604;254.59
2730.1;1;Los Espinos;final;1305.633;1920.154;1305.633;480.154;254.59
2730.2;1;Los Espinos;final;1542.46;2676.604;102.46;1236.604;142.082
2731;1;Los Espinos;intermedia;893.308;907.0;893.308;907.0;289.989
2731;2;Los Espinos;final;1047.654;1461.604;1047.654;21.604;45.883
2731.1;1;Los Espinos;final;1379.51;2468.296;1379.51;1028.296;122.073
2732;1;Los Espinos;final;1119.717;1731.604;1119.717;291.604;254.59
2732.1;1;Los Espinos;final;1568.026;2492.987;128.026;1052.987;212.158
2733;1;Los Espinos;final;1108.183;1746.604;1108.183;306.604;254.59
2733.1;1;Los Espinos;final;1319.959;2483.771;1319.959;1043.771;101.231
2734;1;Los Espinos;final;1131.25;1761.604;1131.25;321.604;254.59
2734.1;1;Los Espinos;final;1338.393;2502.204;1338.393;1062.204;101.231
2735;1;Los Espinos;final;1311.408;1776.604;1311.408;336.604;299.753
2736;1;Los Espinos;final;1234.3;1791.604;1234.3;351.604;254.59
2736.1;1;Los Espinos;final;1507.8;2609.704;67.8;1169.704;143.791
2737;1;Los Espinos;final;1363.283;1801.604;1363.283;361.604;283.716
2738;1;Los Espinos;final;1256.1;1811.604;1256.1;371.604;254.59
2738.1;1;Los Espinos;final;1531.8;2631.504;91.8;1191.504;143.791
2739;1;Los Espinos;final;1267.0;1821.604;1267.0;381.604;254.59
2739.1;1;Los Espinos;final;1427.626;2646.604;1427.626;1206.604;101.105
2740;1;Los Espinos;final;1277.9;1831.604;1277.9;391.604;254.59
2741;1;Los Espinos;final;1288.8;1841.604;1288.8;401.604;254.59
2741.1;1;Los Espinos;final;1525.327;2661.604;85.327;1221.604;142.082
2742;1;Los Espinos;final;1299.7;1851.604;1299.7;411.604;254.59
2743;1;Los Espinos;final;1310.6;1861.604;1310.6;421.604;254.59
2744;1;Los Espinos;final;1500.723;2511.421;60.723;1071.421;166.327
2745;1;Los Espinos;final;1550.628;2511.604;110.628;1071.604;200.711
2746;1;El Conquistador;final;786.146;1440.498;786.146;0.498;282.149
2746.1;1;El Conquistador;final;1426.584;2239.834;1426.584;799.834;219.338
2747;1;El Conquistador;final;1112.141;1530.498;1112.141;90.498;289.349
2747.1;1;El Conquistador;final;1389.308;2494.11;1389.308;1054.11;120.514
2748;1;El Conquistador;final;622.677;1620.498;622.677;180.498;163.248
2749;1;El Conquistador;final;1169.862;1710.498;1169.862;270.498;287.087
2749.1;1;El Conquistador;final;1380.522;2562.966;1380.522;1122.966;106.916
2750;1;El Conquistador;final;1182.033;1720.498;1182.033;280.498;238.848
2751;1;El Conquistador;final;1197.962;1730.498;1197.962;290.498;291.093
2751.1;1;El Conquistador;final;1335.434;2594.734;1335.434;1154.734;74.739
2752;1;El Conquistador;final;1227.962;1740.498;1227.962;300.498;293.647
2752.1;1;El Conquistador;final;1529.917;2631.734;89.917;1191.734;146.396
2753;1;El Conquistador;final;1273.905;1750.498;1273.905;310.498;301.135
2753.1;1;El Conquistador;final;1518.334;2654.718;78.334;1214.718;135.746
2754;1;El Conquistador;final;1377.634;1760.498;1377.634;320.498;293.11
2754.1;1;El Conquistador;final;1436.889;2772.966;1436.889;1332.966;51.917
2755;1;El Conquistador;final;1228.547;1770.498;1228.547;330.498;275.153
2756;1;El Conquistador;final;1280.579;1780.498;1280.579;340.498;287.257
2756.1;1;El Conquistador;final;1396.617;2672.734;1396.617;1232.734;73.004
2757;1;El Conquistador;final;1230.784;1790.498;1230.784;350.498;268.802
2758;1;El Conquistador;final;1247.917;1810.498;1247.917;370.498;266.531
2759;1;El Conquistador;final;1321.905;1820.498;1321.905;380.498;281.45
2760;1;El Conquistador;final;1328.279;1840.498;1328.279;400.498;281.896
2760.1;1;El Conquistador;final;1473.264;2732.684;33.264;1292.684;77.254
2761;1;El Conquistador;final;1273.234;1850.498;1273.234;410.498;263.978
2762;1;El Conquistador;final;1208.149;1860.498;1208.149;420.498;239.301
2763;1;La Reina;final;1312.838;1737.777;1312.838;297.777;303.245
2763.1;1;La Reina;final;1406.898;2702.634;1406.898;1262.634;57.72
2764;1;La Reina;final;1283.355;1752.777;1283.355;312.777;268.628
2765;1;La Reina;final;1345.015;1767.777;1345.015;327.777;307.645
2766;1;La Reina;final;1281.115;1797.777;1281.115;357.777;244.929
2767;1;La Reina;final;1432.598;1809.027;1432.598;369.027;305.12
2768;1;La Reina;final;1329.165;1820.277;1329.165;380.277;275.47
2768.1;1;La Reina;final;1448.7;2714.877;8.7;1274.877;81.23
2769;1;La Reina;final;1124.519;1831.527;1124.519;391.527;187.064
2770;1;La Reina;final;1450.231;1842.777;10.231;402.777;305.574
2771;1;La Reina;final;1166.054;1854.027;1166.054;414.027;197.22
2772;1;La Reina;final;1293.471;1865.277;1293.471;425.277;240.436
2773;1;La Reina;final;1235.481;1876.527;1235.481;436.527;201.301
2774;1;La Reina;final;1345.465;1900.627;1345.465;460.627;247.774
2775;1;La Reina;final;1241.165;2517.777;1241.165;1077.777;61.265
2776;1;La Reina;final;785.479;1396.245;785.479;1396.245;290.762
2776.1;1;La Reina;final;1518.607;2224.605;78.607;784.605;251.254
2777;1;La Reina;final;962.195;1441.245;962.195;1.245;305.99
2777.1;1;La Reina;final;1254.836;2208.345;1254.836;768.345;168.011
2778;1;La Reina;final;1107.686;1621.245;1107.686;181.245;286.998
2778.1;1;La Reina;final;1400.545;2518.508;1400.545;1078.508;111.363
2779;1;La Reina;final;562.552;1666.245;562.552;226.245;125.87
2780;1;La Reina;final;514.152;1670.245;514.152;230.245;109.499
2781;1;La Reina;final;1194.129;1674.245;1194.129;234.245;298.023
2781.1;1;La Reina;final;1446.879;2622.598;6.879;1182.598;102.874
2782;1;La Reina;final;522.152;1678.245;522.152;238.245;109.499
2783;1;La Reina;final;1223.502;1682.245;1223.502;242.245;260.17
2783.1;1;La Reina;final;1472.479;2628.508;32.479;1188.508;111.363
2784;1;La Reina;final;1262.805;1686.245;1262.805;246.245;314.259
2785;1;La Reina;final;1295.087;1690.245;1295.087;250.245;277.723
2786;1;La Reina;final;1078.746;1694.245;1078.746;254.245;256.306
2786.1;1;La Reina;final;1370.162;2510.848;1370.162;1070.848;102.874
2787;1;La Reina;final;592.552;1698.245;592.552;258.245;125.87
2788;1;La Reina;final;1163.405;1702.245;1163.405;262.245;260.349
2788.1;1;La Reina;final;1419.229;2594.948;1419.229;1154.948;102.874
2789;1;La Reina;final;607.552;1706.245;607.552;266.245;125.87
2790;1;La Reina;final;1218.129;1714.245;1218.129;274.245;293.354
2790.1;1;La Reina;final;1505.048;2646.314;65.048;1206.314;125.957
2791;1;La Reina;final;1117.452;1718.245;1117.452;278.245;247.604
2791.1;1;La Reina;final;1369.679;2525.708;1369.679;1085.708;111.363
2792;1;La Reina;final;1280.868;1722.245;1280.868;282.245;263.257
2793;1;La Reina;final;1274.146;1726.245;1274.146;286.245;280.265
2794;1;La Reina;final;1092.119;1731.245;1092.119;291.245;233.724
2794.1;1;La Reina;final;1386.445;2504.408;1386.445;1064.408;111.363
2795;1;La Reina;final;1303.919;1736.245;1303.919;296.245;261.096
2795.1;1;La Reina;final;1530.529;2709.958;90.529;1269.958;111.363
2796;1;La Reina;final;1266.353;1746.245;1266.353;306.245;256.982
2797;1;La Reina;final;1135.336;1751.245;1135.336;311.245;238.841
2797.1;1;La Reina;final;1378.245;2534.275;1378.245;1094.275;111.363
2798;1;La Reina;final;1315.135;1756.245;1315.135;316.245;263.974
2799;1;La Reina;final;1320.735;1761.245;1320.735;321.245;270.968
2800;1;La Reina;final;1328.281;1766.245;1328.281;326.245;298.082
2800.1;1;La Reina;final;1501.631;2714.877;61.631;1274.877;90.788
2801;1;La Reina;final;1190.805;1771.245;1190.805;331.245;231.64
2802;1;La Reina;final;1337.095;1776.245;1337.095;336.245;257.649
2803;1;La Reina;final;1198.005;1781.245;1198.005;341.245;240.376
2804;1;La Reina;final;1301.541;1786.245;1301.541;346.245;259.719
2805;1;La Reina;final;1346.196;1796.245;1346.196;356.245;298.043
2805.1;1;La Reina;final;1559.779;2776.314;119.779;1336.314;102.874
2806;1;La Reina;final;1363.929;1801.245;1363.929;361.245;305.99
2807;1;La Reina;final;1278.805;1811.245;1278.805;371.245;231.64
2808;1;La Reina;final;1316.735;1816.245;1316.735;376.245;280.466
2808.1;1;La Reina;final;1516.388;2695.864;76.388;1255.864;114.14
2809;1;La Reina;final;1353.981;1834.245;1353.981;394.245;298.082
2810;1;La Reina;final;1363.838;1852.245;1363.838;412.245;286.763
2811;1;La Reina;final;1129.452;1861.245;1129.452;421.245;199.238
2812;1;La Reina;final;1412.352;1870.245;1412.352;430.245;295.83
2812.1;1;La Reina;final;1525.048;2801.614;85.048;1361.614;81.165
2813;1;La Reina;final;1246.65;1879.245;1246.65;439.245;219.496
2814;1;La Reina;final;1519.519;2326.245;79.519;886.245;233.724
2815;1;La Reina;final;1556.229;2348.045;116.229;908.045;245.626
2816;1;La Reina;final;1272.268;2358.945;1272.268;918.945;125.87
2817;1;La Reina;final;1249.419;2391.645;1249.419;951.645;109.499
2818;1;La Reina;final;1267.886;2446.245;1267.886;1006.245;109.499
2819;1;La Reina;intermedia;863.086;896.0;863.086;896.0;276.218
2819;2;La Reina;final;1279.886;1415.708;1279.886;1415.708;126.833
2819.1;1;La Reina;final;1340.537;2679.968;1340.537;1239.968;44.038
2820;1;La Reina;final;1018.781;1435.708;1018.781;1435.708;302.901
2820.1;1;La Reina;final;1127.296;2392.041;1127.296;952.041;58.245
2821;1;La Reina;final;577.552;1455.708;577.552;15.708;212.527
2822;1;La Reina;final;1151.255;1775.708;1151.255;335.708;212.343
2823;1;La Reina;final;1368.764;1805.708;1368.764;365.708;274.528
2823.1;1;La Reina;final;1506.872;2769.075;66.872;1329.075;88.926
2824;1;La Reina;final;1178.22;1859.708;1178.22;419.708;185.202
2825;1;El Conquistador;final;1345.576;1736.61;1345.576;296.61;297.04
2826;1;El Conquistador;final;1337.141;1745.177;1337.141;305.177;303.17
2826.1;1;El Conquistador;final;1550.175;2726.61;110.175;1286.61;123.238
2827;1;El Conquistador;final;1369.521;1753.743;1369.521;313.743;314.845
2827.1;1;El Conquistador;final;1562.358;2700.152;122.358;1260.152;135.138
2828;1;El Conquistador;final;1252.435;1762.31;1252.435;322.31;255.933
2829;1;El Conquistador;final;1360.625;1770.877;1360.625;330.877;309.826
2830;1;El Conquistador;final;1335.533;1779.443;1335.533;339.443;284.387
2831;1;El Conquistador;final;1378.133;1788.01;1378.133;348.01;297.763
2831.1;1;El Conquistador;final;1545.869;2794.667;105.869;1354.667;116.132
2832;1;El Conquistador;final;1368.259;1796.61;1368.259;356.61;306.751
2832.1;1;El Conquistador;final;1513.165;2762.89;73.165;1322.89;88.656
2833;1;El Conquistador;final;1155.209;1804.777;1155.209;364.777;214.395
2834;1;El Conquistador;final;1374.028;1812.943;1374.028;372.943;302.581
2835;1;El Conquistador;final;1414.491;1821.11;1414.491;381.11;310.156
2835.1;1;El Conquistador;final;1546.447;2800.548;106.447;1360.548;85.151
2836;1;El Conquistador;final;1191.359;1829.277;1191.359;389.277;214.395
2837;1;El Conquistador;final;1413.275;1837.443;1413.275;397.443;302.21
2837.1;1;El Conquistador;final;1560.212;2798.61;120.212;1358.61;94.222
2838;1;El Conquistador;final;1351.746;1845.61;1351.746;405.61;277.974
2839;1;El Conquistador;final;1276.183;1853.777;1276.183;413.777;240.362
2840;1;El Conquistador;final;1407.746;1870.11;1407.746;430.11;273.194
2841;1;El Conquistador;final;1464.508;1878.277;24.508;438.277;309.715
2842;1;El Conquistador;final;1256.759;1909.11;1256.759;469.11;212.63
2843;1;El Conquistador;final;1395.212;1920.36;1395.212;480.36;271.789
2844;1;El Conquistador;final;1280.509;1727.881;1280.509;287.881;312.511
2845;1;El Conquistador;final;1274.141;1757.881;1274.141;317.881;276.114
2845.1;1;El Conquistador;final;1411.133;2654.61;1411.133;1214.61;89.66
2846;1;El Conquistador;final;1338.572;1765.381;1338.572;325.381;289.338
2847;1;El Conquistador;final;1269.141;1772.881;1269.141;332.881;280.046
2847.1;1;El Conquistador;final;1402.413;2654.105;1402.413;1214.105;86.42
2848;1;El Conquistador;final;1348.009;1780.381;1348.009;340.381;305.596
2849;1;El Conquistador;final;1324.521;1787.881;1324.521;347.881;287.899
2850;1;El Conquistador;final;1279.45;1795.381;1279.45;355.381;254.607
2851;1;El Conquistador;final;1248.621;1802.881;1248.621;362.881;245.272
2852;1;El Conquistador;final;1297.791;1810.381;1297.791;370.381;277.73
2852.1;1;El Conquistador;final;1517.408;2681.61;77.408;1241.61;120.514
2853;1;El Conquistador;final;1248.679;1817.881;1248.679;377.881;243.933
2854;1;El Conquistador;final;1320.291;1825.381;1320.291;385.381;277.73
2854.1;1;El Conquistador;final;1411.973;2712.535;1411.973;1272.535;61.832
2855;1;El Conquistador;final;1324.541;1847.881;1324.541;407.881;270.225
2855.1;1;El Conquistador;final;1528.091;2708.61;88.091;1268.61;115.733
2856;1;El Conquistador;final;1331.446;1915.381;1331.446;475.381;251.438
2857;1;El Conquistador;final;1368.275;1926.631;1368.275;486.631;272.949
2858;1;El Conquistador;final;1273.425;2477.881;1273.425;1037.881;93.458
2859;1;El Conquistador;final;1318.265;1751.551;1318.265;311.551;187.635
2860;1;El Conquistador;final;1285.032;1763.551;1285.032;323.551;185.469
2861;1;El Conquistador;final;1468.375;1787.551;28.375;347.551;213.664
2862;1;El Conquistador;final;1467.585;1812.401;27.585;372.401;216.151
2863;1;El Conquistador;final;1345.835;1838.101;1345.835;398.101;170.779
2864;1;El Conquistador;final;489.893;1850.951;489.893;410.951;29.691
2865;1;El Conquistador;final;998.869;1441.445;998.869;1.445;308.737
2865.1;1;El Conquistador;final;1531.513;2436.152;91.513;996.152;211.874
2866;1;El Conquistador;final;1069.862;1576.445;1069.862;136.445;284.525
2866.1;1;El Conquistador;final;1265.414;2485.684;1265.414;1045.684;77.254
2867;1;El Conquistador;final;1161.971;1711.445;1161.971;271.445;302.375
2867.1;1;El Conquistador;final;1311.533;2490.152;1311.533;1050.152;109.066
2868;1;El Conquistador;final;1334.664;1721.445;1334.664;281.445;290.161
2869;1;El Conquistador;final;1220.579;1731.445;1220.579;291.445;283.906
2869.1;1;El Conquistador;final;1360.434;2620.834;1360.434;1180.834;73.004
2870;1;El Conquistador;final;1205.862;1741.445;1205.862;301.445;284.891
2870.1;1;El Conquistador;final;1504.785;2599.034;64.785;1159.034;149.46
2871;1;El Conquistador;final;1187.951;1751.445;1187.951;311.445;268.089
2872;1;El Conquistador;final;1142.033;1761.445;1142.033;321.445;160.004
2873;1;El Conquistador;final;1525.526;1771.445;85.526;331.445;256.78
2874;1;El Conquistador;final;1216.017;1781.445;1216.017;341.445;269.824
2875;1;El Conquistador;final;1237.764;1791.445;1237.764;351.445;267.513
2876;1;El Conquistador;final;1246.981;1801.445;1246.981;361.445;270.151
2877;1;El Conquistador;final;1313.279;1811.445;1313.279;371.445;288.278
2877.1;1;El Conquistador;final;1506.544;2713.751;66.544;1273.751;117.696
2878;1;El Conquistador;final;1264.017;1821.445;1264.017;381.445;269.824
2879;1;El Conquistador;final;1316.579;1831.445;1316.579;391.445;277.882
2879.1;1;El Conquistador;final;1441.584;2717.734;1.584;1277.734;74.739
2880;1;El Conquistador;final;1273.617;1841.445;1273.617;401.445;267.553
2881;1;El Conquistador;final;1284.134;1851.445;1284.134;411.445;265.818
2882;1;El Conquistador;final;1345.612;1861.445;1345.612;421.445;286.007
2882.1;1;El Conquistador;final;1461.384;2749.868;21.384;1309.868;74.739
2883;1;El Conquistador;final;1379.525;1887.145;1379.525;447.145;281.876
2884;1;El Conquistador;final;1323.434;1912.845;1323.434;472.845;267.187
2885;1;El Conquistador;final;1414.646;1951.445;1414.646;511.445;281.352
2885.1;1;El Conquistador;final;1534.701;2822.734;94.701;1382.734;73.004
2886;1;El Conquistador;final;1302.281;2371.379;1302.281;931.379;125.102
2887;1;El Conquistador;final;1262.334;2371.445;1262.334;931.445;120.852
2888;1;El Conquistador;final;1261.349;1736.718;1261.349;296.718;283.639
2889;1;El Conquistador;final;1154.338;1746.718;1154.338;306.718;278.556
2889.1;1;El Conquistador;final;1302.31;2536.771;1302.31;1096.771;86.832
2890;1;El Conquistador;final;1196.506;1756.718;1196.506;316.718;274.718
2890.1;1;El Conquistador;final;1555.494;2582.574;115.494;1142.574;179.904
2891;1;El Conquistador;final;1146.165;1766.718;1146.165;326.718;262.845
2892;1;El Conquistador;final;1299.341;1776.718;1299.341;336.718;275.775
2892.1;1;El Conquistador;final;1432.413;2684.105;1432.413;1244.105;86.42
2893;1;El Conquistador;final;1395.013;1786.718;1395.013;346.718;308.006
2893.1;1;El Conquistador;final;1524.813;2733.575;84.813;1293.575;101.429
2894;1;El Conquistador;final;1391.93;1796.718;1391.93;356.718;312.545
2895;1;El Conquistador;final;1286.579;1807.968;1286.579;367.968;273.196
2895.1;1;El Conquistador;final;1385.879;2670.468;1385.879;1230.468;74.465
2896;1;El Conquistador;final;1259.901;1819.218;1259.901;379.218;267.915
2896.1;1;El Conquistador;final;1386.709;2677.866;1386.709;1237.866;63.269
2897;1;El Conquistador;final;1142.93;1830.468;1142.93;390.468;229.017
2898;1;El Conquistador;final;1289.511;1841.718;1289.511;401.718;272.057
2899;1;El Conquistador;final;1365.202;1852.968;1365.202;412.968;313.375
2900;1;El Conquistador;final;1296.068;1864.218;1296.068;424.218;279.101
2901;1;El Conquistador;final;1366.1;1875.468;1366.1;435.468;278.159
2901.1;1;El Conquistador;final;1450.02;2760.367;10.02;1320.367;68.327
2902;1;El Conquistador;final;1391.746;1886.718;1391.746;446.718;289.754
2903;1;El Conquistador;final;1024.65;1414.978;1024.65;1414.978;312.336
2903.1;1;El Conquistador;final;1391.401;2457.74;1391.401;1017.74;129.79
2904;1;El Conquistador;final;998.119;1444.978;998.119;4.978;308.679
2904.1;1;El Conquistador;final;1247.052;2364.009;1247.052;924.009;106.778
2905;1;El Conquistador;final;654.177;1404.271;654.177;1404.271;276.841
2905.1;1;El Conquistador;final;1467.156;2002.79;27.156;562.79;314.456
2906;1;El Conquistador;final;735.969;1434.271;735.969;1434.271;274.804
2906.1;1;El Conquistador;final;1340.393;2184.077;1340.393;744.077;209.389
2907;1;El Conquistador;final;967.261;1464.271;967.261;24.271;300.713
2907.1;1;El Conquistador;final;1305.62;2355.616;1305.62;915.616;154.713
2908;1;El Conquistador;final;1092.489;1738.871;1092.489;298.871;258.877
2908.1;1;El Conquistador;final;1306.877;2484.374;1306.877;1044.374;85.195
2909;1;El Conquistador;final;1219.677;1743.471;1219.677;303.471;276.545
2909.1;1;El Conquistador;final;1455.144;2563.39;15.144;1123.39;142.708
2910;1;El Conquistador;final;1230.577;1748.071;1230.577;308.071;276.545
2911;1;El Conquistador;final;1327.955;1752.671;1327.955;312.671;289.285
2911.1;1;El Conquistador;final;1535.689;2714.271;95.689;1274.271;124.028
2912;1;El Conquistador;final;1252.377;1757.271;1252.377;317.271;276.545
2912.1;1;El Conquistador;final;1545.688;2593.39;105.688;1153.39;181.364
2913;1;El Conquistador;final;1155.744;1761.871;1155.744;321.871;276.545
2913.1;1;El Conquistador;final;1297.955;2525.89;1297.955;1085.89;86.36
2914;1;El Conquistador;final;1353.539;1771.071;1353.539;331.071;313.898
2915;1;El Conquistador;final;1139.338;1775.671;1139.338;335.671;260.041
2915.1;1;El Conquistador;final;1279.81;2514.271;1279.81;1074.271;86.832
2916;1;El Conquistador;final;1260.372;1780.271;1260.372;340.271;298.721
2917;1;El Conquistador;final;1294.984;1784.871;1294.984;344.871;307.498
2917.1;1;El Conquistador;final;1427.913;2700.477;1427.913;1260.477;72.936
2918;1;El Conquistador;final;1274.177;1789.471;1274.177;349.471;276.545
2918.1;1;El Conquistador;final;1365.388;2615.89;1365.388;1175.89;86.36
2919;1;El Conquistador;final;1190.421;1794.071;1190.421;354.071;260.041
2919.1;1;El Conquistador;final;1332.31;2566.771;1332.31;1126.771;86.832
2920;1;El Conquistador;final;591.177;1794.271;591.177;354.271;86.832
2921;1;El Conquistador;final;1226.421;1798.771;1226.421;358.771;260.041
2921.1;1;El Conquistador;final;1369.81;2604.271;1369.81;1164.271;86.832
2922;1;El Conquistador;final;1385.388;1807.771;1385.388;367.771;314.905
2922.1;1;El Conquistador;final;1529.663;2764.271;89.663;1324.271;98.801
2923;1;El Conquistador;final;1472.455;1816.771;32.455;376.771;303.931
2924;1;El Conquistador;final;618.177;1821.271;618.177;381.271;86.832
2925;1;El Conquistador;final;1229.206;1830.271;1229.206;390.271;258.737
2925.1;1;El Conquistador;final;1390.21;2626.174;1390.21;1186.174;85.195
2926;1;El Conquistador;final;631.677;1834.771;631.677;394.771;86.832
2927;1;El Conquistador;final;1215.62;1843.771;1215.62;403.771;184.42
2928;1;El Conquistador;final;1389.056;1861.771;1389.056;421.771;313.741
2929;1;El Conquistador;final;1339.81;1870.771;1339.81;430.771;276.545
2929.1;1;El Conquistador;final;1435.388;2685.89;1435.388;1245.89;86.36
2930;1;El Conquistador;final;1313.244;1884.271;1313.244;444.271;276.545
2931;1;El Conquistador;final;719.25;1385.89;719.25;1385.89;310.709
2931.1;1;El Conquistador;final;1228.671;2090.933;1228.671;650.933;197.4
2932;1;El Conquistador;final;721.047;1415.89;721.047;1415.89;306.141
2932.1;1;El Conquistador;final;1403.513;2133.399;1403.513;693.399;225.348
2933;1;El Conquistador;final;764.338;1445.89;764.338;5.89;276.369
2933.1;1;El Conquistador;final;1281.21;2184.271;1281.21;744.271;181.54
2934;1;El Conquistador;final;1185.606;1730.89;1185.606;290.89;275.065
2934.1;1;El Conquistador;final;1479.289;2571.674;39.289;1131.674;150.201
2935;1;El Conquistador;final;1214.421;1738.39;1214.421;298.39;276.073
2935.1;1;El Conquistador;final;1453.306;2589.271;13.306;1149.271;124.028
2936;1;El Conquistador;final;1220.421;1745.89;1220.421;305.89;276.369
2936.1;1;El Conquistador;final;1432.889;2596.771;1432.889;1156.771;124.028
2937;1;El Conquistador;final;1279.001;1753.39;1279.001;313.39;312.589
2937.1;1;El Conquistador;final;1359.519;2702.862;1359.519;1262.862;39.287
2938;1;El Conquistador;final;1377.118;1760.89;1377.118;320.89;299.924
2939;1;El Conquistador;final;1240.08;1768.39;1240.08;328.39;302.122
2939.1;1;El Conquistador;final;1460.451;2565.01;20.451;1125.01;146.62
2940;1;El Conquistador;final;1256.421;1775.89;1256.421;335.89;276.369
2940.1;1;El Conquistador;final;1378.06;2634.271;1378.06;1194.271;86.832
2941;1;El Conquistador;final;1261.906;1780.173;1261.906;340.173;275.065
2942;1;El Conquistador;final;1220.372;1784.456;1220.372;344.456;299.435
2942.1;1;El Conquistador;final;1368.41;2604.374;1368.41;1164.374;85.195
2943;1;El Conquistador;final;1351.934;1788.74;1351.934;348.74;301.661
2943.1;1;El Conquistador;final;1410.222;2746.3;1410.222;1306.3;51.917
2944;1;El Conquistador;final;1342.384;1793.023;1342.384;353.023;294.914
2945;1;El Conquistador;final;1274.421;1797.306;1274.421;357.306;276.369
2946;1;El Conquistador;final;1343.787;1801.59;1343.787;361.59;207.008
2947;1;El Conquistador;final;1298.421;1805.873;1298.421;365.873;276.073
2947.1;1;El Conquistador;final;1492.355;2674.271;52.355;1234.271;125.489
2948;1;El Conquistador;final;1294.606;1810.156;1294.606;370.156;275.065
2949;1;El Conquistador;final;1431.013;1814.44;1431.013;374.44;314.244
2949.1;1;El Conquistador;final;1443.44;2784.28;3.44;1344.28;44.562
2950;1;El Conquistador;final;1285.077;1818.723;1285.077;378.723;277.26
2951;1;El Conquistador;final;1269.539;1823.006;1269.539;383.006;274.769
2951.1;1;El Conquistador;final;1575.077;2652.174;135.077;1212.174;180.2
2952;1;El Conquistador;final;1209.62;1827.29;1209.62;387.29;148.47
2953;1;El Conquistador;final;1330.734;1835.856;1330.734;395.856;304.048
2953.1;1;El Conquistador;final;1411.011;2733.751;1411.011;1293.751;60.984
2954;1;El Conquistador;final;1364.884;1865.89;1364.884;425.89;299.981
2955;1;El Conquistador;final;1311.62;1907.39;1311.62;467.39;259.896
2956;1;El Conquistador;final;1256.544;1914.306;1256.544;474.306;237.712
2957;1;El Conquistador;final;1261.905;1921.223;1261.905;481.223;239.068
2958;1;El Conquistador;final;1373.787;1928.14;1373.787;488.14;298.834
2959;1;El Conquistador;final;765.383;1405.943;765.383;1405.943;309.819
2959.1;1;El Conquistador;final;1282.116;2178.693;1282.116;738.693;156.871
2960;1;El Conquistador;final;675.719;1435.943;675.719;1435.943;278.287
2960.1;1;El Conquistador;final;1410.501;2095.876;1410.501;655.876;272.826
2960.2;1;El Conquistador;final;1537.109;2838.699;97.109;1398.699;63.269
2961;1;El Conquistador;final;732.519;1465.943;732.519;25.943;264.847
2961.1;1;El Conquistador;final;1270.34;2155.943;1270.34;715.943;170.868
2962;1;El Conquistador;final;1127.962;1662.209;1127.962;222.209;283.27
2962.1;1;El Conquistador;final;1288.581;2531.951;1288.581;1091.951;77.254
2963;1;El Conquistador;final;1141.428;1735.809;1141.428;295.809;266.051
2963.1;1;El Conquistador;final;1503.886;2527.943;63.886;1087.943;179.185
2964;1;El Conquistador;final;1222.772;1735.943;1222.772;295.943;311.922
2964.1;1;El Conquistador;final;1305.005;2646.711;1305.005;1206.711;53.529
2965;1;El Conquistador;final;1289.107;1740.543;1289.107;300.543;296.09
2966;1;El Conquistador;final;1204.528;1745.143;1204.528;305.143;266.051
2966.1;1;El Conquistador;final;1568.73;2587.943;128.73;1147.943;180.382
2967;1;El Conquistador;final;1207.202;1749.743;1207.202;309.743;274.82
2967.1;1;El Conquistador;final;1543.163;2592.196;103.163;1152.196;153.917
2968;1;El Conquistador;final;1221.607;1754.343;1221.607;314.343;279.92
2968.1;1;El Conquistador;final;1378.395;2643.748;1378.395;1203.748;69.332
2969;1;El Conquistador;final;1304.107;1758.943;1304.107;318.943;296.09
2969.1;1;El Conquistador;final;1386.369;2722.156;1386.369;1282.156;45.601
2970;1;El Conquistador;final;1159.551;1763.543;1159.551;323.543;263.303
2970.1;1;El Conquistador;final;1305.426;2580.366;1305.426;1140.366;63.269
2971;1;El Conquistador;final;1242.678;1768.143;1242.678;328.143;266.051
2971.1;1;El Conquistador;final;1477.478;2623.943;37.478;1183.943;124.589
2972;1;El Conquistador;final;1214.834;1772.743;1214.834;332.743;275.576
2972.1;1;El Conquistador;final;1367.059;2635.366;1367.059;1195.366;66.965
2973;1;El Conquistador;final;1280.828;1777.343;1280.828;337.343;276.024
2974;1;El Conquistador;final;1307.059;1781.943;1307.059;341.943;300.487
2975;1;El Conquistador;final;1352.619;1786.543;1352.619;346.543;311.622
2976;1;El Conquistador;final;1264.478;1795.743;1264.478;355.743;266.051
2977;1;El Conquistador;final;1286.278;1795.943;1286.278;355.943;266.051
2977.1;1;El Conquistador;final;1507.478;2665.943;67.478;1225.943;124.589
2978;1;El Conquistador;final;1287.202;1801.943;1287.202;361.943;274.82
2978.1;1;El Conquistador;final;1480.113;2672.213;40.113;1232.213;107.883
2979;1;El Conquistador;final;1250.092;1807.943;1250.092;367.943;270.834
2979.1;1;El Conquistador;final;1347.509;2643.284;1347.509;1203.284;66.448
2980;1;El Conquistador;final;1280.944;1813.943;1280.944;373.943;276.024
2981;1;El Conquistador;final;1287.871;1825.943;1287.871;385.943;241.195
2982;1;El Conquistador;final;1348.142;1837.943;1348.142;397.943;289.561
2983;1;El Conquistador;final;1262.849;1849.943;1262.849;409.943;260.879
2984;1;El Conquistador;final;1315.211;1861.943;1315.211;421.943;266.051
2984.1;1;El Conquistador;final;1537.478;2695.943;97.478;1255.943;124.589
2985;1;El Conquistador;final;1349.478;1867.943;1349.478;427.943;276.024
2986;1;El Conquistador;final;717.399;1361.734;717.399;1361.734;304.113
2986.1;1;El Conquistador;final;1379.799;2131.743;1379.799;691.743;221.522
2987;1;El Conquistador;final;929.28;1381.734;929.28;1381.734;293.158
2987.1;1;El Conquistador;final;1303.83;2312.983;1303.83;872.983;144.09
2988;1;El Conquistador;final;706.033;1401.734;706.033;1401.734;306.866
2988.1;1;El Conquistador;final;1452.486;2011.734;12.486;571.734;293.21
2989;1;El Conquistador;final;782.209;1421.734;782.209;1421.734;267.591
2989.1;1;El Conquistador;final;1278.83;2213.284;1278.83;773.284;161.706
2990;1;El Conquistador;final;517.034;1511.734;517.034;71.734;181.644
2991;1;El Conquistador;final;1168.643;1776.234;1168.643;336.234;265.527
2992;1;El Conquistador;final;1330.119;1792.567;1330.119;352.567;303.183
2992.1;1;El Conquistador;final;1552.478;2710.943;112.478;1270.943;124.589
2993;1;El Conquistador;final;1267.202;1800.734;1267.202;360.734;284.185
2994;1;El Conquistador;final;1320.536;1808.9;1320.536;368.9;293.21
2994.1;1;El Conquistador;final;1456.947;2705.963;16.947;1265.963;82.337
2995;1;El Conquistador;final;1357.4;1817.067;1357.4;377.067;307.346
2995.1;1;El Conquistador;final;1477.857;2659.234;37.857;1219.234;117.218
2996;1;El Conquistador;final;1266.607;1825.234;1266.607;385.234;268.653
2997;1;El Conquistador;final;1434.028;1931.734;1434.028;491.734;300.825
2997.1;1;El Conquistador;final;1558.497;2819.105;118.497;1379.105;86.42
2998;1;El Conquistador;final;628.6;1413.179;628.6;1413.179;282.909
2998.1;1;El Conquistador;final;1309.336;1994.233;1309.336;554.233;278.418
2999;1;El Conquistador;intermedia;805.484;837.0;805.484;837.0;286.757
2999;2;El Conquistador;final;1046.353;1443.179;1046.353;3.179;86.516
2999.1;1;El Conquistador;final;1283.467;2485.079;1283.467;1045.079;85.41
3000;1;El Conquistador;intermedia;735.484;774.0;735.484;774.0;284.891
3000;2;El Conquistador;intermedia;966.919;1000.0;966.919;1000.0;86.516
3000;3;El Conquistador;final;1404.611;1473.33;1404.611;33.33;146.853
3000.1;1;El Conquistador;final;1435.24;2745.119;1435.24;1305.119;60.817
3001;1;El Conquistador;final;1296.067;1753.33;1296.067;313.33;287.676
3001.1;1;El Conquistador;final;1479.604;2636.33;39.604;1196.33;149.505
3002;1;El Conquistador;final;1314.967;1763.33;1314.967;323.33;287.676
3003;1;El Conquistador;final;1254.834;1773.33;1254.834;333.33;285.591
3004;1;El Conquistador;final;1242.853;1783.33;1242.853;343.33;222.064
3005;1;El Conquistador;final;1331.94;1803.179;1331.94;363.179;297.362
3005.1;1;El Conquistador;final;1484.784;2766.455;44.784;1326.455;72.633
3006;1;El Conquistador;final;1326.834;1810.095;1326.834;370.095;275.228
3007;1;El Conquistador;final;1269.067;1817.012;1269.067;377.012;283.198
3007.1;1;El Conquistador;final;1495.24;2613.83;55.24;1173.83;161.9
3008;1;El Conquistador;final;1158.286;1823.929;1158.286;383.929;219.671
3009;1;El Conquistador;final;1277.634;1844.679;1277.634;404.679;283.198
3009.1;1;El Conquistador;final;1320.236;2614.133;1320.236;1174.133;82.715
3010;1;El Conquistador;final;1350.917;1886.179;1350.917;446.179;284.916
3011;1;El Conquistador;final;1303.334;1893.179;1303.334;453.179;283.198
3012;1;El Conquistador;final;591.753;1384.233;591.753;1384.233;284.393
3012.1;1;El Conquistador;final;1341.553;2013.179;1341.553;573.179;223.473
3013;1;El Conquistador;intermedia;691.236;793.0;691.236;793.0;285.053
3013;2;El Conquistador;final;1358.469;1414.233;1358.469;1414.233;219.671
3014;1;El Conquistador;intermedia;699.403;803.0;699.403;803.0;283.85
3014;2;El Conquistador;final;1302.834;1443.83;1302.834;3.83;184.121
3015;1;El Conquistador;final;1306.303;1728.83;1306.303;288.83;284.953
3016;1;El Conquistador;final;1255.786;1736.33;1255.786;296.33;287.037
3017;1;El Conquistador;final;1256.953;1751.33;1256.953;311.33;287.037
3017.1;1;El Conquistador;final;1554.604;2654.58;114.604;1214.58;186.046
3018;1;El Conquistador;final;1254.836;1758.83;1254.836;318.83;283.235
3019;1;El Conquistador;final;1265.736;1766.33;1265.736;326.33;283.235
3020;1;El Conquistador;final;556.569;1774.233;556.569;334.233;86.516
3021;1;El Conquistador;final;1243.936;1784.233;1243.936;344.233;282.22
3021.1;1;El Conquistador;final;1389.0;2643.112;1389.0;1203.112;85.41
3022;1;El Conquistador;final;1279.34;1789.233;1279.34;349.233;263.286
3023;1;El Conquistador;final;576.569;1794.233;576.569;354.233;86.516
3024;1;El Conquistador;final;581.569;1799.233;581.569;359.233;86.516
3025;1;El Conquistador;final;1264.003;1859.233;1264.003;419.233;185.227
3026;1;El Conquistador;final;1335.986;1888.733;1335.986;448.733;284.305
3026.1;1;El Conquistador;final;1440.85;2733.124;0.85;1293.124;83.361
3027;1;El Conquistador;final;1313.503;1905.066;1313.503;465.066;282.22
3027.1;1;El Conquistador;final;1437.987;2710.83;1437.987;1270.83;85.956
3028;1;El Conquistador;final;1534.194;2456.733;94.194;1016.733;211.487
3029;1;El Conquistador;final;1465.687;2529.483;25.687;1089.483;186.935
3030;1;El Conquistador;final;1315.34;1763.33;1315.34;323.33;298.043
3030.1;1;El Conquistador;final;1430.311;2730.735;1430.311;1290.735;61.31
3031;1;El Conquistador;final;559.636;1773.33;559.636;333.33;117.471
3032;1;El Conquistador;final;568.636;1783.33;568.636;343.33;117.471
3033;1;El Conquistador;final;1214.167;1793.33;1214.167;353.33;279.71
3033.1;1;El Conquistador;final;1455.24;2550.633;15.24;1110.633;163.103
3034;1;El Conquistador;final;1255.367;1803.191;1255.367;363.191;282.867
3034.1;1;El Conquistador;final;1298.436;2592.333;1298.436;1152.333;82.715
3035;1;El Conquistador;final;1242.834;1813.191;1242.834;373.191;282.867
3035.1;1;El Conquistador;final;1505.687;2578.833;65.687;1138.833;186.935
3036;1;El Conquistador;final;1277.167;1823.191;1277.167;383.191;281.15
3036.1;1;El Conquistador;final;1362.703;2614.083;1362.703;1174.083;86.516
3037;1;El Conquistador;final;1346.94;1833.191;1346.94;393.191;293.596
3037.1;1;El Conquistador;final;1454.194;2763.635;14.194;1323.635;61.31
3038;1;El Conquistador;final;1373.4;1853.191;1373.4;413.191;280.783
3039;1;El Conquistador;final;1247.844;1863.191;1247.844;423.191;267.638
3040;1;El Conquistador;final;1286.2;1893.191;1286.2;453.191;281.15
3041;1;El Conquistador;final;1285.153;1736.33;1285.153;296.33;282.471
3042;1;El Conquistador;final;1210.786;1751.33;1210.786;311.33;284.555
3043;1;El Conquistador;final;1112.469;1758.83;1112.469;318.83;274.867
3043.1;1;El Conquistador;final;1509.604;2522.879;69.604;1082.879;185.832
3044;1;El Conquistador;final;1225.786;1766.33;1225.786;326.33;284.555
3044.1;1;El Conquistador;final;1371.867;2625.979;1371.867;1185.979;85.41
3045;1;El Conquistador;final;1203.286;1774.233;1203.286;334.233;282.22
3045.1;1;El Conquistador;final;1524.604;2600.279;84.604;1160.279;185.832
3046;1;El Conquistador;final;1292.203;1783.233;1292.203;343.233;280.136
3046.1;1;El Conquistador;final;1395.884;2688.157;1395.884;1248.157;83.361
3047;1;El Conquistador;final;1233.286;1801.233;1233.286;361.233;282.22
3047.1;1;El Conquistador;final;1350.834;2631.191;1350.834;1191.191;83.361
3048;1;El Conquistador;final;1263.286;1810.233;1263.286;370.233;282.22
3049;1;El Conquistador;final;1249.903;1819.233;1249.903;379.233;282.22
3049.1;1;El Conquistador;final;1370.487;2643.33;1370.487;1203.33;85.956
3050;1;El Conquistador;final;1334.503;1855.233;1334.503;415.233;284.305
3050.1;1;El Conquistador;final;1519.02;2733.33;79.02;1293.33;122.182
3051;1;El Conquistador;final;1276.636;1864.233;1276.636;424.233;280.503
3052;1;El Conquistador;final;1320.403;1897.983;1320.403;457.983;282.22
3053;1;El Conquistador;final;1202.469;2474.233;1202.469;1034.233;82.715
3054;1;El Conquistador;final;1539.604;2484.233;99.604;1044.233;246.664
3055;1;El Conquistador;final;1314.834;2494.233;1314.834;1054.233;144.158
3056;1;El Conquistador;final;639.894;1467.174;639.894;27.174;219.747
3057;1;El Conquistador;final;1193.684;1647.174;1193.684;207.174;307.312
3057.1;1;El Conquistador;final;1388.787;2595.751;1388.787;1155.751;108.943
3058;1;El Conquistador;final;1113.906;1747.174;1113.906;307.174;281.767
3058.1;1;El Conquistador;final;1493.922;2506.174;53.922;1066.174;162.236
3059;1;El Conquistador;final;1317.539;1757.174;1317.539;317.174;312.262
3060;1;El Conquistador;final;1350.455;1767.174;1350.455;327.174;313.861
3061;1;El Conquistador;final;1305.455;1777.174;1305.455;337.174;313.565
3061.1;1;El Conquistador;final;1501.422;2684.271;61.422;1244.271;124.028
3062;1;El Conquistador;final;1342.955;1787.174;1342.955;347.174;313.861
3062.1;1;El Conquistador;final;1479.545;2724.271;39.545;1284.271;98.384
3063;1;El Conquistador;final;1363.356;1797.174;1363.356;357.174;312.401
3064;1;El Conquistador;final;1376.206;1804.674;1376.206;364.674;312.401
3065;1;El Conquistador;final;1427.606;1812.174;1427.606;372.174;312.105
3066;1;El Conquistador;final;1324.81;1819.674;1324.81;379.674;314.456
3066.1;1;El Conquistador;final;1523.677;2665.89;83.677;1225.89;142.708
3067;1;El Conquistador;final;1395.388;1834.674;1395.388;394.674;313.861
3067.1;1;El Conquistador;final;1449.8;2780.151;9.8;1340.151;51.656
3068;1;El Conquistador;final;1413.136;1849.674;1413.136;409.674;292.832
3068.1;1;El Conquistador;final;1490.706;2802.535;50.706;1362.535;61.832
3069;1;El Conquistador;final;1264.984;1445.89;1264.984;5.89;293.678
3069.1;1;El Conquistador;final;1587.085;2663.751;147.085;1223.751;175.014
3070;1;El Conquistador;final;1146.838;1739.89;1146.838;299.89;275.776
3070.1;1;El Conquistador;final;1294.81;2529.271;1294.81;1089.271;86.832
3071;1;El Conquistador;final;1269.144;1751.89;1269.144;311.89;279.967
3071.1;1;El Conquistador;final;1489.41;2608.39;49.41;1168.39;142.708
3072;1;El Conquistador;final;1313.706;1763.89;1313.706;323.89;314.613
3072.1;1;El Conquistador;final;1519.021;2697.174;79.021;1257.174;123.852
3073;1;El Conquistador;final;1288.984;1775.89;1288.984;335.89;308.213
3073.1;1;El Conquistador;final;1367.539;2689.978;1367.539;1249.978;51.499
3074;1;El Conquistador;final;1346.839;1787.14;1346.839;347.14;314.613
3075;1;El Conquistador;final;1341.539;1798.39;1341.539;358.39;314.613
3075.1;1;El Conquistador;final;1532.355;2727.174;92.355;1287.174;123.852
3076;1;El Conquistador;final;1356.434;1809.64;1356.434;369.64;303.752
3076.1;1;El Conquistador;final;1456.745;2754.978;16.745;1314.978;67.45
3077;1;El Conquistador;final;1293.539;1820.89;1293.539;380.89;274.473
3078;1;El Conquistador;final;1287.039;1832.14;1287.039;392.14;299.139
3078.1;1;El Conquistador;final;1364.839;2672.63;1364.839;1232.63;67.285
3079;1;El Conquistador;final;1347.31;1915.89;1347.31;475.89;277.26
3079.1;1;El Conquistador;final;1501.2;2695.89;61.2;1255.89;111.652
3080;1;El Conquistador;final;1357.955;1925.89;1357.955;485.89;276.073
3081;1;Vespucio Norte;final;1290.032;1798.349;1290.032;358.349;293.152
3082;1;Vespucio Norte;final;540.813;1806.516;540.813;366.516;61.279
3083;1;Vespucio Norte;final;1305.515;1814.683;1305.515;374.683;275.812
3083.1;1;Vespucio Norte;final;1499.048;2692.349;59.048;1252.349;120.133
3084;1;Vespucio Norte;final;1309.398;1822.849;1309.398;382.849;286.894
3085;1;Vespucio Norte;final;565.313;1831.016;565.313;391.016;61.279
3086;1;Vespucio Norte;final;1274.332;1847.349;1274.332;407.349;252.492
3087;1;Vespucio Norte;final;1423.985;1855.516;1423.985;415.516;311.107
3087.1;1;Vespucio Norte;final;1473.131;2819.564;33.131;1379.564;39.517
3088;1;Vespucio Norte;final;1186.665;1863.683;1186.665;423.683;229.173
3089;1;Vespucio Norte;final;606.146;1871.849;606.146;431.849;61.279
3090;1;Vespucio Norte;final;1287.515;1880.016;1287.515;440.016;252.492
3090.1;1;Vespucio Norte;final;1484.048;2674.349;44.048;1234.349;120.133
3091;1;Vespucio Norte;final;1317.515;1888.183;1317.515;448.183;252.492
3092;1;Vespucio Norte;final;1261.398;1888.349;1261.398;448.349;239.502
3093;1;Vespucio Norte;final;1285.398;2518.349;1285.398;1078.349;83.824
3094;1;Vespucio Norte;final;1290.532;1792.07;1290.532;352.07;287.793
3095;1;Vespucio Norte;final;1332.248;1837.037;1332.248;397.037;294.525
3095.1;1;Vespucio Norte;final;1408.896;2731.33;1408.896;1291.33;44.952
3096;1;Vespucio Norte;final;1325.548;1859.52;1325.548;419.52;282.04
3096.1;1;Vespucio Norte;final;1514.048;2710.349;74.048;1270.349;120.133
3097;1;Vespucio Norte;final;1272.78;1882.004;1272.78;442.004;255.568
3098;1;Vespucio Norte;final;1257.515;1882.07;1257.515;442.07;247.134
3099;1;Vespucio Norte;final;1293.515;1894.92;1293.515;454.92;247.134
3100;1;Vespucio Norte;final;1059.098;1468.349;1059.098;28.349;275.812
3100.1;1;Vespucio Norte;final;1529.048;2458.349;89.048;1018.349;214.163
3101;1;Vespucio Norte;final;1257.232;1576.349;1257.232;136.349;308.193
3102;1;Vespucio Norte;final;1016.626;1630.349;1016.626;190.349;281.924
3102.1;1;Vespucio Norte;final;1364.698;2444.265;1364.698;1004.265;139.248
3103;1;Vespucio Norte;final;1178.098;1684.349;1178.098;244.349;284.874
3103.1;1;Vespucio Norte;final;1393.232;2568.349;1393.232;1128.349;120.133
3104;1;Vespucio Norte;final;1292.905;1738.349;1292.905;298.349;305.74
3105;1;Vespucio Norte;final;1288.105;1743.349;1288.105;303.349;292.75
3106;1;Vespucio Norte;final;1223.032;1748.349;1223.032;308.349;284.874
3106.1;1;Vespucio Norte;final;1542.782;2608.349;102.782;1168.349;184.112
3107;1;Vespucio Norte;final;1311.515;1753.349;1311.515;313.349;308.193
3107.1;1;Vespucio Norte;final;1458.532;2698.349;18.532;1258.349;96.814
3108;1;Vespucio Norte;final;1238.898;1758.349;1238.898;318.349;284.874
3108.1;1;Vespucio Norte;final;1409.348;2626.349;1409.348;1186.349;96.814
3109;1;Vespucio Norte;final;1240.132;1763.349;1240.132;323.349;284.874
3109.1;1;Vespucio Norte;final;1454.048;2628.349;14.048;1188.349;120.133
3110;1;Vespucio Norte;final;1249.798;1768.349;1249.798;328.349;284.874
3110.1;1;Vespucio Norte;final;1491.922;2638.349;51.922;1198.349;140.999
3111;1;Vespucio Norte;final;1160.965;1773.349;1160.965;333.349;261.555
3111.1;1;Vespucio Norte;final;1370.732;2548.349;1370.732;1108.349;120.133
3112;1;Vespucio Norte;final;1341.515;1778.349;1341.515;338.349;308.193
3112.1;1;Vespucio Norte;final;1488.532;2728.349;48.532;1288.349;96.814
3113;1;Vespucio Norte;final;1347.515;1783.349;1347.515;343.349;308.193
3114;1;Vespucio Norte;final;1348.232;1788.349;1348.232;348.349;308.193
3115;1;Vespucio Norte;final;1273.398;1793.349;1273.398;353.349;271.884
3116;1;Vespucio Norte;final;602.449;1798.349;602.449;358.349;90.082
3117;1;Vespucio Norte;final;611.015;1806.916;611.015;366.916;90.082
3118;1;Vespucio Norte;final;615.299;1811.199;615.299;371.199;90.082
3119;1;Vespucio Norte;final;1310.032;1815.483;1310.032;375.483;278.142
3120;1;Vespucio Norte;final;1319.398;1824.049;1319.398;384.049;284.874
3121;1;Vespucio Norte;final;632.432;1828.333;632.432;388.333;90.082
3122;1;Vespucio Norte;final;1378.896;1832.616;1378.896;392.616;293.928
3122.1;1;Vespucio Norte;final;1432.579;2812.415;1432.579;1372.415;33.489
3123;1;Vespucio Norte;final;1166.032;1841.183;1166.032;401.183;214.163
3124;1;Vespucio Norte;final;1318.263;1845.466;1318.263;405.466;306.158
3124.1;1;Vespucio Norte;final;1396.498;2697.154;1396.498;1257.154;69.924
3125;1;Vespucio Norte;final;1345.098;1849.749;1345.098;409.749;284.874
3126;1;Vespucio Norte;final;1401.695;1858.316;1401.695;418.316;310.03
3127;1;Vespucio Norte;final;1307.305;1862.599;1307.305;422.599;269.431
3128;1;Vespucio Norte;final;1271.598;1866.883;1271.598;426.883;261.555
3128.1;1;Vespucio Norte;final;1469.048;2656.349;29.048;1216.349;120.133
3129;1;Vespucio Norte;final;1293.398;1875.449;1293.398;435.449;261.555
3130;1;Vespucio Norte;final;1379.279;1879.733;1379.279;439.733;293.168
3130.1;1;Vespucio Norte;final;1443.532;2755.054;3.532;1315.054;69.924
3131;1;Vespucio Norte;final;1382.636;1888.299;1382.636;448.299;263.343
3132;1;Vespucio Norte;final;1260.698;1888.349;1260.698;448.349;261.555
3133;1;Vespucio Norte;final;1296.699;2498.349;1296.699;1058.349;90.082
3134;1;Vespucio Norte;final;1171.732;1788.735;1171.732;348.735;253.373
3134.1;1;Vespucio Norte;final;1537.655;2558.349;97.655;1118.349;197.332
3135;1;Vespucio Norte;final;1251.515;1796.901;1251.515;356.901;276.693
3135.1;1;Vespucio Norte;final;1480.346;2638.349;40.346;1198.349;141.417
3136;1;Vespucio Norte;final;1264.105;1805.068;1264.105;365.068;274.24
3137;1;Vespucio Norte;final;1294.263;1813.235;1294.263;373.235;297.977
3137.1;1;Vespucio Norte;final;1503.532;2671.454;63.532;1231.454;140.634
3138;1;El Conquistador;final;1270.421;1710.152;1270.421;270.152;280.123
3138.1;1;El Conquistador;final;1524.171;2598.152;84.171;1158.152;152.703
3139;1;El Conquistador;final;1201.425;1730.152;1201.425;290.152;271.112
3139.1;1;El Conquistador;final;1447.375;2582.01;7.375;1142.01;123.238
3140;1;El Conquistador;final;1314.021;1750.152;1314.021;310.152;280.123
3141;1;El Conquistador;final;1285.349;1770.152;1285.349;330.152;262.154
3142;1;El Conquistador;final;1432.502;1780.152;1432.502;340.152;310.402
3142.1;1;El Conquistador;final;1560.005;2835.576;120.005;1395.576;81.501
3143;1;El Conquistador;final;1255.925;1790.152;1255.925;350.152;271.112
3143.1;1;El Conquistador;final;1457.408;2636.61;17.408;1196.61;117.348
3144;1;El Conquistador;final;1374.521;1800.152;1374.521;360.152;288.677
3145;1;El Conquistador;final;1384.521;1810.152;1384.521;370.152;189.03
3146;1;El Conquistador;final;1546.797;1820.152;106.797;380.152;275.065
3147;1;El Conquistador;final;1552.247;1830.152;112.247;390.152;249.315
3148;1;El Conquistador;final;1323.533;1840.152;1323.533;400.152;155.739
3149;1;El Conquistador;final;1366.617;1850.152;1366.617;410.152;169.396
3150;1;El Conquistador;final;1237.721;2394.152;1237.721;954.152;99.73
3151;1;Los Espinos;intermedia;739.79;755.0;739.79;755.0;313.781
3151;2;Los Espinos;final;837.189;1382.332;837.189;1382.332;31.464
3151.1;1;Los Espinos;final;1482.03;2252.865;42.03;812.865;226.697
3152;1;Los Espinos;final;703.78;1412.332;703.78;1412.332;307.154
3152.1;1;Los Espinos;final;1436.996;2142.964;1436.996;702.964;239.151
3153;1;Los Espinos;final;698.977;1442.332;698.977;2.332;300.473
3153.1;1;Los Espinos;final;1271.681;2149.292;1271.681;709.292;187.946
3154;1;Los Espinos;final;871.075;1472.332;871.075;32.332;305.492
3154.1;1;Los Espinos;final;1500.958;2250.432;60.958;810.432;251.746
3155;1;Los Espinos;final;870.325;1502.332;870.325;62.332;298.529
3155.1;1;Los Espinos;final;1553.242;2243.732;113.242;803.732;279.517
3156;1;Los Espinos;final;751.618;1388.457;751.618;1388.457;291.76
3156.1;1;Los Espinos;final;1300.552;2126.693;1300.552;686.693;180.375
3157;1;Los Espinos;final;727.258;1418.457;727.258;1418.457;304.003
3157.1;1;Los Espinos;final;1297.742;2102.332;1297.742;662.332;201.44
3158;1;Los Espinos;final;814.692;1448.457;814.692;8.457;311.902
3158.1;1;Los Espinos;final;1501.842;2192.332;61.842;752.332;279.517
3159;1;Los Espinos;final;1332.181;1478.457;1332.181;38.457;307.892
3159.1;1;Los Espinos;final;1452.211;2689.658;12.211;1249.658;90.526
3160;1;Vespucio Norte;final;1217.332;1738.349;1217.332;298.349;284.874
3160.1;1;Vespucio Norte;final;1370.548;2604.016;1370.548;1164.016;84.329
3161;1;Vespucio Norte;final;1228.732;1746.916;1228.732;306.916;284.874
3161.1;1;Vespucio Norte;final;1380.532;2618.349;1380.532;1178.349;90.082
3162;1;Vespucio Norte;final;1196.699;1755.483;1196.699;315.483;302.214
3162.1;1;Vespucio Norte;final;1281.515;2520.235;1281.515;1080.235;88.632
3163;1;Vespucio Norte;final;1262.932;1764.049;1262.932;324.049;284.874
3164;1;Vespucio Norte;final;1216.699;1772.616;1216.699;332.616;302.214
3164.1;1;Vespucio Norte;final;1299.515;2538.235;1299.515;1098.235;88.632
3165;1;Vespucio Norte;final;1245.515;1781.183;1245.515;341.183;284.874
3166;1;Vespucio Norte;final;1167.313;1789.749;1167.313;349.749;292.327
3167;1;Vespucio Norte;final;1212.365;1798.316;1212.365;358.316;261.555
3167.1;1;Vespucio Norte;final;1426.982;2598.349;1426.982;1158.349;120.133
3168;1;Vespucio Norte;final;1206.567;1798.349;1206.567;358.349;286.235
3168.1;1;Vespucio Norte;final;1470.376;2608.832;30.376;1168.832;121.356
3169;1;Vespucio Norte;final;538.663;1803.966;538.663;363.966;70.706
3170;1;Vespucio Norte;final;1385.763;1809.583;1385.763;369.583;311.264
3170.1;1;Vespucio Norte;final;1487.763;2820.696;47.763;1380.696;51.221
3171;1;Vespucio Norte;final;549.896;1815.199;549.896;375.199;70.706
3172;1;Vespucio Norte;final;555.513;1820.816;555.513;380.816;70.706
3173;1;Vespucio Norte;final;1307.046;1826.433;1307.046;386.433;293.308
3174;1;Vespucio Norte;final;566.746;1832.049;566.746;392.049;70.706
3175;1;Vespucio Norte;final;1323.515;1837.666;1323.515;397.666;284.874
3176;1;Vespucio Norte;final;577.979;1843.283;577.979;403.283;70.706
3177;1;Vespucio Norte;final;1349.279;1848.899;1349.279;408.899;306.158
3177.1;1;Vespucio Norte;final;1413.532;2725.054;1413.532;1285.054;69.924
3178;1;Vespucio Norte;final;589.213;1854.516;589.213;414.516;70.706
3179;1;Vespucio Norte;final;594.829;1860.133;594.829;420.133;70.706
3180;1;Vespucio Norte;final;1324.18;1865.749;1324.18;425.749;280.318
3181;1;Vespucio Norte;final;1195.232;1876.983;1195.232;436.983;238.235
3182;1;Vespucio Norte;final;622.913;1888.216;622.913;448.216;70.706
3183;1;Vespucio Norte;final;1350.532;1888.349;1350.532;448.349;302.214
3183.1;1;Vespucio Norte;final;1471.922;2671.735;31.922;1231.735;109.499
3184;1;Vespucio Norte;final;1304.298;2518.349;1304.298;1078.349;96.814
3185;1;Vespucio Norte;final;606.063;1780.054;606.063;340.054;114.527
3186;1;Vespucio Norte;final;617.296;1790.054;617.296;350.054;114.527
3187;1;Santa Rosa;final;1272.119;1693.115;1272.119;253.115;304.284
3187.1;1;Santa Rosa;final;1374.298;2700.881;1374.298;1260.881;53.727
3188;1;Santa Rosa;final;1201.586;1703.115;1201.586;263.115;278.004
3188.1;1;Santa Rosa;final;1373.08;2635.114;1373.08;1195.114;65.851
3189;1;Santa Rosa;final;535.59;1713.115;535.59;273.115;107.906
3190;1;Santa Rosa;final;1276.529;1723.115;1276.529;283.115;299.051
3191;1;Santa Rosa;final;1261.548;1733.115;1261.548;293.115;298.406
3191.1;1;Santa Rosa;final;1495.669;2608.536;55.669;1168.536;147.281
3192;1;Santa Rosa;final;1291.802;1743.115;1291.802;303.115;299.011
3192.1;1;Santa Rosa;final;1434.535;2688.055;1434.535;1248.055;93.694
3193;1;Santa Rosa;final;484.403;1753.115;484.403;313.115;73.157
3194;1;Santa Rosa;final;1377.346;1764.365;1377.346;324.365;288.813
3195;1;Santa Rosa;final;1333.514;1843.115;1333.514;403.115;295.44
3195.1;1;Santa Rosa;final;1437.698;2684.647;1437.698;1244.647;91.53
3196;1;Santa Rosa;final;529.403;1780.132;529.403;340.132;75.519
3197;1;Santa Rosa;final;1201.94;1910.881;1201.94;470.881;218.55
3198;1;El Conquistador;final;1374.509;1793.585;1374.509;353.585;175.178
3199;1;El Conquistador;final;1203.452;1815.502;1203.452;375.502;83.53
3200;1;El Conquistador;final;1476.688;1822.419;36.688;382.419;182.432
3201;1;El Conquistador;final;1222.352;1829.335;1222.352;389.335;83.53
3202;1;El Conquistador;final;1254.68;1836.252;1254.68;396.252;99.016
3203;1;El Conquistador;final;1460.626;1857.002;20.626;417.002;174.818
3204;1;El Conquistador;final;1260.536;1863.919;1260.536;423.919;83.53
3205;1;El Conquistador;final;1527.882;1870.835;87.882;430.835;195.65
3206;1;El Conquistador;final;1350.68;1884.669;1350.68;444.669;99.016
3207;1;El Conquistador;final;1342.984;1891.585;1342.984;451.585;110.916
3208;1;El Conquistador;final;1474.963;1898.502;34.963;458.502;160.64
3209;1;El Conquistador;final;1494.963;1898.585;54.963;458.585;160.64
3210;1;El Conquistador;final;1352.475;2595.466;1352.475;1155.466;71.55
3211;1;El Conquistador;final;1291.697;2607.466;1291.697;1167.466;45.86
3212;1;El Conquistador;final;1292.947;2619.466;1292.947;1179.466;45.86
3213;1;El Conquistador;final;1483.233;2649.466;43.233;1209.466;110.159
3214;1;El Conquistador;final;1352.947;2679.466;1352.947;1239.466;45.86
3215;1;El Conquistador;final;1305.934;1815.584;1305.934;375.584;292.163
3216;1;El Conquistador;intermedia;678.236;1178.0;678.236;1178.0;264.08
3216;2;El Conquistador;final;1584.171;1441.445;144.171;1.445;201.534
3217;1;El Conquistador;final;1032.447;1576.445;1032.447;136.445;270.686
3217.1;1;El Conquistador;final;1377.021;2370.085;1377.021;930.085;152.703
3218;1;El Conquistador;final;1188.671;1711.445;1188.671;271.445;305.622
3218.1;1;El Conquistador;final;1463.602;2520.152;23.602;1080.152;172.637
3219;1;El Conquistador;final;1223.479;1720.012;1223.479;280.012;272.002
3220;1;El Conquistador;final;1181.862;1728.579;1181.862;288.579;283.692
3220.1;1;El Conquistador;final;1316.834;2577.234;1316.834;1137.234;73.004
3221;1;El Conquistador;final;1277.322;1737.145;1277.322;297.145;265.317
3222;1;El Conquistador;final;1232.579;1745.712;1232.579;305.712;287.614
3222.1;1;El Conquistador;final;1549.701;2642.551;109.701;1202.551;146.848
3223;1;El Conquistador;final;1347.491;1754.279;1347.491;314.279;215.109
3224;1;El Conquistador;final;1231.562;1762.845;1231.562;322.845;287.079
3224.1;1;El Conquistador;final;1389.964;2633.334;1389.964;1193.334;77.254
3225;1;El Conquistador;final;1179.384;1771.412;1179.384;331.412;266.353
3226;1;El Conquistador;final;1331.066;1771.445;1331.066;331.445;312.065
3227;1;El Conquistador;final;1204.017;1778.362;1204.017;338.362;269.824
3228;1;El Conquistador;final;1268.279;1785.279;1268.279;345.279;278.418
3228.1;1;El Conquistador;final;1409.014;2668.434;1409.014;1228.434;77.254
3229;1;El Conquistador;final;1213.651;1792.195;1213.651;352.195;259.963
3230;1;El Conquistador;final;1162.033;1806.029;1162.033;366.029;164.829
3231;1;El Conquistador;final;1239.351;1812.945;1239.351;372.945;262.234
3232;1;El Conquistador;final;1228.017;1819.862;1228.017;379.862;266.07
3233;1;El Conquistador;final;1274.631;1833.695;1274.631;393.695;272.874
3234;1;El Conquistador;final;1283.847;1840.612;1283.847;400.612;272.874
3235;1;El Conquistador;final;1252.449;1847.529;1252.449;407.529;136.93
3236;1;El Conquistador;final;1344.962;1854.445;1344.962;414.445;287.531
3236.1;1;El Conquistador;final;1459.701;2747.734;19.701;1307.734;73.004
3237;1;El Conquistador;final;1275.434;1861.362;1275.434;421.362;267.806
3238;1;El Conquistador;final;1304.521;1861.445;1304.521;421.445;281.431
3239;1;El Conquistador;final;1360.612;1895.195;1360.612;455.195;287.079
3239.1;1;El Conquistador;final;1492.247;2762.734;52.247;1322.734;77.254
3240;1;El Conquistador;final;1359.962;1906.445;1359.962;466.445;282.959
3240.1;1;El Conquistador;final;1474.701;2762.734;34.701;1322.734;73.004
3241;1;El Conquistador;final;1382.234;1940.195;1382.234;500.195;268.541
3242;1;El Conquistador;final;1145.417;1951.445;1145.417;511.445;192.143
3243;1;El Conquistador;final;1444.701;2371.379;4.701;931.379;190.944
3244;1;El Conquistador;final;1263.434;2371.445;1263.434;931.445;123.123
3245;1;El Conquistador;final;1287.434;2401.445;1287.434;961.445;123.123
3246;1;El Conquistador;final;1458.83;1759.507;18.83;319.507;287.304
3247;1;El Conquistador;final;1407.43;1771.507;1407.43;331.507;258.653
3248;1;La Reina;final;1288.053;1753.259;1288.053;313.259;292.806
3249;1;La Reina;final;1346.276;1838.192;1346.276;398.192;275.168
3250;1;La Reina;final;1205.465;1883.259;1205.465;443.259;226.92
3251;1;La Reina;final;1339.886;1767.148;1339.886;327.148;300.596
3252;1;La Reina;final;1347.648;1774.648;1347.648;334.648;308.695
3252.1;1;La Reina;final;1377.227;2719.92;1377.227;1279.92;42.878
3253;1;La Reina;final;1252.65;1782.148;1252.65;342.148;260.904
3254;1;La Reina;final;1440.723;1789.648;0.723;349.648;278.764
3255;1;La Reina;final;1433.098;1797.148;1433.098;357.148;298.41
3256;1;La Reina;final;1349.017;1819.648;1349.017;379.648;312.085
3256.1;1;La Reina;final;1513.817;2645.507;73.817;1205.507;159.007
3257;1;La Reina;final;1496.288;1833.848;56.288;393.848;313.407
3258;1;La Reina;final;1251.338;1852.781;1251.338;412.781;194.259
3259;1;La Reina;final;1272.302;1857.514;1272.302;417.514;232.827
3260;1;La Reina;final;1488.502;1862.248;48.502;422.248;205.426
3261;1;La Reina;final;1238.035;1876.448;1238.035;436.448;214.072
3262;1;La Reina;final;1459.087;1890.648;19.087;450.648;303.918
3263;1;El Conquistador;final;1169.896;1473.284;1169.896;33.284;305.759
3263.1;1;El Conquistador;final;1289.459;2477.781;1289.459;1037.781;90.494
3264;1;El Conquistador;final;1166.297;1689.284;1166.297;249.284;292.299
3264.1;1;El Conquistador;final;1259.563;2491.899;1259.563;1051.899;82.87
3265;1;El Conquistador;final;1260.291;1743.284;1260.291;303.284;290.498
3266;1;El Conquistador;final;1164.067;1748.734;1164.067;308.734;274.99
3266.1;1;El Conquistador;final;1393.952;2477.933;1393.952;1037.933;138.379
3267;1;El Conquistador;final;1239.141;1754.184;1239.141;314.184;291.292
3267.1;1;El Conquistador;final;1459.558;2625.61;19.558;1185.61;115.733
3268;1;El Conquistador;final;1268.671;1759.634;1268.671;319.634;308.282
3268.1;1;El Conquistador;final;1444.251;2599.445;4.251;1159.445;123.123
3269;1;El Conquistador;final;1297.495;1765.084;1297.495;325.084;277.128
3270;1;El Conquistador;final;1312.791;1770.534;1312.791;330.534;298.57
3270.1;1;El Conquistador;final;1473.462;2696.61;33.462;1256.61;94.222
3271;1;El Conquistador;final;1362.341;1775.984;1362.341;335.984;287.267
3271.1;1;El Conquistador;final;1559.793;2746.61;119.793;1306.61;117.109
3272;1;El Conquistador;final;551.103;1781.434;551.103;341.434;85.884
3273;1;El Conquistador;final;1212.993;1786.884;1212.993;346.884;281.173
3273.1;1;El Conquistador;final;1497.246;2607.284;57.246;1167.284;138.329
3274;1;El Conquistador;final;1236.079;1792.334;1236.079;352.334;268.627
3275;1;El Conquistador;final;1202.292;1803.284;1202.292;363.284;221.998
3276;1;El Conquistador;final;1251.459;1807.567;1251.459;367.567;280.065
3277;1;El Conquistador;final;611.587;1811.851;611.587;371.851;85.884
3278;1;El Conquistador;final;615.87;1816.134;615.87;376.134;85.884
3279;1;El Conquistador;final;1311.679;1820.417;1311.679;380.417;266.931
3280;1;El Conquistador;final;1444.292;1824.701;4.292;384.701;300.546
3281;1;El Conquistador;final;1441.905;1828.984;1.905;388.984;309.613
3281.1;1;El Conquistador;final;1497.868;2768.685;57.868;1328.685;83.336
3282;1;El Conquistador;final;637.287;1837.551;637.287;397.551;85.884
3283;1;El Conquistador;final;1299.079;1841.834;1299.079;401.834;268.627
3284;1;El Conquistador;final;1207.293;1846.117;1207.293;406.117;236.599
3285;1;El Conquistador;final;1318.009;1854.684;1318.009;414.684;242.998
3286;1;El Conquistador;final;1395.479;1867.534;1395.479;427.534;310.029
3287;1;El Conquistador;final;1322.77;1876.101;1322.77;436.101;269.336
3288;1;El Conquistador;final;1302.77;1884.667;1302.77;444.667;243.519
3289;1;El Conquistador;final;1375.119;1893.234;1375.119;453.234;290.366
3289.1;1;El Conquistador;final;1500.197;2762.729;60.197;1322.729;82.337
3290;1;El Conquistador;final;1252.893;1893.284;1252.893;453.284;235.622
3291;1;El Conquistador;final;1481.003;1911.284;41.003;471.284;310.996
3292;1;El Conquistador;final;1169.092;1920.284;1169.092;480.284;185.779
3293;1;El Conquistador;final;1457.112;1983.284;17.112;543.284;309.538
3294;1;El Conquistador;final;633.451;1365.861;633.451;1365.861;296.542
3294.1;1;El Conquistador;final;1443.067;2039.746;3.067;599.746;253.381
3295;1;El Conquistador;final;846.201;1395.861;846.201;1395.861;293.176
3295.1;1;El Conquistador;final;1477.001;2272.846;37.001;832.846;230.495
3296;1;El Conquistador;final;1257.141;1773.861;1257.141;333.861;273.267
3297;1;El Conquistador;final;1280.582;1782.861;1280.582;342.861;272.481
3298;1;El Conquistador;final;1372.243;1791.861;1372.243;351.861;310.356
3299;1;El Conquistador;final;1260.146;1800.861;1260.146;360.861;254.859
3300;1;El Conquistador;final;1163.727;1809.861;1163.727;369.861;255.412
3301;1;El Conquistador;final;1356.359;1743.049;1356.359;303.049;299.693
3301.1;1;El Conquistador;final;1530.959;2717.43;90.959;1277.43;106.013
3302;1;El Conquistador;final;435.177;1755.049;435.177;315.049;50.022
3303;1;El Conquistador;final;1385.942;1767.049;1385.942;327.049;299.693
3303.1;1;El Conquistador;final;1449.61;2751.697;9.61;1311.697;64.994
3304;1;El Conquistador;final;1246.008;1779.049;1246.008;339.049;218.638
3305;1;El Conquistador;final;471.177;1791.049;471.177;351.049;50.022
3306;1;El Conquistador;final;504.01;1803.049;504.01;363.049;50.022
3307;1;El Conquistador;final;515.26;1814.299;515.26;374.299;50.022
3308;1;El Conquistador;final;526.51;1825.549;526.51;385.549;50.022
3309;1;El Conquistador;final;537.76;1836.799;537.76;396.799;50.022
3310;1;El Conquistador;final;549.01;1848.049;549.01;408.049;50.022
3311;1;El Conquistador;final;560.26;1859.299;560.26;419.299;50.022
3312;1;El Conquistador;final;1450.959;1870.549;10.959;430.549;299.693
3312.1;1;El Conquistador;final;1518.143;2820.23;78.143;1380.23;64.994
3313;1;El Conquistador;final;1210.008;1881.799;1210.008;441.799;167.134
3314;1;El Conquistador;final;1350.688;1893.049;1350.688;453.049;207.871
3315;1;El Conquistador;final;1282.008;1938.049;1282.008;498.049;166.754
3316;1;El Conquistador;final;515.593;1468.463;515.593;28.463;202.627
3317;1;El Conquistador;final;1231.44;1738.463;1231.44;298.463;281.585
3318;1;El Conquistador;final;1269.346;1743.463;1269.346;303.463;275.907
3319;1;El Conquistador;final;1252.896;1748.463;1252.896;308.463;275.907
3319.1;1;El Conquistador;final;1389.447;2638.463;1389.447;1198.463;82.337
3320;1;El Conquistador;final;1267.495;1753.463;1267.495;313.463;279.018
3321;1;El Conquistador;final;1213.83;1758.463;1213.83;318.463;255.869
3322;1;El Conquistador;final;1315.551;1763.463;1315.551;323.463;283.316
3322.1;1;El Conquistador;final;1448.036;2710.088;8.036;1270.088;104.375
3323;1;El Conquistador;final;1306.535;1768.463;1306.535;328.463;294.509
3324;1;El Conquistador;final;1390.275;1773.463;1390.275;333.463;310.128
3324.1;1;El Conquistador;final;1508.897;2784.684;68.897;1344.684;75.651
3325;1;El Conquistador;final;1319.563;1778.463;1319.563;338.463;283.907
3326;1;El Conquistador;final;1228.83;1783.463;1228.83;343.463;250.361
3327;1;El Conquistador;final;1286.23;1788.463;1286.23;348.463;270.399
3328;1;El Conquistador;final;1305.825;1793.463;1305.825;353.463;270.693
3329;1;El Conquistador;final;1288.83;1798.463;1288.83;358.463;256.178
3330;1;El Conquistador;final;1326.23;1802.363;1326.23;362.363;270.709
3331;1;El Conquistador;final;603.247;1806.263;603.247;366.263;82.647
3332;1;El Conquistador;final;1370.051;1810.163;1370.051;370.163;278.118
3332.1;1;El Conquistador;final;1485.869;2762.638;45.869;1322.638;104.375
3333;1;El Conquistador;final;1280.441;1814.063;1280.441;374.063;276.741
3334;1;El Conquistador;final;1318.83;1817.963;1318.83;377.963;256.178
3335;1;El Conquistador;final;1291.53;1821.863;1291.53;381.863;270.457
3336;1;El Conquistador;final;1288.313;1825.763;1288.313;385.763;253.164
3337;1;El Conquistador;final;1292.147;1829.663;1292.147;389.663;256.178
3338;1;El Conquistador;final;1267.67;1833.563;1267.67;393.563;250.734
3339;1;El Conquistador;final;1313.947;1837.463;1313.947;397.463;250.671
3340;1;El Conquistador;final;1403.226;1841.363;1403.226;401.363;291.503
3340.1;1;El Conquistador;final;1526.03;2801.817;86.03;1361.817;75.651
3341;1;El Conquistador;final;1389.028;1845.263;1389.028;405.263;281.82
3342;1;El Conquistador;final;1154.346;1849.163;1154.346;409.163;197.451
3343;1;El Conquistador;final;1457.092;1853.063;17.092;413.063;309.686
3344;1;El Conquistador;final;1339.417;1856.963;1339.417;416.963;266.689
3345;1;El Conquistador;final;1174.795;1860.863;1174.795;420.863;200.562
3346;1;El Conquistador;final;1295.225;1864.763;1295.225;424.763;238.105
3346.1;1;El Conquistador;final;1425.536;2687.604;1425.536;1247.604;99.492
3347;1;El Conquistador;final;1254.759;1868.663;1254.759;428.663;215.98
3348;1;El Conquistador;final;1322.386;1872.563;1322.386;432.563;273.016
3348.1;1;El Conquistador;final;1470.519;2732.571;30.519;1292.571;104.375
3349;1;El Conquistador;final;1282.449;1876.463;1282.449;436.463;223.74
3350;1;El Conquistador;final;1204.795;1880.363;1204.795;440.363;200.562
3351;1;El Conquistador;final;1452.897;1884.263;12.897;444.263;311.673
3351.1;1;El Conquistador;final;1525.211;2858.798;85.211;1418.798;49.726
3352;1;El Conquistador;final;1219.795;1888.163;1219.795;448.163;200.562
3353;1;El Conquistador;final;1306.72;1888.463;1306.72;448.463;250.691
3354;1;El Conquistador;final;1283.938;1895.963;1283.938;455.963;214.763
3355;1;El Conquistador;final;1356.653;1903.463;1356.653;463.463;272.706
3356;1;El Conquistador;final;1462.478;1910.963;22.478;470.963;291.923
3357;1;El Conquistador;final;1254.434;1918.463;1254.434;478.463;196.551
3358;1;El Conquistador;final;633.79;1375.233;633.79;1375.233;295.846
3358.1;1;El Conquistador;final;1380.393;2079.366;1380.393;639.366;234.951
3359;1;El Conquistador;final;724.863;1405.233;724.863;1405.233;314.361
3359.1;1;El Conquistador;final;1330.619;2066.075;1330.619;626.075;211.473
3360;1;El Conquistador;final;1267.059;1735.233;1267.059;295.233;312.461
3361;1;El Conquistador;final;1255.1;1745.233;1255.1;305.233;304.676
3361.1;1;El Conquistador;final;1358.044;2557.4;1358.044;1117.4;97.152
3362;1;El Conquistador;final;1092.018;1755.233;1092.018;315.233;250.373
3362.1;1;El Conquistador;final;1386.901;2498.28;1386.901;1058.28;111.291
3363;1;El Conquistador;final;1264.316;1765.233;1264.316;325.233;294.704
3363.1;1;El Conquistador;final;1486.752;2565.967;46.752;1125.967;151.748
3364;1;El Conquistador;final;1218.746;1770.516;1218.746;330.516;245.386
3365;1;El Conquistador;final;1232.292;1775.799;1232.292;335.799;245.68
3366;1;El Conquistador;final;1300.374;1781.083;1300.374;341.083;295.846
3367;1;El Conquistador;final;1361.549;1786.366;1361.549;346.366;291.972
3368;1;El Conquistador;final;1271.599;1791.649;1271.599;351.649;254.524
3369;1;El Conquistador;final;1338.059;1796.933;1338.059;356.933;280.094
3369.1;1;El Conquistador;final;1413.225;2733.284;1413.225;1293.284;59.042
3370;1;El Conquistador;final;1322.234;1802.216;1322.234;362.216;281.002
3370.1;1;El Conquistador;final;1434.963;2741.003;1434.963;1301.003;63.713
3371;1;El Conquistador;final;1274.434;1807.499;1274.434;367.499;237.61
3372;1;El Conquistador;final;1257.295;1812.783;1257.295;372.783;248.497
3373;1;El Conquistador;final;1381.847;1823.349;1381.847;383.349;296.928
3374;1;El Conquistador;final;1351.725;1855.233;1351.725;415.233;252.183
3374.1;1;El Conquistador;final;1553.251;2755.413;113.251;1315.413;104.761
3375;1;El Conquistador;final;1307.495;1896.733;1307.495;456.733;248.497
3376;1;El Conquistador;final;1465.93;1903.649;25.93;463.649;306.606
3377;1;El Conquistador;final;1258.83;1910.566;1258.83;470.566;225.348
3378;1;El Conquistador;final;1248.386;1739.105;1248.386;299.105;299.242
3378.1;1;El Conquistador;final;1380.586;2642.638;1380.586;1202.638;104.375
3379;1;El Conquistador;final;1279.876;1746.605;1279.876;306.605;294.495
3379.1;1;El Conquistador;final;1350.105;2696.876;1350.105;1256.876;53.553
3380;1;El Conquistador;final;1299.563;1754.105;1299.563;314.105;287.99
3380.1;1;El Conquistador;final;1493.878;2683.463;53.878;1243.463;110.994
3381;1;El Conquistador;final;1277.495;1761.605;1277.495;321.605;277.592
3382;1;El Conquistador;final;1312.079;1769.105;1312.079;329.105;284.279
3383;1;El Conquistador;final;1254.059;1776.605;1254.059;336.605;267.291
3384;1;El Conquistador;final;1390.207;1784.105;1390.207;344.105;304.673
3384.1;1;El Conquistador;final;1421.003;2761.443;1421.003;1321.443;44.969
3385;1;El Conquistador;final;1377.175;1791.605;1377.175;351.605;305.793
3386;1;El Conquistador;final;1346.23;1799.105;1346.23;359.105;290.483
3387;1;El Conquistador;final;1363.196;1805.105;1363.196;365.105;285.497
3388;1;El Conquistador;final;1365.792;1811.105;1365.792;371.105;272.282
3389;1;El Conquistador;final;1363.009;1817.105;1363.009;377.105;271.697
3389.1;1;El Conquistador;final;1546.293;2757.284;106.293;1317.284;108.091
3390;1;El Conquistador;final;1292.147;1823.105;1292.147;383.105;254.443
3391;1;El Conquistador;final;1315.479;1829.105;1315.479;389.105;281.582
3392;1;El Conquistador;final;1271.917;1835.105;1271.917;395.105;258.211
3393;1;El Conquistador;final;1401.641;1841.105;1401.641;401.105;296.661
3393.1;1;El Conquistador;final;1535.85;2786.61;95.85;1346.61;89.66
3394;1;El Conquistador;final;1461.225;1847.105;21.225;407.105;311.907
3395;1;El Conquistador;final;1266.059;1853.105;1266.059;413.105;230.649
3396;1;El Conquistador;final;1163.546;1859.105;1163.546;419.105;198.731
3397;1;El Conquistador;final;1327.605;1865.105;1327.605;425.105;259.344
3398;1;El Conquistador;final;1343.386;1871.105;1343.386;431.105;277.414
3399;1;El Conquistador;final;1195.746;1877.105;1195.746;437.105;198.731
3400;1;El Conquistador;final;1421.226;1883.105;1421.226;443.105;277.205
3401;1;El Conquistador;final;1194.792;1889.105;1194.792;449.105;193.517
3402;1;El Conquistador;final;1227.295;1909.105;1227.295;469.105;204.335
3403;1;El Conquistador;final;1212.295;1919.105;1212.295;479.105;196.334
3404;1;El Conquistador;final;1394.08;1929.105;1394.08;489.105;264.937
3405;1;El Conquistador;final;1236.425;1741.233;1236.425;301.233;275.151
3405.1;1;El Conquistador;final;1577.43;2620.61;137.43;1180.61;170.724
3406;1;El Conquistador;final;1401.242;1775.233;1401.242;335.233;311.281
3406.1;1;El Conquistador;final;1474.225;2827.275;34.225;1387.275;38.205
3407;1;El Conquistador;final;1394.297;1785.233;1394.297;345.233;309.099
3407.1;1;El Conquistador;final;1445.846;2712.366;5.846;1272.366;82.87
3408;1;El Conquistador;final;1272.295;1795.233;1272.295;355.233;262.005
3409;1;El Conquistador;final;1284.434;1805.233;1284.434;365.233;263.289
3410;1;El Conquistador;final;1357.495;1905.233;1357.495;465.233;262.005
3411;1;El Conquistador;final;975.997;1478.28;975.997;38.28;305.632
3411.1;1;El Conquistador;final;1229.059;2358.599;1229.059;918.599;109.064
3412;1;El Conquistador;final;1205.816;1748.28;1205.816;308.28;250.526
3412.1;1;El Conquistador;final;1384.121;2579.659;1384.121;1139.659;98.0
3413;1;El Conquistador;final;1306.125;1755.78;1306.125;315.78;300.99
3413.1;1;El Conquistador;final;1510.958;2690.61;70.958;1250.61;115.733
3414;1;El Conquistador;final;1379.868;1763.28;1379.868;323.28;304.048
3415;1;El Conquistador;final;1319.616;1770.78;1319.616;330.78;264.366
3415.1;1;El Conquistador;final;1474.221;2692.993;34.221;1252.993;98.0
3416;1;El Conquistador;final;1302.088;1778.28;1302.088;338.28;275.111
3417;1;El Conquistador;final;1373.201;1785.78;1373.201;345.78;305.708
3418;1;El Conquistador;final;1312.988;1793.28;1312.988;353.28;275.111
3419;1;El Conquistador;final;1367.251;1800.78;1367.251;360.78;292.923
3420;1;El Conquistador;final;1324.182;1808.28;1324.182;368.28;272.381
3421;1;El Conquistador;final;1295.509;1813.563;1295.509;373.563;267.584
3422;1;El Conquistador;final;1457.749;1818.847;17.749;378.847;314.352
3423;1;El Conquistador;final;1425.687;1824.13;1425.687;384.13;284.857
3424;1;El Conquistador;final;1311.746;1829.413;1311.746;389.413;274.152
3425;1;El Conquistador;final;1438.092;1834.697;1438.092;394.697;287.422
3426;1;El Conquistador;final;1125.521;1839.98;1125.521;399.98;200.861
3427;1;El Conquistador;final;1422.901;1845.263;1422.901;405.263;305.312
3428;1;El Conquistador;final;1166.743;1850.547;1166.743;410.547;212.815
3429;1;El Conquistador;final;1185.585;1855.83;1185.585;415.83;217.408
3430;1;El Conquistador;final;1166.555;1861.113;1166.555;421.113;200.861
3431;1;El Conquistador;final;1440.901;1866.397;0.901;426.397;303.652
3432;1;El Conquistador;final;1379.068;1871.68;1379.068;431.68;243.002
3433;1;El Conquistador;final;1178.385;1876.963;1178.385;436.963;204.624
3434;1;El Conquistador;final;1188.355;1887.53;1188.355;447.53;200.861
3435;1;El Conquistador;final;1223.385;1892.813;1223.385;452.813;217.408
3436;1;El Conquistador;final;1276.008;1898.28;1276.008;458.28;203.42
3437;1;El Conquistador;final;1359.733;1919.03;1359.733;479.03;250.526
3438;1;El Conquistador;final;1395.901;1925.947;1395.901;485.947;250.358
3439;1;El Conquistador;final;1283.175;1932.863;1283.175;492.863;207.298
3440;1;El Conquistador;final;1231.955;1939.78;1231.955;499.78;201.686
3441;1;El Conquistador;final;1394.799;1988.28;1394.799;548.28;250.526
3441.1;1;El Conquistador;final;1539.071;2770.993;99.071;1330.993;98.0
3442;1;El Conquistador;final;1098.919;1432.714;1098.919;1432.714;295.163
3442.1;1;El Conquistador;final;1421.215;2505.438;1421.215;1065.438;165.305
3443;1;El Conquistador;final;1320.202;1717.714;1320.202;277.714;271.404
3443.1;1;El Conquistador;final;1492.354;2743.635;52.354;1303.635;98.346
3444;1;El Conquistador;final;1229.685;1725.214;1229.685;285.214;289.834
3445;1;El Conquistador;final;1393.522;1732.714;1393.522;292.714;288.631
3445.1;1;El Conquistador;final;1485.783;2710.588;45.783;1270.588;99.121
3446;1;El Conquistador;final;1095.742;1740.214;1095.742;300.214;279.419
3446.1;1;El Conquistador;final;1359.028;2497.517;1359.028;1057.517;104.308
3447;1;El Conquistador;final;1287.238;1747.714;1287.238;307.714;175.444
3448;1;El Conquistador;final;1090.125;1755.214;1090.125;315.214;243.94
3448.1;1;El Conquistador;final;1314.262;2490.484;1314.262;1050.484;93.381
3449;1;El Conquistador;final;1246.346;1762.714;1246.346;322.714;254.213
3450;1;El Conquistador;final;1363.265;1768.714;1363.265;328.714;278.367
3451;1;El Conquistador;final;1279.868;1774.714;1279.868;334.714;289.834
3452;1;El Conquistador;final;1292.685;1780.714;1292.685;340.714;280.189
3453;1;El Conquistador;final;1280.085;1786.714;1280.085;346.714;269.936
3454;1;El Conquistador;final;1363.751;1792.714;1363.751;352.714;308.18
3454.1;1;El Conquistador;final;1495.919;2742.783;55.919;1302.783;96.336
3455;1;El Conquistador;final;1275.688;1798.714;1275.688;358.714;273.286
3456;1;El Conquistador;final;1290.202;1804.714;1290.202;364.714;226.495
3457;1;El Conquistador;final;1424.839;1810.714;1424.839;370.714;292.388
3458;1;El Conquistador;final;1373.522;1816.714;1373.522;376.714;292.817
3458.1;1;El Conquistador;final;1472.897;2692.714;32.897;1252.714;103.904
3459;1;El Conquistador;final;1293.993;1822.714;1293.993;382.714;312.157
3459.1;1;El Conquistador;final;1411.615;2710.537;1411.615;1270.537;62.632
3460;1;El Conquistador;final;1331.616;1828.714;1331.616;388.714;280.397
3460.1;1;El Conquistador;final;1489.221;2707.993;49.221;1267.993;98.0
3461;1;El Conquistador;final;1353.201;1834.714;1353.201;394.714;283.15
3462;1;El Conquistador;final;1273.201;1840.714;1273.201;400.714;227.371
3463;1;El Conquistador;final;1277.251;1846.714;1277.251;406.714;227.953
3464;1;El Conquistador;final;1305.688;1852.714;1305.688;412.714;260.072
3465;1;El Conquistador;final;1266.535;2482.714;1266.535;1042.714;88.457
3466;1;La Reina;final;1359.285;1754.893;1359.285;314.893;276.484
3467;1;La Reina;final;1315.896;1784.893;1315.896;344.893;266.097
3467.1;1;La Reina;final;1474.279;2720.355;34.279;1280.355;78.205
3468;1;La Reina;final;1251.981;1814.893;1251.981;374.893;246.724
3468.1;1;La Reina;final;1575.405;2653.856;135.405;1213.856;180.334
3469;1;La Reina;final;1429.645;1829.893;1429.645;389.893;308.866
3470;1;La Reina;final;1156.168;1844.893;1156.168;404.893;199.882
3471;1;La Reina;final;1332.063;1859.893;1332.063;419.893;268.79
3472;1;La Reina;final;1379.155;1874.893;1379.155;434.893;271.742
3472.1;1;La Reina;final;1482.322;2810.658;42.322;1370.658;52.14
3473;1;La Reina;final;1246.805;1889.893;1246.805;449.893;201.285
3474;1;La Reina;final;1516.288;1904.893;76.288;464.893;308.372
3475;1;Los Espinos;final;635.613;1384.598;635.613;1384.598;294.604
3475.1;1;Los Espinos;final;1443.33;2033.63;3.33;593.63;274.516
3475.2;1;Los Espinos;final;1586.625;2826.43;146.625;1386.43;94.887
3476;1;Los Espinos;final;679.992;1414.598;679.992;1414.598;310.808
3476.1;1;Los Espinos;final;1536.592;2081.943;96.592;641.943;291.258
3477;1;Los Espinos;final;660.859;1444.598;660.859;4.598;285.127
3477.1;1;Los Espinos;final;1374.509;2039.859;1374.509;599.859;253.229
3478;1;Los Espinos;final;680.992;1469.132;680.992;29.132;284.446
3478.1;1;Los Espinos;final;1455.719;2086.526;15.719;646.526;258.077
3479;1;Los Espinos;final;1156.754;1616.332;1156.754;176.332;313.954
3479.1;1;Los Espinos;final;1282.342;2494.598;1282.342;1054.598;98.885
3480;1;Los Espinos;final;1126.725;1714.465;1126.725;274.465;285.223
3480.1;1;Los Espinos;final;1472.631;2478.993;32.631;1038.993;172.117
3481;1;Los Espinos;final;1254.918;1714.598;1254.918;274.598;207.738
3482;1;Los Espinos;final;1169.525;1719.598;1169.525;279.598;285.223
3482.1;1;Los Espinos;final;1311.887;2518.193;1311.887;1078.193;99.365
3483;1;Los Espinos;final;1156.475;1724.598;1156.475;284.598;283.349
3483.1;1;Los Espinos;final;1273.07;2503.643;1273.07;1063.643;84.512
3484;1;Los Espinos;final;1271.718;1729.598;1271.718;289.598;312.188
3484.1;1;Los Espinos;final;1463.652;2617.953;23.652;1177.953;133.646
3485;1;Los Espinos;final;1183.025;1734.598;1183.025;294.598;284.446
3485.1;1;Los Espinos;final;1300.32;2530.893;1300.32;1090.893;84.512
3486;1;Los Espinos;final;1227.209;1739.598;1227.209;299.598;306.657
3486.1;1;Los Espinos;final;1469.342;2571.526;29.342;1131.526;149.343
3487;1;Los Espinos;final;1211.425;1744.598;1211.425;304.598;307.854
3487.1;1;Los Espinos;final;1344.364;2651.008;1344.364;1211.008;53.419
3488;1;Los Espinos;final;1198.025;1749.598;1198.025;309.598;283.349
3488.1;1;Los Espinos;final;1510.953;2541.793;70.953;1101.793;168.06
3489;1;Los Espinos;final;1315.587;1754.598;1315.587;314.598;303.163
3490;1;Los Espinos;final;1240.542;1759.598;1240.542;319.598;283.349
3490.1;1;Los Espinos;final;1456.592;2585.393;16.592;1145.393;127.908
3491;1;Los Espinos;final;1213.025;1764.598;1213.025;324.598;283.349
3491.1;1;Los Espinos;final;1577.154;2558.193;137.154;1118.193;203.251
3492;1;Los Espinos;final;1327.57;1769.598;1327.57;329.598;302.067
3493;1;Los Espinos;final;1260.542;1774.598;1260.542;334.598;285.223
3493.1;1;Los Espinos;final;1559.32;2607.193;119.32;1167.193;165.09
3494;1;Los Espinos;final;594.792;1779.332;594.792;339.332;98.885
3495;1;Los Espinos;final;1267.209;1784.065;1267.209;344.065;285.223
3495.1;1;Los Espinos;final;1489.375;2618.093;49.375;1178.093;126.035
3496;1;Los Espinos;final;1244.525;1788.798;1244.525;348.798;261.915
3496.1;1;Los Espinos;final;1385.221;2591.526;1385.221;1151.526;99.365
3497;1;Los Espinos;final;1375.587;1793.532;1375.587;353.532;304.26
3498;1;Los Espinos;final;1255.425;1798.265;1255.425;358.265;263.788
3498.1;1;Los Espinos;final;1398.554;2604.859;1398.554;1164.859;99.365
3499;1;Los Espinos;final;1268.025;1802.998;1268.025;362.998;264.108
3499.1;1;Los Espinos;final;1397.987;2618.193;1397.987;1178.193;99.365
3500;1;Los Espinos;final;1300.775;1807.732;1300.775;367.732;306.657
3500.1;1;Los Espinos;final;1496.592;2643.893;56.592;1203.893;129.005
3501;1;Los Espinos;final;1292.709;1812.465;1292.709;372.465;284.446
3502;1;Los Espinos;final;1299.375;1817.198;1299.375;377.198;283.349
3503;1;Los Espinos;final;1337.642;1821.932;1337.642;381.932;306.657
3504;1;Los Espinos;final;1299.025;1826.665;1299.025;386.665;265.982
3505;1;Los Espinos;final;1279.375;1831.398;1279.375;391.398;263.012
3506;1;Los Espinos;final;1386.687;1836.132;1386.687;396.132;300.193
3507;1;Los Espinos;final;1198.671;1840.865;1198.671;400.865;236.342
3508;1;Los Espinos;final;1328.425;1845.598;1328.425;405.598;283.349
3508.1;1;Los Espinos;final;1431.687;2674.443;1431.687;1234.443;84.512
3509;1;Los Espinos;final;1181.653;1850.332;1181.653;410.332;219.615
3510;1;Los Espinos;final;1200.337;1855.065;1200.337;415.065;221.489
3511;1;Los Espinos;final;1339.742;1859.798;1339.742;419.798;264.885
3511.1;1;Los Espinos;final;1465.487;2685.693;25.487;1245.693;99.365
3512;1;Los Espinos;final;1252.004;1864.598;1252.004;424.598;256.679
3513;1;Los Espinos;final;1366.042;1873.598;1366.042;433.598;283.349
3514;1;Los Espinos;final;1215.253;1891.598;1215.253;451.598;219.615
3515;1;Los Espinos;final;1352.709;1900.598;1352.709;460.598;261.138
3515.1;1;Los Espinos;final;1476.737;2696.943;36.737;1256.943;99.365
3516;1;Los Espinos;final;1237.203;1909.598;1237.203;469.598;221.489
3517;1;Los Espinos;final;565.903;1388.193;565.903;1388.193;270.073
3518;1;Los Espinos;final;758.042;1418.193;758.042;1418.193;310.499
3518.1;1;Los Espinos;final;1277.653;2170.859;1277.653;730.859;165.09
3519;1;Los Espinos;final;694.78;1448.193;694.78;8.193;291.402
3519.1;1;Los Espinos;final;1406.996;2141.63;1406.996;701.63;232.21
3520;1;Los Espinos;final;1199.558;1728.193;1199.558;288.193;286.297
3520.1;1;Los Espinos;final;1313.942;2532.332;1313.942;1092.332;93.64
3521;1;Los Espinos;final;1257.742;1748.193;1257.742;308.193;301.564
3522;1;Los Espinos;final;1253.653;1758.193;1253.653;318.193;292.284
3523;1;Los Espinos;final;1287.253;1778.193;1287.253;338.193;292.284
3524;1;Los Espinos;final;1267.62;1787.193;1267.62;347.193;292.284
3525;1;Los Espinos;final;1386.042;1796.193;1386.042;356.193;313.469
3526;1;Los Espinos;final;1392.709;1805.193;1392.709;365.193;313.469
3527;1;Los Espinos;final;1325.221;1823.193;1325.221;383.193;307.137
3528;1;Los Espinos;final;636.971;1832.193;636.971;392.193;99.365
3529;1;Los Espinos;final;1458.425;1923.526;18.425;483.526;312.372
3529.1;1;Los Espinos;final;1545.987;2801.526;105.987;1361.526;84.512
3530;1;Los Espinos;final;1298.671;1725.753;1298.671;285.753;311.131
3531;1;Los Espinos;final;1305.337;1735.753;1305.337;295.753;310.034
3531.1;1;Los Espinos;final;1419.525;2644.598;1419.525;1204.598;98.885
3532;1;Los Espinos;final;1180.994;1745.753;1180.994;305.753;288.114
3532.1;1;Los Espinos;final;1309.719;2534.311;1309.719;1094.311;93.523
3533;1;Los Espinos;final;1307.681;1755.753;1307.681;315.753;231.791
3534;1;Los Espinos;final;1146.348;1765.753;1146.348;325.753;269.76
3534.1;1;Los Espinos;final;1282.127;2505.408;1282.127;1065.408;90.526
3535;1;Los Espinos;final;1283.913;1775.753;1283.913;335.753;307.224
3535.1;1;Los Espinos;final;1354.654;2606.846;1354.654;1166.846;80.286
3536;1;Los Espinos;final;1333.02;1787.003;1333.02;347.003;293.307
3536.1;1;Los Espinos;final;1532.653;2685.363;92.653;1245.363;125.279
3537;1;Los Espinos;final;1253.875;1798.253;1253.875;358.253;279.434
3537.1;1;Los Espinos;final;1371.17;2601.743;1371.17;1161.743;84.512
3538;1;Los Espinos;final;1245.922;1809.503;1245.922;369.503;283.592
3539;1;Los Espinos;final;1384.781;1820.753;1384.781;380.753;231.791
3540;1;Los Espinos;final;1290.548;1843.253;1290.548;403.253;297.571
3540.1;1;Los Espinos;final;1527.794;2651.244;87.794;1211.244;151.597
3541;1;Los Espinos;final;1327.294;1854.503;1327.294;414.503;283.631
3541.1;1;Los Espinos;final;1437.719;2672.311;1437.719;1232.311;93.523
3542;1;Los Espinos;final;1294.584;1865.753;1294.584;425.753;310.148
3542.1;1;Los Espinos;final;1354.502;2643.653;1354.502;1203.653;72.348
3543;1;Los Espinos;final;1234.235;1778.311;1234.235;338.311;280.612
3543.1;1;Los Espinos;final;1328.851;2618.333;1328.851;1178.333;76.87
3544;1;Los Espinos;final;1284.386;1789.561;1284.386;349.561;162.349
3545;1;Los Espinos;final;1397.081;1812.061;1397.081;372.061;277.577
3545.1;1;Los Espinos;final;1507.794;2755.408;67.794;1315.408;90.526
3546;1;Los Espinos;final;1285.719;1834.561;1285.719;394.561;186.714
3547;1;Los Espinos;final;1403.377;1845.811;1403.377;405.811;231.743
3548;1;Los Espinos;final;1272.386;1924.561;1272.386;484.561;143.643
3549;1;Los Espinos;final;1359.081;1935.811;1359.081;495.811;184.386
3550;1;Los Espinos;final;1298.554;1725.408;1298.554;285.408;309.668
3551;1;Los Espinos;final;1324.815;1733.975;1324.815;293.975;229.551
3552;1;Los Espinos;final;1248.386;1742.541;1248.386;302.541;188.809
3553;1;Los Espinos;final;1230.665;1751.108;1230.665;311.108;295.331
3554;1;Los Espinos;final;1234.618;1759.675;1234.618;319.675;307.909
3554.1;1;Los Espinos;final;1339.804;2577.405;1339.804;1137.405;90.095
3555;1;Los Espinos;final;1433.377;1768.241;1433.377;328.241;276.908
3556;1;Los Espinos;final;1223.025;1776.808;1223.025;336.808;275.32
3556.1;1;Los Espinos;final;1560.021;2570.193;120.021;1130.193;181.039
3557;1;Los Espinos;final;1247.209;1785.375;1247.209;345.375;278.291
3557.1;1;Los Espinos;final;1363.587;2594.193;1363.587;1154.193;85.608
3558;1;Los Espinos;final;594.511;1785.408;594.511;345.408;90.526
3559;1;Los Espinos;final;1367.648;1791.025;1367.648;351.025;229.551
3560;1;Los Espinos;final;1285.922;1796.641;1285.922;356.641;289.918
3560.1;1;Los Espinos;final;1534.688;2692.481;94.688;1252.481;125.516
3561;1;Los Espinos;final;1391.887;1802.258;1391.887;362.258;307.017
3561.1;1;Los Espinos;final;1493.342;2728.598;53.342;1288.598;98.885
3562;1;Los Espinos;final;616.977;1807.875;616.977;367.875;90.526
3563;1;Los Espinos;final;1231.427;1813.491;1231.427;373.491;271.704
3563.1;1;Los Espinos;final;1340.627;2575.753;1340.627;1135.753;92.765
3564;1;Los Espinos;final;1283.794;1819.108;1283.794;379.108;285.874
3565;1;Los Espinos;final;1393.348;1824.725;1393.348;384.725;229.551
3566;1;Los Espinos;final;1320.665;1830.341;1320.665;390.341;295.331
3567;1;Los Espinos;final;1302.127;1835.958;1302.127;395.958;285.874
3567.1;1;Los Espinos;final;1412.081;2649.292;1412.081;1209.292;90.272
3568;1;Los Espinos;final;1281.218;1841.575;1281.218;401.575;275.77
3568.1;1;Los Espinos;final;1400.811;2638.258;1400.811;1198.258;90.526
3569;1;Los Espinos;final;1350.515;1847.191;1350.515;407.191;295.331
3569.1;1;Los Espinos;final;1467.794;2715.408;27.794;1275.408;90.526
3570;1;Los Espinos;final;1353.961;1852.808;1353.961;412.808;281.391
3571;1;Los Espinos;final;1382.081;1858.425;1382.081;418.425;229.551
3572;1;Los Espinos;final;1401.915;1869.658;1401.915;429.658;295.331
3573;1;Los Espinos;final;1334.551;1875.275;1334.551;435.275;267.204
3574;1;Los Espinos;final;1232.471;1729.292;1232.471;289.292;296.524
3575;1;Los Espinos;final;1231.681;1739.292;1231.681;299.292;285.62
3576;1;Los Espinos;final;1231.735;1749.292;1231.735;309.292;309.094
3576.1;1;Los Espinos;final;1320.284;2609.766;1320.284;1169.766;76.87
3577;1;Los Espinos;final;1313.961;1759.292;1313.961;319.292;274.607
3577.1;1;Los Espinos;final;1427.081;2664.292;1427.081;1224.292;90.272
3578;1;Los Espinos;final;1263.681;1769.292;1263.681;329.292;285.62
3578.1;1;Los Espinos;final;1387.961;2625.408;1387.961;1185.408;90.526
3579;1;Los Espinos;final;1279.681;1779.292;1279.681;339.292;285.62
3580;1;Los Espinos;final;578.215;1787.458;578.215;347.458;90.272
3581;1;Los Espinos;final;1236.348;1795.625;1236.348;355.625;274.164
3582;1;Los Espinos;final;1198.127;1803.792;1198.127;363.792;273.272
3582.1;1;Los Espinos;final;1333.381;2550.692;1333.381;1110.692;90.272
3583;1;Los Espinos;final;1258.402;1811.958;1258.402;371.958;275.607
3583.1;1;Los Espinos;final;1450.381;2635.533;10.381;1195.533;138.105
3584;1;Los Espinos;final;1303.681;1820.125;1303.681;380.125;285.62
3584.1;1;Los Espinos;final;1524.031;2663.958;84.031;1223.958;136.36
3585;1;Los Espinos;final;1329.284;1828.292;1329.284;388.292;216.783
3586;1;Los Espinos;final;1280.665;1836.458;1280.665;396.458;282.73
3587;1;Los Espinos;final;1277.451;1844.625;1277.451;404.625;295.307
3588;1;Los Espinos;final;1300.627;1860.958;1300.627;420.958;235.303
3589;1;Los Espinos;final;1345.719;1914.292;1345.719;474.292;287.949
3590;1;Los Espinos;final;1251.751;1925.542;1251.751;485.542;261.821
3591;1;Los Espinos;final;1373.377;1936.792;1373.377;496.792;296.601
3592;1;El Conquistador;final;1127.217;1406.61;1127.217;1406.61;278.862
3592.1;1;El Conquistador;final;1334.071;2454.833;1334.071;1014.833;108.1
3593;1;El Conquistador;final;1139.18;1436.61;1139.18;1436.61;282.324
3594;1;El Conquistador;final;1217.65;1736.61;1217.65;296.61;273.932
3594.1;1;El Conquistador;final;1445.352;2522.933;5.352;1082.933;138.379
3595;1;El Conquistador;final;1368.641;1745.177;1368.641;305.177;295.224
3595.1;1;El Conquistador;final;1512.212;2750.61;72.212;1310.61;94.222
3596;1;El Conquistador;final;1347.495;1762.31;1347.495;322.31;313.946
3597;1;El Conquistador;final;1359.308;1770.877;1359.308;330.877;307.51
3598;1;El Conquistador;final;1239.792;1779.443;1239.792;339.443;274.612
3598.1;1;El Conquistador;final;1484.718;2648.213;44.718;1208.213;111.445
3599;1;El Conquistador;final;1392.238;1788.01;1392.238;348.01;311.789
3599.1;1;El Conquistador;final;1511.533;2720.152;71.533;1280.152;109.066
3600;1;El Conquistador;final;1399.521;1796.577;1399.521;356.577;311.68
3601;1;El Conquistador;final;1383.314;1796.61;1383.314;356.61;300.954
3602;1;El Conquistador;final;1301.446;1802.227;1301.446;362.227;275.328
3603;1;El Conquistador;final;1381.241;1807.843;1381.241;367.843;297.28
3604;1;El Conquistador;final;1297.45;1813.46;1297.45;373.46;270.767
3605;1;El Conquistador;final;1348.659;1819.077;1348.659;379.077;269.82
3606;1;El Conquistador;final;1424.525;1824.693;1424.525;384.693;304.57
3606.1;1;El Conquistador;final;1561.296;2806.61;121.296;1366.61;91.057
3607;1;El Conquistador;final;1374.271;1830.31;1374.271;390.31;299.939
3608;1;El Conquistador;final;1469.338;1835.927;29.338;395.927;311.789
3608.1;1;El Conquistador;final;1591.533;2800.152;151.533;1360.152;109.066
3609;1;El Conquistador;final;1426.196;1841.543;1426.196;401.543;289.759
3610;1;El Conquistador;final;1303.047;1847.16;1303.047;407.16;251.982
3611;1;El Conquistador;final;1340.509;1852.777;1340.509;412.777;288.728
3612;1;El Conquistador;final;1327.746;1864.01;1327.746;424.01;269.439
3613;1;El Conquistador;final;1404.308;1880.86;1404.308;440.86;300.309
3613.1;1;El Conquistador;final;1541.296;2786.61;101.296;1346.61;91.057
3614;1;El Conquistador;final;1270.605;1886.61;1270.605;446.61;227.936
3615;1;El Conquistador;final;1390.517;1922.61;1390.517;482.61;271.207
3616;1;El Conquistador;final;710.438;1367.881;710.438;1367.881;285.174
3616.1;1;El Conquistador;final;1274.521;2055.985;1274.521;615.985;231.657
3617;1;El Conquistador;final;799.458;1397.881;799.458;1397.881;265.885
3617.1;1;El Conquistador;final;1476.691;2252.377;36.691;812.377;215.379
3618;1;El Conquistador;final;1215.141;1717.881;1215.141;277.881;270.665
3618.1;1;El Conquistador;final;1465.891;2596.61;25.891;1156.61;120.073
3619;1;El Conquistador;final;1209.141;1727.881;1209.141;287.881;270.665
3619.1;1;El Conquistador;final;1447.025;2592.91;7.025;1152.91;115.733
3620;1;El Conquistador;final;1341.225;1737.881;1341.225;297.881;313.882
3621;1;El Conquistador;final;1175.959;1747.881;1175.959;307.881;263.493
3622;1;El Conquistador;final;1354.275;1757.881;1354.275;317.881;304.266
3622.1;1;El Conquistador;final;1447.118;2758.28;7.118;1318.28;62.196
3623;1;El Conquistador;final;1371.682;1764.297;1371.682;324.297;308.075
3624;1;El Conquistador;final;1345.682;1770.714;1345.682;330.714;292.515
3625;1;El Conquistador;final;1260.425;1777.131;1260.425;337.131;271.84
3626;1;El Conquistador;final;1237.146;1783.547;1237.146;343.547;258.846
3627;1;El Conquistador;final;1346.962;1789.964;1346.962;349.964;296.162
3627.1;1;El Conquistador;final;1427.341;2649.281;1427.341;1209.281;93.458
3628;1;El Conquistador;final;1275.291;1796.381;1275.291;356.381;267.5
3629;1;El Conquistador;final;1293.041;1802.797;1293.041;362.797;273.39
3630;1;El Conquistador;final;1286.741;1809.214;1286.741;369.214;270.225
3630.1;1;El Conquistador;final;1491.259;2666.61;51.259;1226.61;117.109
3631;1;El Conquistador;final;1311.941;1815.631;1311.941;375.631;273.39
3631.1;1;El Conquistador;final;1510.551;2699.105;70.551;1259.105;113.868
3632;1;El Conquistador;final;1387.541;1828.464;1387.541;388.464;277.955
3633;1;El Conquistador;final;1347.021;1834.881;1347.021;394.881;285.065
3633.1;1;El Conquistador;final;1542.871;2674.402;102.871;1234.402;142.357
3634;1;El Conquistador;final;1282.791;1841.297;1282.791;401.297;269.116
3635;1;La Reina;final;1386.296;1824.581;1386.296;384.581;286.467
3635.1;1;La Reina;final;1475.929;2789.755;35.929;1349.755;60.526
3636;1;La Reina;final;1264.812;1840.915;1264.812;400.915;223.989
3637;1;La Reina;final;1364.679;1873.581;1364.679;433.581;291.397
3637.1;1;La Reina;final;1450.831;2772.621;10.831;1332.621;58.249
3638;1;La Reina;final;1318.107;1873.748;1318.107;433.748;248.209
3639;1;La Reina;final;1453.176;2423.748;13.176;983.748;161.174
3640;1;La Reina;final;1310.212;2433.748;1310.212;993.748;106.955
3641;1;La Reina;final;1232.496;2443.748;1232.496;1003.748;81.29
3642;1;La Reina;final;1275.712;1758.355;1275.712;318.355;286.215
3642.1;1;La Reina;final;1472.624;2682.105;32.624;1242.105;89.516
3643;1;La Reina;final;1356.069;1768.355;1356.069;328.355;295.853
3644;1;La Reina;final;1326.175;1778.355;1326.175;338.355;300.58
3644.1;1;La Reina;final;1472.45;2723.856;32.45;1283.856;90.926
3645;1;La Reina;final;1364.012;1788.355;1364.012;348.355;298.662
3645.1;1;La Reina;final;1444.679;2772.621;4.679;1332.621;53.926
3646;1;La Reina;final;1428.235;1798.355;1428.235;358.355;306.279
3647;1;La Reina;final;1373.446;1808.355;1373.446;368.355;314.134
3647.1;1;La Reina;final;1467.462;2778.355;27.462;1338.355;58.518
3648;1;La Reina;final;1294.862;1817.355;1294.862;377.355;285.265
3649;1;La Reina;final;1126.629;1826.355;1126.629;386.355;215.381
3650;1;La Reina;final;1347.975;1835.355;1347.975;395.355;276.102
3650.1;1;La Reina;final;1508.792;2748.856;68.792;1308.856;112.12
3651;1;La Reina;final;1339.362;1844.355;1339.362;404.355;254.637
3652;1;La Reina;final;1348.027;1853.355;1348.027;413.355;289.247
3653;1;La Reina;final;1399.146;1862.355;1399.146;422.355;302.528
3653.1;1;La Reina;final;1479.063;2805.021;39.063;1365.021;49.471
3654;1;La Reina;final;1456.762;1889.355;16.762;449.355;311.697
3655;1;La Reina;final;1261.574;1898.355;1261.574;458.355;214.114
3656;1;Los Espinos;final;514.338;1376.634;514.338;1376.634;278.928
3656.1;1;Los Espinos;final;1409.096;1891.357;1409.096;451.357;293.212
3657;1;Los Espinos;final;599.867;1406.634;599.867;1406.634;288.431
3657.1;1;Los Espinos;final;1353.633;1971.554;1353.633;531.554;254.717
3658;1;Los Espinos;final;671.36;1436.634;671.36;1436.634;289.725
3658.1;1;Los Espinos;final;1383.871;2103.89;1383.871;663.89;219.601
3659;1;Los Espinos;final;1272.426;1716.634;1272.426;276.634;294.698
3659.1;1;Los Espinos;final;1347.693;2681.941;1347.693;1241.941;43.723
3660;1;Los Espinos;final;1245.41;1726.634;1245.41;286.634;289.862
3660.1;1;Los Espinos;final;1410.928;2622.723;1410.928;1182.723;90.98
3661;1;Los Espinos;final;1273.06;1746.634;1273.06;306.634;299.742
3661.1;1;Los Espinos;final;1498.288;2646.357;58.288;1206.357;125.726
3662;1;Los Espinos;final;1262.588;1756.634;1262.588;316.634;278.928
3663;1;Los Espinos;final;1281.071;1766.634;1281.071;326.634;289.295
3664;1;Los Espinos;final;1315.338;1771.367;1315.338;331.367;306.891
3665;1;Los Espinos;final;1289.638;1776.1;1289.638;336.1;289.295
3666;1;Los Espinos;final;1182.571;1780.834;1182.571;340.834;254.018
3667;1;Los Espinos;final;1348.709;1785.567;1348.709;345.567;311.533
3667.1;1;Los Espinos;final;1408.076;2751.524;1408.076;1311.524;43.723
3668;1;Los Espinos;final;1303.36;1790.3;1303.36;350.3;290.349
3668.1;1;Los Espinos;final;1522.288;2676.357;82.288;1236.357;125.726
3669;1;Los Espinos;final;1266.176;1795.034;1266.176;355.034;258.33
3670;1;Los Espinos;final;1296.234;1799.767;1296.234;359.767;258.037
3671;1;Los Espinos;final;1351.441;1804.5;1351.441;364.5;288.028
3671.1;1;Los Espinos;final;1487.474;2758.042;47.474;1318.042;73.407
3672;1;Los Espinos;final;1323.904;1809.234;1323.904;369.234;289.082
3673;1;Los Espinos;final;1325.16;1813.967;1325.16;373.967;285.665
3673.1;1;Los Espinos;final;1559.594;2695.607;119.594;1255.607;136.66
3674;1;Los Espinos;final;884.772;1818.7;884.772;378.7;153.021
3675;1;Los Espinos;final;1336.06;1823.434;1336.06;383.434;289.92
3675.1;1;Los Espinos;final;1481.03;2708.457;41.03;1268.457;95.583
3676;1;Los Espinos;final;1219.346;1828.167;1219.346;388.167;248.843
3677;1;Los Espinos;final;1349.604;1832.9;1349.604;392.9;289.082
3678;1;Los Espinos;final;1380.309;1837.634;1380.309;397.634;294.69
3679;1;Los Espinos;final;1368.76;1847.1;1368.76;407.1;289.92
3680;1;Los Espinos;final;1375.304;1856.567;1375.304;416.567;279.201
3681;1;Los Espinos;final;1358.171;1856.634;1358.171;416.634;288.594
3682;1;Los Espinos;final;1310.228;1916.634;1310.228;476.634;244.182
3683;1;Los Espinos;final;1404.238;1926.634;1404.238;486.634;278.714
3684;1;Los Espinos;final;870.716;1401.357;870.716;1401.357;282.513
3684.1;1;Los Espinos;final;1354.418;2312.584;1354.418;872.584;150.129
3685;1;Los Espinos;final;615.763;1431.357;615.763;1431.357;284.28
3685.1;1;Los Espinos;final;1316.695;1949.202;1316.695;509.202;246.992
3686;1;Los Espinos;final;681.096;1461.357;681.096;21.357;284.28
3686.1;1;Los Espinos;final;1385.096;2039.152;1385.096;599.152;257.915
3687;1;Los Espinos;final;1236.895;1731.357;1236.895;291.357;279.645
3688;1;Los Espinos;final;1256.895;1741.357;1256.895;301.357;279.645
3688.1;1;Los Espinos;final;1474.743;2587.302;34.743;1147.302;136.088
3689;1;Los Espinos;final;1276.895;1751.357;1276.895;311.357;289.038
3689.1;1;Los Espinos;final;1392.438;2606.567;1392.438;1166.567;90.75
3690;1;Los Espinos;final;1384.639;1761.357;1384.639;321.357;295.544
3690.1;1;Los Espinos;final;1451.942;2766.548;11.942;1326.548;58.703
3691;1;Los Espinos;final;1283.863;1771.357;1283.863;331.357;283.331
3691.1;1;Los Espinos;final;1513.13;2609.202;73.13;1169.202;157.506
3692;1;Los Espinos;final;1391.287;1781.357;1391.287;341.357;307.504
3692.1;1;Los Espinos;final;1448.04;2806.83;8.04;1366.83;36.461
3693;1;Los Espinos;final;1301.096;1791.357;1301.096;351.357;283.331
3694;1;Los Espinos;final;1375.209;1796.09;1375.209;356.09;314.649
3694.1;1;Los Espinos;final;1459.8;2695.071;19.8;1255.071;100.341
3695;1;Los Espinos;final;1202.426;1800.823;1202.426;360.823;235.584
3696;1;Los Espinos;final;1386.109;1805.557;1386.109;365.557;314.649
3696.1;1;Los Espinos;final;1473.927;2716.335;33.927;1276.335;94.614
3697;1;Los Espinos;final;628.345;1810.29;628.345;370.29;91.194
3698;1;Los Espinos;final;1338.62;1815.023;1338.62;375.023;275.994
3699;1;Los Espinos;final;637.812;1819.757;637.812;379.757;91.194
3700;1;Los Espinos;final;1325.096;1824.49;1325.096;384.49;283.331
3701;1;Los Espinos;final;1255.992;1829.223;1255.992;389.223;238.039
3702;1;Los Espinos;final;1376.042;1833.957;1376.042;393.957;291.22
3703;1;Los Espinos;final;1337.096;1838.69;1337.096;398.69;293.212
3704;1;Los Espinos;final;1182.588;1843.423;1182.588;403.423;219.815
3705;1;Los Espinos;final;1349.096;1848.157;1349.096;408.157;293.212
3706;1;Los Espinos;final;1361.096;1852.89;1361.096;412.89;293.212
3707;1;Los Espinos;final;1368.095;1857.623;1368.095;417.623;289.038
3707.1;1;Los Espinos;final;1472.26;2699.152;32.26;1259.152;94.614
3708;1;Los Espinos;final;1202.588;1862.357;1202.588;422.357;219.815
3709;1;Los Espinos;final;1385.228;1871.823;1385.228;431.823;289.038
3710;1;Los Espinos;final;1419.495;1881.29;1419.495;441.29;279.158
3710.1;1;Los Espinos;final;1508.194;2750.602;68.194;1310.602;94.614
3711;1;Los Espinos;final;1373.096;1881.357;1373.096;441.357;283.331
3711.1;1;Los Espinos;final;1456.794;2699.202;16.794;1259.202;94.614
3712;1;Los Espinos;final;1455.33;1946.69;15.33;506.69;293.641
3713;1;Los Espinos;final;1514.668;2484.69;74.668;1044.69;182.399
3714;1;Los Espinos;final;1389.238;2511.357;1389.238;1071.357;125.512
3715;1;El Conquistador;final;1112.034;1435.01;1112.034;1435.01;306.144
3715.1;1;El Conquistador;final;1260.426;2535.366;1260.426;1095.366;63.269
3716;1;El Conquistador;final;911.803;1570.01;911.803;130.01;241.535
3716.1;1;El Conquistador;final;1258.103;2312.638;1258.103;872.638;186.094
3717;1;El Conquistador;final;1423.892;1705.01;1423.892;265.01;214.265
3718;1;El Conquistador;final;1129.517;1715.01;1129.517;275.01;281.458
3718.1;1;El Conquistador;final;1442.959;2541.077;2.959;1101.077;135.874
3719;1;El Conquistador;final;1232.421;1725.01;1232.421;285.01;303.918
3719.1;1;El Conquistador;final;1377.31;2611.771;1377.31;1171.771;86.832
3720;1;El Conquistador;final;1272.378;1735.01;1272.378;295.01;304.89
3720.1;1;El Conquistador;final;1492.478;2650.943;52.478;1210.943;124.589
3721;1;El Conquistador;final;1353.735;1745.01;1353.735;305.01;292.58
3721.1;1;El Conquistador;final;1496.167;2763.077;56.167;1323.077;81.163
3722;1;El Conquistador;final;1283.903;1755.01;1283.903;315.01;288.851
3723;1;El Conquistador;final;1225.667;1765.01;1225.667;325.01;280.579
3723.1;1;El Conquistador;final;1379.613;2637.077;1379.613;1197.077;72.936
3724;1;El Conquistador;final;1156.603;1787.51;1156.603;347.51;311.924
3724.1;1;El Conquistador;final;1258.106;2547.201;1258.106;1107.201;61.832
3725;1;El Conquistador;final;1215.309;1798.76;1215.309;358.76;247.73
3726;1;El Conquistador;final;1243.938;1810.01;1243.938;370.01;306.568
3727;1;El Conquistador;final;1258.009;1832.51;1258.009;392.51;249.457
3728;1;El Conquistador;final;1250.08;1843.76;1250.08;403.76;267.269
3729;1;El Conquistador;final;1341.101;1855.01;1341.101;415.01;290.949
3729.1;1;El Conquistador;final;1479.034;2758.699;39.034;1318.699;71.464
3730;1;El Conquistador;final;1372.978;1866.26;1372.978;426.26;302.187
3731;1;El Conquistador;final;1293.869;1809.077;1293.869;369.077;296.057
3732;1;El Conquistador;final;1320.384;1821.927;1320.384;381.927;296.584
3732.1;1;El Conquistador;final;1466.463;2739.027;26.463;1299.027;72.936
3733;1;El Conquistador;final;1406.752;1886.177;1406.752;446.177;305.894
3734;1;El Conquistador;final;1348.44;1899.027;1348.44;459.027;272.564
3735;1;El Conquistador;final;1384.634;1899.077;1384.634;459.077;295.705
3735.1;1;El Conquistador;final;1456.678;2790.265;16.678;1350.265;49.726
3736;1;Los Espinos;final;1292.503;1721.113;1292.503;281.113;310.84
3736.1;1;Los Espinos;final;1490.953;2643.613;50.953;1203.613;124.502
3737;1;Los Espinos;final;1283.97;1733.113;1283.97;293.113;286.435
3737.1;1;Los Espinos;final;1508.621;2633.963;68.621;1193.963;140.132
3738;1;Los Espinos;final;1220.542;1745.113;1220.542;305.113;272.562
3738.1;1;Los Espinos;final;1358.554;2564.859;1358.554;1124.859;99.365
3739;1;Los Espinos;final;1305.77;1757.113;1305.77;317.113;287.532
3739.1;1;Los Espinos;final;1505.987;2654.863;65.987;1214.863;123.405
3740;1;Los Espinos;final;1349.37;1781.113;1349.37;341.113;290.407
3740.1;1;Los Espinos;final;1550.953;2699.863;110.953;1259.863;124.502
3741;1;Los Espinos;final;1263.025;1790.113;1263.025;350.113;270.593
3741.1;1;Los Espinos;final;1405.221;2611.526;1405.221;1171.526;99.365
3742;1;Los Espinos;final;1375.437;1799.113;1375.437;359.113;309.648
3743;1;Los Espinos;final;1291.559;1808.113;1291.559;368.113;293.901
3744;1;Los Espinos;final;1278.025;1817.113;1278.025;377.113;251.352
3745;1;Los Espinos;final;1386.987;1826.113;1386.987;386.113;293.378
3746;1;Los Espinos;final;1420.437;1835.113;1420.437;395.113;309.648
3746.1;1;Los Espinos;final;1516.592;2771.113;76.592;1331.113;86.224
3747;1;Los Espinos;final;1365.292;1871.113;1365.292;431.113;293.996
3747.1;1;Los Espinos;final;1452.653;2708.193;12.653;1268.193;84.512
3748;1;Los Espinos;final;1285.337;1893.613;1285.337;453.613;244.018
3749;1;Los Espinos;final;1381.325;1904.863;1381.325;464.863;272.562
3749.1;1;Los Espinos;final;1491.487;2725.326;51.487;1285.326;99.365
3750;1;Los Espinos;final;1303.742;1730.193;1303.742;290.193;291.263
3750.1;1;Los Espinos;final;1541.342;2651.943;101.342;1211.943;149.343
3751;1;Los Espinos;final;1258.671;1742.193;1258.671;302.193;284.93
3752;1;Los Espinos;final;1379.375;1800.693;1379.375;360.693;290.161
3753;1;Los Espinos;final;1289.42;1811.943;1289.42;371.943;270.073
3754;1;Los Espinos;final;1389.525;1823.193;1389.525;383.193;311.596
3755;1;Los Espinos;final;1392.092;1834.443;1392.092;394.443;292.355
3755.1;1;Los Espinos;final;1575.042;2734.859;135.042;1294.859;126.035
3756;1;El Conquistador;final;1091.959;1413.284;1091.959;1413.284;274.648
3756.1;1;El Conquistador;final;1355.509;2493.284;1355.509;1053.284;107.6
3757;1;El Conquistador;final;1234.125;1443.284;1234.125;3.284;294.824
3757.1;1;El Conquistador;final;1410.179;2614.71;1410.179;1174.71;94.222
3758;1;El Conquistador;final;1305.576;1743.284;1305.576;303.284;300.981
3759;1;El Conquistador;final;1340.188;1758.284;1340.188;318.284;303.275
3759.1;1;El Conquistador;final;1441.003;2756.748;1.003;1316.748;52.075
3760;1;El Conquistador;final;1358.909;1773.284;1358.909;333.284;303.705
3760.1;1;El Conquistador;final;1513.229;2753.284;73.229;1313.284;93.381
3761;1;El Conquistador;final;1336.203;1788.284;1336.203;348.284;298.907
3762;1;El Conquistador;final;1381.584;1803.284;1381.584;363.284;298.04
3763;1;El Conquistador;final;1317.495;1814.534;1317.495;374.534;287.269
3763.1;1;El Conquistador;final;1448.019;2710.088;8.019;1270.088;99.492
3764;1;El Conquistador;final;1343.746;1837.034;1343.746;397.034;274.488
3765;1;El Conquistador;final;1418.133;1848.284;1418.133;408.284;303.903
3765.1;1;El Conquistador;final;1479.975;2846.067;39.975;1406.067;34.415
3766;1;El Conquistador;final;1421.079;1859.534;1421.079;419.534;276.037
3767;1;El Conquistador;final;1322.671;1893.284;1322.671;453.284;227.538
3768;1;El Conquistador;final;1486.551;1915.784;46.551;475.784;296.71
3769;1;El Conquistador;final;955.655;1367.881;955.655;1367.881;306.71
3769.1;1;El Conquistador;final;1470.552;2377.862;30.552;937.862;237.498
3770;1;El Conquistador;final;697.399;1397.881;697.399;1397.881;304.308
3770.1;1;El Conquistador;final;1512.872;2110.576;72.872;670.576;279.857
3771;1;El Conquistador;final;1219.434;1712.881;1219.434;272.881;258.322
3771.1;1;El Conquistador;final;1379.347;2605.748;1379.347;1165.748;85.151
3772;1;El Conquistador;final;1292.896;1727.881;1292.896;287.881;303.451
3773;1;El Conquistador;final;1101.794;1742.881;1101.794;302.881;227.042
3774;1;El Conquistador;final;1249.183;1757.881;1249.183;317.881;302.502
3774.1;1;El Conquistador;final;1295.475;2665.564;1295.475;1225.564;28.891
3775;1;El Conquistador;final;1254.792;1769.131;1254.792;329.131;248.713
3776;1;El Conquistador;final;1181.369;1780.381;1181.369;340.381;284.86
3776.1;1;El Conquistador;final;1441.968;2588.247;1.968;1148.247;117.975
3777;1;El Conquistador;final;1235.092;1791.631;1235.092;351.631;274.306
3778;1;El Conquistador;final;1130.542;1802.881;1130.542;362.881;226.944
3779;1;El Conquistador;final;1188.386;1814.131;1188.386;374.131;266.581
3780;1;El Conquistador;final;1391.563;1825.381;1391.563;385.381;301.5
3781;1;El Conquistador;final;1240.516;1836.631;1240.516;396.631;270.182
3782;1;El Conquistador;final;1294.968;1915.381;1294.968;475.381;292.292
3782.1;1;El Conquistador;final;1518.985;2698.28;78.985;1258.28;111.445
3783;1;El Conquistador;final;1265.576;2477.881;1265.576;1037.881;90.494
3784;1;El Conquistador;final;833.068;1418.28;833.068;1418.28;298.628
3784.1;1;El Conquistador;final;1185.885;2268.28;1185.885;828.28;104.761
3785;1;El Conquistador;final;1213.572;1438.28;1213.572;1438.28;300.674
3785.1;1;El Conquistador;final;1269.373;2636.067;1269.373;1196.067;29.717
3786;1;El Conquistador;final;1255.697;1478.28;1255.697;38.28;218.436
3787;1;El Conquistador;final;1215.885;1718.28;1215.885;278.28;279.709
3788;1;El Conquistador;final;1165.817;1748.28;1165.817;308.28;292.996
3788.1;1;El Conquistador;final;1518.417;2577.902;78.417;1137.902;210.327
3789;1;El Conquistador;final;1367.616;1756.847;1367.616;316.847;308.493
3789.1;1;El Conquistador;final;1515.071;2746.993;75.071;1306.993;98.0
3790;1;El Conquistador;final;1290.688;1765.413;1290.688;325.413;282.476
3791;1;El Conquistador;final;1174.017;1773.98;1174.017;333.98;292.996
3791.1;1;El Conquistador;final;1359.083;2589.902;1359.083;1149.902;116.545
3792;1;El Conquistador;final;1181.635;1782.547;1181.635;342.547;194.578
3793;1;El Conquistador;final;1337.251;1791.113;1337.251;351.113;293.076
3794;1;El Conquistador;final;1330.44;1799.68;1330.44;359.68;261.49
3795;1;El Conquistador;final;1201.635;1808.247;1201.635;368.247;201.109
3796;1;El Conquistador;final;1357.14;1808.28;1357.14;368.28;290.22
3797;1;El Conquistador;final;1291.317;1817.28;1291.317;377.28;279.774
3798;1;El Conquistador;final;1312.518;1826.28;1312.518;386.28;276.572
3798.1;1;El Conquistador;final;1563.071;2625.955;123.071;1185.955;165.435
3799;1;El Conquistador;final;1317.455;1835.28;1317.455;395.28;267.783
3800;1;El Conquistador;final;1254.667;1844.28;1254.667;404.28;205.377
3801;1;El Conquistador;final;1377.901;1853.28;1377.901;413.28;249.714
3802;1;El Conquistador;final;1331.031;1862.28;1331.031;422.28;306.809
3802.1;1;El Conquistador;final;1380.451;2738.569;1380.451;1298.569;40.563
3803;1;El Conquistador;final;1303.265;1871.28;1303.265;431.28;255.371
3804;1;El Conquistador;final;1177.455;1880.28;1177.455;440.28;201.042
3805;1;El Conquistador;final;1170.885;1889.28;1170.885;449.28;198.274
3806;1;El Conquistador;final;1449.901;1898.28;9.901;458.28;297.793
3807;1;El Conquistador;final;1435.775;1908.28;1435.775;468.28;289.795
3808;1;El Conquistador;final;1326.022;1918.28;1326.022;478.28;214.687
3809;1;El Conquistador;final;1127.785;1928.28;1127.785;488.28;149.67
3810;1;El Conquistador;final;1455.299;1948.28;15.299;508.28;289.7
3811;1;El Conquistador;final;1264.655;1988.28;1264.655;548.28;201.686
3812;1;El Conquistador;final;512.195;1372.714;512.195;1372.714;257.009
3812.1;1;El Conquistador;final;1380.688;1899.105;1380.688;459.105;292.621
3813;1;El Conquistador;final;1236.386;1392.714;1236.386;1392.714;305.538
3813.1;1;El Conquistador;final;1455.869;2627.201;15.869;1187.201;143.595
3814;1;El Conquistador;final;768.847;1412.714;768.847;1412.714;312.58
3814.1;1;El Conquistador;final;1453.878;2205.951;13.878;765.951;228.792
3815;1;El Conquistador;final;1229.858;1432.714;1229.858;1432.714;300.986
3815.1;1;El Conquistador;final;1393.265;2633.499;1393.265;1193.499;78.105
3816;1;El Conquistador;final;1013.322;1714.714;1013.322;274.714;294.403
3816.1;1;El Conquistador;final;1401.086;2447.862;1401.086;1007.862;140.247
3817;1;El Conquistador;final;1263.238;1738.714;1263.238;298.714;168.913
3818;1;El Conquistador;final;1288.008;1750.714;1288.008;310.714;275.019
3819;1;El Conquistador;final;1204.485;1771.714;1204.485;331.714;227.524
3820;1;El Conquistador;final;1272.849;1780.714;1272.849;340.714;273.867
3820.1;1;El Conquistador;final;1520.049;2647.993;80.049;1207.993;138.066
3821;1;El Conquistador;final;1286.385;1789.714;1286.385;349.714;276.619
3822;1;El Conquistador;final;1423.885;1798.714;1423.885;358.714;299.291
3823;1;El Conquistador;final;1223.385;1807.714;1223.385;367.714;214.739
3824;1;El Conquistador;final;1412.317;1816.714;1412.317;376.714;291.204
3825;1;El Conquistador;final;1339.868;1834.714;1339.868;394.714;283.303
3826;1;El Conquistador;final;1468.999;1852.714;28.999;412.714;277.011
3826.1;1;El Conquistador;final;1558.099;2842.926;118.099;1402.926;73.414
3827;1;El Conquistador;final;1307.251;1902.714;1307.251;462.714;214.739
3828;1;El Conquistador;final;1344.271;1912.714;1344.271;472.714;260.225
3829;1;El Conquistador;final;1257.251;2482.714;1257.251;1042.714;82.356
3830;1;Los Espinos;final;1282.277;1709.202;1282.277;269.202;303.072
3830.1;1;Los Espinos;final;1433.445;2661.357;1433.445;1221.357;91.194
3831;1;Los Espinos;final;1254.627;1721.202;1254.627;281.202;292.672
3831.1;1;Los Espinos;final;1403.445;2631.357;1403.445;1191.357;91.194
3832;1;Los Espinos;final;1300.71;1733.202;1300.71;293.202;302.552
3833;1;Los Espinos;final;1310.159;1745.202;1310.159;305.202;297.227
3834;1;Los Espinos;final;1275.921;1757.202;1275.921;317.202;281.738
3835;1;Los Espinos;final;1289.254;1769.202;1289.254;329.202;281.601
3836;1;Los Espinos;final;1335.859;1777.369;1335.859;337.369;297.089
3837;1;Los Espinos;final;1272.504;1785.535;1272.504;345.535;281.601
3838;1;Los Espinos;final;1341.633;1793.702;1341.633;353.702;300.77
3838.1;1;Los Espinos;final;1493.88;2721.307;53.88;1281.307;95.583
3839;1;Los Espinos;final;1314.26;1801.869;1314.26;361.869;292.535
3839.1;1;Los Espinos;final;1546.288;2691.357;106.288;1251.357;125.726
3840;1;Los Espinos;final;1298.204;1810.035;1298.204;370.035;281.601
3841;1;Los Espinos;final;1374.409;1818.202;1374.409;378.202;306.756
3841.1;1;Los Espinos;final;1434.743;2778.191;1434.743;1338.191;43.723
3842;1;Los Espinos;final;1357.86;1826.369;1357.86;386.369;301.985
3842.1;1;Los Espinos;final;1461.41;2741.379;21.41;1301.379;71.242
3843;1;Los Espinos;final;1346.96;1834.535;1346.96;394.535;292.105
3843.1;1;Los Espinos;final;1478.863;2721.357;38.863;1281.357;95.583
3844;1;Los Espinos;final;1390.56;1842.702;1390.56;402.702;301.985
3845;1;Los Espinos;final;1256.213;1850.869;1256.213;410.869;251.028
3846;1;Los Espinos;final;1401.46;1859.202;1401.46;419.202;302.123
3846.1;1;Los Espinos;final;1530.263;2772.757;90.263;1332.757;95.583
3847;1;Los Espinos;final;1374.238;1869.202;1374.238;429.202;291.404
3848;1;Los Espinos;final;1302.296;1899.202;1302.296;459.202;251.166
3849;1;Los Espinos;final;1311.513;1909.202;1311.513;469.202;251.166
3850;1;Los Espinos;final;1329.946;1919.202;1329.946;479.202;261.046
3851;1;Los Espinos;final;1448.843;1929.202;8.843;489.202;313.174
3851.1;1;Los Espinos;final;1532.402;2857.984;92.402;1417.984;50.681
3852;1;Los Espinos;final;1313.096;1939.202;1313.096;499.202;261.046
3853;1;Los Espinos;final;1290.228;1743.357;1290.228;303.357;298.918
3854;1;Los Espinos;final;1303.562;1767.357;1303.562;327.357;295.787
3855;1;Los Espinos;final;1320.73;1779.357;1320.73;339.357;299.961
3856;1;Los Espinos;final;623.93;1799.523;623.93;359.523;96.103
3857;1;Los Espinos;final;1333.828;1807.69;1333.828;367.69;299.437
3857.1;1;Los Espinos;final;1564.53;2660.602;124.53;1220.602;157.506
3858;1;Los Espinos;final;640.263;1815.857;640.263;375.857;96.103
3859;1;Los Espinos;final;1353.409;1824.023;1353.409;384.023;300.648
3859.1;1;Los Espinos;final;1455.467;2680.071;15.467;1240.071;100.341
3860;1;Los Espinos;final;1350.962;1832.19;1350.962;392.19;289.557
3860.1;1;Los Espinos;final;1449.238;2681.634;9.238;1241.634;90.75
3861;1;Los Espinos;final;1359.528;1840.357;1359.528;400.357;289.557
3861.1;1;Los Espinos;final;1500.243;2686.302;60.243;1246.302;109.92
3862;1;Los Espinos;final;1376.662;1848.523;1376.662;408.523;299.437
3862.1;1;Los Espinos;final;1483.109;2696.634;43.109;1256.634;106.239
3863;1;Los Espinos;final;1402.362;1864.857;1402.362;424.857;289.557
3864;1;Los Espinos;final;1416.78;1873.023;1416.78;433.023;304.04
3865;1;Los Espinos;final;1393.795;1881.357;1393.795;441.357;289.038
3865.1;1;Los Espinos;final;1474.288;2720.634;34.288;1280.634;90.75
3866;1;La Reina;final;1226.054;2505.701;1226.054;1065.701;53.643
3867;1;La Reina;final;1533.033;2515.701;93.033;1075.701;184.475
3868;1;La Reina;final;529.698;1735.597;529.698;295.597;90.571
3869;1;La Reina;final;1126.852;1765.597;1126.852;325.597;234.836
3870;1;La Reina;final;1366.196;1795.597;1366.196;355.597;286.517
3871;1;La Reina;final;1336.196;1813.597;1336.196;373.597;271.133
3871.1;1;La Reina;final;1546.445;2762.981;106.445;1322.981;102.874
3872;1;La Reina;final;1430.355;1831.597;1430.355;391.597;264.945
3873;1;La Reina;final;1369.06;1849.597;1369.06;409.597;285.276
3874;1;La Reina;final;1323.471;1867.597;1323.471;427.597;222.177
3875;1;La Reina;final;1330.21;1885.597;1330.21;445.597;299.111
3875.1;1;La Reina;final;1498.515;2740.145;58.515;1300.145;87.248
3876;1;La Reina;final;1471.715;1908.097;31.715;468.097;307.25
3877;1;La Reina;final;1342.027;1930.597;1342.027;490.597;283.057
3878;1;Los Espinos;final;583.625;1391.113;583.625;1391.113;286.238
3878.1;1;Los Espinos;final;1467.28;1916.332;27.28;476.332;310.666
3878.2;1;Los Espinos;final;1587.508;2843.564;147.508;1403.564;87.619
3879;1;Los Espinos;final;757.78;1421.113;757.78;1421.113;306.988
3879.1;1;Los Espinos;final;1552.946;2198.63;112.946;758.63;282.11
3880;1;Los Espinos;final;783.703;1451.113;783.703;11.113;285.663
3880.1;1;Los Espinos;final;1279.742;2201.113;1279.742;761.113;166.802
3881;1;Los Espinos;final;899.203;1496.113;899.203;56.113;310.84
3881.1;1;Los Espinos;final;1402.159;2306.013;1402.159;866.013;190.11
3882;1;Los Espinos;final;1040.053;1586.113;1040.053;146.113;289.406
3882.1;1;Los Espinos;final;1542.887;2411.113;102.887;971.113;220.71
3883;1;Los Espinos;final;1186.453;1676.113;1186.453;236.113;285.658
3883.1;1;Los Espinos;final;1315.742;2537.113;1315.742;1097.113;86.224
3884;1;Los Espinos;final;1239.049;1725.113;1239.049;285.113;310.339
3885;1;Los Espinos;final;1200.542;1729.113;1200.542;289.113;271.785
3885.1;1;Los Espinos;final;1541.165;2544.859;101.165;1104.859;195.425
3886;1;Los Espinos;final;1291.887;1733.113;1291.887;293.113;302.385
3887;1;Los Espinos;final;1267.587;1737.113;1267.587;297.113;286.755
3888;1;Los Espinos;final;1292.127;1745.113;1292.127;305.113;313.433
3889;1;Los Espinos;final;1207.209;1749.113;1207.209;309.113;269.911
3889.1;1;Los Espinos;final;1345.221;2551.526;1345.221;1111.526;99.365
3890;1;Los Espinos;final;1327.587;1753.113;1327.587;313.113;310.84
3890.1;1;Los Espinos;final;1530.953;2677.363;90.953;1237.363;124.502
3891;1;Los Espinos;final;1291.587;1757.113;1291.587;317.113;285.658
3892;1;Los Espinos;final;1318.554;1761.113;1318.554;321.113;303.482
3892.1;1;Los Espinos;final;1434.525;2659.598;1434.525;1219.598;98.885
3893;1;Los Espinos;final;1316.248;1765.113;1316.248;325.113;293.463
3893.1;1;Los Espinos;final;1439.361;2676.808;1439.361;1236.808;90.526
3894;1;Los Espinos;final;1303.587;1769.113;1303.587;329.113;288.629
3895;1;Los Espinos;final;1351.587;1773.113;1351.587;333.113;310.84
3895.1;1;Los Espinos;final;1471.275;2711.063;31.275;1271.063;86.224
3896;1;Los Espinos;final;1316.67;1777.113;1316.67;337.113;307.87
3896.1;1;Los Espinos;final;1519.32;2666.113;79.32;1226.113;123.405
3897;1;Los Espinos;final;1238.025;1781.113;1238.025;341.113;268.819
3897.1;1;Los Espinos;final;1378.554;2584.859;1378.554;1144.859;99.365
3898;1;Los Espinos;final;1365.72;1785.197;1365.72;345.197;308.971
3899;1;Los Espinos;final;1371.887;1789.28;1371.887;349.28;299.419
3900;1;Los Espinos;final;1360.27;1793.363;1360.27;353.363;286.76
3900.1;1;Los Espinos;final;1455.109;2711.113;15.109;1271.113;84.35
3901;1;Los Espinos;final;1374.137;1797.447;1374.137;357.447;308.971
3902;1;Los Espinos;final;1293.875;1801.53;1293.875;361.53;292.127
3902.1;1;Los Espinos;final;1397.937;2640.693;1397.937;1200.693;84.512
3903;1;Los Espinos;final;1288.025;1805.613;1288.025;365.613;268.819
3904;1;Los Espinos;final;1280.542;1809.697;1280.542;369.697;268.819
3905;1;Los Espinos;final;1382.07;1813.78;1382.07;373.78;286.44
3905.1;1;Los Espinos;final;1594.287;2731.113;154.287;1291.113;140.132
3906;1;Los Espinos;final;1287.209;1817.863;1287.209;377.863;268.819
3907;1;Los Espinos;final;1277.225;1821.947;1277.225;381.947;247.385
3908;1;Los Espinos;final;1409.237;1826.03;1409.237;386.03;299.419
3909;1;Los Espinos;final;1420.487;1834.197;1420.487;394.197;299.419
3910;1;Los Espinos;final;1356.075;1846.447;1356.075;406.447;292.127
3910.1;1;Los Espinos;final;1557.909;2708.143;117.909;1268.143;127.131
3911;1;Los Espinos;final;1412.687;1854.613;1412.687;414.613;289.73
3911.1;1;Los Espinos;final;1506.509;2762.513;66.509;1322.513;84.35
3912;1;Los Espinos;final;1191.12;1858.697;1191.12;418.697;206.959
3913;1;Los Espinos;final;1332.709;1870.947;1332.709;430.947;245.511
3914;1;Los Espinos;final;1409.187;1871.113;1409.187;431.113;286.435
3915;1;Los Espinos;final;1451.237;1898.78;11.237;458.78;287.532
3916;1;Los Espinos;final;1227.987;1905.697;1227.987;465.697;206.954
3917;1;Los Espinos;final;651.859;1388.193;651.859;1388.193;288.969
3917.1;1;Los Espinos;final;1291.742;2022.359;1291.742;582.359;208.486
3918;1;Los Espinos;final;620.613;1418.193;620.613;1418.193;260.5
3918.1;1;Los Espinos;final;1483.825;2009.63;43.825;569.63;295.626
3919;1;Los Espinos;final;708.908;1448.193;708.908;8.193;281.936
3919.1;1;Los Espinos;final;1282.596;2079.332;1282.596;639.332;195.272
3920;1;Los Espinos;final;804.942;1478.193;804.942;38.193;288.287
3920.1;1;Los Espinos;final;1279.587;2215.293;1279.587;775.293;167.283
3921;1;Los Espinos;final;1225.337;1725.693;1225.337;285.693;283.833
3922;1;Los Espinos;final;1346.859;1748.193;1346.859;308.193;313.374
3922.1;1;Los Espinos;final;1567.794;2694.292;127.794;1254.292;142.112
3923;1;Los Espinos;final;1327.742;1755.693;1327.742;315.693;290.166
3923.1;1;Los Espinos;final;1454.237;2674.443;14.237;1234.443;99.365
3924;1;Los Espinos;final;1326.042;1763.193;1326.042;323.193;289.064
3924.1;1;Los Espinos;final;1523.642;2669.593;83.642;1229.593;127.131
3925;1;Los Espinos;final;1375.742;1770.693;1375.742;330.693;313.469
3925.1;1;Los Espinos;final;1465.987;2721.526;25.987;1281.526;84.512
3926;1;Los Espinos;final;1274.07;1778.193;1274.07;338.193;270.073
3927;1;Los Espinos;final;1359.375;1782.693;1359.375;342.693;289.064
3927.1;1;Los Espinos;final;1474.354;2708.193;34.354;1268.193;99.365
3928;1;Los Espinos;final;1363.742;1787.193;1363.742;347.193;290.161
3928.1;1;Los Espinos;final;1450.953;2708.193;10.953;1268.193;85.608
3929;1;Los Espinos;final;1392.942;1791.693;1392.942;351.693;310.499
3930;1;Los Espinos;final;580.087;1796.193;580.087;356.193;84.512
3931;1;Los Espinos;final;1372.709;1800.693;1372.709;360.693;288.287
3932;1;Los Espinos;final;1278.52;1805.193;1278.52;365.193;268.976
3933;1;Los Espinos;final;1305.221;1809.693;1305.221;369.693;283.829
3934;1;Los Espinos;final;1387.742;1814.193;1387.742;374.193;292.035
3935;1;Los Espinos;final;1404.525;1818.693;1404.525;378.693;310.499
3935.1;1;Los Espinos;final;1492.653;2748.193;52.653;1308.193;84.512
3936;1;Los Espinos;final;1263.253;1823.193;1263.253;383.193;248.638
3937;1;Los Espinos;final;1407.025;1827.693;1407.025;387.693;312.372
3937.1;1;Los Espinos;final;1525.754;2759.593;85.754;1319.593;99.365
3938;1;Los Espinos;final;1331.887;1845.693;1331.887;405.693;283.829
3939;1;Los Espinos;final;1338.47;1924.359;1338.47;484.359;248.638
3940;1;El Conquistador;final;1231.254;1748.499;1231.254;308.499;295.94
3940.1;1;El Conquistador;final;1508.393;2606.194;68.393;1166.194;149.366
3941;1;El Conquistador;final;1210.155;1778.499;1210.155;338.499;245.475
3942;1;El Conquistador;final;1402.213;1808.499;1402.213;368.499;282.217
3943;1;El Conquistador;final;1413.901;1819.749;1413.901;379.749;302.924
3944;1;El Conquistador;final;1391.856;1830.999;1391.856;390.999;310.248
3944.1;1;El Conquistador;final;1420.226;2740.565;1420.226;1300.565;60.946
3945;1;El Conquistador;final;1136.768;1842.249;1136.768;402.249;207.819
3946;1;El Conquistador;final;1172.985;1853.499;1172.985;413.499;213.921
3947;1;El Conquistador;final;1375.985;1864.749;1375.985;424.749;306.62
3947.1;1;El Conquistador;final;1461.652;2790.731;21.652;1350.731;62.78
3948;1;El Conquistador;final;1344.121;1875.999;1344.121;435.999;268.441
3949;1;El Conquistador;final;1421.305;1887.249;1421.305;447.249;298.214
3950;1;El Conquistador;final;1459.221;1898.499;19.221;458.499;309.859
3950.1;1;El Conquistador;final;1554.316;2779.122;114.316;1339.122;99.121
3951;1;El Conquistador;final;1357.251;1913.499;1357.251;473.499;249.238
3952;1;El Conquistador;final;1410.788;1928.499;1410.788;488.499;268.131
3953;1;El Conquistador;final;1268.385;1958.499;1268.385;518.499;207.51
3954;1;El Conquistador;final;1260.688;1988.499;1260.688;548.499;203.747
3955;1;El Conquistador;final;505.016;1732.714;505.016;292.714;88.933
3956;1;El Conquistador;final;1163.035;1762.714;1163.035;322.714;224.641
3957;1;El Conquistador;final;1148.935;1775.564;1148.935;335.564;211.427
3958;1;El Conquistador;final;1302.43;1788.414;1302.43;348.414;284.238
3959;1;El Conquistador;final;1261.633;1801.264;1261.633;361.264;263.166
3960;1;El Conquistador;final;1296.701;1814.114;1296.701;374.114;311.879
3961;1;El Conquistador;final;1323.888;1912.714;1323.888;472.714;246.023
3962;1;El Conquistador;final;1446.499;1927.714;6.499;487.714;286.089
3962.1;1;El Conquistador;final;1540.966;2825.793;100.966;1385.793;73.414
3963;1;El Conquistador;final;1253.755;2460.814;1253.755;1020.814;78.593
3964;1;El Conquistador;final;1245.688;2482.714;1245.688;1042.714;78.593
3965;1;El Conquistador;final;1118.904;1413.284;1118.904;1413.284;291.32
3965.1;1;El Conquistador;final;1433.878;2500.861;1433.878;1060.861;147.698
3966;1;El Conquistador;final;827.05;1443.284;827.05;3.284;314.461
3966.1;1;El Conquistador;final;1298.078;2167.984;1298.078;727.984;192.787
3967;1;El Conquistador;final;813.411;1473.284;813.411;33.284;277.839
3967.1;1;El Conquistador;final;1181.946;2249.105;1181.946;809.105;111.966
3968;1;El Conquistador;final;1125.051;1635.284;1125.051;195.284;261.444
3968.1;1;El Conquistador;final;1317.979;2516.31;1317.979;1076.31;91.057
3969;1;El Conquistador;final;1203.424;1662.284;1203.424;222.284;304.2
3969.1;1;El Conquistador;final;1476.48;2629.848;36.48;1189.848;104.543
3970;1;El Conquistador;final;508.898;1689.284;508.898;249.284;112.064
3971;1;El Conquistador;final;1216.306;1743.284;1216.306;303.284;248.887
3971.1;1;El Conquistador;final;1458.133;2608.304;18.133;1168.304;144.141
3972;1;El Conquistador;final;1307.026;1753.284;1307.026;313.284;287.641
3972.1;1;El Conquistador;final;1372.605;2719.376;1372.605;1279.376;53.553
3973;1;El Conquistador;final;1254.425;1763.284;1254.425;323.284;264.007
3974;1;El Conquistador;final;1279.563;1773.284;1279.563;333.284;269.221
3975;1;El Conquistador;final;1331.525;1793.284;1331.525;353.284;288.256
3975.1;1;El Conquistador;final;1508.512;2733.234;68.512;1293.234;93.381
3976;1;El Conquistador;final;1357.225;1803.284;1357.225;363.284;269.514
3977;1;El Conquistador;final;595.113;1808.567;595.113;368.567;75.651
3978;1;El Conquistador;final;1248.643;1813.851;1248.643;373.851;244.749
3979;1;El Conquistador;final;1342.77;1819.134;1342.77;379.134;253.226
3980;1;El Conquistador;final;1422.021;1824.417;1422.021;384.417;292.168
3980.1;1;El Conquistador;final;1480.735;2751.552;40.735;1311.552;83.336
3981;1;El Conquistador;final;1463.949;1834.984;23.949;394.984;306.57
3982;1;El Conquistador;final;1469.839;1850.834;29.839;410.834;307.458
3983;1;El Conquistador;final;1305.253;1861.401;1305.253;421.401;273.271
3983.1;1;El Conquistador;final;1451.215;2708.499;11.215;1268.499;78.105
3984;1;El Conquistador;final;1261.175;1866.684;1261.175;426.684;219.435
3985;1;El Conquistador;final;1169.434;1871.967;1169.434;431.967;184.357
3986;1;El Conquistador;final;1311.347;1877.251;1311.347;437.251;238.168
3987;1;El Conquistador;final;1177.346;1882.534;1177.346;442.534;187.963
3988;1;El Conquistador;final;1179.792;1893.284;1179.792;453.284;180.255
3989;1;El Conquistador;final;1191.146;1911.284;1191.146;471.284;182.455
3990;1;El Conquistador;final;1514.38;1920.284;74.38;480.284;300.307
3991;1;El Conquistador;final;1380.569;1938.284;1380.569;498.284;268.389
3992;1;El Conquistador;final;675.747;1375.951;675.747;1375.951;306.292
3992.1;1;El Conquistador;final;1172.746;2065.166;1172.746;625.166;164.128
3993;1;El Conquistador;final;749.25;1405.951;749.25;1405.951;307.048
3993.1;1;El Conquistador;final;1267.841;2147.933;1267.841;707.933;178.11
3994;1;El Conquistador;final;810.609;1435.951;810.609;1435.951;247.411
3994.1;1;El Conquistador;final;1560.297;2242.034;120.297;802.034;264.964
3995;1;El Conquistador;final;1143.579;1516.951;1143.579;76.951;313.535
3995.1;1;El Conquistador;final;1276.425;2453.881;1276.425;1013.881;93.458
3996;1;El Conquistador;final;494.199;1735.951;494.199;295.951;81.606
3997;1;El Conquistador;final;1259.434;1765.951;1259.434;325.951;278.7
3998;1;El Conquistador;final;1359.563;1772.367;1359.563;332.367;289.116
3998.1;1;El Conquistador;final;1483.063;2745.596;43.063;1305.596;82.337
3999;1;El Conquistador;final;1201.306;1778.784;1201.306;338.784;264.626
3999.1;1;El Conquistador;final;1459.101;2605.38;19.101;1165.38;117.975
4000;1;El Conquistador;final;1278.919;1785.201;1278.919;345.201;306.438
4000.1;1;El Conquistador;final;1481.305;2682.03;41.305;1242.03;100.998
4001;1;El Conquistador;final;1284.803;1791.617;1284.803;351.617;310.894
4001.1;1;El Conquistador;final;1349.226;2595.861;1349.226;1155.861;86.44
4002;1;El Conquistador;final;1290.059;1798.034;1290.059;358.034;277.55
4002.1;1;El Conquistador;final;1501.851;2693.28;61.851;1253.28;104.761
4003;1;El Conquistador;final;1271.892;1804.451;1271.892;364.451;271.557
4004;1;El Conquistador;final;1170.025;1810.867;1170.025;370.867;246.883
4005;1;El Conquistador;final;1197.295;1817.284;1197.295;377.284;238.882
4006;1;El Conquistador;final;1275.555;1823.701;1275.555;383.701;259.284
4007;1;El Conquistador;final;1291.175;1830.117;1291.175;390.117;283.492
4008;1;El Conquistador;final;1362.395;1855.784;1362.395;415.784;284.877
4009;1;El Conquistador;final;1357.702;1855.951;1357.702;415.951;298.543
4010;1;El Conquistador;final;1295.963;1891.951;1295.963;451.951;259.148
4011;1;El Conquistador;final;1392.509;1900.951;1392.509;460.951;277.473
4012;1;El Conquistador;final;1312.896;1909.951;1312.896;469.951;235.36
4013;1;La Reina;final;1332.25;1762.477;1332.25;322.477;262.017
4014;1;La Reina;final;1392.662;1772.477;1392.662;332.477;314.314
4014.1;1;La Reina;final;1441.414;2798.355;1.414;1358.355;39.415
4015;1;La Reina;final;1192.696;1782.477;1192.696;342.477;244.597
4016;1;La Reina;final;1341.463;1852.477;1341.463;412.477;277.012
4017;1;La Reina;final;1348.946;1758.355;1348.946;318.355;307.858
4017.1;1;La Reina;final;1444.885;2764.893;4.885;1324.893;51.886
4018;1;La Reina;final;1303.254;1768.355;1303.254;328.355;286.325
4019;1;La Reina;final;1378.946;1778.355;1378.946;338.355;309.777
4020;1;La Reina;final;1321.796;1788.355;1321.796;348.355;278.968
4020.1;1;La Reina;final;1460.786;2727.105;20.786;1287.105;78.178
4021;1;La Reina;final;1245.896;1808.355;1245.896;368.355;250.261
4022;1;La Reina;final;560.93;1822.188;560.93;382.188;68.837
4023;1;La Reina;final;602.43;1863.688;602.43;423.688;68.837
4024;1;La Reina;final;1269.17;1884.438;1269.17;444.438;234.167
4025;1;La Reina;final;1404.679;1898.355;1404.679;458.355;289.433
4026;1;El Conquistador;final;626.063;1406.61;626.063;1406.61;271.3
4026.1;1;El Conquistador;final;1272.896;2030.963;1272.896;590.963;189.141
4027;1;El Conquistador;final;808.651;1436.61;808.651;1436.61;273.202
4027.1;1;El Conquistador;final;1359.118;2223.882;1359.118;783.882;181.106
4028;1;El Conquistador;final;845.208;1466.61;845.208;26.61;304.191
4028.1;1;El Conquistador;final;1548.171;2292.743;108.171;852.743;232.944
4029;1;El Conquistador;final;488.195;1375.233;488.195;1375.233;255.921
4029.1;1;El Conquistador;final;1394.213;1875.243;1394.213;435.243;289.612
4030;1;El Conquistador;final;659.651;1405.233;659.651;1405.233;274.922
4030.1;1;El Conquistador;final;1335.688;2098.28;1335.688;658.28;195.002
4031;1;El Conquistador;final;641.628;1435.233;641.628;1435.233;261.412
4031.1;1;El Conquistador;final;1508.375;2051.105;68.375;611.105;293.234
4032;1;El Conquistador;final;1297.251;1743.284;1297.251;303.284;285.33
4033;1;El Conquistador;final;1336.978;1758.284;1336.978;318.284;311.475
4033.1;1;El Conquistador;final;1469.619;2725.606;29.619;1285.606;83.851
4034;1;El Conquistador;final;1371.525;1788.284;1371.525;348.284;303.187
4035;1;El Conquistador;final;1350.291;1803.284;1350.291;363.284;298.079
4036;1;El Conquistador;final;1271.559;1818.284;1271.559;378.284;265.109
4037;1;El Conquistador;final;1242.059;1833.284;1242.059;393.284;267.793
4037.1;1;El Conquistador;final;1387.603;2643.217;1387.603;1203.217;85.393
4038;1;El Conquistador;final;1303.15;1848.284;1303.15;408.284;266.74
4039;1;El Conquistador;final;1270.662;1863.284;1270.662;423.284;265.0
4040;1;El Conquistador;final;1258.593;1893.284;1258.593;453.284;235.622
4041;1;El Conquistador;final;1261.051;1938.284;1261.051;498.284;227.842
4042;1;El Conquistador;final;1133.826;1800.861;1133.826;360.861;254.65
4043;1;Los Espinos;final;1322.127;1725.408;1322.127;285.408;201.279
4044;1;Los Espinos;final;1492.684;1740.408;52.684;300.408;292.799
4045;1;Los Espinos;final;1239.965;1755.408;1239.965;315.408;149.44
4046;1;Los Espinos;final;1269.965;1770.408;1269.965;330.408;149.44
4047;1;Los Espinos;final;1263.648;1785.408;1263.648;345.408;149.44
4048;1;Los Espinos;final;1547.794;1803.408;107.794;363.408;270.785
4049;1;Los Espinos;final;1297.915;1821.408;1297.915;381.408;149.44
4050;1;Los Espinos;final;1315.048;1839.408;1315.048;399.408;149.44
4051;1;Los Espinos;final;1575.431;1875.408;135.431;435.408;247.114
4052;1;Los Espinos;final;1383.581;2599.177;1383.581;1159.177;107.217
4053;1;El Conquistador;final;1245.301;1761.293;1245.301;321.293;309.655
4053.1;1;El Conquistador;final;1322.539;2644.978;1322.539;1204.978;51.499
4054;1;El Conquistador;final;1228.168;1818.293;1228.168;378.293;294.961
4054.1;1;El Conquistador;final;1370.651;2627.352;1370.651;1187.352;73.038
4055;1;El Conquistador;final;1269.928;1769.817;1269.928;329.817;295.567
4055.1;1;El Conquistador;final;1397.619;2648.506;1397.619;1208.506;83.851
4056;1;El Conquistador;final;1204.023;1809.817;1204.023;369.817;314.954
4056.1;1;El Conquistador;final;1550.388;2560.565;110.388;1120.565;224.27
4057;1;El Conquistador;final;1117.898;1818.817;1117.898;378.817;295.889
4057.1;1;El Conquistador;final;1346.801;2529.902;1346.801;1089.902;131.449
4058;1;El Conquistador;final;493.759;1827.817;493.759;387.817;53.028
4059;1;El Conquistador;final;1145.743;1836.817;1145.743;396.817;313.635
4059.1;1;El Conquistador;final;1187.412;2557.203;1187.412;1117.203;30.755
4060;1;La Reina;final;537.928;1364.276;537.928;1364.276;303.344
4060.1;1;La Reina;final;1255.402;1836.776;1255.402;396.776;231.822
4061;1;La Reina;final;475.882;1394.276;475.882;1394.276;259.034
4061.1;1;La Reina;final;1391.868;1856.258;1391.868;416.258;311.129
4061.2;1;La Reina;final;1478.452;2751.304;38.452;1311.304;74.601
4062;1;La Reina;final;573.928;1424.276;573.928;1424.276;303.344
4062.1;1;La Reina;final;1213.3;1871.276;1213.3;431.276;260.495
4062.2;1;La Reina;final;1421.212;2595.353;1421.212;1155.353;106.986
4063;1;La Reina;final;587.631;1440.142;587.631;0.142;264.235
4063.1;1;La Reina;final;1330.722;1977.777;1330.722;537.777;213.038
4064;1;La Reina;final;575.631;1456.009;575.631;16.009;278.167
4064.1;1;La Reina;final;1296.115;1962.777;1296.115;522.777;233.035
4065;1;La Reina;final;784.315;1487.742;784.315;47.742;298.669
4065.1;1;La Reina;final;1410.15;2223.11;1410.15;783.11;219.61
4066;1;La Reina;final;785.078;1519.476;785.078;79.476;303.344
4066.1;1;La Reina;final;1288.8;2084.276;1288.8;644.276;225.842
4067;1;La Reina;final;759.027;1567.076;759.027;127.076;301.812
4067.1;1;La Reina;final;1124.168;2177.521;1124.168;737.521;103.327
4068;1;La Reina;final;827.412;1598.809;827.412;158.809;279.675
4068.1;1;La Reina;final;1469.645;2124.276;29.645;684.276;279.675
4069;1;La Reina;final;1184.672;1646.409;1184.672;206.409;300.615
4069.1;1;La Reina;final;1261.505;2612.658;1261.505;1172.658;25.757
4070;1;La Reina;final;1190.641;1678.142;1190.641;238.142;287.835
4071;1;La Reina;final;1166.014;1694.276;1166.014;254.276;304.819
4071.1;1;La Reina;final;1462.305;2532.021;22.305;1092.021;150.063
4072;1;La Reina;final;1276.069;1701.776;1276.069;261.776;300.709
4072.1;1;La Reina;final;1377.185;2683.948;1377.185;1243.948;55.459
4073;1;La Reina;final;1197.585;1716.776;1197.585;276.776;295.118
4073.1;1;La Reina;final;1361.728;2606.498;1361.728;1166.498;79.864
4074;1;La Reina;final;1264.71;1724.276;1264.71;284.276;290.057
4074.1;1;La Reina;final;1412.45;2663.856;1412.45;1223.856;90.926
4075;1;La Reina;final;1174.795;1731.776;1174.795;291.776;303.344
4075.1;1;La Reina;final;1540.248;2474.276;100.248;1034.276;221.812
4076;1;La Reina;final;1194.795;1746.776;1194.795;306.776;303.344
4076.1;1;La Reina;final;1299.7;2496.076;1299.7;1056.076;108.09
4077;1;La Reina;final;1252.165;1754.276;1252.165;314.276;151.426
4078;1;La Reina;final;1212.069;1761.776;1212.069;321.776;294.796
4078.1;1;La Reina;final;1470.829;2620.198;30.829;1180.198;122.256
4079;1;La Reina;final;1236.069;1776.776;1236.069;336.776;294.796
4079.1;1;La Reina;final;1305.478;2650.198;1305.478;1210.198;45.211
4080;1;La Reina;final;1159.906;1784.276;1159.906;344.276;284.789
4081;1;La Reina;final;1312.935;1791.776;1312.935;351.776;280.735
4081.1;1;La Reina;final;1509.071;2722.198;69.071;1282.198;97.509
4082;1;La Reina;final;1181.516;1799.276;1181.516;359.276;260.173
4082.1;1;La Reina;final;1391.212;2565.353;1391.212;1125.353;106.986
4083;1;La Reina;final;1148.235;1806.776;1148.235;366.776;216.822
4084;1;La Reina;final;1312.595;1814.276;1312.595;374.276;303.023
4084.1;1;La Reina;final;1545.812;2609.276;105.812;1169.276;185.593
4085;1;La Reina;final;1397.719;1829.276;1397.719;389.276;310.903
4085.1;1;La Reina;final;1483.6;2808.731;43.6;1368.731;55.563
4086;1;La Reina;final;1303.538;1844.276;1303.538;404.276;307.348
4086.1;1;La Reina;final;1474.3;2670.92;34.3;1230.92;88.909
4087;1;La Reina;final;1346.862;1880.276;1346.862;440.276;303.344
4088;1;La Reina;final;1235.1;1889.276;1235.1;449.276;260.495
4088.1;1;La Reina;final;1441.212;2615.353;1.212;1175.353;106.986
4089;1;La Reina;final;1246.0;1898.276;1246.0;458.276;260.495
4089.1;1;La Reina;final;1451.212;2625.353;11.212;1185.353;106.986
4090;1;La Reina;final;1184.785;1934.276;1184.785;494.276;209.304
4091;1;La Reina;final;1386.9;2164.276;1386.9;724.276;225.842
4092;1;La Reina;final;1351.485;2365.176;1351.485;925.176;157.714
4093;1;La Reina;final;1256.452;2376.076;1256.452;936.076;117.937
4094;1;La Reina;final;1500.812;2539.676;60.812;1099.676;185.593
4095;1;La Reina;final;1354.2;2550.576;1354.2;1110.576;108.09
4096;1;La Reina;final;574.51;1405.353;574.51;1405.353;297.008
4096.1;1;La Reina;final;1282.123;1977.927;1282.123;537.927;270.909
4097;1;La Reina;final;753.902;1435.353;753.902;1435.353;314.611
4097.1;1;La Reina;final;1439.645;2170.031;1439.645;730.031;235.742
4098;1;La Reina;final;788.267;1465.353;788.267;25.353;314.393
4098.1;1;La Reina;final;1365.1;2193.021;1365.1;753.021;198.408
4099;1;La Reina;final;868.033;1492.353;868.033;52.353;314.393
4099.1;1;La Reina;final;1372.978;2268.017;1372.978;828.017;174.151
4100;1;La Reina;final;1251.116;1759.353;1251.116;319.353;299.639
4100.1;1;La Reina;final;1429.645;2635.353;1429.645;1195.353;106.986
4101;1;La Reina;final;1227.181;1771.353;1227.181;331.353;302.63
4101.1;1;La Reina;final;1461.55;2613.777;21.55;1173.777;115.791
4102;1;La Reina;final;1184.519;1796.258;1184.519;356.258;272.96
4103;1;La Reina;final;1196.054;1806.258;1196.054;366.258;257.69
4104;1;La Reina;final;1192.165;1816.258;1192.165;376.258;273.637
4105;1;La Reina;final;1200.452;1826.258;1200.452;386.258;272.96
4106;1;La Reina;final;1278.7;1836.258;1278.7;396.258;297.766
4106.1;1;La Reina;final;1527.266;2665.353;87.266;1225.353;147.235
4107;1;La Reina;final;1309.866;1846.258;1309.866;406.258;279.22
4108;1;La Reina;final;1282.165;1885.353;1282.165;445.353;243.483
4109;1;Vespucio Norte;final;1192.912;1761.654;1192.912;321.654;294.158
4109.1;1;Vespucio Norte;final;1428.562;2625.654;1428.562;1185.654;99.273
4110;1;Vespucio Norte;final;1216.246;1770.221;1216.246;330.221;294.158
4110.1;1;Vespucio Norte;final;1354.348;2649.654;1354.348;1209.654;49.971
4111;1;Vespucio Norte;final;1236.246;1787.354;1236.246;347.354;294.158
4111.1;1;Vespucio Norte;final;1403.709;2675.107;1403.709;1235.107;69.266
4112;1;Vespucio Norte;final;1274.964;1795.921;1274.964;355.921;309.818
4113;1;Vespucio Norte;final;1247.191;1813.054;1247.191;373.054;286.438
4114;1;Vespucio Norte;final;1167.079;1821.654;1167.079;381.654;265.095
4114.1;1;Vespucio Norte;final;1326.379;2601.654;1326.379;1161.654;69.951
4115;1;Vespucio Norte;final;1387.493;1839.654;1387.493;399.654;282.439
4116;1;Vespucio Norte;intermedia;599.279;611.0;599.279;611.0;258.17
4116;2;Vespucio Norte;intermedia;784.129;816.0;784.129;816.0;69.951
4116;3;Vespucio Norte;final;1132.812;1377.521;1132.812;1377.521;99.273
4116.1;1;Vespucio Norte;final;1428.408;2565.654;1428.408;1125.654;127.192
4117;1;Vespucio Norte;final;508.729;1407.521;508.729;1407.521;271.991
4117.1;1;Vespucio Norte;final;1388.562;1941.654;1388.562;501.654;287.84
4117.2;1;Vespucio Norte;final;1507.375;2823.654;67.375;1383.654;62.231
4118;1;Vespucio Norte;intermedia;871.346;894.0;871.346;894.0;287.233
4118;2;Vespucio Norte;final;1150.548;1437.521;1150.548;1437.521;73.936
4119;1;Vespucio Norte;final;1300.068;1752.521;1300.068;312.521;310.816
4119.1;1;Vespucio Norte;final;1337.148;2678.564;1337.148;1238.564;39.517
4120;1;Vespucio Norte;final;1192.779;1767.521;1192.779;327.521;287.233
4120.1;1;Vespucio Norte;final;1335.496;2632.396;1335.496;1192.396;62.752
4121;1;Vespucio Norte;final;1232.362;1898.354;1232.362;458.354;251.593
4122;1;Vespucio Norte;final;1473.239;2410.354;33.239;970.354;195.275
4123;1;Vespucio Norte;final;1483.375;2453.187;43.375;1013.187;178.911
4124;1;Vespucio Norte;final;1429.877;2470.321;1429.877;1030.321;154.909
4125;1;Vespucio Norte;final;1455.109;2487.521;15.109;1047.521;157.968
4126;1;Vespucio Norte;final;1480.809;2497.521;40.809;1057.521;157.968
4127;1;Vespucio Norte;final;1350.179;2557.521;1350.179;1117.521;92.348
4128;1;Vespucio Norte;final;1018.917;1427.76;1018.917;1427.76;309.436
4128.1;1;Vespucio Norte;final;1331.711;2440.761;1331.711;1000.761;121.16
4129;1;Vespucio Norte;final;874.452;1457.76;874.452;17.76;288.441
4129.1;1;Vespucio Norte;final;1184.542;2309.998;1184.542;869.998;121.061
4130;1;Vespucio Norte;final;1378.049;1757.76;1378.049;317.76;310.214
4131;1;Vespucio Norte;final;1268.046;1769.76;1268.046;329.76;263.465
4132;1;Vespucio Norte;final;1393.049;1781.76;1393.049;341.76;308.196
4132.1;1;Vespucio Norte;final;1466.349;2816.294;26.349;1376.294;43.105
4133;1;Vespucio Norte;final;1236.115;1793.76;1236.115;353.76;245.157
4134;1;Vespucio Norte;final;1331.454;1805.76;1331.454;365.76;269.265
4135;1;Vespucio Norte;final;1366.465;1817.76;1366.465;377.76;267.199
4136;1;Vespucio Norte;final;1432.082;1827.76;1432.082;387.76;293.261
4136.1;1;Vespucio Norte;final;1512.887;2867.694;72.887;1427.694;38.855
4137;1;Vespucio Norte;final;1379.315;1857.76;1379.315;417.76;273.515
4138;1;Vespucio Norte;final;1236.371;1897.76;1236.371;457.76;201.911
4139;1;Vespucio Norte;final;1500.615;1907.76;60.615;467.76;310.222
4140;1;Vespucio Norte;final;1281.699;1920.61;1281.699;480.61;212.493
4141;1;Vespucio Norte;final;1303.247;1766.707;1303.247;326.707;275.445
4142;1;Vespucio Norte;final;1152.214;1778.707;1152.214;338.707;216.186
4143;1;Vespucio Norte;final;1258.247;1790.707;1258.247;350.707;257.136
4144;1;Vespucio Norte;final;1297.778;1802.707;1297.778;362.707;281.615
4145;1;Vespucio Norte;final;1438.011;1827.557;1438.011;387.557;313.226
4146;1;Vespucio Norte;final;1212.214;1840.407;1212.214;400.407;216.186
4147;1;Vespucio Norte;final;1348.247;1853.257;1348.247;413.257;257.136
4148;1;Vespucio Norte;final;1346.847;1866.107;1346.847;426.107;257.136
4149;1;Vespucio Norte;final;1248.214;1878.957;1248.214;438.957;216.186
4150;1;Vespucio Norte;final;1243.247;1891.807;1243.247;451.807;216.186
4151;1;Vespucio Norte;final;1376.847;1904.707;1376.847;464.707;257.136
4152;1;Vespucio Norte;final;864.697;1424.707;864.697;1424.707;305.773
4152.1;1;Vespucio Norte;final;1333.247;2294.707;1333.247;854.707;134.286
4153;1;Vespucio Norte;final;1142.426;1454.707;1142.426;14.707;298.987
4153.1;1;Vespucio Norte;final;1510.376;2551.798;70.376;1111.798;163.38
4154;1;Vespucio Norte;final;1123.23;1484.707;1123.23;44.707;260.173
4155;1;El Conquistador;intermedia;846.12;862.0;846.12;862.0;286.344
4155;2;El Conquistador;final;1053.588;1469.779;1053.588;29.779;73.406
4155.1;1;El Conquistador;final;1293.971;2372.708;1293.971;932.708;131.362
4156;1;El Conquistador;final;1156.917;1649.779;1156.917;209.779;281.919
4156.1;1;El Conquistador;final;1392.117;2543.779;1392.117;1103.779;125.916
4157;1;El Conquistador;final;1241.084;1748.346;1241.084;308.346;279.403
4157.1;1;El Conquistador;final;1502.939;2629.779;62.939;1189.779;125.842
4158;1;El Conquistador;final;1284.665;1756.912;1284.665;316.912;279.448
4159;1;El Conquistador;final;1318.417;1765.479;1318.417;325.479;279.076
4160;1;El Conquistador;final;1356.048;1774.046;1356.048;334.046;298.145
4160.1;1;El Conquistador;final;1534.715;2777.039;94.715;1337.039;76.911
4161;1;El Conquistador;final;1368.767;1791.179;1368.767;351.179;302.812
4162;1;El Conquistador;final;1389.572;1799.746;1389.572;359.746;305.58
4162.1;1;El Conquistador;final;1466.117;2738.335;26.117;1298.335;75.674
4163;1;El Conquistador;final;1342.417;1799.779;1342.417;359.779;279.076
4163.1;1;El Conquistador;final;1443.417;2729.779;3.417;1289.779;74.198
4164;1;El Conquistador;final;1284.767;1807.946;1284.767;367.946;276.561
4165;1;El Conquistador;final;1374.941;1816.112;1374.941;376.112;289.489
4166;1;El Conquistador;final;1279.389;1824.279;1279.389;384.279;277.598
4167;1;El Conquistador;final;1311.865;1832.446;1311.865;392.446;270.627
4167.1;1;El Conquistador;final;1537.408;2707.534;97.408;1267.534;119.673
4168;1;El Conquistador;final;1269.717;1840.612;1269.717;400.612;230.201
4169;1;El Conquistador;final;1272.767;1848.779;1272.767;408.779;253.936
4170;1;El Conquistador;final;1352.667;1856.946;1352.667;416.946;279.403
4171;1;El Conquistador;final;1434.572;1865.112;1434.572;425.112;303.294
4171.1;1;El Conquistador;final;1500.384;2772.602;60.384;1332.602;75.674
4172;1;El Conquistador;final;1294.417;1873.279;1294.417;433.279;230.201
4173;1;El Conquistador;final;1302.417;1889.779;1302.417;449.779;253.936
4174;1;El Conquistador;final;1342.146;1938.779;1342.146;498.779;267.18
4175;1;Vespucio Norte;final;934.351;1492.163;934.351;52.163;295.827
4175.1;1;Vespucio Norte;final;1255.689;2397.829;1255.689;957.829;96.05
4176;1;Vespucio Norte;final;1302.936;1762.938;1302.936;322.938;258.593
4177;1;Vespucio Norte;final;1360.122;1774.938;1360.122;334.938;245.696
4178;1;Vespucio Norte;final;1211.736;1786.938;1211.736;346.938;258.909
4179;1;Vespucio Norte;final;1343.805;1798.938;1343.805;358.938;286.612
4179.1;1;Vespucio Norte;final;1485.561;2726.119;45.561;1286.119;99.036
4180;1;Vespucio Norte;final;1314.11;1810.938;1314.11;370.938;295.397
4180.1;1;Vespucio Norte;final;1460.011;2733.186;20.011;1293.186;79.147
4181;1;Vespucio Norte;final;1337.677;1837.163;1337.677;397.163;270.298
4182;1;Vespucio Norte;final;1168.028;1852.163;1168.028;412.163;228.451
4183;1;Vespucio Norte;final;1409.328;1867.163;1409.328;427.163;275.66
4184;1;Vespucio Norte;final;1315.563;1762.415;1315.563;322.415;309.309
4184.1;1;Vespucio Norte;final;1461.189;2752.163;21.189;1312.163;60.06
4185;1;Vespucio Norte;final;1234.329;1774.415;1234.329;334.415;295.638
4186;1;Vespucio Norte;final;1368.517;1786.415;1368.517;346.415;294.54
4186.1;1;Vespucio Norte;final;1451.317;2774.761;11.317;1334.761;56.123
4187;1;Vespucio Norte;final;1321.242;1798.415;1321.242;358.415;314.528
4187.1;1;Vespucio Norte;final;1436.702;2739.998;1436.702;1299.998;58.893
4188;1;Vespucio Norte;final;1335.763;1852.415;1335.763;412.415;262.33
4189;1;Vespucio Norte;final;1347.764;1862.415;1347.764;422.415;300.955
4189.1;1;Vespucio Norte;final;1524.717;2786.524;84.717;1346.524;79.378
4190;1;Vespucio Norte;final;1265.311;1882.415;1265.311;442.415;265.152
4191;1;Vespucio Norte;final;1384.689;1756.11;1384.689;316.11;309.064
4191.1;1;Vespucio Norte;final;1538.789;2766.119;98.789;1326.119;100.864
4192;1;Vespucio Norte;final;1364.646;1768.11;1364.646;328.11;304.276
4193;1;Vespucio Norte;final;799.945;1780.11;799.945;340.11;140.344
4194;1;Vespucio Norte;final;1472.278;1792.11;32.278;352.11;304.82
4195;1;Vespucio Norte;final;1121.448;1804.11;1121.448;364.11;212.551
4196;1;Vespucio Norte;final;1183.581;1844.11;1183.581;404.11;220.976
4197;1;Vespucio Norte;final;1238.346;1750.773;1238.346;310.773;308.617
4198;1;Vespucio Norte;final;1331.45;1760.773;1331.45;320.773;308.629
4198.1;1;Vespucio Norte;final;1402.71;2734.832;1402.71;1294.832;52.114
4199;1;Vespucio Norte;final;1419.229;1770.773;1419.229;330.773;294.117
4199.1;1;Vespucio Norte;final;1522.029;2854.963;82.029;1414.963;51.221
4200;1;Vespucio Norte;final;1391.331;1780.773;1391.331;340.773;307.69
4200.1;1;Vespucio Norte;final;1434.348;2830.266;1434.348;1390.266;20.465
4201;1;Vespucio Norte;final;1364.798;1790.773;1364.798;350.773;263.596
4202;1;Vespucio Norte;final;1353.515;1800.773;1353.515;360.773;302.467
4203;1;Vespucio Norte;final;1285.939;1810.773;1285.939;370.773;275.773
4204;1;Vespucio Norte;final;1264.328;1822.023;1264.328;382.023;214.3
4205;1;Vespucio Norte;final;1278.268;1833.273;1278.268;393.273;262.531
4206;1;Vespucio Norte;final;1339.445;1878.273;1339.445;438.273;266.706
4207;1;Vespucio Norte;final;1325.379;1889.523;1325.379;449.523;270.227
4208;1;Vespucio Norte;final;1379.328;1900.773;1379.328;460.773;288.405
4209;1;Vespucio Norte;final;1265.27;2510.773;1265.27;1070.773;61.411
4210;1;Vespucio Norte;final;1086.798;1468.684;1086.798;28.684;297.353
4210.1;1;Vespucio Norte;final;1317.145;2504.436;1317.145;1064.436;83.241
4211;1;Vespucio Norte;final;1230.626;1738.684;1230.626;298.684;304.727
4211.1;1;Vespucio Norte;final;1346.942;2639.998;1346.942;1199.998;68.421
4212;1;Vespucio Norte;final;1193.759;1748.684;1193.759;308.684;298.19
4212.1;1;Vespucio Norte;final;1475.236;2602.773;35.236;1162.773;124.142
4213;1;Vespucio Norte;final;1261.055;1758.684;1261.055;318.684;290.505
4214;1;Vespucio Norte;final;1291.798;1768.684;1291.798;328.684;272.941
4215;1;Vespucio Norte;final;1176.811;1778.684;1176.811;338.684;251.013
4216;1;Vespucio Norte;final;1187.736;1788.684;1187.736;348.684;246.584
4217;1;Vespucio Norte;final;1384.445;1798.684;1384.445;358.684;306.437
4218;1;Vespucio Norte;final;1198.578;1808.684;1198.578;368.684;238.235
4219;1;Vespucio Norte;final;1369.445;1818.684;1369.445;378.684;295.629
4219.1;1;Vespucio Norte;final;1450.045;2780.671;10.045;1340.671;49.487
4220;1;Vespucio Norte;final;1378.711;1828.684;1378.711;388.684;292.927
4221;1;Vespucio Norte;final;1392.655;1838.684;1392.655;398.684;311.168
4221.1;1;Vespucio Norte;final;1477.781;2776.024;37.781;1336.024;65.953
4222;1;Vespucio Norte;final;1421.695;1848.684;1421.695;408.684;301.92
4222.1;1;Vespucio Norte;final;1473.179;2808.684;33.179;1368.684;48.239
4223;1;Vespucio Norte;final;1349.178;1858.684;1349.178;418.684;263.278
4224;1;Vespucio Norte;final;1350.811;1868.684;1350.811;428.684;280.618
4225;1;Vespucio Norte;final;1451.922;1878.684;11.922;438.684;304.533
4226;1;Vespucio Norte;final;1176.736;1888.684;1176.736;448.684;193.034
4227;1;Vespucio Norte;final;1193.27;2518.684;1193.27;1078.684;43.243
4228;1;Vespucio Norte;final;1162.329;1762.724;1162.329;322.724;267.668
4229;1;Vespucio Norte;final;1304.622;1774.724;1304.622;334.724;303.721
4230;1;Vespucio Norte;final;1376.711;1786.724;1376.711;346.724;313.211
4231;1;Vespucio Norte;final;1307.246;1798.724;1307.246;358.724;299.239
4231.1;1;Vespucio Norte;final;1459.967;2752.372;19.967;1312.372;70.51
4232;1;Vespucio Norte;final;1257.417;1810.724;1257.417;370.724;287.172
4232.1;1;Vespucio Norte;final;1425.763;2662.33;1425.763;1222.33;92.046
4233;1;Vespucio Norte;final;1273.948;1822.593;1273.948;382.593;272.416
4234;1;Vespucio Norte;final;1375.522;1838.926;1375.522;398.926;291.341
4234.1;1;Vespucio Norte;final;1493.789;2756.119;53.789;1316.119;87.4
4235;1;Vespucio Norte;final;1392.417;1863.426;1392.417;423.426;284.281
4236;1;Vespucio Norte;final;1419.967;1871.593;1419.967;431.593;307.393
4236.1;1;Vespucio Norte;final;1476.702;2834.973;36.702;1394.973;38.951
4237;1;Vespucio Norte;final;1456.702;1912.426;16.702;472.426;274.109
4238;1;Vespucio Norte;final;1427.283;1912.593;1427.283;472.593;304.306
4238.1;1;Vespucio Norte;final;1512.478;2840.773;72.478;1400.773;52.633
4239;1;Vespucio Norte;final;1154.163;2522.593;1154.163;1082.593;26.733
4240;1;Vespucio Norte;final;1365.163;2542.593;1365.163;1102.593;104.666
4241;1;Vespucio Norte;final;1226.679;1408.024;1226.679;1408.024;311.105
4241.1;1;Vespucio Norte;final;1372.972;2609.054;1372.972;1169.054;90.79
4242;1;Vespucio Norte;final;1301.27;1738.024;1301.27;298.024;280.873
4243;1;Vespucio Norte;final;1321.972;1750.024;1321.972;310.024;306.43
4243.1;1;Vespucio Norte;final;1482.636;2703.619;42.636;1263.619;102.249
4244;1;Vespucio Norte;final;1233.095;1762.024;1233.095;322.024;258.562
4245;1;Vespucio Norte;final;1209.145;1774.024;1209.145;334.024;263.405
4246;1;Vespucio Norte;final;1232.561;1786.024;1232.561;346.024;264.982
4247;1;Vespucio Norte;final;1371.164;1798.024;1371.164;358.024;310.456
4248;1;Vespucio Norte;final;1360.001;1818.024;1360.001;378.024;290.324
4248.1;1;Vespucio Norte;final;1476.826;2769.998;36.826;1329.998;68.421
4249;1;Vespucio Norte;final;784.061;1838.024;784.061;398.024;123.701
4250;1;Vespucio Norte;final;1336.748;1848.024;1336.748;408.024;259.67
4251;1;Vespucio Norte;final;1386.295;1888.024;1386.295;448.024;282.441
4252;1;Vespucio Norte;final;1221.336;1771.787;1221.336;331.787;227.859
4253;1;Vespucio Norte;final;1160.446;1783.787;1160.446;343.787;168.21
4254;1;Vespucio Norte;final;1291.868;1849.787;1291.868;409.787;267.882
4255;1;El Conquistador;final;905.689;1466.63;905.689;26.63;296.546
4255.1;1;El Conquistador;final;1292.11;2310.88;1292.11;870.88;164.641
4256;1;El Conquistador;final;1133.244;1601.63;1133.244;161.63;314.806
4256.1;1;El Conquistador;final;1398.06;2503.39;1398.06;1063.39;142.708
4257;1;El Conquistador;final;1317.777;1736.63;1317.777;296.63;314.51
4257.1;1;El Conquistador;final;1405.388;2655.89;1405.388;1215.89;86.36
4258;1;El Conquistador;final;1280.421;1766.63;1280.421;326.63;298.006
4258.1;1;El Conquistador;final;1396.889;2664.451;1396.889;1224.451;81.141
4259;1;El Conquistador;final;1305.506;1781.63;1305.506;341.63;296.702
4260;1;El Conquistador;final;1358.145;1796.63;1358.145;356.63;291.503
4261;1;El Conquistador;final;1378.977;1811.63;1378.977;371.63;314.37
4262;1;El Conquistador;final;1327.039;1826.63;1327.039;386.63;296.999
4262.1;1;El Conquistador;final;1400.839;2708.63;1400.839;1268.63;67.285
4263;1;El Conquistador;final;1387.919;1841.63;1387.919;401.63;307.056
4263.1;1;El Conquistador;final;1502.418;2787.552;62.418;1347.552;73.038
4264;1;Vespucio Norte;final;1311.283;1761.654;1311.283;321.654;294.701
4264.1;1;Vespucio Norte;final;1491.317;2716.761;51.317;1276.761;92.64
4265;1;Vespucio Norte;final;1353.408;1773.654;1353.408;333.654;309.7
4265.1;1;Vespucio Norte;final;1448.562;2684.621;8.562;1244.621;92.348
4266;1;Vespucio Norte;final;1256.362;1785.654;1256.362;345.654;287.84
4267;1;Vespucio Norte;final;1124.911;1797.654;1124.911;357.654;218.289
4268;1;Vespucio Norte;final;1209.912;1809.654;1209.912;369.654;258.777
4268.1;1;Vespucio Norte;final;1468.562;2649.654;28.562;1209.654;99.273
4269;1;Vespucio Norte;final;1327.764;1821.654;1327.764;381.654;277.154
4270;1;Vespucio Norte;final;1175.646;1847.354;1175.646;407.354;222.878
4271;1;Vespucio Norte;final;1396.479;1860.204;1396.479;420.204;300.521
4271.1;1;Vespucio Norte;final;1456.831;2832.07;16.831;1392.07;34.691
4272;1;Vespucio Norte;final;1306.264;1784.33;1306.264;344.33;277.253
4273;1;Vespucio Norte;final;1151.978;1868.58;1151.978;428.58;202.831
4274;1;Vespucio Norte;final;1275.255;1468.684;1275.255;28.684;297.093
4275;1;Vespucio Norte;final;1296.272;1603.684;1296.272;163.684;292.917
4275.1;1;Vespucio Norte;final;1410.389;2674.669;1410.389;1234.669;85.152
4276;1;Vespucio Norte;final;1238.445;1738.684;1238.445;298.684;271.644
4277;1;Vespucio Norte;final;839.245;1750.684;839.245;310.684;174.517
4278;1;Vespucio Norte;final;1358.622;1762.684;1358.622;322.684;295.958
4279;1;Vespucio Norte;final;1378.001;1774.684;1378.001;334.684;290.722
4279.1;1;Vespucio Norte;final;1442.645;2774.33;2.645;1334.33;49.002
4280;1;Vespucio Norte;final;1350.517;1786.684;1350.517;346.684;308.756
4280.1;1;Vespucio Norte;final;1467.283;2754.973;27.283;1314.973;62.633
4281;1;Vespucio Norte;final;1276.161;1798.684;1276.161;358.684;268.108
4282;1;Vespucio Norte;final;1198.581;1809.934;1198.581;369.934;237.19
4283;1;Vespucio Norte;final;1345.563;1821.184;1345.563;381.184;287.089
4284;1;Vespucio Norte;final;1326.298;1832.434;1326.298;392.434;290.866
4284.1;1;Vespucio Norte;final;1489.411;2744.436;49.411;1304.436;70.181
4285;1;Vespucio Norte;final;1473.317;1843.684;33.317;403.684;308.195
4286;1;Vespucio Norte;final;1178.061;1854.934;1178.061;414.934;213.377
4287;1;Vespucio Norte;final;1274.445;1866.184;1274.445;426.184;251.676
4288;1;Vespucio Norte;final;1276.211;1877.434;1276.211;437.434;239.522
4289;1;Vespucio Norte;final;1301.311;1888.684;1301.311;448.684;242.563
4290;1;Vespucio Norte;final;1291.978;2518.684;1291.978;1078.684;77.12
4291;1;Vespucio Norte;final;1152.398;1750.773;1152.398;310.773;252.927
4291.1;1;Vespucio Norte;final;1359.482;2538.349;1359.482;1098.349;120.133
4292;1;Vespucio Norte;final;1367.446;1762.773;1367.446;322.773;304.357
4293;1;Vespucio Norte;final;1332.811;1774.773;1332.811;334.773;303.445
4294;1;Vespucio Norte;final;1186.736;1786.773;1186.736;346.773;246.858
4295;1;Vespucio Norte;final;1394.328;1798.773;1394.328;358.773;313.598
4295.1;1;Vespucio Norte;final;1481.695;2779.424;41.695;1339.424;67.612
4296;1;Vespucio Norte;final;1374.378;1810.773;1374.378;370.773;308.126
4297;1;Vespucio Norte;final;1196.736;1822.023;1196.736;382.023;221.448
4298;1;Vespucio Norte;final;1348.711;1844.523;1348.711;404.523;174.828
4299;1;Vespucio Norte;final;1437.781;1889.523;1437.781;449.523;310.225
4300;1;Vespucio Norte;final;1289.27;2530.773;1289.27;1090.773;69.449
4301;1;Vespucio Norte;final;1188.214;1468.024;1188.214;28.024;288.245
4301.1;1;Vespucio Norte;final;1430.631;2609.707;1430.631;1169.707;93.337
4302;1;Vespucio Norte;final;1288.614;1738.024;1288.614;298.024;308.974
4303;1;Vespucio Norte;final;1242.264;1750.024;1242.264;310.024;279.831
4304;1;Vespucio Norte;final;1346.711;1762.024;1346.711;322.024;313.381
4305;1;Vespucio Norte;final;1176.778;1774.024;1176.778;334.024;252.853
4306;1;Vespucio Norte;final;1310.445;1786.024;1310.445;346.024;284.583
4307;1;Vespucio Norte;final;1221.095;1798.024;1221.095;358.024;250.936
4308;1;Vespucio Norte;final;1377.003;1808.024;1377.003;368.024;302.655
4309;1;Vespucio Norte;final;1336.328;1818.024;1336.328;378.024;291.167
4309.1;1;Vespucio Norte;final;1474.078;2728.024;34.078;1288.024;81.318
4310;1;Vespucio Norte;final;1354.445;1828.024;1354.445;388.024;251.313
4311;1;Vespucio Norte;final;1371.295;1838.024;1371.295;398.024;302.858
4312;1;Vespucio Norte;final;1181.448;1848.024;1181.448;408.024;221.464
4313;1;Vespucio Norte;final;1453.496;1738.024;13.496;298.024;302.695
4314;1;Vespucio Norte;final;1138.795;1750.024;1138.795;310.024;214.901
4315;1;Vespucio Norte;final;1342.329;1762.024;1342.329;322.024;252.024
4316;1;Vespucio Norte;final;1471.813;1774.024;31.813;334.024;293.541
4317;1;Vespucio Norte;final;1293.336;1786.024;1293.336;346.024;281.049
4318;1;Vespucio Norte;final;1305.311;1798.024;1305.311;358.024;272.235
4319;1;Vespucio Norte;final;1305.095;1807.024;1305.095;367.024;255.159
4320;1;Vespucio Norte;final;1404.698;1834.024;1404.698;394.024;304.832
4320.1;1;Vespucio Norte;final;1444.698;2824.436;4.698;1384.436;27.297
4321;1;Vespucio Norte;final;1273.579;1852.024;1273.579;412.024;253.882
4322;1;Vespucio Norte;final;1473.964;1870.024;33.964;430.024;309.022
4323;1;Vespucio Norte;final;1356.378;1888.024;1356.378;448.024;263.155
4324;1;Vespucio Norte;final;1309.445;1746.081;1309.445;306.081;280.746
4325;1;Vespucio Norte;final;1277.27;1776.081;1277.27;336.081;269.146
4326;1;Vespucio Norte;final;1297.961;2645.981;1297.961;1205.981;39.843
4327;1;Vespucio Norte;final;1183.052;1728.951;1183.052;288.951;223.207
4328;1;Vespucio Norte;final;1353.002;1734.951;1353.002;294.951;285.89
4328.1;1;Vespucio Norte;final;1484.435;2718.951;44.435;1278.951;97.841
4329;1;Vespucio Norte;final;1198.052;1740.951;1198.052;300.951;223.207
4330;1;Vespucio Norte;final;1285.585;1746.951;1285.585;306.951;254.548
4331;1;Vespucio Norte;final;1213.052;1752.951;1213.052;312.951;223.207
4332;1;Vespucio Norte;final;1373.002;1758.951;1373.002;318.951;285.89
4333;1;Vespucio Norte;final;1223.052;1764.951;1223.052;324.951;223.207
4334;1;Vespucio Norte;final;1233.052;1770.951;1233.052;330.951;223.207
4335;1;Vespucio Norte;final;1383.002;1776.951;1383.002;336.951;285.89
4335.1;1;Vespucio Norte;final;1518.702;2753.217;78.702;1313.217;97.841
4336;1;Vespucio Norte;final;1315.585;1782.951;1315.585;342.951;254.548
4337;1;Vespucio Norte;final;523.719;1788.951;523.719;348.951;66.5
4338;1;Vespucio Norte;final;1168.052;1793.451;1168.052;353.451;191.865
4339;1;Vespucio Norte;final;532.719;1797.951;532.719;357.951;66.5
4340;1;Vespucio Norte;final;1403.002;1802.451;1403.002;362.451;285.89
4340.1;1;Vespucio Norte;final;1535.835;2770.351;95.835;1330.351;97.841
4341;1;Vespucio Norte;final;1413.002;1811.451;1413.002;371.451;285.89
4342;1;Vespucio Norte;final;1433.035;1829.451;1433.035;389.451;285.89
4342.1;1;Vespucio Norte;final;1501.569;2804.617;61.569;1364.617;66.5
4343;1;Vespucio Norte;final;1228.052;1847.451;1228.052;407.451;191.865
4344;1;Vespucio Norte;final;1393.002;1865.451;1393.002;425.451;254.548
4345;1;Vespucio Norte;final;1330.585;1869.951;1330.585;429.951;223.207
4346;1;Vespucio Norte;final;1338.085;1874.451;1338.085;434.451;223.207
4347;1;Vespucio Norte;final;1238.052;1878.951;1238.052;438.951;191.865
4348;1;Vespucio Norte;final;1153.052;1887.951;1153.052;447.951;160.524
4349;1;Vespucio Norte;final;1104.579;1474.832;1104.579;34.832;308.207
4349.1;1;Vespucio Norte;final;1265.363;2535.809;1265.363;1095.809;73.098
4350;1;Vespucio Norte;final;1348.679;1756.832;1348.679;316.832;311.889
4351;1;Vespucio Norte;final;1348.896;1768.832;1348.896;328.832;213.145
4352;1;Vespucio Norte;final;1280.968;1780.832;1280.968;340.832;301.807
4352.1;1;Vespucio Norte;final;1447.283;2688.548;7.283;1248.548;92.19
4353;1;Vespucio Norte;final;1035.8;1474.761;1035.8;34.761;314.825
4353.1;1;Vespucio Norte;final;1357.948;2464.07;1357.948;1024.07;129.28
4354;1;Vespucio Norte;final;1284.36;1764.761;1284.36;324.761;288.767
4354.1;1;Vespucio Norte;final;1361.711;2699.436;1361.711;1259.436;45.276
4355;1;Vespucio Norte;final;1332.36;1784.761;1332.36;344.761;311.056
4355.1;1;Vespucio Norte;final;1490.376;2740.624;50.376;1300.624;84.526
4356;1;Vespucio Norte;final;1295.142;1804.761;1295.142;364.761;294.616
4356.1;1;Vespucio Norte;final;1365.283;2701.398;1365.283;1261.398;52.317
4357;1;Vespucio Norte;final;1144.579;1861.011;1144.579;421.011;214.525
4358;1;Vespucio Norte;final;1394.622;1894.761;1394.622;454.761;263.967
4358.1;1;Vespucio Norte;final;1503.389;2777.519;63.389;1337.519;85.152
4359;1;Vespucio Norte;intermedia;847.546;882.0;847.546;882.0;283.259
4359;2;Vespucio Norte;final;1112.213;1490.266;1112.213;50.266;75.312
4360;1;Vespucio Norte;final;1282.328;1772.266;1282.328;332.266;272.395
4361;1;Vespucio Norte;final;1226.25;1784.266;1226.25;344.266;308.47
4361.1;1;Vespucio Norte;final;1401.614;2627.485;1401.614;1187.485;94.007
4362;1;Vespucio Norte;final;1261.678;1766.436;1261.678;326.436;275.926
4363;1;Vespucio Norte;final;1431.331;1778.436;1431.331;338.436;312.921
4364;1;Vespucio Norte;final;1267.764;1802.436;1267.764;362.436;253.124
4364.1;1;Vespucio Norte;final;1456.184;2700.807;16.184;1260.807;79.378
4365;1;Vespucio Norte;final;1325.246;1827.269;1325.246;387.269;276.237
4366;1;Vespucio Norte;final;1221.661;1833.686;1221.661;393.686;237.865
4367;1;Vespucio Norte;final;1454.348;1852.936;14.348;412.936;299.312
4368;1;Vespucio Norte;final;1199.861;1865.769;1199.861;425.769;117.619
4369;1;Vespucio Norte;final;1316.509;1885.019;1316.509;445.019;230.432
4370;1;Vespucio Norte;final;1287.283;1891.436;1287.283;451.436;244.203
4371;1;Vespucio Norte;final;1409.789;1904.436;1409.789;464.436;298.395
4372;1;Vespucio Norte;final;1387.728;2515.819;1387.728;1075.819;105.635
4373;1;Vespucio Norte;final;1439.698;2525.036;1439.698;1085.036;130.517
4374;1;Vespucio Norte;final;1363.049;1757.76;1363.049;317.76;299.305
4374.1;1;Vespucio Norte;final;1448.965;2787.76;8.965;1347.76;45.402
4375;1;Vespucio Norte;final;1392.165;1772.76;1392.165;332.76;297.845
4376;1;Vespucio Norte;final;1429.354;1787.76;1429.354;347.76;313.046
4377;1;Vespucio Norte;final;1469.354;1802.76;29.354;362.76;306.73
4378;1;Vespucio Norte;final;1397.815;1817.76;1397.815;377.76;297.288
4379;1;Vespucio Norte;final;1461.487;1829.01;21.487;389.01;312.775
4380;1;Vespucio Norte;final;1262.113;1840.26;1262.113;400.26;242.136
4381;1;Vespucio Norte;final;1478.621;1896.51;38.621;456.51;306.243
4382;1;Vespucio Norte;final;1348.049;1933.46;1348.049;493.46;234.249
4383;1;Vespucio Norte;final;1391.454;1997.76;1391.454;557.76;227.981
4384;1;Vespucio Norte;final;799.965;1421.066;799.965;1421.066;252.12
4384.1;1;Vespucio Norte;final;1211.632;2248.349;1211.632;808.349;120.133
4385;1;Vespucio Norte;final;1148.911;1775.066;1148.911;335.066;235.596
4386;1;Vespucio Norte;final;1140.635;1811.066;1140.635;371.066;210.383
4387;1;Vespucio Norte;final;1375.445;1833.566;1375.445;393.566;303.174
4388;1;Vespucio Norte;final;1205.27;1856.066;1205.27;416.066;218.855
4389;1;Vespucio Norte;final;1261.905;1484.436;1261.905;44.436;247.289
4390;1;Vespucio Norte;final;1282.498;1754.436;1282.498;314.436;289.776
4390.1;1;Vespucio Norte;final;1510.346;2668.349;70.346;1228.349;141.417
4391;1;Vespucio Norte;final;1259.305;1766.436;1259.305;326.436;258.44
4392;1;Vespucio Norte;final;1361.847;1778.436;1361.847;338.436;216.701
4393;1;Vespucio Norte;final;582.561;1790.436;582.561;350.436;79.014
4394;1;Vespucio Norte;final;610.646;1802.436;610.646;362.436;97.789
4395;1;Vespucio Norte;final;1290.929;1814.436;1290.929;374.436;282.646
4395.1;1;Vespucio Norte;final;1410.163;2729.663;1410.163;1289.663;51.221
4396;1;Vespucio Norte;final;1356.295;1848.186;1356.295;408.186;272.602
4397;1;Vespucio Norte;final;1302.698;1859.436;1302.698;419.436;243.755
4398;1;Vespucio Norte;final;1338.163;1904.436;1338.163;464.436;281.11
4398.1;1;Vespucio Norte;final;1436.363;2769.296;1436.363;1329.296;51.221
4399;1;Vespucio Norte;final;1216.473;1766.066;1216.473;326.066;272.287
4399.1;1;Vespucio Norte;final;1421.917;2652.257;1421.917;1212.257;79.378
4400;1;Vespucio Norte;final;1311.629;1781.066;1311.629;341.066;298.154
4400.1;1;Vespucio Norte;final;1539.163;2752.113;99.163;1312.113;106.538
4401;1;Vespucio Norte;final;1113.363;1851.066;1113.363;411.066;191.825
4402;1;Vespucio Norte;final;1382.622;1871.066;1382.622;431.066;249.422
4403;1;Vespucio Norte;final;1221.145;1881.066;1221.145;441.066;236.931
4404;1;Vespucio Norte;final;1316.711;1901.066;1316.711;461.066;257.576
4405;1;Vespucio Norte;final;1352.076;1492.07;1352.076;52.07;301.015
4406;1;Vespucio Norte;final;1209.796;1777.07;1209.796;337.07;274.269
4406.1;1;Vespucio Norte;final;1436.646;2640.263;1436.646;1200.263;92.363
4407;1;Vespucio Norte;final;1174.329;1792.07;1174.329;352.07;269.06
4407.1;1;Vespucio Norte;final;1382.85;2607.563;1382.85;1167.563;78.761
4408;1;Vespucio Norte;final;1462.636;1837.07;22.636;397.07;313.426
4409;1;Vespucio Norte;final;1269.998;1852.07;1269.998;412.07;240.219
4410;1;Vespucio Norte;final;1278.017;1867.07;1278.017;427.07;238.884
4411;1;Vespucio Norte;final;1189.714;1484.436;1189.714;44.436;274.09
4411.1;1;Vespucio Norte;final;1418.117;2622.257;1418.117;1182.257;79.378
4412;1;Vespucio Norte;final;1289.328;1754.436;1289.328;314.436;299.475
4412.1;1;Vespucio Norte;final;1342.001;2674.684;1342.001;1234.684;48.946
4413;1;Vespucio Norte;final;1304.359;1769.436;1304.359;329.436;301.2
4413.1;1;Vespucio Norte;final;1379.717;2721.998;1379.717;1281.998;39.55
4414;1;Vespucio Norte;final;1261.528;1784.436;1261.528;344.436;260.945
4415;1;Vespucio Norte;final;1291.748;1814.436;1291.748;374.436;274.245
4416;1;Vespucio Norte;final;1258.581;2534.436;1258.581;1094.436;61.168
4417;1;El Conquistador;final;1174.667;1751.779;1174.667;311.779;281.07
4417.1;1;El Conquistador;final;1491.318;2567.779;51.318;1127.779;141.806
4418;1;El Conquistador;final;1277.165;1763.779;1277.165;323.779;269.836
4418.1;1;El Conquistador;final;1449.048;2702.039;9.048;1262.039;76.911
4419;1;El Conquistador;final;1244.667;1775.779;1244.667;335.779;277.116
4419.1;1;El Conquistador;final;1448.984;2631.779;8.984;1191.779;102.18
4420;1;El Conquistador;final;1351.389;1787.779;1351.389;347.779;300.451
4420.1;1;El Conquistador;final;1443.551;2704.019;3.551;1264.019;75.674
4421;1;El Conquistador;final;1206.267;1799.779;1206.267;359.779;227.914
4422;1;El Conquistador;final;1334.417;1811.029;1334.417;371.029;279.632
4422.1;1;El Conquistador;final;1571.472;2729.779;131.472;1289.779;125.842
4423;1;El Conquistador;final;1297.032;1822.279;1297.032;382.279;270.867
4424;1;El Conquistador;final;1377.122;1833.529;1377.122;393.529;290.335
4424.1;1;El Conquistador;final;1447.403;2799.262;7.403;1359.262;39.287
4425;1;El Conquistador;final;1362.117;1844.779;1362.117;404.779;276.789
4426;1;El Conquistador;final;1377.301;1856.029;1377.301;416.029;279.632
4426.1;1;El Conquistador;final;1551.784;2764.046;111.784;1324.046;102.18
4427;1;El Conquistador;final;1260.767;1867.279;1260.767;427.279;251.649
4428;1;El Conquistador;final;1392.151;1889.779;1392.151;449.779;276.789
4429;1;El Conquistador;final;1485.217;1941.179;45.217;501.179;305.099
4430;1;Vespucio Norte;final;1357.664;1770.671;1357.664;330.671;314.299
4430.1;1;Vespucio Norte;final;1451.294;2774.436;11.294;1334.436;57.008
4431;1;Vespucio Norte;final;1311.636;1790.671;1311.636;350.671;296.073
4432;1;Vespucio Norte;final;1269.336;1810.671;1269.336;370.671;185.865
4433;1;Vespucio Norte;final;1281.095;1836.371;1281.095;396.371;255.89
4434;1;Vespucio Norte;final;1122.898;1887.771;1122.898;447.771;196.317
4435;1;Vespucio Norte;final;1209.095;1900.621;1209.095;460.621;213.274
4436;1;Vespucio Norte;final;1248.028;1900.671;1248.028;460.671;230.589
4437;1;Vespucio Norte;final;1295.255;1468.684;1295.255;28.684;304.958
4438;1;Vespucio Norte;final;1270.895;1738.684;1270.895;298.684;288.334
4439;1;Vespucio Norte;final;1273.977;1753.684;1273.977;313.684;282.27
4439.1;1;Vespucio Norte;final;1374.739;2709.396;1374.739;1269.396;40.206
4440;1;Vespucio Norte;final;1312.211;1768.684;1312.211;328.684;292.139
4440.1;1;Vespucio Norte;final;1393.711;2725.773;1393.711;1285.773;44.595
4441;1;Vespucio Norte;final;1487.283;1783.684;47.283;343.684;271.078
4442;1;Vespucio Norte;final;1334.746;1798.684;1334.746;358.684;289.159
4443;1;Vespucio Norte;final;1222.695;1809.934;1222.695;369.934;260.483
4444;1;Vespucio Norte;final;1271.131;1821.184;1271.131;381.184;266.959
4445;1;Vespucio Norte;final;1320.378;1832.434;1320.378;392.434;261.821
4446;1;Vespucio Norte;final;1363.711;1843.684;1363.711;403.684;290.3
4447;1;Vespucio Norte;final;1257.095;1854.934;1257.095;414.934;224.238
4448;1;Vespucio Norte;final;572.062;1866.184;572.062;426.184;48.239
4449;1;Vespucio Norte;final;1341.298;1877.434;1341.298;437.434;269.859
4450;1;Vespucio Norte;final;1392.378;1888.684;1392.378;448.684;294.293
4451;1;Vespucio Norte;final;1201.579;2518.684;1201.579;1078.684;48.239
4452;1;Vespucio Norte;final;1351.331;1759.973;1351.331;319.973;307.311
4452.1;1;Vespucio Norte;final;1394.348;2790.266;1394.348;1350.266;20.465
4453;1;Vespucio Norte;final;1302.55;1774.973;1302.55;334.973;310.089
4453.1;1;Vespucio Norte;final;1486.214;2704.832;46.214;1264.832;95.067
4454;1;Vespucio Norte;final;1308.36;1789.973;1308.36;349.973;305.097
4454.1;1;Vespucio Norte;final;1421.847;2729.707;1421.847;1289.707;52.387
4455;1;Vespucio Norte;final;1247.363;1804.973;1247.363;364.973;253.438
4456;1;Vespucio Norte;final;1318.328;1827.473;1318.328;387.473;301.87
4456.1;1;Vespucio Norte;final;1354.031;2741.066;1354.031;1301.066;27.903
4457;1;Vespucio Norte;final;1409.279;1872.473;1409.279;432.473;297.204
4457.1;1;Vespucio Norte;final;1473.532;2785.054;33.532;1345.054;69.924
4458;1;Vespucio Norte;final;1283.363;1894.973;1283.363;454.973;289.245
4458.1;1;Vespucio Norte;final;1468.729;2718.413;28.729;1278.413;86.031
4459;1;Vespucio Norte;final;1308.392;1749.998;1308.392;309.998;303.941
4459.1;1;Vespucio Norte;final;1390.983;2727.098;1390.983;1287.098;52.317
4460;1;Vespucio Norte;final;1278.11;1764.998;1278.11;324.998;293.904
4460.1;1;Vespucio Norte;final;1450.376;2689.174;10.376;1249.174;84.526
4461;1;Vespucio Norte;final;1258.95;1779.998;1258.95;339.998;298.416
4461.1;1;Vespucio Norte;final;1337.076;2659.832;1337.076;1219.832;52.114
4462;1;Vespucio Norte;final;1374.348;1794.998;1374.348;354.998;301.569
4463;1;Vespucio Norte;final;1342.663;1809.998;1342.663;369.998;303.168
4464;1;Vespucio Norte;final;1263.629;1819.998;1263.629;379.998;264.133
4465;1;Vespucio Norte;final;1164.163;1829.998;1164.163;389.998;210.663
4466;1;Vespucio Norte;final;1251.283;1859.998;1251.283;419.998;244.46
4467;1;Vespucio Norte;final;1356.955;1869.998;1356.955;429.998;285.77
4468;1;Vespucio Norte;final;1250.136;1911.248;1250.136;471.248;220.614
4469;1;Vespucio Norte;final;1356.479;2529.898;1356.479;1089.898;94.91
4470;1;Vespucio Norte;final;1238.113;2529.998;1238.113;1089.998;51.886
4471;1;Vespucio Norte;final;1238.049;1757.76;1238.049;317.76;243.426
4472;1;Vespucio Norte;final;1332.115;1769.76;1332.115;329.76;269.488
4473;1;Vespucio Norte;final;1410.087;1781.76;1410.087;341.76;308.26
4473.1;1;Vespucio Norte;final;1483.482;2833.427;43.482;1393.427;43.105
4474;1;Vespucio Norte;final;1414.949;1793.76;1414.949;353.76;310.493
4474.1;1;Vespucio Norte;final;1489.354;2847.76;49.354;1407.76;36.837
4475;1;Vespucio Norte;final;1346.304;1805.76;1346.304;365.76;273.85
4476;1;Vespucio Norte;final;1336.328;1817.76;1336.328;377.76;274.406
4477;1;Vespucio Norte;final;1444.354;1829.01;4.354;389.01;295.334
4477.1;1;Vespucio Norte;final;1517.749;2867.694;77.749;1427.694;43.105
4478;1;Vespucio Norte;final;1449.215;1840.26;9.215;400.26;294.999
4479;1;Vespucio Norte;final;1327.915;1851.51;1327.915;411.51;245.165
4480;1;Vespucio Norte;final;1488.965;1862.76;48.965;422.76;310.78
4481;1;Vespucio Norte;final;1236.237;1920.61;1236.237;480.61;195.588
4482;1;Vespucio Norte;final;1313.45;1484.436;1313.45;44.436;309.163
4482.1;1;Vespucio Norte;final;1366.135;2716.973;1366.135;1276.973;38.951
4483;1;Vespucio Norte;final;1252.211;1754.436;1252.211;314.436;288.686
4483.1;1;Vespucio Norte;final;1473.614;2665.773;33.614;1225.773;102.396
4484;1;Vespucio Norte;final;1280.111;1774.436;1280.111;334.436;290.201
4485;1;Vespucio Norte;final;1258.948;1832.436;1258.948;392.436;240.436
4486;1;Vespucio Norte;final;1220.378;1850.436;1220.378;410.436;236.576
4487;1;Vespucio Norte;final;1153.081;1868.436;1153.081;428.436;194.558
4488;1;Vespucio Norte;final;1038.42;1492.163;1038.42;52.163;283.393
4488.1;1;Vespucio Norte;final;1318.711;2454.373;1318.711;1014.373;107.035
4489;1;Vespucio Norte;final;1160.951;1627.163;1160.951;187.163;290.293
4489.1;1;Vespucio Norte;final;1391.711;2564.33;1391.711;1124.33;108.071
4490;1;Vespucio Norte;final;1283.305;1772.163;1283.305;332.163;280.784
4490.1;1;Vespucio Norte;final;1523.789;2661.819;83.789;1221.819;143.732
4491;1;Vespucio Norte;final;1469.122;1792.163;29.122;352.163;300.259
4492;1;Vespucio Norte;final;1270.346;1812.163;1270.346;372.163;295.246
4492.1;1;Vespucio Norte;final;1347.213;2700.713;1347.213;1260.713;35.741
4493;1;Vespucio Norte;final;1257.145;1867.163;1257.145;427.163;231.16
4494;1;Vespucio Norte;final;1224.811;1766.436;1224.811;326.436;263.193
4495;1;Vespucio Norte;final;1197.161;1778.436;1197.161;338.436;268.911
4496;1;Vespucio Norte;final;1262.445;1834.436;1262.445;394.436;248.684
4497;1;Vespucio Norte;final;1344.739;1844.436;1344.739;404.436;280.131
4498;1;Vespucio Norte;final;1140.811;1874.436;1140.811;434.436;193.992
4499;1;Vespucio Norte;final;1259.098;2534.436;1259.098;1094.436;49.692
4500;1;Vespucio Norte;final;1285.926;1733.564;1285.926;293.564;299.895
4501;1;Vespucio Norte;final;1278.645;1745.564;1278.645;305.564;283.142
4502;1;Vespucio Norte;final;1271.246;1757.564;1271.246;317.564;310.663
4503;1;Vespucio Norte;final;1253.27;1769.564;1253.27;329.564;283.502
4503.1;1;Vespucio Norte;final;1349.328;2665.773;1349.328;1225.773;52.633
4504;1;Vespucio Norte;final;1198.061;1781.564;1198.061;341.564;250.698
4505;1;Vespucio Norte;final;1317.095;1803.564;1317.095;363.564;258.328
4506;1;Vespucio Norte;final;1184.695;1853.564;1184.695;413.564;187.924
4507;1;Vespucio Norte;final;1297.055;1863.564;1297.055;423.564;257.945
4508;1;Vespucio Norte;final;1357.979;1757.76;1357.979;317.76;300.443
4508.1;1;Vespucio Norte;final;1504.896;2792.475;64.896;1352.475;75.011
4509;1;Vespucio Norte;final;1201.454;1769.76;1201.454;329.76;232.287
4510;1;Vespucio Norte;final;1417.865;1781.76;1417.865;341.76;312.511
4510.1;1;Vespucio Norte;final;1495.754;2850.56;55.754;1410.56;38.855
4511;1;Vespucio Norte;final;1389.354;1793.76;1389.354;353.76;310.27
4512;1;Vespucio Norte;final;1329.479;1805.76;1329.479;365.76;288.747
4513;1;Vespucio Norte;final;1278.811;1817.76;1278.811;377.76;262.718
4514;1;Vespucio Norte;final;1188.049;1829.01;1188.049;389.01;208.458
4515;1;Vespucio Norte;final;1346.454;1840.26;1346.454;400.26;258.348
4516;1;Vespucio Norte;final;1408.965;1874.01;1408.965;434.01;273.523
4517;1;Vespucio Norte;final;1449.354;1907.76;9.354;467.76;291.291
4518;1;Vespucio Norte;final;1200.371;1997.76;1200.371;557.76;173.832
4519;1;El Conquistador;final;891.867;1469.779;891.867;29.779;279.632
4519.1;1;El Conquistador;final;1278.059;2321.057;1278.059;881.057;140.128
4520;1;El Conquistador;final;1229.084;1749.779;1229.084;309.779;279.959
4520.1;1;El Conquistador;final;1483.417;2619.779;43.417;1179.779;125.36
4521;1;El Conquistador;final;1286.415;1759.779;1286.415;319.779;280.186
4521.1;1;El Conquistador;final;1372.275;2679.284;1372.275;1239.284;59.042
4522;1;El Conquistador;final;1204.667;1769.779;1204.667;329.779;280.514
4522.1;1;El Conquistador;final;1517.517;2591.779;77.517;1151.779;151.056
4523;1;El Conquistador;final;1257.517;1779.779;1257.517;339.779;279.959
4524;1;El Conquistador;final;1320.165;1789.779;1320.165;349.779;287.66
4524.1;1;El Conquistador;final;1416.682;2717.89;1416.682;1277.89;62.797
4525;1;El Conquistador;final;1366.451;1799.779;1366.451;359.779;307.386
4526;1;El Conquistador;final;1367.83;1807.946;1367.83;367.946;290.308
4526.1;1;El Conquistador;final;1551.597;2695.233;111.597;1255.233;138.583
4527;1;El Conquistador;final;1292.667;1816.112;1292.667;376.112;279.403
4528;1;El Conquistador;final;1220.745;1824.279;1220.745;384.279;311.335
4529;1;El Conquistador;final;1307.517;1832.446;1307.517;392.446;279.959
4530;1;El Conquistador;final;1259.917;1840.612;1259.917;400.612;280.514
4531;1;El Conquistador;final;1322.667;1848.779;1322.667;408.779;282.245
4531.1;1;El Conquistador;final;1549.001;2714.779;109.001;1274.779;124.772
4532;1;El Conquistador;final;1254.417;1856.946;1254.417;416.946;253.936
4533;1;El Conquistador;final;1303.389;1865.112;1303.389;425.112;278.153
4534;1;El Conquistador;final;1332.667;1889.779;1332.667;449.779;282.801
4534.1;1;El Conquistador;final;1454.401;2729.729;14.401;1289.729;77.04
4535;1;El Conquistador;final;1377.117;1923.529;1377.117;483.529;277.116
4536;1;El Conquistador;final;758.489;1409.779;758.489;1409.779;303.26
4536.1;1;El Conquistador;final;1255.617;2164.069;1255.617;724.069;152.532
4537;1;El Conquistador;final;840.001;1439.779;840.001;1439.779;305.066
4537.1;1;El Conquistador;final;1430.701;2269.779;1430.701;829.779;179.038
4538;1;El Conquistador;final;853.156;1469.779;853.156;29.779;303.26
4538.1;1;El Conquistador;final;1331.917;2264.069;1331.917;824.069;176.268
4539;1;El Conquistador;final;1021.99;1415.089;1021.99;1415.089;271.461
4539.1;1;El Conquistador;final;1188.119;2417.638;1188.119;977.638;99.492
4540;1;El Conquistador;final;1148.244;1445.089;1148.244;5.089;285.79
4540.1;1;El Conquistador;final;1290.455;2518.39;1290.455;1078.39;86.36
4541;1;El Conquistador;final;1291.45;1404.271;1291.45;1404.271;304.871
4541.1;1;El Conquistador;final;1376.563;2683.974;1376.563;1243.974;56.263
4542;1;El Conquistador;final;855.247;1434.271;855.247;1434.271;314.27
4542.1;1;El Conquistador;final;1564.272;2195.109;124.272;755.109;288.814
4543;1;Vespucio Norte;final;1249.887;1856.033;1249.887;416.033;238.694
4544;1;Vespucio Norte;final;1269.887;1901.066;1269.887;461.066;260.358
4545;1;Vespucio Norte;final;1310.968;1991.066;1310.968;551.066;230.026
4546;1;Vespucio Norte;final;1322.979;1763.176;1322.979;323.176;301.44
4547;1;Vespucio Norte;final;1359.729;1775.176;1359.729;335.176;305.811
4547.1;1;Vespucio Norte;final;1433.346;2792.372;1433.346;1352.372;42.97
4548;1;Vespucio Norte;final;1279.905;1787.176;1279.905;347.176;292.691
4548.1;1;Vespucio Norte;final;1442.636;2658.619;2.636;1218.619;102.249
4549;1;Vespucio Norte;final;1295.542;1799.176;1295.542;359.176;307.314
4549.1;1;Vespucio Norte;final;1442.71;2703.998;2.71;1263.998;70.975
4550;1;Vespucio Norte;final;1167.395;1811.176;1167.395;371.176;228.66
4551;1;Vespucio Norte;final;1329.515;1826.759;1329.515;386.759;282.767
4552;1;Vespucio Norte;final;1401.131;1835.325;1401.131;395.325;308.997
4552.1;1;Vespucio Norte;final;1471.985;2816.436;31.985;1376.436;41.239
4553;1;Vespucio Norte;final;1103.43;1852.459;1103.43;412.459;199.919
4554;1;Vespucio Norte;final;1258.276;1865.309;1258.276;425.309;267.557
4555;1;Vespucio Norte;final;1355.805;1869.592;1355.805;429.592;270.938
4556;1;Vespucio Norte;final;1370.622;1882.442;1370.622;442.442;294.491
4557;1;Vespucio Norte;final;1305.255;1886.725;1305.255;446.725;241.967
4558;1;Vespucio Norte;final;1334.092;1912.425;1334.092;472.425;287.83
4559;1;Vespucio Norte;final;1260.36;1912.475;1260.36;472.475;222.359
4560;1;Vespucio Norte;final;1254.936;1852.415;1254.936;412.415;276.429
4561;1;Vespucio Norte;final;1332.003;1882.415;1332.003;442.415;279.765
4561.1;1;Vespucio Norte;final;1449.614;2740.773;9.614;1300.773;69.738
4562;1;Vespucio Norte;final;1245.046;1762.298;1245.046;322.298;256.553
4563;1;Vespucio Norte;final;890.645;1774.298;890.645;334.298;181.286
4564;1;Vespucio Norte;final;1312.135;1867.298;1312.135;427.298;286.477
4564.1;1;Vespucio Norte;final;1452.826;2739.948;12.826;1299.948;68.421
4565;1;Vespucio Norte;final;1270.068;1762.593;1270.068;322.593;294.547
4565.1;1;Vespucio Norte;final;1364.328;2680.773;1364.328;1240.773;52.633
4566;1;Vespucio Norte;final;1213.948;1782.593;1213.948;342.593;294.551
4566.1;1;Vespucio Norte;final;1305.145;2630.436;1305.145;1190.436;45.276
4567;1;Vespucio Norte;final;1274.039;1822.593;1274.039;382.593;268.599
4568;1;Vespucio Norte;final;1273.247;1852.593;1273.247;412.593;241.014
4569;1;Vespucio Norte;final;1211.41;1882.593;1211.41;442.593;215.22
4570;1;Vespucio Norte;final;1416.86;1912.593;1416.86;472.593;299.875
4570.1;1;Vespucio Norte;final;1516.214;2834.707;76.214;1394.707;54.309
4571;1;El Conquistador;final;1201.72;1743.284;1201.72;303.284;297.66
4571.1;1;El Conquistador;final;1265.092;2505.861;1265.092;1065.861;86.8
4572;1;El Conquistador;final;1259.762;1773.284;1259.762;333.284;300.771
4573;1;El Conquistador;final;1217.973;1803.284;1217.973;363.284;231.717
4574;1;El Conquistador;final;1347.659;1833.284;1347.659;393.284;289.529
4575;1;El Conquistador;final;1336.275;1863.284;1336.275;423.284;268.21
4575.1;1;El Conquistador;final;1513.878;2733.284;73.878;1293.284;104.308
4576;1;El Conquistador;final;1334.266;1893.284;1334.266;453.284;240.215
4577;1;Vespucio Norte;final;1278.206;1764.225;1278.206;324.225;295.442
4577.1;1;Vespucio Norte;final;1456.106;2715.796;16.106;1275.796;75.846
4578;1;Vespucio Norte;final;1252.034;1774.225;1252.034;334.225;262.374
4579;1;Vespucio Norte;final;1307.293;1784.225;1307.293;344.225;290.038
4580;1;Vespucio Norte;final;1308.617;1794.225;1308.617;354.225;279.946
4580.1;1;Vespucio Norte;final;1403.939;2754.346;1403.939;1314.346;38.07
4581;1;Vespucio Norte;final;1276.246;1804.225;1276.246;364.225;288.522
4581.1;1;Vespucio Norte;final;1531.375;2706.654;91.375;1266.654;127.192
4582;1;Vespucio Norte;final;1191.034;1814.225;1191.034;374.225;234.288
4583;1;Vespucio Norte;final;1343.191;1824.225;1343.191;384.225;309.864
4583.1;1;Vespucio Norte;final;1364.929;2671.771;1364.929;1231.771;63.026
4584;1;Vespucio Norte;final;1357.317;1874.225;1357.317;434.225;270.256
4585;1;Vespucio Norte;final;1242.817;1894.225;1242.817;454.225;212.277
4586;1;Vespucio Norte;final;1265.689;1904.225;1265.689;464.225;235.655
4587;1;Vespucio Norte;final;1438.956;1914.225;1438.956;474.225;293.634
4588;1;Vespucio Norte;final;1268.017;2544.225;1268.017;1104.225;62.331
4589;1;Vespucio Norte;final;1222.346;1762.372;1222.346;322.372;308.713
4589.1;1;Vespucio Norte;final;1431.813;2662.298;1431.813;1222.298;87.397
4590;1;Vespucio Norte;final;1226.136;1777.372;1226.136;337.372;250.448
4591;1;Vespucio Norte;final;1306.748;1792.372;1306.748;352.372;299.521
4591.1;1;Vespucio Norte;final;1352.295;2721.936;1352.295;1281.936;32.216
4592;1;Vespucio Norte;final;1347.272;1837.372;1347.272;397.372;274.945
4592.1;1;Vespucio Norte;final;1568.789;2726.119;128.789;1286.119;143.732
4593;1;Vespucio Norte;final;497.162;1844.872;497.162;404.872;39.125
4594;1;Vespucio Norte;final;1293.145;1852.372;1293.145;412.372;239.522
4595;1;Vespucio Norte;final;1334.363;1867.372;1334.363;427.372;280.245
4596;1;Vespucio Norte;final;1191.468;1874.872;1191.468;434.872;221.832
4597;1;Vespucio Norte;final;1249.629;1728.875;1249.629;288.875;313.546
4597.1;1;Vespucio Norte;final;1258.329;2616.875;1258.329;1176.875;39.375
4598;1;Vespucio Norte;final;1266.298;1743.875;1266.298;303.875;301.513
4598.1;1;Vespucio Norte;final;1447.985;2684.436;7.985;1244.436;79.204
4599;1;Vespucio Norte;final;1299.283;1758.875;1299.283;318.875;306.547
4599.1;1;Vespucio Norte;final;1482.71;2698.761;42.71;1258.761;87.548
4600;1;Vespucio Norte;final;1194.483;1798.875;1194.483;358.875;268.569
4601;1;Vespucio Norte;final;1297.317;1828.875;1297.317;388.875;275.314
4602;1;Vespucio Norte;final;1180.805;1424.797;1180.805;1424.797;303.474
4602.1;1;Vespucio Norte;final;1508.789;2559.319;68.789;1119.319;159.103
4603;1;Vespucio Norte;final;1294.505;1754.436;1294.505;314.436;258.176
4604;1;Vespucio Norte;final;1183.23;1774.436;1183.23;334.436;250.23
4605;1;Vespucio Norte;final;1371.839;1794.436;1371.839;354.436;269.996
4606;1;Vespucio Norte;final;1294.135;1814.436;1294.135;374.436;276.496
4607;1;Vespucio Norte;final;1182.798;1844.436;1182.798;404.436;234.347
4608;1;Vespucio Norte;final;1064.911;1874.436;1064.911;434.436;181.454
4609;1;Vespucio Norte;final;1391.847;1738.024;1391.847;298.024;240.564
4610;1;Vespucio Norte;final;1220.464;1758.024;1220.464;318.024;257.53
4611;1;Vespucio Norte;final;1345.523;1798.024;1345.523;358.024;282.589
4611.1;1;Vespucio Norte;final;1540.41;2781.062;100.41;1341.062;94.124
4612;1;Vespucio Norte;final;1415.236;1828.024;1415.236;388.024;313.25
4612.1;1;Vespucio Norte;final;1498.078;2836.773;58.078;1396.773;44.595
4613;1;Vespucio Norte;final;1392.734;1843.024;1392.734;403.024;305.933
4613.1;1;Vespucio Norte;final;1482.645;2814.33;42.645;1374.33;49.002
4614;1;Vespucio Norte;final;1277.311;1858.024;1277.311;418.024;250.655
4615;1;Vespucio Norte;final;1181.948;2518.024;1181.948;1078.024;44.021
4616;1;Vespucio Norte;final;1303.365;1744.686;1303.365;304.686;298.343
4617;1;Vespucio Norte;final;1283.736;1753.253;1283.736;313.253;264.507
4618;1;Vespucio Norte;final;623.865;1761.819;623.865;321.819;110.283
4619;1;Vespucio Norte;final;1356.636;1770.386;1356.636;330.386;289.076
4620;1;Vespucio Norte;final;1217.098;1787.519;1217.098;347.519;277.432
4620.1;1;Vespucio Norte;final;1502.782;2602.349;62.782;1162.349;160.792
4621;1;Vespucio Norte;final;1400.011;1812.969;1400.011;372.969;236.59
4622;1;Vespucio Norte;final;1330.198;1818.586;1330.198;378.586;245.957
4623;1;Vespucio Norte;final;1278.936;1829.819;1278.936;389.819;232.533
4624;1;Vespucio Norte;final;1381.695;1880.369;1381.695;440.369;197.455
4625;1;Vespucio Norte;final;1340.532;1741.38;1340.532;301.38;314.157
4625.1;1;Vespucio Norte;final;1404.482;2660.485;1404.482;1220.485;88.632
4626;1;Vespucio Norte;final;1144.163;1756.38;1144.163;316.38;218.897
4627;1;Vespucio Norte;final;1422.636;1771.38;1422.636;331.38;278.073
4628;1;Vespucio Norte;final;1204.261;1786.38;1204.261;346.38;226.118
4629;1;Vespucio Norte;final;1478.789;1801.38;38.789;361.38;295.487
4630;1;Vespucio Norte;final;1310.622;1806.996;1310.622;366.996;274.459
4631;1;Vespucio Norte;final;616.429;1818.23;616.429;378.23;89.865
4632;1;Vespucio Norte;final;1371.636;1823.846;1371.636;383.846;261.684
4633;1;Vespucio Norte;final;1490.631;1835.08;50.631;395.08;312.902
4634;1;Vespucio Norte;final;1258.296;1840.696;1258.296;400.696;209.703
4635;1;Vespucio Norte;final;1450.078;1851.93;10.078;411.93;270.766
4636;1;Vespucio Norte;final;1296.636;1857.546;1296.636;417.546;169.288
4637;1;Vespucio Norte;final;1445.236;1863.163;5.236;423.163;276.376
4638;1;Vespucio Norte;final;1167.596;1868.78;1167.596;428.78;161.455
4639;1;Vespucio Norte;final;1452.734;1874.396;12.734;434.396;237.005
4640;1;Vespucio Norte;final;1426.078;1891.38;1426.078;451.38;251.951
4641;1;La Reina;final;1242.181;1420.198;1242.181;1420.198;290.163
4641.1;1;La Reina;final;1345.538;2626.777;1345.538;1186.777;59.679
4642;1;La Reina;final;1233.602;1450.198;1233.602;10.198;305.251
4642.1;1;La Reina;final;1389.369;2650.198;1389.369;1210.198;75.111
4643;1;La Reina;final;1229.079;1760.198;1229.079;320.198;303.548
4643.1;1;La Reina;final;1368.655;2615.488;1368.655;1175.488;79.749
4644;1;La Reina;final;1104.416;1770.198;1104.416;330.198;252.321
4644.1;1;La Reina;final;1363.995;2498.153;1363.995;1058.153;106.986
4645;1;La Reina;final;1211.802;1780.198;1211.802;340.198;257.846
4646;1;La Reina;final;1129.1;1790.198;1129.1;350.198;252.321
4646.1;1;La Reina;final;1575.812;2515.353;135.812;1075.353;224.737
4647;1;La Reina;final;1311.4;1815.481;1311.4;375.481;268.428
4647.1;1;La Reina;final;1489.645;2695.353;49.645;1255.353;106.986
4648;1;La Reina;final;1179.102;1826.048;1179.102;386.048;233.746
4649;1;La Reina;final;1415.067;1831.331;1415.067;391.331;312.495
4649.1;1;La Reina;final;1535.0;2778.021;95.0;1338.021;95.732
4650;1;La Reina;final;1424.266;1841.898;1424.266;401.898;313.329
4651;1;La Reina;final;1306.693;1852.465;1306.693;412.465;293.531
4651.1;1;La Reina;final;1460.993;2711.771;20.993;1271.771;83.358
4652;1;La Reina;final;1294.015;1857.748;1294.015;417.748;246.107
4653;1;La Reina;final;1184.452;1868.315;1184.452;428.315;208.97
4654;1;La Reina;final;1473.093;1878.881;33.093;438.881;298.143
4655;1;La Reina;final;1211.685;1884.165;1211.685;444.165;203.846
4656;1;La Reina;final;1366.116;1894.731;1366.116;454.731;282.688
4657;1;La Reina;final;1479.645;1900.198;39.645;460.198;306.154
4657.1;1;La Reina;final;1551.266;2780.276;111.266;1340.276;108.09
4658;1;La Reina;final;1338.635;1915.198;1338.635;475.198;267.292
4659;1;La Reina;final;1361.217;1945.198;1361.217;505.198;263.111
4660;1;La Reina;final;1361.212;1990.198;1361.212;550.198;241.332
4661;1;La Reina;final;1392.378;2474.198;1392.378;1034.198;133.901
4662;1;La Reina;final;1505.096;2530.198;65.096;1090.198;161.462
4663;1;La Reina;final;1183.485;1398.021;1183.485;1398.021;298.051
4663.1;1;La Reina;final;1357.538;2590.198;1357.538;1150.198;87.341
4664;1;La Reina;final;1110.2;1428.021;1110.2;1428.021;304.095
4664.1;1;La Reina;final;1268.567;2502.183;1268.567;1062.183;73.617
4665;1;La Reina;final;1172.95;1740.021;1172.95;300.021;254.659
4665.1;1;La Reina;final;1455.266;2555.353;15.266;1115.353;147.235
4666;1;La Reina;final;1164.352;1752.021;1164.352;312.021;254.263
4667;1;La Reina;final;1376.35;1853.355;1376.35;413.355;297.614
4667.1;1;La Reina;final;1530.812;2755.353;90.812;1315.353;106.986
4668;1;La Reina;final;579.698;1762.438;579.698;322.438;98.72
4669;1;La Reina;final;1204.66;1777.438;1204.66;337.438;303.188
4669.1;1;La Reina;final;1305.86;2595.973;1305.86;1155.973;78.544
4670;1;La Reina;final;1380.993;1822.438;1380.993;382.438;305.398
4670.1;1;La Reina;final;1492.243;2782.438;52.243;1342.438;75.107
4671;1;La Reina;final;1394.72;1827.438;1394.72;387.438;292.434
4671.1;1;La Reina;final;1496.876;2779.177;56.876;1339.177;74.519
4672;1;La Reina;final;513.667;1837.438;513.667;397.438;42.798
4673;1;La Reina;final;518.667;1842.438;518.667;402.438;42.798
4674;1;La Reina;final;528.667;1852.438;528.667;412.438;42.798
4675;1;La Reina;final;1204.069;1857.438;1204.069;417.438;231.645
4676;1;La Reina;final;543.667;1867.438;543.667;427.438;42.798
4677;1;La Reina;final;548.667;1872.438;548.667;432.438;42.798
4678;1;La Reina;final;553.667;1877.438;553.667;437.438;42.798
4679;1;La Reina;final;1301.123;1915.438;1301.123;475.438;305.549
4679.1;1;La Reina;final;1388.633;2640.469;1388.633;1200.469;86.947
4680;1;La Reina;final;1338.295;1826.086;1338.295;386.086;275.841
4681;1;La Reina;final;1342.673;1838.086;1342.673;398.086;293.566
4682;1;La Reina;final;1037.977;1416.218;1037.977;1416.218;301.89
4682.1;1;La Reina;final;1130.377;2439.521;1130.377;999.521;39.642
4683;1;La Reina;final;961.253;1446.218;961.253;6.218;300.238
4683.1;1;La Reina;final;1133.92;2406.151;1133.92;966.151;58.012
4684;1;La Reina;final;961.179;1476.218;961.179;36.218;307.647
4684.1;1;La Reina;final;1400.624;2322.471;1400.624;882.471;172.226
4685;1;La Reina;final;1309.055;1758.218;1309.055;318.218;298.54
4685.1;1;La Reina;final;1626.445;2739.374;186.445;1299.374;149.037
4686;1;La Reina;final;1176.353;1806.218;1176.353;366.218;187.721
4687;1;La Reina;final;500.287;1813.718;500.287;373.718;44.038
4688;1;La Reina;final;1358.92;1821.218;1358.92;381.218;257.383
4689;1;La Reina;final;1502.231;1843.718;62.231;403.718;313.269
4690;1;La Reina;final;1398.946;1851.218;1398.946;411.218;262.356
4691;1;La Reina;final;1129.487;1858.718;1129.487;418.718;152.039
4692;1;La Reina;final;1444.57;1866.218;4.57;426.218;275.718
4692.1;1;La Reina;final;1640.279;2842.375;200.279;1402.375;111.363
4693;1;La Reina;final;1223.812;1873.718;1223.812;433.718;224.08
4694;1;La Reina;final;1189.37;1896.218;1189.37;456.218;181.847
4695;1;La Reina;final;1254.862;1806.218;1254.862;366.218;263.48
4696;1;La Reina;final;520.92;1818.218;520.92;378.218;47.004
4697;1;La Reina;final;1407.687;1824.218;1407.687;384.218;300.425
4697.1;1;La Reina;final;1613.612;2815.708;173.612;1375.708;111.363
4698;1;La Reina;final;1255.087;1830.218;1255.087;390.218;197.181
4699;1;La Reina;final;547.552;1842.218;547.552;402.218;49.576
4700;1;La Reina;final;499.753;1848.218;499.753;408.218;33.184
4701;1;La Reina;final;1372.135;1860.218;1372.135;420.218;240.328
4702;1;La Reina;final;1479.129;1896.218;39.129;456.218;271.472
4703;1;La Reina;final;1194.862;1812.782;1194.862;372.782;228.674
4704;1;La Reina;final;1374.287;1817.282;1374.287;377.282;254.5
4704.1;1;La Reina;final;1573.612;2775.708;133.612;1335.708;111.363
4705;1;La Reina;final;500.552;1821.782;500.552;381.782;40.134
4706;1;La Reina;final;1270.402;1826.282;1270.402;386.282;238.49
4707;1;La Reina;final;1351.195;1830.782;1351.195;390.782;266.209
4708;1;La Reina;final;1258.65;1835.282;1258.65;395.282;198.033
4709;1;La Reina;final;1339.255;1853.282;1339.255;413.282;252.223
4710;1;La Reina;final;536.552;1857.782;536.552;417.782;40.134
4711;1;La Reina;final;1463.912;1871.282;23.912;431.282;258.283
4712;1;La Reina;final;1240.65;1889.282;1240.65;449.282;184.522
4713;1;La Reina;final;1546.945;1906.866;106.945;466.866;311.564
4714;1;La Reina;final;1373.92;2652.782;1373.92;1212.782;61.622
4715;1;La Reina;final;516.82;1430.658;516.82;1430.658;213.836
4716;1;La Reina;final;1151.829;1760.658;1151.829;320.658;273.221
4716.1;1;La Reina;final;1382.446;2499.253;1382.446;1059.253;132.886
4717;1;La Reina;final;1263.735;1770.658;1263.735;330.658;251.207
4718;1;La Reina;final;1363.886;1780.658;1363.886;340.658;288.441
4718.1;1;La Reina;final;1560.279;2762.375;120.279;1322.375;111.363
4719;1;La Reina;final;1200.268;1790.658;1200.268;350.658;253.295
4720;1;La Reina;final;1428.445;1800.658;1428.445;360.658;304.623
4721;1;La Reina;final;1212.168;1810.658;1212.168;370.658;228.952
4722;1;La Reina;final;1212.152;1820.658;1212.152;380.658;112.202
4723;1;La Reina;final;1264.672;1830.658;1264.672;390.658;206.865
4724;1;La Reina;final;1266.766;1840.658;1266.766;400.658;241.719
4725;1;La Reina;final;1442.322;1850.658;2.322;410.658;307.231
4726;1;La Reina;final;1465.312;1860.658;25.312;420.658;303.502
4726.1;1;La Reina;final;1495.519;2704.245;55.519;1264.245;109.499
4727;1;La Reina;final;1353.471;1870.658;1353.471;430.658;256.051
4728;1;La Reina;final;1327.431;1880.658;1327.431;440.658;234.155
4729;1;La Reina;final;1466.279;1890.658;26.279;450.658;302.218
4730;1;La Reina;final;1254.805;1900.658;1254.805;460.658;203.401
4731;1;La Reina;final;1385.681;1910.658;1385.681;470.658;276.703
4732;1;La Reina;final;1342.722;1946.658;1342.722;506.658;207.987
4733;1;La Reina;final;1333.968;2000.658;1333.968;560.658;222.303
4734;1;La Reina;final;1293.505;2540.474;1293.505;1100.474;52.14
4735;1;La Reina;final;1246.722;2540.658;1246.722;1100.658;52.14
4736;1;La Reina;final;1145.06;1825.757;1145.06;385.757;208.449
4737;1;La Reina;final;1198.626;1820.658;1198.626;380.658;196.419
4738;1;La Reina;final;1445.476;1831.908;5.476;391.908;304.852
4738.1;1;La Reina;final;1505.981;2795.974;65.981;1355.974;71.843
4739;1;La Reina;final;1393.063;1843.158;1393.063;403.158;312.628
4739.1;1;La Reina;final;1613.112;2829.648;173.112;1389.648;102.874
4740;1;La Reina;final;1284.288;1854.408;1284.288;414.408;198.121
4741;1;La Reina;final;1275.072;1865.658;1275.072;425.658;195.816
4742;1;La Reina;final;1302.181;1876.908;1302.181;436.908;237.101
4743;1;La Reina;final;1289.224;1888.158;1289.224;448.158;260.735
4744;1;La Reina;final;1349.872;1899.408;1349.872;459.408;278.215
4745;1;La Reina;final;1381.614;1910.658;1381.614;470.658;301.49
4745.1;1;La Reina;final;1513.212;2786.358;73.212;1346.358;76.534
4746;1;La Reina;final;1272.405;2540.658;1272.405;1100.658;45.73
4747;1;La Reina;final;1359.431;1746.765;1359.431;306.765;314.81
4747.1;1;La Reina;final;1457.671;2737.202;17.671;1297.202;75.832
4748;1;La Reina;final;1229.593;1761.765;1229.593;321.765;293.355
4748.1;1;La Reina;final;1370.11;2638.038;1370.11;1198.038;75.107
4749;1;La Reina;final;1272.916;1791.765;1272.916;351.765;274.031
4749.1;1;La Reina;final;1449.645;2655.353;9.645;1215.353;106.986
4750;1;La Reina;final;1276.821;1803.015;1276.821;363.015;262.278
4751;1;La Reina;final;1300.085;1814.265;1300.085;374.265;294.394
4751.1;1;La Reina;final;1517.867;2713.198;77.867;1273.198;114.992
4752;1;La Reina;final;1274.58;1825.515;1274.58;385.515;254.914
4753;1;La Reina;final;1169.385;1848.015;1169.385;408.015;205.903
4754;1;La Reina;final;1432.2;1859.265;1432.2;419.265;309.499
4754.1;1;La Reina;final;1471.868;2798.017;31.868;1358.017;53.218
4755;1;La Reina;final;1186.91;1870.515;1186.91;430.515;212.356
4756;1;La Reina;final;1381.128;1750.198;1381.128;310.198;312.503
4757;1;La Reina;final;538.271;1760.198;538.271;320.198;87.341
4758;1;La Reina;final;1221.027;1770.198;1221.027;330.198;306.977
4758.1;1;La Reina;final;1357.26;2628.821;1357.26;1188.821;75.107
4759;1;La Reina;final;1339.369;1780.198;1339.369;340.198;295.42
4760;1;La Reina;final;563.938;1790.198;563.938;350.198;87.341
4761;1;La Reina;final;1332.648;1800.198;1332.648;360.198;306.938
4761.1;1;La Reina;final;1477.243;2703.586;37.243;1263.586;99.736
4762;1;La Reina;final;1310.6;1810.198;1310.6;370.198;299.877
4763;1;La Reina;final;1324.58;1828.198;1324.58;388.198;175.196
4764;1;La Reina;final;1334.58;1846.198;1334.58;406.198;175.196
4765;1;La Reina;final;1321.162;1900.198;1321.162;460.198;275.518
4765.1;1;La Reina;final;1427.719;2624.276;1427.719;1184.276;117.937
4766;1;La Reina;final;1283.085;1916.531;1283.085;476.531;223.97
4767;1;La Reina;final;1354.866;1932.865;1354.866;492.865;272.446
4767.1;1;La Reina;final;1515.812;2740.353;75.812;1300.353;106.986
4768;1;La Reina;final;1418.363;1990.198;1418.363;550.198;174.444
4769;1;La Reina;final;1464.266;2474.715;24.266;1034.715;159.31
4770;1;La Reina;final;1388.452;2530.198;1388.452;1090.198;114.888
4771;1;La Reina;final;1317.181;1772.245;1317.181;332.245;281.733
4771.1;1;La Reina;final;1457.719;2702.027;17.719;1262.027;92.042
4772;1;La Reina;final;1326.562;1784.245;1326.562;344.245;311.838
4772.1;1;La Reina;final;1448.235;2746.657;8.235;1306.657;57.942
4773;1;La Reina;final;1394.035;1796.245;1394.035;356.245;304.629
4773.1;1;La Reina;final;1483.813;2749.253;43.813;1309.253;88.186
4774;1;La Reina;final;1440.326;1820.245;0.326;380.245;314.739
4775;1;La Reina;final;1388.248;1835.245;1388.248;395.245;266.213
4776;1;La Reina;final;1330.262;1850.245;1330.262;410.245;275.571
4777;1;La Reina;final;1249.922;1865.245;1249.922;425.245;233.71
4778;1;La Reina;final;1449.855;1880.245;9.855;440.245;297.794
4779;1;La Reina;final;1345.415;2540.245;1345.415;1100.245;95.002
4780;1;La Reina;final;1173.272;1743.614;1173.272;303.614;259.277
4781;1;La Reina;final;1215.615;1767.614;1215.615;327.614;262.782
4782;1;La Reina;final;1177.452;1848.781;1177.452;408.781;215.989
4783;1;La Reina;final;525.9;1771.353;525.9;331.353;79.212
4784;1;La Reina;final;1344.58;1796.258;1344.58;356.258;196.882
4785;1;La Reina;final;1354.58;1805.258;1354.58;365.258;196.882
4786;1;La Reina;final;554.194;1814.258;554.194;374.258;67.649
4787;1;La Reina;final;563.194;1823.258;563.194;383.258;67.649
4788;1;La Reina;final;572.194;1832.258;572.194;392.258;67.649
4789;1;La Reina;final;1284.662;1841.258;1284.662;401.258;288.035
4790;1;La Reina;final;1355.428;1850.258;1355.428;410.258;278.659
4790.1;1;La Reina;final;1590.812;2654.276;150.812;1214.276;185.593
4791;1;La Reina;final;1451.35;1859.258;11.35;419.258;313.784
4791.1;1;La Reina;final;1605.812;2830.353;165.812;1390.353;106.986
4792;1;La Reina;final;1420.315;1868.258;1420.315;428.258;305.407
4792.1;1;La Reina;final;1496.388;2807.777;56.388;1367.777;59.679
4793;1;La Reina;final;1202.935;1750.198;1202.935;310.198;268.242
4793.1;1;La Reina;final;1518.765;2580.147;78.765;1140.147;145.249
4794;1;La Reina;final;541.75;1760.198;541.75;320.198;90.216
4795;1;La Reina;final;1339.243;1770.198;1339.243;330.198;304.793
4795.1;1;La Reina;final;1515.9;2687.807;75.9;1247.807;126.369
4796;1;La Reina;final;1340.065;1780.198;1340.065;340.198;292.787
4796.1;1;La Reina;final;1447.366;2727.777;7.366;1287.777;81.23
4797;1;La Reina;final;1351.886;1800.198;1351.886;360.198;298.511
4798;1;La Reina;final;1202.4;1817.115;1202.4;377.115;250.503
4798.1;1;La Reina;final;1479.266;2585.353;39.266;1145.353;147.235
4799;1;La Reina;final;1431.212;1830.948;1431.212;390.948;309.371
4799.1;1;La Reina;final;1503.266;2732.276;63.266;1292.276;108.09
4800;1;La Reina;final;1351.212;1844.781;1351.212;404.781;281.476
4801;1;La Reina;final;1318.6;1858.615;1318.6;418.615;269.46
4802;1;La Reina;final;1304.633;1865.531;1304.633;425.531;254.67
4803;1;La Reina;final;1384.266;1879.365;1384.266;439.365;311.011
4804;1;La Reina;final;1372.404;1893.198;1372.404;453.198;242.444
4805;1;La Reina;final;1280.452;1900.198;1280.452;460.198;237.392
4806;1;La Reina;final;1187.943;1951.531;1187.943;511.531;202.124
4807;1;La Reina;final;1466.467;1977.198;26.467;537.198;283.504
4808;1;La Reina;final;1359.369;1990.198;1359.369;550.198;233.106
4809;1;La Reina;final;927.977;1449.253;927.977;9.253;296.595
4809.1;1;La Reina;final;1165.677;2343.121;1165.677;903.121;79.428
4810;1;La Reina;final;1088.863;1539.253;1088.863;99.253;297.129
4810.1;1;La Reina;final;1375.862;2516.548;1375.862;1076.548;102.874
4811;1;La Reina;final;1193.713;1719.253;1193.713;279.253;311.687
4811.1;1;La Reina;final;1306.146;2542.853;1306.146;1102.853;88.186
4812;1;La Reina;final;1204.613;1731.253;1204.613;291.253;311.687
4812.1;1;La Reina;final;1317.046;2553.753;1317.046;1113.753;88.186
4813;1;La Reina;final;1270.722;1743.253;1270.722;303.253;296.563
4814;1;La Reina;final;1259.113;1755.253;1259.113;315.253;311.687
4814.1;1;La Reina;final;1371.546;2608.253;1371.546;1168.253;88.186
4815;1;La Reina;final;1226.413;1767.253;1226.413;327.253;311.687
4815.1;1;La Reina;final;1523.813;2575.553;83.813;1135.553;177.587
4816;1;La Reina;final;1291.813;1779.253;1291.813;339.253;311.687
4817;1;La Reina;final;1273.446;1792.103;1273.446;352.103;311.687
4818;1;La Reina;final;1284.346;1804.953;1284.346;364.953;311.687
4818.1;1;La Reina;final;1376.896;2632.103;1376.896;1192.103;88.186
4819;1;La Reina;final;1295.246;1817.803;1295.246;377.803;311.687
4819.1;1;La Reina;final;1389.746;2644.953;1389.746;1204.953;88.186
4820;1;La Reina;final;1327.946;1869.253;1327.946;429.253;311.687
4820.1;1;La Reina;final;1458.243;2683.503;18.243;1243.503;96.676
4821;1;La Reina;final;1212.268;1746.218;1212.268;306.218;231.172
4822;1;La Reina;final;1152.119;1756.218;1152.119;316.218;236.326
4823;1;La Reina;final;1276.735;1766.218;1276.735;326.218;267.42
4824;1;La Reina;final;1383.031;1776.218;1383.031;336.218;313.035
4825;1;La Reina;final;1260.25;1806.218;1260.25;366.218;211.616
4826;1;La Reina;final;1141.452;1813.718;1141.452;373.718;211.318
4827;1;La Reina;final;1144.353;1821.218;1144.353;381.218;179.988
4828;1;La Reina;final;1407.595;1836.218;1407.595;396.218;296.931
4829;1;La Reina;final;1346.855;1843.718;1346.855;403.718;249.333
4830;1;La Reina;final;1441.063;1851.218;1.063;411.218;273.853
4831;1;La Reina;final;1204.168;1858.718;1204.168;418.718;187.198
4832;1;La Reina;final;1260.268;1873.718;1260.268;433.718;196.632
4833;1;La Reina;final;1188.42;1888.718;1188.42;448.718;180.394
4834;1;La Reina;final;1249.503;1896.218;1249.503;456.218;179.834
4835;1;La Reina;final;1105.671;1757.24;1105.671;317.24;314.187
4835.1;1;La Reina;final;1508.567;2488.786;68.567;1048.786;202.838
4836;1;La Reina;final;1140.986;1772.24;1140.986;332.24;311.678
4836.1;1;La Reina;final;1283.85;2530.983;1283.85;1090.983;73.617
4837;1;La Reina;final;1278.86;1811.24;1278.86;371.24;305.305
4837.1;1;La Reina;final;1384.21;2683.438;1384.21;1243.438;57.644
4838;1;La Reina;final;1239.705;1815.74;1239.705;375.74;286.06
4839;1;La Reina;final;1221.115;1824.74;1221.115;384.74;301.429
4839.1;1;La Reina;final;1375.538;2604.977;1375.538;1164.977;84.644
4840;1;La Reina;final;1206.323;1829.24;1206.323;389.24;302.66
4840.1;1;La Reina;final;1289.273;2546.848;1289.273;1106.848;99.28
4841;1;La Reina;final;1308.45;1838.24;1308.45;398.24;312.187
4841.1;1;La Reina;final;1436.5;2700.983;1436.5;1260.983;73.617
4842;1;La Reina;final;1372.22;1847.24;1372.22;407.24;303.831
4843;1;La Reina;final;1282.69;1878.74;1282.69;438.74;291.986
4844;1;La Reina;final;1273.577;2522.24;1273.577;1082.24;85.81
4845;1;La Reina;final;1234.806;1729.769;1234.806;289.769;306.218
4845.1;1;La Reina;final;1457.167;2580.436;17.167;1140.436;143.805
4846;1;La Reina;final;1112.131;1744.769;1112.131;304.769;306.391
4846.1;1;La Reina;final;1550.166;2502.777;110.166;1062.777;191.87
4847;1;La Reina;final;1184.377;1785.336;1184.377;345.336;306.519
4847.1;1;La Reina;final;1453.752;2587.521;13.752;1147.521;130.911
4848;1;La Reina;final;1222.76;1806.469;1222.76;366.469;306.519
4848.1;1;La Reina;final;1345.66;2635.438;1345.66;1195.438;57.644
4849;1;La Reina;final;1166.393;1817.036;1166.393;377.036;290.734
4849.1;1;La Reina;final;1259.96;2559.107;1259.96;1119.107;79.864
4850;1;La Reina;final;1124.986;1747.521;1124.986;307.521;270.297
4850.1;1;La Reina;final;1453.367;2520.583;13.367;1080.583;134.308
4851;1;La Reina;final;1378.893;1759.521;1378.893;319.521;314.024
4852;1;La Reina;final;1308.54;1807.521;1308.54;367.521;279.666
4853;1;La Reina;final;1358.51;1815.021;1358.51;375.021;280.197
4854;1;La Reina;final;1194.377;1822.521;1194.377;382.521;212.664
4855;1;La Reina;final;1415.965;1837.521;1415.965;397.521;302.415
4855.1;1;La Reina;final;1481.381;2799.777;41.381;1359.777;55.939
4856;1;La Reina;final;1350.851;1852.521;1350.851;412.521;259.15
4857;1;La Reina;final;1280.89;1860.021;1280.89;420.021;269.901
4858;1;La Reina;final;1277.436;1867.521;1277.436;427.521;270.232
4858.1;1;La Reina;final;1547.6;2670.983;107.6;1230.983;134.308
4859;1;La Reina;final;1172.693;1897.521;1172.693;457.521;195.045
4860;1;La Reina;final;1266.86;2455.521;1266.86;1015.521;79.036
4861;1;La Reina;final;1154.377;2463.521;1154.377;1023.521;39.642
4862;1;La Reina;final;1261.017;2487.521;1261.017;1047.521;61.771
4863;1;La Reina;final;1342.26;2519.521;1342.26;1079.521;82.589
4864;1;La Reina;final;1266.543;2527.521;1266.543;1087.521;61.5
4865;1;La Reina;final;1424.155;1839.648;1424.155;399.648;306.303
4865.1;1;La Reina;final;1639.779;2856.314;199.779;1416.314;102.874
4866;1;La Reina;final;1318.862;1849.648;1318.862;409.648;259.018
4867;1;La Reina;final;1350.405;1879.648;1350.405;439.648;274.533
4868;1;La Reina;final;1327.886;1889.648;1327.886;449.648;264.936
4868.1;1;La Reina;final;1533.612;2735.708;93.612;1295.708;111.363
4869;1;La Reina;final;1154.006;1757.927;1154.006;317.927;313.094
4869.1;1;La Reina;final;1308.859;2557.927;1308.859;1117.927;95.49
4870;1;La Reina;final;1282.722;1767.927;1282.722;327.927;260.892
4871;1;La Reina;final;1201.726;1777.927;1201.726;337.927;308.929
4871.1;1;La Reina;final;1573.112;2618.016;133.112;1178.016;168.849
4872;1;La Reina;final;1131.829;1787.927;1131.829;347.927;276.497
4872.1;1;La Reina;final;1280.913;2488.253;1280.913;1048.253;88.186
4873;1;La Reina;final;1208.767;1797.927;1208.767;357.927;250.864
4874;1;La Reina;final;1237.123;1817.394;1237.123;377.394;313.094
4874.1;1;La Reina;final;1468.259;2640.427;28.259;1200.427;137.674
4875;1;La Reina;final;1165.406;1826.86;1165.406;386.86;270.909
4876;1;La Reina;final;1202.043;1836.327;1202.043;396.327;224.066
4877;1;La Reina;final;1203.768;1841.06;1203.768;401.06;228.369
4878;1;La Reina;final;1182.506;1845.794;1182.506;405.794;270.909
4879;1;La Reina;final;1221.422;1850.527;1221.422;410.527;274.936
4879.1;1;La Reina;final;1415.446;2649.374;1415.446;1209.374;93.026
4880;1;La Reina;final;527.026;1855.26;527.026;415.26;53.305
4881;1;La Reina;final;1312.01;1878.927;1312.01;438.927;304.615
4882;1;La Reina;final;1282.673;1883.66;1282.673;443.66;313.094
4882.1;1;La Reina;final;1362.673;2687.927;1362.673;1247.927;59.986
4883;1;La Reina;final;1287.593;1897.927;1287.593;457.927;306.413
4884;1;La Reina;final;1277.743;2464.327;1277.743;1024.327;98.006
4885;1;La Reina;final;1352.673;2492.527;1352.673;1052.527;144.356
4886;1;La Reina;final;1300.069;2520.727;1300.069;1080.727;86.292
4887;1;La Reina;intermedia;937.455;960.0;937.455;960.0;257.206
4887;2;La Reina;final;1315.886;1387.962;1315.886;1387.962;118.344
4887.1;1;La Reina;final;1373.619;2722.808;1373.619;1282.808;42.001
4888;1;La Reina;final;1033.106;1417.962;1033.106;1417.962;305.477
4888.1;1;La Reina;final;1164.86;2453.976;1164.86;1013.976;55.703
4889;1;La Reina;final;1214.795;1717.962;1214.795;277.962;300.64
4889.1;1;La Reina;final;1353.085;2517.876;1353.085;1077.876;117.937
4890;1;La Reina;final;1239.922;1727.962;1239.922;287.962;296.046
4890.1;1;La Reina;final;1356.655;2671.908;1356.655;1231.908;52.14
4891;1;La Reina;final;1142.606;1737.962;1142.606;297.962;305.477
4891.1;1;La Reina;final;1501.784;2545.026;61.784;1105.026;170.917
4892;1;La Reina;final;1191.45;1747.962;1191.45;307.962;287.027
4892.1;1;La Reina;final;1333.85;2580.983;1333.85;1140.983;73.617
4893;1;La Reina;final;1347.362;1789.962;1347.362;349.962;241.488
4894;1;La Reina;final;1203.809;1807.962;1203.809;367.962;298.796
4895;1;La Reina;final;1266.91;1813.962;1266.91;373.962;309.046
4895.1;1;La Reina;final;1492.49;2670.021;52.49;1230.021;115.923
4896;1;La Reina;final;1222.123;1819.962;1222.123;379.962;305.477
4896.1;1;La Reina;final;1368.859;2625.427;1368.859;1185.427;95.49
4897;1;La Reina;final;1287.393;1747.521;1287.393;307.521;303.569
4898;1;La Reina;final;1179.922;1767.521;1179.922;327.521;261.471
4899;1;La Reina;final;566.317;1787.521;566.317;347.521;85.323
4900;1;La Reina;final;1183.329;1807.521;1183.329;367.521;231.584
4901;1;La Reina;final;1196.604;1815.688;1196.604;375.688;218.651
4902;1;La Reina;final;1352.727;1823.855;1352.727;383.855;292.294
4902.1;1;La Reina;final;1461.784;2754.571;21.784;1314.571;68.871
4903;1;La Reina;final;1403.452;1848.355;1403.452;408.355;313.657
4903.1;1;La Reina;final;1472.378;2820.198;32.378;1380.198;45.211
4904;1;La Reina;final;1186.1;1856.521;1186.1;416.521;211.034
4905;1;La Reina;final;1188.106;1872.855;1188.106;432.855;236.22
4906;1;La Reina;final;1417.49;1897.521;1417.49;457.521;292.149
4907;1;La Reina;final;1193.577;1915.521;1193.577;475.521;172.284
4908;1;La Reina;final;1415.841;1759.374;1415.841;319.374;309.119
4908.1;1;La Reina;final;1473.212;2810.624;33.212;1370.624;48.217
4909;1;La Reina;final;1277.079;1771.374;1277.079;331.374;271.825
4910;1;La Reina;final;1178.722;1783.374;1178.722;343.374;207.126
4911;1;La Reina;final;1295.465;1795.374;1295.465;355.374;287.721
4912;1;La Reina;final;1284.268;1807.374;1284.268;367.374;258.255
4913;1;La Reina;final;1391.579;1819.374;1391.579;379.374;305.181
4914;1;La Reina;final;1381.414;1828.374;1381.414;388.374;269.796
4914.1;1;La Reina;final;1524.005;2786.208;84.005;1346.208;88.926
4915;1;La Reina;final;1248.213;1837.374;1248.213;397.374;271.826
4915.1;1;La Reina;final;1443.813;2597.353;3.813;1157.353;132.886
4916;1;La Reina;final;1220.902;1846.374;1220.902;406.374;229.243
4917;1;La Reina;final;1146.426;1855.374;1146.426;415.374;148.747
4918;1;La Reina;final;1160.905;1864.374;1160.905;424.374;188.689
4919;1;La Reina;final;1260.243;1873.374;1260.243;433.374;201.443
4920;1;La Reina;final;1446.163;1891.374;6.163;451.374;303.004
4921;1;La Reina;final;1399.502;1909.374;1399.502;469.374;274.773
4922;1;La Reina;final;1358.712;1933.874;1358.712;493.874;224.197
4923;1;La Reina;final;1345.405;1999.374;1345.405;559.374;207.157
4924;1;La Reina;final;1472.162;2539.374;32.162;1099.374;149.037
4925;1;La Reina;final;1278.705;1741.397;1278.705;301.397;255.046
4926;1;La Reina;final;1330.818;1753.397;1330.818;313.397;314.622
4926.1;1;La Reina;final;1491.938;2702.016;51.938;1262.016;108.831
4927;1;La Reina;final;1315.945;1813.397;1315.945;373.397;275.303
4928;1;La Reina;final;1224.795;1748.017;1224.795;308.017;281.583
4928.1;1;La Reina;final;1363.085;2528.776;1363.085;1088.776;117.937
4929;1;La Reina;final;1171.106;1768.017;1171.106;328.017;291.71
4930;1;La Reina;final;1329.728;1788.017;1329.728;348.017;286.707
4931;1;La Reina;final;1321.116;1721.304;1321.116;281.304;307.695
4931.1;1;La Reina;final;1499.645;2705.353;59.645;1265.353;106.986
4932;1;La Reina;final;1297.833;1741.304;1297.833;301.304;297.253
4932.1;1;La Reina;final;1515.648;2668.021;75.648;1228.021;127.69
4933;1;La Reina;final;525.951;1799.304;525.951;359.304;72.034
4934;1;La Reina;final;1304.028;1817.304;1304.028;377.304;276.115
4935;1;La Reina;final;1156.852;1853.304;1156.852;413.304;213.583
4936;1;Vespucio Norte;final;1154.455;1727.556;1154.455;287.556;302.713
4936.1;1;Vespucio Norte;final;1206.936;2535.319;1206.936;1095.319;43.669
4937;1;Vespucio Norte;final;1315.905;1742.556;1315.905;302.556;300.954
4937.1;1;Vespucio Norte;final;1452.478;2698.024;12.478;1258.024;89.356
4938;1;Vespucio Norte;final;1296.298;1757.556;1296.298;317.556;308.638
4938.1;1;Vespucio Norte;final;1374.418;2714.436;1374.418;1274.436;41.239
4939;1;Vespucio Norte;final;1244.11;1772.556;1244.11;332.556;274.509
4940;1;Vespucio Norte;final;1192.536;1910.223;1192.536;470.223;200.035
4941;1;Vespucio Norte;final;1318.645;1749.998;1318.645;309.998;302.899
4942;1;Vespucio Norte;final;1166.299;1758.565;1166.299;318.565;285.374
4942.1;1;Vespucio Norte;final;1269.515;2508.235;1269.515;1068.235;88.632
4943;1;Vespucio Norte;final;1259.714;1767.132;1259.714;327.132;284.537
4943.1;1;Vespucio Norte;final;1383.408;2691.654;1383.408;1251.654;62.231
4944;1;Vespucio Norte;final;1193.211;1775.698;1193.211;335.698;260.837
4944.1;1;Vespucio Norte;final;1373.372;2576.119;1373.372;1136.119;98.616
4945;1;Vespucio Norte;final;1250.113;1784.265;1250.113;344.265;305.711
4945.1;1;Vespucio Norte;final;1451.813;2685.076;11.813;1245.076;89.185
4946;1;Vespucio Norte;final;1249.059;1792.832;1249.059;352.832;305.678
4947;1;Vespucio Norte;final;1276.709;1809.965;1276.709;369.965;305.678
4947.1;1;Vespucio Norte;final;1343.717;2685.998;1343.717;1245.998;39.55
4948;1;Vespucio Norte;final;1251.417;1809.998;1251.417;369.998;289.142
4948.1;1;Vespucio Norte;final;1339.76;2663.474;1339.76;1223.474;49.905
4949;1;Vespucio Norte;final;1257.596;1829.998;1257.596;389.998;256.615
4950;1;Vespucio Norte;final;1302.768;1839.998;1302.768;399.998;296.15
4950.1;1;Vespucio Norte;final;1492.478;2714.248;52.478;1274.248;106.337
4951;1;Vespucio Norte;final;1271.579;1859.998;1271.579;419.998;273.02
4952;1;Vespucio Norte;final;1351.748;1869.998;1351.748;429.998;295.001
4953;1;Vespucio Norte;final;1425.131;1879.998;1425.131;439.998;307.352
4953.1;1;Vespucio Norte;final;1451.331;2844.436;11.331;1404.436;21.021
4954;1;Vespucio Norte;final;1490.011;1899.998;50.011;459.998;313.648
4955;1;Vespucio Norte;final;1460.316;2529.932;20.316;1089.932;157.597
4956;1;Vespucio Norte;final;1359.792;2529.998;1359.792;1089.998;121.061
4957;1;La Reina;final;1282.119;1747.438;1282.119;307.438;283.497
4958;1;La Reina;final;1127.977;1767.438;1127.977;327.438;221.358
4959;1;La Reina;final;1237.313;1816.438;1237.313;376.438;274.777
4959.1;1;La Reina;final;1453.996;2586.453;13.996;1146.453;132.886
4960;1;La Reina;final;1317.101;1825.438;1317.101;385.438;244.461
4961;1;La Reina;final;1418.243;1852.438;1418.243;412.438;294.48
4962;1;La Reina;final;1212.46;1720.502;1212.46;280.502;292.651
4962.1;1;La Reina;final;1317.756;2619.604;1317.756;1179.604;61.429
4963;1;La Reina;final;1284.069;1740.502;1284.069;300.502;295.001
4964;1;La Reina;final;1136.906;1760.502;1136.906;320.502;283.282
4964.1;1;La Reina;final;1378.859;2542.927;1378.859;1102.927;137.674
4965;1;La Reina;final;1313.456;1780.502;1313.456;340.502;312.069
4965.1;1;La Reina;final;1344.41;2653.319;1344.41;1213.319;62.398
4966;1;La Reina;final;1176.268;1814.252;1176.268;374.252;224.586
4967;1;La Reina;final;1345.143;1825.502;1345.143;385.502;268.469
4968;1;La Reina;final;1460.583;1836.752;20.583;396.752;309.85
4968.1;1;La Reina;final;1573.3;2850.917;133.3;1410.917;73.617
4969;1;La Reina;final;530.023;1747.521;530.023;307.521;90.087
4970;1;La Reina;final;1223.093;1777.521;1223.093;337.521;300.84
4970.1;1;La Reina;final;1318.71;2614.407;1318.71;1174.407;78.544
4971;1;La Reina;final;1270.013;1807.521;1270.013;367.521;281.969
4971.1;1;La Reina;final;1364.046;2619.253;1364.046;1179.253;88.186
4972;1;La Reina;final;1327.101;1814.438;1327.101;374.438;255.84
4973;1;La Reina;final;1285.21;1821.355;1285.21;381.355;279.413
4974;1;La Reina;final;1432.49;1828.271;1432.49;388.271;314.593
4974.1;1;La Reina;final;1462.243;2779.769;22.243;1339.769;62.398
4975;1;La Reina;final;1225.548;1835.188;1225.548;395.188;222.984
4976;1;La Reina;final;1245.823;1842.105;1245.823;402.105;303.008
4976.1;1;La Reina;final;1298.127;2597.569;1298.127;1157.569;62.398
4977;1;La Reina;final;1299.323;1849.021;1299.323;409.021;254.654
4978;1;La Reina;final;1382.96;1862.855;1382.96;422.855;295.702
4978.1;1;La Reina;final;1464.723;2785.927;24.723;1345.927;59.986
4979;1;La Reina;final;1272.452;1876.688;1272.452;436.688;253.284
4980;1;La Reina;final;578.317;1883.605;578.317;443.605;49.99
4981;1;La Reina;final;1253.577;1890.521;1253.577;450.521;213.549
4982;1;La Reina;final;1246.91;1897.438;1246.91;457.438;213.91
4983;1;La Reina;final;1367.905;1897.521;1367.905;457.521;266.056
4984;1;La Reina;final;1303.727;1945.071;1303.727;505.071;210.626
4985;1;La Reina;final;1382.218;2482.521;1382.218;1042.521;104.796
4986;1;La Reina;final;1130.06;2492.521;1130.06;1052.521;25.441
4987;1;La Reina;final;1156.604;1762.371;1156.604;322.371;261.631
4988;1;La Reina;final;1406.495;1827.371;1406.495;387.371;277.804
4989;1;La Reina;final;1307.706;1857.371;1307.706;417.371;310.569
4989.1;1;La Reina;final;1402.596;2657.803;1402.596;1217.803;88.186
4990;1;La Reina;final;1358.633;1867.371;1358.633;427.371;267.395
4991;1;La Reina;final;1250.167;1737.706;1250.167;297.706;273.096
4992;1;La Reina;final;1202.143;1752.706;1202.143;312.706;249.426
4993;1;La Reina;final;1176.452;1817.706;1176.452;377.706;234.257
4994;1;La Reina;final;1035.519;1415.708;1035.519;1415.708;264.924
4994.1;1;La Reina;final;1586.445;2462.108;146.445;1022.108;216.238
4995;1;La Reina;final;1303.362;1760.708;1303.362;320.708;287.499
4996;1;La Reina;final;1352.762;1775.708;1352.762;335.708;312.479
4997;1;La Reina;final;1346.779;1790.708;1346.779;350.708;286.374
4997.1;1;La Reina;final;1468.235;2766.657;28.235;1326.657;57.942
4998;1;La Reina;final;524.603;1754.893;524.603;314.893;69.965
4999;1;La Reina;final;1306.568;1769.893;1306.568;329.893;265.809
5000;1;La Reina;final;1289.435;1784.893;1289.435;344.893;255.705
5001;1;La Reina;final;1446.635;1799.893;6.635;359.893;300.768
5001.1;1;La Reina;final;1545.048;2821.614;105.048;1381.614;81.165
5002;1;La Reina;final;1298.052;1814.893;1298.052;374.893;228.038
5003;1;La Reina;final;551.785;1840.593;551.785;400.593;51.886
5004;1;La Reina;final;1401.655;1853.443;1401.655;413.443;292.185
5004.1;1;La Reina;final;1486.635;2830.245;46.635;1390.245;46.394
5005;1;La Reina;final;1441.953;1866.293;1.953;426.293;296.967
5006;1;La Reina;final;1165.452;1891.993;1165.452;451.993;201.114
5007;1;La Reina;final;1212.335;1904.843;1212.335;464.843;196.984
5008;1;La Reina;final;1381.552;1904.893;1381.552;464.893;261.033
5009;1;La Reina;final;1173.538;1760.708;1173.538;320.708;230.908
5010;1;La Reina;final;1318.722;1775.708;1318.722;335.708;279.109
5010.1;1;La Reina;final;1533.112;2749.648;93.112;1309.648;102.874
5011;1;La Reina;final;1326.735;1790.708;1326.735;350.708;289.063
5011.1;1;La Reina;final;1449.931;2708.714;9.931;1268.714;81.165
5012;1;La Reina;final;1362.548;1832.708;1362.548;392.708;278.092
5013;1;La Reina;final;1395.379;1859.708;1395.379;419.708;281.868
5014;1;La Reina;final;1329.17;1747.438;1329.17;307.438;279.713
5015;1;La Reina;final;1131.543;1757.438;1131.543;317.438;239.878
5016;1;La Reina;final;1167.436;1767.438;1167.436;327.438;306.131
5016.1;1;La Reina;final;1313.85;2560.983;1313.85;1120.983;73.617
5017;1;La Reina;final;1166.604;1777.438;1166.604;337.438;277.521
5018;1;La Reina;final;1175.677;1787.438;1175.677;347.438;271.511
5019;1;La Reina;final;1335.962;1828.188;1335.962;388.188;288.902
5020;1;La Reina;final;1438.827;1842.021;1438.827;402.021;298.591
5020.1;1;La Reina;final;1522.49;2842.438;82.49;1402.438;61.429
5021;1;La Reina;final;1424.523;1848.938;1424.523;408.938;304.608
5021.1;1;La Reina;final;1447.243;2764.769;7.243;1324.769;62.398
5022;1;La Reina;final;1257.181;1862.771;1257.181;422.771;274.541
5023;1;La Reina;final;924.801;1384.769;924.801;1384.769;313.357
5023.1;1;La Reina;final;1290.16;2302.582;1290.16;862.582;138.775
5024;1;La Reina;final;1242.86;1414.769;1242.86;1414.769;308.609
5024.1;1;La Reina;final;1334.573;2647.438;1334.573;1207.438;61.429
5025;1;La Reina;final;1267.165;1444.769;1267.165;4.769;200.801
5026;1;La Reina;final;1376.541;1714.769;1376.541;274.769;298.237
5026.1;1;La Reina;final;1422.496;2758.953;1422.496;1318.953;46.915
5027;1;La Reina;final;1127.085;1729.769;1127.085;289.769;252.481
5028;1;La Reina;final;1293.17;1744.769;1293.17;304.769;277.421
5029;1;La Reina;final;1349.633;1759.769;1349.633;319.769;313.243
5029.1;1;La Reina;final;1481.784;2720.086;41.784;1280.086;93.5
5030;1;La Reina;final;1269.177;1804.769;1269.177;364.769;280.312
5031;1;La Reina;final;1313.746;1809.514;1313.746;369.514;307.526
5031.1;1;La Reina;final;1473.917;2706.983;33.917;1266.983;84.973
5032;1;La Reina;final;1338.85;1825.848;1338.85;385.848;308.361
5032.1;1;La Reina;final;1496.2;2652.927;56.2;1212.927;120.413
5033;1;La Reina;final;1353.85;1834.014;1353.85;394.014;308.361
5034;1;La Reina;final;1246.727;1891.181;1246.727;451.181;287.536
5035;1;La Reina;final;1130.905;1891.348;1130.905;451.348;209.795
5036;1;La Reina;final;1296.062;1899.514;1296.062;459.514;270.564
5037;1;La Reina;final;1267.436;1915.848;1267.436;475.848;287.256
5038;1;La Reina;final;1365.715;1924.014;1365.715;484.014;291.226
5039;1;La Reina;final;1443.838;2512.714;3.838;1072.714;176.365
5040;1;La Reina;final;1367.643;2521.281;1367.643;1081.281;119.77
5041;1;La Reina;final;1197.106;2521.348;1197.106;1081.348;62.243
5042;1;La Reina;final;1097.656;1716.848;1097.656;276.848;309.93
5042.1;1;La Reina;final;1325.583;2440.848;1325.583;1000.848;122.019
5043;1;La Reina;final;919.881;1731.848;919.881;291.848;282.925
5043.1;1;La Reina;final;1369.148;2350.26;1369.148;910.26;164.958
5044;1;La Reina;final;1179.45;1746.848;1179.45;306.848;296.446
5044.1;1;La Reina;final;1323.85;2570.983;1323.85;1130.983;73.617
5045;1;La Reina;final;1136.054;1803.848;1136.054;363.848;261.031
5045.1;1;La Reina;final;1275.766;2526.343;1275.766;1086.343;81.23
5046;1;La Reina;final;1269.238;1812.848;1269.238;372.848;286.666
5047;1;La Reina;final;1339.148;1797.379;1339.148;357.379;290.132
5047.1;1;La Reina;final;1530.467;2727.777;90.467;1287.777;110.192
5048;1;La Reina;final;1216.452;1819.863;1216.452;379.863;106.981
5049;1;La Reina;final;1213.433;1887.313;1213.433;447.313;222.852
5050;1;La Reina;final;1141.865;1887.379;1141.865;447.379;71.993
5051;1;La Reina;final;1255.353;1806.218;1255.353;366.218;232.338
5052;1;La Reina;final;1174.305;1817.468;1174.305;377.468;211.581
5053;1;La Reina;final;505.57;1828.718;505.57;388.718;44.192
5054;1;La Reina;final;528.07;1851.218;528.07;411.218;44.192
5055;1;La Reina;final;1129.37;1862.468;1129.37;422.468;159.83
5056;1;La Reina;final;1396.885;1873.718;1396.885;433.718;311.728
5057;1;La Reina;final;1488.235;1884.968;48.235;444.968;284.79
5058;1;La Reina;final;1377.962;1830.435;1377.962;390.435;274.896
5059;1;La Reina;final;1223.279;1841.685;1223.279;401.685;231.689
5060;1;La Reina;final;1262.881;1734.958;1262.881;294.958;254.335
5061;1;La Reina;final;1343.429;1749.958;1343.429;309.958;304.408
5062;1;La Reina;final;1375.213;1764.958;1375.213;324.958;308.079
5062.1;1;La Reina;final;1483.991;2740.971;43.991;1300.971;80.79
5063;1;La Reina;final;1350.846;1779.958;1350.846;339.958;310.43
5063.1;1;La Reina;final;1519.063;2755.488;79.063;1315.488;92.623
5064;1;La Reina;final;1388.235;1815.864;1388.235;375.864;302.124
5065;1;La Reina;final;1351.881;1845.864;1351.881;405.864;252.895
5066;1;La Reina;final;552.246;1855.864;552.246;415.864;47.323
5067;1;La Reina;final;1414.279;1865.864;1414.279;425.864;290.695
5067.1;1;La Reina;final;1507.462;2818.355;67.462;1378.355;58.518
5068;1;La Reina;final;1492.396;2471.258;52.396;1031.258;172.172
5069;1;La Reina;final;1473.896;2503.958;33.896;1063.958;156.676
5070;1;La Reina;final;1458.796;2514.958;18.796;1074.958;148.656
5071;1;La Reina;final;1280.007;1748.355;1280.007;308.355;277.599
5072;1;La Reina;final;1162.014;1763.355;1162.014;323.355;244.338
5072.1;1;La Reina;final;1340.45;2566.689;1340.45;1126.689;90.926
5073;1;La Reina;final;1403.838;1778.355;1403.838;338.355;301.351
5074;1;La Reina;final;1254.312;1793.355;1254.312;353.355;269.853
5075;1;La Reina;final;1203.596;1808.355;1203.596;368.355;235.774
5076;1;La Reina;final;1382.652;1818.355;1382.652;378.355;294.919
5077;1;La Reina;final;1160.396;1858.355;1160.396;418.355;217.723
5078;1;La Reina;final;1408.235;1868.355;1408.235;428.355;298.178
5079;1;La Reina;final;1254.812;1878.355;1254.812;438.355;226.066
5080;1;La Reina;final;1381.897;1898.355;1381.897;458.355;276.307
5081;1;La Reina;final;1264.205;1748.355;1264.205;308.355;288.303
5082;1;La Reina;final;1333.929;1760.355;1333.929;320.355;292.367
5082.1;1;La Reina;final;1507.964;2738.355;67.964;1298.355;99.806
5083;1;La Reina;final;1204.312;1772.355;1204.312;332.355;245.675
5084;1;La Reina;final;1375.262;1784.355;1375.262;344.355;305.245
5084.1;1;La Reina;final;1469.479;2778.355;29.479;1338.355;60.084
5085;1;La Reina;final;1209.24;1796.355;1209.24;356.355;235.326
5086;1;La Reina;final;1306.107;1808.355;1306.107;368.355;259.649
5087;1;La Reina;final;1298.44;1817.355;1298.44;377.355;255.647
5088;1;La Reina;final;1296.25;1826.355;1296.25;386.355;279.744
5089;1;La Reina;final;1233.1;1844.355;1233.1;404.355;238.97
5090;1;La Reina;final;1477.964;1853.355;37.964;413.355;301.738
5090.1;1;La Reina;final;1522.012;2834.319;82.012;1394.319;58.255
5091;1;La Reina;final;1327.255;1871.355;1327.255;431.355;235.339
5092;1;La Reina;final;1386.469;1880.355;1386.469;440.355;270.274
5092.1;1;La Reina;final;1586.945;2789.041;146.945;1349.041;111.363
5093;1;La Reina;final;1318.767;1889.355;1318.767;449.355;243.563
5094;1;La Reina;final;1368.691;1898.355;1368.691;458.355;249.191
5095;1;La Reina;final;1315.446;1760.304;1315.446;320.304;290.7
5096;1;La Reina;final;1382.848;1772.304;1382.848;332.304;313.852
5096.1;1;La Reina;final;1527.329;2748.652;87.329;1308.652;101.406
5097;1;La Reina;final;1293.475;1799.304;1293.475;359.304;288.687
5097.1;1;La Reina;final;1453.489;2694.808;13.489;1254.808;88.926
5098;1;La Reina;final;1283.502;1814.304;1283.502;374.304;270.994
5098.1;1;La Reina;final;1504.829;2684.258;64.829;1244.258;111.363
5099;1;La Reina;final;1357.331;1836.804;1357.331;396.804;289.97
5100;1;La Reina;final;1243.214;1844.304;1243.214;404.304;259.246
5100.1;1;La Reina;final;1417.55;2643.789;1417.55;1203.789;90.926
5101;1;La Reina;final;1228.909;1851.804;1228.909;411.804;247.46
5101.1;1;La Reina;final;1400.417;2626.656;1400.417;1186.656;90.926
5102;1;La Reina;final;1415.458;1859.304;1415.458;419.304;303.136
5102.1;1;La Reina;final;1461.414;2818.355;21.414;1378.355;39.415
5103;1;La Reina;final;1480.786;2504.304;40.786;1064.304;159.518
5104;1;La Reina;final;586.812;1748.355;586.812;308.355;92.158
5105;1;La Reina;final;1282.575;1778.355;1282.575;338.355;285.954
5105.1;1;La Reina;final;1489.347;2684.808;49.347;1244.808;112.201
5106;1;La Reina;final;1379.679;1808.355;1379.679;368.355;299.706
5106.1;1;La Reina;final;1462.964;2783.355;22.964;1343.355;56.655
5107;1;La Reina;final;1452.396;1868.355;12.396;428.355;312.862
5107.1;1;La Reina;final;1485.996;2807.637;45.996;1367.637;49.917
5108;1;La Reina;final;1338.289;1883.355;1338.289;443.355;273.735
5109;1;La Reina;final;1336.196;1898.355;1336.196;458.355;235.102
5110;1;Los Espinos;final;1302.426;1763.191;1302.426;323.191;268.427
5111;1;Los Espinos;final;1297.309;1778.191;1297.309;338.191;268.146
5112;1;Los Espinos;final;1187.826;1793.191;1187.826;353.191;226.428
5113;1;Los Espinos;final;1306.176;1808.191;1306.176;368.191;252.596
5114;1;Los Espinos;final;1221.193;1868.191;1221.193;428.191;210.877
5115;1;Los Espinos;final;1229.76;1878.191;1229.76;438.191;210.877
5116;1;Los Espinos;final;1358.943;1888.191;1358.943;448.191;252.876
5117;1;Los Espinos;final;1167.354;1464.246;1167.354;24.246;297.729
5117.1;1;Los Espinos;final;1459.389;2562.865;19.389;1122.865;125.473
5118;1;Los Espinos;final;1303.557;1734.246;1303.557;294.246;314.661
5118.1;1;Los Espinos;final;1464.302;2740.76;24.302;1300.76;65.047
5119;1;Los Espinos;final;1360.484;1746.246;1360.484;306.246;304.401
5119.1;1;Los Espinos;final;1511.942;2744.894;71.942;1304.894;90.582
5120;1;Los Espinos;final;1326.176;1758.246;1326.176;318.246;280.115
5121;1;Los Espinos;final;1325.193;1770.246;1325.193;330.246;280.396
5122;1;Los Espinos;final;1262.426;1782.246;1262.426;342.246;254.228
5123;1;Los Espinos;final;1292.46;1814.246;1292.46;374.246;273.149
5124;1;Los Espinos;final;1206.259;1844.246;1206.259;404.246;212.229
5125;1;Los Espinos;final;542.959;1854.246;542.959;414.246;45.075
5126;1;Los Espinos;final;1144.093;1864.246;1144.093;424.246;196.397
5127;1;Los Espinos;final;1178.609;2486.413;1178.609;1046.413;45.355
5128;1;La Reina;final;1310.362;1748.355;1310.362;308.355;280.855
5128.1;1;La Reina;final;1408.352;2733.757;1408.352;1293.757;48.341
5129;1;La Reina;final;1248.796;1760.355;1248.796;320.355;272.251
5130;1;La Reina;final;1174.812;1772.355;1174.812;332.355;239.689
5131;1;La Reina;final;1411.029;1784.355;1411.029;344.355;291.389
5132;1;La Reina;final;1178.909;1796.355;1178.909;356.355;248.174
5132.1;1;La Reina;final;1420.164;2576.208;1420.164;1136.208;112.201
5133;1;La Reina;final;1301.187;1808.355;1301.187;368.355;291.605
5133.1;1;La Reina;final;1363.037;2702.468;1363.037;1262.468;44.038
5134;1;La Reina;final;1416.565;1888.355;1416.565;448.355;273.439
5135;1;La Reina;final;1413.489;1898.355;1413.489;458.355;299.77
5136;1;La Reina;final;1009.741;1394.538;1009.741;1394.538;299.711
5136.1;1;La Reina;final;1265.141;2447.935;1265.141;1007.935;78.815
5137;1;La Reina;final;1102.014;1424.538;1102.014;1424.538;300.506
5137.1;1;La Reina;final;1327.334;2523.789;1327.334;1083.789;90.926
5138;1;La Reina;final;1184.212;1748.386;1184.212;308.386;264.568
5138.1;1;La Reina;final;1490.346;2588.355;50.346;1148.355;127.003
5139;1;La Reina;final;1102.422;1760.386;1102.422;320.386;223.217
5139.1;1;La Reina;final;1392.962;2533.648;1392.962;1093.648;102.874
5140;1;La Reina;final;1303.362;1772.386;1303.362;332.386;276.24
5141;1;La Reina;final;1395.591;1784.386;1395.591;344.386;286.67
5142;1;La Reina;final;1200.946;1793.386;1200.946;353.386;236.201
5143;1;La Reina;final;1260.775;1829.386;1260.775;389.386;252.246
5143.1;1;La Reina;final;1423.489;2664.808;1423.489;1224.808;88.926
5144;1;La Reina;final;1339.412;1856.386;1339.412;416.386;272.588
5145;1;La Reina;final;1315.212;1865.386;1315.212;425.386;260.802
5146;1;La Reina;final;588.196;1874.386;588.196;434.386;58.255
5147;1;La Reina;final;1372.479;2434.386;1372.479;994.386;124.896
5148;1;La Reina;final;1266.253;1787.935;1266.253;347.935;266.949
5149;1;La Reina;final;1496.624;1820.785;56.624;380.785;305.693
5150;1;La Reina;final;1341.512;1859.335;1341.512;419.335;235.44
5151;1;La Reina;final;1310.141;1872.185;1310.141;432.185;215.335
5152;1;La Reina;final;1158.909;1478.355;1158.909;38.355;305.678
5152.1;1;La Reina;final;1540.747;2558.122;100.747;1118.122;206.148
5153;1;La Reina;final;1271.675;1748.355;1271.675;308.355;294.609
5153.1;1;La Reina;final;1433.489;2674.808;1433.489;1234.808;88.926
5154;1;La Reina;final;1281.339;1756.921;1281.339;316.921;298.247
5154.1;1;La Reina;final;1478.946;2591.884;38.946;1151.884;141.199
5155;1;La Reina;final;1403.945;1765.488;1403.945;325.488;307.481
5156;1;La Reina;final;1381.562;1774.055;1381.562;334.055;307.24
5156.1;1;La Reina;final;1412.355;2620.245;1412.355;1180.245;102.298
5157;1;La Reina;final;1278.836;1782.621;1278.836;342.621;280.98
5158;1;La Reina;final;1248.062;1791.188;1248.062;351.188;247.409
5159;1;La Reina;final;1314.75;1799.755;1314.75;359.755;304.46
5160;1;La Reina;final;1286.196;1808.355;1286.196;368.355;275.946
5160.1;1;La Reina;final;1463.838;2713.648;23.838;1273.648;78.977
5161;1;La Reina;final;1341.069;1817.355;1341.069;377.355;245.558
5162;1;La Reina;final;560.096;1835.355;560.096;395.355;53.926
5163;1;La Reina;final;1289.922;1853.355;1289.922;413.355;240.082
5164;1;La Reina;final;587.096;1862.355;587.096;422.355;53.926
5165;1;La Reina;final;1342.912;1889.355;1342.912;449.355;255.334
5166;1;La Reina;final;1369.946;1898.355;1369.946;458.355;253.683
5167;1;La Reina;final;965.212;1418.355;965.212;1418.355;285.773
5167.1;1;La Reina;final;1421.812;2395.855;1421.812;955.855;163.678
5168;1;La Reina;final;1328.646;1448.355;1328.646;8.355;298.572
5168.1;1;La Reina;final;1501.474;2738.305;61.474;1298.305;90.948
5169;1;La Reina;final;1245.029;1748.355;1245.029;308.355;274.985
5169.1;1;La Reina;final;1487.746;2648.355;47.746;1208.355;118.287
5170;1;La Reina;final;1344.481;1763.355;1344.481;323.355;289.415
5170.1;1;La Reina;final;1513.819;2721.991;73.819;1281.991;96.943
5171;1;La Reina;final;1397.262;1778.355;1397.262;338.355;314.217
5172;1;La Reina;final;1258.107;1793.355;1258.107;353.355;263.621
5173;1;La Reina;final;1380.591;1808.355;1380.591;368.355;303.406
5173.1;1;La Reina;final;1518.258;2789.335;78.258;1349.335;78.815
5174;1;La Reina;final;1408.946;1823.355;1408.946;383.355;302.349
5175;1;La Reina;final;588.762;1830.855;588.762;390.855;58.426
5176;1;La Reina;final;1403.662;1838.355;1403.662;398.355;300.366
5176.1;1;La Reina;final;1508.162;2806.888;68.162;1366.888;65.477
5177;1;La Reina;final;1368.757;1853.355;1368.757;413.355;264.487
5178;1;La Reina;final;1271.612;1868.355;1271.612;428.355;239.148
5179;1;La Reina;final;1153.94;1875.855;1153.94;435.855;196.6
5180;1;La Reina;final;1212.796;1890.855;1212.796;450.855;185.906
5181;1;La Reina;final;1341.242;1898.355;1341.242;458.355;271.391
5182;1;La Reina;final;1346.435;1732.041;1346.435;292.041;296.429
5183;1;La Reina;final;1354.027;1744.041;1354.027;304.041;296.656
5184;1;La Reina;final;1383.146;1756.041;1383.146;316.041;313.2
5184.1;1;La Reina;final;1507.479;2786.355;67.479;1346.355;66.173
5185;1;La Reina;final;1264.312;1768.041;1264.312;328.041;278.132
5186;1;La Reina;final;1381.607;1780.041;1381.607;340.041;314.59
5187;1;La Reina;final;1193.214;1792.041;1193.214;352.041;263.404
5187.1;1;La Reina;final;1558.817;2593.341;118.817;1153.341;184.243
5188;1;La Reina;final;1228.075;1801.041;1228.075;361.041;258.656
5188.1;1;La Reina;final;1503.746;2627.608;63.746;1187.608;132.87
5189;1;La Reina;final;1274.63;1810.041;1274.63;370.041;250.752
5190;1;La Reina;final;552.962;1828.041;552.962;388.041;56.638
5191;1;La Reina;final;588.962;1864.041;588.962;424.041;56.638
5192;1;La Reina;final;1455.345;1882.041;15.345;442.041;313.411
5193;1;La Reina;final;1284.812;1894.891;1284.812;454.891;232.916
5194;1;La Reina;final;1380.846;1907.741;1380.846;467.741;285.69
5195;1;La Reina;final;1440.786;2342.041;0.786;902.041;179.888
5196;1;La Reina;final;1274.748;2413.841;1274.748;973.841;99.119
5197;1;La Reina;final;1544.462;2501.041;104.462;1061.041;180.656
5198;1;La Reina;final;1247.196;2511.941;1247.196;1071.941;58.245
5199;1;La Reina;final;1372.246;2512.041;1372.246;1072.041;100.386
5200;1;La Reina;final;1626.945;2524.041;186.945;1084.041;216.748
5201;1;La Reina;final;1334.679;1748.355;1334.679;308.355;304.78
5201.1;1;La Reina;final;1522.964;2738.355;82.964;1298.355;104.756
5202;1;La Reina;final;1365.591;1760.355;1365.591;320.355;313.089
5202.1;1;La Reina;final;1501.125;2772.202;61.125;1332.202;78.815
5203;1;La Reina;final;1337.075;1772.355;1337.075;332.355;305.462
5203.1;1;La Reina;final;1472.605;2734.808;32.605;1294.808;88.926
5204;1;La Reina;final;1343.062;1784.355;1343.062;344.355;276.636
5205;1;La Reina;final;1266.836;1796.355;1266.836;356.355;257.748
5206;1;La Reina;final;1419.212;1808.355;1419.212;368.355;292.913
5206.1;1;La Reina;final;1484.34;2824.021;44.34;1384.021;47.796
5207;1;La Reina;final;1343.064;1830.855;1343.064;390.855;290.676
5208;1;La Reina;final;1340.229;1842.105;1340.229;402.105;266.402
5209;1;La Reina;final;1360.596;1853.355;1360.596;413.355;257.783
5210;1;La Reina;final;1307.885;1864.605;1307.885;424.605;247.213
5211;1;La Reina;final;1417.897;1875.855;1417.897;435.855;294.419
5212;1;La Reina;final;1197.438;1748.355;1197.438;308.355;261.002
5213;1;La Reina;final;1307.462;1758.355;1307.462;318.355;267.084
5214;1;La Reina;final;1344.56;1768.355;1344.56;328.355;310.165
5215;1;La Reina;final;1208.381;1778.355;1208.381;338.355;256.138
5215.1;1;La Reina;final;1486.612;2610.475;46.612;1170.475;132.87
5216;1;La Reina;final;1398.179;1788.355;1398.179;348.355;290.756
5217;1;La Reina;final;1294.146;1798.355;1294.146;358.355;269.065
5218;1;La Reina;final;1411.381;1808.355;1411.381;368.355;314.186
5218.1;1;La Reina;final;1514.009;2796.31;74.009;1356.31;74.519
5219;1;La Reina;final;1241.081;1817.355;1241.081;377.355;266.85
5219.1;1;La Reina;final;1403.489;2644.808;1403.489;1204.808;88.926
5220;1;La Reina;final;568.996;1826.355;568.996;386.355;60.084
5221;1;La Reina;final;1372.555;1835.355;1372.555;395.355;301.336
5221.1;1;La Reina;final;1573.817;2691.834;133.817;1251.834;156.022
5222;1;La Reina;final;1294.63;1844.355;1294.63;404.355;276.577
5223;1;La Reina;final;1268.403;1880.355;1268.403;440.355;189.43
5224;1;La Reina;final;1510.487;1889.355;70.487;449.355;296.965
5225;1;La Reina;final;1273.781;1414.958;1273.781;1414.958;313.855
5225.1;1;La Reina;final;1470.612;2674.958;30.612;1234.958;97.744
5226;1;La Reina;final;1224.812;1444.958;1224.812;4.958;297.787
5226.1;1;La Reina;final;1304.63;2628.355;1304.63;1188.355;48.922
5227;1;La Reina;final;1334.919;1759.958;1334.919;319.958;306.45
5228;1;La Reina;final;1307.293;1774.958;1307.293;334.958;292.575
5228.1;1;La Reina;final;1417.243;2711.688;1417.243;1271.688;75.107
5229;1;La Reina;final;581.68;1789.958;581.68;349.958;91.445
5230;1;La Reina;final;1394.457;1804.958;1394.457;364.958;303.739
5231;1;La Reina;final;1294.312;1814.958;1294.312;374.958;234.006
5232;1;La Reina;final;1504.879;1864.958;64.879;424.958;309.933
5233;1;Los Espinos;final;1271.425;1748.296;1271.425;308.296;300.869
5233.1;1;Los Espinos;final;1370.802;2708.008;1370.802;1268.008;41.89
5234;1;Los Espinos;final;1346.702;1763.296;1346.702;323.296;307.904
5234.1;1;Los Espinos;final;1494.668;2719.728;54.668;1279.728;90.077
5235;1;Los Espinos;final;1348.992;1752.761;1348.992;312.761;296.547
5235.1;1;Los Espinos;final;1442.402;2783.008;2.402;1343.008;41.89
5236;1;Los Espinos;final;1192.426;1767.761;1192.426;327.761;247.445
5237;1;Los Espinos;final;1177.471;1782.761;1177.471;342.761;253.672
5238;1;Los Espinos;final;1323.292;1810.611;1323.292;370.611;279.885
5239;1;Los Espinos;final;1289.06;1752.591;1289.06;312.591;274.727
5240;1;Los Espinos;final;1412.628;1767.591;1412.628;327.591;312.429
5240.1;1;Los Espinos;final;1472.444;2838.591;32.444;1398.591;34.901
5241;1;Los Espinos;final;1338.994;1782.591;1338.994;342.591;282.451
5242;1;Los Espinos;final;1361.228;1797.591;1361.228;357.591;282.451
5243;1;Los Espinos;final;1364.694;1832.591;1364.694;392.591;282.451
5244;1;Los Espinos;final;1464.028;1852.591;24.028;412.591;312.429
5245;1;Los Espinos;final;1378.361;2512.591;1378.361;1072.591;102.582
5246;1;Los Espinos;final;1172.715;1737.623;1172.715;297.623;263.128
5247;1;Los Espinos;final;1353.497;1752.623;1353.497;312.623;305.989
5248;1;Los Espinos;final;1366.51;1767.623;1366.51;327.623;297.222
5249;1;Los Espinos;final;1429.761;1817.623;1429.761;377.623;304.946
5250;1;Los Espinos;final;1136.744;1837.623;1136.744;397.623;207.288
5251;1;Los Espinos;final;1269.928;2517.623;1269.928;1077.623;65.121
5252;1;La Reina;final;1342.991;1763.355;1342.991;323.355;306.63
5252.1;1;La Reina;final;1387.546;2724.958;1387.546;1284.958;48.217
5253;1;La Reina;final;588.125;1778.355;588.125;338.355;91.399
5254;1;La Reina;final;1344.102;1793.355;1344.102;353.355;311.895
5254.1;1;La Reina;final;1473.819;2700.558;33.819;1260.558;88.685
5255;1;La Reina;final;1435.246;1865.521;1435.246;425.521;308.729
5255.1;1;La Reina;final;1519.365;2841.155;79.365;1401.155;58.249
5256;1;La Reina;final;1250.748;1890.021;1250.748;450.021;225.2
5257;1;La Reina;final;998.716;1752.777;998.716;312.777;238.922
5257.1;1;La Reina;final;1560.812;2421.053;120.812;981.053;224.737
5258;1;La Reina;final;1253.164;1767.777;1253.164;327.777;307.71
5258.1;1;La Reina;final;1500.733;2631.765;60.733;1191.765;142.094
5259;1;La Reina;final;1241.143;1782.777;1241.143;342.777;262.665
5260;1;La Reina;final;1207.123;1797.777;1207.123;357.777;279.651
5260.1;1;La Reina;final;1292.673;2610.427;1292.673;1170.427;59.986
5261;1;La Reina;final;1291.317;1812.777;1291.317;372.777;274.786
5261.1;1;La Reina;final;1564.733;2682.983;124.733;1242.983;134.308
5262;1;La Reina;final;1244.069;1827.777;1244.069;387.777;251.566
5263;1;La Reina;final;1462.609;1842.777;22.609;402.777;305.198
5263.1;1;La Reina;final;1523.115;2813.107;83.115;1373.107;71.843
5264;1;La Reina;final;1259.243;1872.777;1259.243;432.777;235.883
5265;1;La Reina;final;1419.429;1887.777;1419.429;447.777;302.525
5265.1;1;La Reina;final;1474.805;2815.154;34.805;1375.154;50.192
5266;1;La Reina;final;1319.243;1917.777;1319.243;477.777;229.202
5267;1;La Reina;final;1410.905;1932.777;1410.905;492.777;296.448
5267.1;1;La Reina;final;1481.381;2825.812;41.381;1385.812;43.205
5268;1;La Reina;final;978.716;1750.145;978.716;310.145;251.1
5268.1;1;La Reina;final;1376.0;2403.92;1376.0;963.92;147.235
5269;1;La Reina;final;1235.465;1765.145;1235.465;325.145;267.146
5270;1;La Reina;final;1293.029;1780.145;1293.029;340.145;293.594
5271;1;La Reina;final;614.943;1795.145;614.943;355.145;91.02
5272;1;La Reina;final;1359.243;1825.145;1359.243;385.145;284.303
5273;1;La Reina;final;1427.476;1840.145;1427.476;400.145;295.266
5273.1;1;La Reina;final;1488.848;2778.841;48.848;1338.841;71.843
5274;1;La Reina;final;1364.212;1855.145;1364.212;415.145;279.841
5275;1;La Reina;final;1407.307;1870.145;1407.307;430.145;273.878
5276;1;La Reina;final;1459.246;1885.145;19.246;445.145;285.819
5277;1;La Reina;final;1271.465;1900.145;1271.465;460.145;225.524
5278;1;La Reina;final;1447.462;1915.145;7.462;475.145;301.185
5278.1;1;La Reina;final;1536.498;2858.288;96.498;1418.288;58.249
5279;1;La Reina;final;1409.855;2470.145;1409.855;1030.145;135.069
5280;1;La Reina;final;1041.237;1471.963;1041.237;31.963;300.462
5280.1;1;La Reina;final;1308.687;2437.963;1308.687;997.963;115.537
5281;1;La Reina;final;1152.837;1761.963;1152.837;321.963;300.168
5281.1;1;La Reina;final;1391.937;2545.963;1391.937;1105.963;115.733
5282;1;La Reina;final;1178.287;1781.963;1178.287;341.963;300.266
5282.1;1;La Reina;final;1457.571;2581.963;17.571;1141.963;146.325
5283;1;La Reina;final;1208.687;1813.213;1208.687;373.213;300.071
5283.1;1;La Reina;final;1477.571;2601.963;37.571;1161.963;146.228
5284;1;La Reina;final;526.221;1824.463;526.221;384.463;54.156
5285;1;La Reina;final;1251.121;1835.713;1251.121;395.713;300.071
5285.1;1;La Reina;final;1311.071;2641.963;1311.071;1201.963;54.059
5286;1;La Reina;final;1268.687;1858.213;1268.687;418.213;300.168
5286.1;1;La Reina;final;1454.504;2659.963;14.504;1219.963;115.635
5287;1;La Reina;final;1299.121;1869.463;1299.121;429.463;300.071
5287.1;1;La Reina;final;1494.504;2693.363;54.504;1253.363;115.733
5288;1;La Reina;final;1212.837;1880.713;1212.837;440.713;269.576
5289;1;La Reina;final;1198.287;1891.963;1198.287;451.963;269.282
5290;1;La Reina;final;1200.837;1801.963;1200.837;361.963;300.071
5290.1;1;La Reina;final;1474.504;2593.963;34.504;1153.963;146.423
5291;1;La Reina;final;1248.687;1837.963;1248.687;397.963;300.266
5291.1;1;La Reina;final;1383.071;2641.963;1383.071;1201.963;84.847
5292;1;La Reina;final;1227.121;1855.963;1227.121;415.963;299.875
5292.1;1;La Reina;final;1497.571;2617.963;57.571;1177.963;146.325
5293;1;La Reina;final;1263.121;1873.963;1263.121;433.963;300.071
5293.1;1;La Reina;final;1404.787;2654.813;1404.787;1214.813;84.945
5294;1;La Reina;final;1336.927;1760.355;1336.927;320.355;293.682
5295;1;La Reina;final;1355.805;1772.355;1355.805;332.355;253.063
5296;1;La Reina;final;1250.605;1784.355;1250.605;344.355;254.333
5297;1;La Reina;final;1259.922;1796.355;1259.922;356.355;234.242
5298;1;La Reina;final;1235.502;1808.355;1235.502;368.355;255.014
5298.1;1;La Reina;final;1481.045;2637.075;41.045;1197.075;111.363
5299;1;La Reina;final;1370.846;1817.355;1370.846;377.355;294.274
5300;1;La Reina;final;1403.029;1826.355;1403.029;386.355;302.905
5300.1;1;La Reina;final;1493.062;2806.888;53.062;1366.888;60.526
5301;1;La Reina;final;1433.698;1835.355;1433.698;395.355;303.634
5302;1;La Reina;final;1280.1;1844.355;1280.1;404.355;268.041
5303;1;La Reina;final;1194.812;1862.355;1194.812;422.355;211.6
5304;1;La Reina;final;1272.772;1880.355;1272.772;440.355;248.968
5305;1;La Reina;final;1358.029;1889.355;1358.029;449.355;233.089
5306;1;La Reina;final;1360.015;1898.355;1360.015;458.355;261.866
5306.1;1;La Reina;final;1464.5;2744.91;24.5;1304.91;81.23
5307;1;La Reina;final;1291.362;1746.687;1291.362;306.687;283.567
5308;1;La Reina;final;1270.79;1758.687;1270.79;318.687;275.721
5309;1;La Reina;final;1144.552;1770.687;1144.552;330.687;233.378
5309.1;1;La Reina;final;1386.812;2542.841;1386.812;1102.841;111.363
5310;1;La Reina;final;1194.312;1782.687;1194.312;342.687;251.593
5311;1;La Reina;final;1311.069;1794.687;1311.069;354.687;246.793
5311.1;1;La Reina;final;1543.379;2722.808;103.379;1282.808;111.363
5312;1;La Reina;final;1203.479;1807.537;1203.479;367.537;223.268
5313;1;La Reina;final;1276.412;1820.387;1276.412;380.387;266.945
5313.1;1;La Reina;final;1399.897;2684.355;1399.897;1244.355;68.837
5314;1;La Reina;final;1421.202;1833.237;1421.202;393.237;292.758
5314.1;1;La Reina;final;1490.227;2789.016;50.227;1349.016;75.629
5315;1;La Reina;final;1293.412;1846.087;1293.412;406.087;243.493
5316;1;La Reina;final;1380.786;1858.937;1380.786;418.937;246.793
5317;1;La Reina;final;1405.362;1871.787;1405.362;431.787;296.513
5317.1;1;La Reina;final;1493.819;2826.657;53.819;1386.657;48.341
5318;1;La Reina;final;1316.923;1884.637;1316.923;444.637;305.948
5318.1;1;La Reina;final;1404.371;2661.848;1404.371;1221.848;94.3
5319;1;La Reina;final;1386.512;1884.687;1386.512;444.687;310.901
5319.1;1;La Reina;final;1491.029;2789.755;51.029;1349.755;65.477
5320;1;La Reina;final;1492.964;2440.77;52.964;1000.77;183.576
5321;1;La Reina;final;1296.069;2449.987;1296.069;1009.987;102.029
5322;1;La Reina;final;1408.984;2477.637;1408.984;1037.637;140.998
5323;1;La Reina;final;1505.729;2514.503;65.729;1074.503;162.618
5324;1;La Reina;final;1510.196;2514.687;70.196;1074.687;175.928
5325;1;La Reina;final;837.531;1467.777;837.531;27.777;299.919
5325.1;1;La Reina;final;1476.388;2270.843;36.388;830.843;211.836
5326;1;La Reina;final;1268.315;1737.777;1268.315;297.777;284.644
5327;1;La Reina;final;1361.433;1757.777;1361.433;317.777;307.947
5328;1;La Reina;final;1238.205;1777.777;1238.205;337.777;268.743
5329;1;La Reina;final;1221.412;1797.777;1221.412;357.777;261.561
5330;1;La Reina;final;1394.048;1812.777;1394.048;372.777;311.544
5330.1;1;La Reina;final;1498.766;2779.177;58.766;1339.177;81.23
5331;1;La Reina;final;1365.071;1827.777;1365.071;387.777;275.39
5332;1;La Reina;final;1369.855;1842.777;1369.855;402.777;290.91
5333;1;La Reina;final;1419.748;1857.777;1419.748;417.777;300.977
5334;1;La Reina;final;1373.305;1872.777;1373.305;432.777;295.665
5335;1;La Reina;final;1349.231;1887.777;1349.231;447.777;258.275
5336;1;La Reina;final;1285.448;1923.777;1285.448;483.777;263.577
5337;1;Santa Rosa;final;1373.908;1743.151;1373.908;303.151;303.468
5337.1;1;Santa Rosa;final;1501.178;2730.325;61.178;1290.325;88.406
5338;1;Santa Rosa;final;1313.661;1753.151;1313.661;313.151;254.385
5339;1;Santa Rosa;final;1308.215;1763.151;1308.215;323.151;283.529
5340;1;Santa Rosa;final;1423.969;1783.151;1423.969;343.151;287.487
5341;1;Santa Rosa;final;1287.531;1817.651;1287.531;377.651;219.101
5342;1;Santa Rosa;final;1238.087;1833.984;1238.087;393.984;213.054
5343;1;Santa Rosa;final;1472.003;1842.151;32.003;402.151;292.302
5344;1;Santa Rosa;final;1277.961;1866.651;1277.961;426.651;215.266
5345;1;Santa Rosa;final;1509.596;1883.151;69.596;443.151;289.083
5346;1;Santa Rosa;final;1319.544;1770.58;1319.544;330.58;297.319
5347;1;Santa Rosa;final;1379.158;1782.58;1379.158;342.58;265.564
5348;1;Santa Rosa;final;1277.678;1794.58;1277.678;354.58;282.638
5349;1;Los Espinos;final;1301.832;1763.008;1301.832;323.008;292.865
5349.1;1;Los Espinos;final;1446.894;2677.827;6.894;1237.827;89.661
5350;1;Los Espinos;final;1374.173;1775.008;1374.173;335.008;314.212
5351;1;Los Espinos;final;1302.363;1787.008;1302.363;347.008;294.889
5351.1;1;Los Espinos;final;1441.525;2678.63;1.525;1238.63;87.619
5352;1;Los Espinos;final;1196.866;1799.008;1196.866;359.008;251.145
5353;1;Los Espinos;final;1276.575;1811.008;1276.575;371.008;243.801
5354;1;Los Espinos;final;1247.971;1823.008;1247.971;383.008;262.619
5355;1;Los Espinos;final;1434.03;1883.008;1434.03;443.008;293.656
5356;1;Los Espinos;final;1202.873;1893.008;1202.873;453.008;214.779
5357;1;Los Espinos;final;1214.379;1732.092;1214.379;292.092;300.603
5357.1;1;Los Espinos;final;1285.254;2618.789;1285.254;1178.789;44.418
5358;1;Los Espinos;final;1251.408;1742.092;1251.408;302.092;277.566
5359;1;Los Espinos;final;1144.253;1752.092;1144.253;312.092;229.246
5360;1;Los Espinos;final;1254.575;1762.092;1254.575;322.092;289.312
5360.1;1;Los Espinos;final;1424.907;2631.904;1424.907;1191.904;97.384
5361;1;Los Espinos;final;1400.304;1772.092;1400.304;332.092;314.343
5361.1;1;Los Espinos;final;1466.457;2823.963;26.457;1383.963;35.867
5362;1;Los Espinos;final;1248.003;1782.092;1248.003;342.092;281.38
5362.1;1;Los Espinos;final;1347.602;2643.041;1347.602;1203.041;67.699
5363;1;Los Espinos;final;1379.289;1801.092;1379.289;361.092;309.422
5363.1;1;Los Espinos;final;1476.82;2773.041;36.82;1333.041;73.653
5364;1;Los Espinos;final;1338.591;1837.092;1338.591;397.092;269.293
5365;1;Los Espinos;final;1487.444;1855.092;47.444;415.092;302.175
5366;1;Los Espinos;final;1367.254;1864.092;1367.254;424.092;314.865
5366.1;1;Los Espinos;final;1447.973;2798.296;7.973;1358.296;39.213
5367;1;Los Espinos;final;994.807;1432.01;994.807;1432.01;289.965
5367.1;1;Los Espinos;final;1185.505;2345.708;1185.505;905.708;92.665
5368;1;Los Espinos;final;616.2;1462.01;616.2;22.01;264.635
5368.1;1;Los Espinos;final;1484.708;1995.604;44.708;555.604;311.209
5368.2;1;Los Espinos;final;1587.213;2822.265;147.213;1382.265;95.065
5369;1;Los Espinos;final;921.824;1492.01;921.824;52.01;292.394
5369.1;1;Los Espinos;final;1455.413;2356.43;15.413;916.43;193.644
5370;1;Los Espinos;final;1236.194;1782.01;1236.194;342.01;265.084
5370.1;1;Los Espinos;final;1397.096;2607.357;1397.096;1167.357;95.154
5371;1;Los Espinos;final;1376.133;1802.01;1376.133;362.01;266.799
5372;1;Los Espinos;final;1304.957;1823.008;1304.957;383.008;237.433
5373;1;Los Espinos;final;1306.354;1880.175;1306.354;440.175;264.382
5374;1;Los Espinos;final;1435.127;1904.675;1435.127;464.675;293.81
5375;1;Los Espinos;final;742.21;1398.698;742.21;1398.698;307.289
5375.1;1;Los Espinos;final;1236.46;2105.708;1236.46;665.708;188.545
5376;1;Los Espinos;final;601.055;1428.698;601.055;1428.698;185.393
5377;1;Los Espinos;final;1154.873;1728.698;1154.873;288.698;263.807
5378;1;Los Espinos;final;1269.556;1737.265;1269.556;297.265;313.579
5378.1;1;Los Espinos;final;1506.03;2668.565;66.03;1228.565;119.214
5379;1;Los Espinos;final;1287.621;1745.831;1287.621;305.831;304.112
5380;1;Los Espinos;final;1415.057;1762.965;1415.057;322.965;281.652
5381;1;Los Espinos;final;1256.094;1771.531;1256.094;331.531;290.648
5382;1;Los Espinos;final;1363.307;1780.098;1363.307;340.098;299.128
5382.1;1;Los Espinos;final;1496.658;2734.763;56.658;1294.763;94.313
5383;1;Los Espinos;final;1147.264;1813.198;1147.264;373.198;244.23
5384;1;Los Espinos;final;1282.452;1829.531;1282.452;389.531;266.642
5384.1;1;Los Espinos;final;1429.63;2657.057;1429.63;1217.057;95.583
5385;1;Los Espinos;final;1353.153;1837.698;1353.153;397.698;278.16
5386;1;Los Espinos;final;1349.204;1731.276;1349.204;291.276;314.535
5386.1;1;Los Espinos;final;1396.64;2755.43;1396.64;1315.43;36.461
5387;1;Los Espinos;final;1227.735;1739.843;1227.735;299.843;281.147
5388;1;Los Espinos;final;1311.883;1748.409;1311.883;308.409;281.769
5388.1;1;Los Espinos;final;1503.123;2753.008;63.123;1313.008;85.677
5389;1;Los Espinos;final;1332.775;1756.976;1332.775;316.976;289.352
5389.1;1;Los Espinos;final;1468.692;2770.142;28.692;1330.142;64.063
5390;1;Los Espinos;final;1386.166;1765.543;1386.166;325.543;298.623
5390.1;1;Los Espinos;final;1463.868;2789.451;23.868;1349.451;50.681
5391;1;Los Espinos;final;1212.626;1774.109;1212.626;334.109;243.325
5392;1;Los Espinos;final;1399.016;1782.676;1399.016;342.676;298.623
5392.1;1;Los Espinos;final;1481.002;2806.584;41.002;1366.584;50.681
5393;1;Los Espinos;final;1393.283;1791.243;1393.283;351.243;298.623
5393.1;1;Los Espinos;final;1474.668;2798.042;34.668;1358.042;52.659
5394;1;Los Espinos;final;1447.822;1791.276;7.822;351.276;313.276
5395;1;Los Espinos;final;1306.808;1823.943;1306.808;383.943;264.28
5395.1;1;Los Espinos;final;1443.76;2752.958;3.76;1312.958;56.977
5396;1;Los Espinos;final;1405.818;1848.443;1405.818;408.443;281.893
5397;1;Los Espinos;final;1179.433;1856.609;1179.433;416.609;199.174
5398;1;Los Espinos;final;1311.908;1864.776;1311.908;424.776;243.356
5399;1;Los Espinos;final;1310.665;1881.109;1310.665;441.109;242.312
5400;1;Los Espinos;final;1316.176;1881.276;1316.176;441.276;243.325
5401;1;Los Espinos;final;1367.268;1760.051;1367.268;320.051;299.301
5402;1;Los Espinos;final;1293.299;1772.051;1293.299;332.051;266.306
5403;1;Los Espinos;final;529.383;1784.051;529.383;344.051;67.41
5404;1;Santa Rosa;final;1359.636;1773.338;1359.636;333.338;293.888
5404.1;1;Santa Rosa;final;1459.636;2790.881;19.636;1350.881;54.94
5405;1;Santa Rosa;final;1297.886;1785.338;1297.886;345.338;274.69
5406;1;Santa Rosa;final;1426.507;1797.338;1426.507;357.338;302.421
5406.1;1;Santa Rosa;final;1477.302;2831.093;37.302;1391.093;35.796
5407;1;Santa Rosa;final;1320.182;1809.338;1320.182;369.338;305.382
5407.1;1;Santa Rosa;final;1518.998;2663.536;78.998;1223.536;162.87
5408;1;Santa Rosa;final;1242.794;1821.338;1242.794;381.338;232.52
5409;1;Santa Rosa;final;1322.626;1829.505;1322.626;389.505;270.342
5410;1;Santa Rosa;final;1457.214;1886.672;17.214;446.672;276.289
5411;1;Santa Rosa;final;1505.415;1903.005;65.415;463.005;285.711
5412;1;Santa Rosa;final;1254.087;1911.172;1254.087;471.172;166.765
5413;1;Santa Rosa;final;1455.836;1911.338;15.836;471.338;279.332
5414;1;Santa Rosa;final;1267.648;1759.76;1267.648;319.76;296.741
5414.1;1;Santa Rosa;final;1462.886;2620.397;22.886;1180.397;121.16
5415;1;Santa Rosa;final;485.519;1771.76;485.519;331.76;52.341
5416;1;Santa Rosa;final;1390.657;1847.76;1390.657;407.76;299.78
5416.1;1;Santa Rosa;final;1465.8;2763.039;25.8;1323.039;66.243
5417;1;Los Espinos;final;1194.714;1748.296;1194.714;308.296;271.121
5417.1;1;Los Espinos;final;1505.799;2614.72;65.799;1174.72;133.428
5418;1;Los Espinos;final;1233.425;1768.296;1233.425;328.296;275.227
5419;1;Los Espinos;final;1312.452;1728.698;1312.452;288.698;295.192
5419.1;1;Los Espinos;final;1446.735;2681.128;6.735;1241.128;88.14
5420;1;Los Espinos;final;1229.925;1743.698;1229.925;303.698;270.435
5420.1;1;Los Espinos;final;1472.807;2663.008;32.807;1223.008;101.732
5421;1;Los Espinos;final;1309.427;1788.698;1309.427;348.698;293.494
5421.1;1;Los Espinos;final;1482.307;2752.01;42.307;1312.01;65.316
5422;1;Los Espinos;final;1359.89;1797.698;1359.89;357.698;289.539
5422.1;1;Los Espinos;final;1467.797;2793.008;27.797;1353.008;53.419
5423;1;Los Espinos;final;1400.042;1806.698;1400.042;366.698;313.703
5423.1;1;Los Espinos;final;1476.096;2736.598;36.096;1296.598;87.471
5424;1;Los Espinos;final;1294.057;1824.698;1294.057;384.698;243.583
5425;1;Los Espinos;final;1348.752;1860.698;1348.752;420.698;266.56
5426;1;Los Espinos;final;1419.041;1878.698;1419.041;438.698;306.148
5426.1;1;Los Espinos;final;1474.986;2811.161;34.986;1371.161;47.857
5427;1;Los Espinos;final;1293.29;2508.698;1293.29;1068.698;74.508
5428;1;Santa Rosa;final;1280.735;1729.007;1280.735;289.007;275.643
5429;1;Santa Rosa;final;574.244;1741.007;574.244;301.007;107.614
5430;1;Santa Rosa;final;1413.735;1753.007;1413.735;313.007;286.041
5431;1;Santa Rosa;final;1298.511;1765.007;1298.511;325.007;268.883
5432;1;Santa Rosa;final;1351.9;1814.707;1351.9;374.707;291.629
5432.1;1;Santa Rosa;final;1463.333;2780.132;23.333;1340.132;57.911
5433;1;Santa Rosa;final;1345.736;1827.557;1345.736;387.557;256.614
5434;1;Santa Rosa;final;1389.238;1878.957;1389.238;438.957;191.649
5435;1;Santa Rosa;final;1340.758;1879.007;1340.758;439.007;248.204
5436;1;Santa Rosa;final;1297.961;1767.76;1297.961;327.76;263.489
5437;1;Santa Rosa;final;1395.461;2647.76;1395.461;1207.76;74.401
5438;1;Santa Rosa;final;488.445;1734.038;488.445;294.038;65.14
5439;1;Santa Rosa;final;1228.292;1744.038;1228.292;304.038;265.619
5440;1;Santa Rosa;final;1375.461;1754.038;1375.461;314.038;279.358
5441;1;Santa Rosa;final;498.837;1764.038;498.837;324.038;61.176
5442;1;Santa Rosa;final;1431.512;1774.038;1431.512;334.038;286.42
5442.1;1;Santa Rosa;final;1506.061;2817.417;66.061;1377.417;57.957
5443;1;Santa Rosa;final;1371.142;1784.038;1371.142;344.038;288.768
5444;1;Santa Rosa;final;1462.298;1794.038;22.298;354.038;283.371
5445;1;Santa Rosa;final;1261.819;1812.038;1261.819;372.038;232.595
5446;1;Santa Rosa;final;1440.253;1818.038;0.253;378.038;295.567
5446.1;1;Santa Rosa;final;1505.285;2868.513;65.285;1428.513;32.884
5447;1;Santa Rosa;final;1364.779;1830.038;1364.779;390.038;251.017
5448;1;Santa Rosa;final;1375.828;1836.038;1375.828;396.038;247.763
5449;1;Santa Rosa;final;486.837;1842.038;486.837;402.038;33.214
5450;1;Santa Rosa;final;1370.88;1872.038;1370.88;432.038;251.738
5451;1;Santa Rosa;final;1314.152;1878.038;1314.152;438.038;247.923
5452;1;Santa Rosa;final;1499.349;1884.038;59.349;444.038;303.097
5453;1;Santa Rosa;final;1385.352;1770.58;1385.352;330.58;268.209
5454;1;Santa Rosa;final;1255.119;1782.58;1255.119;342.58;226.6
5455;1;Santa Rosa;final;1285.362;1794.58;1285.362;354.58;219.547
5456;1;Santa Rosa;final;1459.552;1833.58;19.552;393.58;292.316
5457;1;Santa Rosa;final;1361.708;1856.08;1361.708;416.08;275.388
5458;1;Santa Rosa;final;1238.578;1878.58;1238.578;438.58;192.05
5459;1;Santa Rosa;final;1170.297;1459.201;1170.297;19.201;302.896
5459.1;1;Santa Rosa;final;1440.193;2601.277;0.193;1161.277;108.044
5460;1;Santa Rosa;final;1290.161;1594.201;1290.161;154.201;302.557
5461;1;Santa Rosa;final;1215.297;1729.201;1215.297;289.201;290.849
5461.1;1;Santa Rosa;final;1369.56;2646.277;1369.56;1206.277;66.428
5462;1;Santa Rosa;final;1260.297;1744.201;1260.297;304.201;312.258
5462.1;1;Santa Rosa;final;1449.814;2691.277;9.814;1251.277;73.67
5463;1;Santa Rosa;final;1230.893;1759.201;1230.893;319.201;292.969
5463.1;1;Santa Rosa;final;1343.231;2605.201;1343.231;1165.201;67.98
5464;1;Santa Rosa;final;1275.297;1774.201;1275.297;334.201;300.212
5464.1;1;Santa Rosa;final;1493.66;2706.277;53.66;1266.277;93.26
5465;1;Santa Rosa;final;1328.231;1859.201;1328.231;419.201;288.111
5466;1;Santa Rosa;final;1298.231;1773.277;1298.231;333.277;308.639
5466.1;1;Santa Rosa;final;1495.041;2736.277;55.041;1296.277;77.414
5467;1;Santa Rosa;final;1283.231;1785.277;1283.231;345.277;291.063
5467.1;1;Santa Rosa;final;1372.86;2721.277;1372.86;1281.277;39.596
5468;1;Santa Rosa;final;1262.626;1797.277;1262.626;357.277;295.867
5469;1;Santa Rosa;final;525.16;1866.277;525.16;426.277;39.649
5470;1;Santa Rosa;final;1384.56;1875.277;1384.56;435.277;310.706
5470.1;1;Santa Rosa;final;1510.793;2753.468;70.793;1313.468;87.57
5471;1;Santa Rosa;final;1339.04;1456.252;1339.04;16.252;294.331
5471.1;1;Santa Rosa;final;1519.596;2725.248;79.596;1285.248;100.338
5472;1;Santa Rosa;final;1371.019;1726.252;1371.019;286.252;297.96
5472.1;1;Santa Rosa;final;1472.148;2804.214;32.148;1364.214;53.727
5473;1;Santa Rosa;final;1416.796;1734.819;1416.796;294.819;293.721
5474;1;Santa Rosa;final;1343.375;1743.385;1343.375;303.385;291.375
5474.1;1;Santa Rosa;final;1405.141;2727.098;1405.141;1287.098;55.972
5475;1;Santa Rosa;final;1321.765;1751.952;1321.765;311.952;286.925
5475.1;1;Santa Rosa;final;1393.642;2702.019;1393.642;1262.019;58.592
5476;1;Santa Rosa;final;1389.552;1777.652;1389.552;337.652;275.775
5477;1;Santa Rosa;final;1421.492;1791.535;1421.492;351.535;290.778
5478;1;Santa Rosa;final;1369.141;1812.669;1369.141;372.669;249.112
5479;1;Santa Rosa;final;1088.289;1488.415;1088.289;48.415;302.76
5479.1;1;Santa Rosa;final;1496.705;2464.078;56.705;1024.078;173.651
5480;1;Santa Rosa;final;1264.244;1770.415;1264.244;330.415;232.491
5481;1;Santa Rosa;final;1238.544;1782.415;1238.544;342.415;235.302
5482;1;Santa Rosa;final;1319.363;1794.415;1319.363;354.415;257.51
5483;1;Santa Rosa;final;1482.985;1834.265;42.985;394.265;311.422
5484;1;Santa Rosa;final;1291.491;1855.398;1291.491;415.398;223.478
5485;1;Santa Rosa;final;1315.085;1865.965;1315.085;425.965;211.993
5486;1;Santa Rosa;final;952.463;1470.14;952.463;30.14;288.534
5486.1;1;Santa Rosa;final;1361.402;2322.663;1361.402;882.663;160.117
5487;1;Santa Rosa;final;1379.552;1740.14;1379.552;300.14;278.913
5487.1;1;Santa Rosa;final;1502.985;2770.14;62.985;1330.14;78.938
5488;1;Santa Rosa;final;1361.176;1748.707;1361.176;308.707;301.495
5488.1;1;Santa Rosa;final;1476.705;2744.078;36.705;1304.078;78.366
5489;1;Santa Rosa;final;1377.29;1757.273;1377.29;317.273;297.494
5489.1;1;Santa Rosa;final;1475.978;2789.16;35.978;1349.16;58.212
5490;1;Santa Rosa;final;1272.252;1765.84;1272.252;325.84;267.748
5491;1;Santa Rosa;final;1315.002;1774.407;1315.002;334.407;254.932
5492;1;Santa Rosa;final;1383.794;1782.973;1383.794;342.973;290.539
5493;1;Santa Rosa;final;1475.25;1791.54;35.25;351.54;302.859
5494;1;Santa Rosa;final;1201.152;1800.107;1201.152;360.107;212.613
5495;1;Santa Rosa;final;1288.252;1800.14;1288.252;360.14;255.351
5496;1;Santa Rosa;final;1171.326;1807.057;1171.326;367.057;190.202
5497;1;Santa Rosa;final;1283.142;1813.973;1283.142;373.973;231.788
5498;1;Santa Rosa;final;1324.211;1820.89;1324.211;380.89;253.038
5499;1;Santa Rosa;final;1347.302;1827.807;1347.302;387.807;240.575
5500;1;Santa Rosa;final;1411.288;1834.723;1411.288;394.723;291.652
5501;1;Santa Rosa;final;1453.885;1848.557;13.885;408.557;265.627
5502;1;Santa Rosa;final;1311.011;1855.473;1311.011;415.473;266.971
5503;1;Santa Rosa;final;1289.115;1862.39;1289.115;422.39;245.284
5504;1;Santa Rosa;final;1285.152;1869.307;1285.152;429.307;212.613
5505;1;Santa Rosa;final;1401.352;1883.14;1401.352;443.14;268.08
5505.1;1;Santa Rosa;final;1522.985;2790.14;82.985;1350.14;78.938
5506;1;Santa Rosa;final;1390.452;1890.14;1390.452;450.14;268.08
5507;1;Santa Rosa;final;1223.307;1740.14;1223.307;300.14;227.04
5508;1;Santa Rosa;final;1263.685;1750.14;1263.685;310.14;267.865
5508.1;1;Santa Rosa;final;1452.993;2650.14;12.993;1210.14;95.668
5509;1;Santa Rosa;final;1213.979;1760.14;1213.979;320.14;246.101
5510;1;Santa Rosa;final;1274.696;1770.14;1274.696;330.14;280.497
5511;1;Santa Rosa;final;485.286;1780.14;485.286;340.14;49.701
5512;1;Santa Rosa;final;1376.561;1790.14;1376.561;350.14;313.092
5513;1;Santa Rosa;final;1277.648;1800.14;1277.648;360.14;267.549
5514;1;Santa Rosa;final;1327.146;1810.14;1327.146;370.14;267.173
5515;1;Santa Rosa;final;1413.286;1820.14;1413.286;380.14;310.477
5515.1;1;Santa Rosa;final;1490.014;2848.981;50.014;1408.981;35.967
5516;1;Santa Rosa;final;1314.028;1830.14;1314.028;390.14;247.016
5517;1;Santa Rosa;final;1395.571;1840.14;1395.571;400.14;267.252
5518;1;Santa Rosa;final;1301.362;1850.14;1301.362;410.14;209.803
5519;1;Santa Rosa;final;1493.332;1860.14;53.332;420.14;290.139
5520;1;Santa Rosa;final;1396.644;1870.14;1396.644;430.14;253.504
5521;1;Santa Rosa;final;1334.612;1880.14;1334.612;440.14;215.854
5522;1;Santa Rosa;final;1372.131;1890.14;1372.131;450.14;259.846
5523;1;Santa Rosa;final;1368.652;1762.76;1368.652;322.76;294.012
5524;1;Santa Rosa;final;1405.336;1777.76;1405.336;337.76;312.296
5524.1;1;Santa Rosa;final;1534.079;2844.214;94.079;1404.214;56.287
5525;1;Santa Rosa;final;1336.264;1792.76;1336.264;352.76;304.789
5525.1;1;Santa Rosa;final;1410.317;2709.318;1410.317;1269.318;64.866
5526;1;Santa Rosa;final;1261.588;1897.76;1261.588;457.76;218.591
5527;1;Santa Rosa;final;616.694;1733.151;616.694;293.151;115.84
5528;1;Santa Rosa;final;1350.128;1745.151;1350.128;305.151;293.033
5528.1;1;Santa Rosa;final;1543.394;2712.031;103.394;1272.031;114.629
5529;1;Santa Rosa;final;542.135;1757.151;542.135;317.151;96.381
5530;1;Santa Rosa;final;1411.963;1769.151;1411.963;329.151;308.705
5531;1;Santa Rosa;final;574.144;1781.151;574.144;341.151;86.825
5532;1;Santa Rosa;final;1401.129;1795.367;1401.129;355.367;291.899
5533;1;Santa Rosa;final;506.085;1805.367;506.085;365.367;51.959
5534;1;Santa Rosa;final;1435.514;1815.367;1435.514;375.367;282.883
5534.1;1;Santa Rosa;final;1515.156;2834.127;75.156;1394.127;57.977
5535;1;Santa Rosa;final;518.747;1825.367;518.747;385.367;49.78
5536;1;Santa Rosa;final;1305.811;1835.367;1305.811;395.367;125.99
5537;1;Santa Rosa;final;1412.379;1845.367;1412.379;405.367;289.807
5538;1;Santa Rosa;final;1297.152;1855.367;1297.152;415.367;209.813
5539;1;Santa Rosa;final;1252.215;1865.367;1252.215;425.367;227.016
5540;1;Santa Rosa;final;1445.92;1875.367;5.92;435.367;251.951
5541;1;Santa Rosa;final;1455.253;1883.151;15.253;443.151;249.77
5542;1;Santa Rosa;final;1266.786;1767.76;1266.786;327.76;253.721
5543;1;Santa Rosa;final;1297.458;2647.76;1297.458;1207.76;36.602
5544;1;Santa Rosa;final;1326.255;1740.14;1326.255;300.14;310.28
5544.1;1;Santa Rosa;final;1556.705;2701.578;116.705;1261.578;126.009
5545;1;Santa Rosa;final;1329.811;1747.64;1329.811;307.64;286.881
5546;1;Santa Rosa;final;549.644;1755.14;549.644;315.14;85.201
5547;1;Santa Rosa;final;1288.673;1762.64;1288.673;322.64;275.51
5548;1;Santa Rosa;final;1244.344;1770.14;1244.344;330.14;254.234
5549;1;Santa Rosa;final;1349.553;1777.64;1349.553;337.64;289.884
5549.1;1;Santa Rosa;final;1455.319;2777.547;15.319;1337.547;53.217
5550;1;Santa Rosa;final;1283.736;1785.14;1283.736;345.14;271.625
5551;1;Santa Rosa;final;1373.021;1792.64;1373.021;352.64;297.562
5552;1;Santa Rosa;final;1334.585;1800.14;1334.585;360.14;286.145
5552.1;1;Santa Rosa;final;1411.654;2766.098;1411.654;1326.098;39.183
5553;1;Santa Rosa;final;507.497;1807.64;507.497;367.64;51.016
5554;1;Santa Rosa;final;1308.84;1815.14;1308.84;375.14;282.982
5554.1;1;Santa Rosa;final;1427.214;2644.572;1427.214;1204.572;98.66
5555;1;Santa Rosa;final;510.885;1822.64;510.885;382.64;44.431
5556;1;Santa Rosa;final;1471.019;1830.14;31.019;390.14;298.012
5557;1;Santa Rosa;final;529.285;1837.64;529.285;397.64;44.431
5558;1;Santa Rosa;final;1201.388;1845.14;1201.388;405.14;212.609
5559;1;Santa Rosa;final;1352.88;1852.64;1352.88;412.64;272.541
5560;1;Santa Rosa;final;1282.706;1860.14;1282.706;420.14;235.93
5561;1;Santa Rosa;final;1384.179;1867.64;1384.179;427.64;262.734
5562;1;Santa Rosa;final;1291.673;1875.14;1291.673;435.14;239.047
5563;1;Santa Rosa;final;1544.511;1882.64;104.511;442.64;304.613
5564;1;Santa Rosa;final;1289.142;1762.76;1289.142;322.76;286.642
5564.1;1;Santa Rosa;final;1414.839;2667.828;1414.839;1227.828;78.366
5565;1;Santa Rosa;final;1412.424;1777.76;1412.424;337.76;300.662
5565.1;1;Santa Rosa;final;1463.969;2817.76;23.969;1377.76;35.796
5566;1;Santa Rosa;final;1370.865;1848.593;1370.865;408.593;265.074
5567;1;Santa Rosa;final;1194.331;1740.14;1194.331;300.14;201.462
5568;1;Santa Rosa;final;1373.356;1750.14;1373.356;310.14;288.999
5569;1;Santa Rosa;final;1386.561;1760.14;1386.561;320.14;300.786
5569.1;1;Santa Rosa;final;1482.261;2738.748;42.261;1298.748;83.819
5570;1;Santa Rosa;final;1319.896;1770.14;1319.896;330.14;266.781
5571;1;Santa Rosa;final;1388.44;1780.14;1388.44;340.14;292.106
5571.1;1;Santa Rosa;final;1463.756;2782.727;23.756;1342.727;57.977
5572;1;Santa Rosa;final;1364.179;1790.14;1364.179;350.14;262.621
5573;1;Santa Rosa;final;1401.512;1800.14;1401.512;360.14;260.828
5574;1;Santa Rosa;final;1452.346;1810.14;12.346;370.14;283.836
5574.1;1;Santa Rosa;final;1560.528;2852.575;120.528;1412.575;67.844
5575;1;Santa Rosa;final;1346.852;1820.14;1346.852;380.14;237.049
5576;1;Santa Rosa;final;1261.152;1830.14;1261.152;390.14;205.726
5577;1;Santa Rosa;final;1473.958;1840.14;33.958;400.14;291.001
5578;1;Santa Rosa;final;1303.252;1850.14;1303.252;410.14;172.608
5579;1;Santa Rosa;final;1285.412;1860.14;1285.412;420.14;218.695
5580;1;Santa Rosa;final;1144.41;1870.14;1144.41;430.14;168.039
5581;1;Santa Rosa;final;1360.38;1880.14;1360.38;440.14;242.919
5582;1;Santa Rosa;final;1349.585;1890.14;1349.585;450.14;211.744
5583;1;Santa Rosa;final;1312.507;1770.58;1312.507;330.58;296.225
5584;1;Santa Rosa;final;1480.715;1782.58;40.715;342.58;309.54
5585;1;Santa Rosa;final;1442.276;1794.58;2.276;354.58;310.532
5586;1;Santa Rosa;final;505.252;1854.58;505.252;414.58;32.884
5587;1;Santa Rosa;final;1233.453;1872.58;1233.453;432.58;203.985
5588;1;Los Espinos;final;1373.091;1748.296;1373.091;308.296;311.223
5589;1;Los Espinos;final;1338.287;1768.296;1338.287;328.296;309.256
5590;1;Los Espinos;final;1329.633;1830.796;1329.633;390.796;284.837
5590.1;1;Los Espinos;final;1487.626;2706.604;47.626;1266.604;101.105
5591;1;Los Espinos;final;1373.316;1842.046;1373.316;402.046;286.546
5591.1;1;Los Espinos;final;1581.663;2778.042;141.663;1338.042;115.156
5592;1;Los Espinos;final;1308.275;1741.728;1308.275;301.728;302.558
5592.1;1;Los Espinos;final;1383.921;2752.958;1383.921;1312.958;35.676
5593;1;Los Espinos;final;1392.968;1753.728;1392.968;313.728;311.077
5594;1;Los Espinos;final;1341.057;1777.728;1341.057;337.728;291.697
5595;1;Los Espinos;final;1353.564;1798.728;1353.564;358.728;288.043
5595.1;1;Los Espinos;final;1447.6;2764.72;7.6;1324.72;52.864
5596;1;Los Espinos;final;1393.64;1816.728;1393.64;376.728;294.467
5596.1;1;Los Espinos;final;1464.956;2838.116;24.956;1398.116;31.497
5597;1;Los Espinos;final;1418.06;1825.728;1418.06;385.728;279.65
5598;1;Santa Rosa;final;1413.85;1772.881;1413.85;332.881;307.423
5598.1;1;Santa Rosa;final;1513.724;2738.431;73.724;1298.431;99.612
5599;1;Santa Rosa;final;1386.965;1784.881;1386.965;344.881;286.847
5600;1;Santa Rosa;final;1392.598;1796.881;1392.598;356.881;293.668
5600.1;1;Santa Rosa;final;1455.657;2795.745;15.657;1355.745;46.912
5601;1;Santa Rosa;final;1445.554;1808.881;5.554;368.881;306.005
5602;1;Santa Rosa;final;1328.402;1762.76;1328.402;322.76;295.958
5603;1;Santa Rosa;final;1233.403;1777.76;1233.403;337.76;250.186
5604;1;Santa Rosa;final;1341.756;1887.76;1341.756;447.76;254.25
5605;1;Santa Rosa;final;1373.563;1897.76;1373.563;457.76;275.667
5606;1;Santa Rosa;final;1148.814;1729.201;1148.814;289.201;261.333
5607;1;Santa Rosa;final;1260.418;1741.201;1260.418;301.201;242.071
5608;1;Santa Rosa;final;485.064;1753.201;485.064;313.201;67.98
5609;1;Santa Rosa;final;1211.776;1765.201;1211.776;325.201;290.178
5609.1;1;Santa Rosa;final;1476.526;2581.201;36.526;1141.201;129.187
5610;1;Santa Rosa;final;1290.893;1789.201;1290.893;349.201;295.654
5610.1;1;Santa Rosa;final;1354.56;2659.201;1354.56;1219.201;60.738
5611;1;Santa Rosa;final;1330.715;1822.951;1330.715;382.951;305.76
5611.1;1;Santa Rosa;final;1376.886;2735.745;1376.886;1295.745;37.012
5612;1;Santa Rosa;final;1327.86;1845.451;1327.86;405.451;304.963
5612.1;1;Santa Rosa;final;1527.926;2704.201;87.926;1264.201;114.402
5613;1;Santa Rosa;final;1289.314;1748.039;1289.314;308.039;295.971
5613.1;1;Santa Rosa;final;1397.491;2670.768;1397.491;1230.768;76.025
5614;1;Santa Rosa;final;1315.854;1763.039;1315.854;323.039;293.213
5615;1;Santa Rosa;final;1296.933;1778.039;1296.933;338.039;297.078
5615.1;1;Santa Rosa;final;1494.963;2623.431;54.963;1183.431;138.133
5616;1;Santa Rosa;final;496.719;1438.431;496.719;1438.431;158.857
5617;1;Santa Rosa;final;1238.486;1600.431;1238.486;160.431;306.163
5618;1;Santa Rosa;final;1223.336;1708.431;1223.336;268.431;282.951
5618.1;1;Santa Rosa;final;1500.902;2655.881;60.902;1215.881;124.325
5619;1;Santa Rosa;final;1226.546;1728.431;1226.546;288.431;297.486
5619.1;1;Santa Rosa;final;1424.017;2575.997;1424.017;1135.997;124.968
5620;1;Santa Rosa;final;1236.933;1748.431;1236.933;308.431;296.223
5620.1;1;Santa Rosa;final;1289.233;2562.164;1289.233;1122.164;73.28
5621;1;Santa Rosa;final;1319.324;1813.431;1319.324;373.431;290.153
5621.1;1;Santa Rosa;final;1417.781;2699.498;1417.781;1259.498;71.461
5622;1;Santa Rosa;final;1316.557;1824.681;1316.557;384.681;295.473
5622.1;1;Santa Rosa;final;1503.021;2697.45;63.021;1257.45;110.172
5623;1;Santa Rosa;final;1286.674;1835.931;1286.674;395.931;245.634
5624;1;Santa Rosa;final;1155.298;1438.431;1155.298;1438.431;307.854
5624.1;1;Santa Rosa;final;1266.993;2511.259;1266.993;1071.259;74.528
5625;1;Santa Rosa;final;541.673;1573.431;541.673;133.431;166.181
5626;1;Santa Rosa;final;1247.174;1708.431;1247.174;268.431;296.627
5626.1;1;Santa Rosa;final;1292.488;2641.327;1292.488;1201.327;41.262
5627;1;Santa Rosa;final;1276.678;1718.431;1276.678;278.431;302.368
5628;1;Santa Rosa;final;1226.674;1728.431;1226.674;288.431;283.888
5628.1;1;Santa Rosa;final;1495.715;2603.2;55.715;1163.2;137.281
5629;1;Santa Rosa;final;1103.969;1738.431;1103.969;298.431;262.775
5629.1;1;Santa Rosa;final;1464.148;2540.881;24.148;1100.881;143.337
5630;1;Santa Rosa;final;1310.696;1748.431;1310.696;308.431;302.385
5630.1;1;Santa Rosa;final;1494.038;2658.947;54.038;1218.947;117.274
5631;1;Santa Rosa;final;1343.415;1758.431;1343.415;318.431;296.767
5632;1;Santa Rosa;final;1283.307;1783.431;1283.307;343.431;297.814
5633;1;Santa Rosa;final;1378.674;1805.931;1378.674;365.931;290.848
5633.1;1;Santa Rosa;final;1444.759;2754.519;4.759;1314.519;58.592
5634;1;Santa Rosa;final;1335.755;1813.431;1335.755;373.431;274.047
5634.1;1;Santa Rosa;final;1459.839;2712.828;19.839;1272.828;78.366
5635;1;Santa Rosa;final;1365.831;1820.931;1365.831;380.931;289.342
5636;1;Santa Rosa;final;1339.652;1835.931;1339.652;395.931;288.491
5637;1;Santa Rosa;final;1300.691;1858.431;1300.691;418.431;260.86
5638;1;Santa Rosa;final;1320.157;1720.397;1320.157;280.397;303.607
5638.1;1;Santa Rosa;final;1478.749;2726.51;38.749;1286.51;80.199
5639;1;Santa Rosa;final;1318.786;1732.397;1318.786;292.397;304.817
5639.1;1;Santa Rosa;final;1382.276;2750.881;1382.276;1310.881;30.429
5640;1;Santa Rosa;final;1312.64;1744.397;1312.64;304.397;288.975
5640.1;1;Santa Rosa;final;1375.59;2669.618;1375.59;1229.618;67.97
5641;1;Santa Rosa;final;1310.221;1756.397;1310.221;316.397;287.22
5642;1;Santa Rosa;final;1393.563;1768.397;1393.563;328.397;284.157
5643;1;Santa Rosa;final;1286.119;1780.397;1286.119;340.397;278.07
5643.1;1;Santa Rosa;final;1419.419;2714.881;1419.419;1274.881;70.91
5644;1;Santa Rosa;final;1239.119;1802.897;1239.119;362.897;278.981
5644.1;1;Santa Rosa;final;1411.669;2667.632;1411.669;1227.632;81.82
5645;1;Santa Rosa;final;1295.142;1814.147;1295.142;374.147;253.932
5646;1;Santa Rosa;final;1284.622;1825.397;1284.622;385.397;251.309
5647;1;Santa Rosa;final;1257.769;1836.647;1257.769;396.647;245.716
5648;1;Santa Rosa;final;1492.346;1870.397;52.346;430.397;310.153
5649;1;Santa Rosa;final;1047.202;1450.397;1047.202;10.397;312.912
5649.1;1;Santa Rosa;final;1295.075;2421.288;1295.075;981.288;109.918
5650;1;Santa Rosa;final;1307.336;1720.363;1307.336;280.363;296.424
5650.1;1;Santa Rosa;final;1428.421;2741.881;1428.421;1301.881;54.025
5651;1;Santa Rosa;final;1283.336;1720.397;1283.336;280.397;294.943
5652;1;Santa Rosa;final;1246.686;1732.397;1246.686;292.397;295.357
5653;1;Santa Rosa;final;1252.93;1744.397;1252.93;304.397;275.582
5654;1;Santa Rosa;final;1253.065;1756.397;1253.065;316.397;286.137
5654.1;1;Santa Rosa;final;1511.814;2629.733;71.814;1189.733;125.42
5655;1;Santa Rosa;final;1333.419;1768.397;1333.419;328.397;289.81
5655.1;1;Santa Rosa;final;1445.736;2764.214;5.736;1324.214;64.269
5656;1;Santa Rosa;final;1260.736;1791.647;1260.736;351.647;260.812
5657;1;Santa Rosa;final;1371.462;1802.897;1371.462;362.897;286.701
5657.1;1;Santa Rosa;final;1446.061;2757.417;6.061;1317.417;57.957
5658;1;Santa Rosa;final;1410.624;1825.397;1410.624;385.397;309.666
5658.1;1;Santa Rosa;final;1485.8;2783.039;45.8;1343.039;66.243
5659;1;Santa Rosa;final;1479.596;1836.647;39.596;396.647;314.38
5660;1;Santa Rosa;final;1214.588;1771.248;1214.588;331.248;252.545
5661;1;Santa Rosa;final;1239.192;1783.248;1239.192;343.248;277.459
5661.1;1;Santa Rosa;final;1324.344;2593.309;1324.344;1153.309;87.115
5662;1;Santa Rosa;final;1286.008;1720.397;1286.008;280.397;307.854
5662.1;1;Santa Rosa;final;1385.482;2641.192;1385.482;1201.192;77.324
5663;1;Santa Rosa;final;1261.219;1732.397;1261.219;292.397;242.841
5664;1;Santa Rosa;final;1312.136;1744.397;1312.136;304.397;289.575
5664.1;1;Santa Rosa;final;1500.914;2750.714;60.914;1310.714;79.221
5665;1;Santa Rosa;final;1377.993;1756.397;1377.993;316.397;313.217
5666;1;Santa Rosa;final;524.081;1780.397;524.081;340.397;66.949
5667;1;Santa Rosa;final;1223.719;1791.647;1223.719;351.647;231.109
5668;1;Santa Rosa;final;1292.174;1802.897;1292.174;362.897;261.039
5669;1;Santa Rosa;final;1343.158;1825.397;1343.158;385.397;304.636
5669.1;1;Santa Rosa;final;1388.661;2698.192;1388.661;1258.192;57.622
5670;1;Santa Rosa;final;1271.192;1870.397;1271.192;430.397;258.999
5671;1;Santa Rosa;final;1148.136;1431.098;1148.136;1431.098;302.122
5671.1;1;Santa Rosa;final;1359.755;2576.881;1359.755;1136.881;78.074
5672;1;Santa Rosa;intermedia;848.869;866.0;848.869;866.0;270.312
5672;2;Santa Rosa;final;1128.64;1461.098;1128.64;21.098;79.869
5672.1;1;Santa Rosa;final;1503.89;2515.248;63.89;1075.248;183.319
5673;1;Santa Rosa;final;1369.553;1780.881;1369.553;340.881;292.44
5673.1;1;Santa Rosa;final;1514.286;2804.214;74.286;1364.214;63.818
5674;1;Santa Rosa;final;1303.772;1790.881;1303.772;350.881;272.69
5674.1;1;Santa Rosa;final;1454.869;2679.078;14.869;1239.078;88.184
5675;1;Santa Rosa;final;1371.303;1800.881;1371.303;360.881;307.4
5675.1;1;Santa Rosa;final;1471.019;2804.214;31.019;1364.214;48.747
5676;1;Santa Rosa;final;1331.896;1810.881;1331.896;370.881;267.543
5677;1;Santa Rosa;final;1203.105;1886.214;1203.105;446.214;206.644
5678;1;Santa Rosa;intermedia;917.936;937.0;917.936;937.0;276.624
5678;2;Santa Rosa;final;1190.169;1450.397;1190.169;10.397;86.991
5678.1;1;Santa Rosa;final;1252.531;2620.881;1252.531;1180.881;25.08
5679;1;Santa Rosa;final;1320.903;1720.397;1320.903;280.397;289.152
5679.1;1;Santa Rosa;final;1432.979;2750.881;1432.979;1310.881;55.079
5680;1;Santa Rosa;final;1256.819;1727.897;1256.819;287.897;286.133
5680.1;1;Santa Rosa;final;1494.079;2685.381;54.079;1245.381;101.724
5681;1;Santa Rosa;final;1198.915;1735.397;1198.915;295.397;262.145
5682;1;Santa Rosa;final;1347.993;1742.897;1347.993;302.897;292.378
5683;1;Santa Rosa;final;1280.782;1750.397;1280.782;310.397;308.633
5684;1;Santa Rosa;final;1384.603;1757.897;1384.603;317.897;309.194
5684.1;1;Santa Rosa;final;1489.586;2817.547;49.586;1377.547;53.217
5685;1;Santa Rosa;final;622.952;1765.397;622.952;325.397;119.07
5686;1;Santa Rosa;final;1206.669;1772.897;1206.669;332.897;236.575
5687;1;Santa Rosa;final;1439.985;1780.397;1439.985;340.397;280.203
5688;1;Santa Rosa;final;1334.58;1787.897;1334.58;347.897;288.575
5688.1;1;Santa Rosa;final;1486.748;2733.342;46.748;1293.342;92.83
5689;1;Santa Rosa;final;1226.678;1795.397;1226.678;355.397;251.749
5690;1;Santa Rosa;final;1275.157;1825.397;1275.157;385.397;246.545
5691;1;Santa Rosa;final;1348.553;1847.897;1348.553;407.897;308.944
5691.1;1;Santa Rosa;final;1445.482;2777.547;5.482;1337.547;53.727
5692;1;Santa Rosa;final;1310.556;1862.897;1310.556;422.897;247.563
5693;1;Santa Rosa;final;1420.603;1870.397;1420.603;430.397;293.09
5693.1;1;Santa Rosa;final;1487.276;2855.881;47.276;1415.881;30.429
5694;1;Santa Rosa;final;870.664;1431.098;870.664;1431.098;284.997
5694.1;1;Santa Rosa;final;1445.141;2253.751;5.141;813.751;214.561
5695;1;Santa Rosa;final;931.138;1461.098;931.138;21.098;291.229
5695.1;1;Santa Rosa;final;1414.161;2333.415;1414.161;893.415;186.338
5696;1;Santa Rosa;final;1381.303;1772.881;1381.303;332.881;312.973
5696.1;1;Santa Rosa;final;1495.563;2817.547;55.563;1377.547;51.507
5697;1;Santa Rosa;final;1354.434;1784.881;1354.434;344.881;308.126
5698;1;Santa Rosa;final;1341.561;1796.881;1341.561;356.881;273.28
5699;1;Santa Rosa;final;1366.381;1808.881;1366.381;368.881;252.735
5700;1;Santa Rosa;final;1341.965;1910.881;1341.965;470.881;205.823
5701;1;Santa Rosa;final;1073.319;1450.397;1073.319;10.397;289.132
5701.1;1;Santa Rosa;final;1510.244;2513.047;70.244;1073.047;180.155
5702;1;Santa Rosa;final;1287.769;1720.397;1287.769;280.397;291.786
5702.1;1;Santa Rosa;final;1473.021;2717.348;33.021;1277.348;84.344
5703;1;Santa Rosa;final;1352.176;1727.063;1352.176;287.063;299.143
5704;1;Santa Rosa;final;537.553;1733.73;537.553;293.73;82.373
5705;1;Santa Rosa;final;1364.44;1740.397;1364.44;300.397;314.976
5705.1;1;Santa Rosa;final;1488.078;2767.76;48.078;1327.76;67.847
5706;1;Santa Rosa;final;1339.146;1747.063;1339.146;307.063;284.766
5707;1;Santa Rosa;final;1251.802;1753.73;1251.802;313.73;269.946
5708;1;Santa Rosa;final;1348.029;1760.397;1348.029;320.397;309.637
5708.1;1;Santa Rosa;final;1507.979;2699.147;67.979;1259.147;103.239
5709;1;Santa Rosa;final;1335.119;1767.063;1335.119;327.063;282.433
5709.1;1;Santa Rosa;final;1479.798;2764.214;39.798;1324.214;68.116
5710;1;Santa Rosa;final;505.786;1780.397;505.786;340.397;55.743
5711;1;Santa Rosa;final;1276.236;1787.313;1276.236;347.313;296.895
5711.1;1;Santa Rosa;final;1498.023;2705.881;58.023;1265.881;93.816
5712;1;Santa Rosa;final;1363.186;1801.147;1363.186;361.147;300.989
5712.1;1;Santa Rosa;final;1481.186;2811.338;41.186;1371.338;43.484
5713;1;Santa Rosa;final;1423.096;1814.98;1423.096;374.98;310.392
5713.1;1;Santa Rosa;final;1527.394;2770.397;87.394;1330.397;103.085
5714;1;Santa Rosa;final;1385.65;1863.397;1385.65;423.397;259.87
5715;1;Santa Rosa;final;1298.45;1464.519;1298.45;24.519;311.661
5715.1;1;Santa Rosa;final;1482.038;2623.431;42.038;1183.431;120.895
5716;1;Santa Rosa;final;1271.588;1734.519;1271.588;294.519;282.494
5717;1;Santa Rosa;final;1299.4;1746.519;1299.4;306.519;285.752
5717.1;1;Santa Rosa;final;1490.002;2727.632;50.002;1287.632;84.081
5718;1;Santa Rosa;final;540.115;1758.519;540.115;318.519;84.467
5719;1;Santa Rosa;final;1379.148;1770.519;1379.148;330.519;304.06
5719.1;1;Santa Rosa;final;1504.759;2754.519;64.759;1314.519;84.875
5720;1;Santa Rosa;final;1471.232;1794.519;31.232;354.519;311.346
5720.1;1;Santa Rosa;final;1516.483;2831.975;76.483;1391.975;58.003
5721;1;Santa Rosa;final;1020.957;1403.039;1020.957;1403.039;299.521
5721.1;1;Santa Rosa;final;1510.715;2415.248;70.715;975.248;201.076
5722;1;Santa Rosa;final;535.867;1743.039;535.867;303.039;96.594
5723;1;Santa Rosa;final;1323.688;1753.039;1323.688;313.039;292.638
5723.1;1;Santa Rosa;final;1492.993;2713.015;52.993;1273.015;90.675
5724;1;Santa Rosa;final;1307.769;1763.039;1307.769;323.039;273.743
5724.1;1;Santa Rosa;final;1427.779;2741.881;1427.779;1301.881;51.507
5725;1;Santa Rosa;final;1373.729;1773.039;1373.729;333.039;309.897
5726;1;Santa Rosa;final;1329.732;1450.397;1329.732;10.397;311.76
5726.1;1;Santa Rosa;final;1457.998;2706.107;17.998;1266.107;74.277
5727;1;Santa Rosa;final;1284.933;1720.397;1284.933;280.397;298.515
5727.1;1;Santa Rosa;final;1411.167;2608.431;1411.167;1168.431;109.533
5728;1;Santa Rosa;final;1321.412;1727.897;1321.412;287.897;294.704
5728.1;1;Santa Rosa;final;1386.512;2748.58;1386.512;1308.58;33.289
5729;1;Santa Rosa;final;1477.908;1735.397;37.908;295.397;311.405
5730;1;Santa Rosa;final;1402.911;1742.897;1402.911;302.897;287.964
5731;1;Santa Rosa;final;1199.838;1750.397;1199.838;310.397;250.83
5732;1;Santa Rosa;final;1321.731;1757.897;1321.731;317.897;295.992
5732.1;1;Santa Rosa;final;1466.894;2671.797;26.894;1231.797;109.037
5733;1;Santa Rosa;final;1436.752;1765.397;1436.752;325.397;301.919
5734;1;Santa Rosa;final;535.711;1772.897;535.711;332.897;80.671
5735;1;Santa Rosa;final;1362.982;1780.397;1362.982;340.397;309.78
5736;1;Santa Rosa;final;1307.176;1787.313;1307.176;347.313;279.184
5737;1;Santa Rosa;final;1284.331;1794.23;1284.331;354.23;246.693
5738;1;Santa Rosa;final;594.796;1801.147;594.796;361.147;86.719
5739;1;Santa Rosa;final;1453.281;1814.98;13.281;374.98;287.592
5739.1;1;Santa Rosa;final;1520.8;2800.397;80.8;1360.397;76.934
5740;1;Santa Rosa;final;1201.252;1863.397;1201.252;423.397;206.387
5741;1;Santa Rosa;final;1388.878;1870.397;1388.878;430.397;292.719
5742;1;Santa Rosa;final;970.671;1407.417;970.671;1407.417;307.775
5742.1;1;Santa Rosa;final;1445.753;2385.56;5.753;945.56;167.436
5743;1;Santa Rosa;final;1312.088;1757.417;1312.088;317.417;267.617
5744;1;Santa Rosa;final;1284.211;1730.648;1284.211;290.648;293.681
5744.1;1;Santa Rosa;final;1491.924;2634.931;51.924;1194.931;129.881
5745;1;Santa Rosa;final;1264.331;1739.214;1264.331;299.214;276.04
5746;1;Santa Rosa;final;1349.85;1747.781;1349.85;307.781;306.866
5746.1;1;Santa Rosa;final;1431.061;2742.417;1431.061;1302.417;57.957
5747;1;Santa Rosa;final;489.937;1764.914;489.937;324.914;64.123
5748;1;Santa Rosa;final;1342.124;1773.481;1342.124;333.481;270.682
5749;1;Santa Rosa;final;1392.594;1782.081;1392.594;342.081;307.9
5750;1;Santa Rosa;final;1412.252;1864.581;1412.252;424.581;288.524
5751;1;Santa Rosa;final;1273.27;1872.081;1273.27;432.081;225.551
5752;1;Santa Rosa;final;1139.629;1399.8;1139.629;1399.8;310.395
5752.1;1;Santa Rosa;final;1391.876;2530.75;1391.876;1090.75;135.624
5753;1;Santa Rosa;intermedia;842.303;860.0;842.303;860.0;282.227
5753;2;Santa Rosa;final;1007.279;1429.8;1007.279;1429.8;55.079
5753.1;1;Santa Rosa;final;1405.596;2380.33;1405.596;940.33;175.476
5754;1;Santa Rosa;final;1180.419;1459.8;1180.419;19.8;299.156
5754.1;1;Santa Rosa;final;1360.23;2610.881;1360.23;1170.881;69.423
5755;1;Santa Rosa;final;500.503;1549.8;500.503;109.8;114.612
5756;1;Santa Rosa;final;1270.087;1639.8;1270.087;199.8;269.729
5757;1;Santa Rosa;final;1289.585;1738.366;1289.585;298.366;305.885
5757.1;1;Santa Rosa;final;1349.874;2721.338;1349.874;1281.338;27.321
5758;1;Santa Rosa;final;534.844;1746.933;534.844;306.933;87.337
5759;1;Santa Rosa;final;1262.221;1755.5;1262.221;315.5;277.185
5760;1;Santa Rosa;final;550.028;1772.633;550.028;332.633;83.248
5761;1;Santa Rosa;final;1403.563;1838.216;1403.563;398.216;285.231
5762;1;Santa Rosa;final;995.957;1452.081;995.957;12.081;279.377
5762.1;1;Santa Rosa;final;1394.298;2395.248;1394.298;955.248;160.702
5763;1;Santa Rosa;final;522.258;1587.081;522.258;147.081;149.606
5764;1;Santa Rosa;final;1305.941;1722.081;1305.941;282.081;306.976
5764.1;1;Santa Rosa;final;1424.861;2659.192;1424.861;1219.192;85.264
5765;1;Santa Rosa;final;1414.04;1729.581;1414.04;289.581;309.712
5765.1;1;Santa Rosa;final;1473.89;2774.862;33.89;1334.862;69.144
5766;1;Santa Rosa;final;1340.686;1737.081;1340.686;297.081;303.407
5767;1;Santa Rosa;final;1329.52;1744.581;1329.52;304.581;302.044
5768;1;Santa Rosa;final;1387.335;1752.081;1387.335;312.081;306.652
5769;1;Santa Rosa;final;525.627;1759.581;525.627;319.581;80.353
5770;1;Santa Rosa;final;1353.621;1774.581;1353.621;334.581;297.08
5771;1;Santa Rosa;final;619.244;1782.081;619.244;342.081;96.881
5772;1;Santa Rosa;final;535.028;1797.081;535.028;357.081;66.435
5773;1;Santa Rosa;final;1443.641;1857.081;3.641;417.081;258.856
5774;1;Santa Rosa;final;1360.002;1872.081;1360.002;432.081;231.846
5775;1;Santa Rosa;final;1102.138;1450.397;1102.138;10.397;290.758
5775.1;1;Santa Rosa;final;1469.116;2485.915;29.116;1045.915;168.762
5776;1;Santa Rosa;final;1298.015;1720.397;1298.015;280.397;304.126
5776.1;1;Santa Rosa;final;1457.302;2644.236;17.302;1204.236;117.491
5777;1;Santa Rosa;final;1292.557;1735.397;1292.557;295.397;286.554
5777.1;1;Santa Rosa;final;1501.479;2666.789;61.479;1226.789;119.158
5778;1;Santa Rosa;final;1343.914;1750.397;1343.914;310.397;298.563
5778.1;1;Santa Rosa;final;1541.698;2697.497;101.698;1257.497;139.564
5779;1;Santa Rosa;final;1278.414;1765.397;1278.414;325.397;278.891
5780;1;Santa Rosa;final;524.146;1780.397;524.146;340.397;72.411
5781;1;Santa Rosa;final;1364.096;1850.397;1364.096;410.397;280.583
5782;1;Santa Rosa;final;1449.723;1870.397;9.723;430.397;311.612
5783;1;Santa Rosa;intermedia;908.453;927.0;908.453;927.0;274.159
5783;2;Santa Rosa;final;1153.332;1452.081;1153.332;12.081;85.406
5783.1;1;Santa Rosa;final;1424.602;2498.536;1424.602;1058.536;162.935
5784;1;Santa Rosa;final;1277.531;1587.081;1277.531;147.081;305.562
5784.1;1;Santa Rosa;final;1347.807;2679.495;1347.807;1239.495;46.912
5785;1;Santa Rosa;final;1316.878;1722.081;1316.878;282.081;303.404
5785.1;1;Santa Rosa;final;1410.635;2667.081;1410.635;1227.081;75.001
5786;1;Santa Rosa;final;1294.219;1742.081;1294.219;302.081;278.282
5787;1;Santa Rosa;final;535.878;1782.081;535.878;342.081;72.693
5788;1;Santa Rosa;final;1381.089;1797.081;1381.089;357.081;299.438
5789;1;Santa Rosa;final;1392.778;1812.081;1392.778;372.081;274.568
5790;1;Santa Rosa;final;1251.536;1827.081;1251.536;387.081;232.24
5791;1;Santa Rosa;final;542.125;1842.081;542.125;402.081;55.958
5792;1;Santa Rosa;final;1257.352;1857.081;1257.352;417.081;201.776
5793;1;Santa Rosa;final;1399.636;1872.081;1399.636;432.081;288.102
5793.1;1;Santa Rosa;final;1479.114;2838.081;39.114;1398.081;35.967
5794;1;Santa Rosa;final;1283.757;1743.192;1283.757;303.192;311.235
5794.1;1;Santa Rosa;final;1484.028;2686.31;44.028;1246.31;97.507
5795;1;Santa Rosa;final;614.328;1828.192;614.328;388.192;82.511
5796;1;Santa Rosa;final;1286.888;1722.081;1286.888;282.081;310.104
5797;1;Santa Rosa;final;538.981;1732.081;538.981;292.081;106.917
5798;1;Santa Rosa;final;1406.748;1742.081;1406.748;302.081;314.772
5799;1;Santa Rosa;final;1255.973;1752.081;1255.973;312.081;248.571
5800;1;Santa Rosa;final;1337.908;1762.081;1337.908;322.081;310.268
5800.1;1;Santa Rosa;final;1490.25;2695.192;50.25;1255.192;105.187
5801;1;Santa Rosa;final;1421.569;1772.081;1421.569;332.081;307.221
5801.1;1;Santa Rosa;final;1547.413;2857.547;107.413;1417.547;56.287
5802;1;Santa Rosa;final;1377.302;1782.081;1377.302;342.081;291.278
5803;1;Santa Rosa;final;1412.993;1792.081;1412.993;352.081;304.468
5804;1;Santa Rosa;final;574.961;1842.081;574.961;402.081;68.983
5805;1;Santa Rosa;final;1346.917;1852.081;1346.917;412.081;277.764
5806;1;Santa Rosa;final;619.811;1872.081;619.811;432.081;71.02
5807;1;Santa Rosa;final;1388.148;1753.192;1388.148;313.192;280.362
5808;1;Santa Rosa;final;1279.594;1452.081;1279.594;12.081;294.02
5809;1;Santa Rosa;final;1169.352;1614.081;1169.352;174.081;310.591
5809.1;1;Santa Rosa;final;1501.654;2600.214;61.654;1160.214;127.767
5810;1;Santa Rosa;final;1197.362;1722.081;1197.362;282.081;241.469
5811;1;Santa Rosa;final;1347.856;1729.581;1347.856;289.581;303.424
5811.1;1;Santa Rosa;final;1436.706;2689.572;1436.706;1249.572;82.513
5812;1;Santa Rosa;final;1263.465;1737.081;1263.465;297.081;279.832
5813;1;Santa Rosa;final;524.128;1744.581;524.128;304.581;88.18
5814;1;Santa Rosa;final;1328.315;1752.081;1328.315;312.081;294.69
5814.1;1;Santa Rosa;final;1465.181;2735.745;25.181;1295.745;69.372
5815;1;Santa Rosa;final;1380.411;1767.081;1380.411;327.081;291.981
5816;1;Santa Rosa;final;1371.285;1774.581;1371.285;334.581;285.246
5817;1;Santa Rosa;final;586.378;1782.081;586.378;342.081;88.18
5818;1;Santa Rosa;final;1367.261;1800.081;1367.261;360.081;262.257
5819;1;Santa Rosa;final;1378.528;1845.081;1378.528;405.081;303.359
5820;1;Santa Rosa;final;1212.285;1863.081;1212.285;423.081;206.704
5821;1;Santa Rosa;final;1306.111;1872.081;1306.111;432.081;211.019
5822;1;Santa Rosa;final;1237.736;1399.8;1237.736;1399.8;296.027
5823;1;Santa Rosa;intermedia;785.88;822.0;785.88;822.0;274.203
5823;2;Santa Rosa;final;1242.73;1459.8;1242.73;19.8;124.114
5823.1;1;Santa Rosa;final;1366.561;2642.641;1366.561;1202.641;67.844
5824;1;Santa Rosa;final;613.361;1549.8;613.361;109.8;160.811
5825;1;Santa Rosa;final;1381.186;1639.8;1381.186;199.8;310.222
5825.1;1;Santa Rosa;final;1500.657;2816.281;60.657;1376.281;52.248
5826;1;Santa Rosa;final;1314.186;1729.8;1314.186;289.8;307.031
5826.1;1;Santa Rosa;final;1502.463;2750.831;62.463;1310.831;75.169
5827;1;Santa Rosa;final;1333.217;1739.8;1333.217;299.8;311.602
5828;1;Santa Rosa;final;1289.414;1749.8;1289.414;309.8;280.904
5829;1;Santa Rosa;final;523.491;1779.8;523.491;339.8;76.33
5830;1;Santa Rosa;final;1395.028;1838.8;1395.028;398.8;291.967
5831;1;Santa Rosa;final;1292.192;1729.8;1292.192;289.8;279.876
5832;1;Santa Rosa;final;1297.678;1741.8;1297.678;301.8;292.781
5833;1;Santa Rosa;final;1343.184;1753.8;1343.184;313.8;291.094
5833.1;1;Santa Rosa;final;1405.461;2709.8;1405.461;1269.8;58.722
5834;1;Santa Rosa;final;1358.586;1765.8;1358.586;325.8;292.914
5834.1;1;Santa Rosa;final;1459.168;2786.881;19.168;1346.881;48.754
5835;1;Santa Rosa;final;1332.778;1789.8;1332.778;349.8;282.619
5836;1;Santa Rosa;final;1392.241;1819.8;1392.241;379.8;295.315
5837;1;Santa Rosa;final;1120.319;1464.685;1120.319;24.685;284.709
5837.1;1;Santa Rosa;final;1479.164;2551.781;39.164;1111.781;152.217
5838;1;Santa Rosa;final;1379.85;1734.685;1379.85;294.685;298.797
5838.1;1;Santa Rosa;final;1433.929;2761.684;1433.929;1321.684;49.66
5839;1;Santa Rosa;final;1440.594;1744.685;0.594;304.685;309.896
5839.1;1;Santa Rosa;final;1518.311;2792.081;78.311;1352.081;71.226
5840;1;Santa Rosa;final;1395.166;1754.685;1395.166;314.685;280.425
5841;1;Santa Rosa;final;1324.716;1764.685;1324.716;324.685;301.958
5841.1;1;Santa Rosa;final;1391.134;2711.619;1391.134;1271.619;52.201
5842;1;Santa Rosa;final;1246.857;1784.685;1246.857;344.685;220.651
5843;1;Santa Rosa;final;1385.065;1794.685;1385.065;354.685;263.878
5844;1;Santa Rosa;final;1397.302;1850.018;1397.302;410.018;246.609
5845;1;Santa Rosa;final;1396.549;1884.685;1396.549;444.685;238.715
5846;1;Santa Rosa;final;1355.166;1752.042;1355.166;312.042;266.557
5847;1;Santa Rosa;final;1104.18;1632.081;1104.18;192.081;277.464
5847.1;1;Santa Rosa;final;1512.346;2539.775;72.346;1099.775;161.499
5848;1;Santa Rosa;final;1320.685;1734.081;1320.685;294.081;278.027
5849;1;Santa Rosa;final;1363.563;1746.081;1363.563;306.081;305.597
5850;1;Santa Rosa;final;1254.496;1758.081;1254.496;318.081;275.738
5850.1;1;Santa Rosa;final;1506.861;2606.642;66.861;1166.642;145.127
5851;1;Santa Rosa;final;1261.802;1770.081;1261.802;330.081;276.373
5851.1;1;Santa Rosa;final;1513.651;2655.587;73.651;1215.587;141.217
5852;1;Santa Rosa;final;1315.885;1804.581;1315.885;364.581;264.376
5853;1;Santa Rosa;final;1282.531;1815.831;1282.531;375.831;240.464
5854;1;Santa Rosa;final;1350.571;1827.081;1350.571;387.081;273.84
5855;1;Santa Rosa;final;1368.769;1860.831;1368.769;420.831;276.945
5856;1;Santa Rosa;final;1394.353;1872.081;1394.353;432.081;276.222
5856.1;1;Santa Rosa;final;1498.815;2830.881;58.815;1390.881;53.727
5857;1;Santa Rosa;final;1040.685;1407.417;1040.685;1407.417;314.666
5857.1;1;Santa Rosa;final;1286.221;2415.838;1286.221;975.838;105.744
5858;1;Santa Rosa;final;1303.146;1749.417;1303.146;309.417;286.319
5859;1;Santa Rosa;final;1379.985;1761.417;1379.985;321.417;310.207
5859.1;1;Santa Rosa;final;1471.654;2826.098;31.654;1386.098;39.183
5860;1;Santa Rosa;final;1302.302;1773.417;1302.302;333.417;255.475
5861;1;Santa Rosa;final;1424.578;1842.417;1424.578;402.417;281.422
5862;1;Santa Rosa;final;1268.486;1464.519;1268.486;24.519;286.636
5862.1;1;Santa Rosa;final;1401.419;2696.881;1401.419;1256.881;70.91
5863;1;Santa Rosa;final;1325.148;1746.519;1325.148;306.519;290.154
5863.1;1;Santa Rosa;final;1475.848;2706.519;35.848;1266.519;87.007
5864;1;Santa Rosa;final;1352.319;1758.519;1352.319;318.519;299.956
5864.1;1;Santa Rosa;final;1490.103;2780.881;50.103;1340.881;65.518
5865;1;Santa Rosa;final;1419.552;1770.519;1419.552;330.519;310.251
5865.1;1;Santa Rosa;final;1542.985;2810.14;102.985;1370.14;78.938
5866;1;Santa Rosa;final;1390.181;1782.519;1390.181;342.519;288.821
5867;1;Santa Rosa;final;1284.807;1794.519;1284.807;354.519;246.819
5868;1;Santa Rosa;final;1384.312;1753.499;1384.312;313.499;293.935
5868.1;1;Santa Rosa;final;1491.741;2772.417;51.741;1332.417;70.538
5869;1;Santa Rosa;final;1458.715;1822.499;18.715;382.499;306.374
5870;1;Santa Rosa;final;1211.336;1668.081;1211.336;228.081;278.978
5870.1;1;Santa Rosa;final;1330.662;2643.681;1330.662;1203.681;49.179
5871;1;Santa Rosa;final;1441.581;1722.081;1.581;282.081;312.523
5871.1;1;Santa Rosa;final;1513.717;2818.218;73.717;1378.218;64.866
5872;1;Santa Rosa;final;1231.388;1728.748;1231.388;288.748;273.426
5873;1;Santa Rosa;final;1278.502;1735.414;1278.502;295.414;294.103
5873.1;1;Santa Rosa;final;1362.065;2705.214;1362.065;1265.214;37.927
5874;1;Santa Rosa;final;1287.465;1742.081;1287.465;302.081;269.173
5875;1;Santa Rosa;final;1463.053;1748.748;23.053;308.748;313.024
5876;1;Santa Rosa;final;1392.993;1762.081;1392.993;322.081;276.713
5877;1;Santa Rosa;final;1341.344;1768.748;1341.344;328.748;286.032
5878;1;Santa Rosa;final;1483.951;1782.081;43.951;342.081;307.679
5878.1;1;Santa Rosa;final;1510.115;2827.433;70.115;1387.433;54.724
5879;1;Santa Rosa;final;554.844;1807.748;554.844;367.748;72.355
5880;1;Santa Rosa;final;1428.603;1814.164;1428.603;374.164;314.486
5880.1;1;Santa Rosa;final;1507.669;2858.881;67.669;1418.881;42.938
5881;1;Santa Rosa;final;538.46;1839.831;538.46;399.831;55.828
5882;1;Santa Rosa;final;544.877;1846.248;544.877;406.248;55.828
5883;1;Santa Rosa;final;1328.015;1872.081;1328.015;432.081;258.811
5884;1;Santa Rosa;final;848.174;1393.192;848.174;1393.192;275.548
5884.1;1;Santa Rosa;final;1302.6;2245.248;1302.6;805.248;170.316
5885;1;Santa Rosa;final;1164.463;1453.192;1164.463;13.192;290.383
5885.1;1;Santa Rosa;final;1374.232;2574.041;1374.232;1134.041;89.583
5886;1;Santa Rosa;final;1295.686;1743.192;1295.686;303.192;290.31
5886.1;1;Santa Rosa;final;1522.979;2726.214;82.979;1286.214;100.515
5887;1;Santa Rosa;final;1421.186;1753.192;1421.186;313.192;277.047
5887.1;1;Santa Rosa;final;1535.563;2857.547;95.563;1417.547;51.507
5888;1;Santa Rosa;final;524.628;1828.192;524.628;388.192;57.622
5889;1;Santa Rosa;final;825.955;1431.098;825.955;1431.098;288.96
5889.1;1;Santa Rosa;final;1356.688;2231.178;1356.688;791.178;170.389
5890;1;Santa Rosa;final;1204.119;1461.098;1204.119;21.098;313.558
5890.1;1;Santa Rosa;final;1476.886;2635.881;36.886;1195.881;112.369
5891;1;Santa Rosa;final;512.289;1490.881;512.289;50.881;137.881
5892;1;Santa Rosa;final;1460.775;1772.881;20.775;332.881;311.864
5893;1;Santa Rosa;final;1379.553;1784.881;1379.553;344.881;304.253
5893.1;1;Santa Rosa;final;1458.038;2810.881;18.038;1370.881;38.264
5894;1;Santa Rosa;final;1273.353;1796.881;1273.353;356.881;265.308
5894.1;1;Santa Rosa;final;1404.929;2701.714;1404.929;1261.714;56.287
5895;1;Santa Rosa;final;1310.735;1820.881;1310.735;380.881;271.1
5896;1;Santa Rosa;final;1450.715;1910.881;10.715;470.881;299.443
5896.1;1;Santa Rosa;final;1501.084;2827.319;61.084;1387.319;52.201
5897;1;Santa Rosa;final;1111.935;1390.397;1111.935;1390.397;310.916
5897.1;1;Santa Rosa;final;1372.114;2509.14;1372.114;1069.14;129.251
5898;1;Santa Rosa;final;506.903;1410.397;506.903;1410.397;177.551
5899;1;Santa Rosa;final;1271.673;1720.397;1271.673;280.397;291.191
5900;1;Santa Rosa;final;1267.669;1730.397;1267.669;290.397;298.084
5900.1;1;Santa Rosa;final;1436.134;2696.881;1436.134;1256.881;80.315
5901;1;Santa Rosa;final;528.353;1740.397;528.353;300.397;83.128
5902;1;Santa Rosa;final;1264.622;1750.397;1264.622;310.397;269.475
5903;1;Santa Rosa;final;1273.907;1770.397;1273.907;330.397;278.505
5904;1;Santa Rosa;final;1285.002;1800.397;1285.002;360.397;271.018
5905;1;Santa Rosa;final;1314.4;1810.397;1314.4;370.397;277.628
5905.1;1;Santa Rosa;final;1433.333;2750.132;1433.333;1310.132;57.911
5906;1;Santa Rosa;final;1298.221;1850.397;1298.221;410.397;262.453
5907;1;Santa Rosa;final;1358.557;1870.397;1358.557;430.397;276.199
5908;1;Santa Rosa;final;1196.899;1438.445;1196.899;1438.445;306.909
5908.1;1;Santa Rosa;final;1501.232;2574.685;61.232;1134.685;138.746
5909;1;Santa Rosa;final;1207.803;1573.445;1207.803;133.445;287.963
5909.1;1;Santa Rosa;final;1305.735;2640.881;1305.735;1200.881;42.938
5910;1;Santa Rosa;final;1304.557;1708.445;1304.557;268.445;303.449
5910.1;1;Santa Rosa;final;1525.8;2678.039;85.8;1238.039;131.543
5911;1;Santa Rosa;final;1280.557;1723.445;1280.557;283.445;303.514
5911.1;1;Santa Rosa;final;1445.336;2658.739;5.336;1218.739;100.528
5912;1;Santa Rosa;final;1173.336;1738.445;1173.336;298.445;222.411
5913;1;Santa Rosa;final;1290.496;1794.145;1290.496;354.145;275.332
5913.1;1;Santa Rosa;final;1367.278;2642.476;1367.278;1202.476;87.115
5914;1;Santa Rosa;final;1316.192;1747.218;1316.192;307.218;301.692
5915;1;Santa Rosa;final;1316.069;1762.218;1316.069;322.218;313.468
5916;1;Santa Rosa;final;1259.0;1777.218;1259.0;337.218;296.32
5916.1;1;Santa Rosa;final;1316.883;2589.814;1316.883;1149.814;73.28
5917;1;Santa Rosa;intermedia;881.936;899.0;881.936;899.0;295.872
5917;2;Santa Rosa;final;1054.552;1392.081;1054.552;1392.081;42.348
5917.1;1;Santa Rosa;final;1357.004;2485.614;1357.004;1045.614;109.729
5918;1;Santa Rosa;final;532.044;1722.081;532.044;282.081;107.327
5919;1;Santa Rosa;final;1262.571;1734.081;1262.571;294.081;264.508
5920;1;Santa Rosa;final;1298.728;1746.081;1298.728;306.081;293.839
5921;1;Santa Rosa;final;515.286;1758.081;515.286;318.081;73.325
5922;1;Santa Rosa;final;1394.181;1782.081;1394.181;342.081;314.732
5922.1;1;Santa Rosa;final;1537.948;2733.502;97.948;1293.502;117.452
5923;1;Santa Rosa;final;1261.362;1793.331;1261.362;353.331;226.458
5924;1;Santa Rosa;final;1371.64;1804.581;1371.64;364.581;283.824
5925;1;Santa Rosa;final;1391.664;1815.831;1391.664;375.831;307.297
5925.1;1;Santa Rosa;final;1465.717;2770.218;25.717;1330.218;64.866
5926;1;Santa Rosa;final;1332.778;1838.331;1332.778;398.331;230.078
5927;1;Santa Rosa;final;1368.362;1849.581;1368.362;409.581;230.478
5928;1;Santa Rosa;final;1285.271;1416.376;1285.271;1416.376;240.81
5929;1;Santa Rosa;intermedia;990.303;999.0;990.303;999.0;271.6
5929;2;Santa Rosa;final;1193.136;1446.376;1193.136;6.376;56.782
5929.1;1;Santa Rosa;final;1283.185;2623.381;1283.185;1183.381;34.97
5930;1;Santa Rosa;final;1384.394;1762.76;1384.394;322.76;300.894
5931;1;Santa Rosa;final;1383.969;1777.76;1383.969;337.76;287.808
5932;1;Santa Rosa;final;1407.982;2647.76;1407.982;1207.76;79.951
5933;1;Santa Rosa;final;617.928;1722.081;617.928;282.081;127.976
5934;1;Santa Rosa;final;1363.64;1730.648;1363.64;290.648;309.716
5935;1;Santa Rosa;final;1362.711;1739.214;1362.711;299.214;313.589
5936;1;Santa Rosa;final;1155.87;1747.781;1155.87;307.781;215.562
5937;1;Santa Rosa;final;1332.994;1756.348;1332.994;316.348;292.62
5937.1;1;Santa Rosa;final;1509.128;2686.331;69.128;1246.331;114.629
5938;1;Santa Rosa;final;1275.724;1764.914;1275.724;324.914;286.066
5938.1;1;Santa Rosa;final;1522.229;2660.948;82.229;1220.948;127.631
5939;1;Santa Rosa;final;1345.707;1773.481;1345.707;333.481;289.099
5940;1;Santa Rosa;final;1363.621;1782.081;1363.621;342.081;285.857
5941;1;Santa Rosa;final;1407.031;1827.081;1407.031;387.081;313.559
5942;1;Santa Rosa;final;1297.582;1863.081;1297.582;423.081;247.657
5943;1;Santa Rosa;final;1309.238;1872.081;1309.238;432.081;244.319
5944;1;Santa Rosa;final;1429.49;2647.76;1429.49;1207.76;96.846
5945;1;Santa Rosa;final;1100.951;1463.2;1100.951;23.2;311.032
5945.1;1;Santa Rosa;final;1403.984;2444.166;1403.984;1004.166;133.3
5946;1;Santa Rosa;final;1219.974;1741.767;1219.974;301.767;291.677
5946.1;1;Santa Rosa;final;1352.974;2597.039;1352.974;1157.039;77.402
5947;1;Santa Rosa;final;1280.146;1750.334;1280.146;310.334;283.491
5947.1;1;Santa Rosa;final;1386.298;2633.247;1386.298;1193.247;91.53
5948;1;Santa Rosa;final;1340.691;1758.9;1340.691;318.9;310.466
5948.1;1;Santa Rosa;final;1492.981;2723.2;52.981;1283.2;95.584
5949;1;Santa Rosa;final;1241.791;1767.467;1241.791;327.467;294.904
5949.1;1;Santa Rosa;final;1423.167;2621.039;1423.167;1181.039;96.594
5950;1;Santa Rosa;final;1290.691;1802.2;1290.691;362.2;297.433
5950.1;1;Santa Rosa;final;1372.074;2671.75;1372.074;1231.75;65.092
5951;1;Santa Rosa;final;1062.457;1464.519;1062.457;24.519;286.299
5951.1;1;Santa Rosa;final;1485.657;2453.039;45.657;1013.039;177.416
5952;1;Santa Rosa;final;1221.012;1734.519;1221.012;294.519;271.456
5953;1;Santa Rosa;final;1284.903;1739.119;1284.903;299.119;284.782
5953.1;1;Santa Rosa;final;1470.038;2714.881;30.038;1274.881;76.302
5954;1;Santa Rosa;final;1374.195;1743.719;1374.195;303.719;296.34
5954.1;1;Santa Rosa;final;1470.253;2801.748;30.253;1361.748;40.888
5955;1;Santa Rosa;final;1375.166;1748.319;1375.166;308.319;294.756
5955.1;1;Santa Rosa;final;1482.216;2754.685;42.216;1314.685;71.872
5956;1;Santa Rosa;final;1407.315;1752.919;1407.315;312.919;310.978
5956.1;1;Santa Rosa;final;1518.217;2784.519;78.217;1344.519;78.484
5957;1;Santa Rosa;final;1447.949;1757.519;7.949;317.519;307.641
5958;1;Santa Rosa;final;527.584;1762.119;527.584;322.119;78.484
5959;1;Santa Rosa;final;1326.953;1766.719;1326.953;326.719;296.398
5960;1;Santa Rosa;final;1359.892;1771.319;1359.892;331.319;281.231
5961;1;Santa Rosa;final;1343.621;1775.919;1343.621;335.919;287.643
5961.1;1;Santa Rosa;final;1414.821;2725.915;1414.821;1285.915;61.089
5962;1;Santa Rosa;final;1348.642;1785.119;1348.642;345.119;282.564
5963;1;Santa Rosa;final;1396.565;1794.519;1396.565;354.519;284.696
5964;1;Santa Rosa;final;1370.148;1799.802;1370.148;359.802;275.112
5965;1;Santa Rosa;final;1449.552;1836.785;9.552;396.785;303.138
5966;1;Santa Rosa;final;1199.715;1719.976;1199.715;279.976;260.598
5967;1;Santa Rosa;final;1385.194;1734.976;1385.194;294.976;304.403
5967.1;1;Santa Rosa;final;1454.978;2736.081;14.978;1296.081;67.956
5968;1;Santa Rosa;final;1242.136;1749.976;1242.136;309.976;287.105
5968.1;1;Santa Rosa;final;1474.746;2671.382;34.746;1231.382;100.87
5969;1;Santa Rosa;final;1274.715;1764.976;1274.715;324.976;294.825
5970;1;Santa Rosa;final;1240.169;1779.976;1240.169;339.976;292.673
5970.1;1;Santa Rosa;final;1402.298;2669.047;1402.298;1229.047;69.342
5971;1;Santa Rosa;final;1351.588;1789.976;1351.588;349.976;302.435
5972;1;Santa Rosa;final;1395.29;1819.976;1395.29;379.976;295.161
5973;1;Santa Rosa;final;1301.314;1859.976;1301.314;419.976;253.408
5974;1;Santa Rosa;final;1277.74;1869.976;1277.74;429.976;236.548
5975;1;Santa Rosa;final;1323.158;1720.397;1323.158;280.397;311.469
5976;1;Santa Rosa;final;1350.157;1740.397;1350.157;300.397;306.907
5976.1;1;Santa Rosa;final;1470.944;2752.76;30.944;1312.76;67.847
5977;1;Santa Rosa;final;1311.214;1760.397;1311.214;320.397;314.715
5977.1;1;Santa Rosa;final;1423.528;2658.947;1423.528;1218.947;103.085
5978;1;Santa Rosa;final;1264.344;1780.397;1264.344;340.397;299.218
5978.1;1;Santa Rosa;final;1385.467;2619.976;1385.467;1179.976;92.214
5979;1;Santa Rosa;final;1385.982;1814.147;1385.982;374.147;297.564
5980;1;Santa Rosa;final;1246.786;1825.397;1246.786;385.397;238.76
5981;1;Santa Rosa;final;1272.811;1836.647;1272.811;396.647;240.747
5982;1;Santa Rosa;final;1394.64;1847.897;1394.64;407.897;284.592
5982.1;1;Santa Rosa;final;1493.111;2806.293;53.111;1366.293;58.212
5983;1;Santa Rosa;final;1225.578;1859.147;1225.578;419.147;253.624
5984;1;Santa Rosa;final;1392.081;1870.397;1392.081;430.397;296.458
5984.1;1;Santa Rosa;final;1449.596;2740.397;9.596;1300.397;65.336
5985;1;Santa Rosa;final;1274.919;1720.397;1274.919;280.397;281.108
5986;1;Santa Rosa;final;1308.933;1732.397;1308.933;292.397;313.616
5986.1;1;Santa Rosa;final;1477.491;2638.431;37.491;1198.431;121.995
5987;1;Santa Rosa;final;1205.578;1744.397;1205.578;304.397;276.094
5987.1;1;Santa Rosa;final;1525.482;2563.976;85.482;1123.976;194.792
5988;1;Santa Rosa;final;1384.321;1756.397;1384.321;316.397;314.096
5989;1;Santa Rosa;final;1347.346;1768.397;1347.346;328.397;313.67
5989.1;1;Santa Rosa;final;1493.564;2699.147;53.564;1259.147;108.914
5990;1;Santa Rosa;final;1235.336;1780.397;1235.336;340.397;261.646
5991;1;Santa Rosa;final;1398.5;1802.897;1398.5;362.897;311.554
5991.1;1;Santa Rosa;final;1489.717;2728.445;49.717;1288.445;97.156
5992;1;Santa Rosa;final;1333.524;1814.147;1333.524;374.147;300.957
5992.1;1;Santa Rosa;final;1481.224;2711.789;41.224;1271.789;94.349
5993;1;Santa Rosa;final;1394.52;1825.397;1394.52;385.397;311.507
5993.1;1;Santa Rosa;final;1461.512;2823.58;21.512;1383.58;33.289
5994;1;Santa Rosa;final;1279.136;1836.647;1279.136;396.647;238.246
5995;1;Santa Rosa;final;1394.179;1859.147;1394.179;419.147;297.451
5995.1;1;Santa Rosa;final;1538.564;2744.663;98.564;1304.663;108.914
5996;1;Santa Rosa;final;1363.202;1870.397;1363.202;430.397;285.495
5997;1;Santa Rosa;final;1102.367;1438.431;1102.367;1438.431;308.372
5997.1;1;Santa Rosa;final;1412.691;2455.631;1412.691;1015.631;164.874
5998;1;Santa Rosa;final;1165.08;1573.431;1165.08;133.431;312.918
5998.1;1;Santa Rosa;final;1523.79;2524.862;83.79;1084.862;180.64
5999;1;Santa Rosa;final;1211.142;1708.431;1211.142;268.431;280.211
5999.1;1;Santa Rosa;final;1456.705;2586.078;16.705;1146.078;126.009
6000;1;Santa Rosa;final;1275.785;1720.431;1275.785;280.431;297.95
6000.1;1;Santa Rosa;final;1346.285;2662.623;1346.285;1222.623;53.881
6001;1;Santa Rosa;final;1254.353;1732.431;1254.353;292.431;282.962
6001.1;1;Santa Rosa;final;1456.303;2683.598;16.303;1243.598;77.315
6002;1;Santa Rosa;final;537.403;1744.431;537.403;304.431;88.787
6003;1;Santa Rosa;final;1373.876;1824.681;1373.876;384.681;280.02
6003.1;1;Santa Rosa;final;1505.332;2733.976;65.332;1293.976;108.855
6004;1;Santa Rosa;final;1342.114;1847.181;1342.114;407.181;299.287
6004.1;1;Santa Rosa;final;1438.703;2692.397;1438.703;1252.397;77.324
6005;1;Los Espinos;final;627.522;1387.959;627.522;1387.959;290.393
6005.1;1;Los Espinos;final;1292.936;2046.573;1292.936;606.573;187.69
6006;1;Los Espinos;final;724.554;1417.959;724.554;1417.959;292.29
6006.1;1;Los Espinos;final;1448.352;2165.196;8.352;725.196;234.322
6007;1;Los Espinos;final;1157.041;1447.959;1157.041;7.959;296.114
6007.1;1;Los Espinos;final;1542.041;2526.654;102.041;1086.654;198.933
6008;1;Los Espinos;final;686.367;1404.678;686.367;1404.678;287.176
6008.1;1;Los Espinos;final;1465.267;2133.287;25.267;693.287;267.289
6008.2;1;Los Espinos;final;1576.666;2847.22;136.666;1407.22;77.404
6009;1;Los Espinos;final;792.605;1434.678;792.605;1434.678;281.391
6009.1;1;Los Espinos;final;1400.85;2224.463;1400.85;784.463;206.318
6010;1;Los Espinos;final;1017.307;1464.678;1017.307;24.678;306.602
6010.1;1;Los Espinos;final;1193.755;2368.208;1193.755;928.208;95.275
6011;1;Santa Rosa;final;1340.228;1734.081;1340.228;294.081;287.345
6012;1;Santa Rosa;final;1239.353;1740.081;1239.353;300.081;276.771
6012.1;1;Santa Rosa;final;1372.263;2669.047;1372.263;1229.047;56.287
6013;1;Santa Rosa;final;1263.315;1746.081;1263.315;306.081;268.491
6014;1;Santa Rosa;final;1295.735;1752.081;1295.735;312.081;303.724
6015;1;Santa Rosa;final;1302.73;1758.081;1302.73;318.081;268.882
6015.1;1;Santa Rosa;final;1489.245;2702.641;49.245;1262.641;89.529
6016;1;Santa Rosa;final;1275.578;1764.081;1275.578;324.081;268.517
6017;1;Santa Rosa;final;1358.252;1770.081;1358.252;330.081;286.357
6017.1;1;Santa Rosa;final;1441.654;2796.098;1.654;1356.098;39.183
6018;1;Santa Rosa;final;1409.375;1782.081;1409.375;342.081;293.648
6018.1;1;Santa Rosa;final;1468.196;2795.95;28.196;1355.95;49.66
6019;1;Santa Rosa;final;1302.644;1792.648;1302.644;352.648;249.203
6020;1;Santa Rosa;final;1367.046;1797.931;1367.046;357.931;246.57
6021;1;Santa Rosa;final;1277.174;1840.198;1277.174;400.198;255.238
6022;1;Santa Rosa;final;1476.512;1845.481;36.512;405.481;306.684
6023;1;Santa Rosa;final;1362.944;1861.331;1362.944;421.331;248.92
6024;1;Santa Rosa;final;1187.603;1393.445;1187.603;1393.445;292.955
6024.1;1;Santa Rosa;final;1480.194;2618.58;40.194;1178.58;103.777
6025;1;Santa Rosa;final;1334.811;1743.445;1334.811;303.445;301.582
6025.1;1;Santa Rosa;final;1370.944;2686.331;1370.944;1246.331;55.828
6026;1;Santa Rosa;final;1082.741;1411.163;1082.741;1411.163;290.206
6026.1;1;Santa Rosa;final;1536.132;2504.726;96.132;1064.726;201.746
6027;1;Santa Rosa;final;1113.367;1441.163;1113.367;1.163;309.237
6027.1;1;Santa Rosa;final;1359.224;2466.531;1359.224;1026.531;133.489
6028;1;Santa Rosa;final;1370.798;1741.163;1370.798;301.163;303.141
6029;1;Santa Rosa;final;1345.002;1751.163;1345.002;311.163;278.061
6030;1;Santa Rosa;final;1265.142;1761.163;1265.142;321.163;261.606
6031;1;Santa Rosa;final;1437.736;1771.163;1437.736;331.163;303.289
6032;1;Santa Rosa;final;511.219;1801.163;511.219;361.163;51.517
6033;1;Santa Rosa;final;1354.196;1855.163;1354.196;415.163;297.349
6033.1;1;Santa Rosa;final;1513.281;2710.397;73.281;1270.397;114.983
6034;1;Santa Rosa;final;1240.93;1873.163;1240.93;433.163;231.728
6035;1;Santa Rosa;final;523.303;1415.745;523.303;1415.745;168.681
6036;1;Santa Rosa;final;1304.874;1745.745;1304.874;305.745;303.197
6036.1;1;Santa Rosa;final;1362.285;2710.76;1362.285;1270.76;35.796
6037;1;Santa Rosa;final;1251.645;1755.745;1251.645;315.745;297.506
6038;1;Santa Rosa;final;1215.5;1765.745;1215.5;325.745;263.139
6039;1;Santa Rosa;final;1275.893;1775.745;1275.893;335.745;296.092
6039.1;1;Santa Rosa;final;1480.193;2644.201;40.193;1204.201;102.355
6040;1;Santa Rosa;final;1292.771;1785.745;1292.771;345.745;281.076
6041;1;Santa Rosa;final;1269.936;1795.745;1269.936;355.745;258.273
6042;1;Santa Rosa;final;1335.303;1805.745;1335.303;365.745;296.578
6042.1;1;Santa Rosa;final;1516.705;2765.881;76.705;1325.881;78.074
6043;1;Santa Rosa;final;1289.238;1814.745;1289.238;374.745;141.308
6044;1;Santa Rosa;final;1430.161;1823.745;1430.161;383.745;267.833
6045;1;Santa Rosa;final;516.774;1832.745;516.774;392.745;46.912
6046;1;Santa Rosa;final;1440.229;1841.745;0.229;401.745;308.083
6046.1;1;Santa Rosa;final;1465.336;2790.397;25.336;1350.397;56.187
6047;1;Santa Rosa;final;1361.403;1859.745;1361.403;419.745;284.8
6047.1;1;Santa Rosa;final;1504.821;2790.881;64.821;1350.881;72.527
6048;1;Santa Rosa;final;1373.315;1868.745;1373.315;428.745;254.742
6049;1;Santa Rosa;final;1374.558;1886.745;1374.558;446.745;268.675
6050;1;Santa Rosa;final;1388.333;1895.745;1388.333;455.745;296.479
6050.1;1;Santa Rosa;final;1479.102;2826.432;39.102;1386.432;43.387
6051;1;Santa Rosa;final;1339.435;1741.163;1339.435;301.163;257.004
6052;1;Santa Rosa;final;1192.41;1753.163;1192.41;313.163;273.305
6053;1;Santa Rosa;final;1339.463;1765.163;1339.463;325.163;265.322
6054;1;Santa Rosa;final;1178.157;1777.163;1178.157;337.163;121.06
6055;1;Santa Rosa;final;1162.147;1789.163;1162.147;349.163;250.978
6056;1;Santa Rosa;final;506.974;1801.163;506.974;361.163;56.401
6057;1;Santa Rosa;final;489.964;1851.163;489.964;411.163;30.889
6058;1;Santa Rosa;final;1361.069;1761.283;1361.069;321.283;310.056
6059;1;Santa Rosa;final;1399.663;1773.283;1399.663;333.283;279.619
6060;1;Santa Rosa;final;1397.467;1785.283;1397.467;345.283;314.729
6061;1;Santa Rosa;final;1381.963;1797.283;1381.963;357.283;302.393
6062;1;Santa Rosa;final;1432.644;1821.283;1432.644;381.283;307.377
6062.1;1;Santa Rosa;final;1467.924;2784.081;27.924;1344.081;57.162
6063;1;Santa Rosa;final;1369.161;1851.283;1369.161;411.283;157.417
6064;1;Santa Rosa;final;1476.171;1861.283;36.171;421.283;296.627
6065;1;Santa Rosa;final;1448.252;1891.283;8.252;451.283;284.967
6066;1;Santa Rosa;final;1422.261;1911.283;1422.261;471.283;250.773
6067;1;Santa Rosa;final;1290.406;1724.862;1290.406;284.862;308.191
6067.1;1;Santa Rosa;final;1387.49;2629.572;1387.49;1189.572;94.86
6068;1;Santa Rosa;final;1271.388;1739.862;1271.388;299.862;276.64
6069;1;Santa Rosa;final;1348.256;1754.862;1348.256;314.862;282.946
6070;1;Santa Rosa;final;541.73;1769.862;541.73;329.862;85.292
6071;1;Santa Rosa;final;1406.278;1807.362;1406.278;367.362;294.309
6072;1;Santa Rosa;final;1190.573;1829.862;1190.573;389.862;212.893
6073;1;Santa Rosa;final;1323.755;1837.362;1323.755;397.362;260.764
6074;1;Santa Rosa;final;1272.64;1844.862;1272.64;404.862;257.441
6075;1;Santa Rosa;final;1364.552;1852.362;1364.552;412.362;285.874
6076;1;Santa Rosa;final;1194.993;1859.862;1194.993;419.862;209.122
6077;1;Santa Rosa;final;1253.006;1726.572;1253.006;286.572;264.803
6078;1;Santa Rosa;final;1191.388;1738.572;1191.388;298.572;242.495
6079;1;Santa Rosa;final;1304.465;1750.572;1304.465;310.572;305.838
6079.1;1;Santa Rosa;final;1383.778;2674.8;1383.778;1234.8;63.749
6080;1;Santa Rosa;final;1303.256;1774.572;1303.256;334.572;285.691
6080.1;1;Santa Rosa;final;1380.306;2692.727;1380.306;1252.727;57.977
6081;1;Santa Rosa;final;1283.34;1793.822;1283.34;353.822;273.691
6082;1;Santa Rosa;final;1378.256;1825.905;1378.256;385.905;284.98
6083;1;Santa Rosa;final;567.397;1832.322;567.397;392.322;64.993
6084;1;Santa Rosa;final;1357.49;1851.572;1357.49;411.572;273.767
6085;1;Santa Rosa;final;1143.69;1857.989;1143.69;417.989;182.835
6086;1;Santa Rosa;final;1179.54;1864.572;1179.54;424.572;206.084
6087;1;Santa Rosa;final;1372.49;2614.572;1372.49;1174.572;94.86
6088;1;Santa Rosa;final;1256.702;1430.132;1256.702;1430.132;294.649
6088.1;1;Santa Rosa;final;1350.815;2693.964;1350.815;1253.964;37.927
6089;1;Santa Rosa;final;1398.317;1772.881;1398.317;332.881;303.127
6090;1;Santa Rosa;final;1311.588;1784.881;1311.588;344.881;309.717
6090.1;1;Santa Rosa;final;1362.993;2702.186;1362.993;1262.186;39.685
6091;1;Santa Rosa;final;611.702;1796.881;611.702;356.881;95.264
6092;1;Santa Rosa;final;1388.596;1808.881;1388.596;368.881;293.124
6093;1;Santa Rosa;final;1262.157;1820.881;1262.157;380.881;137.301
6094;1;Santa Rosa;final;1233.353;1910.881;1233.353;470.881;216.167
6095;1;Santa Rosa;final;1042.613;1475.406;1042.613;35.406;306.247
6095.1;1;Santa Rosa;final;1477.298;2408.047;37.298;968.047;176.182
6096;1;Santa Rosa;final;1311.202;1745.406;1311.202;305.406;313.679
6096.1;1;Santa Rosa;final;1515.548;2738.964;75.548;1298.964;86.789
6097;1;Santa Rosa;final;1291.011;1750.006;1291.011;310.006;297.092
6098;1;Santa Rosa;final;484.053;1754.606;484.053;314.606;64.027
6099;1;Santa Rosa;final;1332.933;1759.206;1332.933;319.206;303.493
6100;1;Santa Rosa;final;1389.376;1763.806;1389.376;323.806;309.612
6100.1;1;Santa Rosa;final;1451.452;2761.575;11.452;1321.575;61.963
6101;1;Santa Rosa;final;1233.136;1768.406;1233.136;328.406;250.049
6102;1;Santa Rosa;final;504.886;1773.006;504.886;333.006;54.356
6103;1;Santa Rosa;final;1381.331;1786.806;1381.331;346.806;309.66
6103.1;1;Santa Rosa;final;1448.333;2725.67;8.333;1285.67;85.748
6104;1;Santa Rosa;final;1353.531;1796.006;1353.531;356.006;292.936
6104.1;1;Santa Rosa;final;1491.629;2710.347;51.629;1270.347;101.39
6105;1;Santa Rosa;final;1260.986;1822.54;1260.986;382.54;245.378
6106;1;Santa Rosa;final;1391.779;1839.673;1391.779;399.673;277.423
6106.1;1;Santa Rosa;final;1507.236;2740.397;67.236;1300.397;101.905
6107;1;Santa Rosa;final;1224.622;1843.956;1224.622;403.956;230.825
6108;1;Santa Rosa;final;515.503;1882.506;515.503;442.506;25.14
6109;1;Santa Rosa;final;503.398;1465.915;503.398;25.915;100.843
6110;1;Santa Rosa;final;1157.346;1668.415;1157.346;228.415;293.29
6110.1;1;Santa Rosa;final;1329.423;2511.297;1329.423;1071.297;101.028
6111;1;Santa Rosa;final;1237.648;1735.915;1237.648;295.915;291.677
6111.1;1;Santa Rosa;final;1324.4;2587.597;1324.4;1147.597;76.934
6112;1;Santa Rosa;final;1220.119;1741.915;1220.119;301.915;274.552
6112.1;1;Santa Rosa;final;1339.229;2652.247;1339.229;1212.247;49.179
6113;1;Santa Rosa;final;1459.985;1747.915;19.985;307.915;306.231
6114;1;Santa Rosa;final;498.369;1753.915;498.369;313.915;63.951
6115;1;Santa Rosa;final;1374.811;1759.915;1374.811;319.915;314.405
6115.1;1;Santa Rosa;final;1517.332;2725.414;77.332;1285.414;105.559
6116;1;Santa Rosa;final;1394.225;1765.915;1394.225;325.915;311.453
6116.1;1;Santa Rosa;final;1481.332;2747.711;41.332;1307.711;78.251
6117;1;Santa Rosa;final;1385.98;1771.915;1385.98;331.915;314.498
6117.1;1;Santa Rosa;final;1491.994;2784.041;51.994;1344.041;67.844
6118;1;Santa Rosa;final;1339.565;1777.915;1339.565;337.915;288.037
6119;1;Santa Rosa;final;1338.919;1783.915;1338.919;343.915;291.818
6119.1;1;Santa Rosa;final;1420.059;2732.737;1420.059;1292.737;62.383
6120;1;Santa Rosa;final;1285.819;1789.915;1285.819;349.915;229.237
6121;1;Santa Rosa;final;1231.853;1795.915;1231.853;355.915;265.955
6121.1;1;Santa Rosa;final;1483.669;2660.881;43.669;1220.881;105.061
6122;1;Santa Rosa;final;1251.586;1801.531;1251.586;361.531;236.101
6123;1;Santa Rosa;final;1259.571;1812.765;1259.571;372.765;236.42
6124;1;Santa Rosa;final;1363.538;1823.998;1363.538;383.998;294.402
6125;1;Santa Rosa;final;1238.292;1835.231;1238.292;395.231;235.966
6126;1;Santa Rosa;final;1359.057;1840.848;1359.057;400.848;290.142
6127;1;Santa Rosa;final;1413.563;1846.465;1413.563;406.465;299.077
6127.1;1;Santa Rosa;final;1474.496;2761.797;34.496;1321.797;72.411
6128;1;Santa Rosa;final;1319.088;1852.081;1319.088;412.081;261.635
6129;1;Santa Rosa;final;529.886;1863.315;529.886;423.315;39.342
6130;1;Santa Rosa;final;1386.265;1874.548;1386.265;434.548;310.458
6130.1;1;Santa Rosa;final;1474.64;2743.796;34.64;1303.796;70.859
6131;1;Santa Rosa;final;1143.286;1880.165;1143.286;440.165;196.383
6132;1;Santa Rosa;final;1428.057;1885.781;1428.057;445.781;286.318
6132.1;1;Santa Rosa;final;1523.564;2815.248;83.564;1375.248;71.461
6133;1;Santa Rosa;final;1410.038;1885.915;1410.038;445.915;286.376
6134;1;Santa Rosa;final;1323.569;1781.098;1323.569;341.098;286.489
6135;1;Santa Rosa;final;1407.346;1791.098;1407.346;351.098;296.756
6136;1;Santa Rosa;final;1188.426;1801.098;1188.426;361.098;223.966
6137;1;Santa Rosa;final;504.969;1811.098;504.969;371.098;47.597
6138;1;Santa Rosa;final;528.636;1820.881;528.636;380.881;47.099
6139;1;Santa Rosa;final;1236.586;1910.881;1236.586;470.881;196.801
6140;1;Santa Rosa;final;532.202;1743.055;532.202;303.055;93.694
6141;1;Santa Rosa;final;1214.375;1755.055;1214.375;315.055;288.831
6141.1;1;Santa Rosa;final;1556.707;2609.721;116.707;1169.721;156.04
6142;1;Santa Rosa;final;1225.775;1767.055;1225.775;327.055;288.831
6142.1;1;Santa Rosa;final;1350.065;2621.437;1350.065;1181.437;83.007
6143;1;Santa Rosa;final;1262.942;1779.055;1262.942;339.055;285.617
6143.1;1;Santa Rosa;final;1404.535;2658.055;1404.535;1218.055;93.694
6144;1;Santa Rosa;final;1352.058;1791.055;1352.058;351.055;305.651
6145;1;Santa Rosa;final;1316.275;1803.055;1316.275;363.055;285.617
6146;1;Santa Rosa;final;1231.207;1814.305;1231.207;374.305;257.257
6147;1;Santa Rosa;final;1228.125;1825.555;1228.125;385.555;267.065
6147.1;1;Santa Rosa;final;1368.057;2623.055;1368.057;1183.055;74.855
6148;1;Santa Rosa;final;1267.508;1848.055;1267.508;408.055;292.045
6148.1;1;Santa Rosa;final;1461.207;2659.937;21.207;1219.937;105.022
6149;1;Santa Rosa;final;1330.958;1859.305;1330.958;419.305;288.831
6149.1;1;Santa Rosa;final;1521.808;2724.721;81.808;1284.721;103.215
6150;1;Santa Rosa;final;1352.108;1881.805;1352.108;441.805;288.831
6150.1;1;Santa Rosa;final;1535.142;2746.388;95.142;1306.388;103.215
6151;1;Santa Rosa;final;1372.375;1893.055;1372.375;453.055;308.865
6151.1;1;Santa Rosa;final;1479.385;2767.321;39.385;1327.321;76.007
6152;1;Santa Rosa;final;1173.475;1701.875;1173.475;261.875;288.938
6153;1;Santa Rosa;final;1125.173;1713.875;1125.173;273.875;298.887
6153.1;1;Santa Rosa;final;1381.39;2473.48;1381.39;1033.48;128.144
6154;1;Santa Rosa;final;1174.519;1725.875;1174.519;285.875;289.093
6154.1;1;Santa Rosa;final;1253.825;2573.337;1253.825;1133.337;52.197
6155;1;Santa Rosa;final;1079.008;1737.875;1079.008;297.875;272.118
6155.1;1;Santa Rosa;final;1295.708;2492.737;1295.708;1052.737;106.651
6156;1;Santa Rosa;final;1141.775;1749.875;1141.775;309.875;272.118
6156.1;1;Santa Rosa;final;1371.155;2536.837;1371.155;1096.837;119.38
6157;1;Santa Rosa;final;1256.275;1761.875;1256.275;321.875;288.938
6157.1;1;Santa Rosa;final;1547.918;2651.221;107.918;1211.221;157.191
6158;1;Santa Rosa;final;1210.992;1773.125;1210.992;333.125;292.152
6158.1;1;Santa Rosa;final;1380.069;2607.055;1380.069;1167.055;93.694
6159;1;Santa Rosa;final;1228.665;1829.375;1228.665;389.375;268.508
6160;1;Santa Rosa;final;1288.658;1851.875;1288.658;411.875;305.042
6160.1;1;Santa Rosa;final;1412.207;2683.888;1412.207;1243.888;74.855
6161;1;Santa Rosa;final;1131.819;1393.796;1131.819;1393.796;296.708
6161.1;1;Santa Rosa;final;1444.186;2562.681;4.186;1122.681;144.503
6162;1;Santa Rosa;final;1097.279;1423.796;1097.279;1423.796;310.574
6162.1;1;Santa Rosa;final;1393.621;2460.397;1393.621;1020.397;135.801
6163;1;Santa Rosa;final;1257.514;1723.796;1257.514;283.796;301.327
6163.1;1;Santa Rosa;final;1496.59;2609.397;56.59;1169.397;132.43
6164;1;Santa Rosa;final;1290.73;1731.296;1290.73;291.296;294.069
6164.1;1;Santa Rosa;final;1521.061;2692.641;81.061;1252.641;110.882
6165;1;Santa Rosa;final;1177.936;1738.796;1177.936;298.796;283.328
6165.1;1;Santa Rosa;final;1383.569;2607.547;1383.569;1167.547;90.443
6166;1;Santa Rosa;final;1264.119;1746.296;1264.119;306.296;256.807
6167;1;Santa Rosa;final;1326.73;1753.796;1326.73;313.796;301.032
6167.1;1;Santa Rosa;final;1446.561;2722.641;6.561;1282.641;67.844
6168;1;Santa Rosa;final;1386.817;1761.296;1386.817;321.296;307.84
6168.1;1;Santa Rosa;final;1505.8;2718.431;65.8;1278.431;100.325
6169;1;Santa Rosa;final;1409.552;1768.796;1409.552;328.796;312.626
6170;1;Santa Rosa;final;1270.103;1776.296;1270.103;336.296;235.373
6171;1;Santa Rosa;final;1332.771;1783.796;1332.771;343.796;284.07
6171.1;1;Santa Rosa;final;1453.488;2725.865;13.488;1285.865;74.056
6172;1;Santa Rosa;final;1215.129;1798.796;1215.129;358.796;229.352
6173;1;Santa Rosa;final;496.369;1806.296;496.369;366.296;47.554
6174;1;Santa Rosa;final;1325.485;1821.296;1325.485;381.296;277.473
6175;1;Santa Rosa;final;1404.931;1828.796;1404.931;388.796;305.378
6176;1;Santa Rosa;final;1309.141;1836.296;1309.141;396.296;222.059
6177;1;Santa Rosa;final;1437.596;1843.796;1437.596;403.796;296.564
6178;1;Santa Rosa;final;1270.696;1851.296;1270.696;411.296;262.195
6179;1;Santa Rosa;final;1414.938;1858.796;1414.938;418.796;307.468
6179.1;1;Santa Rosa;final;1438.186;2794.093;1438.186;1354.093;42.156
6180;1;Santa Rosa;final;1036.836;1430.132;1036.836;1430.132;310.981
6180.1;1;Santa Rosa;final;1304.146;2480.881;1304.146;1040.881;84.021
6181;1;Santa Rosa;final;834.263;1460.132;834.263;20.132;274.531
6181.1;1;Santa Rosa;final;1447.098;2215.397;7.098;775.397;227.833
6182;1;Santa Rosa;final;1158.087;1785.832;1158.087;345.832;189.88
6183;1;Santa Rosa;final;1317.065;1820.881;1317.065;380.881;235.72
6184;1;Santa Rosa;final;539.953;1727.103;539.953;287.103;93.692
6185;1;Santa Rosa;final;1272.771;1735.67;1272.771;295.67;286.973
6186;1;Santa Rosa;final;532.102;1744.236;532.102;304.236;93.391
6187;1;Santa Rosa;final;1211.269;1752.803;1211.269;312.803;253.731
6188;1;Santa Rosa;final;510.309;1761.37;510.309;321.37;81.1
6189;1;Santa Rosa;final;485.469;1778.536;485.469;338.536;55.654
6190;1;Santa Rosa;final;1341.069;1780.881;1341.069;340.881;300.236
6191;1;Santa Rosa;final;1227.862;1790.881;1227.862;350.881;222.163
6192;1;Santa Rosa;intermedia;680.026;728.0;680.026;728.0;257.305
6192;2;Santa Rosa;final;1355.242;1478.103;1355.242;38.103;197.351
6193;1;Santa Rosa;intermedia;788.659;841.0;788.659;841.0;257.305
6193;2;Santa Rosa;final;1291.909;1532.103;1291.909;92.103;137.397
6194;1;Santa Rosa;intermedia;884.659;921.0;884.659;921.0;257.305
6194;2;Santa Rosa;final;1325.242;1586.103;1325.242;146.103;137.397
6195;1;Santa Rosa;final;1285.536;1758.103;1285.536;318.103;305.574
6195.1;1;Santa Rosa;final;1391.336;2693.611;1391.336;1253.611;65.029
6196;1;Santa Rosa;final;1201.909;1778.103;1201.909;338.103;257.305
6196.1;1;Santa Rosa;final;1486.742;2608.103;46.742;1168.103;137.397
6197;1;Santa Rosa;final;1211.909;1788.103;1211.909;348.103;257.305
6197.1;1;Santa Rosa;final;1375.242;2618.103;1375.242;1178.103;77.443
6198;1;Santa Rosa;final;1221.909;1798.103;1221.909;358.103;257.305
6198.1;1;Santa Rosa;final;1385.242;2628.103;1385.242;1188.103;77.443
6199;1;Santa Rosa;final;1271.909;1808.103;1271.909;368.103;257.305
6200;1;Santa Rosa;final;1281.909;1815.603;1281.909;375.603;257.305
6201;1;Santa Rosa;final;1301.909;1830.603;1301.909;390.603;257.305
6202;1;Santa Rosa;final;1198.069;1838.103;1198.069;398.103;233.924
6203;1;Santa Rosa;final;1311.909;1845.603;1311.909;405.603;257.305
6203.1;1;Santa Rosa;final;1448.092;2715.603;8.092;1275.603;77.443
6204;1;Santa Rosa;final;1285.242;1853.103;1285.242;413.103;257.305
6204.1;1;Santa Rosa;final;1524.553;2693.103;84.553;1253.103;125.712
6205;1;Santa Rosa;final;1295.242;1860.603;1295.242;420.603;257.305
6205.1;1;Santa Rosa;final;1436.842;2704.353;1436.842;1264.353;77.443
6206;1;Santa Rosa;final;1305.242;1868.103;1305.242;428.103;257.305
6207;1;Santa Rosa;final;1315.242;1875.603;1315.242;435.603;257.305
6207.1;1;Santa Rosa;final;1459.342;2726.853;19.342;1286.853;77.443
6208;1;Santa Rosa;final;1335.242;1883.103;1335.242;443.103;257.305
6208.1;1;Santa Rosa;final;1456.742;2738.103;16.742;1298.103;77.443
6209;1;Los Espinos;final;1031.927;1433.574;1031.927;1433.574;293.679
6209.1;1;Los Espinos;final;1383.24;2460.132;1383.24;1020.132;116.408
6210;1;Los Espinos;final;1187.397;1463.574;1187.397;23.574;298.378
6210.1;1;Los Espinos;final;1485.799;2602.72;45.799;1162.72;133.428
6211;1;Los Espinos;final;533.555;1493.008;533.555;53.008;144.995
6212;1;Los Espinos;final;1358.204;1771.575;1358.204;331.575;301.852
6212.1;1;Los Espinos;final;1536.238;2744.829;96.238;1304.829;105.096
6213;1;Los Espinos;final;1364.654;1780.142;1364.654;340.142;301.212
6213.1;1;Los Espinos;final;1453.083;2789.696;13.083;1349.696;42.456
6214;1;Los Espinos;final;1247.486;1788.708;1247.486;348.708;273.252
6215;1;Los Espinos;final;1333.557;1797.275;1333.557;357.275;296.274
6215.1;1;Los Espinos;final;1479.147;2769.582;39.147;1329.582;55.64
6216;1;Los Espinos;final;1252.927;1823.008;1252.927;383.008;249.837
6217;1;Los Espinos;final;1373.34;1836.842;1373.34;396.842;296.288
6218;1;Los Espinos;final;1445.799;1864.508;5.799;424.508;308.595
6219;1;Los Espinos;final;1287.388;1892.175;1287.388;452.175;291.951
6220;1;Los Espinos;final;1393.682;1913.008;1393.682;473.008;287.856
6220.1;1;Los Espinos;final;1458.03;2770.827;18.03;1330.827;59.889
6221;1;Los Espinos;final;1465.976;2543.008;25.976;1103.008;123.404
6222;1;Los Espinos;final;1206.984;1763.008;1206.984;323.008;288.454
6222.1;1;Los Espinos;final;1536.416;2593.587;96.416;1153.587;156.557
6223;1;Los Espinos;final;1259.275;1775.008;1259.275;335.008;287.062
6223.1;1;Los Espinos;final;1377.397;2693.008;1377.397;1253.008;53.419
6224;1;Los Espinos;final;523.271;1787.008;523.271;347.008;64.852
6225;1;Los Espinos;final;536.104;1799.008;536.104;359.008;64.852
6226;1;Los Espinos;final;548.937;1811.008;548.937;371.008;64.852
6227;1;Los Espinos;final;1358.189;1868.008;1358.189;428.008;280.208
6227.1;1;Los Espinos;final;1439.133;2753.041;1439.133;1313.041;60.448
6228;1;Los Espinos;final;1232.114;1879.258;1232.114;439.258;248.931
6229;1;Los Espinos;final;1338.497;1890.508;1338.497;450.508;279.49
6230;1;Los Espinos;final;1271.621;2519.008;1271.621;1079.008;64.852
6231;1;Los Espinos;final;1260.298;1759.572;1260.298;319.572;301.652
6232;1;Los Espinos;final;1255.166;1771.572;1255.166;331.572;277.749
6232.1;1;Los Espinos;final;1471.989;2629.454;31.989;1189.454;120.034
6233;1;Los Espinos;final;1332.57;1783.572;1332.57;343.572;301.015
6233.1;1;Los Espinos;final;1430.868;2733.041;1430.868;1293.041;67.699
6234;1;Los Espinos;final;1285.337;1795.572;1285.337;355.572;296.39
6234.1;1;Los Espinos;final;1347.634;2699.696;1347.634;1259.696;40.272
6235;1;Los Espinos;final;1337.954;1807.572;1337.954;367.572;267.623
6236;1;Los Espinos;final;1340.714;1863.822;1340.714;423.822;274.539
6237;1;Los Espinos;final;1326.057;1886.322;1326.057;446.322;273.976
6238;1;Santa Rosa;final;1302.903;1778.014;1302.903;338.014;284.868
6238.1;1;Santa Rosa;final;1391.069;2735.881;1391.069;1295.881;42.938
6239;1;Santa Rosa;final;1356.907;1786.581;1356.907;346.581;313.85
6240;1;Santa Rosa;final;1392.746;1795.147;1392.746;355.147;294.468
6240.1;1;Santa Rosa;final;1503.85;2740.397;63.85;1300.397;95.712
6241;1;Santa Rosa;final;1302.217;1910.881;1302.217;470.881;249.434
6242;1;Santa Rosa;final;1328.031;1734.046;1328.031;294.046;306.571
6242.1;1;Santa Rosa;final;1478.564;2676.647;38.564;1236.647;108.914
6243;1;Santa Rosa;final;1341.124;1738.329;1341.124;298.329;313.306
6243.1;1;Santa Rosa;final;1381.492;2731.327;1381.492;1291.327;39.83
6244;1;Santa Rosa;final;1381.124;1742.612;1381.124;302.612;302.107
6244.1;1;Santa Rosa;final;1464.64;2791.093;24.64;1351.093;44.303
6245;1;Santa Rosa;final;566.702;1746.896;566.702;306.896;104.37
6246;1;Santa Rosa;final;515.59;1751.179;515.59;311.179;73.211
6247;1;Santa Rosa;final;1317.678;1755.462;1317.678;315.462;300.788
6248;1;Santa Rosa;final;1354.811;1759.746;1354.811;319.746;313.077
6248.1;1;Santa Rosa;final;1526.261;2712.081;86.261;1272.081;114.629
6249;1;Santa Rosa;final;1263.448;1764.029;1263.448;324.029;257.71
6250;1;Santa Rosa;final;522.902;1768.312;522.902;328.312;76.398
6251;1;Santa Rosa;final;1425.253;1772.596;1425.253;332.596;313.066
6251.1;1;Santa Rosa;final;1488.152;2851.38;48.152;1411.38;32.884
6252;1;Santa Rosa;final;1214.183;1776.879;1214.183;336.879;254.998
6253;1;Santa Rosa;final;1276.411;1781.162;1276.411;341.162;237.918
6254;1;Santa Rosa;final;1334.407;1794.046;1334.407;354.046;311.833
6254.1;1;Santa Rosa;final;1437.05;2722.989;1437.05;1282.989;66.243
6255;1;Santa Rosa;final;486.036;1734.168;486.036;294.168;68.562
6256;1;Santa Rosa;final;1309.888;1746.168;1309.888;306.168;308.18
6257;1;Santa Rosa;final;1401.028;1758.168;1401.028;318.168;308.111
6257.1;1;Santa Rosa;final;1472.861;2752.081;32.861;1312.081;71.589
6258;1;Santa Rosa;final;1303.594;1770.168;1303.594;330.168;246.437
6259;1;Santa Rosa;final;1359.553;1782.168;1359.553;342.168;278.355
6259.1;1;Santa Rosa;final;1468.896;2790.881;28.896;1350.881;51.507
6260;1;Santa Rosa;final;1423.474;1794.168;1423.474;354.168;308.529
6260.1;1;Santa Rosa;final;1498.357;2808.706;58.357;1368.706;62.964
6261;1;Santa Rosa;final;1356.129;1805.418;1356.129;365.418;310.448
6261.1;1;Santa Rosa;final;1468.202;2713.796;28.202;1273.796;85.955
6262;1;Santa Rosa;final;1328.661;1741.327;1328.661;301.327;291.488
6263;1;Santa Rosa;final;1377.021;1753.327;1377.021;313.327;305.565
6264;1;Santa Rosa;final;522.48;1765.327;522.48;325.327;74.124
6265;1;Santa Rosa;final;1475.479;1828.327;35.479;388.327;301.597
6266;1;Santa Rosa;final;1363.256;1846.327;1363.256;406.327;261.155
6267;1;Santa Rosa;final;1421.452;1873.327;1421.452;433.327;298.216
6268;1;Santa Rosa;final;1376.706;1882.327;1376.706;442.327;246.234
6269;1;Santa Rosa;final;1487.214;1891.327;47.214;451.327;310.25
6270;1;Santa Rosa;final;537.438;1714.572;537.438;274.572;96.545
6271;1;Santa Rosa;final;1339.369;1724.572;1339.369;284.572;314.158
6271.1;1;Santa Rosa;final;1470.902;2711.582;30.902;1271.582;88.754
6272;1;Santa Rosa;final;1352.219;1734.572;1352.219;294.572;314.158
6272.1;1;Santa Rosa;final;1410.902;2711.632;1410.902;1271.632;65.549
6273;1;Santa Rosa;final;1251.388;1744.572;1251.388;304.572;270.597
6274;1;Santa Rosa;final;1326.285;1754.572;1326.285;314.572;294.565
6274.1;1;Santa Rosa;final;1469.552;2720.14;29.552;1280.14;78.938
6275;1;Santa Rosa;final;505.354;1764.572;505.354;324.572;76.291
6276;1;Santa Rosa;final;1291.388;1774.572;1291.388;334.572;264.549
6277;1;Santa Rosa;final;518.006;1783.572;518.006;343.572;58.991
6278;1;Santa Rosa;final;1199.047;1801.572;1199.047;361.572;232.997
6279;1;Santa Rosa;final;1342.706;1819.572;1342.706;379.572;244.435
6280;1;Santa Rosa;final;1286.247;1864.572;1286.247;424.572;227.489
6281;1;Santa Rosa;final;1146.169;1491.098;1146.169;51.098;293.571
6281.1;1;Santa Rosa;final;1532.29;2575.147;92.29;1135.147;161.418
6282;1;Santa Rosa;final;1273.088;1781.098;1273.088;341.098;265.056
6283;1;Santa Rosa;final;1300.169;1791.098;1300.169;351.098;298.425
6283.1;1;Santa Rosa;final;1511.698;2732.881;71.698;1292.881;99.605
6284;1;Santa Rosa;final;1311.294;1801.098;1311.294;361.098;283.976
6285;1;Santa Rosa;final;1202.571;1811.098;1202.571;371.098;235.879
6286;1;Santa Rosa;final;1414.963;1886.214;1414.963;446.214;295.379
6286.1;1;Santa Rosa;final;1503.394;2781.976;63.394;1341.976;87.115
6287;1;Santa Rosa;final;1227.517;1677.906;1227.517;237.906;304.974
6287.1;1;Santa Rosa;final;1384.617;2552.948;1384.617;1112.948;115.785
6288;1;Santa Rosa;final;1273.336;1745.406;1273.336;305.406;264.911
6289;1;Santa Rosa;final;1328.911;1752.906;1328.911;312.906;276.04
6290;1;Santa Rosa;final;523.479;1760.406;523.479;320.406;73.465
6291;1;Santa Rosa;final;1345.165;1767.906;1345.165;327.906;313.131
6291.1;1;Santa Rosa;final;1474.759;2724.519;34.759;1284.519;84.875
6292;1;Santa Rosa;final;529.053;1775.406;529.053;335.406;66.614
6293;1;Santa Rosa;final;1331.011;1782.906;1331.011;342.906;312.917
6293.1;1;Santa Rosa;final;1480.181;2682.081;40.181;1242.081;104.269
6294;1;Santa Rosa;final;1218.385;1797.906;1218.385;357.906;230.854
6295;1;Santa Rosa;final;1228.93;1805.406;1228.93;365.406;235.925
6296;1;Santa Rosa;final;1180.144;1430.132;1180.144;1430.132;301.78
6296.1;1;Santa Rosa;final;1431.394;2538.081;1431.394;1098.081;142.436
6297;1;Santa Rosa;final;1117.204;1460.132;1117.204;20.132;307.983
6297.1;1;Santa Rosa;final;1312.771;2502.168;1312.771;1062.168;92.342
6298;1;Santa Rosa;final;1308.269;1775.881;1308.269;335.881;273.688
6298.1;1;Santa Rosa;final;1472.969;2742.547;32.969;1302.547;66.727
6299;1;Santa Rosa;final;1251.536;1910.881;1251.536;470.881;213.529
6300;1;Santa Rosa;intermedia;840.953;858.0;840.953;858.0;293.471
6300;2;Santa Rosa;final;1031.153;1405.56;1031.153;1405.56;48.747
6300.1;1;Santa Rosa;final;1302.229;2475.381;1302.229;1035.381;90.451
6301;1;Santa Rosa;final;1281.388;1735.56;1281.388;295.56;285.567
6302;1;Santa Rosa;final;1395.924;1741.01;1395.924;301.01;310.361
6302.1;1;Santa Rosa;final;1460.25;2812.76;20.25;1372.76;38.819
6303;1;Santa Rosa;final;1375.783;1746.46;1375.783;306.46;304.903
6303.1;1;Santa Rosa;final;1489.746;2825.132;49.746;1385.132;49.127
6304;1;Santa Rosa;final;524.053;1751.91;524.053;311.91;80.589
6305;1;Santa Rosa;final;1328.557;1757.36;1328.557;317.36;297.7
6305.1;1;Santa Rosa;final;1457.491;2710.139;17.491;1270.139;77.402
6306;1;Santa Rosa;final;1354.179;1762.81;1354.179;322.81;307.721
6306.1;1;Santa Rosa;final;1436.867;2710.347;1436.867;1270.347;76.934
6307;1;Santa Rosa;final;1363.052;1768.26;1363.052;328.26;303.52
6307.1;1;Santa Rosa;final;1511.452;2762.737;71.452;1322.737;87.373
6308;1;Santa Rosa;final;1332.394;1773.71;1332.394;333.71;287.841
6309;1;Santa Rosa;final;1369.324;1779.16;1369.324;339.16;300.62
6310;1;Santa Rosa;final;1401.602;1784.61;1401.602;344.61;314.048
6311;1;Santa Rosa;final;1306.411;1790.06;1306.411;350.06;271.287
6312;1;Santa Rosa;final;1209.519;1795.51;1209.519;355.51;275.338
6313;1;Santa Rosa;final;1409.723;1795.56;1409.723;355.56;301.144
6313.1;1;Santa Rosa;final;1480.89;2799.86;40.89;1359.86;57.977
6314;1;Santa Rosa;final;1326.64;1801.56;1326.64;361.56;273.29
6315;1;Santa Rosa;final;1379.479;1807.56;1379.479;367.56;299.816
6315.1;1;Santa Rosa;final;1495.181;2780.745;55.181;1340.745;69.372
6316;1;Santa Rosa;final;493.853;1825.56;493.853;385.56;42.156
6317;1;Santa Rosa;final;1237.678;1831.56;1237.678;391.56;253.597
6318;1;Santa Rosa;final;505.853;1837.56;505.853;397.56;42.156
6319;1;Santa Rosa;final;1421.263;1843.56;1421.263;403.56;302.852
6319.1;1;Santa Rosa;final;1543.029;2770.397;103.029;1330.397;95.863
6320;1;Santa Rosa;final;1414.195;1849.56;1414.195;409.56;311.25
6320.1;1;Santa Rosa;final;1493.527;2841.748;53.527;1401.748;39.951
6321;1;Santa Rosa;final;523.853;1855.56;523.853;415.56;42.156
6322;1;Santa Rosa;final;1267.602;1879.56;1267.602;439.56;221.339
6323;1;Santa Rosa;final;1342.752;1885.56;1342.752;445.56;236.732
6324;1;Santa Rosa;final;539.386;1745.745;539.386;305.745;73.592
6325;1;Santa Rosa;final;1176.169;1757.745;1176.169;317.745;250.49
6325.1;1;Santa Rosa;final;1320.952;2606.281;1320.952;1166.281;70.91
6326;1;Santa Rosa;final;1374.986;1769.745;1374.986;329.745;288.309
6326.1;1;Santa Rosa;final;1447.015;2801.614;7.015;1361.614;37.927
6327;1;Santa Rosa;final;1272.507;1781.745;1272.507;341.745;239.841
6328;1;Santa Rosa;final;1319.519;1793.745;1319.519;353.745;255.074
6328.1;1;Santa Rosa;final;1452.919;2750.881;12.919;1310.881;70.91
6329;1;Santa Rosa;final;1253.119;1805.745;1253.119;365.745;249.778
6330;1;Santa Rosa;final;1361.821;1816.995;1361.821;376.995;276.621
6331;1;Santa Rosa;final;1443.021;1839.495;3.021;399.495;294.215
6332;1;Santa Rosa;final;1411.965;1850.745;1411.965;410.745;294.931
6333;1;Santa Rosa;final;1283.448;1861.995;1283.448;421.995;212.315
6334;1;Santa Rosa;final;1426.303;1873.245;1426.303;433.245;286.433
6334.1;1;Santa Rosa;final;1502.838;2857.547;62.838;1417.547;40.333
6335;1;Santa Rosa;final;1182.726;1895.745;1182.726;455.745;186.051
6336;1;Santa Rosa;final;1372.528;1760.214;1372.528;320.214;297.272
6337;1;Santa Rosa;final;1360.28;1772.214;1360.28;332.214;281.011
6338;1;Santa Rosa;final;1338.686;1784.214;1338.686;344.214;275.512
6339;1;Santa Rosa;final;1207.703;1796.214;1207.703;356.214;253.937
6339.1;1;Santa Rosa;final;1439.636;2638.981;1439.636;1198.981;113.994
6340;1;Santa Rosa;final;1331.069;1808.214;1331.069;368.214;266.898
6341;1;Santa Rosa;final;1455.783;1820.214;15.783;380.214;309.71
6342;1;Santa Rosa;final;529.919;1830.214;529.919;390.214;42.913
6343;1;Santa Rosa;final;1273.819;1890.214;1273.819;450.214;199.526
6344;1;Santa Rosa;final;1478.44;1900.214;38.44;460.214;265.786
6345;1;Santa Rosa;final;1318.015;2350.948;1318.015;910.948;132.723
6346;1;Santa Rosa;final;1508.564;2540.214;68.564;1100.214;154.191
6347;1;Santa Rosa;final;1375.715;2570.214;1375.715;1130.214;87.555
6348;1;Santa Rosa;final;1220.169;1723.138;1220.169;283.138;294.514
6348.1;1;Santa Rosa;final;1470.556;2653.381;30.556;1213.381;100.058
6349;1;Santa Rosa;final;1345.657;1728.138;1345.657;288.138;314.397
6349.1;1;Santa Rosa;final;1497.491;2723.039;57.491;1283.039;96.18
6350;1;Santa Rosa;final;1315.644;1733.138;1315.644;293.138;299.208
6350.1;1;Santa Rosa;final;1539.478;2667.081;99.478;1227.081;124.914
6351;1;Santa Rosa;final;1273.146;1738.138;1273.146;298.138;305.184
6351.1;1;Santa Rosa;final;1491.061;2620.397;51.061;1180.397;146.124
6352;1;Santa Rosa;final;1306.036;1743.138;1306.036;303.138;285.052
6352.1;1;Santa Rosa;final;1433.563;2740.881;1433.563;1300.881;55.079
6353;1;Santa Rosa;final;1245.986;1753.138;1245.986;313.138;274.659
6354;1;Santa Rosa;final;537.153;1758.138;537.153;318.138;83.342
6355;1;Santa Rosa;final;1368.569;1763.138;1368.569;323.138;304.501
6356;1;Santa Rosa;final;1320.353;1768.138;1320.353;328.138;270.297
6356.1;1;Santa Rosa;final;1474.963;2750.881;34.963;1310.881;70.632
6357;1;Santa Rosa;final;518.314;1773.138;518.314;333.138;74.654
6358;1;Santa Rosa;final;1427.479;1778.138;1427.479;338.138;307.464
6358.1;1;Santa Rosa;final;1485.329;2813.084;45.329;1373.084;49.66
6359;1;Santa Rosa;final;1293.146;1792.138;1293.146;352.138;300.909
6359.1;1;Santa Rosa;final;1350.29;2642.897;1350.29;1202.897;67.013
6360;1;Santa Rosa;final;1296.247;1810.138;1296.247;370.138;256.337
6361;1;Santa Rosa;final;496.453;1819.138;496.453;379.138;43.215
6362;1;Santa Rosa;final;1384.186;1823.638;1384.186;383.638;301.82
6362.1;1;Santa Rosa;final;1507.413;2817.547;67.413;1377.547;56.287
6363;1;Santa Rosa;final;1289.527;1828.138;1289.527;388.138;242.07
6364;1;Santa Rosa;final;1272.075;1832.638;1272.075;392.638;227.705
6365;1;Santa Rosa;final;1322.853;1837.138;1322.853;397.138;286.733
6365.1;1;Santa Rosa;final;1396.171;2750.881;1396.171;1310.881;40.333
6366;1;Santa Rosa;final;523.453;1846.138;523.453;406.138;43.215
6367;1;Santa Rosa;final;1408.404;1855.138;1408.404;415.138;308.524
6368;1;Santa Rosa;final;1246.586;1864.138;1246.586;424.138;235.661
6369;1;Santa Rosa;final;1282.285;1868.638;1282.285;428.638;239.27
6370;1;Santa Rosa;final;1370.176;1772.132;1370.176;332.132;296.122
6371;1;Santa Rosa;final;1296.088;1778.132;1296.088;338.132;310.784
6371.1;1;Santa Rosa;final;1508.896;2674.465;68.896;1234.465;115.299
6372;1;Santa Rosa;final;1435.669;1784.132;1435.669;344.132;311.801
6372.1;1;Santa Rosa;final;1522.702;2793.138;82.702;1353.138;81.616
6373;1;Santa Rosa;final;1309.131;1790.132;1309.131;350.132;302.034
6373.1;1;Santa Rosa;final;1496.954;2658.947;56.954;1218.947;132.347
6374;1;Santa Rosa;final;1291.294;1910.881;1291.294;470.881;221.082
6375;1;Santa Rosa;final;1264.447;1741.327;1264.447;301.327;286.699
6375.1;1;Santa Rosa;final;1327.49;2624.862;1327.49;1184.862;69.144
6376;1;Santa Rosa;final;1397.214;1756.327;1397.214;316.327;314.858
6377;1;Santa Rosa;final;1218.993;1771.327;1218.993;331.327;242.993
6378;1;Santa Rosa;final;1448.44;1820.577;8.44;380.577;301.791
6379;1;Santa Rosa;final;533.073;1826.994;533.073;386.994;58.772
6380;1;Santa Rosa;final;1221.388;1839.827;1221.388;399.827;224.664
6381;1;Santa Rosa;final;524.604;1871.91;524.604;431.91;41.262
6382;1;Santa Rosa;final;543.421;1891.327;543.421;451.327;41.262
6383;1;Santa Rosa;final;531.021;1734.24;531.021;294.24;95.445
6384;1;Santa Rosa;final;1375.452;1741.74;1375.452;301.74;307.103
6385;1;Santa Rosa;final;1302.993;1749.24;1302.993;309.24;281.622
6386;1;Santa Rosa;final;1369.83;1756.74;1369.83;316.74;294.101
6387;1;Santa Rosa;final;1211.388;1764.24;1211.388;324.24;240.382
6388;1;Santa Rosa;final;1404.811;1771.74;1404.811;331.74;304.893
6389;1;Santa Rosa;final;1337.488;1786.74;1337.488;346.74;287.766
6390;1;Santa Rosa;final;511.771;1800.657;511.771;360.657;60.634
6391;1;Santa Rosa;final;1237.619;1813.49;1237.619;373.49;214.328
6392;1;Santa Rosa;final;1376.388;1826.324;1376.388;386.324;311.63
6392.1;1;Santa Rosa;final;1444.821;2755.915;4.821;1315.915;61.089
6393;1;Santa Rosa;final;1211.673;1832.74;1211.673;392.74;217.386
6394;1;Santa Rosa;final;1297.706;1884.24;1297.706;444.24;223.384
6395;1;Santa Rosa;final;1234.173;1444.572;1234.173;4.572;312.072
6395.1;1;Santa Rosa;final;1295.375;2630.327;1295.375;1190.327;39.83
6396;1;Santa Rosa;final;1280.556;1714.572;1280.556;274.572;295.087
6397;1;Santa Rosa;final;1317.523;1724.572;1317.523;284.572;307.011
6397.1;1;Santa Rosa;final;1367.488;2716.327;1367.488;1276.327;41.262
6398;1;Santa Rosa;final;1370.075;1734.572;1370.075;294.572;312.485
6399;1;Santa Rosa;final;1362.136;1744.572;1362.136;304.572;304.205
6400;1;Santa Rosa;final;1320.556;1754.572;1320.556;314.572;283.117
6400.1;1;Santa Rosa;final;1483.79;2659.572;43.79;1219.572;116.18
6401;1;Santa Rosa;final;1284.475;1782.739;1284.475;342.739;266.038
6402;1;Santa Rosa;final;1307.488;1807.239;1307.488;367.239;254.055
6403;1;Santa Rosa;final;1299.623;1815.405;1299.623;375.405;263.198
6404;1;Santa Rosa;final;1411.741;1823.572;1411.741;383.572;298.736
6404.1;1;Santa Rosa;final;1482.594;2764.592;42.594;1324.592;71.54
6405;1;Santa Rosa;final;1299.09;1831.739;1299.09;391.739;247.249
6406;1;Santa Rosa;final;1412.356;1839.905;1412.356;399.905;296.532
6407;1;Santa Rosa;final;1281.19;1848.072;1281.19;408.072;241.877
6408;1;Santa Rosa;final;1327.273;1864.572;1327.273;424.572;258.423
6409;1;Santa Rosa;final;1200.986;1718.536;1200.986;278.536;292.723
6409.1;1;Santa Rosa;final;1479.821;2634.214;39.821;1194.214;119.007
6410;1;Santa Rosa;final;1321.314;1730.536;1321.314;290.536;299.38
6410.1;1;Santa Rosa;final;1497.136;2664.902;57.136;1224.902;127.912
6411;1;Santa Rosa;final;1322.324;1742.536;1322.324;302.536;296.827
6411.1;1;Santa Rosa;final;1425.411;2726.51;1425.411;1286.51;58.212
6412;1;Santa Rosa;final;1359.4;1754.536;1359.4;314.536;302.132
6412.1;1;Santa Rosa;final;1478.333;2795.132;38.333;1355.132;57.911
6413;1;Santa Rosa;final;1361.441;1789.786;1361.441;349.786;296.827
6413.1;1;Santa Rosa;final;1480.003;2763.342;40.003;1323.342;80.651
6414;1;Santa Rosa;final;1423.874;1834.786;1423.874;394.786;305.719
6414.1;1;Santa Rosa;final;1462.688;2816.994;22.688;1376.994;41.262
6415;1;Santa Rosa;final;1355.075;1868.536;1355.075;428.536;272.1
6416;1;Santa Rosa;intermedia;949.353;967.0;949.353;967.0;285.26
6416;2;Santa Rosa;final;1207.088;1464.078;1207.088;24.078;77.117
6416.1;1;Santa Rosa;final;1530.857;2585.915;90.857;1145.915;156.628
6417;1;Santa Rosa;final;1269.58;1744.078;1269.58;304.078;287.154
6418;1;Santa Rosa;final;515.403;1754.078;515.403;314.078;77.217
6419;1;Santa Rosa;final;537.586;1774.078;537.586;334.078;76.722
6420;1;Santa Rosa;final;1407.261;1784.078;1407.261;344.078;298.694
6420.1;1;Santa Rosa;final;1512.261;2760.081;72.261;1320.081;88.18
6421;1;Santa Rosa;final;1306.109;1794.078;1306.109;354.078;281.004
6422;1;Santa Rosa;final;1366.264;1801.578;1366.264;361.578;286.454
6422.1;1;Santa Rosa;final;1481.664;2746.218;41.664;1306.218;74.879
6423;1;Santa Rosa;final;1371.222;1809.078;1371.222;369.078;287.217
6424;1;Santa Rosa;final;1296.685;1816.578;1296.685;376.578;255.897
6425;1;Santa Rosa;final;1310.919;1824.078;1310.919;384.078;270.188
6425.1;1;Santa Rosa;final;1501.161;2750.714;61.161;1310.714;73.878
6426;1;Santa Rosa;final;1335.703;1831.578;1335.703;391.578;289.522
6426.1;1;Santa Rosa;final;1480.019;2765.881;40.019;1325.881;67.39
6427;1;Santa Rosa;final;1475.824;1839.078;35.824;399.078;297.76
6428;1;Santa Rosa;final;1446.402;1861.578;6.402;421.578;308.061
6429;1;Santa Rosa;final;1250.448;1869.078;1250.448;429.078;241.003
6430;1;Santa Rosa;final;1357.911;1472.737;1357.911;32.737;310.282
6430.1;1;Santa Rosa;final;1512.175;2712.081;72.175;1272.081;95.615
6431;1;Santa Rosa;final;1265.919;1742.737;1265.919;302.737;285.919
6431.1;1;Santa Rosa;final;1367.379;2693.882;1367.379;1253.882;49.127
6432;1;Santa Rosa;final;505.59;1757.737;505.59;317.737;66.98
6433;1;Santa Rosa;final;1384.731;1772.737;1384.731;332.737;306.672
6434;1;Santa Rosa;final;1347.903;1787.737;1347.903;347.737;275.662
6434.1;1;Santa Rosa;final;1467.413;2777.547;27.413;1337.547;56.287
6435;1;Santa Rosa;final;1317.993;1802.737;1317.993;362.737;264.778
6436;1;Santa Rosa;final;1357.752;1811.737;1357.752;371.737;289.476
6437;1;Santa Rosa;final;1254.993;1820.737;1254.993;380.737;209.841
6438;1;Santa Rosa;final;1419.636;1838.737;1419.636;398.737;312.455
6438.1;1;Santa Rosa;final;1468.898;2848.981;28.898;1408.981;25.08
6439;1;Santa Rosa;final;1149.253;1847.737;1149.253;407.737;191.94
6440;1;Santa Rosa;final;1311.755;1865.737;1311.755;425.737;272.797
6440.1;1;Santa Rosa;final;1443.286;2690.328;3.286;1250.328;76.722
6441;1;Santa Rosa;final;1325.075;1874.737;1325.075;434.737;245.641
6442;1;Santa Rosa;final;1421.053;1892.737;1421.053;452.737;291.918
6442.1;1;Santa Rosa;final;1537.979;2855.881;97.979;1415.881;55.079
6443;1;Santa Rosa;final;1311.802;1734.078;1311.802;294.078;306.98
6443.1;1;Santa Rosa;final;1402.226;2706.987;1402.226;1266.987;62.383
6444;1;Santa Rosa;final;1304.962;1749.078;1304.962;309.078;296.017
6445;1;Santa Rosa;final;1362.119;1764.078;1362.119;324.078;304.496
6445.1;1;Santa Rosa;final;1476.707;2759.721;36.707;1319.721;74.855
6446;1;Santa Rosa;final;1324.502;1779.078;1324.502;339.078;292.363
6446.1;1;Santa Rosa;final;1466.452;2719.837;26.452;1279.837;87.373
6447;1;Santa Rosa;final;1350.902;1794.078;1350.902;354.078;294.2
6447.1;1;Santa Rosa;final;1533.021;2781.098;93.021;1341.098;84.344
6448;1;Santa Rosa;final;1409.225;1803.078;1409.225;363.078;308.671
6448.1;1;Santa Rosa;final;1520.565;2807.737;80.565;1367.737;83.007
6449;1;Santa Rosa;final;1443.64;1821.078;3.64;381.078;290.608
6450;1;Santa Rosa;final;1375.902;1830.078;1375.902;390.078;292.363
6450.1;1;Santa Rosa;final;1490.04;2773.055;50.04;1333.055;74.855
6451;1;Santa Rosa;final;1388.752;1839.078;1388.752;399.078;292.363
6451.1;1;Santa Rosa;final;1480.059;2792.737;40.059;1352.737;62.383
6452;1;Santa Rosa;final;1387.214;1848.078;1387.214;408.078;283.737
6453;1;Santa Rosa;final;1269.772;1866.078;1269.772;426.078;239.575
6454;1;Santa Rosa;final;1414.452;1875.078;1414.452;435.078;292.363
6454.1;1;Santa Rosa;final;1495.059;2807.737;55.059;1367.737;62.383
6455;1;Santa Rosa;final;1357.112;1884.078;1357.112;444.078;233.493
6456;1;Santa Rosa;final;1339.83;1721.632;1339.83;281.632;302.805
6456.1;1;Santa Rosa;final;1402.49;2699.862;1402.49;1259.862;69.144
6457;1;Santa Rosa;final;1307.119;1733.632;1307.119;293.632;297.6
6457.1;1;Santa Rosa;final;1365.069;2660.182;1365.069;1220.182;65.549
6458;1;Santa Rosa;final;1337.119;1745.632;1337.119;305.632;297.6
6458.1;1;Santa Rosa;final;1519.746;2698.732;79.746;1258.732;117.2
6459;1;Santa Rosa;final;1377.919;1853.632;1377.919;413.632;274.395
6460;1;Santa Rosa;final;1394.154;1862.632;1394.154;422.632;272.983
6461;1;Santa Rosa;final;1418.44;1871.632;1418.44;431.632;299.844
6461.1;1;Santa Rosa;final;1461.492;2811.327;21.492;1371.327;39.83
6462;1;Santa Rosa;final;529.386;1756.163;529.386;316.163;74.186
6463;1;Santa Rosa;final;1096.41;1771.163;1096.41;331.163;237.298
6464;1;Santa Rosa;final;1429.881;1786.163;1429.881;346.163;296.829
6465;1;Santa Rosa;final;1384.565;1831.163;1384.565;391.163;284.279
6466;1;Santa Rosa;final;1398.78;1735.915;1398.78;295.915;296.019
6466.1;1;Santa Rosa;final;1479.394;2757.976;39.394;1317.976;87.115
6467;1;Santa Rosa;final;1404.892;1747.915;1404.892;307.915;308.815
6467.1;1;Santa Rosa;final;1474.821;2785.915;34.821;1345.915;61.089
6468;1;Santa Rosa;final;1365.461;1759.915;1365.461;319.915;292.651
6469;1;Santa Rosa;final;1279.444;1771.915;1279.444;331.915;277.207
6470;1;Santa Rosa;final;1379.612;1783.915;1379.612;343.915;280.359
6471;1;Santa Rosa;final;1416.061;1795.915;1416.061;355.915;311.131
6471.1;1;Santa Rosa;final;1480.187;2772.081;40.187;1332.081;66.153
6472;1;Santa Rosa;final;1450.465;1813.915;10.465;373.915;305.645
6472.1;1;Santa Rosa;final;1501.865;2794.203;61.865;1354.203;76.79
6473;1;Santa Rosa;final;1373.448;1840.915;1373.448;400.915;291.804
6474;1;Santa Rosa;final;1395.554;1849.915;1395.554;409.915;258.65
6475;1;Santa Rosa;final;1229.111;1858.915;1229.111;418.915;200.449
6476;1;Santa Rosa;final;1274.994;1885.915;1274.994;445.915;228.414
6477;1;Santa Rosa;final;1352.232;1794.57;1352.232;354.57;305.159
6477.1;1;Santa Rosa;final;1496.861;2719.8;56.861;1279.8;93.428
6478;1;Santa Rosa;final;1272.531;1884.57;1272.531;444.57;221.485
6479;1;Santa Rosa;final;1226.111;1687.484;1226.111;247.484;273.707
6480;1;Santa Rosa;final;1351.581;1747.484;1351.581;307.484;301.472
6480.1;1;Santa Rosa;final;1463.874;2750.745;23.874;1310.745;67.306
6481;1;Santa Rosa;final;1274.588;1792.484;1274.588;352.484;271.386
6482;1;Santa Rosa;final;1264.019;1730.536;1264.019;290.536;294.328
6483;1;Santa Rosa;final;1345.365;1754.536;1345.365;314.536;244.813
6484;1;Santa Rosa;final;526.815;1778.536;526.815;338.536;76.79
6485;1;Santa Rosa;final;1345.242;1748.611;1345.242;308.611;304.997
6486;1;Santa Rosa;final;1305.536;1760.611;1305.536;320.611;306.319
6487;1;Santa Rosa;final;1315.536;1772.611;1315.536;332.611;306.319
6487.1;1;Santa Rosa;final;1546.742;2727.361;106.742;1287.361;125.135
6488;1;Santa Rosa;final;1335.536;1784.611;1335.536;344.611;306.319
6489;1;Santa Rosa;final;1345.536;1796.611;1345.536;356.611;306.319
6490;1;Santa Rosa;final;1395.242;1808.611;1395.242;368.611;304.997
6490.1;1;Santa Rosa;final;1516.742;2798.103;76.742;1358.103;77.443
6491;1;Santa Rosa;final;1380.592;1818.611;1380.592;378.611;304.997
6492;1;Santa Rosa;final;1391.842;1828.611;1391.842;388.611;304.997
6492.1;1;Santa Rosa;final;1484.553;2798.611;44.553;1358.611;65.029
6493;1;Santa Rosa;final;1261.909;1838.611;1261.909;398.611;245.043
6494;1;Santa Rosa;final;1285.269;1848.611;1285.269;408.611;258.061
6495;1;Santa Rosa;final;1245.536;1858.611;1245.536;418.611;258.061
6496;1;Santa Rosa;final;1357.586;1868.611;1357.586;428.611;306.319
6497;1;Santa Rosa;final;1265.536;1878.611;1265.536;438.611;258.061
6497.1;1;Santa Rosa;final;1403.092;2670.603;1403.092;1230.603;77.443
6498;1;Santa Rosa;final;1402.586;1888.611;1402.586;448.611;306.319
6499;1;Santa Rosa;final;1275.536;1898.611;1275.536;458.611;258.061
6499.1;1;Santa Rosa;final;1504.553;2681.853;64.553;1241.853;125.712
6500;1;Santa Rosa;final;1355.536;1948.611;1355.536;508.611;258.061
6501;1;Santa Rosa;final;1444.553;1958.611;4.553;518.611;306.319
6502;1;Santa Rosa;final;1464.553;1978.611;24.553;538.611;306.319
6503;1;Santa Rosa;final;1274.369;1988.611;1274.369;548.611;209.803
6504;1;Santa Rosa;final;1354.83;1741.327;1354.83;301.327;297.446
6504.1;1;Santa Rosa;final;1413.89;2714.862;1413.89;1274.862;69.144
6505;1;Santa Rosa;final;1326.519;1756.327;1326.519;316.327;302.333
6505.1;1;Santa Rosa;final;1500.902;2685.882;60.902;1245.882;111.959
6506;1;Santa Rosa;final;1338.903;1771.327;1338.903;331.327;290.943
6507;1;Santa Rosa;final;1352.488;1786.327;1352.488;346.327;287.073
6508;1;Santa Rosa;final;1322.488;1861.327;1322.488;421.327;238.211
6509;1;Santa Rosa;final;1472.993;1881.327;32.993;441.327;293.724
6510;1;Santa Rosa;final;1306.285;1891.327;1306.285;451.327;246.483
6511;1;Santa Rosa;final;1185.025;1744.348;1185.025;304.348;235.739
6512;1;Santa Rosa;final;1315.904;1759.348;1315.904;319.348;284.268
6513;1;Santa Rosa;final;1354.923;1774.348;1354.923;334.348;287.887
6514;1;Santa Rosa;final;1308.047;1809.348;1308.047;369.348;257.384
6515;1;Santa Rosa;final;1276.9;1724.618;1276.9;284.618;307.354
6515.1;1;Santa Rosa;final;1378.629;2705.132;1378.629;1265.132;49.127
6516;1;Santa Rosa;final;1311.903;1784.618;1311.903;344.618;295.735
6516.1;1;Santa Rosa;final;1498.415;2750.714;58.415;1310.714;73.942
6517;1;Santa Rosa;final;535.373;1829.618;535.373;389.618;67.97
6518;1;Santa Rosa;final;1353.285;1874.618;1353.285;434.618;269.505
6519;1;Los Espinos;final;1367.417;1782.449;1367.417;342.449;307.674
6520;1;Los Espinos;final;1345.992;1802.449;1345.992;362.449;311.219
6521;1;Los Espinos;final;1339.241;1845.508;1339.241;405.508;295.557
6521.1;1;Los Espinos;final;1490.868;2725.444;50.868;1285.444;94.052
6522;1;Los Espinos;final;1371.908;1890.508;1371.908;450.508;253.881
6523;1;Los Espinos;final;1415.108;1913.008;1415.108;473.008;296.846
6523.1;1;Los Espinos;final;1533.393;2855.808;93.393;1415.808;56.977
6524;1;Los Espinos;final;1256.489;1742.865;1256.489;302.865;277.595
6525;1;Los Espinos;final;1231.127;1757.865;1231.127;317.865;276.163
6525.1;1;Los Espinos;final;1447.169;2656.532;7.169;1216.532;99.37
6526;1;Los Espinos;final;1158.09;1772.865;1158.09;332.865;246.299
6526.1;1;Los Espinos;final;1434.238;2533.404;1434.238;1093.404;135.651
6527;1;Los Espinos;final;1269.427;1787.865;1269.427;347.865;280.658
6528;1;Los Espinos;final;1391.406;1825.365;1391.406;385.365;306.232
6528.1;1;Los Espinos;final;1492.12;2784.441;52.12;1344.441;64.804
6529;1;Los Espinos;final;1336.039;1836.615;1336.039;396.615;272.783
6530;1;Los Espinos;final;1378.78;1870.365;1378.78;430.365;276.434
6531;1;Los Espinos;final;1217.772;1748.658;1217.772;308.658;283.556
6532;1;Los Espinos;final;1345.838;1763.658;1345.838;323.658;299.461
6532.1;1;Los Espinos;final;1457.188;2758.658;17.188;1318.658;58.112
6533;1;Los Espinos;final;496.188;1778.658;496.188;338.658;59.69
6534;1;Los Espinos;final;1411.911;1793.658;1411.911;353.658;287.328
6535;1;Los Espinos;final;1483.911;1864.908;43.911;424.908;292.466
6536;1;Los Espinos;final;1172.388;1887.408;1172.388;447.408;183.998
6537;1;Los Espinos;final;633.434;1747.877;633.434;307.877;110.805
6538;1;Los Espinos;final;1337.361;1759.877;1337.361;319.877;270.42
6539;1;Los Espinos;final;1261.121;1771.877;1261.121;331.877;293.278
6539.1;1;Los Espinos;final;1336.555;2661.561;1336.555;1221.561;48.555
6540;1;Los Espinos;final;1447.444;1783.877;7.444;343.877;307.635
6541;1;Los Espinos;final;1350.728;1795.877;1350.728;355.877;268.438
6542;1;Los Espinos;final;1380.728;1807.877;1380.728;367.877;267.227
6543;1;Los Espinos;final;1299.511;1852.877;1299.511;412.877;228.066
6544;1;Los Espinos;final;1360.838;1864.127;1360.838;424.127;247.87
6545;1;Los Espinos;final;541.188;1875.377;541.188;435.377;39.221
6546;1;Los Espinos;final;1435.911;1886.627;1435.911;446.627;267.227
6546.1;1;Los Espinos;final;1538.951;2839.361;98.951;1399.361;68.517
6547;1;Los Espinos;final;1459.911;1897.877;19.911;457.877;270.823
6548;1;Los Espinos;final;1296.325;1744.735;1296.325;304.735;302.986
6548.1;1;Los Espinos;final;1348.069;2735.008;1348.069;1295.008;22.125
6549;1;Los Espinos;final;1239.557;1754.735;1239.557;314.735;255.978
6549.1;1;Los Espinos;final;1429.709;2620.604;1429.709;1180.604;101.231
6550;1;Los Espinos;final;1214.989;1764.735;1214.989;324.735;289.121
6550.1;1;Los Espinos;final;1457.058;2590.894;17.058;1150.894;129.585
6551;1;Los Espinos;final;1320.506;1774.735;1320.506;334.735;287.557
6551.1;1;Los Espinos;final;1451.406;2732.991;11.406;1292.991;71.883
6552;1;Los Espinos;final;1184.253;1784.735;1184.253;344.735;246.746
6553;1;Los Espinos;final;1305.298;1794.735;1305.298;354.735;299.862
6553.1;1;Los Espinos;final;1427.39;2741.758;1427.39;1301.758;49.868
6554;1;Los Espinos;final;1277.735;1804.735;1277.735;364.735;274.091
6555;1;Los Espinos;final;1314.273;1814.735;1314.273;374.735;295.821
6556;1;Los Espinos;final;1378.682;1824.735;1378.682;384.735;292.902
6557;1;Los Espinos;final;1235.275;1844.735;1235.275;404.735;229.474
6558;1;Los Espinos;final;1352.091;1854.735;1352.091;414.735;314.1
6559;1;Los Espinos;final;1247.715;1864.735;1247.715;424.735;274.416
6560;1;Los Espinos;final;1323.275;1874.735;1323.275;434.735;275.981
6561;1;Los Espinos;final;1383.841;1884.735;1383.841;444.735;285.816
6562;1;Los Espinos;final;1305.413;1894.735;1305.413;454.735;280.437
6563;1;Los Espinos;final;1265.442;1763.008;1265.442;323.008;287.229
6563.1;1;Los Espinos;final;1455.642;2699.008;15.642;1259.008;93.357
6564;1;Los Espinos;final;1323.466;1773.008;1323.466;333.008;312.337
6564.1;1;Los Espinos;final;1409.373;2693.771;1409.373;1253.771;74.643
6565;1;Los Espinos;final;1183.874;1783.008;1183.874;343.008;244.725
6566;1;Los Espinos;final;1253.442;1803.008;1253.442;363.008;284.79
6566.1;1;Los Espinos;final;1530.868;2685.508;90.868;1245.508;123.072
6567;1;Los Espinos;final;1418.668;1873.008;1418.668;433.008;309.466
6567.1;1;Los Espinos;final;1455.108;2802.092;15.108;1362.092;39.923
6568;1;Los Espinos;final;1469.187;1893.008;29.187;453.008;310.352
6569;1;Los Espinos;final;1356.325;1903.008;1356.325;463.008;285.465
6570;1;Los Espinos;final;1429.377;1913.008;1429.377;473.008;293.178
6571;1;Los Espinos;final;1541.34;2495.008;101.34;1055.008;183.462
6572;1;Los Espinos;final;1182.074;2531.008;1182.074;1091.008;33.398
6573;1;Los Espinos;final;1386.919;2543.008;1386.919;1103.008;109.717
6574;1;Los Espinos;final;1192.253;1747.466;1192.253;307.466;260.282
6575;1;Los Espinos;final;1358.902;1764.599;1358.902;324.599;305.711
6575.1;1;Los Espinos;final;1495.996;2738.49;55.996;1298.49;95.583
6576;1;Los Espinos;final;1352.539;1790.299;1352.539;350.299;287.379
6576.1;1;Los Espinos;final;1483.004;2758.213;43.004;1318.213;78.499
6577;1;Los Espinos;final;1263.827;1807.432;1263.827;367.432;268.256
6577.1;1;Los Espinos;final;1487.35;2686.532;47.35;1246.532;100.477
6578;1;Los Espinos;final;1362.09;1807.466;1362.09;367.466;299.182
6579;1;Los Espinos;final;1347.616;1834.466;1347.616;394.466;261.179
6580;1;Los Espinos;final;1189.494;1852.466;1189.494;412.466;203.69
6581;1;Los Espinos;final;1111.274;1861.466;1111.274;421.466;206.22
6582;1;Los Espinos;final;1286.176;1897.466;1286.176;457.466;240.388
6583;1;Los Espinos;final;1268.854;1773.008;1268.854;333.008;293.212
6583.1;1;Los Espinos;final;1431.323;2655.696;1431.323;1215.696;102.285
6584;1;Los Espinos;final;1217.735;1783.008;1217.735;343.008;261.658
6585;1;Los Espinos;final;1278.773;1793.008;1278.773;353.008;237.381
6586;1;Los Espinos;final;1306.87;1803.008;1306.87;363.008;280.897
6586.1;1;Los Espinos;final;1412.249;2720.141;1412.249;1280.141;60.448
6587;1;Los Espinos;final;1381.443;1823.008;1381.443;383.008;299.56
6588;1;Los Espinos;final;1150.337;1859.008;1150.337;419.008;215.789
6589;1;Los Espinos;final;1357.6;1868.008;1357.6;428.008;282.673
6590;1;Los Espinos;final;1442.48;1913.008;2.48;473.008;313.863
6591;1;Los Espinos;final;1285.008;2495.008;1285.008;1055.008;71.652
6592;1;Los Espinos;final;1427.444;1747.877;1427.444;307.877;307.232
6593;1;Los Espinos;final;1329.084;1759.877;1329.084;319.877;307.307
6593.1;1;Los Espinos;final;1402.054;2685.866;1402.054;1245.866;70.239
6594;1;Los Espinos;final;1286.59;1771.877;1286.59;331.877;242.081
6595;1;Los Espinos;final;1352.361;1783.877;1352.361;343.877;270.42
6596;1;Los Espinos;final;1294.321;1795.877;1294.321;355.877;247.063
6597;1;Los Espinos;final;1171.721;1807.877;1171.721;367.877;206.691
6598;1;Los Espinos;final;1141.494;1820.727;1141.494;380.727;184.502
6599;1;Los Espinos;final;496.688;1833.577;496.688;393.577;37.643
6600;1;Los Espinos;final;1432.939;1859.277;1432.939;419.277;291.607
6600.1;1;Los Espinos;final;1504.071;2837.481;64.071;1397.481;48.186
6601;1;Los Espinos;final;1307.361;1884.977;1307.361;444.977;226.892
6602;1;Los Espinos;final;1192.261;1897.877;1192.261;457.877;182.923
6603;1;Los Espinos;final;1205.804;1748.658;1205.804;308.658;271.057
6603.1;1;Los Espinos;final;1466.955;2610.561;26.955;1170.561;117.792
6604;1;Los Espinos;final;1415.513;1760.658;1415.513;320.658;300.58
6605;1;Los Espinos;final;1404.071;1772.658;1404.071;332.658;314.543
6605.1;1;Los Espinos;final;1504.684;2805.094;64.684;1365.094;68.517
6606;1;Los Espinos;final;538.055;1784.658;538.055;344.658;68.084
6607;1;Los Espinos;final;1189.052;1796.658;1189.052;356.658;222.184
6608;1;Los Espinos;final;1294.738;1860.058;1294.738;420.058;223.196
6609;1;Los Espinos;final;1365.728;1872.908;1365.728;432.908;243.764
6610;1;Los Espinos;final;1387.444;1898.658;1387.444;458.658;246.957
6611;1;Los Espinos;final;1145.607;1747.466;1145.607;307.466;267.278
6612;1;Los Espinos;final;567.143;1762.466;567.143;322.466;81.607
6613;1;Los Espinos;final;1295.511;1807.466;1295.511;367.466;268.138
6614;1;Los Espinos;final;1423.586;1837.466;1423.586;397.466;303.556
6614.1;1;Los Espinos;final;1519.133;2833.041;79.133;1393.041;60.448
6615;1;Los Espinos;final;518.125;1852.466;518.125;412.466;39.866
6616;1;Los Espinos;final;1205.59;1882.466;1205.59;442.466;211.004
6617;1;Los Espinos;final;1319.639;1748.108;1319.639;308.108;310.908
6617.1;1;Los Espinos;final;1347.833;2719.965;1347.833;1279.965;29.699
6618;1;Los Espinos;final;1334.204;1763.108;1334.204;323.108;314.102
6618.1;1;Los Espinos;final;1386.718;2738.296;1386.718;1298.296;38.565
6619;1;Los Espinos;final;1204.371;1778.108;1204.371;338.108;266.453
6620;1;Los Espinos;final;900.115;1793.108;900.115;353.108;185.969
6621;1;Los Espinos;final;1365.83;1808.108;1365.83;368.108;300.775
6622;1;Los Espinos;final;1361.842;1868.108;1361.842;428.108;281.065
6623;1;Los Espinos;final;1386.152;1883.108;1386.152;443.108;314.993
6624;1;Los Espinos;final;1267.486;1782.232;1267.486;342.232;272.031
6625;1;Los Espinos;final;1353.287;1790.799;1353.287;350.799;295.422
6625.1;1;Los Espinos;final;1491.718;2768.296;51.718;1328.296;61.54
6626;1;Los Espinos;final;1237.121;1771.481;1237.121;331.481;280.647
6626.1;1;Los Espinos;final;1521.817;2646.561;81.817;1206.561;145.847
6627;1;Los Espinos;final;613.434;1783.481;613.434;343.481;98.106
6628;1;Los Espinos;final;1249.121;1795.481;1249.121;355.481;280.647
6628.1;1;Los Espinos;final;1481.188;2657.811;41.188;1217.811;116.213
6629;1;Los Espinos;final;1321.555;1807.481;1321.555;367.481;275.821
6630;1;Los Espinos;final;1351.555;1817.481;1351.555;377.481;309.664
6630.1;1;Los Espinos;final;1492.939;2757.481;52.939;1317.481;77.674
6631;1;Los Espinos;final;1402.939;1887.481;1402.939;447.481;292.743
6631.1;1;Los Espinos;final;1484.071;2817.481;44.071;1377.481;48.186
6632;1;Los Espinos;final;1464.071;1897.481;24.071;457.481;306.741
6633;1;Los Espinos;final;1220.672;1476.561;1220.672;36.561;290.189
6633.1;1;Los Espinos;final;1500.421;2632.481;60.421;1192.481;125.516
6634;1;Los Espinos;final;1234.004;1746.561;1234.004;306.561;277.622
6634.1;1;Los Espinos;final;1365.084;2634.561;1365.084;1194.561;68.517
6635;1;Los Espinos;final;1203.721;1756.561;1203.721;316.561;260.701
6636;1;Los Espinos;final;1307.772;1766.561;1307.772;326.561;290.189
6636.1;1;Los Espinos;final;1399.804;2722.481;1399.804;1282.481;48.186
6637;1;Los Espinos;final;1249.004;1786.561;1249.004;346.561;277.622
6638;1;Los Espinos;final;1264.004;1796.561;1264.004;356.561;277.622
6638.1;1;Los Espinos;final;1380.534;2669.061;1380.534;1229.061;68.517
6639;1;Los Espinos;final;508.055;1806.561;508.055;366.561;48.555
6640;1;Los Espinos;final;1350.654;1856.561;1350.654;416.561;277.622
6640.1;1;Los Espinos;final;1517.554;2753.694;77.554;1313.694;96.397
6641;1;Los Espinos;final;543.829;1446.391;543.829;6.391;131.5
6642;1;Los Espinos;final;1251.427;1716.391;1251.427;276.391;313.01
6642.1;1;Los Espinos;final;1305.929;2592.391;1305.929;1152.391;65.049
6643;1;Los Espinos;final;1241.427;1726.391;1241.427;286.391;313.01
6643.1;1;Los Espinos;final;1362.021;2580.391;1362.021;1140.391;92.506
6644;1;Los Espinos;final;1149.942;1736.391;1149.942;296.391;265.414
6644.1;1;Los Espinos;final;1282.91;2583.008;1282.91;1143.008;56.977
6645;1;Los Espinos;final;1432.684;1746.391;1432.684;306.391;306.433
6646;1;Los Espinos;final;1251.227;1756.391;1251.227;316.391;313.01
6646.1;1;Los Espinos;final;1278.918;2610.564;1278.918;1170.564;51.618
6647;1;Los Espinos;final;1261.227;1766.391;1261.227;326.391;313.01
6647.1;1;Los Espinos;final;1476.718;2604.391;36.718;1164.391;124.29
6648;1;Los Espinos;final;513.829;1776.391;513.829;336.391;65.049
6649;1;Los Espinos;final;1189.18;1786.391;1189.18;346.391;242.537
6650;1;Los Espinos;final;533.829;1796.391;533.829;356.391;65.049
6651;1;Los Espinos;final;1437.258;1836.391;1437.258;396.391;306.322
6651.1;1;Los Espinos;final;1499.222;2872.382;59.222;1432.382;31.497
6652;1;Los Espinos;final;1260.386;1856.391;1260.386;416.391;271.574
6653;1;Los Espinos;final;1330.858;1866.391;1330.858;426.391;291.077
6654;1;Los Espinos;final;1359.477;1876.391;1359.477;436.391;313.015
6655;1;Los Espinos;final;1065.693;1411.379;1065.693;1411.379;294.713
6655.1;1;Los Espinos;final;1178.36;2476.724;1178.36;1036.724;43.723
6656;1;Los Espinos;final;1020.394;1441.379;1020.394;1.379;297.798
6656.1;1;Los Espinos;final;1367.294;2386.391;1367.294;946.391;159.257
6657;1;Los Espinos;final;1216.348;1771.379;1216.348;331.379;285.048
6657.1;1;Los Espinos;final;1556.592;2575.408;116.592;1135.408;173.308
6658;1;Los Espinos;final;1281.955;1786.379;1281.955;346.379;296.11
6658.1;1;Los Espinos;final;1537.596;2659.695;97.596;1219.695;142.305
6659;1;Los Espinos;final;1257.929;1800.428;1257.929;360.428;288.201
6659.1;1;Los Espinos;final;1458.919;2663.042;18.919;1223.042;95.905
6660;1;El Conquistador;final;1470.959;1443.575;30.959;3.575;283.284
6661;1;El Conquistador;final;1287.997;1713.575;1287.997;273.575;296.738
6662;1;El Conquistador;final;1225.349;1725.575;1225.349;285.575;138.307
6663;1;El Conquistador;final;1227.98;1737.575;1227.98;297.575;293.138
6664;1;El Conquistador;final;1254.247;1749.575;1254.247;309.575;311.531
6665;1;El Conquistador;final;1229.949;1761.575;1229.949;321.575;288.048
6665.1;1;El Conquistador;final;1451.716;2623.284;11.716;1183.284;117.906
6666;1;El Conquistador;final;1136.384;1773.575;1136.384;333.575;254.036
6667;1;El Conquistador;final;1161.534;1796.075;1161.534;356.075;261.943
6667.1;1;El Conquistador;final;1515.494;2549.874;75.494;1109.874;179.904
6668;1;El Conquistador;final;1309.032;1829.825;1309.032;389.825;282.049
6668.1;1;El Conquistador;final;1401.682;2702.89;1401.682;1262.89;62.797
6669;1;El Conquistador;final;1368.013;1841.075;1368.013;401.075;311.134
6669.1;1;El Conquistador;final;1514.963;2703.575;74.963;1263.575;111.459
6670;1;El Conquistador;final;1276.42;1852.325;1276.42;412.325;293.315
6670.1;1;El Conquistador;final;1361.387;2666.067;1361.387;1226.067;68.327
6671;1;El Conquistador;final;1314.7;1863.575;1314.7;423.575;304.304
6671.1;1;El Conquistador;final;1355.215;2701.548;1355.215;1261.548;43.2
6672;1;El Conquistador;final;1424.213;2223.575;1424.213;783.575;212.847
6673;1;El Conquistador;final;1290.965;2423.575;1290.965;983.575;112.764
6674;1;El Conquistador;final;1286.165;1766.001;1286.165;326.001;307.552
6674.1;1;El Conquistador;final;1477.759;2679.284;37.759;1239.284;108.091
6675;1;El Conquistador;final;1084.974;1435.706;1084.974;1435.706;304.029
6675.1;1;El Conquistador;final;1417.793;2502.033;1417.793;1062.033;127.57
6676;1;El Conquistador;intermedia;911.784;922.0;911.784;922.0;259.181
6676;2;El Conquistador;final;1137.051;1570.706;1137.051;130.706;75.16
6676.1;1;El Conquistador;final;1311.101;2555.366;1311.101;1115.366;75.16
6677;1;El Conquistador;final;1279.434;1705.706;1279.434;265.706;306.931
6677.1;1;El Conquistador;final;1489.165;2672.89;49.165;1232.89;107.543
6678;1;El Conquistador;final;1210.772;1714.272;1210.772;274.272;288.696
6678.1;1;El Conquistador;final;1296.438;2638.144;1296.438;1198.144;53.529
6679;1;El Conquistador;final;1083.386;1722.839;1083.386;282.839;253.887
6679.1;1;El Conquistador;final;1372.428;2469.676;1372.428;1029.676;124.589
6680;1;El Conquistador;final;1287.384;1731.406;1287.384;291.406;298.57
6681;1;El Conquistador;final;1216.757;1748.539;1216.757;308.539;292.962
6681.1;1;El Conquistador;final;1313.869;2641.323;1313.869;1201.323;45.601
6682;1;El Conquistador;final;1220.878;1757.106;1220.878;317.106;263.709
6682.1;1;El Conquistador;final;1443.493;2599.943;3.493;1159.943;119.039
6683;1;El Conquistador;final;1234.795;1765.672;1234.795;325.672;258.805
6684;1;El Conquistador;final;1309.4;1765.706;1309.4;325.706;309.044
6684.1;1;El Conquistador;final;1367.226;2613.861;1367.226;1173.861;86.44
6685;1;El Conquistador;final;1208.643;1772.622;1208.643;332.622;275.928
6686;1;El Conquistador;final;1253.117;1779.539;1253.117;339.539;297.644
6686.1;1;El Conquistador;final;1334.467;2670.366;1334.467;1230.366;38.742
6687;1;El Conquistador;final;520.567;1786.456;520.567;346.456;67.03
6688;1;El Conquistador;final;1171.952;1793.372;1171.952;353.372;271.551
6688.1;1;El Conquistador;final;1517.33;2555.329;77.33;1115.329;163.596
6689;1;El Conquistador;final;1372.926;1800.289;1372.926;360.289;308.414
6689.1;1;El Conquistador;final;1536.493;2695.656;96.493;1255.656;123.777
6690;1;El Conquistador;final;1303.501;1814.122;1303.501;374.122;285.029
6690.1;1;El Conquistador;final;1440.293;2722.866;0.293;1282.866;66.965
6691;1;El Conquistador;final;1165.652;1821.039;1165.652;381.039;236.808
6692;1;El Conquistador;final;1267.926;1834.872;1267.926;394.872;275.928
6693;1;El Conquistador;final;1246.772;1841.789;1246.772;401.789;286.0
6693.1;1;El Conquistador;final;1384.043;2666.616;1384.043;1226.616;66.965
6694;1;El Conquistador;final;1181.976;1848.706;1181.976;408.706;250.345
6695;1;El Conquistador;final;1270.738;1855.622;1270.738;415.622;220.3
6696;1;El Conquistador;final;1365.426;1855.706;1365.426;415.706;310.197
6697;1;El Conquistador;final;1342.926;2468.506;1342.926;1028.506;120.081
6698;1;El Conquistador;final;1502.226;2485.706;62.226;1045.706;186.684
6699;1;El Conquistador;final;1292.601;1775.366;1292.601;335.366;298.515
6699.1;1;El Conquistador;final;1570.759;2711.616;130.759;1271.616;131.266
6700;1;El Conquistador;final;1268.643;1795.366;1268.643;355.366;286.624
6701;1;El Conquistador;final;1274.949;1815.366;1274.949;375.366;272.014
6701.1;1;El Conquistador;final;1407.547;2668.984;1407.547;1228.984;75.651
6702;1;El Conquistador;final;1240.536;1825.366;1240.536;385.366;250.455
6703;1;El Conquistador;final;1341.369;1835.366;1341.369;395.366;292.386
6703.1;1;El Conquistador;final;1529.159;2725.943;89.159;1285.943;119.039
6704;1;El Conquistador;final;1252.334;1905.366;1252.334;465.366;232.322
6705;1;El Conquistador;final;1358.022;1801.857;1358.022;361.857;169.201
6706;1;El Conquistador;final;1375.612;1816.857;1375.612;376.857;278.632
6706.1;1;El Conquistador;final;1489.701;2777.734;49.701;1337.734;73.004
6707;1;El Conquistador;final;1268.888;1824.357;1268.888;384.357;251.818
6708;1;El Conquistador;final;1434.546;1831.857;1434.546;391.857;299.892
6708.1;1;El Conquistador;final;1547.051;2835.534;107.051;1395.534;74.739
6709;1;El Conquistador;final;1428.962;1839.357;1428.962;399.357;311.986
6709.1;1;El Conquistador;final;1456.554;2759.376;16.554;1319.376;67.113
6710;1;El Conquistador;final;1130.871;1439.376;1130.871;1439.376;307.195
6710.1;1;El Conquistador;final;1209.516;2541.532;1209.516;1101.532;43.159
6711;1;El Conquistador;final;1220.312;1709.376;1220.312;269.376;282.282
6712;1;El Conquistador;final;1279.516;1719.376;1279.516;279.376;304.728
6713;1;El Conquistador;final;1140.088;1729.376;1140.088;289.376;273.053
6713.1;1;El Conquistador;final;1290.395;2555.748;1290.395;1115.748;69.332
6714;1;El Conquistador;final;1260.484;1739.376;1260.484;299.376;286.489
6715;1;El Conquistador;final;1215.182;1749.376;1215.182;309.376;276.625
6715.1;1;El Conquistador;final;1483.776;2531.455;43.776;1091.455;161.886
6716;1;El Conquistador;final;1382.84;1759.376;1382.84;319.376;313.575
6717;1;El Conquistador;final;1264.812;1769.376;1264.812;329.376;273.969
6718;1;El Conquistador;final;1337.418;1778.376;1337.418;338.376;290.367
6718.1;1;El Conquistador;final;1493.316;2750.749;53.316;1310.749;85.185
6719;1;El Conquistador;final;1309.516;1787.376;1309.516;347.376;302.175
6720;1;El Conquistador;final;1365.888;1805.376;1365.888;365.376;301.956
6720.1;1;El Conquistador;final;1484.328;2776.014;44.328;1336.014;69.332
6721;1;El Conquistador;final;1229.403;1823.376;1229.403;383.376;242.078
6722;1;El Conquistador;final;1273.974;1832.376;1273.974;392.376;265.64
6723;1;El Conquistador;final;1346.771;1841.376;1346.771;401.376;287.322
6723.1;1;El Conquistador;final;1496.554;2758.881;56.554;1318.881;82.686
6724;1;El Conquistador;final;1296.183;1850.376;1296.183;410.376;247.797
6725;1;El Conquistador;final;1383.962;1859.376;1383.962;419.376;288.602
6726;1;El Conquistador;final;1391.933;1869.376;1391.933;429.376;310.967
6727;1;El Conquistador;final;1266.183;2461.543;1266.183;1021.543;96.235
6728;1;El Conquistador;final;1286.183;2479.976;1286.183;1039.976;96.235
6729;1;El Conquistador;final;1317.769;2489.376;1317.769;1049.376;105.149
6730;1;El Conquistador;intermedia;893.287;905.0;893.287;905.0;267.955
6730;2;El Conquistador;final;1096.388;1421.748;1096.388;1421.748;73.406
6730.1;1;El Conquistador;final;1214.079;2416.308;1214.079;976.308;90.031
6731;1;El Conquistador;final;1102.086;1451.748;1102.086;11.748;305.352
6731.1;1;El Conquistador;final;1352.539;2514.152;1352.539;1074.152;105.306
6732;1;El Conquistador;final;1240.12;1771.748;1240.12;331.748;262.667
6732.1;1;El Conquistador;final;1494.417;2650.013;54.417;1210.013;138.403
6733;1;El Conquistador;final;1198.459;1791.748;1198.459;351.748;255.588
6734;1;El Conquistador;final;1369.99;1821.748;1369.99;381.748;295.007
6734.1;1;El Conquistador;final;1473.847;2758.974;33.847;1318.974;68.669
6735;1;El Conquistador;final;1266.395;1831.748;1266.395;391.748;255.4
6736;1;Los Espinos;final;470.751;1782.564;470.751;342.564;51.618
6737;1;Los Espinos;final;1260.318;1790.064;1260.318;350.064;305.537
6737.1;1;Los Espinos;final;1398.968;2604.619;1398.968;1164.619;119.859
6738;1;Los Espinos;final;485.751;1797.564;485.751;357.564;51.618
6739;1;Los Espinos;final;493.251;1805.064;493.251;365.064;51.618
6740;1;Los Espinos;final;508.251;1820.064;508.251;380.064;51.618
6741;1;Los Espinos;final;515.751;1827.564;515.751;387.564;51.618
6742;1;Los Espinos;final;530.751;1842.564;530.751;402.564;51.618
6743;1;Los Espinos;final;553.251;1865.064;553.251;425.064;51.618
6744;1;Los Espinos;final;1250.665;1902.564;1250.665;462.564;128.134
6745;1;Los Espinos;final;500.751;1788.715;500.751;348.715;60.8
6746;1;Los Espinos;final;563.829;1799.965;563.829;359.965;74.162
6747;1;Los Espinos;final;523.251;1782.938;523.251;342.938;69.95
6748;1;Los Espinos;final;538.251;1792.938;538.251;352.938;69.95
6749;1;Los Espinos;final;545.751;1802.938;545.751;362.938;69.95
6750;1;Los Espinos;final;472.135;1812.938;472.135;372.938;44.851
6751;1;Los Espinos;final;482.135;1822.938;482.135;382.938;44.851
6752;1;Los Espinos;final;1206.694;1832.938;1206.694;392.938;269.991
6752.1;1;Los Espinos;final;1558.298;2559.258;118.298;1119.258;187.946
6753;1;Los Espinos;final;1215.681;1842.938;1215.681;402.938;254.528
6754;1;Los Espinos;final;1296.386;1852.938;1296.386;412.938;135.01
6755;1;Los Espinos;final;522.135;1862.938;522.135;422.938;44.851
6756;1;Los Espinos;final;531.601;1872.938;531.601;432.938;44.851
6757;1;Los Espinos;final;561.601;1902.938;561.601;462.938;44.851
6758;1;Los Espinos;final;1154.827;1441.487;1154.827;1.487;301.712
6758.1;1;Los Espinos;final;1277.442;2591.008;1277.442;1151.008;47.154
6759;1;Los Espinos;final;1210.179;1576.487;1210.179;136.487;305.808
6759.1;1;Los Espinos;final;1298.204;2536.846;1298.204;1096.846;80.286
6760;1;Los Espinos;final;1250.14;1711.487;1250.14;271.487;288.376
6761;1;Los Espinos;final;1215.485;1723.487;1215.485;283.487;287.072
6762;1;Los Espinos;final;1323.62;1735.487;1323.62;295.487;303.284
6762.1;1;Los Espinos;final;1379.507;2738.296;1379.507;1298.296;36.461
6763;1;Los Espinos;final;1217.355;1747.487;1217.355;307.487;278.862
6764;1;Los Espinos;final;1241.442;1759.487;1241.442;319.487;290.676
6764.1;1;Los Espinos;final;1306.821;2675.858;1306.821;1235.858;35.676
6765;1;Los Espinos;final;1309.084;1771.487;1309.084;331.487;301.743
6765.1;1;Los Espinos;final;1402.639;2691.761;1402.639;1251.761;60.275
6766;1;Los Espinos;final;1348.231;1816.487;1348.231;376.487;300.514
6767;1;Los Espinos;final;1276.176;1838.987;1276.176;398.987;270.88
6768;1;Los Espinos;final;1389.258;1763.008;1389.258;323.008;311.982
6768.1;1;Los Espinos;final;1463.841;2833.008;23.841;1393.008;33.398
6769;1;Los Espinos;final;1356.204;1778.008;1356.204;338.008;309.874
6769.1;1;Los Espinos;final;1504.708;2750.174;64.708;1310.174;88.612
6770;1;Los Espinos;final;1330.621;1793.008;1330.621;353.008;300.893
6770.1;1;Los Espinos;final;1468.103;2714.678;28.103;1274.678;84.372
6771;1;Los Espinos;final;1257.556;1823.008;1257.556;383.008;283.656
6771.1;1;Los Espinos;final;1479.133;2655.891;39.133;1215.891;110.33
6772;1;Los Espinos;final;1172.355;1856.758;1172.355;416.758;198.237
6773;1;Los Espinos;final;1361.502;1890.508;1361.502;450.508;283.645
6774;1;Los Espinos;final;1421.242;1913.008;1421.242;473.008;290.593
6774.1;1;Los Espinos;final;1493.23;2753.732;53.23;1313.732;87.471
6775;1;Los Espinos;final;1509.402;2543.008;69.402;1103.008;169.626
6776;1;El Conquistador;final;1301.771;1713.575;1301.771;273.575;306.642
6776.1;1;El Conquistador;final;1440.212;2719.248;0.212;1279.248;69.332
6777;1;El Conquistador;final;1344.29;1728.575;1344.29;288.575;308.504
6777.1;1;El Conquistador;final;1464.021;2721.443;24.021;1281.443;75.216
6778;1;El Conquistador;final;1322.395;1743.575;1322.395;303.575;308.639
6778.1;1;El Conquistador;final;1419.583;2647.926;1419.583;1207.926;96.235
6779;1;El Conquistador;final;1201.349;1773.575;1201.349;333.575;104.967
6780;1;El Conquistador;final;1071.845;1784.825;1071.845;344.825;210.267
6781;1;El Conquistador;final;1245.321;1796.075;1245.321;356.075;245.871
6782;1;El Conquistador;final;1304.467;1807.325;1304.467;367.325;293.054
6782.1;1;El Conquistador;final;1460.417;2722.866;20.417;1282.866;73.765
6783;1;El Conquistador;final;1366.989;1841.075;1366.989;401.075;304.2
6784;1;El Conquistador;final;1439.545;1852.325;1439.545;412.325;291.133
6784.1;1;El Conquistador;final;1481.467;2813.216;41.467;1373.216;57.759
6785;1;El Conquistador;final;1247.412;1863.575;1247.412;423.575;227.456
6786;1;El Conquistador;final;1486.83;2223.575;46.83;783.575;240.984
6787;1;El Conquistador;final;502.034;1758.974;502.034;318.974;68.163
6788;1;El Conquistador;final;1244.312;1778.974;1244.312;338.974;279.968
6789;1;El Conquistador;final;1178.93;1798.974;1178.93;358.974;249.205
6790;1;El Conquistador;final;1374.975;1810.224;1374.975;370.224;308.514
6791;1;El Conquistador;final;1426.863;1821.474;1426.863;381.474;307.141
6791.1;1;El Conquistador;final;1455.383;2763.575;15.383;1323.575;58.409
6792;1;El Conquistador;final;1303.121;1888.974;1303.121;448.974;242.032
6793;1;El Conquistador;final;1293.545;1740.652;1293.545;300.652;302.706
6793.1;1;El Conquistador;final;1390.272;2728.955;1390.272;1288.955;43.503
6794;1;El Conquistador;final;1265.595;1745.652;1265.595;305.652;286.168
6795;1;El Conquistador;final;1338.88;1760.652;1338.88;320.652;314.123
6795.1;1;El Conquistador;final;1467.44;2761.003;27.44;1321.003;66.603
6796;1;El Conquistador;final;1292.069;1765.652;1292.069;325.652;297.755
6797;1;El Conquistador;final;1259.516;1770.652;1259.516;330.652;280.968
6798;1;El Conquistador;final;1192.536;1775.652;1192.536;335.652;255.729
6799;1;El Conquistador;final;1159.383;1785.652;1159.383;345.652;238.942
6800;1;El Conquistador;final;1413.365;1790.652;1413.365;350.652;314.27
6801;1;El Conquistador;final;1299.516;1799.402;1299.516;359.402;280.968
6802;1;El Conquistador;final;1315.318;1806.902;1315.318;366.902;282.211
6802.1;1;El Conquistador;final;1417.513;2718.152;1417.513;1278.152;61.138
6803;1;El Conquistador;final;1336.42;1814.402;1336.42;374.402;299.182
6803.1;1;El Conquistador;final;1476.536;2730.367;36.536;1290.367;86.81
6804;1;El Conquistador;final;1299.013;1825.652;1299.013;385.652;270.311
6805;1;El Conquistador;final;1151.845;1836.902;1151.845;396.902;213.708
6806;1;El Conquistador;final;1266.269;1840.652;1266.269;400.652;255.729
6807;1;El Conquistador;final;1397.539;1763.532;1397.539;323.532;303.353
6807.1;1;El Conquistador;final;1481.595;2778.118;41.595;1338.118;74.465
6808;1;El Conquistador;final;1222.234;1775.532;1222.234;335.532;262.559
6809;1;El Conquistador;final;1350.268;1787.532;1350.268;347.532;308.616
6809.1;1;El Conquistador;final;1480.149;2759.966;40.149;1319.966;75.216
6810;1;El Conquistador;final;1309.916;1799.532;1309.916;359.532;295.313
6811;1;El Conquistador;final;1065.885;1405.652;1065.885;1405.652;298.782
6811.1;1;El Conquistador;final;1273.706;2486.415;1273.706;1046.415;89.726
6812;1;El Conquistador;final;1062.851;1435.652;1062.851;1435.652;310.628
6812.1;1;El Conquistador;final;1390.513;2486.532;1390.513;1046.532;128.466
6813;1;El Conquistador;intermedia;820.468;854.0;820.468;854.0;307.581
6813;2;El Conquistador;final;1162.851;1415.785;1162.851;1415.785;98.488
6813.1;1;El Conquistador;final;1354.833;2574.866;1354.833;1134.866;85.185
6814;1;El Conquistador;final;1056.338;1445.785;1056.338;5.785;308.765
6814.1;1;El Conquistador;final;1242.312;2494.248;1242.312;1054.248;69.332
6815;1;El Conquistador;final;1045.528;1475.785;1045.528;35.785;299.97
6815.1;1;El Conquistador;final;1289.619;2430.716;1289.619;990.716;101.292
6816;1;El Conquistador;final;1093.519;1798.422;1093.519;358.422;205.298
6817;1;El Conquistador;final;1084.751;1443.575;1084.751;3.575;277.492
6817.1;1;El Conquistador;final;1569.995;2502.152;129.995;1062.152;195.856
6818;1;El Conquistador;final;1306.23;1520.709;1306.23;80.709;209.97
6819;1;El Conquistador;final;1383.678;1559.275;1383.678;119.275;225.529
6820;1;El Conquistador;final;524.534;1597.842;524.534;157.842;115.675
6821;1;El Conquistador;final;1292.913;1636.409;1292.913;196.409;184.425
6822;1;El Conquistador;final;1174.916;1674.975;1174.916;234.975;289.535
6822.1;1;El Conquistador;final;1403.989;2580.501;1403.989;1140.501;106.784
6823;1;El Conquistador;final;1238.116;1713.542;1238.116;273.542;313.659
6823.1;1;El Conquistador;final;1395.383;2645.901;1395.383;1205.901;71.19
6824;1;El Conquistador;final;1242.397;1713.575;1242.397;273.575;288.725
6825;1;El Conquistador;final;1273.349;1717.092;1273.349;277.092;311.784
6826;1;El Conquistador;final;1179.967;1720.609;1179.967;280.609;293.828
6826.1;1;El Conquistador;final;1422.013;2569.14;1422.013;1129.14;117.89
6827;1;El Conquistador;final;1248.571;1724.125;1248.571;284.125;297.15
6828;1;El Conquistador;final;1174.668;1727.642;1174.668;287.642;279.256
6828.1;1;El Conquistador;final;1288.463;2576.752;1288.463;1136.752;61.138
6829;1;El Conquistador;final;1235.595;1731.159;1235.595;291.159;298.383
6830;1;El Conquistador;final;1189.349;1734.675;1189.349;294.675;263.453
6831;1;El Conquistador;final;1503.989;1741.709;63.989;301.709;242.283
6832;1;El Conquistador;final;1257.683;1745.225;1257.683;305.225;306.493
6832.1;1;El Conquistador;final;1303.815;2650.148;1303.815;1210.148;43.2
6833;1;El Conquistador;final;1206.875;1748.742;1206.875;308.742;279.585
6833.1;1;El Conquistador;final;1452.384;2591.105;12.384;1151.105;113.868
6834;1;El Conquistador;final;1244.517;1752.259;1244.517;312.259;132.516
6835;1;El Conquistador;final;1236.118;1755.775;1236.118;315.775;285.573
6835.1;1;El Conquistador;final;1358.607;2636.552;1358.607;1196.552;64.028
6836;1;El Conquistador;final;1211.013;1759.292;1211.013;319.292;293.367
6836.1;1;El Conquistador;final;1485.503;2629.708;45.503;1189.708;144.006
6837;1;El Conquistador;final;1345.272;1762.809;1345.272;322.809;309.356
6837.1;1;El Conquistador;final;1550.129;2726.718;110.129;1286.718;129.455
6838;1;El Conquistador;final;1290.972;1766.325;1290.972;326.325;312.804
6838.1;1;El Conquistador;final;1332.095;2675.268;1332.095;1235.268;44.031
6839;1;El Conquistador;final;1165.595;1769.842;1165.595;329.842;248.267
6840;1;El Conquistador;final;498.284;1773.575;498.284;333.575;61.735
6841;1;El Conquistador;final;505.784;1781.075;505.784;341.075;61.735
6842;1;El Conquistador;final;513.284;1788.575;513.284;348.575;61.735
6843;1;El Conquistador;final;1353.915;1796.075;1353.915;356.075;308.502
6844;1;El Conquistador;final;1245.129;1807.325;1245.129;367.325;270.274
6845;1;El Conquistador;final;1313.834;1814.825;1313.834;374.825;276.582
6845.1;1;El Conquistador;final;1430.48;2728.103;1430.48;1288.103;63.713
6846;1;El Conquistador;final;1296.634;1818.575;1296.634;378.575;295.607
6846.1;1;El Conquistador;final;1369.272;2699.216;1369.272;1259.216;51.917
6847;1;El Conquistador;final;1302.234;1822.325;1302.234;382.325;293.828
6847.1;1;El Conquistador;final;1494.116;2689.14;54.116;1249.14;118.735
6848;1;El Conquistador;final;1349.467;1829.825;1349.467;389.825;287.073
6849;1;El Conquistador;final;1361.659;1837.325;1361.659;397.325;294.101
6850;1;El Conquistador;final;1207.617;1841.075;1207.617;401.075;236.746
6851;1;El Conquistador;final;1404.013;1852.325;1404.013;412.325;312.832
6852;1;El Conquistador;final;1234.079;1863.575;1234.079;423.575;245.848
6853;1;El Conquistador;final;1278.116;1953.575;1278.116;513.575;223.37
6854;1;El Conquistador;final;1310.234;2413.575;1310.234;973.575;121.183
6855;1;El Conquistador;final;1311.463;1829.819;1311.463;389.819;278.262
6856;1;El Conquistador;final;1408.275;1886.619;1408.275;446.619;308.264
6856.1;1;El Conquistador;final;1485.225;2805.284;45.225;1365.284;59.042
6857;1;El Conquistador;final;1202.93;1896.086;1202.93;456.086;207.706
6858;1;El Conquistador;final;1166.93;1896.152;1166.93;456.152;216.269
6859;1;El Conquistador;final;1085.743;1773.575;1085.743;333.575;313.486
6859.1;1;El Conquistador;final;1490.388;2501.984;50.388;1061.984;181.447
6860;1;El Conquistador;final;1292.221;1788.575;1292.221;348.575;261.9
6861;1;El Conquistador;final;1380.747;1818.575;1380.747;378.575;310.159
6862;1;El Conquistador;final;1379.388;1863.575;1379.388;423.575;184.698
6863;1;El Conquistador;final;1283.409;1713.575;1283.409;273.575;303.208
6864;1;El Conquistador;final;1256.919;1733.575;1256.919;293.575;271.633
6864.1;1;El Conquistador;final;1389.363;2661.927;1389.363;1221.927;72.936
6865;1;El Conquistador;final;1354.139;1753.575;1354.139;313.575;309.675
6866;1;El Conquistador;final;499.934;1773.575;499.934;333.575;62.601
6867;1;El Conquistador;final;513.768;1787.409;513.768;347.409;62.601
6868;1;El Conquistador;final;527.601;1801.242;527.601;361.242;62.601
6869;1;El Conquistador;final;1350.013;1808.159;1350.013;368.159;139.04
6870;1;El Conquistador;final;1214.93;1815.075;1214.93;375.075;259.289
6871;1;El Conquistador;final;1274.079;2373.575;1274.079;933.575;121.787
6872;1;El Conquistador;final;1343.663;1884.902;1343.663;444.902;268.549
6873;1;El Conquistador;final;1453.385;1896.152;13.385;456.152;283.332
6874;1;El Conquistador;final;1154.657;1705.706;1154.657;265.706;293.667
6874.1;1;El Conquistador;final;1468.344;2572.866;28.344;1132.866;137.26
6875;1;El Conquistador;final;1273.533;1714.272;1273.533;274.272;314.002
6875.1;1;El Conquistador;final;1375.178;2574.534;1375.178;1134.534;97.152
6876;1;El Conquistador;final;1180.567;1722.839;1180.567;282.839;277.372
6876.1;1;El Conquistador;final;1333.726;2602.033;1333.726;1162.033;66.965
6877;1;El Conquistador;final;1312.44;1731.406;1312.44;291.406;308.594
6878;1;El Conquistador;final;1312.926;1739.972;1312.926;299.972;313.651
6878.1;1;El Conquistador;final;1490.417;2631.406;50.417;1191.406;134.274
6879;1;El Conquistador;final;1270.801;1748.539;1270.801;308.539;291.425
6879.1;1;El Conquistador;final;1397.959;2689.116;1397.959;1249.116;63.269
6880;1;El Conquistador;final;1048.219;1757.106;1048.219;317.106;292.532
6880.1;1;El Conquistador;final;1403.522;2454.038;1403.522;1014.038;169.208
6881;1;El Conquistador;final;1189.551;1765.672;1189.551;325.672;271.402
6881.1;1;El Conquistador;final;1521.019;2610.366;81.019;1170.366;145.081
6882;1;El Conquistador;final;1328.833;1765.706;1328.833;325.706;311.549
6882.1;1;El Conquistador;final;1453.857;2625.484;13.857;1185.484;117.218
6883;1;El Conquistador;final;508.751;1772.122;508.751;332.122;65.37
6884;1;El Conquistador;final;1305.667;1778.539;1305.667;338.539;296.047
6884.1;1;El Conquistador;final;1440.763;2713.327;0.763;1273.327;72.936
6885;1;El Conquistador;final;1320.426;1804.206;1320.426;364.206;309.291
6885.1;1;El Conquistador;final;1470.443;2644.256;30.443;1204.256;120.081
6886;1;El Conquistador;final;1201.517;1810.622;1201.517;370.622;264.946
6886.1;1;El Conquistador;final;1528.646;2613.077;88.646;1173.077;142.756
6887;1;El Conquistador;final;1392.667;1823.456;1392.667;383.456;311.253
6887.1;1;El Conquistador;final;1510.443;2812.033;70.443;1372.033;63.269
6888;1;El Conquistador;final;1399.542;1829.872;1399.542;389.872;314.718
6888.1;1;El Conquistador;final;1447.349;2792.89;7.349;1352.89;40.726
6889;1;El Conquistador;final;1321.651;1836.289;1321.651;396.289;277.372
6889.1;1;El Conquistador;final;1450.826;2745.366;10.826;1305.366;66.965
6890;1;El Conquistador;final;1249.349;1842.706;1249.349;402.706;266.428
6891;1;El Conquistador;final;1274.107;1849.122;1274.107;409.122;269.522
6892;1;El Conquistador;final;1349.534;1855.539;1349.534;415.539;295.634
6893;1;El Conquistador;final;1402.034;1855.706;1402.034;415.706;311.253
6893.1;1;El Conquistador;final;1460.886;2825.366;20.886;1385.366;32.582
6894;1;El Conquistador;final;1371.101;2365.706;1371.101;925.706;157.556
6895;1;El Conquistador;final;1318.869;2380.706;1318.869;940.706;146.658
6896;1;El Conquistador;final;1461.901;2403.206;21.901;963.206;192.579
6897;1;El Conquistador;final;1343.297;2425.706;1343.297;985.706;130.542
6898;1;El Conquistador;final;1269.094;2470.706;1269.094;1030.706;92.062
6899;1;El Conquistador;final;1354.978;2485.706;1354.978;1045.706;119.946
6900;1;El Conquistador;final;1238.459;1755.366;1238.459;315.366;294.084
6901;1;El Conquistador;final;1257.007;1775.366;1257.007;335.366;275.926
6902;1;El Conquistador;final;1291.966;1795.366;1291.966;355.366;289.29
6902.1;1;El Conquistador;final;1534.6;2591.667;94.6;1151.667;165.883
6903;1;El Conquistador;final;1347.266;1815.366;1347.266;375.366;291.591
6903.1;1;El Conquistador;final;1428.678;2647.984;1428.678;1207.984;97.152
6904;1;El Conquistador;final;1358.934;1888.866;1358.934;448.866;286.687
6904.1;1;El Conquistador;final;1545.503;2782.128;105.503;1342.128;116.124
6905;1;El Conquistador;final;1191.681;1905.199;1191.681;465.199;213.708
6906;1;El Conquistador;final;1371.784;1905.366;1371.784;465.366;286.687
6907;1;El Conquistador;final;1191.238;1375.706;1191.238;1375.706;312.156
6907.1;1;El Conquistador;final;1402.339;2610.367;1402.339;1170.367;94.717
6908;1;El Conquistador;final;640.321;1405.706;640.321;1405.706;272.141
6908.1;1;El Conquistador;final;1382.839;2031.438;1382.839;591.438;258.737
6908.2;1;El Conquistador;final;1495.494;2767.174;55.494;1327.174;85.195
6909;1;El Conquistador;final;814.009;1435.706;814.009;1435.706;313.468
6909.1;1;El Conquistador;final;1256.757;2135.706;1256.757;695.706;176.815
6910;1;El Conquistador;final;902.55;1582.906;902.55;142.906;294.503
6910.1;1;El Conquistador;final;1381.513;2352.74;1381.513;912.74;172.88
6911;1;El Conquistador;final;650.705;1415.477;650.705;1415.477;277.561
6911.1;1;El Conquistador;final;1368.145;2055.938;1368.145;615.938;247.825
6912;1;El Conquistador;final;971.617;1445.477;971.617;5.477;311.404
6912.1;1;El Conquistador;final;1258.459;2415.333;1258.459;975.333;91.153
6913;1;Santa Rosa;final;1329.017;1743.145;1329.017;303.145;267.352
6914;1;Santa Rosa;final;1375.935;1755.145;1375.935;315.145;310.429
6915;1;Santa Rosa;final;1288.966;1767.145;1288.966;327.145;249.506
6916;1;Santa Rosa;final;1386.1;1789.712;1386.1;349.712;267.352
6917;1;Santa Rosa;final;1333.599;1800.279;1333.599;360.279;249.506
6918;1;Santa Rosa;final;1290.617;1816.129;1290.617;376.129;222.794
6919;1;Santa Rosa;final;1408.6;1831.979;1408.6;391.979;267.352
6920;1;Santa Rosa;final;1513.45;1842.545;73.45;402.545;311.911
6921;1;Santa Rosa;final;1095.174;1440.845;1095.174;0.845;311.061
6921.1;1;Santa Rosa;final;1487.391;2433.957;47.391;993.957;159.052
6922;1;Santa Rosa;final;543.283;1730.845;543.283;290.845;96.969
6923;1;Santa Rosa;final;553.849;1740.845;553.849;300.845;96.969
6924;1;Santa Rosa;final;1276.217;1750.845;1276.217;310.845;248.49
6925;1;Santa Rosa;final;1218.966;1760.845;1218.966;320.845;230.645
6926;1;Santa Rosa;final;1319.417;1770.845;1319.417;330.845;248.49
6927;1;Santa Rosa;final;1333.817;1781.412;1333.817;341.412;248.49
6928;1;Santa Rosa;final;1314.617;1791.978;1314.617;351.978;248.49
6929;1;Santa Rosa;final;1444.917;1802.545;4.917;362.545;293.049
6929.1;1;Santa Rosa;final;1503.983;2794.812;63.983;1354.812;71.272
6930;1;Santa Rosa;final;1222.1;1807.828;1222.1;367.828;203.932
6931;1;Santa Rosa;final;1319.134;1818.395;1319.134;378.395;242.542
6932;1;Santa Rosa;final;1410.699;1828.962;1410.699;388.962;275.203
6933;1;Santa Rosa;final;1298.966;1834.245;1298.966;394.245;230.645
6934;1;Santa Rosa;final;1462.05;1839.528;22.05;399.528;293.049
6934.1;1;Santa Rosa;final;1521.116;2811.945;81.116;1371.945;71.272
6935;1;Santa Rosa;final;1308.966;1844.812;1308.966;404.812;230.645
6936;1;Santa Rosa;final;1418.316;1850.095;1418.316;410.095;275.203
6937;1;Santa Rosa;final;1479.184;1860.845;39.184;420.845;293.049
6937.1;1;Santa Rosa;final;1538.249;2829.079;98.249;1389.079;71.272
6938;1;Santa Rosa;final;956.109;1389.145;956.109;1389.145;304.446
6938.1;1;Santa Rosa;final;1435.991;2343.019;1435.991;903.019;166.601
6939;1;Santa Rosa;final;1261.817;1419.145;1261.817;1419.145;306.934
6939.1;1;Santa Rosa;final;1328.966;2609.145;1328.966;1169.145;71.272
6940;1;Santa Rosa;final;1190.8;1449.145;1190.8;9.145;301.957
6940.1;1;Santa Rosa;final;1530.584;2539.145;90.584;1099.145;178.235
6941;1;Santa Rosa;final;1318.966;1398.019;1318.966;1398.019;309.381
6942;1;Santa Rosa;final;1132.499;1428.019;1132.499;1428.019;299.428
6942.1;1;Santa Rosa;final;1329.85;2475.178;1329.85;1035.178;114.815
6943;1;Los Espinos;intermedia;971.747;981.0;971.747;981.0;290.082
6943;2;Los Espinos;final;1101.954;1443.583;1101.954;3.583;45.178
6943.1;1;Los Espinos;final;1322.133;2510.865;1322.133;1070.865;83.441
6944;1;Los Espinos;final;1023.139;1578.583;1023.139;138.583;277.5
6944.1;1;Los Espinos;final;1346.327;2419.695;1346.327;979.695;148.668
6945;1;Los Espinos;final;1267.735;1713.583;1267.735;273.583;309.012
6945.1;1;Los Espinos;final;1371.071;2647.092;1371.071;1207.092;71.873
6946;1;Los Espinos;final;1245.556;1725.583;1245.556;285.583;293.185
6946.1;1;Los Espinos;final;1358.27;2643.041;1358.27;1203.041;64.804
6947;1;Los Espinos;final;1244.314;1737.583;1244.314;297.583;313.016
6947.1;1;Los Espinos;final;1466.925;2661.146;26.925;1221.146;94.672
6948;1;Los Espinos;final;1274.466;1749.583;1274.466;309.583;275.567
6948.1;1;Los Espinos;final;1392.102;2641.013;1392.102;1201.013;80.693
6949;1;Los Espinos;final;1287.475;1761.583;1287.475;321.583;281.173
6950;1;Los Espinos;final;1347.775;1784.833;1347.775;344.833;301.694
6950.1;1;Los Espinos;final;1428.231;2783.008;1428.231;1343.008;29.906
6951;1;Los Espinos;final;1302.164;1807.333;1302.164;367.333;294.908
6951.1;1;Los Espinos;final;1481.406;2718.22;41.406;1278.22;95.071
6952;1;Los Espinos;final;1410.919;1829.833;1410.919;389.833;311.801
6952.1;1;Los Espinos;final;1463.708;2817.466;23.708;1377.466;39.866
6953;1;Los Espinos;final;1187.903;1841.083;1187.903;401.083;267.084
6954;1;Los Espinos;final;1253.925;1763.041;1253.925;323.041;279.888
6955;1;Los Espinos;final;1279.57;1783.041;1279.57;343.041;297.943
6955.1;1;Los Espinos;final;1373.699;2681.591;1373.699;1241.591;60.448
6956;1;Los Espinos;final;1350.433;1803.041;1350.433;363.041;282.588
6956.1;1;Los Espinos;final;1464.86;2787.275;24.86;1347.275;56.977
6957;1;Los Espinos;final;1270.733;1836.791;1270.733;396.791;260.877
6958;1;Los Espinos;final;1320.298;1870.541;1320.298;430.541;276.807
6958.1;1;Los Espinos;final;1550.526;2753.008;110.526;1313.008;108.841
6959;1;Los Espinos;final;1349.832;1881.791;1349.832;441.791;268.0
6960;1;El Conquistador;final;1189.812;1461.443;1189.812;21.443;302.308
6960.1;1;El Conquistador;final;1518.595;2522.076;78.595;1082.076;191.053
6961;1;El Conquistador;final;1314.395;1743.443;1314.395;303.443;307.18
6962;1;El Conquistador;final;528.284;1771.748;528.284;331.748;72.06
6963;1;El Conquistador;final;1393.333;1791.748;1393.333;351.748;312.144
6963.1;1;El Conquistador;final;1463.015;2779.895;23.015;1339.895;58.481
6964;1;El Conquistador;final;1212.312;1834.248;1212.312;394.248;246.003
6965;1;El Conquistador;final;1399.749;1867.998;1399.749;427.998;293.68
6966;1;Los Espinos;final;1293.497;1773.041;1293.497;333.041;287.77
6966.1;1;Los Espinos;final;1527.797;2716.532;87.797;1276.532;108.32
6967;1;Los Espinos;final;1221.741;1788.041;1221.741;348.041;270.664
6967.1;1;Los Espinos;final;1343.511;2610.657;1343.511;1170.657;75.757
6968;1;Los Espinos;final;1208.253;1735.494;1208.253;295.494;279.791
6968.1;1;Los Espinos;final;1324.602;2607.041;1324.602;1167.041;67.699
6969;1;Los Espinos;final;1143.489;1755.494;1143.489;315.494;234.721
6970;1;Los Espinos;final;1197.03;1775.494;1197.03;335.494;270.823
6970.1;1;Los Espinos;final;1435.95;2616.532;1435.95;1176.532;100.477
6971;1;Los Espinos;final;898.801;1815.494;898.801;375.494;158.783
6972;1;Los Espinos;final;1363.557;1845.494;1363.557;405.494;298.185
6973;1;Los Espinos;final;699.804;1412.865;699.804;1412.865;276.579
6973.1;1;Los Espinos;final;1507.839;2146.446;67.839;706.446;284.887
6974;1;Los Espinos;final;1014.953;1442.865;1014.953;2.865;312.129
6974.1;1;Los Espinos;final;1364.941;2415.041;1364.941;975.041;147.343
6975;1;Los Espinos;final;844.903;1403.825;844.903;1403.825;300.011
6975.1;1;Los Espinos;final;1446.82;2252.991;6.82;812.991;225.567
6976;1;Los Espinos;final;815.52;1433.825;815.52;1433.825;282.314
6976.1;1;Los Espinos;final;1307.511;2223.041;1307.511;783.041;198.41
6977;1;Los Espinos;final;844.05;1463.825;844.05;23.825;302.433
6977.1;1;Los Espinos;final;1266.417;2249.466;1266.417;809.466;158.974
6978;1;El Conquistador;final;1013.12;1476.102;1013.12;36.102;273.794
6978.1;1;El Conquistador;final;1552.862;2437.867;112.862;997.867;214.319
6979;1;El Conquistador;final;1281.815;1758.102;1281.815;318.102;305.009
6979.1;1;El Conquistador;final;1373.115;2684.652;1373.115;1244.652;49.201
6980;1;El Conquistador;final;1197.453;1770.102;1197.453;330.102;273.794
6980.1;1;El Conquistador;final;1387.087;2590.367;1387.087;1150.367;111.922
6981;1;El Conquistador;final;1355.736;1794.102;1355.736;354.102;306.169
6981.1;1;El Conquistador;final;1465.666;2752.098;25.666;1312.098;64.733
6982;1;El Conquistador;final;1453.115;1844.652;13.115;404.652;286.77
6983;1;El Conquistador;final;1208.255;1472.098;1208.255;32.098;241.895
6984;1;El Conquistador;final;1363.118;1762.098;1363.118;322.098;298.24
6984.1;1;El Conquistador;final;1428.799;2778.399;1428.799;1338.399;43.159
6985;1;El Conquistador;final;1209.683;1739.035;1209.683;299.035;277.028
6985.1;1;El Conquistador;final;1363.948;2600.367;1363.948;1160.367;83.737
6986;1;El Conquistador;final;1153.519;1754.035;1153.519;314.035;257.45
6987;1;El Conquistador;final;1195.309;1769.035;1195.309;329.035;276.154
6988;1;El Conquistador;final;1510.959;1784.035;70.959;344.035;227.676
6989;1;El Conquistador;final;1170.08;1799.035;1170.08;359.035;243.603
6990;1;El Conquistador;final;1327.059;1810.285;1327.059;370.285;280.907
6991;1;El Conquistador;final;1256.42;1821.535;1256.42;381.535;295.781
6991.1;1;El Conquistador;final;1348.537;2653.217;1348.537;1213.217;68.327
6992;1;El Conquistador;final;1417.428;1832.785;1417.428;392.785;311.953
6992.1;1;El Conquistador;final;1558.6;2797.943;118.6;1357.943;97.686
6993;1;El Conquistador;final;501.551;1855.285;501.551;415.285;32.233
6994;1;El Conquistador;final;1259.028;1866.535;1259.028;426.535;228.271
6995;1;El Conquistador;final;1379.435;1877.785;1379.435;437.785;266.586
6995.1;1;El Conquistador;final;1504.646;2787.077;64.646;1347.077;72.936
6996;1;El Conquistador;final;1305.209;1755.366;1305.209;315.366;130.196
6997;1;El Conquistador;final;1037.898;1775.366;1037.898;335.366;270.85
6997.1;1;El Conquistador;final;1413.013;2459.902;1413.013;1019.902;165.621
6998;1;El Conquistador;final;490.301;1815.366;490.301;375.366;38.742
6999;1;El Conquistador;final;499.095;1826.616;499.095;386.616;41.039
7000;1;El Conquistador;final;1344.359;1849.116;1344.359;409.116;137.219
7001;1;El Conquistador;final;1245.595;1860.366;1245.595;420.366;253.331
7002;1;El Conquistador;final;1300.536;1905.366;1300.536;465.366;240.1
7003;1;El Conquistador;final;1199.668;1713.575;1199.668;273.575;288.32
7003.1;1;El Conquistador;final;1316.063;2604.352;1316.063;1164.352;61.138
7004;1;El Conquistador;final;1237.68;1728.575;1237.68;288.575;286.079
7004.1;1;El Conquistador;final;1305.105;2651.876;1305.105;1211.876;53.553
7005;1;El Conquistador;final;1270.234;1743.575;1270.234;303.575;290.685
7006;1;El Conquistador;final;1360.584;1773.575;1360.584;333.575;298.08
7006.1;1;El Conquistador;final;1490.222;2745.885;50.222;1305.885;81.141
7007;1;El Conquistador;final;1285.237;1786.425;1285.237;346.425;284.201
7007.1;1;El Conquistador;final;1551.533;2590.433;111.533;1150.433;164.109
7008;1;El Conquistador;final;1111.845;1837.825;1111.845;397.825;218.551
7009;1;El Conquistador;final;1328.787;1771.003;1328.787;331.003;252.029
7010;1;El Conquistador;final;1286.234;1791.003;1286.234;351.003;266.378
7011;1;El Conquistador;final;1274.918;1752.298;1274.918;312.298;307.524
7011.1;1;El Conquistador;final;1348.416;2690.032;1348.416;1250.032;43.159
7012;1;El Conquistador;final;1297.663;1767.298;1297.663;327.298;288.735
7013;1;El Conquistador;final;1105.743;1782.298;1105.743;342.298;312.041
7013.1;1;El Conquistador;final;1269.683;2520.417;1269.683;1080.417;85.862
7014;1;El Conquistador;final;1101.845;1797.298;1101.845;357.298;209.099
7015;1;El Conquistador;final;1391.118;1810.148;1391.118;370.148;311.401
7015.1;1;El Conquistador;final;1456.449;2806.049;16.449;1366.049;43.159
7016;1;El Conquistador;final;1322.579;1822.998;1322.579;382.998;159.497
7017;1;El Conquistador;final;1213.349;1835.848;1213.349;395.848;270.164
7018;1;El Conquistador;final;1269.322;1848.698;1269.322;408.698;248.198
7019;1;El Conquistador;final;1272.509;1861.548;1272.509;421.548;122.078
7020;1;El Conquistador;final;1402.418;1874.398;1402.418;434.398;293.739
7020.1;1;El Conquistador;final;1483.989;2814.978;43.989;1374.978;51.499
7021;1;El Conquistador;final;1170.165;1887.248;1170.165;447.248;237.741
7022;1;El Conquistador;final;1384.484;1887.298;1384.484;447.298;149.217
7023;1;El Conquistador;final;1307.526;1738.495;1307.526;298.495;285.879
7023.1;1;El Conquistador;final;1430.942;2713.357;1430.942;1273.357;67.309
7024;1;El Conquistador;final;1372.702;1758.495;1372.702;318.495;308.676
7025;1;El Conquistador;final;1334.193;1778.495;1334.193;338.495;285.879
7026;1;El Conquistador;final;1336.443;1798.495;1336.443;358.495;285.879
7026.1;1;El Conquistador;final;1501.01;2728.357;61.01;1288.357;95.373
7027;1;El Conquistador;final;491.595;1811.345;491.595;371.345;49.839
7028;1;El Conquistador;final;1284.359;1824.195;1284.359;384.195;257.815
7029;1;El Conquistador;final;1351.818;1837.045;1351.818;397.045;275.634
7029.1;1;El Conquistador;final;1499.784;2781.455;59.784;1341.455;72.633
7030;1;El Conquistador;final;1396.443;1849.895;1396.443;409.895;285.879
7030.1;1;El Conquistador;final;1490.959;2788.357;50.959;1348.357;67.309
7031;1;El Conquistador;final;1262.589;1862.745;1262.589;422.745;281.356
7031.1;1;El Conquistador;final;1476.983;2695.205;36.983;1255.205;106.282
7032;1;El Conquistador;final;1237.349;1875.595;1237.349;435.595;86.749
7033;1;El Conquistador;final;1415.942;1888.445;1415.942;448.445;277.729
7034;1;Santa Rosa;final;1297.125;1713.957;1297.125;273.957;303.302
7034.1;1;Santa Rosa;final;1375.874;2688.019;1375.874;1248.019;56.768
7035;1;Santa Rosa;final;1311.041;1725.957;1311.041;285.957;296.344
7036;1;Santa Rosa;final;629.892;1737.957;629.892;297.957;111.094
7037;1;Santa Rosa;final;1342.125;1761.957;1342.125;321.957;303.302
7037.1;1;Santa Rosa;final;1504.524;2735.152;64.524;1295.152;84.226
7038;1;Santa Rosa;final;1385.259;1773.957;1385.259;333.957;303.302
7038.1;1;Santa Rosa;final;1470.258;2786.552;30.258;1346.552;56.768
7039;1;Santa Rosa;final;1401.724;1799.657;1401.724;359.657;296.344
7040;1;El Conquistador;final;1291.268;1722.28;1291.268;282.28;305.003
7040.1;1;El Conquistador;final;1374.083;2715.699;1374.083;1275.699;43.159
7041;1;El Conquistador;final;1312.849;1737.28;1312.849;297.28;309.665
7042;1;El Conquistador;final;1317.9;1752.28;1317.9;312.28;295.09
7042.1;1;El Conquistador;final;1471.24;2739.902;31.24;1299.902;102.204
7043;1;El Conquistador;final;1304.783;1767.28;1304.783;327.28;295.719
7043.1;1;El Conquistador;final;1491.359;2706.001;51.359;1266.001;98.97
7044;1;El Conquistador;final;1267.697;1782.28;1267.697;342.28;109.383
7045;1;El Conquistador;final;1190.93;1790.446;1190.93;350.446;258.236
7046;1;El Conquistador;final;1197.312;1798.613;1197.312;358.613;234.922
7047;1;El Conquistador;final;1210.284;1806.78;1210.284;366.78;263.291
7047.1;1;El Conquistador;final;1357.926;2632.866;1357.926;1192.866;63.269
7048;1;El Conquistador;final;1302.263;1814.946;1302.263;374.946;272.309
7049;1;El Conquistador;final;1167.312;1823.113;1167.312;383.113;205.292
7050;1;El Conquistador;final;1343.469;1831.28;1343.469;391.28;263.022
7051;1;El Conquistador;final;1399.937;1839.446;1399.937;399.446;313.358
7051.1;1;El Conquistador;final;1480.02;2790.367;40.02;1350.367;68.327
7052;1;El Conquistador;final;1275.129;1855.78;1275.129;415.78;246.408
7053;1;El Conquistador;final;1244.551;1863.946;1244.551;423.946;259.55
7054;1;El Conquistador;final;1404.438;1872.28;1404.438;432.28;267.784
7054.1;1;El Conquistador;final;1535.728;2827.414;95.728;1387.414;69.332
7055;1;El Conquistador;final;1274.395;1917.28;1274.395;477.28;225.164
7056;1;El Conquistador;final;1238.619;1962.28;1238.619;522.28;188.035
7057;1;El Conquistador;final;1495.207;2187.28;55.207;747.28;224.769
7058;1;El Conquistador;final;1201.753;2382.28;1201.753;942.28;85.611
7059;1;El Conquistador;final;1356.818;1751.443;1356.818;311.443;163.083
7060;1;El Conquistador;final;1416.48;1807.777;1416.48;367.777;294.591
7061;1;Los Espinos;final;1199.941;1700.761;1199.941;260.761;280.118
7061.1;1;Los Espinos;final;1319.511;2586.657;1319.511;1146.657;75.757
7062;1;Los Espinos;final;1260.003;1715.761;1260.003;275.761;301.878
7062.1;1;Los Espinos;final;1375.903;2655.891;1375.903;1215.891;73.653
7063;1;Los Espinos;final;1267.452;1730.761;1267.452;290.761;298.392
7063.1;1;Los Espinos;final;1536.108;2642.578;96.108;1202.578;146.658
7064;1;Los Espinos;final;1154.922;1745.761;1154.922;305.761;284.002
7064.1;1;Los Espinos;final;1271.466;2530.928;1271.466;1090.928;73.959
7065;1;Los Espinos;final;1297.592;1783.261;1297.592;343.261;280.841
7065.1;1;Los Espinos;final;1400.802;2738.008;1400.802;1298.008;41.89
7066;1;Los Espinos;final;1392.36;1805.761;1392.36;365.761;308.55
7066.1;1;Los Espinos;final;1502.402;2731.387;62.402;1291.387;97.156
7067;1;Los Espinos;final;1300.602;1817.011;1300.602;377.011;313.62
7067.1;1;Los Espinos;final;1424.702;2615.761;1424.702;1175.761;113.872
7068;1;Los Espinos;final;1386.549;2432.761;1386.549;992.761;156.504
7069;1;Los Espinos;final;1332.489;1763.041;1332.489;323.041;303.817
7069.1;1;Los Espinos;final;1419.133;2733.041;1419.133;1293.041;60.448
7070;1;Los Espinos;final;1199.57;1783.041;1199.57;343.041;246.856
7071;1;Los Espinos;final;1173.425;1803.041;1173.425;363.041;250.028
7072;1;Los Espinos;final;1373.302;1859.291;1373.302;419.291;310.747
7072.1;1;Los Espinos;final;1386.82;2690.761;1386.82;1250.761;67.677
7073;1;Los Espinos;final;1227.049;1870.541;1227.049;430.541;264.511
7074;1;El Conquistador;final;929.701;1470.367;929.701;30.367;284.594
7074.1;1;El Conquistador;final;1454.784;2371.455;14.784;931.455;170.894
7075;1;El Conquistador;final;1227.315;1752.367;1227.315;312.367;301.715
7075.1;1;El Conquistador;final;1346.721;2637.54;1346.721;1197.54;58.671
7076;1;El Conquistador;final;1252.019;1764.367;1252.019;324.367;304.789
7077;1;El Conquistador;final;1264.019;1776.367;1264.019;336.367;304.789
7077.1;1;El Conquistador;final;1368.586;2654.948;1368.586;1214.948;52.761
7078;1;El Conquistador;final;1227.453;1788.367;1227.453;348.367;286.305
7078.1;1;El Conquistador;final;1456.536;2620.367;16.536;1180.367;130.406
7079;1;El Conquistador;final;1291.486;1806.367;1291.486;366.367;304.789
7079.1;1;El Conquistador;final;1338.248;2693.498;1338.248;1253.498;35.796
7080;1;El Conquistador;final;1286.848;1812.367;1286.848;372.367;301.715
7080.1;1;El Conquistador;final;1342.886;2697.502;1342.886;1257.502;36.469
7081;1;El Conquistador;final;1371.457;1818.367;1371.457;378.367;314.903
7081.1;1;El Conquistador;final;1465.207;2751.443;25.207;1311.443;67.327
7082;1;El Conquistador;final;1318.068;1824.367;1318.068;384.367;276.182
7082.1;1;El Conquistador;final;1444.102;2751.405;4.102;1311.405;55.236
7083;1;El Conquistador;final;1246.42;1830.367;1246.42;390.367;286.305
7083.1;1;El Conquistador;final;1510.02;2640.367;70.02;1200.367;155.518
7084;1;El Conquistador;final;1266.42;1842.367;1266.42;402.367;286.305
7085;1;El Conquistador;final;1413.115;1890.367;1413.115;450.367;303.62
7085.1;1;El Conquistador;final;1484.099;2833.699;44.099;1393.699;43.159
7086;1;Los Espinos;final;752.943;1442.332;752.943;2.332;310.823
7086.1;1;Los Espinos;final;1527.496;2113.071;87.496;673.071;304.224
7087;1;Los Espinos;final;1203.396;1736.332;1203.396;296.332;280.864
7087.1;1;Los Espinos;final;1484.413;2585.63;44.413;1145.63;138.945
7088;1;Los Espinos;final;1122.775;1748.332;1122.775;308.332;271.845
7088.1;1;Los Espinos;final;1457.658;2470.432;17.658;1030.432;158.807
7089;1;Los Espinos;final;1208.863;1772.332;1208.863;332.332;265.676
7089.1;1;Los Espinos;final;1441.83;2585.63;1.83;1145.63;124.083
7090;1;Los Espinos;final;1227.296;1794.832;1227.296;354.832;265.676
7090.1;1;Los Espinos;final;1409.242;2609.63;1409.242;1169.63;94.887
7091;1;Los Espinos;final;1315.696;1817.332;1315.696;377.332;288.132
7091.1;1;Los Espinos;final;1544.63;2693.63;104.63;1253.63;131.351
7092;1;Los Espinos;final;1364.309;1828.582;1364.309;388.582;307.824
7093;1;Los Espinos;final;1190.43;1839.832;1190.43;399.832;237.905
7094;1;Los Espinos;final;1325.242;1900.882;1325.242;460.882;279.113
7094.1;1;Los Espinos;final;1552.358;2657.332;112.358;1217.332;151.213
7095;1;Los Espinos;final;1264.163;1913.732;1264.163;473.732;237.905
7096;1;Santa Rosa;final;1358.474;1760.166;1358.474;320.166;313.523
7097;1;Santa Rosa;final;564.55;1768.733;564.55;328.733;86.486
7098;1;Santa Rosa;final;1269.767;1777.3;1269.767;337.3;278.991
7099;1;Santa Rosa;final;584.55;1785.866;584.55;345.866;86.486
7100;1;Santa Rosa;final;1393.307;1785.9;1393.307;345.9;313.523
7101;1;Santa Rosa;final;1363.307;1793.4;1363.307;353.4;313.523
7102;1;Santa Rosa;final;1378.307;1800.9;1378.307;360.9;313.523
7102.1;1;Santa Rosa;final;1508.357;2693.608;68.357;1253.608;107.03
7103;1;Santa Rosa;final;1233.25;1433.608;1233.25;1433.608;313.129
7103.1;1;Santa Rosa;final;1338.474;2595.9;1338.474;1155.9;72.892
7104;1;Santa Rosa;final;534.55;1501.108;534.55;61.108;120.624
7105;1;Santa Rosa;final;1238.467;1568.608;1238.467;128.608;313.129
7105.1;1;Santa Rosa;final;1375.7;2600.9;1375.7;1160.9;86.486
7106;1;Santa Rosa;final;549.55;1636.108;549.55;196.108;120.624
7107;1;Santa Rosa;final;444.117;1703.608;444.117;263.608;72.498
7108;1;Santa Rosa;final;1248.474;1708.608;1248.474;268.608;299.535
7109;1;Santa Rosa;final;1316.717;1713.608;1316.717;273.608;313.129
7110;1;Santa Rosa;final;459.117;1718.608;459.117;278.608;72.498
7111;1;Santa Rosa;final;1321.934;1723.608;1321.934;283.608;313.129
7111.1;1;Santa Rosa;final;1415.807;2685.9;1415.807;1245.9;72.892
7112;1;Santa Rosa;final;1330.7;1728.608;1330.7;288.608;313.129
7112.1;1;Santa Rosa;final;1430.807;2700.9;1430.807;1260.9;72.892
7113;1;Santa Rosa;final;1303.474;1733.608;1303.474;293.608;299.535
7114;1;Santa Rosa;final;1206.584;1738.608;1206.584;298.608;265.003
7115;1;Santa Rosa;final;1318.474;1743.608;1318.474;303.608;299.535
7116;1;Santa Rosa;final;1313.474;1748.608;1313.474;308.608;299.535
7117;1;Santa Rosa;final;1328.474;1753.608;1328.474;313.608;299.535
7118;1;Santa Rosa;final;1353.2;1758.608;1353.2;318.608;313.129
7118.1;1;Santa Rosa;final;1559.757;2715.9;119.757;1275.9;121.019
7119;1;Santa Rosa;final;519.55;1763.608;519.55;323.608;72.498
7120;1;Santa Rosa;final;1364.45;1773.608;1364.45;333.608;313.129
7120.1;1;Santa Rosa;final;1456.957;2733.033;16.957;1293.033;72.892
7121;1;Santa Rosa;final;1348.474;1788.608;1348.474;348.608;299.535
7122;1;Santa Rosa;final;1353.474;1798.608;1353.474;358.608;299.535
7123;1;Santa Rosa;final;1398.2;1813.608;1398.2;373.608;313.129
7123.1;1;Santa Rosa;final;1491.224;2767.3;51.224;1327.3;72.892
7124;1;Santa Rosa;final;579.55;1823.608;579.55;383.608;72.498
7125;1;Santa Rosa;final;1370.807;1833.608;1370.807;393.608;299.535
7126;1;Santa Rosa;final;1385.807;1838.608;1385.807;398.608;299.535
7127;1;Santa Rosa;final;1428.7;1848.608;1428.7;408.608;313.129
7127.1;1;Santa Rosa;final;1525.49;2801.566;85.49;1361.566;72.892
7128;1;Santa Rosa;final;1306.284;1872.858;1306.284;432.858;265.003
7129;1;Santa Rosa;final;1169.907;1917.775;1169.907;477.775;203.282
7130;1;Santa Rosa;final;1290.634;2213.608;1290.634;773.608;168.75
7131;1;Santa Rosa;final;1293.474;2265.742;1293.474;825.742;155.156
7132;1;Santa Rosa;final;1212.034;2291.808;1212.034;851.808;120.624
7133;1;Santa Rosa;final;1500.7;2369.058;60.7;929.058;216.876
7134;1;Santa Rosa;final;1253.474;2412.658;1253.474;972.658;107.03
7135;1;Santa Rosa;final;1542.624;2445.358;102.624;1005.358;203.282
7136;1;Santa Rosa;final;1408.307;2450.808;1408.307;1010.808;155.156
7137;1;Santa Rosa;final;1438.307;2483.608;1438.307;1043.608;155.156
7138;1;Los Espinos;final;1285.121;1746.85;1285.121;306.85;305.131
7138.1;1;Los Espinos;final;1466.154;2691.561;26.154;1251.561;96.397
7139;1;Los Espinos;final;1275.951;1806.85;1275.951;366.85;288.852
7140;1;El Conquistador;final;1037.295;1465.656;1037.295;25.656;303.444
7140.1;1;El Conquistador;final;1220.186;2369.376;1220.186;929.376;105.149
7141;1;El Conquistador;final;1295.613;1743.156;1295.613;303.156;313.679
7141.1;1;El Conquistador;final;1485.067;2617.86;45.067;1177.86;140.94
7142;1;El Conquistador;final;1167.051;1750.656;1167.051;310.656;265.074
7142.1;1;El Conquistador;final;1320.393;2588.699;1320.393;1148.699;66.965
7143;1;El Conquistador;final;1296.607;1758.156;1296.607;318.156;296.39
7143.1;1;El Conquistador;final;1352.686;2715.366;1352.686;1275.366;32.582
7144;1;El Conquistador;final;1228.643;1765.656;1228.643;325.656;299.928
7145;1;El Conquistador;final;1220.536;1773.156;1220.536;333.156;271.466
7146;1;El Conquistador;final;1292.425;1780.656;1292.425;340.656;272.075
7146.1;1;El Conquistador;final;1493.825;2672.61;53.825;1232.61;115.733
7147;1;El Conquistador;final;1224.023;1788.156;1224.023;348.156;310.657
7147.1;1;El Conquistador;final;1411.15;2580.565;1411.15;1140.565;126.074
7148;1;El Conquistador;final;1379.08;1795.656;1379.08;355.656;308.214
7149;1;El Conquistador;final;489.607;1800.939;489.607;360.939;49.321
7150;1;El Conquistador;final;1307.202;1811.506;1307.202;371.506;282.06
7150.1;1;El Conquistador;final;1445.697;2694.713;5.697;1254.713;82.337
7151;1;El Conquistador;final;510.74;1822.072;510.74;382.072;49.321
7152;1;El Conquistador;final;1377.568;1827.356;1377.568;387.356;314.646
7152.1;1;El Conquistador;final;1492.418;2778.986;52.418;1338.986;73.038
7153;1;El Conquistador;final;1279.305;1837.922;1279.305;397.922;155.833
7154;1;El Conquistador;final;1270.251;1848.489;1270.251;408.489;265.074
7155;1;El Conquistador;final;1345.4;1853.772;1345.4;413.772;296.195
7155.1;1;El Conquistador;final;1534.963;2647.261;94.963;1207.261;154.549
7156;1;El Conquistador;final;1367.686;1869.622;1367.686;429.622;283.101
7157;1;El Conquistador;final;1251.607;1880.189;1251.607;440.189;237.558
7158;1;El Conquistador;final;1353.726;1885.656;1353.726;445.656;294.653
7159;1;El Conquistador;final;1280.536;1766.656;1280.536;326.656;304.416
7160;1;El Conquistador;final;1351.774;1778.656;1351.774;338.656;313.94
7161;1;El Conquistador;final;1146.752;1790.656;1146.752;350.656;243.188
7162;1;El Conquistador;final;1381.857;1814.656;1381.857;374.656;303.968
7162.1;1;El Conquistador;final;1513.301;2798.699;73.301;1358.699;71.464
7163;1;El Conquistador;final;1243.424;1827.49;1243.424;387.49;248.168
7164;1;El Conquistador;final;1385.08;1853.156;1385.08;413.156;298.923
7165;1;El Conquistador;final;1386.101;1872.406;1386.101;432.406;293.426
7166;1;El Conquistador;final;1420.459;1904.656;1420.459;464.656;300.594
7167;1;El Conquistador;final;1433.13;1821.243;1433.13;381.243;245.161
7168;1;El Conquistador;final;1319.07;1832.493;1319.07;392.493;264.123
7169;1;El Conquistador;final;1209.406;1843.743;1209.406;403.743;106.823
7170;1;El Conquistador;final;1326.234;1854.993;1326.234;414.993;301.102
7170.1;1;El Conquistador;final;1391.772;2721.716;1391.772;1281.716;51.917
7171;1;El Conquistador;final;1268.849;1866.243;1268.849;426.243;222.778
7172;1;El Conquistador;final;1248.021;1877.493;1248.021;437.493;125.311
7173;1;El Conquistador;final;1512.784;1888.743;72.784;448.743;311.514
7174;1;El Conquistador;final;497.899;1899.993;497.899;459.993;14.109
7175;1;El Conquistador;final;1243.868;1752.535;1243.868;312.535;290.172
7176;1;El Conquistador;final;1171.306;1764.535;1171.306;324.535;294.181
7176.1;1;El Conquistador;final;1281.635;2574.363;1281.635;1134.363;62.196
7177;1;El Conquistador;final;1330.788;1776.535;1330.788;336.535;308.34
7178;1;El Conquistador;final;1283.956;1788.535;1283.956;348.535;251.258
7179;1;El Conquistador;final;1223.346;1823.035;1223.346;383.035;230.709
7180;1;El Conquistador;final;1204.946;1834.285;1204.946;394.285;242.738
7181;1;El Conquistador;final;1233.919;1845.535;1233.919;405.535;313.611
7181.1;1;El Conquistador;final;1377.653;2625.438;1377.653;1185.438;99.492
7182;1;El Conquistador;final;1136.369;1879.285;1136.369;439.285;236.775
7183;1;El Conquistador;final;1335.13;1890.535;1335.13;450.535;298.862
7183.1;1;El Conquistador;final;1534.463;2659.233;94.463;1219.233;138.583
7184;1;El Conquistador;final;1297.53;1743.284;1297.53;303.284;283.3
7185;1;El Conquistador;final;1337.495;1753.284;1337.495;313.284;308.641
7185.1;1;El Conquistador;final;1468.497;2729.105;28.497;1289.105;86.42
7186;1;El Conquistador;final;1293.919;1763.284;1293.919;323.284;307.119
7186.1;1;El Conquistador;final;1425.553;2687.604;1425.553;1247.604;104.375
7187;1;El Conquistador;final;1357.547;1773.284;1357.547;333.284;305.286
7187.1;1;El Conquistador;final;1435.196;2686.233;1435.196;1246.233;82.87
7188;1;El Conquistador;final;1137.018;1783.284;1137.018;343.284;242.191
7189;1;El Conquistador;final;1221.459;1793.284;1221.459;353.284;276.171
7190;1;El Conquistador;final;1299.22;1803.284;1299.22;363.284;290.217
7191;1;El Conquistador;final;1335.746;1812.284;1335.746;372.284;287.944
7192;1;El Conquistador;final;1263.141;1821.284;1263.141;381.284;228.384
7193;1;El Conquistador;final;1273.009;1830.284;1273.009;390.284;254.97
7193.1;1;El Conquistador;final;1515.908;2668.984;75.908;1228.984;122.397
7194;1;El Conquistador;final;1393.325;1857.284;1393.325;417.284;270.288
7194.1;1;El Conquistador;final;1536.212;2774.61;96.212;1334.61;94.222
7195;1;El Conquistador;final;1310.08;1884.284;1310.08;444.284;264.454
7196;1;El Conquistador;final;1323.118;1893.284;1323.118;453.284;299.747
7196.1;1;El Conquistador;final;1571.449;2727.03;131.449;1287.03;122.124
7197;1;El Conquistador;final;1356.099;1904.534;1356.099;464.534;280.882
7198;1;El Conquistador;final;1257.649;1915.784;1257.649;475.784;233.516
7199;1;El Conquistador;final;1204.947;1938.284;1204.947;498.284;194.041
7200;1;El Conquistador;final;1297.259;1751.117;1297.259;311.117;299.605
7201;1;El Conquistador;final;1286.506;1771.117;1286.506;331.117;270.278
7202;1;El Conquistador;final;1260.45;1742.89;1260.45;302.89;314.554
7202.1;1;El Conquistador;final;1462.841;2661.001;22.841;1221.001;98.324
7203;1;El Conquistador;final;1274.667;1751.457;1274.667;311.457;247.314
7204;1;El Conquistador;final;1261.858;1760.023;1261.858;320.023;177.097
7205;1;El Conquistador;final;1379.852;1768.59;1379.852;328.59;301.416
7205.1;1;El Conquistador;final;1535.502;2744.009;95.502;1304.009;106.778
7206;1;El Conquistador;final;1283.749;1785.723;1283.749;345.723;257.645
7207;1;El Conquistador;final;1277.939;1802.857;1277.939;362.857;172.984
7208;1;El Conquistador;final;1399.196;1802.89;1399.196;362.89;300.946
7209;1;El Conquistador;final;1306.439;1814.123;1306.439;374.123;255.017
7210;1;El Conquistador;final;1180.017;1819.74;1180.017;379.74;235.103
7211;1;El Conquistador;final;1420.552;1830.973;1420.552;390.973;221.854
7212;1;El Conquistador;final;1293.726;1836.59;1293.726;396.59;276.541
7213;1;El Conquistador;final;1132.032;1859.057;1132.032;419.057;176.806
7214;1;El Conquistador;final;1443.462;1892.89;3.462;452.89;299.549
7214.1;1;El Conquistador;final;1497.408;2747.881;57.408;1307.881;90.734
7215;1;El Conquistador;final;1567.308;1982.89;127.308;542.89;307.672
7216;1;El Conquistador;final;1350.415;1742.89;1350.415;302.89;305.957
7217;1;El Conquistador;final;1208.301;1752.89;1208.301;312.89;230.016
7218;1;El Conquistador;final;1267.449;1762.89;1267.449;322.89;260.457
7218.1;1;El Conquistador;final;1401.97;2661.284;1401.97;1221.284;85.884
7219;1;El Conquistador;final;1389.63;1772.89;1389.63;332.89;305.711
7220;1;El Conquistador;final;1132.265;1782.89;1132.265;342.89;201.567
7221;1;El Conquistador;final;1411.441;1802.89;1411.441;362.89;299.303
7221.1;1;El Conquistador;final;1508.492;2805.284;68.492;1365.284;63.877
7222;1;El Conquistador;final;1345.032;1812.89;1345.032;372.89;277.945
7223;1;El Conquistador;final;1283.849;1822.89;1283.849;382.89;230.528
7224;1;El Conquistador;final;1340.475;1832.89;1340.475;392.89;282.91
7225;1;El Conquistador;final;1335.959;1842.89;1335.959;402.89;256.665
7225.1;1;El Conquistador;final;1493.229;2733.284;53.229;1293.284;93.381
7226;1;El Conquistador;final;1473.365;1872.89;33.365;432.89;314.681
7227;1;El Conquistador;final;1387.349;1882.89;1387.349;442.89;280.765
7227.1;1;El Conquistador;final;1465.165;2780.89;25.165;1340.89;62.797
7228;1;El Conquistador;final;1270.986;1749.827;1270.986;309.827;302.84
7228.1;1;El Conquistador;final;1357.973;2658.535;1357.973;1218.535;61.832
7229;1;El Conquistador;final;1245.455;1839.827;1245.455;399.827;234.741
7230;1;El Conquistador;final;1381.003;1869.827;1381.003;429.827;302.444
7231;1;El Conquistador;final;1497.108;1749.8;57.108;309.8;265.517
7232;1;El Conquistador;final;866.125;1472.638;866.125;32.638;283.291
7232.1;1;El Conquistador;final;1458.159;2309.677;18.159;869.677;197.201
7233;1;El Conquistador;final;1173.116;1742.638;1173.116;302.638;284.515
7233.1;1;El Conquistador;final;1294.333;2545.693;1294.333;1105.693;73.414
7234;1;El Conquistador;final;1091.369;1757.638;1091.369;317.638;299.423
7234.1;1;El Conquistador;final;1312.872;2487.735;1312.872;1047.735;87.007
7235;1;El Conquistador;final;1021.603;1772.638;1021.603;332.638;300.222
7235.1;1;El Conquistador;final;1399.068;2415.535;1399.068;975.535;155.805
7236;1;El Conquistador;final;1283.083;1787.638;1283.083;347.638;308.501
7236.1;1;El Conquistador;final;1329.225;2699.314;1329.225;1259.314;28.891
7237;1;El Conquistador;final;1203.919;1802.638;1203.919;362.638;264.308
7237.1;1;El Conquistador;final;1383.522;2608.28;1383.522;1168.28;82.304
7238;1;El Conquistador;final;1063.219;1815.488;1063.219;375.488;265.093
7238.1;1;El Conquistador;final;1498.803;2471.171;58.803;1031.171;232.684
7239;1;El Conquistador;final;1133.666;1828.338;1133.666;388.338;312.452
7239.1;1;El Conquistador;final;1194.792;2560.014;1194.792;1120.014;28.891
7240;1;El Conquistador;final;1125.666;1854.038;1125.666;414.038;302.687
7240.1;1;El Conquistador;final;1175.139;2541.833;1175.139;1101.833;29.717
7241;1;El Conquistador;final;1167.295;1879.738;1167.295;439.738;211.511
7242;1;El Conquistador;final;1292.369;1892.588;1292.369;452.588;299.423
7243;1;El Conquistador;final;1154.849;1892.638;1154.849;452.638;312.452
7243.1;1;El Conquistador;final;1311.44;2581.438;1311.44;1141.438;66.238
7244;1;El Conquistador;final;1248.301;1910.638;1248.301;470.638;306.93
7245;1;El Conquistador;final;1141.603;1928.638;1141.603;488.638;252.833
7245.1;1;El Conquistador;final;1291.986;2539.771;1291.986;1099.771;99.492
7246;1;El Conquistador;final;1300.978;1817.327;1300.978;377.327;297.996
7246.1;1;El Conquistador;final;1522.478;2680.943;82.478;1240.943;124.589
7247;1;El Conquistador;final;1317.31;1824.827;1317.31;384.827;257.488
7248;1;El Conquistador;final;1247.039;1832.327;1247.039;392.327;296.211
7248.1;1;El Conquistador;final;1453.977;2636.63;13.977;1196.63;124.797
7249;1;El Conquistador;final;1389.061;1839.827;1389.061;399.827;267.753
7250;1;El Conquistador;final;1377.539;1847.327;1377.539;407.327;311.389
7250.1;1;El Conquistador;final;1453.922;2766.63;13.922;1326.63;67.285
7251;1;El Conquistador;final;645.419;1472.638;645.419;32.638;245.371
7251.1;1;El Conquistador;final;1277.586;2053.043;1277.586;613.043;194.279
7252;1;El Conquistador;final;1262.579;1742.638;1262.579;302.638;195.849
7253;1;El Conquistador;final;1071.99;1754.638;1071.99;314.638;294.496
7253.1;1;El Conquistador;final;1269.88;2463.621;1269.88;1023.621;86.42
7254;1;El Conquistador;final;1166.573;1766.638;1166.573;326.638;276.392
7254.1;1;El Conquistador;final;1333.265;2573.499;1333.265;1133.499;78.105
7255;1;El Conquistador;final;1101.788;1778.638;1101.788;338.638;276.042
7255.1;1;El Conquistador;final;1271.793;2528.699;1271.793;1088.699;63.269
7256;1;El Conquistador;final;984.49;1790.638;984.49;350.638;250.867
7256.1;1;El Conquistador;final;1523.833;2387.638;83.833;947.638;245.873
7257;1;El Conquistador;final;1308.85;1802.638;1308.85;362.638;288.963
7257.1;1;El Conquistador;final;1429.055;2610.783;1429.055;1170.783;108.1
7258;1;El Conquistador;final;1207.664;1817.638;1207.664;377.638;304.039
7258.1;1;El Conquistador;final;1281.657;2624.569;1281.657;1184.569;38.86
7259;1;El Conquistador;final;1249.001;1832.638;1249.001;392.638;310.38
7259.1;1;El Conquistador;final;1519.359;2666.616;79.359;1226.616;127.57
7260;1;El Conquistador;final;1220.492;1847.638;1220.492;407.638;294.248
7261;1;El Conquistador;final;1151.369;1862.638;1151.369;422.638;274.391
7261.1;1;El Conquistador;final;1409.068;2553.98;1409.068;1113.98;111.445
7262;1;El Conquistador;final;1281.393;1892.638;1281.393;452.638;257.002
7263;1;El Conquistador;final;1230.605;1937.604;1230.605;497.604;306.288
7263.1;1;El Conquistador;final;1536.118;2657.862;96.118;1217.862;133.26
7264;1;El Conquistador;final;783.205;1406.718;783.205;1406.718;285.517
7264.1;1;El Conquistador;final;1201.035;2130.069;1201.035;690.069;172.637
7265;1;El Conquistador;final;856.505;1436.718;856.505;1436.718;295.968
7265.1;1;El Conquistador;final;1346.579;2256.085;1346.579;816.085;177.383
7266;1;El Conquistador;final;1171.845;1736.718;1171.845;296.718;265.016
7266.1;1;El Conquistador;final;1312.969;2606.855;1312.969;1166.855;55.236
7267;1;El Conquistador;final;1250.579;1748.718;1250.579;308.718;295.45
7268;1;El Conquistador;final;1359.013;1760.718;1359.013;320.718;308.827
7268.1;1;El Conquistador;final;1495.397;2703.492;55.397;1263.492;103.775
7269;1;El Conquistador;final;1306.395;1772.718;1306.395;332.718;302.221
7269.1;1;El Conquistador;final;1469.784;2738.555;29.784;1298.555;72.633
7270;1;El Conquistador;final;509.733;1796.718;509.733;356.718;55.273
7271;1;El Conquistador;final;487.295;1807.968;487.295;367.968;44.031
7272;1;El Conquistador;final;1331.415;1819.218;1331.415;379.218;299.094
7272.1;1;El Conquistador;final;1573.229;2732.89;133.229;1292.89;134.093
7273;1;El Conquistador;final;1242.463;1830.468;1242.463;390.468;251.107
7274;1;El Conquistador;final;1230.093;1841.718;1230.093;401.718;232.83
7275;1;El Conquistador;final;1329.318;1852.968;1329.318;412.968;289.913
7276;1;El Conquistador;final;1177.375;1864.218;1177.375;424.218;225.294
7277;1;El Conquistador;final;1363.379;1875.468;1363.379;435.468;300.106
7277.1;1;El Conquistador;final;1396.745;2746.718;1396.745;1306.718;44.031
7278;1;El Conquistador;final;1396.584;1886.718;1396.584;446.718;300.706
7279;1;El Conquistador;intermedia;868.601;889.0;868.601;889.0;306.618
7279;2;El Conquistador;final;1042.097;1431.455;1042.097;1431.455;61.138
7279.1;1;El Conquistador;final;1213.755;2378.575;1213.755;938.575;94.004
7280;1;El Conquistador;final;1027.504;1461.455;1027.504;21.455;298.794
7280.1;1;El Conquistador;final;1219.812;2471.748;1219.812;1031.748;69.332
7281;1;El Conquistador;final;1225.595;1776.455;1225.595;336.455;259.237
7282;1;El Conquistador;final;1236.471;1791.455;1236.471;351.455;275.042
7283;1;El Conquistador;final;1371.118;1806.455;1371.118;366.455;309.366
7283.1;1;El Conquistador;final;1483.919;2787.616;43.919;1347.616;64.219
7284;1;El Conquistador;final;1401.985;1821.455;1401.985;381.455;312.208
7284.1;1;El Conquistador;final;1473.811;2807.398;33.811;1367.398;49.726
7285;1;El Conquistador;final;1262.234;1832.705;1262.234;392.705;261.139
7286;1;El Conquistador;final;1388.559;1843.955;1388.559;403.955;299.91
7287;1;El Conquistador;final;1200.346;1740.535;1200.346;300.535;238.577
7288;1;El Conquistador;final;1117.517;1752.535;1117.517;312.535;258.678
7288.1;1;El Conquistador;final;1453.613;2529.077;13.613;1089.077;142.756
7289;1;El Conquistador;final;1214.146;1764.535;1214.146;324.535;238.577
7290;1;El Conquistador;final;1133.727;1776.535;1133.727;336.535;248.547
7291;1;El Conquistador;final;1328.083;1788.535;1328.083;348.535;301.318
7291.1;1;El Conquistador;final;1372.292;2744.314;1372.292;1304.314;28.891
7292;1;El Conquistador;final;494.222;1815.535;494.222;375.535;40.416
7293;1;El Conquistador;final;509.222;1830.535;509.222;390.535;40.416
7294;1;El Conquistador;final;1123.219;1845.535;1123.219;405.535;276.32
7294.1;1;El Conquistador;final;1368.118;2522.638;1368.118;1082.638;144.216
7295;1;El Conquistador;final;1233.119;1860.535;1233.119;420.535;304.313
7295.1;1;El Conquistador;final;1373.786;2625.438;1373.786;1185.438;104.375
7296;1;El Conquistador;final;1292.779;1890.535;1292.779;450.535;286.107
7296.1;1;El Conquistador;final;1375.941;2597.881;1375.941;1157.881;93.458
7297;1;El Conquistador;final;996.99;1757.862;996.99;317.862;242.135
7297.1;1;El Conquistador;final;1271.44;2402.638;1271.44;962.638;141.622
7298;1;El Conquistador;final;1211.925;1777.862;1211.925;337.862;231.166
7299;1;El Conquistador;final;1308.497;1797.862;1308.497;357.862;262.402
7300;1;El Conquistador;final;1412.392;1817.862;1412.392;377.862;288.241
7301;1;El Conquistador;final;1429.068;1843.562;1429.068;403.562;304.497
7302;1;El Conquistador;final;1383.97;1894.962;1383.97;454.962;295.165
7302.1;1;El Conquistador;final;1581.296;2687.933;141.296;1247.933;153.434
7303;1;El Conquistador;final;1438.133;1907.862;1438.133;467.862;282.844
7304;1;El Conquistador;final;1147.068;1720.565;1147.068;280.565;254.917
7305;1;El Conquistador;final;1468.649;1740.565;28.649;300.565;277.23
7306;1;El Conquistador;final;1135.817;1798.565;1135.817;358.565;308.724
7306.1;1;El Conquistador;final;1482.418;2549.817;42.418;1109.817;158.873
7307;1;El Conquistador;final;1341.083;2140.565;1341.083;700.565;252.679
7308;1;El Conquistador;final;1317.884;1779.902;1317.884;339.902;295.796
7308.1;1;El Conquistador;final;1466.934;2735.089;26.934;1295.089;83.069
7309;1;El Conquistador;final;1310.597;1839.902;1310.597;399.902;309.245
7310;1;El Conquistador;final;1245.885;1749.902;1245.885;309.902;279.601
7311;1;El Conquistador;final;1095.8;1769.902;1095.8;329.902;266.185
7311.1;1;El Conquistador;final;1327.317;2519.902;1327.317;1079.902;126.069
7312;1;El Conquistador;final;1170.955;1809.902;1170.955;369.902;256.765
7313;1;El Conquistador;final;1212.193;1832.402;1212.193;392.402;312.555
7313.1;1;El Conquistador;final;1350.243;2619.817;1350.243;1179.817;90.257
7314;1;El Conquistador;final;1327.791;1839.902;1327.791;399.902;289.954
7314.1;1;El Conquistador;final;1542.659;2711.61;102.659;1271.61;120.274
7315;1;El Conquistador;final;1164.386;1704.095;1164.386;264.095;301.476
7315.1;1;El Conquistador;final;1360.682;2556.904;1360.682;1116.904;118.497
7316;1;El Conquistador;final;1127.417;1724.095;1127.417;284.095;303.186
7316.1;1;El Conquistador;final;1250.317;2541.902;1250.317;1101.902;74.416
7317;1;El Conquistador;final;960.326;1744.095;960.326;304.095;294.391
7317.1;1;El Conquistador;final;1534.651;2397.317;94.651;957.317;269.016
7318;1;El Conquistador;final;1152.576;1779.095;1152.576;339.095;298.049
7318.1;1;El Conquistador;final;1280.459;2569.438;1280.459;1129.438;53.73
7319;1;El Conquistador;final;1284.202;1786.595;1284.202;346.595;298.144
7319.1;1;El Conquistador;final;1518.552;2602.714;78.552;1162.714;160.654
7320;1;El Conquistador;final;1272.117;1801.595;1272.117;361.595;311.016
7320.1;1;El Conquistador;final;1376.454;2679.902;1376.454;1239.902;60.635
7321;1;El Conquistador;final;1298.579;1809.095;1298.579;369.095;299.088
7322;1;El Conquistador;final;1436.03;2260.228;1436.03;820.228;249.918
7323;1;El Conquistador;final;1469.9;2364.095;29.9;924.095;283.954
7324;1;El Conquistador;final;1439.068;2374.095;1439.068;934.095;188.47
7325;1;El Conquistador;final;1184.023;2414.095;1184.023;974.095;101.6
7326;1;El Conquistador;final;1381.15;2604.095;1381.15;1164.095;117.369
7327;1;El Conquistador;final;884.475;1421.608;884.475;1421.608;308.526
7327.1;1;El Conquistador;final;1474.126;2325.443;34.126;885.443;214.506
7328;1;El Conquistador;final;727.942;1451.608;727.942;11.608;278.219
7328.1;1;El Conquistador;final;1413.259;2163.284;1413.259;723.284;211.79
7329;1;El Conquistador;final;1355.835;1781.608;1355.835;341.608;274.112
7329.1;1;El Conquistador;final;1532.135;2749.91;92.135;1309.91;111.78
7330;1;El Conquistador;final;1249.083;1811.608;1249.083;371.608;266.618
7331;1;El Conquistador;final;1362.362;1743.284;1362.362;303.284;287.706
7331.1;1;El Conquistador;final;1487.652;2768.017;47.652;1328.017;79.308
7332;1;El Conquistador;final;1262.171;1758.284;1262.171;318.284;205.908
7333;1;El Conquistador;final;1411.947;1773.284;1411.947;333.284;312.318
7333.1;1;El Conquistador;final;1585.863;2729.499;145.863;1289.499;138.583
7334;1;El Conquistador;final;1284.703;1788.284;1284.703;348.284;314.123
7335;1;El Conquistador;final;1314.247;1803.284;1314.247;363.284;296.472
7336;1;El Conquistador;final;1324.521;1813.284;1324.521;373.284;293.652
7337;1;El Conquistador;final;1034.49;1823.284;1034.49;383.284;266.545
7337.1;1;El Conquistador;final;1203.119;2432.638;1203.119;992.638;99.492
7338;1;El Conquistador;final;1459.919;1833.284;19.919;393.284;259.524
7339;1;El Conquistador;final;1426.513;1843.284;1426.513;403.284;304.038
7340;1;El Conquistador;final;1265.509;1863.284;1265.509;423.284;221.638
7341;1;El Conquistador;final;1303.362;1873.284;1303.362;433.284;263.37
7342;1;El Conquistador;final;1408.812;1893.284;1408.812;453.284;306.092
7343;1;El Conquistador;final;1349.741;1904.534;1349.741;464.534;264.694
7344;1;El Conquistador;final;1230.059;1915.784;1230.059;475.784;224.645
7345;1;El Conquistador;final;1475.292;1938.284;35.292;498.284;300.61
7346;1;El Conquistador;final;1266.23;1754.314;1266.23;314.314;283.0
7346.1;1;El Conquistador;final;1400.697;2649.713;1400.697;1209.713;82.337
7347;1;El Conquistador;final;1287.495;1784.314;1287.495;344.314;279.087
7348;1;El Conquistador;final;1305.291;1814.314;1305.291;374.314;286.972
7348.1;1;El Conquistador;final;1492.425;2689.948;52.425;1249.948;102.99
7349;1;El Conquistador;final;1367.495;1829.314;1367.495;389.314;258.696
7350;1;El Conquistador;final;1110.741;1844.314;1110.741;404.314;279.693
7350.1;1;El Conquistador;final;1231.306;2505.535;1231.306;1065.535;61.832
7351;1;El Conquistador;final;1375.284;1859.314;1375.284;419.314;272.483
7352;1;El Conquistador;final;1581.406;1874.314;141.406;434.314;281.858
7353;1;El Conquistador;final;1506.546;1743.284;66.546;303.284;260.477
7354;1;El Conquistador;final;1274.579;1755.284;1274.579;315.284;301.002
7354.1;1;El Conquistador;final;1374.629;2659.218;1374.629;1219.218;74.465
7355;1;El Conquistador;final;1360.992;1767.284;1360.992;327.284;299.679
7356;1;El Conquistador;final;1428.462;1779.284;1428.462;339.284;267.192
7357;1;El Conquistador;final;513.849;1791.284;513.849;351.284;58.149
7358;1;El Conquistador;final;1346.772;1803.284;1346.772;363.284;306.417
7359;1;El Conquistador;final;1218.744;1811.451;1218.744;371.451;238.849
7360;1;El Conquistador;final;1274.783;1819.617;1274.783;379.617;155.268
7361;1;El Conquistador;final;1278.384;1827.784;1278.384;387.784;279.52
7361.1;1;El Conquistador;final;1377.013;2677.652;1377.013;1237.652;61.138
7362;1;El Conquistador;final;1322.334;1835.951;1322.334;395.951;261.4
7362.1;1;El Conquistador;final;1460.414;2719.834;20.414;1279.834;77.254
7363;1;El Conquistador;final;1417.413;1844.117;1417.413;404.117;297.527
7363.1;1;El Conquistador;final;1473.878;2735.233;33.878;1295.233;85.981
7364;1;El Conquistador;final;1439.959;1852.284;1439.959;412.284;304.148
7365;1;El Conquistador;final;510.533;1876.784;510.533;436.784;28.702
7366;1;El Conquistador;final;1351.406;1884.951;1351.406;444.951;262.251
7366.1;1;El Conquistador;final;1501.418;2755.413;61.418;1315.413;89.054
7367;1;El Conquistador;final;1390.484;1893.117;1390.484;453.117;293.051
7367.1;1;El Conquistador;final;1450.222;2786.3;10.222;1346.3;51.917
7368;1;El Conquistador;final;524.716;1893.284;524.716;453.284;28.702
7369;1;El Conquistador;final;1246.272;1920.284;1246.272;480.284;125.278
7370;1;El Conquistador;final;1475.85;1938.284;35.85;498.284;297.715
7370.1;1;El Conquistador;final;1545.225;2790.733;105.225;1350.733;90.535
7371;1;El Conquistador;final;497.45;1742.89;497.45;302.89;91.772
7372;1;El Conquistador;final;1378.73;1757.89;1378.73;317.89;314.911
7373;1;El Conquistador;final;1223.844;1772.89;1223.844;332.89;141.679
7374;1;El Conquistador;final;1084.49;1787.89;1084.49;347.89;260.149
7374.1;1;El Conquistador;final;1493.368;2492.638;53.368;1052.638;199.996
7375;1;El Conquistador;final;1242.947;1802.89;1242.947;362.89;278.477
7376;1;El Conquistador;final;1387.413;1817.89;1387.413;377.89;206.373
7377;1;El Conquistador;final;1317.975;1825.39;1317.975;385.39;241.678
7378;1;El Conquistador;final;1192.449;1832.89;1192.449;392.89;213.494
7379;1;El Conquistador;final;1232.546;1847.89;1232.546;407.89;215.125
7380;1;El Conquistador;final;1293.021;1855.39;1293.021;415.39;141.611
7381;1;El Conquistador;final;1285.858;1862.89;1285.858;422.89;127.819
7382;1;El Conquistador;final;1199.749;1892.89;1199.749;452.89;198.383
7383;1;El Conquistador;final;1386.099;1750.854;1386.099;310.854;313.424
7384;1;El Conquistador;final;1359.434;1780.854;1359.434;340.854;308.389
7385;1;El Conquistador;final;1324.847;1743.284;1324.847;303.284;293.72
7385.1;1;El Conquistador;final;1528.497;2650.233;88.497;1210.233;146.583
7386;1;El Conquistador;final;1373.842;1773.284;1373.842;333.284;295.662
7387;1;El Conquistador;final;1176.459;1788.284;1176.459;348.284;250.386
7388;1;El Conquistador;final;1398.362;1803.284;1398.362;363.284;290.277
7388.1;1;El Conquistador;final;1522.247;2792.734;82.247;1352.734;77.254
7389;1;El Conquistador;final;1407.021;1816.134;1407.021;376.134;308.53
7389.1;1;El Conquistador;final;1531.533;2740.152;91.533;1300.152;109.066
7390;1;El Conquistador;final;1364.272;1828.984;1364.272;388.984;307.95
7391;1;El Conquistador;final;1313.097;1841.834;1313.097;401.834;291.803
7391.1;1;El Conquistador;final;1388.134;2630.933;1388.134;1190.933;84.772
7392;1;El Conquistador;final;1188.301;1854.684;1188.301;414.684;212.115
7393;1;El Conquistador;final;1296.118;1893.234;1296.118;453.234;260.638
7394;1;El Conquistador;final;1190.542;1893.284;1190.542;453.284;223.906
7395;1;El Conquistador;final;1231.175;1938.284;1231.175;498.284;236.22
7396;1;El Conquistador;final;1397.455;1839.902;1397.455;399.902;295.116
7397;1;El Conquistador;final;1126.306;1793.972;1126.306;353.972;255.893
7397.1;1;El Conquistador;final;1481.669;2519.105;41.669;1079.105;160.345
7398;1;El Conquistador;final;1196.255;1823.972;1196.255;383.972;127.305
7399;1;El Conquistador;final;494.398;1853.972;494.398;413.972;34.409
7400;1;El Conquistador;final;1261.217;1913.972;1261.217;473.972;311.105
7400.1;1;El Conquistador;final;1306.725;2676.814;1306.725;1236.814;28.891
7401;1;El Conquistador;final;1211.034;1470.535;1211.034;30.535;298.658
7401.1;1;El Conquistador;final;1367.466;2616.152;1367.466;1176.152;70.108
7402;1;El Conquistador;final;1280.484;1750.535;1280.484;310.535;278.263
7402.1;1;El Conquistador;final;1445.882;2717.705;5.882;1277.705;75.432
7403;1;El Conquistador;final;1286.421;1760.535;1286.421;320.535;293.633
7403.1;1;El Conquistador;final;1479.021;2664.271;39.021;1224.271;125.489
7404;1;El Conquistador;final;1297.905;1780.535;1297.905;340.535;304.462
7404.1;1;El Conquistador;final;1397.129;2681.718;1397.129;1241.718;74.465
7405;1;El Conquistador;final;1349.901;1790.535;1349.901;350.535;294.649
7405.1;1;El Conquistador;final;1472.418;2753.286;32.418;1313.286;73.038
7406;1;El Conquistador;final;1533.229;1800.535;93.229;360.535;256.355
7407;1;El Conquistador;final;1203.141;1808.035;1203.141;368.035;234.482
7408;1;El Conquistador;final;1266.216;1815.535;1266.216;375.535;238.496
7409;1;El Conquistador;final;1338.021;1823.035;1338.021;383.035;169.95
7410;1;El Conquistador;final;1269.858;1830.535;1269.858;390.535;151.225
7411;1;El Conquistador;final;1355.402;1838.035;1355.402;398.035;173.414
7412;1;El Conquistador;final;1379.31;1845.535;1379.31;405.535;282.879
7412.1;1;El Conquistador;final;1557.944;2719.223;117.944;1279.223;142.708
7413;1;El Conquistador;final;491.349;1853.035;491.349;413.035;31.932
7414;1;El Conquistador;final;1509.559;1860.535;69.559;420.535;236.627
7415;1;El Conquistador;final;506.349;1868.035;506.349;428.035;31.932
7416;1;El Conquistador;final;1268.516;1753.267;1268.516;313.267;256.085
7417;1;El Conquistador;final;1343.083;1763.267;1343.083;323.267;295.517
7418;1;El Conquistador;final;1417.196;1773.267;1417.196;333.267;314.741
7419;1;El Conquistador;final;1340.092;1783.267;1340.092;343.267;275.217
7419.1;1;El Conquistador;final;1558.487;2733.284;118.487;1293.284;130.422
7420;1;El Conquistador;final;1561.901;1800.521;121.901;360.521;284.701
7421;1;El Conquistador;final;1484.285;1815.521;44.285;375.521;258.986
7422;1;El Conquistador;final;1488.171;1830.521;48.171;390.521;238.581
7423;1;El Conquistador;final;490.016;1860.521;490.016;420.521;27.733
7424;1;El Conquistador;final;1484.53;1890.521;44.53;450.521;310.386
7424.1;1;El Conquistador;final;1548.646;2815.166;108.646;1375.166;82.87
7425;1;El Conquistador;final;1328.812;1908.521;1328.812;468.521;276.63
7426;1;El Conquistador;final;1261.976;1735.656;1261.976;295.656;307.512
7426.1;1;El Conquistador;final;1295.951;2579.939;1295.951;1139.939;65.37
7427;1;El Conquistador;final;1451.178;1747.656;11.178;307.656;208.859
7428;1;El Conquistador;final;1276.44;1771.656;1276.44;331.656;297.846
7429;1;El Conquistador;final;1364.624;1795.656;1364.624;355.656;301.705
7429.1;1;El Conquistador;final;1442.034;2785.366;2.034;1345.366;38.742
7430;1;El Conquistador;final;1273.869;1803.822;1273.869;363.822;271.548
7431;1;El Conquistador;final;1368.065;1811.989;1368.065;371.989;293.886
7432;1;El Conquistador;final;1319.467;1820.156;1319.467;380.156;287.681
7432.1;1;El Conquistador;final;1450.062;2741.748;10.062;1301.748;69.332
7433;1;El Conquistador;final;1297.178;1828.322;1297.178;388.322;265.578
7434;1;El Conquistador;final;1338.924;1836.489;1338.924;396.489;298.491
7434.1;1;El Conquistador;final;1418.219;2761.79;1418.219;1321.79;45.601
7435;1;El Conquistador;final;500.731;1844.656;500.731;404.656;38.155
7436;1;El Conquistador;final;1283.279;1860.989;1283.279;420.989;263.374
7436.1;1;El Conquistador;final;1421.864;2681.284;1421.864;1241.284;77.254
7437;1;El Conquistador;final;1356.101;1885.489;1356.101;445.489;283.281
7438;1;El Conquistador;final;1372.793;1885.656;1372.793;445.656;288.514
7439;1;El Conquistador;final;1213.869;1908.156;1213.869;468.156;225.313
7440;1;El Conquistador;final;1261.684;1755.366;1261.684;315.366;306.447
7441;1;El Conquistador;final;1314.401;1785.366;1314.401;345.366;308.354
7441.1;1;El Conquistador;final;1451.543;2734.116;11.543;1294.116;66.965
7442;1;El Conquistador;final;1290.426;1815.502;1290.426;375.502;282.269
7443;1;El Conquistador;final;1177.349;1824.502;1177.349;384.502;246.266
7444;1;El Conquistador;final;1281.701;1833.502;1281.701;393.502;271.17
7444.1;1;El Conquistador;final;1553.626;2700.366;113.626;1260.366;127.57
7445;1;El Conquistador;final;1247.202;1842.502;1247.202;402.502;244.124
7446;1;El Conquistador;final;1363.869;1860.502;1363.869;420.502;280.927
7447;1;El Conquistador;final;1383.744;1896.502;1383.744;456.502;276.138
7448;1;El Conquistador;final;1350.118;1905.366;1350.118;465.366;211.29
7449;1;El Conquistador;final;1271.749;1742.89;1271.749;302.89;270.921
7450;1;El Conquistador;final;1396.292;1757.89;1396.292;317.89;300.174
7451;1;El Conquistador;final;1341.682;1787.89;1341.682;347.89;291.441
7452;1;El Conquistador;final;1382.425;1802.89;1382.425;362.89;303.853
7452.1;1;El Conquistador;final;1521.296;2766.61;81.296;1326.61;91.057
7453;1;El Conquistador;final;1390.247;1822.89;1390.247;382.89;277.203
7454;1;El Conquistador;final;1284.225;1832.89;1284.225;392.89;235.625
7455;1;El Conquistador;final;1351.422;1872.89;1351.422;432.89;252.816
7456;1;El Conquistador;final;1253.849;1882.89;1253.849;442.89;220.837
7457;1;El Conquistador;final;1372.196;1892.89;1372.196;452.89;272.533
7458;1;El Conquistador;final;1137.861;1479.8;1137.861;39.8;308.155
7458.1;1;El Conquistador;final;1463.989;2535.016;23.989;1095.016;140.671
7459;1;El Conquistador;final;1212.849;1749.8;1212.849;309.8;290.502
7459.1;1;El Conquistador;final;1587.071;2589.293;147.071;1149.293;181.457
7460;1;El Conquistador;final;1198.447;1800.132;1198.447;360.132;306.622
7460.1;1;El Conquistador;final;1261.635;2608.569;1261.635;1168.569;40.563
