jornada_id;orden;terminal;tipo;t_ini;t_fin;t_ini_mod24;t_fin_mod24;kwh_consumidos_desde_ventana_anterior
1;1;El Conquistador;final;1351.818;1768.357;1351.818;328.357;292.378
1.1;1;El Conquistador;final;1499.784;2781.455;59.784;1341.455;72.633
2;1;El Conquistador;final;1210.255;1783.357;1210.255;343.357;260.549
3;1;El Conquistador;final;1396.443;1798.357;1396.443;358.357;302.623
3.1;1;El Conquistador;final;1490.959;2788.357;50.959;1348.357;67.309
4;1;El Conquistador;final;1346.153;1809.607;1346.153;369.607;283.468
4.1;1;El Conquistador;final;1462.418;2744.719;22.418;1304.719;73.038
5;1;El Conquistador;final;1160.675;1727.43;1160.675;287.43;244.179
6;1;El Conquistador;final;1340.568;1735.997;1340.568;295.997;307.023
6.1;1;El Conquistador;final;1511.749;2771.455;71.749;1331.455;85.935
7;1;El Conquistador;final;1355.942;1744.564;1355.942;304.564;313.263
8;1;El Conquistador;final;472.126;1753.13;472.126;313.13;64.994
9;1;El Conquistador;final;1400.942;1761.697;1400.942;321.697;313.263
9.1;1;El Conquistador;final;1466.743;2768.83;26.743;1328.83;64.994
10;1;El Conquistador;final;1350.202;1778.83;1350.202;338.83;295.041
10.1;1;El Conquistador;final;1444.519;2766.731;4.519;1326.731;62.78
11;1;El Conquistador;final;1244.675;1787.43;1244.675;347.43;244.179
12;1;El Conquistador;final;1256.675;1798.68;1256.675;358.68;244.179
13;1;El Conquistador;final;1363.068;1821.18;1363.068;381.18;279.195
13.1;1;El Conquistador;final;1535.276;2796.455;95.276;1356.455;83.51
14;1;Los Espinos;final;753.46;1407.287;753.46;1407.287;305.604
14.1;1;Los Espinos;final;1545.055;2120.708;105.055;680.708;300.529
15;1;Los Espinos;final;868.586;1437.287;868.586;1437.287;313.924
15.1;1;Los Espinos;final;1363.394;2252.692;1363.394;812.692;188.177
16;1;Los Espinos;final;1271.613;1767.287;1271.613;327.287;296.207
16.1;1;Los Espinos;final;1481.345;2618.554;41.345;1178.554;136.901
17;1;Los Espinos;final;1314.257;1797.287;1314.257;357.287;299.378
18;1;Los Espinos;final;1300.022;1812.287;1300.022;372.287;266.36
19;1;Los Espinos;final;1358.204;1827.287;1358.204;387.287;269.112
19.1;1;Los Espinos;final;1536.238;2744.829;96.238;1304.829;105.096
20;1;Los Espinos;final;1382.791;1842.287;1382.791;402.287;306.073
20.1;1;Los Espinos;final;1535.832;2756.17;95.832;1316.17;101.921
21;1;Los Espinos;final;843.572;1387.363;843.572;1387.363;310.732
21.1;1;Los Espinos;final;1539.817;2237.794;99.817;797.794;265.976
22;1;Los Espinos;final;793.952;1417.363;793.952;1417.363;289.391
22.1;1;Los Espinos;final;1398.651;2155.359;1398.651;715.359;208.81
23;1;Los Espinos;final;1276.022;1717.363;1276.022;277.363;313.146
23.1;1;Los Espinos;final;1421.345;2667.079;1421.345;1227.079;88.862
24;1;Los Espinos;final;1244.117;1727.363;1244.117;287.363;310.51
24.1;1;Los Espinos;final;1378.18;2626.287;1378.18;1186.287;75.176
25;1;Los Espinos;final;1202.639;1737.363;1202.639;297.363;259.291
26;1;Los Espinos;final;1270.784;1747.363;1270.784;307.363;307.219
27;1;Los Espinos;final;1237.599;1757.363;1237.599;317.363;278.961
27.1;1;Los Espinos;final;1388.552;2613.763;1388.552;1173.763;80.693
28;1;Los Espinos;final;1327.375;1767.363;1327.375;327.363;302.061
28.1;1;Los Espinos;final;1476.758;2699.404;36.758;1259.404;90.082
29;1;Los Espinos;final;1326.651;1777.363;1326.651;337.363;311.576
29.1;1;Los Espinos;final;1457.38;2720.287;17.38;1280.287;75.176
30;1;Los Espinos;final;1280.289;1792.363;1280.289;352.363;287.174
30.1;1;Los Espinos;final;1382.432;2656.294;1382.432;1216.294;73.959
31;1;Los Espinos;final;1436.577;1807.363;1436.577;367.363;313.408
32;1;Los Espinos;final;1272.47;1837.363;1272.47;397.363;260.842
33;1;Los Espinos;final;1374.38;1852.363;1374.38;412.363;284.628
34;1;La Reina;final;711.981;1408.384;711.981;1408.384;313.175
34.1;1;La Reina;final;1523.115;2157.693;83.115;717.693;260.184
35;1;La Reina;final;693.265;1438.384;693.265;1438.384;272.051
35.1;1;La Reina;final;1379.681;2131.977;1379.681;691.977;234.342
36;1;La Reina;final;1004.893;1468.384;1004.893;28.384;308.14
36.1;1;La Reina;final;1378.893;2416.654;1378.893;976.654;139.521
37;1;La Reina;final;1357.538;1778.384;1357.538;338.384;314.464
38;1;La Reina;final;1315.015;1798.384;1315.015;358.384;281.391
39;1;La Reina;final;1388.215;1808.384;1388.215;368.384;285.685
40;1;La Reina;final;1403.838;1818.384;1403.838;378.384;290.11
41;1;La Reina;final;1372.831;1828.384;1372.831;388.384;289.436
41.1;1;La Reina;final;1481.633;2762.043;41.633;1322.043;81.23
42;1;La Reina;final;1454.581;1908.384;14.581;468.384;285.954
43;1;La Reina;final;1195.548;2448.384;1195.548;1008.384;57.72
44;1;La Reina;final;1215.548;2468.384;1215.548;1028.384;57.72
45;1;La Reina;final;1370.0;2488.384;1370.0;1048.384;112.246
46;1;La Reina;final;1378.566;2498.384;1378.566;1058.384;112.246
47;1;La Reina;final;1255.548;2508.384;1255.548;1068.384;57.72
48;1;La Reina;final;1130.738;1407.777;1130.738;1407.777;280.297
48.1;1;La Reina;final;1270.722;2564.658;1270.722;1124.658;52.14
49;1;La Reina;final;1214.812;1437.777;1214.812;1437.777;298.885
49.1;1;La Reina;final;1377.648;2638.04;1377.648;1198.04;78.733
50;1;La Reina;final;1017.655;1467.777;1017.655;27.777;305.801
50.1;1;La Reina;final;1239.705;2457.798;1239.705;1017.798;57.233
51;1;La Reina;final;1211.465;1747.777;1211.465;307.777;267.615
51.1;1;La Reina;final;1548.276;2594.877;108.276;1154.877;178.338
52;1;La Reina;final;1390.405;1757.777;1390.405;317.777;306.574
52.1;1;La Reina;final;1502.322;2830.658;62.322;1390.658;52.14
53;1;La Reina;final;1265.165;1767.777;1265.165;327.777;287.367
54;1;La Reina;final;1332.648;1777.777;1332.648;337.777;311.014
54.1;1;La Reina;final;1477.243;2703.586;37.243;1263.586;99.736
55;1;La Reina;final;1277.465;1787.777;1277.465;347.777;270.685
55.1;1;La Reina;final;1397.3;2663.477;1397.3;1223.477;81.23
56;1;La Reina;final;1202.143;1797.777;1202.143;357.777;232.337
57;1;La Reina;final;1345.66;1842.777;1345.66;402.777;263.128
58;1;La Reina;final;1241.465;1851.777;1241.465;411.777;238.65
59;1;La Reina;final;1394.457;1860.777;1394.457;420.777;285.42
60;1;La Reina;final;1423.879;1878.777;1423.879;438.777;290.053
60.1;1;La Reina;final;1513.819;2846.657;73.819;1406.657;48.341
61;1;La Reina;final;1179.922;1907.777;1179.922;467.777;197.461
62;1;La Reina;final;756.317;1410.983;756.317;1410.983;267.044
62.1;1;La Reina;final;1484.371;2184.983;44.371;744.983;239.605
63;1;La Reina;final;726.317;1430.983;726.317;1430.983;312.038
63.1;1;La Reina;final;1513.333;2154.983;73.333;714.983;255.688
64;1;La Reina;final;792.317;1450.983;792.317;10.983;267.044
64.1;1;La Reina;final;1376.5;2220.983;1376.5;780.983;194.998
65;1;La Reina;final;1181.167;1764.983;1181.167;324.983;255.688
66;1;La Reina;final;1231.767;1800.983;1231.767;360.983;256.071
67;1;La Reina;final;1259.367;1812.983;1259.367;372.983;256.071
68;1;La Reina;final;1277.767;1824.983;1277.767;384.983;256.071
69;1;La Reina;final;1367.633;1890.983;1367.633;450.983;267.044
69.1;1;La Reina;final;1487.633;2765.25;47.633;1325.25;73.617
70;1;La Reina;final;1387.633;1908.983;1387.633;468.983;267.044
70.1;1;La Reina;final;1504.767;2782.383;64.767;1342.383;73.617
71;1;La Reina;final;1222.567;2456.183;1222.567;1016.183;73.617
72;1;La Reina;final;997.01;1372.927;997.01;1372.927;312.029
72.1;1;La Reina;final;1491.938;2407.355;51.938;967.355;204.434
73;1;La Reina;final;840.317;1402.927;840.317;1402.927;314.223
73.1;1;La Reina;final;1424.5;2268.283;1424.5;828.283;194.998
74;1;La Reina;final;905.617;1432.927;905.617;1432.927;314.223
74.1;1;La Reina;final;1337.633;2325.95;1337.633;885.95;145.663
75;1;La Reina;final;1007.655;1548.627;1007.655;108.627;275.512
75.1;1;La Reina;final;1476.22;2453.848;36.22;1013.848;165.391
76;1;La Reina;final;1138.377;1606.477;1138.377;166.477;287.584
76.1;1;La Reina;final;1306.027;2539.438;1306.027;1099.438;72.176
77;1;La Reina;final;1239.917;1664.327;1239.917;224.327;313.84
77.1;1;La Reina;final;1539.033;2635.983;99.033;1195.983;134.308
78;1;La Reina;final;1282.367;1702.927;1282.367;262.927;302.867
79;1;La Reina;final;1273.85;1708.927;1273.85;268.927;302.867
80;1;La Reina;final;1334.15;1714.927;1334.15;274.927;314.223
80.1;1;La Reina;final;1487.25;2724.983;47.25;1284.983;84.973
81;1;La Reina;final;1327.633;1720.927;1327.633;280.927;314.223
81.1;1;La Reina;final;1454.5;2718.983;14.5;1278.983;73.617
82;1;La Reina;final;1293.85;1726.927;1293.85;286.927;302.867
83;1;La Reina;final;1303.85;1738.927;1303.85;298.927;302.867
84;1;La Reina;final;1357.633;1744.927;1357.633;304.927;314.223
84.1;1;La Reina;final;1500.583;2748.117;60.583;1308.117;84.973
85;1;La Reina;final;1347.633;1750.927;1347.633;310.927;314.223
85.1;1;La Reina;final;1461.933;2739.55;21.933;1299.55;73.617
86;1;La Reina;final;1293.17;1756.927;1293.17;316.927;296.227
87;1;La Reina;final;1363.85;1762.927;1363.85;322.927;302.485
88;1;La Reina;final;914.767;1767.427;914.767;327.427;181.104
89;1;La Reina;final;1373.85;1776.427;1373.85;336.427;302.485
90;1;La Reina;final;1383.85;1780.927;1383.85;340.927;302.485
91;1;La Reina;final;1171.967;1789.927;1171.967;349.927;241.794
92;1;La Reina;final;1407.25;1794.427;1407.25;354.427;313.84
92.1;1;La Reina;final;1521.9;2799.517;81.9;1359.517;73.617
93;1;La Reina;final;1284.069;1803.427;1284.069;363.427;267.163
94;1;La Reina;final;1190.367;1812.427;1190.367;372.427;241.794
95;1;La Reina;final;1186.1;1816.927;1186.1;376.927;229.584
96;1;La Reina;final;1199.567;1825.927;1199.567;385.927;241.794
97;1;La Reina;final;1394.5;1830.427;1394.5;390.427;302.485
98;1;La Reina;final;1400.5;1834.927;1400.5;394.927;302.485
99;1;La Reina;final;1412.5;1839.427;1412.5;399.427;302.485
100;1;La Reina;final;1240.967;1843.927;1240.967;403.927;241.794
101;1;La Reina;final;1257.436;1848.427;1257.436;408.427;297.794
101.1;1;La Reina;final;1388.5;2652.983;1388.5;1212.983;73.617
102;1;La Reina;final;1382.5;1852.927;1382.5;412.927;302.485
103;1;La Reina;final;1369.06;1858.927;1369.06;418.927;279.754
104;1;El Conquistador;final;1099.282;1469.779;1099.282;29.779;308.097
104.1;1;El Conquistador;final;1192.449;2498.89;1192.449;1058.89;48.281
105;1;El Conquistador;final;1356.048;1746.446;1356.048;306.446;298.374
105.1;1;El Conquistador;final;1534.715;2777.039;94.715;1337.039;76.911
106;1;El Conquistador;final;1260.767;1759.779;1260.767;319.779;306.21
107;1;El Conquistador;final;1351.389;1766.446;1351.389;326.446;302.738
107.1;1;El Conquistador;final;1443.551;2704.019;3.551;1264.019;75.674
108;1;El Conquistador;final;1392.151;1773.112;1392.151;333.112;304.772
109;1;El Conquistador;final;1352.667;1779.779;1352.667;339.779;304.543
110;1;El Conquistador;final;1359.389;1793.112;1359.389;353.112;302.738
110.1;1;El Conquistador;final;1550.751;2704.069;110.751;1264.069;126.837
111;1;El Conquistador;final;1383.067;1799.779;1383.067;359.779;307.386
111.1;1;El Conquistador;final;1485.217;2769.779;45.217;1329.779;77.04
112;1;El Conquistador;final;1253.849;1806.696;1253.849;366.696;242.782
113;1;El Conquistador;final;1441.551;1820.529;1.551;380.529;307.614
114;1;El Conquistador;final;1403.001;1827.446;1403.001;387.446;305.099
114.1;1;El Conquistador;final;1520.751;2789.779;80.751;1349.779;76.485
115;1;El Conquistador;final;1396.048;1834.362;1396.048;394.362;288.633
116;1;El Conquistador;final;1353.601;1841.279;1353.601;401.279;281.919
117;1;El Conquistador;final;1428.701;1882.779;1428.701;442.779;281.919
117.1;1;El Conquistador;final;1537.206;2815.446;97.206;1375.446;74.68
118;1;El Conquistador;final;1294.417;1889.696;1294.417;449.696;230.201
119;1;El Conquistador;final;1413.067;1889.779;1413.067;449.779;281.363
120;1;El Conquistador;final;1180.189;1444.069;1180.189;4.069;297.429
120.1;1;El Conquistador;final;1262.171;2603.878;1262.171;1163.878;53.529
121;1;El Conquistador;final;1265.084;1720.735;1265.084;280.735;278.266
121.1;1;El Conquistador;final;1398.067;2654.779;1398.067;1214.779;76.485
122;1;El Conquistador;final;1269.717;1727.402;1269.717;287.402;280.553
123;1;El Conquistador;final;1292.667;1734.069;1292.667;294.069;303.733
124;1;El Conquistador;final;1302.667;1740.735;1302.667;300.735;280.553
124.1;1;El Conquistador;final;1525.001;2691.179;85.001;1251.179;127.615
125;1;El Conquistador;final;1286.417;1747.402;1286.417;307.402;281.108
126;1;El Conquistador;final;1332.767;1754.069;1332.767;314.069;304.288
126.1;1;El Conquistador;final;1517.517;2729.779;77.517;1289.779;102.18
127;1;El Conquistador;final;1206.267;1760.735;1206.267;320.735;255.413
128;1;El Conquistador;final;1355.917;1767.402;1355.917;327.402;306.575
129;1;El Conquistador;final;1319.917;1774.069;1319.917;334.069;304.844
129.1;1;El Conquistador;final;1517.582;2714.779;77.582;1274.779;92.94
130;1;El Conquistador;final;1331.917;1780.985;1331.917;340.985;304.844
131;1;El Conquistador;final;1350.417;1787.902;1350.417;347.902;304.288
132;1;El Conquistador;final;1407.117;1794.819;1407.117;354.819;303.733
132.1;1;El Conquistador;final;1520.072;2798.312;80.072;1358.312;74.68
133;1;El Conquistador;final;1404.572;1864.069;1404.572;424.069;301.927
133.1;1;El Conquistador;final;1483.251;2755.469;43.251;1315.469;75.674
134;1;El Conquistador;final;1428.713;1891.735;1428.713;451.735;285.776
134.1;1;El Conquistador;final;1551.597;2814.129;111.597;1374.129;82.337
135;1;Santa Rosa;final;1413.836;1745.714;1413.836;305.714;263.043
136;1;Santa Rosa;final;1313.003;1757.714;1313.003;317.714;214.897
137;1;Santa Rosa;final;1259.82;1769.714;1259.82;329.714;186.862
138;1;Santa Rosa;final;1380.086;1781.714;1380.086;341.714;235.008
139;1;Santa Rosa;final;1424.553;1793.714;1424.553;353.714;255.231
140;1;Santa Rosa;final;1252.569;1805.714;1252.569;365.714;267.641
141;1;Santa Rosa;final;1358.003;1873.214;1358.003;433.214;186.862
142;1;Los Espinos;final;1236.096;1722.332;1236.096;282.332;288.536
142.1;1;Los Espinos;final;1458.963;2609.63;18.963;1169.63;124.083
143;1;Los Espinos;final;1279.696;1742.332;1279.696;302.332;296.13
144;1;Los Espinos;final;1285.413;1752.332;1285.413;312.332;303.072
144.1;1;Los Espinos;final;1540.308;2663.63;100.308;1223.63;137.52
145;1;Los Espinos;final;1287.742;1762.332;1287.742;322.332;301.647
146;1;Los Espinos;final;1291.813;1772.332;1291.813;332.332;288.515
147;1;Los Espinos;final;1327.742;1779.832;1327.742;339.832;301.952
148;1;Los Espinos;final;1313.242;1787.332;1313.242;347.332;301.952
149;1;Los Espinos;final;1287.275;1794.832;1287.275;354.832;294.684
150;1;Los Espinos;final;1265.413;1802.332;1265.413;362.332;281.248
151;1;Los Espinos;final;1328.042;1809.832;1328.042;369.832;294.684
151.1;1;Los Espinos;final;1510.363;2666.332;70.363;1226.332;130.104
152;1;Los Espinos;final;1325.413;1817.332;1325.413;377.332;288.841
152.1;1;Los Espinos;final;1561.763;2708.63;121.763;1268.63;131.351
153;1;Los Espinos;final;1313.942;1824.832;1313.942;384.832;287.011
154;1;Los Espinos;final;1398.875;1854.832;1398.875;414.832;302.278
154.1;1;Los Espinos;final;1501.546;2736.598;61.546;1296.598;95.065
155;1;Los Espinos;final;1337.242;1898.332;1337.242;458.332;266.608
156;1;Los Espinos;final;1203.158;1733.63;1203.158;293.63;288.358
157;1;Los Espinos;final;1253.442;1748.63;1253.442;308.63;307.648
157.1;1;Los Espinos;final;1530.868;2685.508;90.868;1245.508;123.072
158;1;Los Espinos;final;1235.558;1763.63;1235.558;323.63;287.953
158.1;1;Los Espinos;final;1467.575;2572.332;27.575;1132.332;143.946
159;1;Los Espinos;final;1312.396;1778.63;1312.396;338.63;289.378
160;1;Los Espinos;final;1254.946;1793.63;1254.946;353.63;266.923
160.1;1;Los Espinos;final;1396.525;2633.63;1396.525;1193.63;87.619
161;1;Los Espinos;final;626.942;1801.797;626.942;361.797;94.887
162;1;Los Espinos;final;1323.296;1809.964;1323.296;369.964;281.784
163;1;Los Espinos;final;1338.554;1818.13;1338.554;378.13;302.692
163.1;1;Los Espinos;final;1541.165;2674.598;101.165;1234.598;144.967
164;1;Los Espinos;final;1289.03;1826.297;1289.03;386.297;274.516
164.1;1;Los Espinos;final;1426.525;2663.63;1426.525;1223.63;87.619
165;1;Los Espinos;final;1302.363;1834.464;1302.363;394.464;281.784
165.1;1;Los Espinos;final;1441.525;2678.63;1.525;1238.63;87.619
166;1;Los Espinos;final;1257.896;1842.63;1257.896;402.63;246.745
166.1;1;Los Espinos;final;1412.626;2631.604;1412.626;1191.604;101.105
167;1;Los Espinos;final;1275.413;1850.797;1275.413;410.797;266.923
168;1;Los Espinos;final;1400.042;1858.964;1400.042;418.964;295.626
168.1;1;Los Espinos;final;1476.096;2736.598;36.096;1296.598;87.471
169;1;Los Espinos;final;1421.242;1875.297;1421.242;435.297;295.626
169.1;1;Los Espinos;final;1493.23;2753.732;53.23;1313.732;87.471
170;1;Los Espinos;final;1243.158;1883.464;1243.158;443.464;238.052
171;1;Los Espinos;final;1380.608;1883.63;1380.608;443.63;287.953
172;1;La Reina;final;700.731;1401.614;700.731;1401.614;292.841
172.1;1;La Reina;final;1509.645;2140.543;69.645;700.543;289.451
173;1;La Reina;final;924.348;1431.614;924.348;1431.614;273.416
173.1;1;La Reina;final;1261.181;2351.577;1261.181;911.577;102.783
174;1;La Reina;intermedia;863.605;913.0;863.605;913.0;306.082
174;2;La Reina;final;1246.412;1461.614;1246.412;21.614;97.669
175;1;La Reina;final;918.533;1484.097;918.533;44.097;287.848
175.1;1;La Reina;final;1266.766;2336.214;1266.766;896.214;135.691
176;1;La Reina;final;1187.465;1746.614;1187.465;306.614;261.062
176.1;1;La Reina;final;1465.063;2577.743;25.063;1137.743;136.255
177;1;La Reina;final;1293.248;1754.114;1293.248;314.114;301.975
177.1;1;La Reina;final;1456.762;2650.086;16.762;1210.086;106.356
178;1;La Reina;final;1189.922;1761.614;1189.922;321.614;263.916
179;1;La Reina;final;1205.363;1769.114;1205.363;329.114;244.753
179.1;1;La Reina;final;1476.288;2631.814;36.288;1191.814;111.143
180;1;La Reina;final;1271.612;1784.114;1271.612;344.114;285.496
181;1;La Reina;final;1303.968;1833.614;1303.968;393.614;272.241
182;1;La Reina;final;1186.054;1845.614;1186.054;405.614;217.246
183;1;La Reina;final;1424.212;1851.614;1424.212;411.614;304.675
184;1;La Reina;final;536.729;1407.777;536.729;1407.777;264.64
184.1;1;La Reina;final;1383.838;1965.898;1383.838;525.898;249.221
184.2;1;La Reina;final;1599.779;2816.314;159.779;1376.314;102.874
185;1;La Reina;final;605.631;1437.777;605.631;1437.777;281.851
185.1;1;La Reina;final;1296.196;2003.477;1296.196;563.477;240.074
185.2;1;La Reina;final;1523.562;2723.898;83.562;1283.898;102.874
186;1;La Reina;intermedia;660.955;679.0;660.955;679.0;257.237
186;2;La Reina;final;952.195;1467.777;952.195;27.777;102.874
186.1;1;La Reina;final;1358.245;2197.645;1358.245;757.645;201.116
187;1;La Reina;intermedia;937.455;960.0;937.455;960.0;239.509
187;2;La Reina;final;1373.619;1613.143;1373.619;173.143;140.599
188;1;La Reina;final;1134.715;1654.677;1134.715;214.677;282.68
188.1;1;La Reina;final;1241.165;2517.777;1241.165;1077.777;61.265
189;1;La Reina;final;1284.063;1737.777;1284.063;297.777;272.146
189.1;1;La Reina;final;1543.519;2711.048;103.519;1271.048;118.344
190;1;La Reina;final;1155.1;1742.06;1155.1;302.06;288.869
190.1;1;La Reina;final;1285.448;2528.747;1285.448;1088.747;81.165
191;1;La Reina;final;1241.965;1746.343;1241.965;306.343;282.68
191.1;1;La Reina;final;1349.165;2625.777;1349.165;1185.777;61.265
192;1;La Reina;final;1316.196;1750.627;1316.196;310.627;292.443
192.1;1;La Reina;final;1549.262;2749.598;109.262;1309.598;102.874
193;1;La Reina;final;1277.165;1754.91;1277.165;314.91;285.206
193.1;1;La Reina;final;1513.917;2663.477;73.917;1223.477;121.547
194;1;La Reina;final;1345.405;1759.193;1345.405;319.193;290.725
195;1;La Reina;final;1217.465;1763.477;1217.465;323.477;282.16
195.1;1;La Reina;final;1325.165;2601.777;1325.165;1161.777;61.265
196;1;La Reina;final;1296.465;1767.76;1296.465;327.76;310.421
196.1;1;La Reina;final;1338.471;2682.777;1338.471;1242.777;43.274
197;1;La Reina;final;1282.165;1772.043;1282.165;332.043;296.194
198;1;La Reina;final;1272.916;1776.327;1272.916;336.327;294.028
198.1;1;La Reina;final;1449.645;2655.353;9.645;1215.353;106.986
199;1;La Reina;final;1269.243;1780.61;1269.243;340.61;311.392
199.1;1;La Reina;final;1496.571;2620.207;56.571;1180.207;132.455
200;1;La Reina;final;1169.385;1784.893;1169.385;344.893;269.222
201;1;La Reina;final;1363.465;1789.177;1363.465;349.177;311.914
201.1;1;La Reina;final;1556.167;2747.777;116.167;1307.777;110.192
202;1;La Reina;final;1259.465;1797.743;1259.465;357.743;281.851
203;1;La Reina;final;1355.805;1797.777;1355.805;357.777;259.394
204;1;La Reina;final;1399.465;1809.01;1399.465;369.01;299.631
205;1;La Reina;final;1368.348;1825.86;1368.348;385.86;287.925
205.1;1;La Reina;final;1505.381;2751.777;65.381;1311.777;85.173
206;1;La Reina;final;1217.905;1853.943;1217.905;413.943;202.019
207;1;La Reina;final;1401.776;1876.41;1401.776;436.41;273.355
208;1;La Reina;final;1459.312;1887.777;19.312;447.777;305.036
209;1;La Reina;final;1206.054;1902.777;1206.054;462.777;219.76
210;1;La Reina;final;1293.471;1917.777;1293.471;477.777;245.737
211;1;La Reina;final;1260.1;2491.11;1260.1;1051.11;81.23
212;1;La Reina;final;1273.433;2504.443;1273.433;1064.443;81.23
213;1;El Conquistador;final;1244.312;1793.132;1244.312;353.132;292.223
214;1;El Conquistador;final;1439.784;1805.982;1439.784;365.982;186.995
215;1;El Conquistador;final;1401.522;1818.832;1401.522;378.832;170.609
216;1;El Conquistador;final;1396.818;1831.682;1396.818;391.682;304.677
216.1;1;El Conquistador;final;1484.739;2831.455;44.739;1391.455;43.503
217;1;El Conquistador;final;474.318;1821.455;474.318;381.455;33.295
218;1;El Conquistador;final;1247.412;1848.455;1247.412;408.455;234.751
219;1;El Conquistador;final;1483.876;1857.455;43.876;417.455;181.772
220;1;Los Espinos;final;818.342;1442.332;818.342;2.332;310.582
220.1;1;Los Espinos;final;1336.039;2209.161;1336.039;769.161;157.91
221;1;Los Espinos;final;1011.046;1658.332;1011.046;218.332;273.349
221.1;1;Los Espinos;final;1586.625;2403.63;146.625;963.63;237.726
222;1;Los Espinos;final;1332.4;1719.832;1332.4;279.832;310.75
222.1;1;Los Espinos;final;1487.626;2706.604;47.626;1266.604;101.105
223;1;Los Espinos;final;1321.5;1727.332;1321.5;287.332;310.75
223.1;1;Los Espinos;final;1555.8;2691.604;115.8;1251.604;143.664
224;1;Los Espinos;final;1199.646;1734.832;1199.646;294.832;280.617
224.1;1;Los Espinos;final;1603.758;2573.63;163.758;1133.63;195.419
225;1;Los Espinos;final;1214.296;1742.332;1214.296;302.332;280.943
225.1;1;Los Espinos;final;1397.242;2597.63;1397.242;1157.63;94.887
226;1;Los Espinos;final;1218.08;1749.832;1218.08;309.832;280.943
226.1;1;Los Espinos;final;1376.042;2597.63;1376.042;1157.63;87.619
227;1;Los Espinos;final;1282.596;1764.832;1282.596;324.832;287.884
228;1;Los Espinos;final;1290.596;1772.332;1290.596;332.332;288.536
229;1;Los Espinos;final;1273.38;1779.832;1273.38;339.832;280.617
229.1;1;Los Espinos;final;1500.308;2648.63;60.308;1208.63;130.252
230;1;Los Espinos;final;1283.558;1794.832;1283.558;354.832;287.111
231;1;Los Espinos;final;1300.608;1802.332;1300.608;362.332;294.379
232;1;Los Espinos;final;1329.03;1809.832;1329.03;369.832;295.804
232.1;1;Los Espinos;final;1570.08;2708.63;130.08;1268.63;131.677
233;1;Los Espinos;final;1315.413;1817.332;1315.413;377.332;288.21
233.1;1;Los Espinos;final;1544.63;2693.63;104.63;1253.63;131.351
234;1;Los Espinos;final;1247.971;1832.332;1247.971;392.332;264.658
235;1;Los Espinos;final;1342.363;1847.332;1342.363;407.332;288.536
235.1;1;Los Espinos;final;1483.825;2723.63;43.825;1283.63;94.887
236;1;Los Espinos;final;1295.413;1889.332;1295.413;449.332;265.676
237;1;Los Espinos;final;1257.742;1898.332;1257.742;458.332;244.152
238;1;Los Espinos;final;1406.996;1925.332;1406.996;485.332;288.536
238.1;1;Los Espinos;final;1552.358;2792.164;112.358;1352.164;94.887
239;1;Los Espinos;final;1235.158;1733.63;1235.158;293.63;288.663
239.1;1;Los Espinos;final;1369.03;2572.332;1369.03;1132.332;95.065
240;1;Los Espinos;final;1227.158;1745.63;1227.158;305.63;281.395
240.1;1;Los Espinos;final;1553.242;2558.998;113.242;1118.998;186.579
241;1;Los Espinos;final;1223.558;1757.63;1223.558;317.63;280.685
241.1;1;Los Espinos;final;1355.696;2558.998;1355.696;1118.998;95.065
242;1;Los Espinos;final;1208.863;1769.63;1208.863;329.63;267.249
242.1;1;Los Espinos;final;1441.83;2585.63;1.83;1145.63;124.083
243;1;Los Espinos;final;1283.158;1793.63;1283.158;353.63;281.09
244;1;Los Espinos;final;1304.042;1801.13;1304.042;361.13;288.684
245;1;Los Espinos;final;1337.742;1808.63;1337.742;368.63;288.358
246;1;Los Espinos;final;1268.796;1816.13;1268.796;376.13;267.249
246.1;1;Los Espinos;final;1535.813;2648.63;95.813;1208.63;138.945
247;1;Los Espinos;final;1277.742;1823.63;1277.742;383.63;273.091
247.1;1;Los Espinos;final;1380.875;2612.332;1380.875;1172.332;93.64
248;1;Los Espinos;final;622.625;1831.13;622.625;391.13;87.619
249;1;Los Espinos;final;1340.042;1838.63;1340.042;398.63;288.358
249.1;1;Los Espinos;final;1570.375;2672.332;130.375;1232.332;151.54
250;1;Los Espinos;final;637.625;1846.13;637.625;406.13;87.619
251;1;Los Espinos;final;1373.242;1853.63;1373.242;413.63;295.626
252;1;Los Espinos;final;1412.658;1861.13;1412.658;421.13;303.219
252.1;1;Los Espinos;final;1518.68;2753.732;78.68;1313.732;95.065
253;1;Los Espinos;final;1418.809;1868.63;1418.809;428.63;304.929
253.1;1;Los Espinos;final;1507.8;2743.071;67.8;1303.071;100.341
254;1;Los Espinos;final;1319.209;1876.13;1319.209;436.13;280.795
254.1;1;Los Espinos;final;1442.987;2663.193;2.987;1223.193;99.365
255;1;Los Espinos;final;1190.43;1883.63;1190.43;443.63;224.29
256;1;Los Espinos;final;1501.842;2513.63;61.842;1073.63;180.557
257;1;El Conquistador;final;1394.58;1742.776;1394.58;302.776;310.447
257.1;1;El Conquistador;final;1453.878;2715.233;13.878;1275.233;85.981
258;1;El Conquistador;final;1328.371;1750.276;1328.371;310.276;280.793
258.1;1;El Conquistador;final;1572.171;2655.152;132.171;1215.152;152.703
259;1;El Conquistador;final;1266.825;1757.776;1266.825;317.776;251.157
260;1;El Conquistador;final;1515.869;1765.276;75.869;325.276;300.533
261;1;El Conquistador;final;1254.271;1772.776;1254.271;332.776;270.447
262;1;El Conquistador;final;1298.279;1780.276;1298.279;340.276;289.012
262.1;1;El Conquistador;final;1434.714;2694.134;1434.714;1254.134;77.254
263;1;El Conquistador;final;1260.671;1787.776;1260.671;347.776;270.447
264;1;El Conquistador;final;1323.021;1795.276;1323.021;355.276;186.09
265;1;El Conquistador;final;1275.238;1802.776;1275.238;362.776;149.583
266;1;El Conquistador;final;1382.08;1811.776;1382.08;371.776;313.269
267;1;El Conquistador;final;1294.521;1820.776;1294.521;380.776;270.447
267.1;1;El Conquistador;final;1536.171;2625.152;96.171;1185.152;152.703
268;1;El Conquistador;final;1312.791;1829.776;1312.791;389.776;255.938
268.1;1;El Conquistador;final;1473.462;2696.61;33.462;1256.61;94.222
269;1;El Conquistador;final;1414.521;1838.776;1414.521;398.776;280.793
270;1;El Conquistador;final;1311.271;1847.776;1311.271;407.776;270.447
270.1;1;El Conquistador;final;1548.171;2640.152;108.171;1200.152;152.703
271;1;El Conquistador;final;1223.479;1856.776;1223.479;416.776;226.481
272;1;El Conquistador;final;1337.141;1865.776;1337.141;425.776;251.157
272.1;1;El Conquistador;final;1550.175;2726.61;110.175;1286.61;123.238
273;1;El Conquistador;final;1429.335;1874.776;1429.335;434.776;300.727
274;1;El Conquistador;final;1288.625;1710.152;1288.625;270.152;313.739
274.1;1;El Conquistador;final;1375.973;2676.535;1375.973;1236.535;61.832
275;1;El Conquistador;final;1229.084;1725.152;1229.084;285.152;290.999
275.1;1;El Conquistador;final;1483.417;2619.779;43.417;1179.779;125.36
276;1;El Conquistador;final;1316.317;1732.652;1316.317;292.652;298.012
276.1;1;El Conquistador;final;1522.447;2620.433;82.447;1180.433;149.824
277;1;El Conquistador;final;1207.962;1740.152;1207.962;300.152;261.104
277.1;1;El Conquistador;final;1362.314;2605.684;1362.314;1165.684;77.254
278;1;El Conquistador;final;1254.968;1747.652;1254.968;307.652;279.43
278.1;1;El Conquistador;final;1476.235;2659.53;36.235;1219.53;111.291
279;1;El Conquistador;final;1283.849;1755.152;1283.849;315.152;311.327
280;1;El Conquistador;final;1102.985;1762.652;1102.985;322.652;261.937
280.1;1;El Conquistador;final;1276.671;2498.776;1276.671;1058.776;81.501
281;1;El Conquistador;final;1120.618;1770.152;1120.618;330.152;261.937
281.1;1;El Conquistador;final;1292.671;2514.776;1292.671;1074.776;81.501
282;1;El Conquistador;final;1138.252;1786.485;1138.252;346.485;261.937
282.1;1;El Conquistador;final;1284.521;2532.776;1284.521;1092.776;81.501
283;1;El Conquistador;final;1337.165;1794.652;1337.165;354.652;296.16
284;1;El Conquistador;final;1254.667;1802.819;1254.667;362.819;286.425
285;1;El Conquistador;final;1330.841;1810.985;1330.841;370.985;313.739
285.1;1;El Conquistador;final;1361.549;2730.485;1361.549;1290.485;31.932
286;1;El Conquistador;final;1166.768;1819.152;1166.768;379.152;261.937
286.1;1;El Conquistador;final;1314.521;2562.776;1314.521;1122.776;81.501
287;1;El Conquistador;final;1183.902;1835.485;1183.902;395.485;261.937
287.1;1;El Conquistador;final;1525.738;2582.776;85.738;1142.776;170.801
288;1;El Conquistador;final;1355.679;1851.819;1355.679;411.819;290.503
288.1;1;El Conquistador;final;1477.349;2657.881;37.349;1217.881;109.237
289;1;El Conquistador;final;1335.746;1860.152;1335.746;420.152;287.338
290;1;El Conquistador;final;1439.859;1910.152;1439.859;470.152;313.39
290.1;1;El Conquistador;final;1593.229;2833.284;153.229;1393.284;93.381
291;1;El Conquistador;final;763.102;1412.734;763.102;1412.734;288.255
291.1;1;El Conquistador;final;1345.471;2185.276;1345.471;745.276;181.147
292;1;El Conquistador;final;1079.572;1442.734;1079.572;2.734;299.852
292.1;1;El Conquistador;final;1538.23;2462.118;98.23;1022.118;205.577
293;1;El Conquistador;intermedia;636.862;650.0;636.862;650.0;274.922
293;2;El Conquistador;final;824.351;1380.152;824.351;1380.152;73.004
293.1;1;El Conquistador;final;1492.247;2157.145;52.247;717.145;272.338
294;1;El Conquistador;final;591.325;1410.152;591.325;1410.152;263.301
294.1;1;El Conquistador;final;1275.291;1976.61;1275.291;536.61;204.924
295;1;El Conquistador;final;786.146;1440.152;786.146;0.152;279.229
295.1;1;El Conquistador;final;1247.917;2239.834;1247.917;799.834;146.313
296;1;El Conquistador;final;878.712;1470.152;878.712;30.152;277.577
296.1;1;El Conquistador;final;1356.041;2321.934;1356.041;881.934;156.273
297;1;El Conquistador;final;1133.862;1620.152;1133.862;180.152;288.622
297.1;1;El Conquistador;final;1275.434;2534.734;1275.434;1094.734;74.739
298;1;El Conquistador;final;1113.597;1431.455;1113.597;1431.455;303.615
298.1;1;El Conquistador;final;1242.68;2531.003;1242.68;1091.003;63.713
299;1;El Conquistador;final;1144.193;1461.455;1144.193;21.455;290.76
299.1;1;El Conquistador;final;1518.143;2542.357;78.143;1102.357;164.457
300;1;El Conquistador;final;1136.384;1776.455;1136.384;336.455;242.329
301;1;El Conquistador;final;1247.052;1791.455;1247.052;351.455;258.436
302;1;El Conquistador;final;1361.153;1806.455;1361.153;366.455;310.124
302.1;1;El Conquistador;final;1485.383;2761.852;45.383;1321.852;69.712
303;1;El Conquistador;final;1372.513;1821.455;1372.513;381.455;308.638
304;1;El Conquistador;final;1258.469;1832.705;1258.469;392.705;258.436
305;1;El Conquistador;final;1398.318;1843.955;1398.318;403.955;306.744
305.1;1;El Conquistador;final;1495.397;2804.686;55.397;1364.686;61.138
306;1;El Conquistador;final;1286.234;1855.205;1286.234;415.205;244.518
307;1;El Conquistador;final;1405.539;1900.205;1405.539;460.205;289.904
307.1;1;El Conquistador;final;1498.729;2795.252;58.729;1355.252;74.465
308;1;El Conquistador;final;1300.484;1724.009;1300.484;284.009;154.703
309;1;El Conquistador;final;1445.708;1732.576;5.708;292.576;223.216
310;1;El Conquistador;final;1384.484;1741.142;1384.484;301.142;199.008
311;1;El Conquistador;final;1264.918;1749.709;1264.918;309.709;288.037
311.1;1;El Conquistador;final;1478.785;2653.357;38.785;1213.357;118.17
312;1;El Conquistador;final;1286.42;1758.276;1286.42;318.276;304.407
312.1;1;El Conquistador;final;1374.237;2678.917;1374.237;1238.917;68.327
313;1;El Conquistador;final;1383.495;1766.842;1383.495;326.842;172.052
314;1;El Conquistador;final;1101.845;1775.409;1101.845;335.409;217.099
315;1;El Conquistador;final;1298.579;1783.976;1298.579;343.976;297.498
316;1;El Conquistador;final;1181.845;1784.009;1181.845;344.009;246.463
317;1;El Conquistador;final;1357.463;1795.259;1357.463;355.259;314.887
317.1;1;El Conquistador;final;1391.401;2696.575;1391.401;1256.575;61.735
318;1;El Conquistador;final;1409.784;1806.509;1409.784;366.509;314.632
318.1;1;El Conquistador;final;1520.502;2841.455;80.502;1401.455;55.236
319;1;El Conquistador;final;1382.15;1885.259;1382.15;445.259;293.096
319.1;1;El Conquistador;final;1450.667;2799.902;10.667;1359.902;57.843
320;1;El Conquistador;final;1161.845;1797.74;1161.845;357.74;92.79
321;1;El Conquistador;final;1211.189;1805.24;1211.189;365.24;264.434
322;1;El Conquistador;final;1153.519;1812.74;1153.519;372.74;235.44
323;1;El Conquistador;final;1258.272;1820.24;1258.272;380.24;264.198
324;1;El Conquistador;final;1208.312;1835.24;1208.312;395.24;249.62
325;1;El Conquistador;final;1354.139;1850.24;1354.139;410.24;270.762
326;1;El Conquistador;final;1433.247;1857.74;1433.247;417.74;180.844
327;1;El Conquistador;final;1214.234;1872.74;1214.234;432.74;195.024
328;1;El Conquistador;final;1278.116;1880.24;1278.116;440.24;249.188
329;1;El Conquistador;final;1472.455;1887.74;32.455;447.74;310.583
330;1;El Conquistador;final;1269.369;1736.718;1269.369;296.718;312.427
330.1;1;El Conquistador;final;1329.318;2635.259;1329.318;1195.259;56.442
331;1;El Conquistador;final;1352.539;1756.718;1352.539;316.718;302.016
332;1;El Conquistador;final;1219.639;1776.718;1219.639;336.718;288.905
332.1;1;El Conquistador;final;1334.579;2600.718;1334.579;1160.718;74.465
333;1;El Conquistador;final;1367.666;1796.718;1367.666;356.718;280.371
334;1;El Conquistador;final;1207.617;1804.218;1207.617;364.218;217.306
335;1;El Conquistador;final;1388.145;1811.718;1388.145;371.718;296.353
336;1;El Conquistador;final;1265.595;1819.218;1265.595;379.218;262.441
337;1;El Conquistador;final;1281.62;1826.718;1281.62;386.718;247.15
338;1;El Conquistador;final;1372.955;1834.218;1372.955;394.218;257.768
339;1;El Conquistador;final;1320.384;1841.718;1320.384;401.718;287.146
339.1;1;El Conquistador;final;1466.463;2739.027;26.463;1299.027;72.936
340;1;El Conquistador;final;1408.977;1849.218;1408.977;409.218;304.272
340.1;1;El Conquistador;final;1484.289;2757.29;44.289;1317.29;84.9
341;1;El Conquistador;final;1162.947;1864.218;1162.947;424.218;201.903
342;1;El Conquistador;final;1455.383;1879.218;15.383;439.218;299.307
343;1;El Conquistador;final;1317.31;1886.718;1317.31;446.718;234.651
344;1;El Conquistador;final;1254.121;1770.013;1254.121;330.013;285.339
345;1;El Conquistador;final;1293.971;1810.013;1293.971;370.013;285.339
346;1;El Conquistador;final;1333.97;1820.013;1333.97;380.013;298.431
346.1;1;El Conquistador;final;1460.388;2740.013;20.388;1300.013;73.406
347;1;El Conquistador;final;1155.743;1830.013;1155.743;390.013;272.626
347.1;1;El Conquistador;final;1348.97;2566.013;1348.97;1126.013;86.499
348;1;El Conquistador;final;1310.579;1840.013;1310.579;400.013;290.981
349;1;El Conquistador;final;890.856;1431.808;890.856;1431.808;311.607
349.1;1;El Conquistador;final;1348.44;2273.398;1348.44;833.398;176.423
350;1;El Conquistador;final;1039.27;1611.808;1039.27;171.808;285.742
350.1;1;El Conquistador;final;1418.471;2460.013;1418.471;1020.013;144.051
351;1;El Conquistador;final;1214.079;1701.808;1214.079;261.808;301.964
352;1;El Conquistador;final;1183.187;1711.808;1183.187;271.808;285.742
352.1;1;El Conquistador;final;1450.693;2590.013;10.693;1150.013;123.707
353;1;El Conquistador;final;1194.087;1721.808;1194.087;281.808;285.742
353.1;1;El Conquistador;final;1353.971;2602.013;1353.971;1162.013;73.406
354;1;El Conquistador;final;1260.745;1731.808;1260.745;291.808;301.964
355;1;El Conquistador;final;1204.987;1741.808;1204.987;301.808;285.742
355.1;1;El Conquistador;final;1520.388;2614.013;80.388;1174.013;144.051
356;1;El Conquistador;final;1156.893;1751.808;1156.893;311.808;289.537
356.1;1;El Conquistador;final;1534.651;2569.817;94.651;1129.817;194.556
357;1;El Conquistador;final;1253.454;1761.808;1253.454;321.808;285.742
357.1;1;El Conquistador;final;1480.207;2662.863;40.207;1222.863;112.997
358;1;El Conquistador;final;1331.44;1771.808;1331.44;331.808;312.241
358.1;1;El Conquistador;final;1369.169;2708.543;1369.169;1268.543;44.969
359;1;El Conquistador;final;1266.787;1781.808;1266.787;341.808;285.742
359.1;1;El Conquistador;final;1502.533;2675.713;62.533;1235.713;118.345
360;1;El Conquistador;final;1293.454;1801.808;1293.454;361.808;285.742
360.1;1;El Conquistador;final;1464.754;2701.413;24.754;1261.413;86.499
361;1;El Conquistador;final;1320.12;1821.808;1320.12;381.808;285.742
361.1;1;El Conquistador;final;1494.754;2739.963;54.754;1299.963;86.499
362;1;El Conquistador;final;1306.787;1851.808;1306.787;411.808;285.742
362.1;1;El Conquistador;final;1444.171;2714.263;4.171;1274.263;73.406
363;1;El Conquistador;final;1327.338;1861.808;1327.338;421.808;285.988
363.1;1;El Conquistador;final;1391.933;2741.532;1391.933;1301.532;43.159
364;1;El Conquistador;final;1377.971;2481.808;1377.971;1041.808;131.362
365;1;Los Espinos;final;1234.795;1717.953;1234.795;277.953;313.58
365.1;1;Los Espinos;final;1464.721;2600.842;24.721;1160.842;160.8
366;1;Los Espinos;final;1322.116;1727.953;1322.116;287.953;302.961
366.1;1;Los Espinos;final;1535.382;2674.141;95.382;1234.141;120.567
367;1;Los Espinos;final;1293.497;1737.953;1293.497;297.953;307.433
367.1;1;Los Espinos;final;1527.797;2716.532;87.797;1276.532;108.32
368;1;Los Espinos;final;1260.717;1747.953;1260.717;307.953;293.426
368.1;1;Los Espinos;final;1368.605;2629.466;1368.605;1189.466;82.97
369;1;Los Espinos;final;1266.417;1757.953;1266.417;317.953;293.426
370;1;Los Espinos;final;1300.627;1767.953;1300.627;327.953;252.313
371;1;Los Espinos;final;1280.665;1777.953;1280.665;337.953;299.74
372;1;Los Espinos;final;555.585;1789.203;555.585;349.203;72.348
373;1;Los Espinos;final;1269.552;1800.453;1269.552;360.453;277.148
374;1;Los Espinos;final;1292.127;1811.703;1292.127;371.703;298.848
375;1;Los Espinos;final;1324.804;1822.953;1324.804;382.953;299.881
375.1;1;Los Espinos;final;1436.151;2736.561;1436.151;1296.561;68.517
376;1;Los Espinos;final;1226.268;1794.971;1226.268;354.971;286.522
376.1;1;Los Espinos;final;1455.498;2585.408;15.498;1145.408;136.36
377;1;Los Espinos;final;1249.918;1806.221;1249.918;366.221;282.194
378;1;Los Espinos;final;1327.294;1828.721;1327.294;388.721;279.249
378.1;1;Los Espinos;final;1437.719;2672.311;1437.719;1232.311;93.523
379;1;Los Espinos;final;1341.948;1884.971;1341.948;444.971;301.648
379.1;1;Los Espinos;final;1558.298;2702.508;118.298;1262.508;136.36
380;1;Los Espinos;final;1266.651;1717.405;1266.651;277.405;309.268
380.1;1;Los Espinos;final;1388.213;2651.12;1388.213;1211.12;75.176
381;1;Los Espinos;final;1323.571;1737.405;1323.571;297.405;300.567
381.1;1;Los Espinos;final;1495.832;2709.696;55.832;1269.696;104.374
382;1;Los Espinos;final;1372.127;1757.405;1372.127;317.405;202.543
383;1;Los Espinos;final;1226.051;1777.405;1226.051;337.405;303.46
383.1;1;Los Espinos;final;1285.069;2585.544;1285.069;1145.544;64.823
384;1;Los Espinos;final;497.222;1785.572;497.222;345.572;59.62
385;1;Los Espinos;final;1257.084;1793.739;1257.084;353.739;294.205
385.1;1;Los Espinos;final;1345.121;2609.616;1345.121;1169.616;70.239
386;1;Los Espinos;final;513.555;1801.905;513.555;361.905;59.62
387;1;Los Espinos;final;1329.284;1810.072;1329.284;370.072;224.936
388;1;Los Espinos;final;1232.772;1818.239;1232.772;378.239;257.322
389;1;Los Espinos;final;538.055;1826.405;538.055;386.405;59.62
390;1;Los Espinos;final;1337.804;1834.572;1337.804;394.572;288.242
391;1;Los Espinos;final;1321.218;1842.739;1321.218;402.739;307.698
391.1;1;Los Espinos;final;1380.202;2669.353;1380.202;1229.353;72.348
392;1;Los Espinos;final;562.555;1850.905;562.555;410.905;59.62
393;1;Los Espinos;final;1222.618;1859.072;1222.618;419.072;98.108
394;1;Los Espinos;final;1384.804;1867.405;1384.804;427.405;288.242
394.1;1;Los Espinos;final;1487.551;2787.961;47.551;1347.961;68.517
395;1;Los Espinos;final;1503.052;1804.175;63.052;364.175;302.625
396;1;Los Espinos;final;1427.081;1815.425;1427.081;375.425;296.752
397;1;Los Espinos;final;1249.527;1826.675;1249.527;386.675;268.828
397.1;1;Los Espinos;final;1369.719;2594.311;1369.719;1154.311;93.523
398;1;Los Espinos;final;1289.284;1837.925;1289.284;397.925;187.842
399;1;Los Espinos;final;1258.094;1849.175;1258.094;409.175;268.828
399.1;1;Los Espinos;final;1381.719;2606.311;1381.719;1166.311;93.523
400;1;Los Espinos;final;1271.681;1871.675;1271.681;431.675;253.007
401;1;Los Espinos;final;1249.284;1882.925;1249.284;442.925;110.337
402;1;Los Espinos;final;1230.369;1717.953;1230.369;277.953;304.741
402.1;1;Los Espinos;final;1330.665;2614.971;1330.665;1174.971;64.248
403;1;Los Espinos;final;1104.135;1737.953;1104.135;297.953;276.93
403.1;1;Los Espinos;final;1534.688;2503.971;94.688;1063.971;194.451
404;1;Los Espinos;final;1243.617;1757.953;1243.617;317.953;296.98
404.1;1;Los Espinos;final;1399.501;2612.066;1399.501;1172.066;107.612
405;1;Los Espinos;final;1364.896;1777.953;1364.896;337.953;285.742
405.1;1;Los Espinos;final;1415.5;2736.438;1415.5;1296.438;64.404
406;1;Los Espinos;final;1232.394;1789.203;1232.394;349.203;302.299
406.1;1;Los Espinos;final;1357.719;2582.311;1357.719;1142.311;93.523
407;1;Los Espinos;final;1295.681;1800.453;1295.681;360.453;306.081
408;1;Los Espinos;final;537.3;1811.703;537.3;371.703;75.673
409;1;Los Espinos;final;1226.348;1822.953;1226.348;382.953;269.704
410;1;Los Espinos;final;559.8;1834.203;559.8;394.203;75.673
411;1;Los Espinos;final;1383.97;1845.453;1383.97;405.453;213.412
412;1;Los Espinos;final;1405.902;1856.703;1405.902;416.703;219.717
413;1;Los Espinos;final;1337.757;1751.507;1337.757;311.507;307.848
413.1;1;Los Espinos;final;1487.124;2726.457;47.124;1286.457;83.342
414;1;Los Espinos;final;1382.757;1766.507;1382.757;326.507;307.848
414.1;1;Los Espinos;final;1474.19;2774.507;34.19;1334.507;64.953
415;1;Los Espinos;final;1227.601;1781.507;1227.601;341.507;273.014
415.1;1;Los Espinos;final;1433.151;2609.937;1433.151;1169.937;105.908
416;1;Los Espinos;final;1360.657;1796.507;1360.657;356.507;289.459
417;1;Los Espinos;final;1412.057;1886.507;1412.057;446.507;289.459
418;1;Los Espinos;final;1322.707;1899.357;1322.707;459.357;251.721
419;1;Los Espinos;final;1130.922;1448.056;1130.922;8.056;305.911
419.1;1;Los Espinos;final;1485.953;2513.644;45.953;1073.644;157.71
420;1;Los Espinos;final;1300.916;1718.056;1300.916;278.056;306.71
420.1;1;Los Espinos;final;1552.634;2643.063;112.634;1203.063;159.872
421;1;Los Espinos;final;1282.707;1728.056;1282.707;288.056;288.514
421.1;1;Los Espinos;final;1386.357;2675.057;1386.357;1235.057;64.953
422;1;Los Espinos;final;1223.874;1738.056;1223.874;298.056;270.125
423;1;Los Espinos;final;1296.04;1748.056;1296.04;308.056;288.514
423.1;1;Los Espinos;final;1447.124;2687.907;7.124;1247.907;83.342
424;1;Los Espinos;final;1243.874;1758.056;1243.874;318.056;270.125
425;1;Los Espinos;final;1316.289;1768.056;1316.289;328.056;292.047
425.1;1;Los Espinos;final;1461.345;2705.629;21.345;1265.629;88.862
426;1;Los Espinos;final;530.54;1786.222;530.54;346.222;64.008
427;1;Los Espinos;final;1181.157;1802.556;1181.157;362.556;232.388
428;1;Los Espinos;final;1375.653;1818.889;1375.653;378.889;303.367
428.1;1;Los Espinos;final;1507.006;2753.325;67.006;1313.325;86.812
429;1;Los Espinos;final;1216.04;1835.222;1216.04;395.222;232.388
430;1;Los Espinos;final;1353.007;1843.389;1353.007;403.389;270.125
431;1;Los Espinos;final;1397.757;1851.556;1397.757;411.556;288.514
431.1;1;Los Espinos;final;1498.19;2798.507;58.19;1358.507;64.953
432;1;Los Espinos;final;1373.507;1867.889;1373.507;427.889;270.125
433;1;Los Espinos;final;1357.132;1868.056;1357.132;428.056;306.907
433.1;1;Los Espinos;final;1553.163;2707.313;113.163;1267.313;124.783
434;1;Los Espinos;final;1309.407;2462.056;1309.407;1022.056;101.746
435;1;Los Espinos;final;1450.19;2474.056;10.19;1034.056;157.873
436;1;Los Espinos;final;1268.666;1725.544;1268.666;285.544;292.438
436.1;1;Los Espinos;final;1377.621;2612.541;1377.621;1172.541;77.675
437;1;Los Espinos;final;1123.315;1735.544;1123.315;295.544;267.401
437.1;1;Los Espinos;final;1283.794;2488.208;1283.794;1048.208;90.526
438;1;Los Espinos;final;1300.552;1745.544;1300.552;305.544;314.764
439;1;Los Espinos;final;1226.517;1755.544;1226.517;315.544;285.901
439.1;1;Los Espinos;final;1467.515;2594.966;27.515;1154.966;161.452
440;1;Los Espinos;final;1147.035;1765.544;1147.035;325.544;274.52
440.1;1;Los Espinos;final;1310.369;2532.666;1310.369;1092.666;103.55
441;1;Los Espinos;final;1191.681;1775.544;1191.681;335.544;267.401
442;1;Los Espinos;final;524.202;1785.544;524.202;345.544;64.823
443;1;Los Espinos;final;534.202;1795.544;534.202;355.544;64.823
444;1;Los Espinos;final;544.202;1805.544;544.202;365.544;64.823
445;1;Los Espinos;final;554.202;1815.544;554.202;375.544;64.823
446;1;Los Espinos;final;564.202;1825.544;564.202;385.544;64.823
447;1;Los Espinos;final;1266.661;1835.544;1266.661;395.544;282.757
447.1;1;Los Espinos;final;1401.915;2619.225;1401.915;1179.225;90.272
448;1;Los Espinos;final;1392.127;1845.544;1392.127;405.544;310.568
448.1;1;Los Espinos;final;1489.765;2743.558;49.765;1303.558;90.272
449;1;Los Espinos;final;1332.127;1855.544;1332.127;415.544;291.323
449.1;1;Los Espinos;final;1493.652;2679.292;53.652;1239.292;116.636
450;1;Los Espinos;final;1376.215;1865.544;1376.215;425.544;295.105
451;1;Los Espinos;final;1340.665;1875.544;1340.665;435.544;292.215
451.1;1;Los Espinos;final;1394.135;2702.644;1394.135;1262.644;64.823
452;1;Los Espinos;final;1352.127;1920.544;1352.127;480.544;282.757
452.1;1;Los Espinos;final;1556.592;2696.943;116.592;1256.943;127.908
453;1;Los Espinos;final;1342.735;1931.794;1342.735;491.794;293.658
453.1;1;Los Espinos;final;1527.794;2724.971;87.794;1284.971;116.088
454;1;Los Espinos;final;1223.681;1794.971;1223.681;354.971;259.703
455;1;Los Espinos;final;1575.431;1809.971;135.431;369.971;272.783
456;1;Los Espinos;final;1366.448;1854.971;1366.448;414.971;175.109
457;1;Los Espinos;final;1337.418;1869.971;1337.418;429.971;297.201
457.1;1;Los Espinos;final;1393.052;2682.203;1393.052;1242.203;72.348
458;1;Los Espinos;final;1299.115;1884.971;1299.115;444.971;293.083
459;1;Santa Rosa;final;1397.35;1726.474;1397.35;286.474;305.923
459.1;1;Santa Rosa;final;1496.317;2743.412;56.317;1303.412;89.118
460;1;Santa Rosa;final;1305.017;1741.474;1305.017;301.474;261.364
461;1;Santa Rosa;final;1295.417;1756.474;1295.417;316.474;204.845
462;1;Santa Rosa;final;1283.966;1771.474;1283.966;331.474;243.518
463;1;Santa Rosa;final;1267.734;1786.474;1267.734;346.474;191.881
464;1;Santa Rosa;final;1284.867;1801.474;1284.867;361.474;191.881
465;1;Santa Rosa;final;1302.0;1816.474;1302.0;376.474;191.881
466;1;Santa Rosa;final;1215.617;1831.474;1215.617;391.474;153.303
467;1;Santa Rosa;final;1232.75;1846.474;1232.75;406.474;153.303
468;1;Santa Rosa;final;1249.884;1876.474;1249.884;436.474;153.303
469;1;Santa Rosa;final;1336.267;2506.474;1336.267;1066.474;114.725
470;1;Santa Rosa;final;1353.4;2523.607;1353.4;1083.607;114.725
471;1;Vespucio Norte;final;1211.41;1762.624;1211.41;322.624;273.004
472;1;Vespucio Norte;final;1340.622;1774.624;1340.622;334.624;296.915
472.1;1;Vespucio Norte;final;1461.789;2726.069;21.789;1286.069;85.152
473;1;Vespucio Norte;final;1294.135;1833.124;1294.135;393.124;291.648
474;1;Vespucio Norte;final;1376.702;1866.874;1376.702;426.874;292.126
475;1;La Reina;final;1165.677;1744.307;1165.677;304.307;255.493
476;1;La Reina;final;1334.755;1756.307;1334.755;316.307;314.37
477;1;La Reina;final;1296.062;1768.307;1296.062;328.307;278.587
478;1;La Reina;final;1319.243;1780.307;1319.243;340.307;274.34
479;1;La Reina;final;1373.802;1789.307;1373.802;349.307;293.658
480;1;La Reina;final;1146.038;1798.307;1146.038;358.307;238.292
480.1;1;La Reina;final;1446.736;2576.514;6.736;1136.514;118.344
481;1;La Reina;final;1268.245;1807.307;1268.245;367.307;262.071
482;1;La Reina;final;1319.715;1816.307;1319.715;376.307;280.975
483;1;La Reina;final;1409.381;1852.307;1409.381;412.307;297.277
484;1;La Reina;final;1345.015;1879.307;1345.015;439.307;258.574
485;1;La Reina;final;1292.862;1888.307;1292.862;448.307;177.624
486;1;La Reina;final;1388.955;1897.307;1388.955;457.307;284.715
486.1;1;La Reina;final;1467.365;2779.784;27.365;1339.784;57.72
487;1;La Reina;final;1310.34;1906.307;1310.34;466.307;208.138
488;1;La Reina;final;1456.388;1915.307;16.388;475.307;313.95
488.1;1;La Reina;final;1535.898;2848.318;95.898;1408.318;57.72
489;1;La Reina;final;1070.331;1467.777;1070.331;27.777;268.23
489.1;1;La Reina;final;1241.143;2467.777;1241.143;1027.777;74.519
490;1;La Reina;final;1160.905;1749.777;1160.905;309.777;267.214
491;1;La Reina;final;1269.238;1773.777;1269.238;333.777;263.925
492;1;La Reina;final;1188.872;1785.777;1188.872;345.777;241.491
493;1;La Reina;final;1401.805;1797.777;1401.805;357.777;293.159
493.1;1;La Reina;final;1484.498;2796.918;44.498;1356.918;57.72
494;1;La Reina;final;1360.015;1812.777;1360.015;372.777;284.187
494.1;1;La Reina;final;1464.5;2744.91;24.5;1304.91;81.23
495;1;La Reina;final;1326.196;1820.277;1326.196;380.277;276.417
496;1;La Reina;final;1412.905;1827.777;1412.905;387.777;302.168
496.1;1;La Reina;final;1475.841;2839.648;35.841;1399.648;34.347
497;1;La Reina;final;1399.148;1842.777;1399.148;402.777;305.12
498;1;La Reina;final;1350.965;1857.777;1350.965;417.777;254.939
499;1;La Reina;final;1308.471;1865.277;1308.471;425.277;239.473
500;1;La Reina;final;1354.465;1887.777;1354.465;447.777;254.939
501;1;La Reina;final;1365.071;1923.777;1365.071;483.777;246.156
502;1;La Reina;final;1437.448;1932.777;1437.448;492.777;277.505
502.1;1;La Reina;final;1550.166;2830.577;110.166;1390.577;81.23
503;1;Vespucio Norte;final;1281.515;1766.488;1281.515;326.488;302.917
504;1;Vespucio Norte;final;1348.896;1796.488;1348.896;356.488;297.875
505;1;Vespucio Norte;final;1302.768;1851.488;1302.768;411.488;286.376
505.1;1;Vespucio Norte;final;1492.478;2714.248;52.478;1274.248;106.337
506;1;Vespucio Norte;final;1195.23;1861.488;1195.23;421.488;116.183
507;1;Santa Rosa;final;1354.394;1716.405;1354.394;276.405;314.321
507.1;1;Santa Rosa;final;1556.06;2696.405;116.06;1256.405;136.169
508;1;Santa Rosa;final;1374.394;1724.972;1374.394;284.972;314.321
509;1;Santa Rosa;final;1384.394;1733.539;1384.394;293.539;314.321
509.1;1;Santa Rosa;final;1461.935;2726.405;21.935;1286.405;85.905
510;1;Santa Rosa;final;1394.394;1742.105;1394.394;302.105;314.321
511;1;Santa Rosa;final;1382.31;1750.672;1382.31;310.672;314.321
512;1;Santa Rosa;final;1392.31;1759.239;1392.31;319.239;314.321
513;1;Santa Rosa;final;1402.31;1767.805;1402.31;327.805;314.321
513.1;1;Santa Rosa;final;1481.935;2746.405;41.935;1306.405;85.905
514;1;Santa Rosa;final;1412.31;1776.372;1412.31;336.372;314.321
515;1;Santa Rosa;final;560.518;1776.405;560.518;336.405;85.905
516;1;Santa Rosa;final;1284.402;1783.905;1284.402;343.905;264.057
517;1;Santa Rosa;final;1422.31;1791.405;1422.31;351.405;314.321
517.1;1;Santa Rosa;final;1501.935;2766.405;61.935;1326.405;85.905
518;1;Santa Rosa;final;1432.31;1798.905;1432.31;358.905;314.321
519;1;Santa Rosa;final;1442.31;1806.405;2.31;366.405;314.321
519.1;1;Santa Rosa;final;1521.935;2786.405;81.935;1346.405;85.905
520;1;Santa Rosa;final;1452.31;1813.905;12.31;373.905;314.321
521;1;Santa Rosa;final;605.518;1821.405;605.518;381.405;85.905
522;1;Santa Rosa;final;1456.06;1836.405;16.06;396.405;314.321
523;1;Santa Rosa;final;1374.402;1866.405;1374.402;426.405;264.057
524;1;Santa Rosa;final;1334.402;1729.638;1334.402;289.638;301.975
524.1;1;Santa Rosa;final;1541.935;2709.638;101.935;1269.638;123.824
525;1;Santa Rosa;final;1354.402;1738.205;1354.402;298.205;301.975
526;1;Santa Rosa;final;1364.402;1746.772;1364.402;306.772;301.975
527;1;Santa Rosa;final;1365.935;1755.338;1365.935;315.338;301.975
527.1;1;Santa Rosa;final;1476.06;2739.638;36.06;1299.638;85.012
528;1;Santa Rosa;final;1372.125;1763.905;1372.125;323.905;312.616
528.1;1;Santa Rosa;final;1521.658;2769.419;81.658;1329.419;84.226
529;1;Santa Rosa;final;1277.51;1772.472;1277.51;332.472;263.163
530;1;Santa Rosa;final;1287.51;1781.038;1287.51;341.038;263.163
531;1;Santa Rosa;final;1297.51;1789.605;1297.51;349.605;263.163
532;1;Santa Rosa;final;1385.935;1789.638;1385.935;349.638;301.975
532.1;1;Santa Rosa;final;1496.06;2759.638;56.06;1319.638;85.012
533;1;Santa Rosa;final;1395.935;1797.138;1395.935;357.138;301.975
534;1;Santa Rosa;final;1405.935;1804.638;1405.935;364.638;301.975
534.1;1;Santa Rosa;final;1516.06;2779.638;76.06;1339.638;85.012
535;1;Santa Rosa;final;1386.1;1812.138;1386.1;372.138;264.378
536;1;Santa Rosa;final;1415.935;1819.638;1415.935;379.638;301.975
537;1;Santa Rosa;final;1425.935;1827.138;1425.935;387.138;301.975
537.1;1;Santa Rosa;final;1536.06;2799.638;96.06;1359.638;85.012
538;1;Santa Rosa;final;1435.935;1834.638;1435.935;394.638;301.975
539;1;Santa Rosa;final;1441.935;1849.638;1.935;409.638;301.975
540;1;Santa Rosa;final;1264.402;1915.638;1264.402;475.638;212.899
541;1;Santa Rosa;final;1274.402;1924.638;1274.402;484.638;212.899
542;1;Los Espinos;intermedia;734.662;774.0;734.662;774.0;313.266
542;2;Los Espinos;final;1034.896;1399.437;1034.896;1399.437;94.613
542.1;1;Los Espinos;final;1444.071;2454.038;4.071;1014.038;176.11
543;1;Los Espinos;final;991.039;1429.437;991.039;1429.437;282.712
543.1;1;Los Espinos;final;1363.46;2411.128;1363.46;971.128;144.105
544;1;Los Espinos;final;553.567;1769.437;553.567;329.437;84.187
545;1;Los Espinos;final;1292.552;1789.437;1292.552;349.437;269.065
546;1;Los Espinos;final;1244.022;1796.937;1244.022;356.937;287.17
546.1;1;Los Espinos;final;1432.701;2625.161;1432.701;1185.161;105.943
547;1;Los Espinos;final;1328.573;1804.437;1328.573;364.437;298.818
547.1;1;Los Espinos;final;1424.674;2699.521;1424.674;1259.521;76.497
548;1;Los Espinos;final;1190.921;1418.213;1190.921;1418.213;306.878
548.1;1;Los Espinos;final;1233.808;2592.972;1233.808;1152.972;32.338
549;1;Los Espinos;final;859.199;1448.213;859.199;8.213;298.954
549.1;1;Los Espinos;final;1380.021;2282.563;1380.021;842.563;186.076
550;1;Los Espinos;final;1217.486;1748.213;1217.486;308.213;247.466
551;1;Los Espinos;final;1335.298;1753.663;1335.298;313.663;298.354
551.1;1;Los Espinos;final;1520.257;2770.142;80.257;1330.142;85.677
552;1;Los Espinos;final;1210.405;1759.113;1210.405;319.113;255.552
553;1;Los Espinos;final;1311.332;1764.563;1311.332;324.563;291.945
553.1;1;Los Espinos;final;1462.839;2679.521;22.839;1239.521;105.894
554;1;Los Espinos;final;1320.932;1770.013;1320.932;330.013;307.953
554.1;1;Los Espinos;final;1481.427;2662.363;41.427;1222.363;120.685
555;1;Los Espinos;final;1206.604;1775.463;1206.604;335.463;233.041
556;1;Los Espinos;final;1212.655;1780.913;1212.655;340.913;278.01
557;1;Los Espinos;final;1305.691;1786.363;1305.691;346.363;286.624
557.1;1;Los Espinos;final;1505.132;2654.258;65.132;1214.258;129.498
558;1;Los Espinos;final;1290.665;1791.813;1290.665;351.813;266.487
558.1;1;Los Espinos;final;1506.898;2651.108;66.898;1211.108;136.36
559;1;Los Espinos;final;1311.621;1797.263;1311.621;357.263;258.023
560;1;Los Espinos;final;1394.771;1802.713;1394.771;362.713;290.414
560.1;1;Los Espinos;final;1462.391;2779.096;22.391;1339.096;60.2
561;1;Los Espinos;final;1207.486;1808.163;1207.486;368.163;228.155
562;1;Los Espinos;final;1386.871;1808.213;1386.871;368.213;281.747
563;1;Los Espinos;final;1255.871;1818.213;1255.871;378.213;235.778
564;1;Los Espinos;final;1205.954;1823.213;1205.954;383.213;202.346
565;1;Los Espinos;final;1412.472;1828.213;1412.472;388.213;311.237
566;1;Los Espinos;final;1207.035;1838.213;1207.035;398.213;223.658
567;1;Los Espinos;final;1335.372;1843.213;1335.372;403.213;287.366
567.1;1;Los Espinos;final;1430.894;2712.745;1430.894;1272.745;74.778
568;1;Los Espinos;final;1394.674;1848.213;1394.674;408.213;283.913
569;1;Los Espinos;final;1408.004;1853.213;1408.004;413.213;292.258
569.1;1;Los Espinos;final;1479.525;2796.229;39.525;1356.229;60.2
570;1;Los Espinos;final;1373.922;1858.213;1373.922;418.213;284.395
570.1;1;Los Espinos;final;1535.501;2750.461;95.501;1310.461;105.943
571;1;Los Espinos;final;1347.251;1863.213;1347.251;423.213;278.774
572;1;Los Espinos;final;1311.955;1868.213;1311.955;428.213;262.426
573;1;Los Espinos;final;1330.858;1873.213;1330.858;433.213;247.558
574;1;Los Espinos;final;1308.932;1878.213;1308.932;438.213;264.016
575;1;Los Espinos;final;1360.683;1888.213;1360.683;448.213;241.189
576;1;Los Espinos;final;1236.46;1898.213;1236.46;458.213;228.373
577;1;El Conquistador;final;1218.286;1560.768;1218.286;120.768;299.742
577.1;1;El Conquistador;final;1403.436;2617.412;1403.436;1177.412;118.876
578;1;El Conquistador;final;1235.844;1599.335;1235.844;159.335;306.977
579;1;El Conquistador;final;1195.786;1637.901;1195.786;197.901;297.724
579.1;1;El Conquistador;final;1494.194;2591.712;54.194;1151.712;146.853
580;1;El Conquistador;final;1090.436;1676.468;1090.436;236.468;291.374
580.1;1;El Conquistador;final;1302.367;2503.979;1302.367;1063.979;85.41
581;1;El Conquistador;final;1249.903;1715.035;1249.903;275.035;299.742
581.1;1;El Conquistador;final;1350.917;2643.191;1350.917;1203.191;83.361
582;1;El Conquistador;final;1313.353;1753.601;1313.353;313.601;298.837
582.1;1;El Conquistador;final;1418.367;2710.641;1418.367;1270.641;83.361
583;1;El Conquistador;final;1435.775;1753.635;1435.775;313.635;309.618
584;1;El Conquistador;final;1320.403;1763.635;1320.403;323.635;298.837
585;1;El Conquistador;final;1256.953;1773.635;1256.953;333.635;295.035
585.1;1;El Conquistador;final;1554.604;2654.58;114.604;1214.58;186.046
586;1;El Conquistador;final;1283.467;1783.635;1283.467;343.635;263.654
587;1;El Conquistador;final;1369.587;1793.635;1369.587;353.635;300.212
587.1;1;El Conquistador;final;1479.604;2763.33;39.604;1323.33;85.956
588;1;El Conquistador;final;1348.603;1803.635;1348.603;363.635;298.837
589;1;El Conquistador;final;1233.036;1813.635;1233.036;373.635;279.779
590;1;El Conquistador;final;1378.911;1824.885;1378.911;384.885;306.977
591;1;El Conquistador;final;1391.761;1836.135;1391.761;396.135;306.977
592;1;El Conquistador;final;1271.844;1881.135;1271.844;441.135;245.56
593;1;El Conquistador;final;1443.161;1892.385;3.161;452.385;306.977
593.1;1;El Conquistador;final;1475.24;2785.119;35.24;1345.119;60.817
594;1;El Conquistador;final;1250.561;1903.635;1250.561;463.635;245.56
595;1;El Conquistador;final;1298.561;1942.185;1298.561;502.185;245.56
596;1;El Conquistador;final;1505.502;1993.635;65.502;553.635;314.887
597;1;El Conquistador;final;1342.702;2263.635;1342.702;823.635;174.548
598;1;El Conquistador;final;1258.008;2303.635;1258.008;863.635;124.448
599;1;El Conquistador;final;683.784;1385.119;683.784;1385.119;305.756
599.1;1;El Conquistador;final;1306.303;2134.233;1306.303;694.233;185.227
600;1;El Conquistador;final;1337.661;1415.119;1337.661;1415.119;304.183
600.1;1;El Conquistador;final;1382.134;2710.316;1382.134;1270.316;57.759
601;1;El Conquistador;final;1246.008;1735.119;1246.008;295.119;295.784
602;1;El Conquistador;final;1186.008;1745.119;1186.008;305.119;222.706
603;1;El Conquistador;final;544.534;1755.119;544.534;315.119;96.232
604;1;El Conquistador;final;1155.985;1765.119;1155.985;325.119;197.358
605;1;El Conquistador;final;1286.561;1775.119;1286.561;335.119;294.063
606;1;El Conquistador;final;1323.869;1786.369;1323.869;346.369;301.973
606.1;1;El Conquistador;final;1490.502;2680.259;50.502;1240.259;106.778
607;1;El Conquistador;final;1310.561;1808.869;1310.561;368.869;294.063
608;1;El Conquistador;final;1182.469;1820.119;1182.469;380.119;266.865
608.1;1;El Conquistador;final;1403.337;2583.145;1403.337;1143.145;121.968
609;1;El Conquistador;final;1192.469;1831.369;1192.469;391.369;266.865
610;1;El Conquistador;final;1334.022;1842.619;1334.022;402.619;290.24
610.1;1;El Conquistador;final;1515.862;2715.468;75.862;1275.468;121.438
611;1;El Conquistador;final;1322.772;1853.869;1322.772;413.869;283.923
611.1;1;El Conquistador;final;1419.629;2704.218;1419.629;1264.218;74.465
612;1;El Conquistador;final;1139.942;1865.119;1139.942;425.119;161.29
613;1;El Conquistador;final;1532.354;2459.119;92.354;1019.119;208.266
614;1;El Conquistador;final;1334.561;2471.119;1334.561;1031.119;109.813
615;1;El Conquistador;final;1346.561;2483.119;1346.561;1043.119;109.813
616;1;El Conquistador;final;1408.379;2495.119;1408.379;1055.119;146.058
617;1;El Conquistador;final;1367.002;2531.119;1367.002;1091.119;111.406
618;1;Los Espinos;final;1147.264;1769.437;1147.264;329.437;270.598
619;1;Los Espinos;final;1286.241;1789.437;1286.241;349.437;274.224
619.1;1;Los Espinos;final;1521.323;2655.221;81.323;1215.221;145.326
620;1;Los Espinos;final;1399.622;1868.187;1399.622;428.187;313.619
620.1;1;Los Espinos;final;1497.596;2783.995;57.596;1343.995;72.977
621;1;Los Espinos;final;1315.372;1748.213;1315.372;308.213;284.91
621.1;1;Los Espinos;final;1488.707;2723.213;48.707;1283.213;94.905
622;1;Los Espinos;final;1331.391;1758.213;1331.391;318.213;306.181
622.1;1;Los Espinos;final;1488.809;2679.958;48.809;1239.958;120.646
623;1;Los Espinos;final;1372.552;1768.213;1372.552;328.213;303.331
624;1;Los Espinos;final;1292.899;1778.213;1292.899;338.213;290.459
624.1;1;Los Espinos;final;1361.554;2674.678;1361.554;1234.678;55.059
625;1;Los Espinos;final;1322.353;1788.213;1322.353;348.213;296.794
625.1;1;Los Espinos;final;1473.052;2702.471;33.052;1262.471;99.177
626;1;Los Espinos;final;1395.029;1798.213;1395.029;358.213;300.95
627;1;Los Espinos;final;1346.327;1808.213;1346.327;368.213;312.3
628;1;Los Espinos;final;1451.088;1815.713;11.088;375.713;305.581
629;1;Los Espinos;final;1389.166;1823.213;1389.166;383.213;283.609
629.1;1;Los Espinos;final;1475.374;2759.521;35.374;1319.521;76.497
630;1;Los Espinos;final;1300.927;1830.713;1300.927;390.713;248.195
631;1;Los Espinos;final;1280.971;1838.213;1280.971;398.213;251.898
632;1;Los Espinos;final;1265.705;1845.713;1265.705;405.713;243.67
633;1;Los Espinos;final;1380.354;1853.213;1380.354;413.213;283.039
634;1;Los Espinos;final;1282.127;1860.713;1282.127;420.713;266.067
635;1;Los Espinos;final;1387.542;1868.213;1387.542;428.213;278.284
635.1;1;Los Espinos;final;1489.94;2821.542;49.94;1381.542;49.868
636;1;Los Espinos;final;1348.222;1875.713;1348.222;435.713;280.199
637;1;Los Espinos;final;1202.572;1898.213;1202.572;458.213;205.237
638;1;Santa Rosa;final;1135.882;1472.641;1135.882;32.641;296.005
638.1;1;Santa Rosa;final;1490.635;2509.8;50.635;1069.8;144.467
639;1;Santa Rosa;final;1238.087;1787.641;1238.087;347.641;217.108
640;1;Santa Rosa;final;1443.64;1813.891;3.64;373.891;294.442
641;1;Santa Rosa;final;1457.332;1825.141;17.332;385.141;299.13
641.1;1;Santa Rosa;final;1512.261;2824.8;72.261;1384.8;58.722
642;1;Santa Rosa;final;1206.669;1836.391;1206.669;396.391;215.946
643;1;Santa Rosa;final;1331.304;1722.081;1331.304;282.081;313.865
643.1;1;Santa Rosa;final;1408.404;2713.015;1408.404;1273.015;61.089
644;1;Santa Rosa;final;1273.819;1730.648;1273.819;290.648;276.785
645;1;Santa Rosa;final;1273.27;1739.214;1273.27;299.214;205.007
646;1;Santa Rosa;final;1355.075;1747.781;1355.075;307.781;301.018
647;1;Santa Rosa;final;1267.024;1764.914;1267.024;324.914;275.76
647.1;1;Santa Rosa;final;1460.424;2672.641;20.424;1232.641;94.654
648;1;Santa Rosa;final;1365.684;1773.481;1365.684;333.481;295.41
648.1;1;Santa Rosa;final;1492.346;2736.933;52.346;1296.933;90.339
649;1;Santa Rosa;final;1345.657;1782.081;1345.657;342.081;298.135
649.1;1;Santa Rosa;final;1497.491;2723.039;57.491;1283.039;96.18
650;1;Santa Rosa;final;1422.594;1814.748;1422.594;374.748;300.288
650.1;1;Santa Rosa;final;1505.415;2781.725;65.415;1341.725;75.001
651;1;Santa Rosa;final;1355.876;1822.914;1355.876;382.914;311.909
651.1;1;Santa Rosa;final;1525.482;2709.976;85.482;1269.976;119.483
652;1;Santa Rosa;final;1491.512;1872.081;51.512;432.081;302.918
653;1;Los Espinos;final;1275.254;1753.72;1275.254;313.72;303.675
654;1;Los Espinos;final;1359.89;1773.72;1359.89;333.72;291.168
654.1;1;Los Espinos;final;1467.797;2793.008;27.797;1353.008;53.419
655;1;Los Espinos;final;1339.689;1816.22;1339.689;376.22;281.665
656;1;Los Espinos;final;1337.641;1872.47;1337.641;432.47;270.582
656.1;1;Los Espinos;final;1503.503;2707.809;63.503;1267.809;112.261
657;1;Los Espinos;final;1475.135;1883.72;35.135;443.72;312.298
658;1;Los Espinos;final;1288.204;1761.573;1288.204;321.573;283.321
658.1;1;Los Espinos;final;1532.107;2673.696;92.107;1233.696;137.996
659;1;Los Espinos;final;1329.13;1791.573;1329.13;351.573;305.802
660;1;Los Espinos;final;543.567;1846.573;543.567;406.573;48.363
661;1;La Reina;final;1282.862;1734.131;1282.862;294.131;297.03
662;1;La Reina;final;1297.495;1746.131;1297.495;306.131;297.03
662.1;1;La Reina;final;1409.212;2679.131;1409.212;1239.131;74.47
663;1;La Reina;final;1279.243;1758.131;1279.243;318.131;300.873
664;1;La Reina;final;1319.295;1770.131;1319.295;330.131;296.725
665;1;La Reina;final;1182.862;1782.131;1182.862;342.131;252.274
666;1;La Reina;final;1362.895;1794.131;1362.895;354.131;297.03
667;1;La Reina;final;1373.795;1804.131;1373.795;364.131;297.03
668;1;La Reina;final;1384.695;1814.131;1384.695;374.131;297.03
669;1;La Reina;final;1395.595;1824.131;1395.595;384.131;297.03
670;1;La Reina;final;1262.862;1834.131;1262.862;394.131;252.579
671;1;La Reina;final;1379.212;1844.131;1379.212;404.131;297.03
672;1;La Reina;final;1394.212;1864.131;1394.212;424.131;297.03
673;1;La Reina;final;1479.438;1917.881;39.438;477.881;313.671
674;1;La Reina;final;1351.995;1929.131;1351.995;489.131;252.274
675;1;Vespucio Norte;final;700.117;1434.396;700.117;1434.396;303.907
675.1;1;Vespucio Norte;final;1331.964;2116.761;1331.964;676.761;221.326
676;1;Vespucio Norte;intermedia;660.867;684.0;660.867;684.0;276.624
676;2;Vespucio Norte;final;1016.389;1454.396;1016.389;14.396;96.05
676.1;1;Vespucio Norte;final;1265.123;2464.396;1265.123;1024.396;75.846
677;1;Vespucio Norte;intermedia;881.672;906.0;881.672;906.0;272.248
677;2;Vespucio Norte;final;1220.039;1474.396;1220.039;34.396;112.038
677.1;1;Vespucio Norte;final;1554.789;2601.786;114.789;1161.786;176.454
678;1;Vespucio Norte;intermedia;922.817;943.0;922.817;943.0;295.549
678;2;Vespucio Norte;final;1204.473;1494.396;1204.473;54.396;77.982
678.1;1;Vespucio Norte;final;1528.189;2640.396;88.189;1200.396;131.689
679;1;Vespucio Norte;final;1266.923;1674.262;1266.923;234.262;303.975
679.1;1;Vespucio Norte;final;1524.639;2702.946;84.639;1262.946;113.621
680;1;Vespucio Norte;final;1308.617;1764.196;1308.617;324.196;301.295
680.1;1;Vespucio Norte;final;1403.939;2754.346;1403.939;1314.346;38.07
681;1;Vespucio Norte;final;1287.493;1764.396;1287.493;324.396;293.319
682;1;Vespucio Norte;final;1240.143;1771.896;1240.143;331.896;281.362
683;1;Vespucio Norte;final;1247.131;1779.396;1247.131;339.396;256.723
684;1;Vespucio Norte;final;1353.867;1786.896;1353.867;346.896;303.431
685;1;Vespucio Norte;final;1232.423;1794.396;1232.423;354.396;263.084
686;1;Vespucio Norte;final;1150.548;1801.896;1150.548;361.896;230.75
687;1;Vespucio Norte;final;1339.689;1809.396;1339.689;369.396;281.635
688;1;Vespucio Norte;final;1238.206;1816.896;1238.206;376.896;260.947
688.1;1;Vespucio Norte;final;1461.523;2675.646;21.523;1235.646;96.05
689;1;Vespucio Norte;final;1150.651;1824.396;1150.651;384.396;207.676
690;1;Vespucio Norte;final;1198.389;1831.896;1198.389;391.896;227.444
691;1;Vespucio Norte;final;1189.823;1839.396;1189.823;399.396;225.308
692;1;Vespucio Norte;final;1404.784;1846.896;1404.784;406.896;301.295
693;1;Vespucio Norte;final;1307.493;1854.396;1307.493;414.396;270.978
694;1;Vespucio Norte;final;1376.413;1861.896;1376.413;421.896;296.697
694.1;1;Vespucio Norte;final;1428.396;2812.593;1428.396;1372.593;31.723
695;1;Vespucio Norte;final;1307.293;1869.396;1307.293;429.396;255.543
696;1;Vespucio Norte;final;1448.31;1876.896;8.31;436.896;299.913
697;1;Vespucio Norte;final;1278.017;1884.396;1278.017;444.396;231.824
698;1;Vespucio Norte;final;1356.143;1891.896;1356.143;451.896;281.362
699;1;Vespucio Norte;final;1490.373;1899.396;50.373;459.396;313.665
700;1;Vespucio Norte;final;1198.061;1906.896;1198.061;466.896;209.343
701;1;Vespucio Norte;final;1245.689;1914.396;1245.689;474.396;225.308
702;1;Vespucio Norte;final;1354.81;2535.762;1354.81;1095.762;94.124
703;1;Vespucio Norte;final;1580.41;2544.329;140.41;1104.329;187.743
704;1;Vespucio Norte;final;1553.743;2544.396;113.743;1104.396;187.743
705;1;Vespucio Norte;final;550.177;1338.243;550.177;1338.243;287.673
705.1;1;Vespucio Norte;final;1322.979;1986.887;1322.979;546.887;238.708
706;1;Vespucio Norte;intermedia;997.73;1031.0;997.73;1031.0;309.355
706;2;Vespucio Norte;final;1278.363;1358.243;1278.363;1358.243;90.744
706.1;1;Vespucio Norte;final;1391.847;2699.707;1391.847;1259.707;52.387
707;1;Vespucio Norte;final;1033.363;1378.243;1033.363;1378.243;309.873
707.1;1;Vespucio Norte;final;1468.729;2475.809;28.729;1035.809;187.229
708;1;Vespucio Norte;final;1084.579;1398.243;1084.579;1398.243;308.544
708.1;1;Vespucio Norte;final;1234.329;2518.07;1234.329;1078.07;65.415
709;1;Vespucio Norte;final;1297.823;1675.743;1297.823;235.743;311.496
709.1;1;Vespucio Norte;final;1550.359;2739.396;110.359;1299.396;106.081
710;1;Vespucio Norte;final;582.745;1683.243;582.745;243.243;131.486
711;1;Vespucio Norte;final;1262.206;1698.243;1262.206;258.243;299.67
711.1;1;Vespucio Norte;final;1488.189;2698.146;48.189;1258.146;96.05
712;1;Vespucio Norte;final;1081.034;1705.743;1081.034;265.743;237.536
712.1;1;Vespucio Norte;final;1337.677;2518.629;1337.677;1078.629;94.124
713;1;Vespucio Norte;final;1286.246;1720.743;1286.246;280.743;302.658
713.1;1;Vespucio Norte;final;1429.179;2721.654;1429.179;1281.654;69.951
714;1;Vespucio Norte;intermedia;1031.573;1035.0;1031.573;1035.0;225.275
714;2;Vespucio Norte;final;1335.689;1728.243;1335.689;288.243;96.05
714.1;1;Vespucio Norte;final;1567.493;2771.529;127.493;1331.529;106.081
715;1;Vespucio Norte;final;1111.034;1743.243;1111.034;303.243;229.654
716;1;Vespucio Norte;final;1379.567;1750.743;1379.567;310.743;311.931
717;1;Vespucio Norte;final;1131.034;1765.743;1131.034;325.743;229.654
718;1;Vespucio Norte;final;1196.734;1773.243;1196.734;333.243;243.282
719;1;Vespucio Norte;final;1275.689;1780.743;1275.689;340.743;264.03
720;1;Vespucio Norte;final;1288.017;1850.91;1288.017;410.91;259.548
721;1;Vespucio Norte;final;1383.793;1859.077;1383.793;419.077;314.832
721.1;1;Vespucio Norte;final;1607.077;2632.493;167.077;1192.493;185.573
722;1;Vespucio Norte;final;1238.017;1867.243;1238.017;427.243;229.654
723;1;Vespucio Norte;final;1181.034;1908.243;1181.034;468.243;199.761
724;1;Los Espinos;final;1283.517;1746.438;1283.517;306.438;312.76
724.1;1;Los Espinos;final;1505.5;2649.466;65.5;1209.466;158.974
725;1;Los Espinos;final;1239.712;1753.938;1239.712;313.938;291.869
725.1;1;Los Espinos;final;1314.795;2611.438;1314.795;1171.438;74.237
726;1;Los Espinos;final;1400.437;1761.438;1400.437;321.438;276.119
727;1;Los Espinos;final;1209.03;1768.938;1209.03;328.938;294.299
727.1;1;Los Espinos;final;1481.436;2629.865;41.436;1189.865;123.228
728;1;Los Espinos;final;1149.694;1776.438;1149.694;336.438;278.484
728.1;1;Los Espinos;final;1281.981;2499.292;1281.981;1059.292;90.272
729;1;Los Espinos;final;1277.817;1783.938;1277.817;343.938;312.76
730;1;Los Espinos;final;1317.717;1807.288;1317.717;367.288;312.76
731;1;Los Espinos;final;1389.32;1865.404;1389.32;425.404;311.223
732;1;Los Espinos;final;1168.902;1729.466;1168.902;289.466;310.41
732.1;1;Los Espinos;final;1480.614;2555.494;40.614;1115.494;133.932
733;1;Los Espinos;final;1274.795;1735.466;1274.795;295.466;241.217
734;1;Los Espinos;final;1288.666;1741.466;1288.666;301.466;292.814
734.1;1;Los Espinos;final;1501.116;2641.007;61.116;1201.007;120.567
735;1;Los Espinos;final;1182.984;1747.466;1182.984;307.466;293.473
735.1;1;Los Espinos;final;1306.317;2549.366;1306.317;1109.366;96.885
736;1;Los Espinos;final;1203.717;1753.466;1203.717;313.466;283.152
737;1;Los Espinos;final;1209.417;1759.466;1209.417;319.466;293.473
737.1;1;Los Espinos;final;1413.052;2577.866;1413.052;1137.866;134.292
738;1;Los Espinos;final;1214.795;1765.466;1214.795;325.466;292.986
738.1;1;Los Espinos;final;1472.684;2580.842;32.684;1140.842;178.302
739;1;Los Espinos;final;1312.017;1771.466;1312.017;331.466;312.767
740;1;Los Espinos;final;1220.817;1777.466;1220.817;337.466;283.152
740.1;1;Los Espinos;final;1569.649;2590.056;129.649;1150.056;151.6
741;1;Los Espinos;final;1332.072;1800.699;1332.072;360.699;284.537
741.1;1;Los Espinos;final;1415.121;2698.394;1415.121;1258.394;68.837
742;1;Los Espinos;final;535.912;1823.166;535.912;383.166;65.005
743;1;Los Espinos;final;1532.684;1840.016;92.684;400.016;311.975
744;1;Los Espinos;final;1239.681;1845.633;1239.681;405.633;266.9
745;1;Los Espinos;final;1323.417;1879.466;1323.417;439.466;283.152
746;1;Los Espinos;final;528.336;1726.846;528.336;286.846;98.692
747;1;Los Espinos;final;1257.035;1746.846;1257.035;306.846;302.248
747.1;1;Los Espinos;final;1345.984;2635.466;1345.984;1195.466;76.87
748;1;Los Espinos;final;1215.254;1766.846;1215.254;326.846;171.954
749;1;Los Espinos;final;1371.058;1774.346;1371.058;334.346;299.555
749.1;1;Los Espinos;final;1435.992;2804.408;1435.992;1364.408;26.07
750;1;Los Espinos;final;1345.48;1789.346;1345.48;349.346;307.815
750.1;1;Los Espinos;final;1536.416;2692.054;96.416;1252.054;126.097
751;1;Los Espinos;final;1261.955;1796.846;1261.955;356.846;264.826
752;1;Los Espinos;final;1372.73;1804.346;1372.73;364.346;307.815
753;1;Los Espinos;final;1335.372;1811.846;1335.372;371.846;280.758
753.1;1;Los Espinos;final;1484.648;2738.213;44.648;1298.213;88.146
754;1;Los Espinos;final;1394.749;1819.346;1394.749;379.346;308.863
754.1;1;Los Espinos;final;1466.967;2741.63;26.967;1301.63;78.304
755;1;Los Espinos;final;1281.379;1892.846;1281.379;452.846;237.459
756;1;Los Espinos;final;1352.255;1745.196;1352.255;305.196;309.356
757;1;Los Espinos;final;1376.925;1752.696;1376.925;312.696;297.637
757.1;1;Los Espinos;final;1470.642;2813.008;30.642;1373.008;49.928
758;1;Los Espinos;final;1353.906;1760.196;1353.906;320.196;307.391
758.1;1;Los Espinos;final;1515.374;2705.658;75.374;1265.658;116.834
759;1;Los Espinos;final;1240.407;1767.696;1240.407;327.696;261.418
760;1;Los Espinos;final;1247.046;1775.196;1247.046;335.196;265.837
761;1;Los Espinos;final;1298.055;1782.696;1298.055;342.696;280.324
761.1;1;Los Espinos;final;1458.755;2672.545;18.755;1232.545;100.132
762;1;Los Espinos;final;1377.955;1790.196;1377.955;350.196;307.874
763;1;Los Espinos;final;1193.755;1797.696;1193.755;357.696;231.026
764;1;Los Espinos;final;1418.752;1804.612;1418.752;364.612;307.201
764.1;1;Los Espinos;final;1512.684;2804.971;72.684;1364.971;72.498
765;1;Los Espinos;final;1245.027;1811.529;1245.027;371.529;254.97
766;1;Los Espinos;final;1396.523;1832.279;1396.523;392.279;304.219
766.1;1;Los Espinos;final;1536.048;2750.708;96.048;1310.708;110.954
767;1;Los Espinos;final;1277.794;1846.112;1277.794;406.112;254.97
768;1;Los Espinos;final;1225.038;1853.029;1225.038;413.029;207.834
769;1;Los Espinos;final;1483.355;1859.946;43.355;419.946;310.508
770;1;Los Espinos;final;1187.486;1866.862;1187.486;426.862;202.141
771;1;Los Espinos;final;1312.06;1887.696;1312.06;447.696;253.178
772;1;Los Espinos;final;125.231;1368.849;125.231;1368.849;100.881
773;1;Los Espinos;final;348.731;1388.849;348.731;1388.849;205.053
774;1;Los Espinos;final;375.731;1408.849;375.731;1408.849;205.053
775;1;Los Espinos;final;402.731;1428.849;402.731;1428.849;205.053
776;1;Los Espinos;final;429.731;1455.849;429.731;15.849;205.053
777;1;Los Espinos;final;654.324;1400.053;654.324;1400.053;307.488
777.1;1;Los Espinos;final;1461.258;2015.708;21.258;575.708;292.522
778;1;Los Espinos;final;708.785;1420.053;708.785;1420.053;311.222
778.1;1;Los Espinos;final;1293.702;2084.359;1293.702;644.359;180.375
779;1;Los Espinos;final;804.554;1440.053;804.554;0.053;308.445
779.1;1;Los Espinos;final;1431.323;2247.646;1431.323;807.646;198.581
780;1;Los Espinos;final;1046.354;1460.053;1046.354;20.053;290.286
780.1;1;Los Espinos;final;1346.936;2452.996;1346.936;1012.996;123.501
781;1;Los Espinos;final;864.554;1487.053;864.554;47.053;308.445
781.1;1;Los Espinos;final;1364.936;2310.196;1364.936;870.196;169.335
782;1;Santa Rosa;final;1156.665;1741.937;1156.665;301.937;311.456
782.1;1;Santa Rosa;final;1337.976;2469.118;1337.976;1029.118;124.883
783;1;Santa Rosa;final;564.931;1746.937;564.931;306.937;112.951
784;1;Santa Rosa;final;1202.975;1751.937;1202.975;311.937;273.983
784.1;1;Santa Rosa;final;1530.785;2596.388;90.785;1156.388;157.191
785;1;Santa Rosa;final;576.631;1756.937;576.631;316.937;112.951
786;1;Santa Rosa;final;1216.665;1761.937;1216.665;321.937;298.567
786.1;1;Santa Rosa;final;1281.608;2530.468;1281.608;1090.468;84.356
787;1;Santa Rosa;final;1220.468;1766.937;1220.468;326.937;301.464
787.1;1;Santa Rosa;final;1271.402;2541.875;1271.402;1101.875;76.982
788;1;Santa Rosa;final;1228.125;1771.937;1228.125;331.937;284.342
788.1;1;Santa Rosa;final;1368.057;2623.055;1368.057;1183.055;74.855
789;1;Santa Rosa;final;524.375;1776.937;524.375;336.937;81.906
790;1;Santa Rosa;final;603.931;1781.937;603.931;341.937;112.951
791;1;Santa Rosa;final;1329.608;1786.937;1329.608;346.937;295.75
791.1;1;Santa Rosa;final;1441.981;2722.737;1.981;1282.737;83.007
792;1;Santa Rosa;final;611.731;1791.937;611.731;351.937;112.951
793;1;Santa Rosa;final;1236.692;1796.937;1236.692;356.937;297.231
793.1;1;Santa Rosa;final;1374.723;2629.721;1374.723;1189.721;74.855
794;1;Santa Rosa;final;1294.723;1801.937;1294.723;361.937;300.313
795;1;Santa Rosa;final;1258.415;1813.17;1258.415;373.17;311.456
795.1;1;Santa Rosa;final;1464.535;2572.768;24.535;1132.768;156.02
796;1;Santa Rosa;final;1288.057;1891.937;1288.057;451.937;258.144
797;1;Los Espinos;final;1142.092;1789.763;1142.092;349.763;300.882
797.1;1;Los Espinos;final;1311.789;2495.642;1311.789;1055.642;92.665
798;1;Los Espinos;final;1263.046;1803.597;1263.046;363.597;278.59
799;1;Los Espinos;final;1260.368;1744.362;1260.368;304.362;297.414
799.1;1;Los Espinos;final;1458.809;2601.359;18.809;1161.359;125.87
800;1;Los Espinos;final;1234.208;1751.029;1234.208;311.029;287.506
800.1;1;Los Espinos;final;1339.957;2603.754;1339.957;1163.754;76.497
801;1;Los Espinos;final;1312.78;1757.696;1312.78;317.696;314.099
801.1;1;Los Espinos;final;1508.132;2659.388;68.132;1219.388;125.219
802;1;Los Espinos;final;1258.204;1764.362;1258.204;324.362;269.747
803;1;Los Espinos;final;1340.552;1771.029;1340.552;331.029;290.435
803.1;1;Los Espinos;final;1543.668;2684.859;103.668;1244.859;126.004
804;1;Los Espinos;final;1213.702;1777.696;1213.702;337.696;242.724
805;1;Los Espinos;final;1426.159;1784.362;1426.159;344.362;260.474
806;1;Los Espinos;final;1194.384;1791.029;1194.384;351.029;278.538
806.1;1;Los Espinos;final;1519.282;2577.287;79.282;1137.287;158.972
807;1;Los Espinos;final;1321.554;1797.696;1321.554;357.696;269.747
808;1;Los Espinos;final;1304.289;1809.696;1304.289;369.696;301.039
808.1;1;Los Espinos;final;1464.472;2678.794;24.472;1238.794;101.128
809;1;Los Espinos;final;1423.004;1815.696;1423.004;375.696;314.249
809.1;1;Los Espinos;final;1496.658;2813.362;56.658;1373.362;60.2
810;1;Los Espinos;final;1353.275;1821.696;1353.275;381.696;272.453
810.1;1;Los Espinos;final;1455.674;2787.275;15.674;1347.275;49.868
811;1;Los Espinos;final;1336.651;1827.696;1336.651;387.696;290.838
811.1;1;Los Espinos;final;1524.472;2727.237;84.472;1287.237;105.45
812;1;Los Espinos;final;1425.83;1839.696;1425.83;399.696;300.564
813;1;Los Espinos;final;1321.955;1851.696;1321.955;411.696;273.323
813.1;1;Los Espinos;final;1422.313;2698.245;1422.313;1258.245;72.977
814;1;Los Espinos;final;1152.092;1881.696;1152.092;441.696;266.149
815;1;Los Espinos;final;1253.702;1887.696;1253.702;447.696;232.892
816;1;Los Espinos;final;1522.839;2517.696;82.839;1077.696;204.219
817;1;Los Espinos;final;1198.425;1768.061;1198.425;328.061;282.355
818;1;Los Espinos;final;1293.682;1776.628;1293.682;336.628;307.419
818.1;1;Los Espinos;final;1371.934;2637.363;1371.934;1197.363;78.304
819;1;Los Espinos;final;1258.972;1785.194;1258.972;345.194;290.272
819.1;1;Los Espinos;final;1391.554;2661.573;1391.554;1221.573;73.862
820;1;Los Espinos;final;1201.189;1793.761;1201.189;353.761;270.465
821;1;Los Espinos;final;1381.823;1793.794;1381.823;353.794;312.704
821.1;1;Los Espinos;final;1431.172;2753.704;1431.172;1313.704;53.893
822;1;Los Espinos;final;1283.511;1800.711;1283.511;360.711;304.912
823;1;Los Espinos;final;1231.375;1807.628;1231.375;367.628;281.477
824;1;Los Espinos;final;1263.789;1869.878;1263.789;429.878;248.904
825;1;Los Espinos;final;1429.713;1883.794;1429.713;443.794;313.521
825.1;1;Los Espinos;final;1499.817;2775.221;59.817;1335.221;75.447
826;1;Los Espinos;final;1276.651;1722.363;1276.651;282.363;308.473
826.1;1;Los Espinos;final;1395.13;2658.037;1395.13;1218.037;75.176
827;1;Los Espinos;final;1123.667;1727.363;1123.667;287.363;288.712
827.1;1;Los Espinos;final;1274.63;2522.737;1274.63;1082.737;75.176
828;1;Los Espinos;final;1291.659;1732.363;1291.659;292.363;304.811
828.1;1;Los Espinos;final;1476.81;2648.302;36.81;1208.302;118.927
829;1;Los Espinos;final;1225.884;1742.363;1225.884;302.363;296.853
829.1;1;Los Espinos;final;1487.058;2607.287;47.058;1167.287;133.029
830;1;Los Espinos;final;1218.425;1747.363;1218.425;307.363;312.354
830.1;1;Los Espinos;final;1522.499;2595.904;82.499;1155.904;156.639
831;1;Los Espinos;final;1223.632;1752.363;1223.632;312.363;311.446
831.1;1;Los Espinos;final;1513.151;2567.363;73.151;1127.363;156.581
832;1;Los Espinos;final;1332.353;1757.363;1332.353;317.363;310.456
832.1;1;Los Espinos;final;1425.281;2724.921;1425.281;1284.921;64.248
833;1;Los Espinos;final;1237.732;1767.363;1237.732;327.363;302.969
834;1;Los Espinos;final;1243.017;1772.363;1243.017;332.363;299.267
834.1;1;Los Espinos;final;1392.932;2625.287;1392.932;1185.287;78.281
835;1;Los Espinos;final;1350.484;1777.363;1350.484;337.363;304.993
836;1;Los Espinos;final;1266.484;1783.363;1266.484;343.363;295.787
836.1;1;Los Espinos;final;1392.116;2650.137;1392.116;1210.137;78.281
837;1;Los Espinos;final;1323.682;1789.363;1323.682;349.363;310.319
837.1;1;Los Espinos;final;1517.163;2667.363;77.163;1227.363;125.849
838;1;Los Espinos;final;1203.955;1801.363;1203.955;361.363;285.489
838.1;1;Los Espinos;final;1414.602;2608.213;1414.602;1168.213;98.622
839;1;Los Espinos;final;1259.511;1837.363;1259.511;397.363;266.907
840;1;Los Espinos;final;1314.484;1867.363;1314.484;427.363;280.369
840.1;1;Los Espinos;final;1443.516;2701.537;3.516;1261.537;78.281
841;1;Los Espinos;final;1340.889;1879.363;1340.889;439.363;292.467
841.1;1;Los Espinos;final;1448.013;2723.945;8.013;1283.945;72.977
842;1;Los Espinos;final;1385.801;1885.363;1385.801;445.363;309.633
842.1;1;Los Espinos;final;1505.163;2775.287;65.163;1335.287;75.176
843;1;Los Espinos;final;1374.266;1891.363;1374.266;451.363;285.952
844;1;Los Espinos;final;1351.175;2447.863;1351.175;1007.863;132.258
845;1;Los Espinos;final;676.824;1403.794;676.824;1403.794;295.576
845.1;1;Los Espinos;final;1357.634;2045.708;1357.634;605.708;231.875
846;1;Los Espinos;final;931.963;1423.794;931.963;1423.794;312.083
846.1;1;Los Espinos;final;1408.394;2296.054;1408.394;856.054;194.12
847;1;Los Espinos;final;1081.29;1463.794;1081.29;23.794;305.319
847.1;1;Los Espinos;final;1276.707;2426.056;1276.707;986.056;101.746
848;1;Los Espinos;final;764.234;1387.363;764.234;1387.363;297.054
848.1;1;Los Espinos;final;1486.484;2213.537;46.484;773.537;257.8
849;1;Los Espinos;final;876.225;1417.363;876.225;1417.363;296.267
850;1;Los Espinos;final;762.166;1447.363;762.166;7.363;283.019
850.1;1;Los Espinos;final;1284.03;2125.363;1284.03;685.363;195.176
851;1;Los Espinos;final;924.463;1403.995;924.463;1403.995;307.806
851.1;1;Los Espinos;final;1346.651;2288.554;1346.651;848.554;158.081
852;1;Los Espinos;final;969.463;1423.995;969.463;1423.995;307.806
852.1;1;Los Espinos;final;1202.194;2332.354;1202.194;892.354;115.844
853;1;Los Espinos;final;984.463;1443.995;984.463;3.995;302.958
853.1;1;Los Espinos;final;1537.596;2343.888;97.596;903.888;257.26
854;1;Los Espinos;final;1256.38;1753.995;1256.38;313.995;301.271
854.1;1;Los Espinos;final;1435.163;2601.354;1435.163;1161.354;114.043
855;1;Los Espinos;final;1227.894;1773.995;1227.894;333.995;287.323
856;1;Los Espinos;final;1351.379;1793.995;1351.379;353.995;310.111
856.1;1;Los Espinos;final;1431.754;2683.946;1431.754;1243.946;80.286
857;1;Los Espinos;final;1300.368;1802.161;1300.368;362.161;273.378
858;1;Los Espinos;final;1389.08;1810.328;1389.08;370.328;298.857
858.1;1;Los Espinos;final;1570.682;2735.221;130.682;1295.221;126.097
859;1;Los Espinos;final;1383.521;1818.495;1383.521;378.495;292.258
860;1;Los Espinos;final;1425.413;1875.661;1425.413;435.661;306.882
860.1;1;Los Espinos;final;1484.838;2748.246;44.838;1308.246;80.286
861;1;Los Espinos;final;1442.107;1883.828;2.107;443.828;306.927
861.1;1;Los Espinos;final;1560.802;2822.563;120.802;1382.563;80.693
862;1;Los Espinos;final;1351.039;1883.995;1351.039;443.995;272.536
863;1;Los Espinos;final;1067.456;1388.554;1067.456;1388.554;312.968
863.1;1;Los Espinos;final;1463.708;2468.265;23.708;1028.265;157.361
864;1;Los Espinos;final;1115.903;1418.554;1115.903;1418.554;313.034
864.1;1;Los Espinos;final;1490.868;2522.941;50.868;1082.941;160.882
865;1;Los Espinos;final;1272.355;1730.554;1272.355;290.554;301.231
865.1;1;Los Espinos;final;1370.913;2646.845;1370.913;1206.845;72.977
866;1;Los Espinos;final;1284.484;1742.554;1284.484;302.554;304.363
866.1;1;Los Espinos;final;1576.666;2667.287;136.666;1227.287;158.094
867;1;Los Espinos;final;1190.922;1754.554;1190.922;314.554;279.549
867.1;1;Los Espinos;final;1493.163;2565.194;53.163;1125.194;153.488
868;1;Los Espinos;final;1267.374;1766.554;1267.374;326.554;278.665
868.1;1;Los Espinos;final;1364.674;2639.521;1364.674;1199.521;76.497
869;1;Los Espinos;final;537.739;1786.721;537.739;346.721;71.871
870;1;Los Espinos;final;1241.955;1794.888;1241.955;354.888;288.978
870.1;1;Los Espinos;final;1559.532;2633.811;119.532;1193.811;153.481
871;1;Los Espinos;final;1298.854;1803.054;1298.854;363.054;275.126
872;1;Los Espinos;final;1291.699;1811.221;1291.699;371.221;264.751
873;1;Los Espinos;final;1328.206;1819.388;1328.206;379.388;298.835
873.1;1;Los Espinos;final;1448.305;2679.958;8.305;1239.958;95.275
874;1;Los Espinos;final;1289.489;1835.721;1289.489;395.721;288.978
875;1;Los Espinos;final;1291.955;1843.888;1291.955;403.888;288.978
875.1;1;Los Espinos;final;1540.277;2667.745;100.277;1227.745;148.668
876;1;Los Espinos;final;1356.689;1860.221;1356.689;420.221;293.364
877;1;Los Espinos;final;1280.032;1868.554;1280.032;428.554;265.56
878;1;Los Espinos;final;1409.867;2470.721;1409.867;1030.721;144.775
879;1;Los Espinos;final;1329.194;2479.938;1329.194;1039.938;115.844
880;1;Los Espinos;final;1372.634;2507.121;1372.634;1067.121;119.324
881;1;Los Espinos;intermedia;692.075;739.0;692.075;739.0;279.259
881;2;Los Espinos;final;1258.858;1399.763;1258.858;1399.763;162.594
881.1;1;Los Espinos;final;1355.802;2693.008;1355.802;1253.008;41.89
882;1;Los Espinos;final;813.572;1429.763;813.572;1429.763;291.515
882.1;1;Los Espinos;final;1322.866;2210.044;1322.866;770.044;198.813
883;1;Los Espinos;final;505.836;1759.763;505.836;319.763;78.975
884;1;Los Espinos;final;563.886;1774.763;563.886;334.763;89.882
885;1;Los Espinos;final;1405.21;1789.763;1405.21;349.763;302.321
886;1;Los Espinos;final;1412.468;1879.763;1412.468;439.763;302.619
887;1;Los Espinos;final;952.987;1407.696;952.987;1407.696;295.949
887.1;1;Los Espinos;final;1505.437;2354.678;65.437;914.678;214.718
888;1;Los Espinos;final;840.266;1437.696;840.266;1437.696;307.478
888.1;1;Los Espinos;final;1468.004;2261.163;28.004;821.163;219.916
889;1;Los Espinos;final;1280.368;1737.696;1280.368;297.696;294.436
890;1;Los Espinos;final;1240.934;1742.696;1240.934;302.696;291.652
890.1;1;Los Espinos;final;1355.511;2622.657;1355.511;1182.657;75.757
891;1;Los Espinos;final;1126.389;1747.696;1126.389;307.696;234.305
892;1;Los Espinos;final;1308.322;1752.696;1308.322;312.696;288.893
893;1;Los Espinos;final;1254.291;1757.696;1254.291;317.696;288.465
893.1;1;Los Espinos;final;1449.427;2605.708;9.427;1165.708;122.437
894;1;Los Espinos;final;1233.017;1762.696;1233.017;322.696;285.226
894.1;1;Los Espinos;final;1373.682;2617.287;1373.682;1177.287;77.404
895;1;Los Espinos;final;1329.221;1767.696;1329.221;327.696;291.576
895.1;1;Los Espinos;final;1447.139;2714.796;7.139;1274.796;76.97
896;1;Los Espinos;final;1261.427;1772.696;1261.427;332.696;278.188
896.1;1;Los Espinos;final;1367.294;2602.42;1367.294;1162.42;92.765
897;1;Los Espinos;final;1259.221;1777.696;1259.221;337.696;288.089
898;1;Los Espinos;final;1268.239;1782.696;1268.239;342.696;287.419
898.1;1;Los Espinos;final;1403.655;2615.708;1403.655;1175.708;95.275
899;1;Los Espinos;final;1301.379;1787.696;1301.379;347.696;275.856
900;1;Los Espinos;final;1332.552;1792.696;1332.552;352.696;293.626
900.1;1;Los Espinos;final;1526.535;2673.609;86.535;1233.609;126.004
901;1;Los Espinos;final;1344.484;1804.112;1344.484;364.112;292.102
901.1;1;Los Espinos;final;1456.732;2727.287;16.732;1287.287;77.404
902;1;Los Espinos;final;1408.355;1810.529;1408.355;370.529;314.95
902.1;1;Los Espinos;final;1475.437;2812.471;35.437;1372.471;47.167
903;1;Los Espinos;final;1361.031;1823.362;1361.031;383.362;276.505
904;1;Los Espinos;final;1361.934;1829.779;1361.934;389.779;297.771
904.1;1;Los Espinos;final;1547.107;2744.42;107.107;1304.42;111.903
905;1;Los Espinos;final;1177.486;1842.612;1177.486;402.612;231.572
906;1;Los Espinos;final;1331.659;1849.029;1331.659;409.029;291.579
907;1;Los Espinos;final;1263.967;1861.862;1263.967;421.862;241.307
908;1;Los Espinos;final;1247.336;1874.696;1247.336;434.696;298.418
908.1;1;Los Espinos;final;1361.659;2620.709;1361.659;1180.709;78.812
909;1;Los Espinos;final;1431.989;1887.696;1431.989;447.696;308.642
909.1;1;Los Espinos;final;1508.166;2838.213;68.166;1398.213;52.399
910;1;Los Espinos;final;1344.364;1808.789;1344.364;368.789;292.745
911;1;Los Espinos;final;1324.733;1821.639;1324.733;381.639;274.9
912;1;Los Espinos;final;1193.055;1873.039;1193.055;433.039;215.45
913;1;Los Espinos;final;1337.76;1898.789;1337.76;458.789;263.619
914;1;Los Espinos;final;1241.427;1737.696;1241.427;297.696;298.134
914.1;1;Los Espinos;final;1362.021;2580.391;1362.021;1140.391;92.506
915;1;Los Espinos;final;1291.04;1752.696;1291.04;312.696;279.957
915.1;1;Los Espinos;final;1491.989;2659.521;51.989;1219.521;121.826
916;1;Los Espinos;final;1274.466;1767.696;1274.466;327.696;282.823
916.1;1;Los Espinos;final;1392.102;2641.013;1392.102;1201.013;80.693
917;1;Los Espinos;final;1294.222;1782.696;1294.222;342.696;273.58
918;1;Los Espinos;final;1371.379;1797.696;1371.379;357.696;313.037
918.1;1;Los Espinos;final;1498.103;2696.846;58.103;1256.846;109.598
919;1;Los Espinos;final;1417.139;1820.196;1417.139;380.196;306.765
919.1;1;Los Espinos;final;1490.85;2826.573;50.85;1386.573;48.363
920;1;Los Espinos;final;1399.581;1842.696;1399.581;402.696;308.95
921;1;Los Espinos;final;1374.644;1865.196;1374.644;425.196;291.492
922;1;Los Espinos;final;550.836;1876.446;550.836;436.446;44.862
923;1;Los Espinos;final;1312.955;1887.696;1312.955;447.696;245.932
924;1;Los Espinos;final;744.604;1399.521;744.604;1399.521;266.602
924.1;1;Los Espinos;final;1503.809;2187.696;63.809;747.696;265.471
925;1;Los Espinos;final;812.086;1429.521;812.086;1429.521;309.061
925.1;1;Los Espinos;final;1155.941;2218.658;1155.941;778.658;117.94
926;1;Los Espinos;final;1283.374;1755.221;1283.374;315.221;285.021
926.1;1;Los Espinos;final;1403.352;2652.263;1403.352;1212.263;80.693
927;1;Los Espinos;final;1295.621;1763.788;1295.621;323.788;286.523
928;1;Los Espinos;final;1309.672;1772.354;1309.672;332.354;306.152
929;1;Los Espinos;final;1303.375;1780.921;1303.375;340.921;298.457
929.1;1;Los Espinos;final;1541.427;2684.678;101.427;1244.678;132.201
930;1;Los Espinos;final;1281.832;1789.488;1281.832;349.488;304.046
930.1;1;Los Espinos;final;1349.771;2652.263;1349.771;1212.263;60.569
931;1;Los Espinos;final;1200.055;1789.521;1200.055;349.521;267.652
932;1;Los Espinos;final;1361.072;1804.521;1361.072;364.521;308.761
933;1;Los Espinos;final;1399.622;1872.021;1399.622;432.021;294.573
934;1;Los Espinos;final;1400.671;1879.521;1400.671;439.521;292.438
935;1;Los Espinos;final;930.579;1385.708;930.579;1385.708;312.897
935.1;1;Los Espinos;final;1311.227;2351.379;1311.227;911.379;137.475
936;1;Los Espinos;final;834.438;1415.708;834.438;1415.708;268.605
936.1;1;Los Espinos;final;1529.096;2272.696;89.096;832.696;238.17
937;1;Los Espinos;final;846.868;1445.708;846.868;5.708;303.24
937.1;1;Los Espinos;final;1526.484;2200.359;86.484;760.359;268.358
938;1;Los Espinos;final;1133.93;1670.542;1133.93;230.542;287.556
938.1;1;Los Espinos;final;1374.173;2563.199;1374.173;1123.199;94.482
939;1;Los Espinos;final;1268.204;1715.708;1268.204;275.708;283.437
939.1;1;Los Espinos;final;1395.413;2652.696;1395.413;1212.696;80.891
940;1;Los Espinos;final;1259.374;1723.208;1259.374;283.208;290.432
940.1;1;Los Espinos;final;1327.271;2629.763;1327.271;1189.763;60.569
941;1;Los Espinos;final;1265.479;1738.208;1265.479;298.208;291.195
941.1;1;Los Espinos;final;1348.204;2586.846;1348.204;1146.846;80.286
942;1;Los Espinos;final;1365.389;1745.708;1365.389;305.708;309.531
942.1;1;Los Espinos;final;1528.707;2768.213;88.707;1328.213;95.712
943;1;Los Espinos;final;1307.374;1760.708;1307.374;320.708;289.624
943.1;1;Los Espinos;final;1553.371;2674.763;113.371;1234.763;139.209
944;1;Los Espinos;final;1328.936;1768.208;1328.936;328.208;302.876
944.1;1;Los Espinos;final;1514.668;2738.191;74.668;1298.191;94.391
945;1;Los Espinos;final;1255.254;1775.708;1255.254;335.708;280.605
946;1;Los Espinos;final;1400.85;1835.708;1400.85;395.708;305.796
947;1;Los Espinos;final;1378.239;1843.208;1378.239;403.208;287.418
948;1;Los Espinos;final;1247.486;1850.708;1247.486;410.708;254.978
949;1;Los Espinos;final;1430.85;1858.208;1430.85;418.208;311.518
949.1;1;Los Espinos;final;1494.721;2814.678;54.721;1374.678;55.059
950;1;Los Espinos;final;1367.504;1865.708;1367.504;425.708;280.641
951;1;Los Espinos;final;1434.721;2495.708;1434.721;1055.708;156.136
952;1;Santa Rosa;final;1206.502;1719.976;1206.502;279.976;290.325
952.1;1;Santa Rosa;final;1306.109;2599.037;1306.109;1159.037;62.383
953;1;Santa Rosa;final;1268.015;1726.642;1268.015;286.642;313.346
953.1;1;Santa Rosa;final;1423.563;2618.536;1423.563;1178.536;105.022
954;1;Santa Rosa;final;1242.136;1733.309;1242.136;293.309;278.133
954.1;1;Santa Rosa;final;1457.302;2671.382;17.302;1231.382;95.13
955;1;Santa Rosa;final;1230.891;1739.976;1230.891;299.976;294.68
955.1;1;Santa Rosa;final;1332.933;2609.039;1332.933;1169.039;66.243
956;1;Santa Rosa;final;1237.648;1746.642;1237.648;306.642;312.954
956.1;1;Santa Rosa;final;1480.187;2587.597;40.187;1147.597;128.366
957;1;Santa Rosa;final;1338.903;1753.309;1338.903;313.309;298.574
958;1;Santa Rosa;final;1249.91;1766.642;1249.91;326.642;281.546
959;1;Santa Rosa;final;589.511;1773.309;589.511;333.309;124.77
960;1;Santa Rosa;final;1304.628;1785.592;1304.628;345.592;299.014
960.1;1;Santa Rosa;final;1362.982;2655.831;1362.982;1215.831;63.649
961;1;Santa Rosa;final;613.544;1791.209;613.544;351.209;124.77
962;1;Santa Rosa;final;1207.703;1808.059;1207.703;368.059;255.96
962.1;1;Santa Rosa;final;1439.636;2638.981;1439.636;1198.981;113.994
963;1;Santa Rosa;final;1285.002;1813.676;1285.002;373.676;284.456
964;1;Santa Rosa;final;1251.388;1830.526;1251.388;390.526;251.037
965;1;Santa Rosa;final;1342.752;1841.759;1342.752;401.759;303.562
966;1;Santa Rosa;final;1285.271;1847.376;1285.271;407.376;255.657
967;1;Santa Rosa;final;1332.394;1852.992;1332.394;412.992;285.817
968;1;Santa Rosa;final;1346.917;1858.609;1346.917;418.609;292.822
969;1;Santa Rosa;final;1393.563;1869.976;1393.563;429.976;290.504
970;1;Los Espinos;final;1342.634;1789.521;1342.634;349.521;310.735
970.1;1;Los Espinos;final;1404.721;2724.678;1404.721;1284.678;55.059
971;1;Los Espinos;final;1355.374;1800.771;1355.374;360.771;286.519
972;1;Los Espinos;final;1320.896;1879.521;1320.896;439.521;289.492
972.1;1;Los Espinos;final;1401.701;2667.554;1401.701;1227.554;75.447
973;1;Los Espinos;final;1356.552;1775.708;1356.552;335.708;308.958
974;1;Los Espinos;final;1384.55;1783.875;1384.55;343.875;304.775
974.1;1;Los Espinos;final;1499.126;2821.542;59.126;1381.542;56.977
975;1;Los Espinos;final;1341.227;1800.208;1341.227;360.208;279.337
976;1;Los Espinos;final;1216.354;1865.708;1216.354;425.708;233.282
977;1;Los Espinos;final;1506.473;2469.942;66.473;1029.942;216.245
978;1;Vespucio Norte;final;1363.445;1749.372;1363.445;309.372;265.553
979;1;Vespucio Norte;final;1216.262;1753.972;1216.262;313.972;217.514
980;1;Vespucio Norte;final;1336.445;1758.572;1336.445;318.572;265.553
981;1;Vespucio Norte;final;1390.445;1763.172;1390.445;323.172;286.16
982;1;Vespucio Norte;final;1341.312;1767.772;1341.312;327.772;265.553
983;1;Vespucio Norte;final;1425.762;1772.372;1425.762;332.372;292.987
983.1;1;Vespucio Norte;final;1492.428;2832.705;52.428;1392.705;43.852
984;1;Vespucio Norte;final;1466.378;1776.972;26.378;336.972;299.814
985;1;Vespucio Norte;final;1246.262;1781.572;1246.262;341.572;222.107
986;1;Vespucio Norte;final;1363.578;1786.172;1363.578;346.172;260.96
987;1;Vespucio Norte;final;1465.762;1790.772;25.762;350.772;309.0
988;1;Vespucio Norte;final;1264.262;1795.372;1264.262;355.372;231.293
989;1;Vespucio Norte;final;1288.247;1799.972;1288.247;359.972;261.074
990;1;Vespucio Norte;final;1354.445;1804.572;1354.445;364.572;249.54
991;1;Vespucio Norte;final;1210.262;1809.372;1210.262;369.372;199.266
992;1;Vespucio Norte;final;1172.862;1814.372;1172.862;374.372;187.846
993;1;Vespucio Norte;final;1449.245;1819.372;9.245;379.372;283.801
994;1;Vespucio Norte;final;1300.262;1839.372;1300.262;399.372;219.873
995;1;Vespucio Norte;final;1397.845;1899.372;1397.845;459.372;228.934
996;1;Vespucio Norte;final;1318.262;1749.372;1318.262;309.372;265.553
997;1;Vespucio Norte;final;1282.262;1754.372;1282.262;314.372;233.527
998;1;Vespucio Norte;final;1270.262;1759.372;1270.262;319.372;238.12
999;1;Vespucio Norte;final;1451.317;1764.372;11.317;324.372;240.997
1000;1;Vespucio Norte;final;1254.612;1769.372;1254.612;329.372;233.527
1001;1;Vespucio Norte;final;1412.428;1774.372;1412.428;334.372;288.394
1001.1;1;Vespucio Norte;final;1479.095;2819.372;39.095;1379.372;43.852
1002;1;Vespucio Norte;final;1166.678;1809.372;1166.678;369.372;183.253
1003;1;Vespucio Norte;final;1483.512;1821.072;43.512;381.072;297.58
1004;1;Vespucio Norte;final;1281.862;1844.472;1281.862;404.472;201.5
1005;1;Vespucio Norte;final;1275.978;1848.372;1275.978;408.372;206.093
1006;1;Vespucio Norte;final;1303.247;1891.272;1303.247;451.272;233.64
1007;1;Los Espinos;final;684.324;1403.995;684.324;1403.995;309.078
1007.1;1;Los Espinos;final;1502.041;2053.208;62.041;613.208;305.197
1008;1;Los Espinos;final;961.288;1423.995;961.288;1423.995;312.112
1008.1;1;Los Espinos;final;1525.277;2387.471;85.277;947.471;222.993
1009;1;Los Espinos;final;976.432;1443.995;976.432;3.995;304.506
1009.1;1;Los Espinos;final;1548.809;2397.263;108.809;957.263;248.815
1010;1;Los Espinos;final;1258.208;1757.995;1258.208;317.995;298.523
1010.1;1;Los Espinos;final;1517.596;2629.521;77.596;1189.521;148.066
1011;1;Los Espinos;final;1201.842;1769.995;1201.842;329.995;257.26
1012;1;Los Espinos;final;1271.955;1781.995;1271.955;341.995;290.142
1012.1;1;Los Espinos;final;1493.655;2646.644;53.655;1206.644;122.878
1013;1;Los Espinos;final;1248.204;1793.995;1248.204;353.995;262.88
1013.1;1;Los Espinos;final;1380.413;2637.696;1380.413;1197.696;80.891
1014;1;Los Espinos;final;1278.204;1803.995;1278.204;363.995;265.176
1015;1;Los Espinos;final;1297.166;1813.995;1297.166;373.995;297.507
1015.1;1;Los Espinos;final;1359.322;2639.863;1359.322;1199.863;73.489
1016;1;Los Espinos;final;1311.68;1863.995;1311.68;423.995;290.084
1017;1;Los Espinos;final;1428.125;1883.995;1428.125;443.995;299.146
1017.1;1;Los Espinos;final;1533.809;2810.709;93.809;1370.709;78.812
1018;1;Los Espinos;final;655.621;1385.708;655.621;1385.708;274.162
1018.1;1;Los Espinos;final;1432.614;2090.196;1432.614;650.196;242.763
1019;1;Los Espinos;final;1150.606;1415.708;1150.606;1415.708;297.825
1019.1;1;Los Espinos;final;1260.171;2528.394;1260.171;1088.394;68.837
1020;1;Los Espinos;final;1165.191;1445.708;1165.191;5.708;309.819
1020.1;1;Los Espinos;final;1580.496;2539.763;140.496;1099.763;194.264
1021;1;Los Espinos;final;1024.182;1580.708;1024.182;140.708;302.89
1021.1;1;Los Espinos;final;1271.511;2377.296;1271.511;937.296;125.569
1022;1;Los Espinos;final;1177.12;1648.208;1177.12;208.208;307.877
1022.1;1;Los Espinos;final;1270.665;2554.971;1270.665;1114.971;64.248
1023;1;Los Espinos;final;1292.022;1730.708;1292.022;290.708;308.601
1023.1;1;Los Espinos;final;1517.058;2667.544;77.058;1227.544;129.585
1024;1;Los Espinos;final;1282.208;1738.208;1282.208;298.208;310.925
1024.1;1;Los Espinos;final;1521.036;2659.42;81.036;1219.42;138.269
1025;1;Los Espinos;final;1249.221;1745.708;1249.221;305.708;287.453
1025.1;1;Los Espinos;final;1460.85;2637.696;20.85;1197.696;107.263
1026;1;Los Espinos;final;1251.922;1760.708;1251.922;320.708;310.893
1027;1;Los Espinos;final;1280.122;1768.208;1280.122;328.208;304.605
1028;1;Los Espinos;final;1311.659;1775.708;1311.659;335.708;308.059
1028.1;1;Los Espinos;final;1383.869;2663.302;1383.869;1223.302;76.775
1029;1;Los Espinos;final;1203.967;1783.875;1203.967;343.875;270.739
1030;1;Los Espinos;final;1362.484;1792.042;1362.484;352.042;304.701
1030.1;1;Los Espinos;final;1473.866;2744.42;33.866;1304.42;77.404
1031;1;Los Espinos;final;1290.484;1800.208;1290.484;360.208;291.366
1031.1;1;Los Espinos;final;1485.267;2675.837;45.267;1235.837;109.199
1032;1;Los Espinos;final;558.755;1816.542;558.755;376.542;75.245
1033;1;Los Espinos;final;1244.782;1832.875;1244.782;392.875;268.057
1034;1;Los Espinos;final;1323.605;1857.375;1323.605;417.375;296.125
1034.1;1;Los Espinos;final;1485.799;2732.865;45.799;1292.865;90.564
1035;1;Los Espinos;final;1303.682;1865.708;1303.682;425.708;276.197
1036;1;Los Espinos;final;1517.107;2409.975;77.107;969.975;228.01
1037;1;Los Espinos;final;1396.905;2418.542;1396.905;978.542;169.164
1038;1;Los Espinos;final;1529.163;2495.708;89.163;1055.708;195.694
1039;1;Santa Rosa;final;1217.514;1719.976;1217.514;279.976;288.194
1039.1;1;Santa Rosa;final;1302.6;2565.797;1302.6;1125.797;76.934
1040;1;Santa Rosa;final;1275.986;1727.476;1275.986;287.476;293.137
1040.1;1;Santa Rosa;final;1461.512;2706.338;21.512;1266.338;73.93
1041;1;Santa Rosa;final;1243.594;1734.976;1243.594;294.976;269.362
1042;1;Santa Rosa;final;1300.41;1742.476;1300.41;302.476;311.773
1043;1;Santa Rosa;final;1370.191;1749.976;1370.191;309.976;302.598
1043.1;1;Santa Rosa;final;1472.346;2730.578;32.346;1290.578;83.102
1044;1;Santa Rosa;final;1345.736;1757.476;1345.736;317.476;294.203
1045;1;Santa Rosa;final;1294.219;1764.976;1294.219;324.976;278.966
1046;1;Santa Rosa;final;1261.819;1772.476;1261.819;332.476;264.793
1047;1;Santa Rosa;final;1368.157;1779.976;1368.157;339.976;305.894
1047.1;1;Santa Rosa;final;1501.479;2743.039;61.479;1303.039;87.772
1048;1;Santa Rosa;final;1287.332;1786.892;1287.332;346.892;261.948
1049;1;Santa Rosa;final;1335.157;1793.809;1335.157;353.809;305.7
1049.1;1;Santa Rosa;final;1387.335;2737.76;1387.335;1297.76;36.539
1050;1;Santa Rosa;final;1339.594;1800.726;1339.594;360.726;269.776
1051;1;Santa Rosa;final;1264.119;1807.642;1264.119;367.642;216.891
1052;1;Santa Rosa;final;1297.582;1814.559;1297.582;374.559;275.529
1053;1;Santa Rosa;final;1360.38;1821.476;1360.38;381.476;296.891
1054;1;Santa Rosa;final;1398.83;1835.309;1398.83;395.309;314.337
1054.1;1;Santa Rosa;final;1509.128;2801.175;69.128;1361.175;67.844
1055;1;Santa Rosa;final;1274.994;1856.059;1274.994;416.059;253.68
1056;1;Santa Rosa;final;1371.64;1869.892;1371.64;429.892;304.668
1057;1;Santa Rosa;final;1351.59;1869.976;1351.59;429.976;289.112
1057.1;1;Santa Rosa;final;1493.332;2754.893;53.332;1314.893;79.951
1058;1;Los Espinos;final;529.572;1407.287;529.572;1407.287;180.607
1059;1;Los Espinos;final;922.958;1427.287;922.958;1427.287;289.582
1059.1;1;Los Espinos;final;1506.758;2301.904;66.758;861.904;204.859
1060;1;Los Espinos;final;951.577;1447.287;951.577;7.287;298.471
1060.1;1;Los Espinos;final;1392.353;2308.208;1392.353;868.208;177.771
1061;1;Los Espinos;final;961.382;1467.287;961.382;27.287;304.092
1061.1;1;Los Espinos;final;1282.482;2323.663;1282.482;883.663;128.954
1062;1;Los Espinos;final;1246.403;1770.62;1246.403;330.62;294.149
1062.1;1;Los Espinos;final;1352.675;2633.225;1352.675;1193.225;60.551
1063;1;Los Espinos;final;1296.932;1777.287;1296.932;337.287;309.327
1063.1;1;Los Espinos;final;1492.268;2639.859;52.268;1199.859;126.004
1064;1;Los Espinos;final;1332.932;1783.953;1332.932;343.953;304.782
1064.1;1;Los Espinos;final;1525.266;2677.363;85.266;1237.363;128.077
1065;1;Los Espinos;final;1272.101;1797.287;1272.101;357.287;186.768
1066;1;Los Espinos;final;1266.022;1802.57;1266.022;362.57;278.805
1067;1;Los Espinos;final;1291.155;1807.853;1291.155;367.853;270.064
1068;1;Los Espinos;final;1334.739;1818.42;1334.739;378.42;294.955
1068.1;1;Los Espinos;final;1494.472;2712.544;54.472;1272.544;101.128
1069;1;Los Espinos;final;1353.875;1839.553;1353.875;399.553;289.582
1070;1;Los Espinos;final;1374.749;1844.837;1374.749;404.837;294.334
1071;1;Los Espinos;final;894.917;1388.554;894.917;1388.554;313.568
1071.1;1;Los Espinos;final;1385.367;2337.287;1385.367;897.287;175.235
1072;1;Los Espinos;final;853.586;1408.554;853.586;1408.554;287.247
1072.1;1;Los Espinos;final;1465.42;2243.158;25.42;803.158;225.711
1073;1;Los Espinos;final;990.005;1428.554;990.005;1428.554;306.7
1073.1;1;Los Espinos;final;1359.166;2413.72;1359.166;973.72;136.152
1074;1;Los Espinos;final;962.417;1448.554;962.417;8.554;292.378
1074.1;1;Los Espinos;final;1246.651;2397.22;1246.651;957.22;109.388
1075;1;Los Espinos;final;1165.496;1723.554;1165.496;283.554;286.486
1075.1;1;Los Espinos;final;1381.296;2510.554;1381.296;1070.554;122.992
1076;1;Los Espinos;final;1163.017;1728.554;1163.017;288.554;297.476
1076.1;1;Los Espinos;final;1301.88;2549.987;1301.88;1109.987;75.176
1077;1;Los Espinos;final;1264.049;1733.554;1264.049;293.554;287.007
1078;1;Los Espinos;final;1243.675;1738.554;1243.675;298.554;296.5
1078.1;1;Los Espinos;final;1472.739;2631.804;32.739;1191.804;116.343
1079;1;Los Espinos;final;1436.63;1743.554;1436.63;303.554;285.608
1080;1;Los Espinos;final;1185.06;1753.554;1185.06;313.554;275.688
1081;1;Los Espinos;final;1284.117;1758.554;1284.117;318.554;307.842
1081.1;1;Los Espinos;final;1473.151;2664.953;33.151;1224.953;105.908
1082;1;Los Espinos;final;1352.701;1763.554;1352.701;323.554;312.69
1083;1;Los Espinos;final;1238.994;1768.554;1238.994;328.554;202.054
1084;1;Los Espinos;final;1326.555;1773.554;1326.555;333.554;313.394
1084.1;1;Los Espinos;final;1481.993;2737.572;41.993;1297.572;85.589
1085;1;Los Espinos;final;1370.572;1778.554;1370.572;338.554;314.176
1086;1;Los Espinos;final;1268.203;1782.838;1268.203;342.838;291.604
1086.1;1;Los Espinos;final;1472.058;2644.575;32.058;1204.575;115.269
1087;1;Los Espinos;final;1336.822;1787.121;1336.822;347.121;311.355
1087.1;1;Los Espinos;final;1387.139;2723.72;1387.139;1283.72;47.829
1088;1;Los Espinos;final;1553.549;1791.404;113.549;351.404;287.146
1089;1;Los Espinos;final;1306.622;1795.688;1306.622;355.688;293.364
1089.1;1;Los Espinos;final;1409.463;2685.395;1409.463;1245.395;72.977
1090;1;Los Espinos;final;1349.455;1799.971;1349.455;359.971;309.991
1090.1;1;Los Espinos;final;1435.277;2723.995;1435.277;1283.995;74.778
1091;1;Los Espinos;final;1342.107;1804.254;1342.107;364.254;302.925
1092;1;Los Espinos;final;1330.875;1812.821;1330.875;372.821;295.623
1092.1;1;Los Espinos;final;1480.277;2706.904;40.277;1266.904;102.931
1093;1;Los Espinos;final;1254.332;1817.104;1254.332;377.104;273.632
1094;1;Los Espinos;final;1254.48;1825.671;1254.48;385.671;266.209
1095;1;Los Espinos;final;1308.499;1838.521;1308.499;398.521;278.971
1095.1;1;Los Espinos;final;1502.107;2674.763;62.107;1234.763;114.241
1096;1;Los Espinos;final;1293.246;1847.088;1293.246;407.088;270.596
1097;1;Los Espinos;final;1297.451;1859.938;1297.451;419.938;281.869
1097.1;1;Los Espinos;final;1478.755;2685.703;38.755;1245.703;102.331
1098;1;Los Espinos;final;1219.622;1868.504;1219.622;428.504;239.969
1099;1;Los Espinos;final;1367.28;1868.554;1367.28;428.554;279.545
1100;1;Los Espinos;final;1382.353;1873.288;1382.353;433.288;295.465
1101;1;Los Espinos;final;1257.451;1882.754;1257.451;442.754;235.292
1102;1;Los Espinos;final;1350.923;1887.488;1350.923;447.488;299.813
1102.1;1;Los Espinos;final;1475.132;2719.437;35.132;1279.437;86.996
1103;1;Los Espinos;final;1247.272;1892.221;1247.272;452.221;241.457
1104;1;Los Espinos;final;1421.207;1896.954;1421.207;456.954;307.49
1104.1;1;Los Espinos;final;1471.989;2799.437;31.989;1359.437;51.284
1105;1;Los Espinos;final;1392.425;1915.888;1392.425;475.888;305.699
1105.1;1;Los Espinos;final;1461.953;2769.904;21.953;1329.904;60.818
1106;1;Los Espinos;final;1334.58;2435.254;1334.58;995.254;122.992
1107;1;Los Espinos;final;1331.511;2447.854;1331.511;1007.854;123.778
1108;1;Los Espinos;final;1383.63;2498.554;1383.63;1058.554;122.992
1109;1;Los Espinos;final;1331.432;1794.657;1331.432;354.657;309.261
1109.1;1;Los Espinos;final;1457.058;2673.613;17.058;1233.613;101.946
1110;1;Los Espinos;final;1257.384;1824.657;1257.384;384.657;269.196
1111;1;Los Espinos;final;1199.532;1718.951;1199.532;278.951;274.213
1112;1;Los Espinos;final;1223.017;1733.951;1223.017;293.951;310.486
1112.1;1;Los Espinos;final;1356.38;2604.487;1356.38;1164.487;75.176
1113;1;Los Espinos;final;1320.484;1748.951;1320.484;308.951;313.203
1113.1;1;Los Espinos;final;1450.463;2713.37;10.463;1273.37;75.176
1114;1;Los Espinos;final;1229.032;1763.951;1229.032;323.951;290.122
1114.1;1;Los Espinos;final;1509.472;2577.363;69.472;1137.363;155.057
1115;1;Los Espinos;final;1303.554;1778.951;1303.554;338.951;300.372
1115.1;1;Los Espinos;final;1490.437;2687.696;50.437;1247.696;103.242
1116;1;Los Espinos;final;1257.303;1793.951;1257.303;353.951;292.117
1116.1;1;Los Espinos;final;1491.758;2633.325;51.758;1193.325;117.94
1117;1;Los Espinos;final;541.151;1808.951;541.151;368.951;75.96
1118;1;Los Espinos;final;1309.075;1823.951;1309.075;383.951;296.135
1118.1;1;Los Espinos;final;1476.522;2690.548;36.522;1250.548;91.821
1119;1;Los Espinos;final;1326.484;1838.951;1326.484;398.951;305.94
1119.1;1;Los Espinos;final;1454.749;2717.287;14.749;1277.287;77.404
1120;1;Los Espinos;final;1338.484;1853.951;1338.484;413.951;305.94
1120.1;1;Los Espinos;final;1457.163;2727.287;17.163;1287.287;75.176
1121;1;Los Espinos;final;1318.23;1868.951;1318.23;428.951;280.057
1122;1;Los Espinos;final;1299.967;1891.435;1299.967;451.435;270.775
1123;1;Los Espinos;final;1502.058;2498.951;62.058;1058.951;182.235
1124;1;Los Espinos;final;831.203;1407.287;831.203;1407.287;292.251
1124.1;1;Los Espinos;final;1373.377;2253.788;1373.377;813.788;209.279
1125;1;Los Espinos;final;870.949;1437.287;870.949;1437.287;290.689
1125.1;1;Los Espinos;final;1487.107;2227.363;47.107;787.363;240.852
1126;1;Los Espinos;final;1166.994;1467.287;1166.994;27.287;239.474
1127;1;Los Espinos;final;1173.017;1761.287;1173.017;321.287;272.712
1127.1;1;Los Espinos;final;1465.277;2555.437;25.277;1115.437;146.304
1128;1;Los Espinos;final;1265.249;1773.287;1265.249;333.287;261.527
1129;1;Los Espinos;final;1243.527;1785.287;1243.527;345.287;297.131
1130;1;Los Espinos;final;1256.651;1797.287;1256.651;357.287;268.355
1131;1;Los Espinos;final;1303.375;1817.287;1303.375;377.287;299.854
1131.1;1;Los Espinos;final;1491.942;2676.904;51.942;1236.904;117.723
1132;1;Los Espinos;final;1371.182;1827.287;1371.182;387.287;306.506
1133;1;Los Espinos;final;745.372;1387.363;745.372;1387.363;291.72
1133.1;1;Los Espinos;final;1434.367;2147.794;1434.367;707.794;253.29
1134;1;Los Espinos;final;743.408;1417.363;743.408;1417.363;293.755
1134.1;1;Los Espinos;final;1521.427;2164.763;81.427;724.763;281.198
1135;1;Los Espinos;final;837.572;1447.363;837.572;7.363;309.827
1135.1;1;Los Espinos;final;1406.021;2232.544;1406.021;792.544;218.443
1136;1;Los Espinos;final;464.701;1717.363;464.701;277.363;78.304
1137;1;Los Espinos;final;1309.221;1741.363;1309.221;301.363;308.736
1138;1;Los Espinos;final;1312.47;1753.363;1312.47;313.363;299.177
1139;1;Los Espinos;final;1442.499;1777.363;2.499;337.363;277.988
1140;1;Los Espinos;final;1351.934;1787.363;1351.934;347.363;307.664
1141;1;Los Espinos;final;1369.034;1797.363;1369.034;357.363;313.133
1141.1;1;Los Espinos;final;1481.163;2751.287;41.163;1311.287;75.176
1142;1;Los Espinos;final;1341.554;1807.363;1341.554;367.363;300.108
1142.1;1;Los Espinos;final;1491.323;2727.696;51.323;1287.696;101.106
1143;1;Los Espinos;final;1274.813;1827.363;1274.813;387.363;273.453
1144;1;Los Espinos;final;1247.555;1867.363;1247.555;427.363;253.824
1145;1;Los Espinos;final;1329.166;1901.113;1329.166;461.113;281.147
1145.1;1;Los Espinos;final;1477.839;2706.621;37.839;1266.621;104.102
1146;1;Los Espinos;final;1424.351;2427.363;1424.351;987.363;159.872
1147;1;Los Espinos;final;1542.399;2447.363;102.399;1007.363;209.833
1148;1;Santa Rosa;final;1388.252;1793.342;1388.252;353.342;312.163
1148.1;1;Santa Rosa;final;1447.298;2826.098;7.298;1386.098;28.164
1149;1;Santa Rosa;final;1424.53;1819.676;1424.53;379.676;300.846
1149.1;1;Santa Rosa;final;1481.186;2837.76;41.186;1397.76;34.121
1150;1;Santa Rosa;final;1377.203;1893.342;1377.203;453.342;285.49
1150.1;1;Santa Rosa;final;1492.979;2810.881;52.979;1370.881;55.079
1151;1;Santa Rosa;final;528.636;1443.502;528.636;3.502;193.541
1152;1;Santa Rosa;intermedia;873.886;890.0;873.886;890.0;303.392
1152;2;Santa Rosa;final;1126.619;1488.502;1126.619;48.502;57.007
1152.1;1;Santa Rosa;final;1401.129;2558.014;1401.129;1118.014;100.202
1153;1;Santa Rosa;final;1263.007;1578.502;1263.007;138.502;306.693
1153.1;1;Santa Rosa;final;1411.288;2665.76;1411.288;1225.76;80.131
1154;1;Santa Rosa;final;1117.991;1623.502;1117.991;183.502;274.18
1154.1;1;Santa Rosa;final;1340.758;2523.159;1340.758;1083.159;90.36
1155;1;Santa Rosa;final;1210.158;1713.502;1210.158;273.502;274.18
1155.1;1;Santa Rosa;final;1492.948;2603.342;52.948;1163.342;138.471
1156;1;Santa Rosa;final;1283.911;1722.068;1283.911;282.068;306.437
1157;1;Santa Rosa;final;1219.374;1730.635;1219.374;290.635;274.18
1157.1;1;Santa Rosa;final;1507.948;2613.342;67.948;1173.342;138.471
1158;1;Santa Rosa;final;1353.811;1739.202;1353.811;299.202;314.931
1158.1;1;Santa Rosa;final;1448.861;2712.031;8.861;1272.031;71.589
1159;1;Santa Rosa;final;1297.21;1747.768;1297.21;307.768;293.175
1160;1;Santa Rosa;final;1220.941;1756.335;1220.941;316.335;274.18
1160.1;1;Santa Rosa;final;1464.626;2623.342;24.626;1183.342;109.356
1161;1;Santa Rosa;final;1270.418;1764.902;1270.418;324.902;284.494
1162;1;Santa Rosa;final;1248.591;1773.468;1248.591;333.468;274.18
1162.1;1;Santa Rosa;final;1489.136;2643.342;49.136;1203.342;118.689
1163;1;Santa Rosa;final;1294.674;1773.502;1294.674;333.502;274.18
1163.1;1;Santa Rosa;final;1407.031;2694.742;1407.031;1254.742;70.192
1164;1;Santa Rosa;final;1424.614;1775.881;1424.614;335.881;309.638
1164.1;1;Santa Rosa;final;1498.023;2816.994;58.023;1376.994;57.977
1165;1;Santa Rosa;final;1387.836;1790.881;1387.836;350.881;306.737
1165.1;1;Santa Rosa;final;1464.148;2818.748;24.148;1378.748;37.927
1166;1;Santa Rosa;final;1228.292;1805.881;1228.292;365.881;240.699
1167;1;Santa Rosa;final;1391.031;1885.881;1391.031;445.881;259.861
1168;1;Santa Rosa;final;1304.962;1910.881;1304.962;470.881;229.083
1169;1;Santa Rosa;final;1325.461;1723.138;1325.461;283.138;303.363
1169.1;1;Santa Rosa;final;1502.463;2678.331;62.463;1238.331;106.868
1170;1;Santa Rosa;final;1162.179;1728.138;1162.179;288.138;281.578
1170.1;1;Santa Rosa;final;1513.281;2512.997;73.281;1072.997;191.995
1171;1;Santa Rosa;final;564.784;1733.138;564.784;293.138;116.733
1172;1;Santa Rosa;final;1269.238;1738.138;1269.238;298.138;302.385
1172.1;1;Santa Rosa;final;1383.569;2646.81;1383.569;1206.81;79.382
1173;1;Santa Rosa;final;1322.353;1743.138;1322.353;303.138;299.722
1173.1;1;Santa Rosa;final;1537.979;2750.881;97.979;1310.881;100.515
1174;1;Santa Rosa;final;1250.536;1753.138;1250.536;313.138;267.134
1174.1;1;Santa Rosa;final;1507.413;2678.881;67.413;1238.881;125.683
1175;1;Santa Rosa;final;1349.553;1758.138;1349.553;318.138;292.642
1175.1;1;Santa Rosa;final;1451.019;2777.547;11.019;1337.547;48.747
1176;1;Santa Rosa;final;1284.344;1763.138;1284.344;323.138;306.296
1176.1;1;Santa Rosa;final;1319.544;2634.931;1319.544;1194.931;55.828
1177;1;Santa Rosa;final;1325.075;1768.138;1325.075;328.138;286.119
1178;1;Santa Rosa;final;1388.596;1773.138;1388.596;333.138;314.66
1179;1;Santa Rosa;final;1324.4;1788.138;1324.4;348.138;275.355
1180;1;Santa Rosa;final;1410.657;1798.138;1410.657;358.138;309.894
1180.1;1;Santa Rosa;final;1463.874;2811.163;23.874;1371.163;44.465
1181;1;Santa Rosa;final;1410.038;1808.138;1410.038;368.138;299.675
1182;1;Santa Rosa;final;494.053;1828.138;494.053;388.138;42.129
1183;1;Santa Rosa;final;1381.303;1833.138;1381.303;393.138;283.646
1183.1;1;Santa Rosa;final;1495.563;2817.547;55.563;1377.547;51.507
1184;1;Santa Rosa;final;1262.571;1838.138;1262.571;398.138;233.707
1185;1;Santa Rosa;final;1338.74;1843.138;1338.74;403.138;275.62
1186;1;Santa Rosa;final;1280.782;1848.138;1280.782;408.138;254.531
1187;1;Santa Rosa;final;566.526;1386.58;566.526;1386.58;246.334
1188;1;Santa Rosa;intermedia;727.558;755.0;727.558;755.0;273.825
1188;2;Santa Rosa;final;1026.942;1416.58;1026.942;1416.58;106.651
1188.1;1;Santa Rosa;final;1370.808;2442.955;1370.808;1002.955;132.924
1189;1;Santa Rosa;final;592.231;1716.58;592.231;276.58;136.074
1190;1;Santa Rosa;final;1086.275;1726.58;1086.275;286.58;260.936
1190.1;1;Santa Rosa;final;1302.758;2498.737;1302.758;1058.737;106.651
1191;1;Santa Rosa;final;1228.665;1736.58;1228.665;296.58;298.442
1192;1;Santa Rosa;final;1150.665;1746.58;1150.665;306.58;304.87
1192.1;1;Santa Rosa;final;1417.375;2463.118;1417.375;1023.118;168.755
1193;1;Santa Rosa;final;1195.775;1756.58;1195.775;316.58;290.645
1193.1;1;Santa Rosa;final;1417.392;2589.721;1417.392;1149.721;103.215
1194;1;Santa Rosa;final;1207.775;1766.58;1207.775;326.58;290.645
1194.1;1;Santa Rosa;final;1328.915;2600.287;1328.915;1160.287;83.007
1195;1;Santa Rosa;final;1165.775;1776.58;1165.775;336.58;261.319
1195.1;1;Santa Rosa;final;1450.04;2559.055;10.04;1119.055;146.793
1196;1;Santa Rosa;final;1320.069;1783.497;1320.069;343.497;309.735
1196.1;1;Santa Rosa;final;1496.518;2713.937;56.518;1273.937;106.173
1197;1;Santa Rosa;final;1322.358;1790.413;1322.358;350.413;307.848
1198;1;Santa Rosa;final;1259.975;1797.33;1259.975;357.33;267.78
1199;1;Santa Rosa;final;1201.775;1804.247;1201.775;364.247;274.208
1199.1;1;Santa Rosa;final;1365.069;2595.055;1365.069;1155.055;93.694
1200;1;Santa Rosa;final;1272.515;1811.163;1272.515;371.163;302.039
1200.1;1;Santa Rosa;final;1345.058;2593.918;1345.058;1153.918;84.356
1201;1;Santa Rosa;final;1307.765;1818.08;1307.765;378.08;298.825
1201.1;1;Santa Rosa;final;1361.125;2623.618;1361.125;1183.618;84.356
1202;1;Santa Rosa;final;1268.057;1824.997;1268.057;384.997;294.11
1202.1;1;Santa Rosa;final;1362.942;2609.913;1362.942;1169.913;75.32
1203;1;Santa Rosa;final;1350.202;1831.913;1350.202;391.913;306.802
1203.1;1;Santa Rosa;final;1496.452;2747.737;56.452;1307.737;87.373
1204;1;Santa Rosa;final;1265.465;1838.83;1265.465;398.83;305.253
1204.1;1;Santa Rosa;final;1371.155;2586.868;1371.155;1146.868;97.085
1205;1;Santa Rosa;final;1431.155;2496.58;1431.155;1056.58;159.997
1206;1;Santa Rosa;final;1253.825;1743.055;1253.825;303.055;286.0
1207;1;Santa Rosa;final;1231.475;1748.505;1231.475;308.505;265.966
1208;1;Santa Rosa;final;1237.175;1753.955;1237.175;313.955;265.966
1208.1;1;Santa Rosa;final;1364.951;2631.055;1364.951;1191.055;76.007
1209;1;Santa Rosa;final;1177.775;1759.405;1177.775;319.405;272.394
1209.1;1;Santa Rosa;final;1349.875;2572.087;1349.875;1132.087;106.651
1210;1;Santa Rosa;final;1245.258;1764.855;1245.258;324.855;301.72
1210.1;1;Santa Rosa;final;1371.215;2642.587;1371.215;1202.587;83.007
1211;1;Santa Rosa;final;1219.775;1770.305;1219.775;330.305;268.797
1212;1;Santa Rosa;final;1259.402;1775.755;1259.402;335.755;276.096
1213;1;Santa Rosa;final;1225.775;1781.205;1225.775;341.205;268.797
1213.1;1;Santa Rosa;final;1352.951;2619.055;1352.951;1179.055;76.007
1214;1;Santa Rosa;final;1211.402;1786.655;1211.402;346.655;256.063
1215;1;Santa Rosa;final;1262.392;1792.105;1262.392;352.105;288.831
1216;1;Santa Rosa;final;1296.658;1797.555;1296.658;357.555;285.617
1216.1;1;Santa Rosa;final;1411.981;2692.737;1411.981;1252.737;83.007
1217;1;Santa Rosa;final;1274.723;1803.005;1274.723;363.005;266.933
1218;1;Santa Rosa;final;1316.858;1803.055;1316.858;363.055;288.831
1218.1;1;Santa Rosa;final;1477.725;2712.737;37.725;1272.737;106.651
1219;1;Santa Rosa;final;1265.675;1809.055;1265.675;369.055;268.797
1219.1;1;Santa Rosa;final;1565.051;2659.388;125.051;1219.388;157.191
1220;1;Santa Rosa;final;1256.275;1815.055;1256.275;375.055;268.797
1220.1;1;Santa Rosa;final;1547.918;2651.221;107.918;1211.221;157.191
1221;1;Santa Rosa;final;1316.275;1821.055;1316.275;381.055;265.583
1222;1;Santa Rosa;final;1322.942;1833.055;1322.942;393.055;265.583
1223;1;Santa Rosa;final;1246.358;1839.055;1246.358;399.055;272.011
1223.1;1;Santa Rosa;final;1371.373;2643.055;1371.373;1203.055;74.855
1224;1;Santa Rosa;final;1295.708;1863.055;1295.708;423.055;268.797
1225;1;Santa Rosa;final;1356.275;1869.055;1356.275;429.055;265.583
1225.1;1;Santa Rosa;final;1494.535;2750.188;54.535;1310.188;93.694
1226;1;Santa Rosa;final;1309.808;1875.055;1309.808;435.055;268.797
1226.1;1;Santa Rosa;final;1462.725;2702.737;22.725;1262.737;106.651
1227;1;Santa Rosa;final;1251.365;1881.055;1251.365;441.055;245.153
1228;1;Santa Rosa;final;1352.808;1887.055;1352.808;447.055;288.831
1228.1;1;Santa Rosa;final;1507.725;2747.737;67.725;1307.737;106.651
1229;1;Santa Rosa;final;1338.625;1893.055;1338.625;453.055;288.831
1229.1;1;Santa Rosa;final;1492.725;2732.737;52.725;1292.737;106.651
1230;1;Los Espinos;final;1353.121;1770.709;1353.121;330.709;314.95
1231;1;Los Espinos;final;1193.702;1448.302;1193.702;8.302;302.306
1231.1;1;Los Espinos;final;1362.121;2537.359;1362.121;1097.359;106.501
1232;1;Los Espinos;final;1129.001;1583.302;1129.001;143.302;305.299
1232.1;1;Los Espinos;final;1283.682;2527.287;1283.682;1087.287;77.404
1233;1;Los Espinos;final;1083.369;1718.302;1083.369;278.302;314.727
1233.1;1;Los Espinos;final;1502.398;2470.709;62.398;1030.709;199.156
1234;1;Los Espinos;final;1093.369;1728.302;1093.369;288.302;314.727
1234.1;1;Los Espinos;final;1454.187;2480.709;14.187;1040.709;165.716
1235;1;Los Espinos;final;1103.369;1738.302;1103.369;298.302;314.727
1235.1;1;Los Espinos;final;1242.092;2490.709;1242.092;1050.709;78.812
1236;1;Los Espinos;final;1121.336;1748.302;1121.336;308.302;314.727
1236.1;1;Los Espinos;final;1391.63;2500.709;1391.63;1060.709;127.265
1237;1;Los Espinos;final;1115.59;1758.302;1115.59;318.302;312.084
1237.1;1;Los Espinos;final;1351.554;2496.537;1351.554;1056.537;109.687
1238;1;Los Espinos;final;1129.139;1768.302;1129.139;328.302;312.753
1238.1;1;Los Espinos;final;1577.935;2513.928;137.935;1073.928;205.852
1239;1;Los Espinos;final;1160.94;1778.302;1160.94;338.302;313.572
1239.1;1;Los Espinos;final;1387.821;2530.587;1387.821;1090.587;116.326
1240;1;Los Espinos;final;1169.336;1788.302;1169.336;348.302;314.727
1240.1;1;Los Espinos;final;1353.869;2540.709;1353.869;1100.709;112.261
1241;1;Los Espinos;final;1166.99;1798.302;1166.99;358.302;312.084
1241.1;1;Los Espinos;final;1311.967;2537.087;1311.967;1097.087;81.578
1242;1;Los Espinos;final;1189.105;1808.302;1189.105;368.302;312.753
1242.1;1;Los Espinos;final;1356.123;2565.395;1356.123;1125.395;104.026
1243;1;Los Espinos;final;1197.672;1818.302;1197.672;378.302;312.753
1243.1;1;Los Espinos;final;1303.494;2573.961;1303.494;1133.961;74.778
1244;1;Los Espinos;final;1217.336;1828.302;1217.336;388.302;314.727
1244.1;1;Los Espinos;final;1407.397;2592.826;1407.397;1152.826;102.877
1245;1;Los Espinos;final;1277.408;1838.302;1277.408;398.302;282.98
1246;1;Los Espinos;final;1284.364;1848.302;1284.364;408.302;268.195
1247;1;Los Espinos;final;1276.176;1858.302;1276.176;418.302;269.037
1248;1;Los Espinos;final;1262.336;1868.302;1262.336;428.302;314.727
1248.1;1;Los Espinos;final;1387.127;2645.676;1387.127;1205.676;73.83
1249;1;Los Espinos;final;1182.092;1878.302;1182.092;438.302;281.278
1250;1;Los Espinos;final;1251.659;2390.302;1251.659;950.302;122.644
1251;1;Los Espinos;final;1451.859;2402.302;11.859;962.302;201.961
1252;1;Los Espinos;final;1271.659;2414.302;1271.659;974.302;122.644
1253;1;Los Espinos;final;1301.659;2438.302;1301.659;998.302;122.644
1254;1;Los Espinos;final;1353.08;2450.302;1353.08;1010.302;134.351
1255;1;Los Espinos;final;1455.83;2462.302;15.83;1022.302;170.059
1256;1;Los Espinos;final;1456.614;2486.302;16.614;1046.302;171.097
1257;1;Los Espinos;final;1518.809;2498.302;78.809;1058.302;201.961
1258;1;Vespucio Norte;final;1244.362;1701.191;1244.362;261.191;285.377
1258.1;1;Vespucio Norte;final;1513.743;2679.225;73.743;1239.225;124.674
1259;1;Vespucio Norte;final;1258.948;1711.191;1258.948;271.191;301.833
1260;1;Vespucio Norte;final;1138.795;1721.191;1138.795;281.191;272.435
1261;1;Vespucio Norte;final;1208.362;1731.191;1208.362;291.191;291.695
1261.1;1;Vespucio Norte;final;1387.493;2642.257;1387.493;1202.257;69.266
1262;1;Vespucio Norte;final;1297.317;1741.191;1297.317;301.191;307.193
1263;1;Vespucio Norte;final;1252.034;1751.191;1252.034;311.191;271.553
1264;1;Vespucio Norte;final;1116.389;1761.191;1116.389;321.191;236.952
1264.1;1;Vespucio Norte;final;1567.077;2553.612;127.077;1113.612;187.743
1265;1;Vespucio Norte;final;1391.089;1768.691;1391.089;328.691;311.681
1266;1;Vespucio Norte;final;1205.951;1776.191;1205.951;336.191;241.66
1267;1;Vespucio Norte;final;1341.017;1783.691;1341.017;343.691;294.871
1268;1;Vespucio Norte;final;1246.206;1791.191;1246.206;351.191;268.982
1269;1;Vespucio Norte;final;1422.623;1798.691;1422.623;358.691;309.873
1269.1;1;Vespucio Norte;final;1498.956;2859.396;58.956;1419.396;38.07
1270;1;Vespucio Norte;final;1265.689;1813.691;1265.689;373.691;263.236
1271;1;Vespucio Norte;final;1421.917;1843.691;1421.917;403.691;309.329
1272;1;Vespucio Norte;final;1206.956;1869.191;1206.956;429.191;231.206
1272.1;1;Vespucio Norte;final;1448.189;2645.779;8.189;1205.779;96.05
1273;1;Vespucio Norte;final;1249.789;1878.191;1249.789;438.191;225.46
1273.1;1;Vespucio Norte;final;1474.856;2686.896;34.856;1246.896;96.05
1274;1;Vespucio Norte;final;1242.817;1887.191;1242.817;447.191;221.456
1275;1;Vespucio Norte;final;1328.617;1762.257;1328.617;322.257;287.304
1276;1;Vespucio Norte;final;1255.689;1792.257;1255.689;352.257;274.714
1277;1;Vespucio Norte;final;1328.167;1802.257;1328.167;362.257;285.167
1278;1;Vespucio Norte;final;1222.206;1812.257;1222.206;372.257;246.956
1278.1;1;Vespucio Norte;final;1457.527;2664.212;17.527;1224.212;94.124
1279;1;Vespucio Norte;final;1308.723;1822.257;1308.723;382.257;258.782
1279.1;1;Vespucio Norte;final;1480.809;2752.207;40.809;1312.207;69.266
1280;1;Vespucio Norte;final;1346.243;1837.257;1346.243;397.257;282.806
1281;1;Vespucio Norte;final;1453.956;1844.757;13.956;404.757;312.489
1282;1;Vespucio Norte;final;1365.389;1852.257;1365.389;412.257;282.596
1282.1;1;Vespucio Norte;final;1456.106;2805.796;16.106;1365.796;40.206
1283;1;Santa Rosa;final;908.225;1472.737;908.225;32.737;275.448
1283.1;1;Santa Rosa;final;1350.069;2355.22;1350.069;915.22;178.315
1284;1;Santa Rosa;final;1213.775;1742.737;1213.775;302.737;301.943
1284.1;1;Santa Rosa;final;1465.059;2607.337;25.059;1167.337;147.178
1285;1;Santa Rosa;final;1197.275;1747.02;1197.275;307.02;289.053
1285.1;1;Santa Rosa;final;1479.385;2593.237;39.385;1153.237;160.627
1286;1;Santa Rosa;final;1163.075;1751.304;1163.075;311.304;269.02
1286.1;1;Santa Rosa;final;1293.665;2565.037;1293.665;1125.037;83.007
1287;1;Santa Rosa;final;1099.458;1755.587;1099.458;315.587;272.234
1287.1;1;Santa Rosa;final;1271.107;2505.655;1271.107;1065.655;74.855
1288;1;Santa Rosa;final;1064.442;1759.87;1064.442;319.87;275.448
1288.1;1;Santa Rosa;final;1412.207;2480.737;1412.207;1040.737;159.476
1289;1;Santa Rosa;final;1184.375;1764.154;1184.375;324.154;292.267
1290;1;Santa Rosa;final;1101.942;1772.72;1101.942;332.72;275.448
1290.1;1;Santa Rosa;final;1307.402;2509.721;1307.402;1069.721;93.694
1291;1;Santa Rosa;final;1248.575;1777.004;1248.575;337.004;289.053
1291.1;1;Santa Rosa;final;1361.981;2642.737;1361.981;1202.737;83.007
1292;1;Santa Rosa;final;1262.942;1781.287;1262.942;341.287;289.053
1292.1;1;Santa Rosa;final;1404.535;2658.055;1404.535;1218.055;93.694
1293;1;Santa Rosa;final;1239.308;1785.57;1239.308;345.57;301.943
1293.1;1;Santa Rosa;final;1436.707;2633.303;1436.707;1193.303;105.022
1294;1;Santa Rosa;final;1094.442;1789.854;1094.442;349.854;275.448
1294.1;1;Santa Rosa;final;1265.407;2499.955;1265.407;1059.955;74.855
1295;1;Santa Rosa;final;1276.275;1794.137;1276.275;354.137;289.053
1295.1;1;Santa Rosa;final;1392.951;2673.055;1392.951;1233.055;76.007
1296;1;Santa Rosa;final;1220.075;1798.42;1220.075;358.42;269.02
1296.1;1;Santa Rosa;final;1505.565;2614.387;65.565;1174.387;167.405
1297;1;Santa Rosa;final;1282.942;1802.704;1282.942;362.704;289.053
1298;1;Santa Rosa;final;557.131;1802.737;557.131;362.737;83.007
1299;1;Santa Rosa;final;1288.092;1814.437;1288.092;374.437;289.053
1299.1;1;Santa Rosa;final;1525.059;2681.287;85.059;1241.287;127.127
1300;1;Santa Rosa;final;584.431;1830.037;584.431;390.037;83.007
1301;1;Santa Rosa;final;1253.408;1865.137;1253.408;425.137;272.234
1302;1;Santa Rosa;final;1360.225;1872.937;1360.225;432.937;289.053
1303;1;Santa Rosa;final;631.231;1876.837;631.231;436.837;83.007
1304;1;Santa Rosa;final;642.931;1888.537;642.931;448.537;83.007
1305;1;Santa Rosa;final;646.831;1892.437;646.831;452.437;83.007
1306;1;Santa Rosa;final;1305.225;1892.737;1305.225;452.737;305.157
1306.1;1;Santa Rosa;final;1495.142;2700.221;55.142;1260.221;103.215
1307;1;Santa Rosa;final;524.002;1371.118;524.002;1371.118;281.36
1307.1;1;Santa Rosa;final;1270.958;1923.055;1270.958;483.055;234.142
1308;1;Santa Rosa;final;802.658;1401.118;802.658;1401.118;279.648
1308.1;1;Santa Rosa;final;1256.951;2246.055;1256.951;806.055;157.191
1309;1;Santa Rosa;final;1197.007;1726.818;1197.007;286.818;302.763
1309.1;1;Santa Rosa;final;1447.725;2536.58;7.725;1096.58;159.718
1310;1;Santa Rosa;final;1180.468;1735.384;1180.468;295.384;298.968
1310.1;1;Santa Rosa;final;1516.707;2505.875;76.707;1065.875;214.489
1311;1;Santa Rosa;final;1138.807;1743.951;1138.807;303.951;305.977
1311.1;1;Santa Rosa;final;1254.275;2484.88;1254.275;1044.88;75.32
1312;1;Santa Rosa;final;1071.942;1752.518;1071.942;312.518;269.972
1312.1;1;Santa Rosa;final;1342.942;2482.855;1342.942;1042.855;103.215
1313;1;Santa Rosa;final;635.131;1761.084;635.131;321.084;145.11
1314;1;Santa Rosa;final;1247.135;1761.118;1247.135;321.118;303.914
1314.1;1;Santa Rosa;final;1295.402;2565.875;1295.402;1125.875;76.982
1315;1;Santa Rosa;final;1168.775;1765.401;1168.775;325.401;266.758
1315.1;1;Santa Rosa;final;1490.565;2563.055;50.565;1123.055;163.969
1316;1;Santa Rosa;final;1109.442;1769.684;1109.442;329.684;282.862
1316.1;1;Santa Rosa;final;1521.808;2516.737;81.808;1076.737;187.835
1317;1;Santa Rosa;final;1219.558;1773.968;1219.558;333.968;276.434
1318;1;Santa Rosa;final;1192.665;1778.251;1192.665;338.251;313.907
1319;1;Santa Rosa;final;1180.175;1782.534;1180.175;342.534;279.648
1319.1;1;Santa Rosa;final;1401.058;2576.388;1401.058;1136.388;103.215
1320;1;Santa Rosa;final;1198.665;1786.818;1198.665;346.818;313.907
1320.1;1;Santa Rosa;final;1260.458;2509.318;1260.458;1069.318;84.356
1321;1;Santa Rosa;final;1210.992;1851.118;1210.992;411.118;269.972
1321.1;1;Santa Rosa;final;1380.069;2607.055;1380.069;1167.055;93.694
1322;1;Santa Rosa;final;1336.275;1858.034;1336.275;418.034;276.434
1322.1;1;Santa Rosa;final;1445.118;2733.055;5.118;1293.055;76.007
1323;1;Santa Rosa;final;1314.815;1864.951;1314.815;424.951;310.693
1324;1;Los Espinos;final;1172.55;1720.842;1172.55;280.842;291.753
1325;1;Los Espinos;final;1209.067;1740.842;1209.067;300.842;291.753
1326;1;Los Espinos;final;1215.117;1760.842;1215.117;320.842;291.753
1326.1;1;Los Espinos;final;1487.794;2583.566;47.794;1143.566;159.411
1327;1;Los Espinos;final;1341.871;1798.842;1341.871;358.842;306.88
1327.1;1;Los Espinos;final;1461.036;2724.678;21.036;1284.678;85.445
1328;1;Los Espinos;final;1300.665;1816.842;1300.665;376.842;294.23
1329;1;Los Espinos;final;1294.917;1834.842;1294.917;394.842;291.753
1330;1;Los Espinos;final;1221.741;1791.438;1221.741;351.438;272.942
1330.1;1;Los Espinos;final;1343.511;2610.657;1343.511;1170.657;75.757
1331;1;Los Espinos;final;1399.377;1757.643;1399.377;317.643;289.72
1331.1;1;Los Espinos;final;1516.26;2838.675;76.26;1398.675;56.977
1332;1;Los Espinos;final;1261.688;1766.21;1261.688;326.21;275.235
1333;1;Los Espinos;final;1278.822;1774.776;1278.822;334.776;275.235
1333.1;1;Los Espinos;final;1379.972;2702.643;1379.972;1262.643;75.408
1334;1;Los Espinos;final;1295.955;1783.343;1295.955;343.343;275.235
1335;1;Los Espinos;final;1179.338;1791.91;1179.338;351.91;187.81
1336;1;Los Espinos;final;1176.022;1800.476;1176.022;360.476;187.81
1337;1;Los Espinos;final;1304.59;1809.043;1304.59;369.043;279.9
1338;1;Los Espinos;final;1322.59;1817.643;1322.59;377.643;279.9
1339;1;Los Espinos;final;535.822;1825.81;535.822;385.81;75.408
1340;1;Los Espinos;final;543.989;1833.976;543.989;393.976;75.408
1341;1;Los Espinos;final;552.156;1842.143;552.156;402.143;75.408
1342;1;Los Espinos;final;568.489;1858.476;568.489;418.476;75.408
1343;1;Los Espinos;final;1340.59;1866.643;1340.59;426.643;279.9
1344;1;Los Espinos;final;1470.217;1874.81;30.217;434.81;239.995
1345;1;Los Espinos;final;1253.122;1882.976;1253.122;442.976;183.365
1346;1;Los Espinos;final;1270.255;1907.643;1270.255;467.643;183.365
1347;1;Los Espinos;final;1244.555;2489.643;1244.555;1049.643;95.939
1348;1;Los Espinos;final;1193.155;1708.935;1193.155;268.935;258.095
1348.1;1;Los Espinos;final;1307.322;2621.643;1307.322;1181.643;75.408
1349;1;Los Espinos;final;560.322;1738.935;560.322;298.935;145.693
1350;1;Los Espinos;final;1201.722;1848.935;1201.722;408.935;166.224
1351;1;Los Espinos;final;741.567;1404.847;741.567;1404.847;278.784
1351.1;1;Los Espinos;final;1509.953;2191.037;69.953;751.037;273.261
1352;1;Los Espinos;final;1223.854;1424.847;1223.854;1424.847;312.447
1352.1;1;Los Espinos;final;1501.781;2607.696;61.781;1167.696;138.747
1353;1;Los Espinos;final;1211.427;1444.847;1211.427;4.847;305.377
1353.1;1;Los Espinos;final;1269.929;2556.391;1269.929;1116.391;65.049
1354;1;Los Espinos;final;1350.029;1734.847;1350.029;294.847;311.679
1354.1;1;Los Espinos;final;1473.283;2755.184;33.283;1315.184;67.41
1355;1;Los Espinos;final;529.687;1743.414;529.687;303.414;76.891
1356;1;Los Espinos;final;1292.936;1751.981;1292.936;311.981;294.181
1357;1;Los Espinos;final;542.521;1760.547;542.521;320.547;76.891
1358;1;Los Espinos;final;555.354;1769.114;555.354;329.114;76.891
1359;1;Los Espinos;final;561.771;1777.681;561.771;337.681;76.891
1360;1;Los Espinos;final;1364.371;1786.247;1364.371;346.247;275.276
1361;1;Los Espinos;final;1335.149;1794.814;1335.149;354.814;308.844
1361.1;1;Los Espinos;final;1383.889;2690.683;1383.889;1250.683;61.252
1362;1;Los Espinos;final;1294.551;1794.847;1294.551;354.847;254.17
1363;1;Los Espinos;final;1386.772;1801.764;1386.772;361.764;304.495
1364;1;Los Espinos;final;1361.072;1815.597;1361.072;375.597;287.384
1364.1;1;Los Espinos;final;1507.839;2738.995;67.839;1298.995;104.695
1365;1;Los Espinos;final;1256.489;1850.181;1256.489;410.181;226.165
1366;1;Los Espinos;final;1354.675;1857.097;1354.675;417.097;269.18
1367;1;Los Espinos;final;1391.105;1870.931;1391.105;430.931;246.233
1368;1;Los Espinos;final;1442.398;1877.847;2.398;437.847;302.388
1368.1;1;Los Espinos;final;1498.355;2829.847;58.355;1389.847;47.849
1369;1;Los Espinos;final;1438.004;1884.764;1438.004;444.764;287.987
1369.1;1;Los Espinos;final;1563.363;2830.496;123.363;1390.496;80.891
1370;1;Los Espinos;final;1465.439;1884.847;25.439;444.847;305.622
1371;1;Los Espinos;final;1302.618;1756.037;1302.618;316.037;221.17
1372;1;Los Espinos;final;1357.973;1764.604;1357.973;324.604;299.509
1372.1;1;Los Espinos;final;1510.277;2705.708;70.277;1265.708;119.218
1373;1;Los Espinos;final;1195.871;1773.171;1195.871;333.171;230.398
1374;1;Los Espinos;final;1286.36;1781.737;1286.36;341.737;270.817
1375;1;Los Espinos;final;1368.435;1790.304;1368.435;350.304;247.471
1376;1;Los Espinos;final;1341.379;1807.437;1341.379;367.437;298.273
1376.1;1;Los Espinos;final;1546.229;2671.096;106.229;1231.096;134.721
1377;1;Los Espinos;final;1341.825;1807.471;1341.825;367.471;306.868
1377.1;1;Los Espinos;final;1511.207;2719.521;71.207;1279.521;106.713
1378;1;Los Espinos;final;1295.254;1871.637;1295.254;431.637;273.125
1379;1;Los Espinos;final;1313.705;1884.471;1313.705;444.471;243.592
1380;1;Los Espinos;final;1283.854;1753.325;1283.854;313.325;304.8
1380.1;1;Los Espinos;final;1352.353;2667.696;1352.353;1227.696;55.769
1381;1;Los Espinos;final;1348.639;1763.325;1348.639;323.325;302.182
1382;1;Los Espinos;final;1307.884;1773.325;1307.884;333.325;285.225
1383;1;Los Espinos;final;1291.375;1783.325;1291.375;343.325;287.435
1383.1;1;Los Espinos;final;1489.872;2665.654;49.872;1225.654;116.343
1384;1;Los Espinos;final;1252.022;1793.325;1252.022;353.325;284.525
1384.1;1;Los Espinos;final;1541.163;2633.794;101.163;1193.794;152.422
1385;1;Los Espinos;final;1356.484;1803.325;1356.484;363.325;296.415
1386;1;Los Espinos;final;1426.19;1883.325;1426.19;443.325;297.408
1387;1;Los Espinos;final;1371.541;1893.325;1371.541;453.325;287.435
1387.1;1;Los Espinos;final;1521.758;2745.904;81.758;1305.904;90.082
1388;1;Los Espinos;final;535.408;1731.904;535.408;291.904;90.134
1389;1;Los Espinos;final;1308.022;1741.904;1308.022;301.904;314.056
1389.1;1;Los Espinos;final;1379.575;2685.194;1379.575;1245.194;59.449
1390;1;Los Espinos;final;1354.404;1751.904;1354.404;311.904;306.647
1390.1;1;Los Espinos;final;1510.789;2768.296;70.789;1328.296;73.336
1391;1;Los Espinos;final;1322.703;1761.904;1322.703;321.904;290.426
1391.1;1;Los Espinos;final;1471.942;2700.825;31.942;1260.825;90.863
1392;1;Los Espinos;final;1301.139;1771.904;1301.139;331.904;300.23
1393;1;Los Espinos;final;1172.125;1781.904;1172.125;341.904;258.131
1394;1;Los Espinos;final;1324.022;1791.904;1324.022;351.904;311.333
1394.1;1;Los Espinos;final;1427.432;2701.294;1427.432;1261.294;73.959
1395;1;Los Espinos;final;1415.572;1861.904;1415.572;421.904;314.004
1395.1;1;Los Espinos;final;1509.166;2790.461;69.166;1350.461;73.959
1396;1;La Reina;final;1118.812;1414.808;1118.812;1414.808;288.98
1396.1;1;La Reina;final;1370.846;2528.355;1370.846;1088.355;102.226
1397;1;La Reina;final;1085.047;1444.808;1085.047;4.808;299.134
1397.1;1;La Reina;final;1355.914;2498.089;1355.914;1058.089;114.299
1398;1;La Reina;final;1228.075;1759.808;1228.075;319.808;300.522
1398.1;1;La Reina;final;1503.746;2627.608;63.746;1187.608;132.87
1399;1;La Reina;final;1350.591;1774.808;1350.591;334.808;300.969
1399.1;1;La Reina;final;1461.414;2755.069;21.414;1315.069;70.352
1400;1;La Reina;final;1238.909;1789.808;1238.909;349.808;300.522
1400.1;1;La Reina;final;1423.955;2636.175;1423.955;1196.175;88.926
1401;1;La Reina;final;1328.392;1804.808;1328.392;364.808;314.789
1401.1;1;La Reina;final;1523.614;2724.808;83.614;1284.808;112.201
1402;1;La Reina;final;1313.414;1814.808;1313.414;374.808;296.926
1402.1;1;La Reina;final;1488.792;2713.856;48.792;1273.856;112.12
1403;1;La Reina;final;1270.79;1824.808;1270.79;384.808;254.635
1404;1;La Reina;final;1333.414;1834.808;1333.414;394.808;296.926
1404.1;1;La Reina;final;1468.817;2733.856;28.817;1293.856;90.926
1405;1;La Reina;final;1341.242;1844.808;1341.242;404.808;296.945
1406;1;La Reina;final;1321.155;2533.375;1321.155;1093.375;88.926
1407;1;La Reina;final;1295.502;1710.45;1295.502;270.45;289.935
1408;1;La Reina;final;1316.874;1719.017;1316.874;279.017;309.463
1409;1;La Reina;final;1179.37;1727.584;1179.37;287.584;245.157
1409.1;1;La Reina;final;1421.079;2577.108;1421.079;1137.108;111.363
1410;1;La Reina;final;1197.379;1736.15;1197.379;296.15;289.373
1410.1;1;La Reina;final;1289.224;2602.088;1289.224;1162.088;48.875
1411;1;La Reina;final;1129.487;1744.717;1129.487;304.717;201.838
1412;1;La Reina;final;1194.812;1753.284;1194.812;313.284;267.993
1413;1;La Reina;final;1284.312;1761.85;1284.312;321.85;290.229
1414;1;La Reina;final;1343.062;1761.884;1343.062;321.884;282.267
1415;1;La Reina;final;1128.703;1770.884;1128.703;330.884;195.345
1416;1;La Reina;final;1397.262;1779.884;1397.262;339.884;305.785
1417;1;La Reina;final;1203.214;1788.884;1203.214;348.884;268.704
1417.1;1;La Reina;final;1389.689;2601.908;1389.689;1161.908;88.926
1418;1;La Reina;final;1264.862;1797.884;1264.862;357.884;292.084
1419;1;La Reina;final;1284.862;1806.884;1284.862;366.884;289.373
1420;1;La Reina;final;1353.029;1815.884;1353.029;375.884;287.345
1420.1;1;La Reina;final;1536.498;2758.355;96.498;1318.355;99.393
1421;1;La Reina;final;1381.607;1824.884;1381.607;384.884;289.007
1422;1;La Reina;final;1338.289;1833.884;1338.289;393.884;286.148
1423;1;La Reina;final;1397.848;1842.884;1397.848;402.884;307.469
1423.1;1;La Reina;final;1518.607;2765.786;78.607;1325.786;88.676
1424;1;La Reina;final;1365.591;1851.884;1365.591;411.884;290.663
1424.1;1;La Reina;final;1501.125;2772.202;61.125;1332.202;78.815
1425;1;La Reina;final;1378.946;1861.884;1378.946;421.884;285.398
1426;1;La Reina;final;1296.25;1871.884;1296.25;431.884;282.144
1427;1;La Reina;final;1437.947;1881.884;1437.947;441.884;313.924
1427.1;1;La Reina;final;1486.612;2837.758;46.612;1397.758;39.983
1428;1;La Reina;final;1271.675;1891.884;1271.675;451.884;272.631
1428.1;1;La Reina;final;1433.489;2674.808;1433.489;1234.808;88.926
1429;1;La Reina;final;1278.836;1901.884;1278.836;461.884;244.33
1430;1;La Reina;final;1432.45;2521.884;1432.45;1081.884;156.022
1431;1;La Reina;final;1468.792;2531.884;28.792;1091.884;177.216
1432;1;Santa Rosa;final;1403.984;1800.14;1403.984;360.14;283.541
1433;1;Santa Rosa;final;1460.25;1810.14;20.25;370.14;278.842
1434;1;Santa Rosa;final;1383.755;1820.14;1383.755;380.14;294.916
1434.1;1;Santa Rosa;final;1496.705;2764.078;56.705;1324.078;78.366
1435;1;Santa Rosa;final;1397.302;1830.14;1397.302;390.14;268.14
1436;1;Santa Rosa;final;1474.861;1840.14;34.861;400.14;312.294
1437;1;Santa Rosa;final;1158.087;1850.14;1158.087;410.14;169.24
1438;1;Santa Rosa;final;1377.302;1860.14;1377.302;420.14;254.082
1439;1;Santa Rosa;final;1353.807;1870.14;1353.807;430.14;251.936
1440;1;Santa Rosa;final;1443.641;1880.14;3.641;440.14;250.077
1441;1;Los Espinos;final;768.949;1399.763;768.949;1399.763;302.847
1441.1;1;Los Espinos;final;1356.932;2137.363;1356.932;697.363;210.522
1442;1;Los Espinos;final;757.984;1429.763;757.984;1429.763;276.316
1442.1;1;Los Espinos;final;1408.963;2207.287;1408.963;767.287;227.946
1443;1;Los Espinos;final;1293.355;1789.763;1293.355;349.763;262.076
1444;1;Los Espinos;final;1418.925;1798.763;1418.925;358.763;306.996
1444.1;1;Los Espinos;final;1477.139;2813.72;37.139;1373.72;47.829
1445;1;Los Espinos;final;1136.389;1387.359;1136.389;1387.359;307.581
1445.1;1;Los Espinos;final;1380.552;2541.546;1380.552;1101.546;98.622
1446;1;Los Espinos;final;1051.288;1417.359;1051.288;1417.359;293.557
1446.1;1;Los Espinos;final;1319.371;2471.987;1319.371;1031.987;94.99
1447;1;Los Espinos;final;1276.354;1717.359;1276.354;277.359;294.615
1448;1;Los Espinos;final;1308.021;1724.859;1308.021;284.859;300.287
1448.1;1;Los Espinos;final;1526.207;2691.696;86.207;1251.696;132.563
1449;1;Los Espinos;final;1398.121;1732.359;1398.121;292.359;309.75
1450;1;Los Espinos;final;1339.374;1739.859;1339.374;299.859;290.988
1450.1;1;Los Espinos;final;1413.521;2719.713;1413.521;1279.713;61.19
1451;1;Los Espinos;final;1182.355;1747.359;1182.355;307.359;233.298
1452;1;Los Espinos;final;1231.955;1754.859;1231.955;314.859;286.292
1452.1;1;Los Espinos;final;1366.98;2624.595;1366.98;1184.595;72.977
1453;1;Los Espinos;final;1327.907;1762.359;1327.907;322.359;314.168
1453.1;1;Los Espinos;final;1542.041;2693.687;102.041;1253.687;128.695
1454;1;Los Espinos;final;1301.955;1769.859;1301.955;329.859;292.634
1454.1;1;Los Espinos;final;1397.144;2678.995;1397.144;1238.995;74.778
1455;1;Los Espinos;final;1337.451;1777.359;1337.451;337.359;290.567
1455.1;1;Los Espinos;final;1518.367;2727.287;78.367;1287.287;110.265
1456;1;Los Espinos;final;1195.254;1785.526;1195.254;345.526;230.355
1457;1;Los Espinos;final;1323.755;1793.693;1323.755;353.693;281.73
1457.1;1;Los Espinos;final;1476.473;2701.495;36.473;1261.495;104.026
1458;1;Los Espinos;final;1445.437;1801.859;5.437;361.859;313.068
1458.1;1;Los Espinos;final;1518.915;2827.771;78.915;1387.771;64.248
1459;1;Los Espinos;final;1397.057;1810.026;1397.057;370.026;293.597
1459.1;1;Los Espinos;final;1530.925;2764.763;90.925;1324.763;94.313
1460;1;Los Espinos;final;1287.486;1818.193;1287.486;378.193;255.721
1461;1;Los Espinos;final;1298.204;1859.026;1298.204;419.026;239.699
1462;1;Los Espinos;final;1349.271;1867.193;1349.271;427.193;254.492
1463;1;Los Espinos;final;1271.379;1867.359;1271.379;427.359;238.955
1464;1;Los Espinos;final;1348.546;1887.359;1348.546;447.359;253.955
1465;1;Los Espinos;final;1408.103;1897.359;1408.103;457.359;284.537
1466;1;Los Espinos;final;1321.354;2470.693;1321.354;1030.693;106.501
1467;1;Los Espinos;final;1374.759;2490.693;1374.759;1050.693;125.87
1468;1;Los Espinos;final;1336.421;2513.359;1336.421;1073.359;106.501
1469;1;Los Espinos;final;1232.471;1721.616;1232.471;281.616;285.778
1470;1;Los Espinos;final;548.055;1736.616;548.055;296.616;99.727
1471;1;Los Espinos;final;568.055;1751.616;568.055;311.616;99.727
1472;1;Los Espinos;final;1305.084;1766.616;1305.084;326.616;300.914
1472.1;1;Los Espinos;final;1376.354;2660.166;1376.354;1220.166;70.239
1473;1;Los Espinos;final;1285.121;1781.616;1285.121;341.616;285.307
1473.1;1;Los Espinos;final;1466.154;2691.561;26.154;1251.561;96.397
1474;1;Los Espinos;final;1321.121;1791.616;1321.121;351.616;302.229
1474.1;1;Los Espinos;final;1396.555;2721.561;1396.555;1281.561;48.555
1475;1;Los Espinos;final;1184.672;1801.616;1184.672;361.616;254.387
1476;1;Los Espinos;final;1279.004;1811.616;1279.004;371.616;268.386
1476.1;1;Los Espinos;final;1556.084;2680.311;116.084;1240.311;145.847
1477;1;Los Espinos;final;1263.251;1841.616;1263.251;401.616;274.349
1478;1;Los Espinos;final;1355.513;1881.616;1355.513;441.616;290.695
1479;1;Los Espinos;final;1262.772;1891.616;1262.772;451.616;254.387
1480;1;Los Espinos;final;1389.204;1901.616;1389.204;461.616;302.229
1480.1;1;Los Espinos;final;1462.939;2796.561;22.939;1356.561;48.555
1481;1;Los Espinos;final;1247.772;1911.616;1247.772;471.616;237.465
1482;1;Los Espinos;final;1249.917;1746.561;1249.917;306.561;300.507
1483;1;Los Espinos;final;1309.004;1758.561;1309.004;318.561;311.466
1483.1;1;Los Espinos;final;1483.288;2714.061;43.288;1274.061;96.397
1484;1;Los Espinos;final;1333.121;1770.561;1333.121;330.561;294.544
1484.1;1;Los Espinos;final;1484.071;2736.561;44.071;1296.561;79.476
1485;1;Los Espinos;final;1294.004;1782.561;1294.004;342.561;277.622
1485.1;1;Los Espinos;final;1414.284;2702.811;1414.284;1262.811;68.517
1486;1;Los Espinos;final;613.434;1856.561;613.434;416.561;68.988
1487;1;Santa Rosa;final;1370.878;1778.014;1370.878;338.014;282.647
1488;1;Santa Rosa;final;1394.353;1786.581;1394.353;346.581;290.118
1488.1;1;Santa Rosa;final;1498.815;2830.881;58.815;1390.881;53.727
1489;1;Santa Rosa;final;483.153;1795.147;483.153;355.147;43.749
1490;1;Santa Rosa;final;1389.376;1820.881;1389.376;380.881;290.183
1490.1;1;Santa Rosa;final;1451.452;2761.575;11.452;1321.575;61.963
1491;1;Santa Rosa;final;1284.4;1748.37;1284.4;308.37;278.596
1491.1;1;Santa Rosa;final;1468.202;2712.632;28.202;1272.632;84.081
1492;1;Santa Rosa;final;1381.186;1752.97;1381.186;312.97;309.044
1492.1;1;Santa Rosa;final;1500.657;2816.281;60.657;1376.281;52.248
1493;1;Santa Rosa;final;1319.088;1757.57;1319.088;317.57;289.841
1494;1;Santa Rosa;final;540.269;1762.17;540.269;322.17;78.08
1495;1;Santa Rosa;final;1363.563;1766.77;1363.563;326.77;301.112
1496;1;Santa Rosa;final;1283.448;1771.37;1283.448;331.37;254.7
1497;1;Santa Rosa;final;523.047;1785.17;523.047;345.17;68.306
1498;1;Santa Rosa;final;1272.075;1794.37;1272.075;354.37;254.96
1499;1;Santa Rosa;final;1361.821;1794.57;1361.821;354.57;293.136
1500;1;Santa Rosa;final;1373.876;1808.77;1373.876;368.77;290.203
1500.1;1;Santa Rosa;final;1505.332;2733.976;65.332;1293.976;108.855
1501;1;Santa Rosa;final;1411.167;1818.236;1411.167;378.236;302.974
1502;1;Santa Rosa;final;1287.829;1827.703;1287.829;387.703;245.965
1503;1;Santa Rosa;final;506.819;1837.17;506.819;397.17;38.05
1504;1;Santa Rosa;final;1359.057;1841.903;1359.057;401.903;276.798
1505;1;Santa Rosa;final;1272.685;1846.636;1272.685;406.636;231.857
1506;1;Santa Rosa;final;1419.419;1884.57;1419.419;444.57;296.68
1507;1;Los Espinos;final;1305.254;1754.678;1305.254;314.678;282.271
1507.1;1;Los Espinos;final;1473.809;2689.096;33.809;1249.096;106.335
1508;1;Los Espinos;final;1175.557;1774.678;1175.557;334.678;305.795
1508.1;1;Los Espinos;final;1381.554;2544.687;1381.554;1104.687;109.687
1509;1;Los Espinos;final;1197.486;1794.678;1197.486;354.678;230.744
1510;1;Los Espinos;final;1335.331;1803.678;1335.331;363.678;307.052
1511;1;Los Espinos;final;1313.989;1812.678;1313.989;372.678;291.326
1511.1;1;Los Espinos;final;1482.499;2721.573;42.499;1281.573;92.124
1512;1;Los Espinos;final;1262.47;1821.678;1262.47;381.678;241.651
1513;1;Los Espinos;final;1377.201;1830.678;1377.201;390.678;313.319
1513.1;1;Los Espinos;final;1490.999;2761.553;50.999;1321.553;77.404
1514;1;Los Espinos;final;1261.354;1857.678;1261.354;417.678;240.006
1515;1;Los Espinos;final;1410.413;1866.678;1410.413;426.678;291.218
1515.1;1;Los Espinos;final;1467.704;2731.112;27.704;1291.112;80.286
1516;1;Los Espinos;final;1306.354;1875.678;1306.354;435.678;247.678
1517;1;Los Espinos;final;1384.756;1884.678;1384.756;444.678;270.517
1518;1;Los Espinos;final;1300.257;1737.696;1300.257;297.696;313.598
1518.1;1;Los Espinos;final;1499.705;2668.071;59.705;1228.071;124.132
1519;1;Los Espinos;final;1329.766;1749.696;1329.766;309.696;290.838
1519.1;1;Los Espinos;final;1448.352;2697.263;8.352;1257.263;80.693
1520;1;Los Espinos;final;1215.821;1761.696;1215.821;321.696;231.933
1521;1;Los Espinos;final;1267.486;1773.696;1267.486;333.696;278.954
1522;1;Los Espinos;final;1353.466;1785.696;1353.466;345.696;290.03
1522.1;1;Los Espinos;final;1458.002;2719.763;18.002;1279.763;80.693
1523;1;Los Espinos;final;1460.437;1797.696;20.437;357.696;308.719
1524;1;Los Espinos;final;522.386;1804.612;522.386;364.612;55.769
1525;1;Los Espinos;final;1313.541;1811.529;1313.541;371.529;309.994
1525.1;1;Los Espinos;final;1505.267;2707.287;65.267;1267.287;108.322
1526;1;Los Espinos;final;536.22;1818.446;536.22;378.446;55.769
1527;1;Los Espinos;final;543.136;1825.362;543.136;385.362;55.769
1528;1;Los Espinos;final;1345.358;1832.279;1345.358;392.279;239.056
1529;1;Los Espinos;final;1442.057;1839.196;2.057;399.196;290.804
1529.1;1;Los Espinos;final;1498.004;2809.763;58.004;1369.763;60.569
1530;1;Los Espinos;final;1375.621;1853.029;1375.621;413.029;253.804
1531;1;Los Espinos;final;1428.166;1859.946;1428.166;419.946;294.431
1531.1;1;Los Espinos;final;1483.004;2794.763;43.004;1354.763;60.569
1532;1;Los Espinos;final;1348.181;1866.862;1348.181;426.862;300.483
1533;1;Los Espinos;final;1263.621;1887.696;1263.621;447.696;205.981
1534;1;Los Espinos;final;1484.187;2527.696;44.187;1087.696;166.647
1535;1;Vespucio Norte;final;507.423;1434.396;507.423;1434.396;227.444
1535.1;1;Vespucio Norte;final;1268.617;1944.396;1268.617;504.396;209.812
1536;1;Vespucio Norte;intermedia;804.129;831.0;804.129;831.0;268.526
1536;2;Vespucio Norte;final;1165.964;1464.396;1165.964;24.396;109.576
1536.1;1;Vespucio Norte;final;1341.298;2582.436;1341.298;1142.436;79.663
1537;1;Vespucio Norte;final;964.089;1494.396;964.089;54.396;313.665
1537.1;1;Vespucio Norte;final;1327.317;2422.257;1327.317;982.257;109.272
1538;1;Vespucio Norte;final;444.052;1629.396;444.052;189.396;132.61
1539;1;Vespucio Norte;final;1357.979;1764.396;1357.979;324.396;302.708
1539.1;1;Vespucio Norte;final;1459.967;2792.593;19.967;1352.593;54.273
1540;1;Vespucio Norte;final;1230.206;1776.396;1230.206;336.396;255.685
1541;1;Vespucio Norte;final;1168.473;1788.396;1168.473;348.396;227.928
1541.1;1;Vespucio Norte;final;1435.473;2608.912;1435.473;1168.912;96.05
1542;1;Vespucio Norte;final;1297.493;1800.396;1297.493;360.396;296.371
1543;1;Vespucio Norte;final;1359.739;1812.396;1359.739;372.396;283.771
1543.1;1;Vespucio Norte;final;1438.956;2799.396;1438.956;1359.396;38.07
1544;1;Vespucio Norte;final;1159.764;1824.396;1159.764;384.396;201.769
1545;1;Vespucio Norte;final;1365.36;1834.396;1365.36;394.396;281.845
1546;1;Vespucio Norte;final;1396.923;1844.396;1396.923;404.396;300.859
1546.1;1;Vespucio Norte;final;1593.743;2834.396;153.743;1394.396;94.124
1547;1;Vespucio Norte;final;1295.689;1854.396;1295.689;414.396;240.25
1547.1;1;Vespucio Norte;final;1514.856;2731.896;74.856;1291.896;96.05
1548;1;Vespucio Norte;final;1437.427;1874.396;1437.427;434.396;302.049
1549;1;Vespucio Norte;final;1233.601;1884.396;1233.601;444.396;209.812
1550;1;Vespucio Norte;final;1238.617;1914.396;1238.617;474.396;209.812
1551;1;Vespucio Norte;final;1527.077;2532.396;87.077;1092.396;169.675
1552;1;Vespucio Norte;final;1464.693;2544.396;24.693;1104.396;141.72
1553;1;Santa Rosa;final;1307.769;1735.915;1307.769;295.915;308.152
1553.1;1;Santa Rosa;final;1427.779;2741.881;1427.779;1301.881;51.507
1554;1;Santa Rosa;final;1309.238;1744.481;1309.238;304.481;302.438
1555;1;Santa Rosa;final;1213.979;1753.048;1213.979;313.048;261.803
1556;1;Santa Rosa;final;1359.619;1761.615;1359.619;321.615;302.374
1556.1;1;Santa Rosa;final;1459.636;2790.881;19.636;1350.881;54.94
1557;1;Santa Rosa;final;1357.114;1770.181;1357.114;330.181;307.011
1557.1;1;Santa Rosa;final;1447.098;2710.397;7.098;1270.397;73.24
1558;1;Santa Rosa;final;1242.263;1778.748;1242.263;338.748;270.162
1558.1;1;Santa Rosa;final;1365.831;2594.897;1365.831;1154.897;91.53
1559;1;Santa Rosa;final;1412.252;1787.315;1412.252;347.315;308.957
1560;1;Santa Rosa;final;1312.146;1795.881;1312.146;355.881;278.33
1561;1;Santa Rosa;final;1296.685;1795.915;1296.685;355.915;268.45
1562;1;Santa Rosa;final;1503.85;1804.081;63.85;364.081;244.282
1563;1;Santa Rosa;final;1398.78;1812.248;1398.78;372.248;271.459
1563.1;1;Santa Rosa;final;1479.394;2757.976;39.394;1317.976;87.115
1564;1;Santa Rosa;final;1395.461;1828.581;1395.461;388.581;294.054
1565;1;Santa Rosa;final;1283.142;1836.748;1283.142;396.748;237.799
1566;1;Santa Rosa;final;1482.038;1885.748;42.038;445.748;278.188
1567;1;Santa Rosa;final;1414.839;1885.915;1414.839;445.915;280.746
1568;1;Los Espinos;final;1256.682;1763.794;1256.682;323.794;287.644
1569;1;Los Espinos;final;1407.124;1778.794;1407.124;338.794;314.695
1569.1;1;Los Espinos;final;1522.19;2822.507;82.19;1382.507;64.953
1570;1;Los Espinos;final;1328.175;1793.794;1328.175;353.794;311.827
1570.1;1;Los Espinos;final;1491.718;2708.548;51.718;1268.548;93.847
1571;1;Los Espinos;final;1352.757;1811.794;1352.757;371.794;309.353
1572;1;Los Espinos;final;1368.932;1874.794;1368.932;434.794;289.587
1573;1;Los Espinos;final;1322.757;1883.794;1322.757;443.794;257.306
1574;1;Los Espinos;final;939.463;1461.904;939.463;21.904;308.254
1574.1;1;Los Espinos;final;1484.101;2303.554;44.101;863.554;227.34
1575;1;Los Espinos;final;1006.784;1641.904;1006.784;201.904;273.112
1575.1;1;Los Espinos;final;1414.749;2433.287;1414.749;993.287;155.68
1576;1;Los Espinos;final;1134.966;1731.904;1134.966;291.904;296.911
1576.1;1;Los Espinos;final;1495.277;2483.113;55.277;1043.113;187.602
1577;1;Los Espinos;final;1279.103;1743.904;1279.103;303.904;313.197
1577.1;1;Los Espinos;final;1360.291;2655.825;1360.291;1215.825;60.551
1578;1;Los Espinos;final;1216.582;1755.904;1216.582;315.904;284.164
1578.1;1;Los Espinos;final;1430.666;2557.363;1430.666;1117.363;128.954
1579;1;Los Espinos;final;1315.375;1767.904;1315.375;327.904;311.624
1579.1;1;Los Espinos;final;1524.139;2688.154;84.139;1248.154;116.343
1580;1;Los Espinos;final;1361.379;1779.904;1361.379;339.904;313.418
1580.1;1;Los Espinos;final;1513.791;2696.796;73.791;1256.796;114.03
1581;1;Los Espinos;final;1253.017;1791.904;1253.017;351.904;284.732
1581.1;1;Los Espinos;final;1379.266;2637.287;1379.266;1197.287;78.281
1582;1;Los Espinos;final;1302.484;1872.904;1302.484;432.904;266.9
1582.1;1;Los Espinos;final;1479.472;2687.287;39.472;1247.287;104.572
1583;1;Santa Rosa;final;1410.825;1737.098;1410.825;297.098;309.151
1583.1;1;Santa Rosa;final;1485.141;2807.098;45.141;1367.098;55.972
1584;1;Santa Rosa;final;1258.925;1752.098;1258.925;312.098;252.889
1585;1;Santa Rosa;final;1286.674;1767.098;1286.674;327.098;281.28
1586;1;Santa Rosa;final;1211.002;1782.098;1211.002;342.098;225.656
1587;1;Santa Rosa;final;1303.925;1797.098;1303.925;357.098;252.889
1588;1;Santa Rosa;final;1388.341;1812.098;1388.341;372.098;281.02
1589;1;Santa Rosa;final;1510.793;1887.098;70.793;447.098;306.311
1590;1;Santa Rosa;final;1237.446;1720.397;1237.446;280.397;292.067
1590.1;1;Santa Rosa;final;1404.931;2587.597;1404.931;1147.597;108.914
1591;1;Santa Rosa;final;1328.402;1724.68;1328.402;284.68;312.792
1592;1;Santa Rosa;final;1184.519;1728.963;1184.519;288.963;288.714
1592.1;1;Santa Rosa;final;1280.735;2615.881;1280.735;1175.881;42.938
1593;1;Santa Rosa;final;1237.088;1733.247;1237.088;293.247;290.437
1593.1;1;Santa Rosa;final;1490.103;2615.915;50.103;1175.915;133.78
1594;1;Santa Rosa;final;1319.874;1737.53;1319.874;297.53;299.648
1594.1;1;Santa Rosa;final;1372.793;2726.51;1372.793;1286.51;35.862
1595;1;Santa Rosa;final;1335.285;1741.813;1335.285;301.813;308.197
1595.1;1;Santa Rosa;final;1505.211;2730.14;65.211;1290.14;83.428
1596;1;Santa Rosa;final;1331.641;1750.38;1331.641;310.38;308.371
1596.1;1;Santa Rosa;final;1388.878;2695.192;1388.878;1255.192;57.985
1597;1;Santa Rosa;final;1297.886;1754.663;1297.886;314.663;298.948
1598;1;Santa Rosa;final;1279.136;1763.23;1279.136;323.23;291.872
1599;1;Santa Rosa;final;1436.561;1767.513;1436.561;327.513;292.289
1600;1;Santa Rosa;final;1347.807;1776.08;1347.807;336.08;297.017
1601;1;Santa Rosa;final;1297.961;1780.397;1297.961;340.397;266.256
1602;1;Santa Rosa;final;1300.365;1823.23;1300.365;383.23;278.261
1603;1;Santa Rosa;final;1262.221;1861.78;1262.221;421.78;257.689
1604;1;Santa Rosa;final;1237.769;1870.397;1237.769;430.397;223.145
1605;1;Santa Rosa;final;1226.674;1742.186;1226.674;302.186;289.226
1605.1;1;Santa Rosa;final;1495.715;2603.2;55.715;1163.2;137.281
1606;1;Santa Rosa;final;1343.88;1754.186;1343.88;314.186;310.405
1606.1;1;Santa Rosa;final;1436.134;2724.57;1436.134;1284.57;74.616
1607;1;Santa Rosa;final;484.953;1766.186;484.953;326.186;55.727
1608;1;Santa Rosa;final;496.186;1778.186;496.186;338.186;55.727
1609;1;Santa Rosa;final;1404.436;1790.186;1404.436;350.186;304.46
1609.1;1;Santa Rosa;final;1522.229;2844.214;82.229;1404.214;51.507
1610;1;Santa Rosa;final;1310.221;1802.186;1310.221;362.186;276.778
1611;1;Santa Rosa;final;1339.652;1813.436;1339.652;373.436;292.559
1612;1;Santa Rosa;final;1145.06;1824.686;1145.06;384.686;190.414
1613;1;Santa Rosa;final;1392.778;1835.936;1392.778;395.936;275.646
1614;1;Santa Rosa;final;507.993;1847.186;507.993;407.186;39.685
1615;1;Santa Rosa;final;1194.993;1858.436;1194.993;418.436;205.679
1616;1;Santa Rosa;final;1501.654;1869.686;61.654;429.686;313.05
1617;1;Santa Rosa;final;1315.904;1880.936;1315.904;440.936;239.49
1618;1;Santa Rosa;final;1290.993;1892.186;1290.993;452.186;222.279
1619;1;Santa Rosa;final;1125.32;1413.342;1125.32;1413.342;308.433
1619.1;1;Santa Rosa;final;1306.111;2554.58;1306.111;1114.58;65.373
1620;1;Santa Rosa;final;1142.19;1433.342;1142.19;1433.342;313.859
1620.1;1;Santa Rosa;final;1211.269;2555.41;1211.269;1115.41;36.539
1621;1;Santa Rosa;final;1011.914;1453.342;1011.914;13.342;309.904
1621.1;1;Santa Rosa;final;1387.298;2382.718;1387.298;942.718;175.19
1622;1;Santa Rosa;final;688.314;1393.138;688.314;1393.138;312.601
1622.1;1;Santa Rosa;final;1470.902;2099.752;30.902;659.752;257.386
1623;1;Santa Rosa;final;704.648;1423.138;704.648;1423.138;312.601
1623.1;1;Santa Rosa;final;1467.335;2133.502;27.335;693.502;248.339
1624;1;Vespucio Norte;final;176.085;1432.514;176.085;1432.514;95.781
1625;1;Vespucio Norte;final;694.725;1452.514;694.725;12.514;307.697
1625.1;1;Vespucio Norte;final;1428.817;2017.521;1428.817;577.521;298.576
1626;1;Vespucio Norte;final;216.085;1472.514;216.085;32.514;95.781
1627;1;Vespucio Norte;final;1160.769;1492.514;1160.769;52.514;314.565
1628;1;Vespucio Norte;final;474.052;1349.452;474.052;1349.452;279.71
1629;1;Vespucio Norte;final;556.839;1369.452;556.839;1369.452;291.894
1629.1;1;Vespucio Norte;final;1482.427;1994.396;42.427;554.396;277.572
1630;1;Vespucio Norte;intermedia;673.367;720.0;673.367;720.0;304.155
1630;2;Vespucio Norte;final;1049.684;1389.452;1049.684;1389.452;92.224
1630.1;1;Vespucio Norte;final;1355.689;2492.929;1355.689;1052.929;96.05
1631;1;Vespucio Norte;final;414.052;1409.452;414.052;1409.452;223.867
1632;1;Vespucio Norte;intermedia;693.112;721.0;693.112;721.0;283.826
1632;2;Vespucio Norte;final;1067.598;1439.452;1067.598;1439.452;109.576
1632.1;1;Vespucio Norte;final;1259.098;2486.436;1259.098;1046.436;65.262
1633;1;Los Espinos;final;1263.212;1748.394;1263.212;308.394;297.075
1633.1;1;Los Espinos;final;1480.896;2641.438;40.896;1201.438;156.702
1634;1;Los Espinos;final;1353.621;1768.394;1353.621;328.394;291.527
1634.1;1;Los Espinos;final;1466.849;2720.056;26.849;1280.056;77.37
1635;1;Los Espinos;final;1363.738;1788.394;1363.738;348.394;291.527
1636;1;Los Espinos;final;1368.471;1796.561;1368.471;356.561;291.527
1636.1;1;Los Espinos;final;1483.982;2737.19;43.982;1297.19;77.37
1637;1;Los Espinos;final;1340.171;1812.894;1340.171;372.894;284.718
1637.1;1;Los Espinos;final;1460.616;2709.306;20.616;1269.306;77.37
1638;1;Los Espinos;final;1355.121;1829.228;1355.121;389.228;277.912
1639;1;Los Espinos;final;1395.121;1878.394;1395.121;438.394;284.718
1639.1;1;Los Espinos;final;1509.682;2762.89;69.682;1322.89;77.37
1640;1;Los Espinos;final;1365.121;1742.056;1365.121;302.056;310.973
1641;1;Los Espinos;final;1312.116;1754.056;1312.116;314.056;293.252
1641.1;1;Los Espinos;final;1526.816;2664.674;86.816;1224.674;120.567
1642;1;Los Espinos;final;1385.121;1766.056;1385.121;326.056;310.973
1643;1;Los Espinos;final;1367.116;1790.056;1367.116;350.056;286.446
1644;1;Los Espinos;final;1354.501;1798.223;1354.501;358.223;299.987
1644.1;1;Los Espinos;final;1403.652;2715.544;1403.652;1275.544;64.823
1645;1;Los Espinos;final;1425.121;1806.39;1425.121;366.39;310.973
1646;1;Los Espinos;final;1280.305;1814.556;1280.305;374.556;250.359
1647;1;Los Espinos;final;1270.171;1847.223;1270.171;407.223;243.55
1648;1;Los Espinos;final;1280.171;1855.39;1280.171;415.39;243.55
1649;1;Los Espinos;final;1407.782;1863.556;1407.782;423.556;286.446
1650;1;Los Espinos;final;1438.339;1871.723;1438.339;431.723;284.975
1650.1;1;Los Espinos;final;1517.138;2808.394;77.138;1368.394;68.837
1651;1;Los Espinos;final;1428.916;1879.89;1428.916;439.89;286.446
1651.1;1;Los Espinos;final;1511.088;2774.007;71.088;1334.007;77.675
1652;1;Los Espinos;final;1425.489;1880.056;1425.489;440.056;284.975
1652.1;1;Los Espinos;final;1475.5;2796.438;35.5;1356.438;64.404
1653;1;Los Espinos;final;1373.881;1890.056;1373.881;450.056;291.737
1654;1;Los Espinos;final;1199.57;1900.056;1199.57;460.056;198.885
1655;1;Vespucio Norte;final;1281.095;1764.396;1281.095;324.396;275.04
1656;1;Vespucio Norte;final;1330.523;1776.396;1330.523;336.396;285.579
1656.1;1;Vespucio Norte;final;1483.956;2769.396;43.956;1329.396;73.709
1657;1;Vespucio Norte;final;1325.689;1788.396;1325.689;348.396;281.635
1658;1;Vespucio Norte;final;1171.034;1800.396;1171.034;360.396;219.502
1659;1;Vespucio Norte;final;1191.034;1812.396;1191.034;372.396;219.502
1660;1;Vespucio Norte;final;1338.617;1824.396;1338.617;384.396;256.12
1661;1;Vespucio Norte;final;1258.017;1832.562;1258.017;392.562;237.569
1662;1;Vespucio Norte;final;1452.817;1840.729;12.817;400.729;311.867
1663;1;Vespucio Norte;final;1111.056;1848.896;1111.056;408.896;185.879
1664;1;Vespucio Norte;final;1341.423;1857.062;1341.423;417.062;263.084
1665;1;Vespucio Norte;final;1418.117;1865.229;1418.117;425.229;281.312
1666;1;Vespucio Norte;final;1242.776;1873.396;1242.776;433.396;235.339
1667;1;Vespucio Norte;final;1468.956;1881.562;28.956;441.562;309.392
1668;1;Vespucio Norte;final;1372.317;1889.729;1372.317;449.729;273.208
1669;1;Vespucio Norte;final;1423.956;1897.896;1423.956;457.896;296.586
1669.1;1;Vespucio Norte;final;1620.41;2861.062;180.41;1421.062;94.124
1670;1;Vespucio Norte;final;1380.817;1906.062;1380.817;466.062;273.208
1671;1;Vespucio Norte;final;1345.523;1914.229;1345.523;474.229;238.113
1671.1;1;Vespucio Norte;final;1540.41;2781.062;100.41;1341.062;94.124
1672;1;Vespucio Norte;final;1275.489;1914.396;1275.489;474.396;208.22
1673;1;Vespucio Norte;final;1491.813;2520.396;51.813;1080.396;155.179
1674;1;Vespucio Norte;final;1390.859;2536.396;1390.859;1096.396;103.944
1675;1;Vespucio Norte;final;1319.623;2544.396;1319.623;1104.396;75.846
1676;1;Santa Rosa;final;1370.278;1724.618;1370.278;284.618;298.277
1677;1;Santa Rosa;final;1395.166;1754.618;1395.166;314.618;298.479
1678;1;Santa Rosa;final;1310.99;1784.618;1310.99;344.618;288.235
1679;1;Santa Rosa;final;1321.731;1829.618;1321.731;389.618;270.551
1679.1;1;Santa Rosa;final;1466.894;2671.797;26.894;1231.797;109.037
1680;1;Santa Rosa;final;562.815;1394.392;562.815;1394.392;286.507
1680.1;1;Santa Rosa;final;1231.388;1908.536;1231.388;468.536;231.289
1681;1;La Reina;final;1015.979;1424.107;1015.979;1424.107;295.594
1681.1;1;La Reina;final;1341.029;2436.005;1341.029;996.005;121.357
1682;1;La Reina;final;1055.609;1711.241;1055.609;271.241;273.077
1682.1;1;La Reina;final;1307.039;2481.908;1307.039;1041.908;88.926
1683;1;La Reina;final;1171.338;1719.807;1171.338;279.807;272.805
1683.1;1;La Reina;final;1463.838;2599.374;23.838;1159.374;125.14
1684;1;La Reina;final;1068.109;1728.374;1068.109;288.374;273.077
1684.1;1;La Reina;final;1506.872;2490.475;66.872;1050.475;181.85
1685;1;La Reina;final;1080.609;1736.941;1080.609;296.941;273.077
1685.1;1;La Reina;final;1324.172;2499.041;1324.172;1059.041;88.926
1686;1;La Reina;final;1093.109;1745.507;1093.109;305.507;273.077
1686.1;1;La Reina;final;1332.739;2507.608;1332.739;1067.608;88.926
1687;1;La Reina;final;1181.796;1754.074;1181.796;314.074;267.141
1687.1;1;La Reina;final;1490.346;2588.355;50.346;1148.355;127.003
1688;1;La Reina;final;1192.696;1754.107;1192.696;314.107;267.141
1689;1;La Reina;final;1313.696;1763.107;1313.696;323.107;303.504
1689.1;1;La Reina;final;1493.353;2729.893;53.353;1289.893;84.982
1690;1;La Reina;final;1275.896;1772.107;1275.896;332.107;279.224
1690.1;1;La Reina;final;1444.679;2682.105;4.679;1242.105;90.476
1691;1;La Reina;final;1188.909;1781.107;1188.909;341.107;273.077
1691.1;1;La Reina;final;1573.817;2584.775;133.817;1144.775;184.243
1692;1;La Reina;final;1361.346;1790.107;1361.346;350.107;300.412
1692.1;1;La Reina;final;1504.879;2768.355;64.879;1328.355;75.136
1693;1;La Reina;final;1248.062;1854.107;1248.062;414.107;261.34
1694;1;La Reina;final;1382.652;1864.107;1382.652;424.107;300.028
1695;1;La Reina;final;991.024;1413.856;991.024;1413.856;305.546
1695.1;1;La Reina;final;1466.858;2382.458;26.858;942.458;193.029
1696;1;La Reina;final;1043.109;1443.856;1043.109;3.856;296.846
1696.1;1;La Reina;final;1298.472;2473.341;1298.472;1033.341;88.926
1697;1;La Reina;final;1208.909;1743.856;1208.909;303.856;296.846
1697.1;1;La Reina;final;1388.029;2604.958;1388.029;1164.958;81.127
1698;1;La Reina;final;1333.881;1773.856;1333.881;333.856;304.079
1698.1;1;La Reina;final;1383.812;2734.958;1383.812;1294.958;39.983
1699;1;La Reina;final;1293.475;1803.856;1293.475;363.856;296.846
1699.1;1;La Reina;final;1453.489;2694.808;13.489;1254.808;88.926
1700;1;La Reina;final;1292.346;1813.856;1292.346;373.856;277.194
1701;1;La Reina;final;1194.836;1823.856;1194.836;383.856;248.53
1701.1;1;La Reina;final;1471.519;2594.241;31.519;1154.241;126.833
1702;1;La Reina;final;1343.414;1833.856;1343.414;393.856;299.024
1703;1;La Reina;final;1326.175;1843.856;1326.175;403.856;296.846
1703.1;1;La Reina;final;1472.45;2723.856;32.45;1283.856;90.926
1704;1;La Reina;final;1408.731;1853.856;1408.731;413.856;307.294
1705;1;La Reina;final;1219.281;1863.856;1219.281;423.856;246.318
1705.1;1;La Reina;final;1406.822;2619.041;1406.822;1179.041;88.926
1706;1;La Reina;final;1350.846;1883.856;1350.846;443.856;276.581
1706.1;1;La Reina;final;1519.063;2755.488;79.063;1315.488;92.623
1707;1;La Reina;final;1386.463;1893.856;1386.463;453.856;292.925
1708;1;La Reina;final;1306.184;2532.422;1306.184;1092.422;90.926
1709;1;La Reina;final;1489.739;2549.556;49.739;1109.556;180.334
1710;1;La Reina;final;1543.817;2609.522;103.817;1169.522;182.776
1711;1;La Reina;final;1392.45;2643.856;1392.45;1203.856;90.926
1712;1;Los Espinos;final;817.305;1387.341;817.305;1387.341;300.362
1712.1;1;Los Espinos;final;1382.671;2217.556;1382.671;777.556;176.13
1713;1;Los Espinos;intermedia;937.046;967.0;937.046;967.0;312.716
1713;2;Los Espinos;final;1115.167;1407.341;1115.167;1407.341;64.404
1713.1;1;Los Espinos;final;1468.355;2488.583;28.355;1048.583;207.148
1714;1;Los Espinos;final;890.055;1427.341;890.055;1427.341;293.556
1714.1;1;Los Espinos;final;1552.516;2295.056;112.516;855.056;225.829
1715;1;Los Espinos;final;981.471;1447.341;981.471;7.341;293.556
1715.1;1;Los Espinos;final;1391.932;2385.056;1391.932;945.056;151.6
1716;1;Los Espinos;final;1396.871;1792.341;1396.871;352.341;293.556
1717;1;Los Espinos;final;1373.205;1796.091;1373.205;356.091;300.362
1718;1;Los Espinos;final;1314.512;1799.841;1314.512;359.841;310.227
1718.1;1;Los Espinos;final;1410.751;2691.221;1410.751;1251.221;72.498
1719;1;Los Espinos;final;1392.138;1803.591;1392.138;363.591;300.362
1719.1;1;Los Espinos;final;1470.989;2760.056;30.989;1320.056;69.093
1720;1;Los Espinos;final;1277.116;1807.341;1277.116;367.341;262.219
1721;1;Los Espinos;final;1401.605;1811.091;1401.605;371.091;300.362
1722;1;Los Espinos;final;1350.171;1814.841;1350.171;374.841;286.747
1722.1;1;Los Espinos;final;1490.5;2720.056;50.5;1280.056;100.448
1723;1;Los Espinos;final;1406.338;1818.591;1406.338;378.591;300.362
1724;1;Los Espinos;final;1249.205;1883.674;1249.205;443.674;219.324
1725;1;Los Espinos;final;1324.602;1887.757;1324.602;447.757;273.002
1726;1;Los Espinos;final;1471.088;1891.841;31.088;451.841;300.362
1726.1;1;Los Espinos;final;1586.782;2839.99;146.782;1399.99;77.37
1727;1;Los Espinos;final;1265.905;1895.924;1265.905;455.924;226.133
1728;1;Los Espinos;final;1457.755;1900.007;17.755;460.007;293.556
1729;1;Los Espinos;final;1453.308;1904.091;13.308;464.091;303.624
1730;1;Los Espinos;final;1354.896;1908.174;1354.896;468.174;300.576
1730.1;1;Los Espinos;final;1433.248;2742.104;1433.248;1302.104;64.248
1731;1;Los Espinos;final;1381.366;1912.257;1381.366;472.257;269.026
1732;1;Los Espinos;final;1296.021;1957.341;1296.021;517.341;219.327
1733;1;Los Espinos;final;1477.755;2511.741;37.755;1071.741;151.904
1734;1;Los Espinos;final;1537.755;2569.341;97.755;1129.341;151.904
1735;1;Los Espinos;final;995.85;1400.056;995.85;1400.056;313.539
1735.1;1;Los Espinos;final;1214.284;2420.766;1214.284;980.766;96.885
1736;1;Los Espinos;final;920.216;1420.056;920.216;1420.056;300.058
1736.1;1;Los Espinos;final;1329.621;2272.341;1329.621;832.341;151.904
1737;1;Los Espinos;final;905.739;1440.056;905.739;0.056;291.781
1737.1;1;Los Espinos;final;1260.665;2328.394;1260.665;888.394;134.497
1738;1;Los Espinos;final;959.682;1460.056;959.682;20.056;300.058
1738.1;1;Los Espinos;final;1368.021;2312.341;1368.021;872.341;151.904
1739;1;Los Espinos;final;539.538;1475.056;539.538;35.056;182.936
1740;1;Los Espinos;final;1043.939;1520.056;1043.939;80.056;291.781
1740.1;1;Los Espinos;final;1444.205;2460.394;4.205;1020.394;143.069
1741;1;Los Espinos;final;1203.666;1580.056;1203.666;140.056;293.252
1741.1;1;Los Espinos;final;1460.5;2545.341;20.5;1105.341;143.645
1742;1;Los Espinos;final;1233.666;1610.056;1233.666;170.056;300.058
1742.1;1;Los Espinos;final;1544.421;2578.941;104.421;1138.941;151.904
1743;1;Los Espinos;final;1253.666;1640.056;1253.666;200.056;300.058
1743.1;1;Los Espinos;final;1363.221;2598.141;1363.221;1158.141;77.675
1744;1;Los Espinos;final;1330.171;1685.056;1330.171;245.056;310.973
1744.1;1;Los Espinos;final;1531.088;2698.74;91.088;1258.74;108.707
1745;1;Los Espinos;final;1283.666;1715.056;1283.666;275.056;286.446
1745.1;1;Los Espinos;final;1492.549;2631.541;52.549;1191.541;120.567
1746;1;Los Espinos;final;1262.072;1730.056;1262.072;290.056;284.975
1746.1;1;Los Espinos;final;1551.088;2628.394;111.088;1188.394;143.069
1747;1;Los Espinos;final;1292.072;1733.806;1292.072;293.806;284.975
1747.1;1;Los Espinos;final;1375.121;2658.394;1375.121;1218.394;68.837
1748;1;Los Espinos;final;1327.116;1737.556;1327.116;297.556;300.058
1748.1;1;Los Espinos;final;1425.271;2678.874;1425.271;1238.874;77.675
1749;1;Los Espinos;final;1272.117;1741.306;1272.117;301.306;301.399
1749.1;1;Los Espinos;final;1383.934;2639.466;1383.934;1199.466;96.885
1750;1;Los Espinos;final;1332.116;1745.056;1332.116;305.056;300.058
1750.1;1;Los Espinos;final;1510.989;2683.607;70.989;1243.607;112.29
1751;1;Los Espinos;final;1317.116;1748.806;1317.116;308.806;293.252
1751.1;1;Los Espinos;final;1415.805;2669.407;1415.805;1229.407;77.675
1752;1;Los Espinos;final;1189.105;1756.306;1189.105;316.306;250.359
1753;1;Los Espinos;final;1352.116;1760.056;1352.116;320.056;300.058
1753.1;1;Los Espinos;final;1448.938;2702.541;8.938;1262.541;77.675
1754;1;Los Espinos;final;1337.116;1763.806;1337.116;323.806;293.252
1754.1;1;Los Espinos;final;1434.738;2688.341;1434.738;1248.341;77.675
1755;1;Los Espinos;final;1362.116;1767.556;1362.116;327.556;293.252
1755.1;1;Los Espinos;final;1561.082;2707.341;121.082;1267.341;120.567
1756;1;Los Espinos;final;1294.795;1771.306;1294.795;331.306;311.233
1757;1;Los Espinos;final;1237.105;1775.056;1237.105;335.056;257.165
1758;1;Los Espinos;final;1322.072;1778.806;1322.072;338.806;284.975
1758.1;1;Los Espinos;final;1518.249;2688.394;78.249;1248.394;111.732
1759;1;Los Espinos;final;1382.116;1782.556;1382.116;342.556;300.058
1759.1;1;Los Espinos;final;1578.216;2727.341;138.216;1287.341;120.567
1760;1;Los Espinos;final;1387.116;1786.306;1387.116;346.306;300.058
1761;1;Los Espinos;final;1348.389;1790.056;1348.389;350.056;284.975
1761.1;1;Los Espinos;final;1509.253;2721.438;69.253;1281.438;114.634
1762;1;Los Espinos;final;1386.649;1794.14;1386.649;354.14;300.058
1763;1;Los Espinos;final;1270.705;1798.223;1270.705;358.223;250.359
1764;1;Los Espinos;final;1352.072;1802.306;1352.072;362.306;284.975
1764.1;1;Los Espinos;final;1543.949;2718.394;103.949;1278.394;111.732
1765;1;Los Espinos;final;1402.499;1806.39;1402.499;366.39;300.058
1765.1;1;Los Espinos;final;1484.421;2747.341;44.421;1307.341;77.675
1766;1;Los Espinos;final;1302.471;1810.473;1302.471;370.473;266.191
1767;1;Los Espinos;final;1413.066;1814.556;1413.066;374.556;300.058
1767.1;1;Los Espinos;final;1491.088;2754.007;51.088;1314.007;77.675
1768;1;Los Espinos;final;1386.939;1822.723;1386.939;382.723;291.781
1768.1;1;Los Espinos;final;1500.896;2766.438;60.896;1326.438;94.613
1769;1;Los Espinos;final;1374.089;1826.806;1374.089;386.806;284.975
1769.1;1;Los Espinos;final;1457.138;2748.394;17.138;1308.394;68.837
1770;1;Los Espinos;final;1423.632;1830.89;1423.632;390.89;300.058
1770.1;1;Los Espinos;final;1504.421;2767.341;64.421;1327.341;77.675
1771;1;Los Espinos;final;1434.199;1834.973;1434.199;394.973;300.058
1772;1;Los Espinos;final;1439.482;1843.14;1439.482;403.14;300.058
1772.1;1;Los Espinos;final;1517.755;2780.674;77.755;1340.674;77.675
1773;1;Los Espinos;final;1412.639;1847.223;1412.639;407.223;284.975
1773.1;1;Los Espinos;final;1487.138;2778.394;47.138;1338.394;68.837
1774;1;Los Espinos;final;1418.349;1855.39;1418.349;415.39;286.446
1774.1;1;Los Espinos;final;1497.755;2760.674;57.755;1320.674;77.675
1775;1;Los Espinos;final;1444.766;1871.723;4.766;431.723;286.446
1775.1;1;Los Espinos;final;1524.421;2787.341;84.421;1347.341;77.675
1776;1;Los Espinos;final;1372.821;1879.89;1372.821;439.89;257.165
1777;1;Los Espinos;final;1475.416;1880.056;35.416;440.056;300.058
1777.1;1;Los Espinos;final;1557.755;2820.674;117.755;1380.674;77.675
1778;1;Santa Rosa;final;1406.148;1772.881;1406.148;332.881;292.191
1778.1;1;Santa Rosa;final;1516.483;2784.685;76.483;1344.685;71.872
1779;1;Santa Rosa;final;1367.456;1784.881;1367.456;344.881;287.897
1779.1;1;Santa Rosa;final;1523.79;2704.572;83.79;1264.572;116.18
1780;1;Santa Rosa;final;1357.49;1796.881;1357.49;356.881;286.755
1781;1;Santa Rosa;final;1422.119;1808.881;1422.119;368.881;304.204
1781.1;1;Santa Rosa;final;1510.059;2822.737;70.059;1382.737;62.383
1782;1;Santa Rosa;final;835.4;1464.078;835.4;24.078;295.103
1782.1;1;Santa Rosa;final;1284.622;2218.431;1284.622;778.431;161.15
1783;1;Santa Rosa;final;1289.115;1740.078;1289.115;300.078;296.061
1784;1;Santa Rosa;final;1253.119;1746.078;1253.119;306.078;282.128
1785;1;Santa Rosa;final;1274.919;1752.078;1274.919;312.078;279.942
1786;1;Santa Rosa;final;523.903;1764.078;523.903;324.078;72.116
1787;1;Santa Rosa;final;1280.017;1782.078;1280.017;342.078;310.175
1787.1;1;Santa Rosa;final;1384.617;2608.445;1384.617;1168.445;97.156
1788;1;Santa Rosa;final;1457.214;1794.078;17.214;354.078;297.918
1789;1;Santa Rosa;final;1331.896;1797.412;1331.896;357.412;266.783
1790;1;Santa Rosa;final;1359.224;1804.078;1359.224;364.078;298.345
1791;1;Santa Rosa;final;1295.896;1807.412;1295.896;367.412;290.928
1791.1;1;Santa Rosa;final;1399.148;2646.097;1399.148;1206.097;91.53
1792;1;Santa Rosa;final;1473.021;1810.745;33.021;370.745;254.975
1793;1;Santa Rosa;final;1412.748;1814.078;1412.748;374.078;306.707
1793.1;1;Santa Rosa;final;1470.657;2810.745;30.657;1370.745;46.912
1794;1;Santa Rosa;final;1371.755;1817.412;1371.755;377.412;303.423
1795;1;Santa Rosa;final;541.98;1820.745;541.98;380.745;59.831
1796;1;Santa Rosa;final;1344.778;1824.078;1344.778;384.078;297.015
1796.1;1;Santa Rosa;final;1510.244;2699.181;70.244;1259.181;110.904
1797;1;Santa Rosa;final;1423.096;1834.078;1423.096;394.078;309.22
1797.1;1;Santa Rosa;final;1527.394;2770.397;87.394;1330.397;103.085
1798;1;Santa Rosa;final;1386.336;1840.745;1386.336;400.745;297.241
1798.1;1;Santa Rosa;final;1470.038;2822.881;30.038;1382.881;38.264
1799;1;Santa Rosa;final;1431.019;1844.078;1431.019;404.078;313.875
1799.1;1;Santa Rosa;final;1479.798;2859.881;39.798;1419.881;25.08
1800;1;Santa Rosa;final;485.403;1847.412;485.403;407.412;29.575
1801;1;Santa Rosa;final;1378.629;1850.745;1378.629;410.745;296.015
1802;1;Santa Rosa;final;1358.903;1854.078;1358.903;414.078;289.031
1802.1;1;Santa Rosa;final;1468.896;2790.881;28.896;1350.881;51.507
1803;1;Santa Rosa;final;1416.886;1870.745;1416.886;430.745;286.324
1803.1;1;Santa Rosa;final;1498.415;2853.014;58.415;1413.014;37.927
1804;1;Santa Rosa;final;1507.979;1880.745;67.979;440.745;309.011
1805;1;Santa Rosa;final;1295.142;1884.078;1295.142;444.078;214.016
1806;1;Santa Rosa;final;1274.221;1786.575;1274.221;346.575;264.294
1807;1;Santa Rosa;final;1288.207;1796.575;1288.207;356.575;300.361
1807.1;1;Santa Rosa;final;1522.725;2632.913;82.725;1192.913;159.718
1808;1;Santa Rosa;final;1383.621;1806.575;1383.621;366.575;216.785
1809;1;Santa Rosa;final;1444.873;1896.575;4.873;456.575;308.89
1809.1;1;Santa Rosa;final;1508.475;2786.58;68.475;1346.58;75.32
1810;1;Santa Rosa;final;1051.742;1472.737;1051.742;32.737;282.621
1810.1;1;Santa Rosa;final;1395.873;2468.737;1395.873;1028.737;159.476
1811;1;Santa Rosa;final;1259.119;1750.237;1259.119;310.237;277.58
1812;1;Santa Rosa;final;1302.217;1757.737;1302.217;317.737;298.316
1813;1;Santa Rosa;final;1281.802;1772.737;1281.802;332.737;281.606
1813.1;1;Santa Rosa;final;1468.475;2675.721;28.475;1235.721;103.215
1814;1;Santa Rosa;final;1275.755;1787.737;1275.755;347.737;276.461
1815;1;Santa Rosa;final;538.859;1802.737;538.859;362.737;62.383
1816;1;Santa Rosa;final;1304.951;1823.487;1304.951;383.487;270.706
1817;1;Santa Rosa;final;587.276;1851.154;587.276;411.154;62.383
1818;1;Santa Rosa;final;1371.981;1858.07;1371.981;418.07;292.19
1818.1;1;Santa Rosa;final;1530.04;2691.118;90.04;1251.118;137.181
1819;1;Santa Rosa;final;1463.398;1878.82;23.398;438.82;307.93
1819.1;1;Santa Rosa;final;1497.153;2813.197;57.153;1373.197;55.743
1820;1;Santa Rosa;final;1428.475;1892.737;1428.475;452.737;297.915
1820.1;1;Santa Rosa;final;1535.565;2822.737;95.565;1382.737;83.007
1821;1;Santa Rosa;final;535.314;1399.409;535.314;1399.409;197.257
1822;1;Santa Rosa;final;1041.226;1429.409;1041.226;1429.409;294.658
1822.1;1;Santa Rosa;final;1481.452;2436.575;41.452;996.575;191.452
1823;1;Santa Rosa;final;654.608;1412.737;654.608;1412.737;306.755
1823.1;1;Santa Rosa;final;1381.39;2111.237;1381.39;671.237;240.66
1824;1;Santa Rosa;final;668.442;1442.737;668.442;2.737;306.755
1824.1;1;Santa Rosa;final;1201.185;2119.804;1201.185;679.804;178.315
1825;1;Santa Rosa;final;1006.873;1652.737;1006.873;212.737;309.949
1825.1;1;Santa Rosa;final;1319.402;2376.547;1319.402;936.547;146.983
1826;1;El Conquistador;final;849.179;1408.751;849.179;1408.751;295.495
1826.1;1;El Conquistador;final;1380.586;2294.057;1380.586;854.057;211.094
1827;1;El Conquistador;final;999.65;1438.751;999.65;1438.751;304.194
1827.1;1;El Conquistador;final;1196.312;2417.74;1196.312;977.74;71.906
1828;1;El Conquistador;final;600.177;1468.751;600.177;28.751;196.79
1829;1;El Conquistador;final;1256.544;1648.751;1256.544;208.751;305.587
1830;1;El Conquistador;final;1229.322;1738.751;1229.322;298.751;246.139
1831;1;El Conquistador;final;1307.1;1747.318;1307.1;307.318;306.778
1831.1;1;El Conquistador;final;1379.525;2609.183;1379.525;1169.183;90.535
1832;1;El Conquistador;final;1269.322;1764.451;1269.322;324.451;246.139
1833;1;El Conquistador;final;1316.063;1773.018;1316.063;333.018;282.891
1834;1;El Conquistador;final;1222.234;1781.585;1222.234;341.585;244.354
1835;1;El Conquistador;final;1277.322;1790.151;1277.322;350.151;246.139
1836;1;El Conquistador;final;1436.889;1798.718;1436.889;358.718;301.138
1837;1;El Conquistador;final;1283.149;1798.751;1283.149;358.751;237.395
1838;1;El Conquistador;final;1231.562;1804.751;1231.562;364.751;266.31
1838.1;1;El Conquistador;final;1389.964;2633.334;1389.964;1193.334;77.254
1839;1;El Conquistador;final;1422.418;1810.751;1422.418;370.751;294.905
1839.1;1;El Conquistador;final;1521.097;2830.386;81.097;1390.386;61.138
1840;1;El Conquistador;final;1298.149;1816.751;1298.149;376.751;237.395
1841;1;El Conquistador;final;1301.066;1822.751;1301.066;382.751;237.395
1842;1;El Conquistador;final;1313.022;1828.751;1313.022;388.751;246.139
1843;1;El Conquistador;final;1177.822;1834.751;1177.822;394.751;191.139
1844;1;El Conquistador;final;1324.272;1840.751;1324.272;400.751;246.139
1845;1;El Conquistador;final;1381.617;1846.751;1381.617;406.751;267.269
1846;1;El Conquistador;final;1207.822;1852.751;1207.822;412.751;191.139
1847;1;El Conquistador;final;1205.322;1858.751;1205.322;418.751;191.139
1848;1;El Conquistador;final;1213.822;1864.751;1213.822;424.751;191.139
1849;1;El Conquistador;final;1213.322;1870.751;1213.322;430.751;191.139
1850;1;El Conquistador;final;1221.322;1876.751;1221.322;436.751;191.139
1851;1;El Conquistador;intermedia;767.534;900.0;767.534;900.0;301.238
1851;2;El Conquistador;final;1289.619;1412.966;1289.619;1412.966;130.745
1852;1;El Conquistador;final;738.589;1442.966;738.589;2.966;259.761
1852.1;1;El Conquistador;final;1294.344;2157.174;1294.344;717.174;180.2
1853;1;El Conquistador;final;1159.434;1472.966;1159.434;32.966;297.427
1853.1;1;El Conquistador;final;1223.149;2552.624;1223.149;1112.624;43.053
1854;1;El Conquistador;final;1238.149;1820.966;1238.149;380.966;208.17
1855;1;El Conquistador;final;1280.312;1892.966;1280.312;452.966;207.797
1856;1;El Conquistador;final;1214.667;1757.039;1214.667;317.039;272.064
1856.1;1;El Conquistador;final;1344.767;2603.779;1344.767;1163.779;74.198
1857;1;El Conquistador;final;1253.084;1764.539;1253.084;324.539;269.221
1857.1;1;El Conquistador;final;1364.451;2639.779;1364.451;1199.779;77.04
1858;1;El Conquistador;final;1287.389;1772.039;1287.389;332.039;292.327
1858.1;1;El Conquistador;final;1366.451;2626.919;1366.451;1186.919;75.674
1859;1;El Conquistador;final;1244.667;1779.539;1244.667;339.539;298.642
1859.1;1;El Conquistador;final;1448.984;2631.779;8.984;1191.779;102.18
1860;1;El Conquistador;final;1299.665;1787.039;1299.665;347.039;279.93
1860.1;1;El Conquistador;final;1466.182;2724.539;26.182;1284.539;76.911
1861;1;El Conquistador;final;1307.165;1794.539;1307.165;354.539;279.93
1862;1;El Conquistador;final;1314.665;1802.039;1314.665;362.039;279.93
1862.1;1;El Conquistador;final;1423.485;2735.789;1423.485;1295.789;58.105
1863;1;El Conquistador;final;1322.165;1809.539;1322.165;369.539;279.93
1863.1;1;El Conquistador;final;1500.448;2747.039;60.448;1307.039;76.911
1864;1;El Conquistador;final;1344.665;1817.039;1344.665;377.039;279.93
1865;1;El Conquistador;final;1265.051;1825.206;1265.051;385.206;261.123
1866;1;El Conquistador;final;1343.917;1833.373;1343.917;393.373;292.401
1866.1;1;El Conquistador;final;1453.001;2729.779;13.001;1289.779;75.897
1867;1;El Conquistador;final;1280.051;1841.539;1280.051;401.539;261.123
1868;1;El Conquistador;final;1302.551;1857.873;1302.551;417.873;261.123
1869;1;El Conquistador;final;1376.048;1874.206;1376.048;434.206;279.93
1870;1;El Conquistador;final;1229.998;1898.706;1229.998;458.706;212.257
1871;1;El Conquistador;final;1247.132;1906.873;1247.132;466.873;212.257
1872;1;El Conquistador;final;1238.565;1907.039;1238.565;467.039;212.257
1873;1;El Conquistador;final;1344.735;1917.039;1344.735;477.039;261.123
1874;1;El Conquistador;final;1329.665;2544.539;1329.665;1104.539;76.911
1875;1;El Conquistador;final;1287.551;2589.539;1287.551;1149.539;58.105
1876;1;El Conquistador;final;1521.318;2649.539;81.318;1209.539;125.778
1877;1;El Conquistador;final;1295.051;1721.552;1295.051;281.552;312.563
1878;1;El Conquistador;final;1239.306;1736.552;1239.306;296.552;293.16
1878.1;1;El Conquistador;final;1571.472;2582.069;131.472;1142.069;176.194
1879;1;El Conquistador;final;1317.551;1751.552;1317.551;311.552;312.563
1880;1;El Conquistador;final;1332.551;1766.552;1332.551;326.552;312.563
1881;1;El Conquistador;final;1262.417;1781.552;1262.417;341.552;278.555
1882;1;El Conquistador;final;1270.417;1789.052;1270.417;349.052;278.555
1883;1;El Conquistador;final;1262.165;1796.552;1262.165;356.552;263.697
1884;1;El Conquistador;final;1378.485;1804.052;1378.485;364.052;312.563
1885;1;El Conquistador;final;1190.851;1811.552;1190.851;371.552;244.89
1886;1;El Conquistador;final;1284.665;1819.052;1284.665;379.052;263.697
1887;1;El Conquistador;final;1400.985;1826.552;1400.985;386.552;312.563
1888;1;El Conquistador;final;1235.051;1864.052;1235.051;424.052;244.89
1889;1;El Conquistador;final;1250.051;1871.552;1250.051;431.552;244.89
1890;1;El Conquistador;final;1272.551;1898.552;1272.551;458.552;244.89
1891;1;El Conquistador;final;1406.048;2475.785;1406.048;1035.785;128.351
1892;1;El Conquistador;final;1239.665;2509.052;1239.665;1069.052;60.678
1893;1;El Conquistador;final;1414.782;2516.552;1414.782;1076.552;128.351
1894;1;El Conquistador;final;1367.235;2524.052;1367.235;1084.052;109.544
1895;1;Vespucio Norte;final;1298.622;1736.119;1298.622;296.119;294.497
1895.1;1;Vespucio Norte;final;1475.144;2681.119;35.144;1241.119;112.256
1896;1;Vespucio Norte;final;1391.813;1742.786;1391.813;302.786;296.691
1896.1;1;Vespucio Norte;final;1438.129;2832.593;1438.129;1392.593;26.733
1897;1;Vespucio Norte;final;1352.622;1749.453;1352.622;309.453;276.264
1898;1;Vespucio Norte;final;1176.692;1756.119;1176.692;316.119;302.459
1898.1;1;Vespucio Norte;final;1364.698;2584.498;1364.698;1144.498;86.608
1899;1;Vespucio Norte;final;1366.135;1762.786;1366.135;322.786;298.83
1900;1;Vespucio Norte;final;1435.422;1796.119;1435.422;356.119;302.294
1900.1;1;Vespucio Norte;final;1553.789;2816.119;113.789;1376.119;87.4
1901;1;Vespucio Norte;final;1294.505;1802.536;1294.505;362.536;239.903
1902;1;Vespucio Norte;final;1260.239;1808.953;1260.239;368.953;229.745
1903;1;Vespucio Norte;final;1274.136;1821.786;1274.136;381.786;187.922
1904;1;Vespucio Norte;final;1371.331;1853.869;1371.331;413.869;258.296
1904.1;1;Vespucio Norte;final;1516.093;2803.657;76.093;1363.657;69.266
1905;1;Vespucio Norte;final;1377.614;1736.119;1377.614;296.119;310.047
1905.1;1;Vespucio Norte;final;1425.763;2795.836;1425.763;1355.836;37.666
1906;1;Vespucio Norte;final;1355.805;1744.686;1355.805;304.686;264.755
1907;1;Vespucio Norte;final;1282.263;1753.253;1282.263;313.253;313.053
1907.1;1;Vespucio Norte;final;1357.948;2658.604;1357.948;1218.604;69.924
1908;1;Vespucio Norte;final;1364.646;1761.819;1364.646;321.819;274.153
1909;1;Vespucio Norte;final;1279.905;1770.386;1279.905;330.386;281.897
1909.1;1;Vespucio Norte;final;1442.636;2658.619;2.636;1218.619;102.249
1910;1;Vespucio Norte;final;1298.136;1778.953;1298.136;338.953;269.338
1911;1;Vespucio Norte;final;1246.329;1796.119;1246.329;356.119;296.018
1912;1;Vespucio Norte;final;1372.579;1822.536;1372.579;382.536;307.307
1912.1;1;Vespucio Norte;final;1470.629;2803.563;30.629;1363.563;51.221
1913;1;Vespucio Norte;final;1336.328;1833.103;1336.328;393.103;261.336
1914;1;Vespucio Norte;final;1423.239;1838.386;1423.239;398.386;306.718
1914.1;1;Vespucio Norte;final;1571.922;2806.119;131.922;1366.119;98.616
1915;1;Vespucio Norte;final;1276.023;1848.953;1276.023;408.953;237.864
1916;1;Vespucio Norte;final;1316.711;1864.803;1316.711;424.803;283.901
1917;1;Vespucio Norte;final;1353.515;1870.086;1353.515;430.086;280.94
1918;1;Vespucio Norte;final;1184.542;1880.653;1184.542;440.653;241.616
1919;1;Vespucio Norte;final;1278.505;1762.272;1278.505;322.272;264.484
1920;1;Vespucio Norte;final;1349.279;1777.272;1349.279;337.272;311.253
1920.1;1;Vespucio Norte;final;1413.532;2725.054;1413.532;1285.054;69.924
1921;1;Vespucio Norte;final;1310.798;1792.272;1310.798;352.272;299.07
1921.1;1;Vespucio Norte;final;1434.348;2726.436;1434.348;1286.436;57.623
1922;1;Vespucio Norte;final;1461.695;1827.555;21.695;387.555;314.868
1923;1;Vespucio Norte;final;1310.622;1838.122;1310.622;398.122;238.075
1924;1;Vespucio Norte;final;1282.328;1864.538;1282.328;424.538;239.618
1925;1;El Conquistador;final;1220.312;1465.674;1220.312;25.674;314.664
1926;1;El Conquistador;final;1185.684;1555.674;1185.684;115.674;285.633
1926.1;1;El Conquistador;final;1343.881;2587.251;1343.881;1147.251;77.254
1927;1;El Conquistador;final;1190.08;1645.674;1190.08;205.674;305.847
1927.1;1;El Conquistador;final;1490.945;2511.677;50.945;1071.677;174.224
1928;1;El Conquistador;final;1256.919;1735.674;1256.919;295.674;286.167
1928.1;1;El Conquistador;final;1389.363;2661.927;1389.363;1221.927;72.936
1929;1;El Conquistador;final;1226.984;1745.674;1226.984;305.674;288.167
1929.1;1;El Conquistador;final;1382.234;2642.634;1382.234;1202.634;73.004
1930;1;El Conquistador;final;1235.55;1755.674;1235.55;315.674;285.633
1930.1;1;El Conquistador;final;1315.903;2635.751;1315.903;1195.751;53.583
1931;1;El Conquistador;final;1256.312;1765.674;1256.312;325.674;291.703
1931.1;1;El Conquistador;final;1535.502;2687.155;95.502;1247.155;122.969
1932;1;El Conquistador;final;1344.945;1775.674;1344.945;335.674;290.203
1933;1;El Conquistador;final;1256.421;1795.674;1256.421;355.674;279.765
1933.1;1;El Conquistador;final;1378.06;2634.271;1378.06;1194.271;86.832
1934;1;El Conquistador;final;1474.883;1804.674;34.883;364.674;229.39
1935;1;El Conquistador;final;1242.463;1813.674;1242.463;373.674;250.299
1936;1;El Conquistador;final;1204.017;1822.674;1204.017;382.674;252.925
1937;1;El Conquistador;final;1338.145;1831.674;1338.145;391.674;306.315
1937.1;1;El Conquistador;final;1464.536;2723.166;24.536;1283.166;80.646
1938;1;El Conquistador;final;1343.469;1840.674;1343.469;400.674;285.574
1939;1;El Conquistador;final;1367.466;1849.674;1367.466;409.674;309.934
1940;1;El Conquistador;final;1195.822;1858.674;1195.822;418.674;192.907
1941;1;El Conquistador;final;1199.22;1893.751;1199.22;453.751;112.121
1942;1;El Conquistador;final;510.635;1463.216;510.635;23.216;101.292
1943;1;El Conquistador;final;1263.029;1740.716;1263.029;300.716;288.909
1944;1;El Conquistador;final;1135.817;1748.216;1135.817;308.216;304.255
1944.1;1;El Conquistador;final;1482.418;2549.817;42.418;1109.817;158.873
1945;1;El Conquistador;final;1414.761;1755.716;1414.761;315.716;304.255
1945.1;1;El Conquistador;final;1453.385;2791.749;13.385;1351.749;49.855
1946;1;El Conquistador;final;1126.603;1763.216;1126.603;323.216;283.445
1946.1;1;El Conquistador;final;1368.118;2522.638;1368.118;1082.638;144.216
1947;1;El Conquistador;final;1238.619;1770.716;1238.619;330.716;278.153
1948;1;El Conquistador;final;1405.278;1778.216;1405.278;338.216;304.255
1949;1;El Conquistador;final;1331.005;1785.716;1331.005;345.716;299.532
1949.1;1;El Conquistador;final;1370.645;2713.818;1370.645;1273.818;44.031
1950;1;El Conquistador;final;1225.237;1793.216;1225.237;353.216;297.177
1950.1;1;El Conquistador;final;1310.509;2535.861;1310.509;1095.861;86.44
1951;1;El Conquistador;final;1445.067;1793.865;5.067;353.865;307.56
1951.1;1;El Conquistador;final;1515.936;2867.795;75.936;1427.795;39.287
1952;1;El Conquistador;final;1436.252;1808.865;1436.252;368.865;289.338
1952.1;1;El Conquistador;final;1508.078;2841.665;68.078;1401.665;49.726
1953;1;El Conquistador;final;1305.62;1817.865;1305.62;377.865;291.322
1954;1;El Conquistador;final;1359.519;1826.865;1359.519;386.865;289.741
1955;1;El Conquistador;final;1380.455;1835.865;1380.455;395.865;279.049
1955.1;1;El Conquistador;final;1489.41;2758.538;49.41;1318.538;86.832
1956;1;El Conquistador;final;1267.903;1898.865;1267.903;458.865;219.278
1957;1;Vespucio Norte;final;1285.939;1748.119;1285.939;308.119;289.193
1958;1;Vespucio Norte;final;1263.629;1760.119;1263.629;320.119;272.491
1959;1;Vespucio Norte;final;1321.905;1772.119;1321.905;332.119;285.573
1959.1;1;Vespucio Norte;final;1495.455;2700.369;55.455;1260.369;109.79
1960;1;Vespucio Norte;final;1399.729;1805.119;1399.729;365.119;292.644
1960.1;1;Vespucio Norte;final;1461.189;2837.938;21.189;1397.938;28.731
1961;1;Vespucio Norte;final;1431.813;1809.619;1431.813;369.619;284.94
1962;1;Vespucio Norte;final;1425.131;1818.619;1425.131;378.619;309.057
1962.1;1;Vespucio Norte;final;1451.331;2844.436;11.331;1404.436;21.021
1963;1;Vespucio Norte;final;1426.078;1841.119;1426.078;401.119;263.066
1964;1;Vespucio Norte;final;1103.43;1854.619;1103.43;414.619;216.087
1965;1;Vespucio Norte;final;1330.198;1863.619;1330.198;423.619;234.786
1966;1;Vespucio Norte;final;1370.622;1886.119;1370.622;446.119;265.095
1967;1;El Conquistador;final;1430.417;1734.534;1430.417;294.534;306.549
1967.1;1;El Conquistador;final;1550.443;2852.033;110.443;1412.033;63.269
1968;1;El Conquistador;final;1362.034;1749.534;1362.034;309.534;267.83
1968.1;1;El Conquistador;final;1485.093;2779.633;45.093;1339.633;66.965
1969;1;El Conquistador;final;1176.954;1764.534;1176.954;324.534;288.918
1969.1;1;El Conquistador;final;1419.583;2587.748;1419.583;1147.748;111.808
1970;1;El Conquistador;final;517.138;1779.534;517.138;339.534;92.431
1971;1;El Conquistador;final;1313.571;1804.534;1313.571;364.534;220.131
1972;1;El Conquistador;final;1211.238;1814.534;1211.238;374.534;156.281
1973;1;El Conquistador;final;1331.415;1824.534;1331.415;384.534;302.712
1973.1;1;El Conquistador;final;1573.229;2732.89;133.229;1292.89;134.093
1974;1;El Conquistador;final;1252.334;1834.534;1252.334;394.534;270.574
1975;1;El Conquistador;final;1210.771;1844.534;1210.771;404.534;156.281
1976;1;El Conquistador;final;1374.021;1871.876;1374.021;431.876;298.814
1976.1;1;El Conquistador;final;1464.021;2786.748;24.021;1346.748;48.18
1977;1;Vespucio Norte;final;1181.622;1466.119;1181.622;26.119;287.48
1977.1;1;Vespucio Norte;final;1472.478;2564.119;32.478;1124.119;149.743
1978;1;Vespucio Norte;final;610.646;1556.119;610.646;116.119;177.289
1979;1;Vespucio Norte;final;1295.255;1744.686;1295.255;304.686;283.83
1980;1;Vespucio Norte;final;1316.622;1753.253;1316.622;313.253;228.9
1981;1;Vespucio Norte;final;1206.936;1761.819;1206.936;321.819;243.391
1982;1;Vespucio Norte;final;1372.642;1770.386;1372.642;330.386;310.707
1982.1;1;Vespucio Norte;final;1512.478;2779.998;72.478;1339.998;77.519
1983;1;Vespucio Norte;final;1328.113;1787.519;1328.113;347.519;292.568
1984;1;Vespucio Norte;final;1365.763;1796.119;1365.763;356.119;226.779
1985;1;Vespucio Norte;final;1371.636;1828.786;1371.636;388.786;298.778
1986;1;Vespucio Norte;final;1204.261;1836.953;1204.261;396.953;212.198
1987;1;Vespucio Norte;final;1286.445;1853.286;1286.445;413.286;241.533
1988;1;Vespucio Norte;final;1279.055;1861.453;1279.055;421.453;183.784
1989;1;Vespucio Norte;final;1292.622;1869.619;1292.622;429.619;256.397
1990;1;Vespucio Norte;final;1238.346;1886.119;1238.346;446.119;211.585
1991;1;Vespucio Norte;final;1319.114;1748.119;1319.114;308.119;313.332
1991.1;1;Vespucio Norte;final;1524.717;2734.436;84.717;1294.436;96.344
1992;1;Vespucio Norte;final;1167.395;1760.119;1167.395;320.119;184.391
1993;1;Vespucio Norte;final;1254.936;1772.119;1254.936;332.119;294.604
1994;1;Vespucio Norte;final;1382.622;1796.119;1382.622;356.119;273.778
1995;1;Vespucio Norte;final;1167.313;1812.453;1167.313;372.453;208.582
1996;1;Vespucio Norte;final;1460.646;1820.619;20.646;380.619;313.5
1997;1;Vespucio Norte;final;1383.408;1828.786;1383.408;388.786;277.826
1998;1;Vespucio Norte;final;1503.389;1836.953;63.389;396.953;301.449
1999;1;Vespucio Norte;final;1262.346;1845.119;1262.346;405.119;202.076
2000;1;Vespucio Norte;final;1436.646;1853.286;1436.646;413.286;223.857
2001;1;Vespucio Norte;final;1410.389;1861.453;1410.389;421.453;231.698
2002;1;Vespucio Norte;final;1245.336;1869.619;1245.336;429.619;147.851
2003;1;Vespucio Norte;final;1303.905;1886.119;1303.905;446.119;232.498
2004;1;El Conquistador;final;1196.369;1463.216;1196.369;23.216;299.697
2004.1;1;El Conquistador;final;1296.118;2602.013;1296.118;1162.013;62.196
2005;1;El Conquistador;final;1334.664;1643.216;1334.664;203.216;310.303
2006;1;El Conquistador;final;1317.884;1737.816;1317.884;297.816;304.222
2006.1;1;El Conquistador;final;1466.934;2735.089;26.934;1295.089;83.069
2007;1;El Conquistador;final;1216.984;1742.416;1216.984;302.416;290.071
2007.1;1;El Conquistador;final;1342.384;2619.751;1342.384;1179.751;75.595
2008;1;El Conquistador;final;1313.384;1747.016;1313.384;307.016;280.392
2008.1;1;El Conquistador;final;1494.646;2706.984;54.646;1266.984;95.748
2009;1;El Conquistador;final;1361.066;1751.616;1361.066;311.616;304.027
2010;1;El Conquistador;final;1207.406;1756.216;1207.406;316.216;285.433
2010.1;1;El Conquistador;final;1439.021;2593.474;1439.021;1153.474;123.852
2011;1;El Conquistador;final;1363.356;1760.816;1363.356;320.816;314.752
2012;1;El Conquistador;final;1149.444;1765.416;1149.444;325.416;287.627
2012.1;1;El Conquistador;final;1293.539;2519.89;1293.539;1079.89;85.056
2013;1;El Conquistador;final;1219.677;1770.016;1219.677;330.016;287.627
2013.1;1;El Conquistador;final;1455.144;2563.39;15.144;1123.39;142.708
2014;1;El Conquistador;final;1322.334;1774.616;1322.334;334.616;300.107
2014.1;1;El Conquistador;final;1460.414;2719.834;20.414;1279.834;77.254
2015;1;El Conquistador;final;1257.62;1779.216;1257.62;339.216;270.29
2016;1;El Conquistador;final;1240.106;1783.816;1240.106;343.816;282.899
2016.1;1;El Conquistador;final;1400.839;2623.296;1400.839;1183.296;107.129
2017;1;El Conquistador;final;1343.584;1788.416;1343.584;348.416;285.503
2018;1;El Conquistador;final;1245.455;1793.016;1245.455;353.016;297.711
2019;1;El Conquistador;final;1494.116;1795.674;54.116;355.674;265.236
2020;1;El Conquistador;final;1294.247;1799.424;1294.247;359.424;304.539
2020.1;1;El Conquistador;final;1388.559;2628.575;1388.559;1188.575;86.189
2021;1;El Conquistador;final;1200.897;1803.174;1200.897;363.174;256.064
2022;1;El Conquistador;final;1313.787;1810.674;1313.787;370.674;200.567
2023;1;El Conquistador;final;1315.567;1814.424;1315.567;374.424;301.171
2023.1;1;El Conquistador;final;1442.959;2734.116;2.959;1294.116;63.269
2024;1;El Conquistador;final;1236.472;1818.174;1236.472;378.174;289.367
2024.1;1;El Conquistador;final;1513.811;2620.718;73.811;1180.718;146.271
2025;1;El Conquistador;final;1345.032;1821.924;1345.032;381.924;226.317
2026;1;El Conquistador;final;1292.312;1829.424;1292.312;389.424;271.285
2027;1;El Conquistador;final;1269.62;1833.174;1269.62;393.174;269.333
2028;1;El Conquistador;final;1211.22;1836.924;1211.22;396.924;142.673
2029;1;El Conquistador;final;1223.706;1840.674;1223.706;400.674;265.839
2029.1;1;El Conquistador;final;1557.944;2615.274;117.944;1175.274;180.2
2030;1;El Conquistador;final;1379.435;1844.424;1379.435;404.424;267.35
2030.1;1;El Conquistador;final;1504.646;2787.077;64.646;1347.077;72.936
2031;1;El Conquistador;final;1252.684;1848.174;1252.684;408.174;167.864
2032;1;El Conquistador;final;1273.706;1851.924;1273.706;411.924;253.128
2033;1;El Conquistador;final;1283.903;1855.674;1283.903;415.674;264.266
2034;1;El Conquistador;final;1203.62;1859.424;1203.62;419.424;148.386
2035;1;El Conquistador;final;1291.903;1870.674;1291.903;430.674;263.621
2036;1;Los Espinos;final;511.741;1768.042;511.741;328.042;73.407
2037;1;Los Espinos;final;1384.639;1788.042;1384.639;348.042;298.336
2037.1;1;Los Espinos;final;1451.942;2766.548;11.942;1326.548;58.703
2038;1;Los Espinos;final;1281.071;1886.792;1281.071;446.792;239.945
2039;1;Los Espinos;final;1201.754;1459.728;1201.754;19.728;304.079
2039.1;1;Los Espinos;final;1508.026;2612.296;68.026;1172.296;131.014
2040;1;Los Espinos;final;1333.175;1741.728;1333.175;301.728;296.304
2040.1;1;Los Espinos;final;1425.122;2727.761;1425.122;1287.761;60.275
2041;1;Los Espinos;final;1172.355;1753.728;1172.355;313.728;249.668
2042;1;Los Espinos;final;1289.254;1765.728;1289.254;325.728;277.364
2043;1;Los Espinos;final;1335.859;1777.728;1335.859;337.728;292.853
2044;1;Los Espinos;final;1397.474;1823.478;1397.474;383.478;303.8
2044.1;1;Los Espinos;final;1494.668;2818.042;54.668;1378.042;52.659
2045;1;Los Espinos;final;556.741;1857.228;556.741;417.228;55.113
2046;1;Los Espinos;final;1187.826;1826.296;1187.826;386.296;223.709
2047;1;Los Espinos;final;1353.62;1898.296;1353.62;458.296;261.02
2048;1;Los Espinos;final;1373.334;1807.728;1373.334;367.728;294.0
2048.1;1;Los Espinos;final;1459.389;2762.027;19.389;1322.027;60.275
2049;1;Los Espinos;final;1364.654;1825.728;1364.654;385.728;294.425
2049.1;1;Los Espinos;final;1550.628;2768.296;110.628;1328.296;96.674
2050;1;Los Espinos;final;1189.18;1763.008;1189.18;323.008;245.626
2051;1;Los Espinos;final;1386.184;1775.008;1386.184;335.008;314.606
2051.1;1;Los Espinos;final;1483.841;2782.735;43.841;1342.735;64.208
2052;1;Los Espinos;final;1325.741;1787.008;1325.741;347.008;302.342
2052.1;1;Los Espinos;final;1532.402;2738.042;92.402;1298.042;101.185
2053;1;Los Espinos;final;1286.183;1799.008;1286.183;359.008;260.895
2054;1;Los Espinos;final;1345.42;1811.008;1345.42;371.008;290.343
2055;1;Los Espinos;final;1314.299;1835.858;1314.299;395.858;284.58
2055.1;1;Los Espinos;final;1502.149;2657.363;62.149;1217.363;128.954
2056;1;Los Espinos;final;1294.858;1848.708;1294.858;408.708;275.334
2056.1;1;Los Espinos;final;1482.089;2730.508;42.089;1290.508;77.374
2057;1;Los Espinos;final;1401.554;1874.408;1401.554;434.408;297.937
2057.1;1;Los Espinos;final;1468.103;2787.696;28.103;1347.696;55.769
2058;1;Los Espinos;final;1249.052;1913.008;1249.052;473.008;250.279
2059;1;Los Espinos;final;1290.208;1758.049;1290.208;318.049;308.407
2059.1;1;Los Espinos;final;1415.437;2668.597;1415.437;1228.597;76.891
2060;1;Los Espinos;final;1231.127;1768.049;1231.127;328.049;272.983
2060.1;1;Los Espinos;final;1447.169;2656.532;7.169;1216.532;99.37
2061;1;Los Espinos;final;1338.982;1778.049;1338.982;338.049;303.898
2061.1;1;Los Espinos;final;1525.267;2708.513;85.267;1268.513;111.737
2062;1;Los Espinos;final;547.874;1788.049;547.874;348.049;75.038
2063;1;Los Espinos;final;1259.322;1808.049;1259.322;368.049;296.19
2063.1;1;Los Espinos;final;1287.388;2600.301;1287.388;1160.301;74.353
2064;1;Los Espinos;final;1235.275;1838.049;1235.275;398.049;236.045
2065;1;Los Espinos;final;1422.397;1868.049;1422.397;428.049;306.206
2066;1;Los Espinos;final;1353.633;1878.049;1353.633;438.049;284.596
2067;1;Los Espinos;final;1356.057;1898.049;1356.057;458.049;267.877
2068;1;Santa Rosa;final;1395.657;1777.76;1395.657;337.76;299.277
2068.1;1;Santa Rosa;final;1465.181;2806.163;25.181;1366.163;46.531
2069;1;Santa Rosa;final;1306.411;1847.76;1306.411;407.76;215.759
2070;1;Santa Rosa;final;1292.743;2647.76;1292.743;1207.76;36.456
2071;1;Santa Rosa;final;1348.642;1729.201;1348.642;289.201;304.184
2072;1;Santa Rosa;final;1209.253;1744.201;1209.253;304.201;282.084
2072.1;1;Santa Rosa;final;1328.015;2640.881;1328.015;1200.881;53.727
2073;1;Santa Rosa;final;1212.285;1799.201;1212.285;359.201;221.667
2074;1;Santa Rosa;final;1277.631;1809.201;1277.631;369.201;251.213
2075;1;Santa Rosa;final;1339.553;1819.201;1339.553;379.201;280.998
2076;1;Santa Rosa;final;1350.571;1839.201;1350.571;399.201;274.701
2077;1;Santa Rosa;final;1295.735;1859.201;1295.735;419.201;244.062
2078;1;Santa Rosa;final;1083.81;2149.201;1083.81;709.201;111.957
2079;1;Santa Rosa;final;1278.786;1762.76;1278.786;322.76;290.053
2080;1;Santa Rosa;final;1380.285;1777.76;1380.285;337.76;300.352
2080.1;1;Santa Rosa;final;1432.993;2772.186;1432.993;1332.186;39.685
2081;1;Santa Rosa;final;1501.178;1897.76;61.178;457.76;297.54
2082;1;Santa Rosa;final;518.747;1729.201;518.747;289.201;88.559
2083;1;Santa Rosa;final;1252.531;1739.201;1252.531;299.201;314.513
2084;1;Santa Rosa;final;1284.331;1749.201;1284.331;309.201;253.259
2085;1;Santa Rosa;final;1309.888;1759.201;1309.888;319.201;270.072
2086;1;Santa Rosa;final;1409.552;1769.201;1409.552;329.201;312.328
2087;1;Santa Rosa;final;574.144;1779.201;574.144;339.201;91.011
2088;1;Santa Rosa;final;1302.302;1789.201;1302.302;349.201;243.308
2089;1;Santa Rosa;final;1211.388;1816.201;1211.388;376.201;218.419
2090;1;Los Espinos;final;1194.136;1466.548;1194.136;26.548;293.047
2090.1;1;Los Espinos;final;1412.058;2567.825;1412.058;1127.825;115.269
2091;1;Los Espinos;final;1320.506;1736.548;1320.506;296.548;302.617
2091.1;1;Los Espinos;final;1451.406;2732.991;11.406;1292.991;71.883
2092;1;Los Espinos;final;1225.755;1746.548;1225.755;306.548;281.993
2092.1;1;Los Espinos;final;1481.207;2634.879;41.207;1194.879;125.121
2093;1;Los Espinos;final;1187.601;1756.548;1187.601;316.548;275.125
2093.1;1;Los Espinos;final;1392.689;2571.787;1392.689;1131.787;102.331
2094;1;Los Espinos;final;1380.118;1766.548;1380.118;326.548;313.565
2094.1;1;Los Espinos;final;1515.268;2761.276;75.268;1321.276;82.997
2095;1;Los Espinos;final;1360.484;1776.548;1360.484;336.548;293.652
2095.1;1;Los Espinos;final;1511.942;2744.894;71.942;1304.894;90.582
2096;1;Los Espinos;final;1373.902;1786.548;1373.902;346.548;277.395
2096.1;1;Los Espinos;final;1502.628;2745.357;62.628;1305.357;91.194
2097;1;Los Espinos;final;519.508;1796.548;519.508;356.548;58.703
2098;1;Los Espinos;final;1387.259;1807.798;1387.259;367.798;291.795
2098.1;1;Los Espinos;final;1481.161;2791.524;41.161;1351.524;54.344
2099;1;Los Espinos;final;1361.427;1819.048;1361.427;379.048;271.283
2099.1;1;Los Espinos;final;1501.345;2751.379;61.345;1311.379;88.862
2100;1;Los Espinos;final;884.772;1841.548;884.772;401.548;155.245
2101;1;Los Espinos;final;1423.682;1852.798;1423.682;412.798;303.326
2102;1;Los Espinos;final;1424.907;1864.048;1424.907;424.048;311.692
2103;1;Los Espinos;final;1306.039;1875.298;1306.039;435.298;255.466
2104;1;Los Espinos;final;1321.039;1886.548;1321.039;446.548;255.466
2105;1;Los Espinos;final;1206.259;1899.398;1206.259;459.398;198.327
2106;1;Los Espinos;final;1095.539;1407.761;1095.539;1407.761;307.187
2106.1;1;Los Espinos;final;1525.799;2490.241;85.799;1050.241;186.448
2107;1;Los Espinos;final;890.567;1437.761;890.567;1437.761;293.599
2107.1;1;Los Espinos;final;1421.934;2328.02;1421.934;888.02;190.078
2108;1;Los Espinos;final;1347.693;1749.761;1347.693;309.761;302.12
2109;1;Los Espinos;final;1262.899;1761.761;1262.899;321.761;312.681
2109.1;1;Los Espinos;final;1350.784;2604.03;1350.784;1164.03;77.238
2110;1;Los Espinos;final;1255.222;1773.761;1255.222;333.761;293.445
2110.1;1;Los Espinos;final;1482.572;2633.995;42.572;1193.995;124.724
2111;1;Los Espinos;final;1279.496;1785.761;1279.496;345.761;293.329
2112;1;Los Espinos;final;1214.855;1820.261;1214.855;380.261;250.447
2113;1;Los Espinos;final;1261.287;1887.761;1261.287;447.761;222.961
2114;1;Los Espinos;final;1225.008;1742.865;1225.008;302.865;277.821
2114.1;1;Los Espinos;final;1499.133;2663.008;59.133;1223.008;115.821
2115;1;Los Espinos;final;1244.314;1752.865;1244.314;312.865;300.139
2116;1;Los Espinos;final;1307.656;1762.865;1307.656;322.865;303.243
2116.1;1;Los Espinos;final;1510.868;2707.291;70.868;1267.291;119.848
2117;1;Los Espinos;final;1204.825;1772.865;1204.825;332.865;270.231
2117.1;1;Los Espinos;final;1361.842;2643.008;1361.842;1203.008;64.063
2118;1;Los Espinos;final;1253.925;1782.865;1253.925;342.865;283.336
2119;1;Los Espinos;final;1301.832;1819.198;1301.832;379.198;291.189
2119.1;1;Los Espinos;final;1446.894;2677.827;6.894;1237.827;89.661
2120;1;Los Espinos;final;1262.049;1835.531;1262.049;395.531;252.825
2121;1;Los Espinos;final;1301.38;1851.865;1301.38;411.865;280.438
2121.1;1;Los Espinos;final;1482.03;2710.72;42.03;1270.72;88.637
2122;1;Los Espinos;final;1378.704;1860.031;1378.704;420.031;310.421
2122.1;1;Los Espinos;final;1481.406;2773.041;41.406;1333.041;71.883
2123;1;Los Espinos;final;1187.397;1868.198;1187.397;428.198;226.697
2124;1;Los Espinos;final;1293.971;1770.72;1293.971;330.72;298.78
2125;1;Los Espinos;final;1393.64;1810.72;1393.64;370.72;306.076
2125.1;1;Los Espinos;final;1464.956;2838.116;24.956;1398.116;31.497
2126;1;Los Espinos;final;1398.027;1837.72;1398.027;397.72;300.457
2127;1;Los Espinos;final;1472.807;2530.72;32.807;1090.72;150.14
2128;1;Los Espinos;final;1053.369;1748.049;1053.369;308.049;284.212
2128.1;1;Los Espinos;final;1387.609;2440.709;1387.609;1000.709;158.129
2129;1;Los Espinos;final;1063.369;1758.049;1063.369;318.049;284.212
2129.1;1;Los Espinos;final;1340.23;2450.709;1340.23;1010.709;127.265
2130;1;Los Espinos;final;1073.369;1768.049;1073.369;328.049;284.212
2130.1;1;Los Espinos;final;1212.092;2460.709;1212.092;1020.709;78.812
2131;1;Los Espinos;final;1200.889;1778.049;1200.889;338.049;270.303
2131.1;1;Los Espinos;final;1365.029;2591.379;1365.029;1151.379;88.862
2132;1;Los Espinos;final;1281.929;1798.049;1281.929;358.049;272.144
2133;1;Los Espinos;final;1204.371;1808.049;1204.371;368.049;245.814
2134;1;Los Espinos;final;1235.988;1838.049;1235.988;398.049;202.621
2135;1;Los Espinos;final;1317.923;1858.049;1317.923;418.049;273.609
2136;1;Los Espinos;final;1434.919;1888.049;1434.919;448.049;302.165
2137;1;Los Espinos;final;1420.639;1898.049;1420.639;458.049;276.428
2138;1;Los Espinos;final;1137.705;1747.826;1137.705;307.826;311.434
2138.1;1;Los Espinos;final;1549.166;2513.794;109.166;1073.794;186.066
2139;1;Los Espinos;final;1263.827;1762.826;1263.827;322.826;305.665
2139.1;1;Los Espinos;final;1487.35;2686.532;47.35;1246.532;100.477
2140;1;Los Espinos;final;1215.271;1804.076;1215.271;364.076;274.655
2141;1;Los Espinos;final;560.775;1815.326;560.775;375.326;70.893
2142;1;Los Espinos;final;879.672;1418.049;879.672;1418.049;300.042
2142.1;1;Los Espinos;final;1360.867;2276.378;1360.867;836.378;184.22
2143;1;Los Espinos;final;957.158;1448.049;957.158;8.049;282.558
2143.1;1;Los Espinos;final;1477.596;2405.521;37.596;965.521;219.053
2144;1;Los Espinos;intermedia;791.851;1074.0;791.851;1074.0;293.736
2144;2;Los Espinos;final;1247.511;1403.72;1247.511;1403.72;75.757
2145;1;Los Espinos;final;528.055;1433.72;528.055;1433.72;175.156
2146;1;Los Espinos;final;536.104;1463.72;536.104;23.72;185.448
2147;1;Los Espinos;final;1211.275;1711.387;1211.275;271.387;314.789
2147.1;1;Los Espinos;final;1341.908;2651.008;1341.908;1211.008;53.404
2148;1;Los Espinos;final;1157.715;1723.387;1157.715;283.387;279.763
2148.1;1;Los Espinos;final;1430.593;2593.008;1430.593;1153.008;117.315
2149;1;Los Espinos;final;512.408;1735.387;512.408;295.387;88.663
2150;1;Los Espinos;final;1272.91;1747.387;1272.91;307.387;309.995
2150.1;1;Los Espinos;final;1400.802;2611.387;1400.802;1171.387;97.156
2151;1;Los Espinos;final;1251.057;1759.387;1251.057;319.387;300.017
2151.1;1;Los Espinos;final;1376.133;2684.51;1376.133;1244.51;46.295
2152;1;Los Espinos;final;1298.614;1771.387;1298.614;331.387;299.882
2152.1;1;Los Espinos;final;1429.377;2731.532;1429.377;1291.532;58.332
2153;1;Los Espinos;final;1240.249;1793.887;1240.249;353.887;264.184
2154;1;Los Espinos;final;1173.03;1827.637;1173.03;387.637;233.586
2155;1;Los Espinos;final;1371.071;1838.887;1371.071;398.887;291.4
2156;1;Los Espinos;final;1396.673;1850.137;1396.673;410.137;293.867
2157;1;Los Espinos;final;1377.791;1783.008;1377.791;343.008;304.162
2157.1;1;Los Espinos;final;1519.133;2759.761;79.133;1319.761;86.801
2158;1;Los Espinos;final;1248.003;1803.008;1248.003;363.008;279.16
2158.1;1;Los Espinos;final;1347.602;2643.041;1347.602;1203.041;67.699
2159;1;Los Espinos;final;1402.364;1835.858;1402.364;395.858;304.194
2159.1;1;Los Espinos;final;1505.799;2820.72;65.799;1380.72;59.986
2160;1;Los Espinos;final;1232.975;1848.708;1232.975;408.708;258.061
2161;1;Los Espinos;final;1391.406;1874.408;1391.406;434.408;296.518
2161.1;1;Los Espinos;final;1492.12;2784.441;52.12;1344.441;64.804
2162;1;Los Espinos;final;1295.511;1913.008;1295.511;473.008;248.58
2163;1;Los Espinos;final;1239.476;2533.008;1239.476;1093.008;56.977
2164;1;Los Espinos;final;1078.058;1462.827;1078.058;22.827;277.608
2164.1;1;Los Espinos;final;1356.325;2513.008;1356.325;1073.008;107.491
2165;1;Los Espinos;final;1119.392;1597.827;1119.392;157.827;289.293
2165.1;1;Los Espinos;final;1412.249;2555.008;1412.249;1115.008;113.212
2166;1;Los Espinos;final;1299.57;1732.827;1299.57;292.827;314.253
2166.1;1;Los Espinos;final;1399.002;2694.441;1399.002;1254.441;67.699
2167;1;Los Espinos;final;1311.325;1742.827;1311.325;302.827;313.021
2167.1;1;Los Espinos;final;1412.402;2753.008;1412.402;1313.008;41.89
2168;1;Los Espinos;final;1297.647;1752.827;1297.647;312.827;314.255
2168.1;1;Los Espinos;final;1430.036;2706.97;1430.036;1266.97;71.615
2169;1;Los Espinos;final;1126.337;1762.827;1126.337;322.827;241.487
2170;1;Los Espinos;final;1335.049;1772.827;1335.049;332.827;308.484
2170.1;1;Los Espinos;final;1482.919;2677.833;42.919;1237.833;105.689
2171;1;Los Espinos;final;1363.504;1782.827;1363.504;342.827;310.003
2171.1;1;Los Espinos;final;1504.071;2766.561;64.071;1326.561;79.476
2172;1;Los Espinos;final;1348.752;1792.827;1348.752;352.827;293.106
2173;1;Los Espinos;final;1270.733;1804.077;1270.733;364.077;278.482
2174;1;Los Espinos;final;1286.425;1815.327;1286.425;375.327;275.874
2174.1;1;Los Espinos;final;1485.99;2719.258;45.99;1279.258;85.677
2175;1;Los Espinos;final;1366.414;1837.827;1366.414;397.827;294.04
2175.1;1;Los Espinos;final;1465.799;2780.72;25.799;1340.72;59.986
2176;1;Los Espinos;final;1215.485;1860.327;1215.485;420.327;238.757
2177;1;Los Espinos;final;1306.821;1882.827;1306.821;442.827;254.938
2178;1;Los Espinos;final;1389.258;1895.677;1389.258;455.677;288.162
2178.1;1;Los Espinos;final;1463.841;2833.008;23.841;1393.008;33.398
2179;1;Los Espinos;final;1313.832;1770.72;1313.832;330.72;314.353
2179.1;1;Los Espinos;final;1387.364;2692.827;1387.364;1252.827;59.889
2180;1;Los Espinos;final;1184.253;1790.72;1184.253;350.72;246.0
2181;1;Los Espinos;final;1320.298;1810.72;1320.298;370.72;294.57
2181.1;1;Los Espinos;final;1550.526;2753.008;110.526;1313.008;108.841
2182;1;Los Espinos;final;1367.417;1821.97;1367.417;381.97;303.152
2183;1;Los Espinos;final;1379.264;1878.22;1379.264;438.22;289.262
2183.1;1;Los Espinos;final;1443.704;2788.72;3.704;1348.72;45.178
2184;1;Los Espinos;final;1251.149;2519.72;1251.149;1079.72;59.986
2185;1;Los Espinos;final;1472.444;2530.72;32.444;1090.72;140.663
2186;1;La Reina;intermedia;587.705;600.0;587.705;600.0;277.656
2186;2;La Reina;intermedia;757.838;830.0;757.838;830.0;52.14
2186;3;La Reina;final;1483.813;1336.245;43.813;1336.245;224.248
2187;1;La Reina;intermedia;786.622;850.0;786.622;850.0;310.874
2187;2;La Reina;final;1301.466;1366.245;1301.466;1366.245;149.528
2188;1;La Reina;intermedia;787.838;840.0;787.838;840.0;301.037
2188;2;La Reina;final;1214.579;1396.245;1214.579;1396.245;99.061
2188.1;1;La Reina;final;1495.519;2641.031;55.519;1201.031;118.344
2189;1;La Reina;intermedia;893.605;951.0;893.605;951.0;301.037
2189;2;La Reina;final;1462.781;1418.728;22.781;1418.728;172.12
2189.1;1;La Reina;final;1565.409;2847.71;125.409;1407.71;74.519
2190;1;La Reina;final;1386.736;1643.562;1386.736;203.562;265.338
2190.1;1;La Reina;final;1600.279;2802.375;160.279;1362.375;111.363
2191;1;La Reina;final;1162.372;1666.245;1162.372;226.245;284.551
2191.1;1;La Reina;final;1385.681;2590.245;1385.681;1150.245;95.002
2192;1;La Reina;final;1173.214;1673.745;1173.214;233.745;305.08
2192.1;1;La Reina;final;1513.817;2575.256;73.817;1135.256;182.776
2193;1;La Reina;final;1123.385;1688.745;1123.385;248.745;277.131
2194;1;La Reina;final;1193.214;1696.245;1193.214;256.245;305.08
2194.1;1;La Reina;final;1558.817;2593.341;118.817;1153.341;184.243
2195;1;La Reina;final;1336.848;1703.745;1336.848;263.745;314.729
2195.1;1;La Reina;final;1518.765;2727.727;78.765;1287.727;90.788
2196;1;La Reina;final;1277.101;1711.245;1277.101;271.245;294.842
2196.1;1;La Reina;final;1349.72;2658.201;1349.72;1218.201;53.643
2197;1;La Reina;final;1238.005;1718.745;1238.005;278.745;245.975
2198;1;La Reina;final;1115.919;1726.245;1115.919;286.245;256.091
2198.1;1;La Reina;final;1407.595;2525.558;1407.595;1085.558;111.363
2199;1;La Reina;final;1348.968;1731.528;1348.968;291.528;308.092
2200;1;La Reina;final;1278.962;1736.812;1278.962;296.812;303.779
2200.1;1;La Reina;final;1339.886;2518.245;1339.886;1078.245;109.499
2201;1;La Reina;final;1252.65;1742.095;1252.65;302.095;278.434
2202;1;La Reina;final;1250.605;1747.378;1250.605;307.378;273.598
2203;1;La Reina;final;1282.722;1752.662;1282.722;312.662;256.993
2204;1;La Reina;final;1174.305;1757.945;1174.305;317.945;216.135
2205;1;La Reina;final;1194.129;1763.228;1194.129;323.228;237.293
2205.1;1;La Reina;final;1446.879;2622.598;6.879;1182.598;102.874
2206;1;La Reina;final;1325.179;1768.512;1325.179;328.512;284.801
2207;1;La Reina;final;1399.502;1773.795;1399.502;333.795;297.143
2208;1;La Reina;final;1216.054;1779.078;1216.054;339.078;250.998
2209;1;La Reina;final;1327.886;1784.362;1327.886;344.362;297.809
2209.1;1;La Reina;final;1533.612;2735.708;93.612;1295.708;111.363
2210;1;La Reina;final;1311.115;1789.645;1311.115;349.645;267.738
2211;1;La Reina;final;1371.115;1794.928;1371.115;354.928;305.422
2212;1;La Reina;final;1336.196;1800.212;1336.196;360.212;272.953
2212.1;1;La Reina;final;1546.445;2762.981;106.445;1322.981;102.874
2213;1;La Reina;final;1379.155;1810.778;1379.155;370.778;273.51
2213.1;1;La Reina;final;1482.322;2810.658;42.322;1370.658;52.14
2214;1;La Reina;final;1373.746;1816.062;1373.746;376.062;303.478
2214.1;1;La Reina;final;1455.96;2763.754;15.96;1323.754;58.67
2215;1;La Reina;final;1361.179;1816.245;1361.179;376.245;285.953
2215.1;1;La Reina;final;1446.163;2789.648;6.163;1349.648;48.52
2216;1;La Reina;final;1254.836;1825.245;1254.836;385.245;272.885
2217;1;La Reina;final;1318.722;1834.245;1318.722;394.245;242.518
2217.1;1;La Reina;final;1533.112;2749.648;93.112;1309.648;102.874
2218;1;La Reina;final;1171.385;1852.245;1171.385;412.245;230.744
2219;1;La Reina;final;1178.005;1861.245;1178.005;421.245;216.725
2220;1;La Reina;final;1442.322;1870.245;2.322;430.245;314.55
2221;1;La Reina;final;1438.946;1879.245;1438.946;439.245;290.228
2222;1;La Reina;final;1178.722;1973.745;1178.722;533.745;179.646
2223;1;La Reina;final;1368.471;2074.995;1368.471;634.995;236.799
2224;1;La Reina;final;1174.805;2326.245;1174.805;886.245;102.298
2225;1;La Reina;final;1531.143;2350.245;91.143;910.245;238.81
2226;1;La Reina;final;1214.805;2366.245;1214.805;926.245;102.298
2227;1;La Reina;final;1286.805;2438.245;1286.805;998.245;102.298
2228;1;La Reina;final;907.902;1429.648;907.902;1429.648;305.094
2228.1;1;La Reina;final;1446.779;2339.893;6.779;899.893;171.643
2229;1;La Reina;final;998.869;1444.648;998.869;4.648;281.73
2229.1;1;La Reina;final;1462.322;2440.958;22.322;1000.958;165.988
2230;1;La Reina;final;1143.263;1459.648;1143.263;19.648;313.942
2230.1;1;La Reina;final;1198.626;2569.648;1198.626;1129.648;26.843
2231;1;La Reina;final;798.866;1474.648;798.866;34.648;283.6
2231.1;1;La Reina;final;1384.45;2225.114;1384.45;785.114;208.969
2232;1;La Reina;final;935.819;1489.648;935.819;49.648;306.654
2232.1;1;La Reina;final;1281.245;2405.641;1281.245;965.641;111.363
2233;1;La Reina;final;1077.505;1519.648;1077.505;79.648;305.243
2233.1;1;La Reina;final;1198.005;2506.848;1198.005;1066.848;37.26
2234;1;La Reina;final;1360.952;1774.648;1360.952;334.648;280.574
2234.1;1;La Reina;final;1465.048;2741.614;25.048;1301.614;81.165
2235;1;La Reina;final;1279.255;1789.648;1279.255;349.648;259.602
2236;1;La Reina;final;1118.772;1830.898;1118.772;390.898;188.521
2237;1;La Reina;final;1307.462;1864.648;1307.462;424.648;254.135
2238;1;La Reina;final;1283.355;1875.898;1283.355;435.898;224.98
2239;1;La Reina;final;1259.922;1808.016;1259.922;368.016;228.09
2240;1;La Reina;final;1276.881;1853.016;1276.881;413.016;238.257
2241;1;La Reina;final;1330.722;1898.016;1330.722;458.016;226.938
2242;1;La Reina;final;1261.505;1928.016;1261.505;488.016;195.917
2243;1;La Reina;final;1486.163;2528.016;46.163;1088.016;156.213
2244;1;La Reina;final;1169.623;1819.648;1169.623;379.648;280.04
2244.1;1;La Reina;final;1259.623;2572.927;1259.623;1132.927;59.986
2245;1;La Reina;final;1385.162;1864.648;1385.162;424.648;292.533
2245.1;1;La Reina;final;1473.093;2780.888;33.093;1340.888;58.67
2246;1;El Conquistador;final;1254.885;1747.993;1254.885;307.993;275.044
2247;1;El Conquistador;final;1302.849;1777.993;1302.849;337.993;286.174
2247.1;1;El Conquistador;final;1506.699;2677.993;66.699;1237.993;115.143
2248;1;El Conquistador;final;1260.688;1792.993;1260.688;352.993;265.181
2249;1;El Conquistador;final;1242.285;1801.159;1242.285;361.159;262.823
2249.1;1;El Conquistador;final;1410.552;2648.28;1410.552;1208.28;89.054
2250;1;El Conquistador;final;1267.485;1809.326;1267.485;369.326;262.669
2250.1;1;El Conquistador;final;1424.839;2670.78;1424.839;1230.78;82.304
2251;1;El Conquistador;final;1170.085;1817.493;1170.085;377.493;214.003
2252;1;El Conquistador;final;1391.94;1825.659;1391.94;385.659;309.005
2253;1;El Conquistador;final;1294.333;1833.826;1294.333;393.826;263.251
2254;1;El Conquistador;final;1275.555;1841.993;1275.555;401.993;252.959
2255;1;El Conquistador;final;1384.121;1850.159;1384.121;410.159;287.836
2256;1;El Conquistador;final;1287.251;1866.493;1287.251;426.493;246.02
2257;1;El Conquistador;final;1339.868;1874.659;1339.868;434.659;269.353
2258;1;La Reina;final;1136.054;1393.458;1136.054;1393.458;311.37
2258.1;1;La Reina;final;1275.766;2526.343;1275.766;1086.343;81.23
2259;1;La Reina;final;1068.412;1423.458;1068.412;1423.458;313.293
2259.1;1;La Reina;final;1245.896;2482.088;1245.896;1042.088;59.539
2260;1;La Reina;final;1102.422;1749.158;1102.422;309.158;218.906
2260.1;1;La Reina;final;1392.962;2533.648;1392.962;1093.648;102.874
2261;1;La Reina;final;1284.333;1757.725;1284.333;317.725;307.426
2261.1;1;La Reina;final;1398.531;2657.314;1398.531;1217.314;81.165
2262;1;La Reina;final;1330.262;1766.291;1330.262;326.291;302.864
2262.1;1;La Reina;final;1530.346;2738.355;90.346;1298.355;96.09
2263;1;La Reina;final;1305.029;1774.858;1305.029;334.858;286.957
2263.1;1;La Reina;final;1518.258;2707.935;78.258;1267.935;109.327
2264;1;La Reina;final;1255.168;1783.458;1255.168;343.458;248.231
2265;1;La Reina;final;1326.562;1790.958;1326.562;350.958;292.276
2265.1;1;La Reina;final;1448.235;2746.657;8.235;1306.657;57.942
2266;1;La Reina;final;536.035;1820.958;536.035;380.958;51.406
2267;1;La Reina;final;558.535;1843.458;558.535;403.458;51.406
2268;1;La Reina;final;566.035;1850.958;566.035;410.958;51.406
2269;1;La Reina;final;573.535;1858.458;573.535;418.458;51.406
2270;1;La Reina;final;581.035;1865.958;581.035;425.958;51.406
2271;1;La Reina;final;1062.803;1426.657;1062.803;1426.657;306.595
2271.1;1;La Reina;final;1372.885;2466.218;1372.885;1026.218;134.916
2272;1;La Reina;final;970.979;1456.657;970.979;16.657;312.154
2272.1;1;La Reina;final;1408.235;2398.855;1408.235;958.855;152.954
2273;1;La Reina;final;1180.858;1486.657;1180.858;46.657;311.74
2273.1;1;La Reina;final;1341.069;2587.935;1341.069;1147.935;72.545
2274;1;La Reina;final;532.269;1756.657;532.269;316.657;82.945
2275;1;La Reina;final;1294.795;1766.657;1294.795;326.657;283.133
2276;1;La Reina;final;1330.045;1776.657;1330.045;336.657;265.786
2277;1;La Reina;final;1372.345;1786.657;1372.345;346.657;300.272
2277.1;1;La Reina;final;1461.552;2611.245;21.552;1171.245;131.754
2278;1;La Reina;final;1132.168;1796.657;1132.168;356.657;204.526
2279;1;La Reina;final;551.035;1806.657;551.035;366.657;59.428
2280;1;La Reina;final;1333.585;1816.657;1333.585;376.657;244.413
2281;1;La Reina;final;584.385;1824.823;584.385;384.823;57.942
2282;1;La Reina;final;1365.295;1832.99;1365.295;392.99;271.293
2283;1;La Reina;final;1188.42;1841.157;1188.42;401.157;223.083
2284;1;La Reina;final;1379.395;1849.323;1379.395;409.323;271.293
2285;1;La Reina;final;1337.075;1857.49;1337.075;417.49;265.786
2285.1;1;La Reina;final;1472.605;2734.808;32.605;1294.808;88.926
2286;1;La Reina;final;1422.322;1865.657;1422.322;425.657;270.559
2286.1;1;La Reina;final;1522.322;2850.658;82.322;1410.658;52.14
2287;1;La Reina;final;1177.652;1873.823;1177.652;433.823;196.815
2288;1;La Reina;final;1181.893;1881.99;1181.893;441.99;197.392
2289;1;La Reina;final;1401.655;1890.157;1401.655;450.157;275.986
2289.1;1;La Reina;final;1486.635;2830.245;46.635;1390.245;46.394
2290;1;La Reina;final;1246.602;1898.323;1246.602;458.323;203.04
2291;1;La Reina;final;1155.06;1906.49;1155.06;466.49;182.8
2292;1;La Reina;final;1439.645;1906.657;1439.645;466.657;309.199
2293;1;La Reina;final;1267.652;1914.157;1267.652;474.157;204.982
2294;1;La Reina;final;1176.268;1929.157;1176.268;489.157;160.965
2295;1;La Reina;final;1393.495;1936.657;1393.495;496.657;245.183
2296;1;La Reina;final;1160.396;1951.657;1160.396;511.657;172.356
2297;1;El Conquistador;final;639.084;1406.718;639.084;1406.718;288.033
2297.1;1;El Conquistador;final;1270.34;2085.366;1270.34;645.366;205.042
2298;1;El Conquistador;final;1376.563;1426.718;1376.563;1426.718;313.7
2299;1;El Conquistador;final;791.36;1446.718;791.36;6.718;291.375
2299.1;1;El Conquistador;final;1438.06;2195.89;1438.06;755.89;237.416
2300;1;El Conquistador;final;1266.269;1736.718;1266.269;296.718;302.135
2301;1;El Conquistador;final;1330.75;1748.718;1330.75;308.718;313.562
2301.1;1;El Conquistador;final;1543.825;2740.854;103.825;1300.854;103.278
2302;1;El Conquistador;final;1349.467;1760.718;1349.467;320.718;307.641
2303;1;El Conquistador;final;1290.618;1772.718;1290.618;332.718;286.591
2303.1;1;El Conquistador;final;1390.513;2691.152;1390.513;1251.152;61.138
2304;1;El Conquistador;final;1293.322;1784.718;1293.322;344.718;268.149
2305;1;El Conquistador;final;1142.579;1796.718;1142.579;356.718;90.168
2306;1;El Conquistador;final;1363.734;1807.968;1363.734;367.968;164.59
2307;1;El Conquistador;final;1329.863;1819.218;1329.863;379.218;281.517
2308;1;El Conquistador;final;1311.013;1830.468;1311.013;390.468;269.51
2309;1;El Conquistador;final;1390.272;1841.718;1390.272;401.718;298.919
2310;1;El Conquistador;final;1303.815;1852.968;1303.815;412.968;254.236
2311;1;El Conquistador;final;1420.451;1864.218;1420.451;424.218;305.767
2311.1;1;El Conquistador;final;1564.272;2823.947;124.272;1383.947;82.304
2312;1;El Conquistador;final;1413.365;1875.468;1413.365;435.468;303.887
2313;1;El Conquistador;final;1369.4;1896.718;1369.4;456.718;300.41
2313.1;1;El Conquistador;final;1451.178;2670.484;11.178;1230.484;97.152
2314;1;El Conquistador;final;1290.965;1756.718;1290.965;316.718;300.98
2315;1;El Conquistador;final;1228.909;1776.718;1228.909;336.718;141.8
2316;1;El Conquistador;final;1105.743;1796.718;1105.743;356.718;294.866
2316.1;1;El Conquistador;final;1338.993;2529.634;1338.993;1089.634;127.487
2317;1;El Conquistador;final;1278.829;1801.452;1278.829;361.452;299.866
2318;1;El Conquistador;final;1261.322;1806.185;1261.322;366.185;266.575
2319;1;El Conquistador;final;1240.12;1810.918;1240.12;370.918;283.644
2319.1;1;El Conquistador;final;1494.417;2650.013;54.417;1210.013;138.403
2320;1;El Conquistador;final;1393.973;1815.652;1393.973;375.652;296.493
2321;1;El Conquistador;final;1375.612;1820.385;1375.612;380.385;275.888
2321.1;1;El Conquistador;final;1489.701;2777.734;49.701;1337.734;73.004
2322;1;El Conquistador;final;1324.521;1829.852;1324.521;389.852;287.791
2323;1;El Conquistador;final;1258.276;1834.585;1258.276;394.585;300.896
2323.1;1;El Conquistador;final;1436.454;2672.317;1436.454;1232.317;110.75
2324;1;El Conquistador;final;1180.745;1839.318;1180.745;399.318;311.307
2324.1;1;El Conquistador;final;1232.312;2564.718;1232.312;1124.718;44.031
2325;1;El Conquistador;final;1261.349;1844.052;1261.349;404.052;280.696
2326;1;El Conquistador;final;1220.745;1848.785;1220.745;408.785;311.307
2327;1;El Conquistador;final;493.044;1853.518;493.044;413.518;32.865
2328;1;El Conquistador;final;497.778;1858.252;497.778;418.252;32.865
2329;1;El Conquistador;final;502.511;1862.985;502.511;422.985;32.865
2330;1;El Conquistador;final;1389.971;1867.718;1389.971;427.718;303.781
2331;1;El Conquistador;final;1422.013;1881.918;1422.013;441.918;284.536
2332;1;El Conquistador;final;1401.003;1886.718;1401.003;446.718;158.571
2333;1;El Conquistador;final;741.7;1380.152;741.7;1380.152;308.359
2333.1;1;El Conquistador;final;1339.521;2135.933;1339.521;695.933;207.746
2334;1;El Conquistador;final;722.462;1410.152;722.462;1410.152;297.684
2334.1;1;El Conquistador;final;1177.375;2093.881;1177.375;653.881;172.038
2335;1;El Conquistador;final;708.968;1440.152;708.968;0.152;282.629
2335.1;1;El Conquistador;final;1305.571;2132.776;1305.571;692.776;181.147
2336;1;El Conquistador;final;1368.641;1710.152;1368.641;270.152;310.289
2336.1;1;El Conquistador;final;1512.212;2750.61;72.212;1310.61;94.222
2337;1;El Conquistador;final;1308.946;1714.752;1308.946;274.752;300.849
2337.1;1;El Conquistador;final;1383.259;2612.881;1383.259;1172.881;90.494
2338;1;El Conquistador;final;1261.279;1719.352;1261.279;279.352;293.118
2338.1;1;El Conquistador;final;1505.119;2565.081;65.119;1125.081;163.082
2339;1;El Conquistador;final;1190.542;1723.952;1190.542;283.952;263.143
2340;1;El Conquistador;final;1255.835;1728.552;1255.835;288.552;282.629
2341;1;El Conquistador;final;1301.446;1737.752;1301.446;297.752;293.118
2342;1;El Conquistador;final;1177.538;1742.352;1177.538;302.352;252.35
2343;1;El Conquistador;final;1286.05;1746.952;1286.05;306.952;288.997
2343.1;1;El Conquistador;final;1381.241;2591.333;1381.241;1151.333;90.535
2344;1;El Conquistador;final;1266.059;1751.552;1266.059;311.552;276.938
2345;1;El Conquistador;final;1317.979;1756.152;1317.979;316.152;297.684
2346;1;El Conquistador;final;1335.533;1760.752;1335.533;320.752;296.288
2347;1;El Conquistador;final;1246.562;1765.352;1246.562;325.352;261.205
2347.1;1;El Conquistador;final;1383.314;2642.734;1383.314;1202.734;77.254
2348;1;El Conquistador;final;1303.746;1769.952;1303.746;329.952;297.684
2348.1;1;El Conquistador;final;1388.791;2610.731;1388.791;1170.731;93.458
2349;1;El Conquistador;final;1367.252;1770.152;1367.252;330.152;292.337
2349.1;1;El Conquistador;final;1463.829;2690.241;23.829;1250.241;96.057
2350;1;El Conquistador;final;1319.746;1774.435;1319.746;334.435;289.953
2350.1;1;El Conquistador;final;1535.85;2623.581;95.85;1183.581;154.961
2351;1;El Conquistador;final;1333.879;1778.719;1333.879;338.719;293.559
2351.1;1;El Conquistador;final;1546.447;2636.431;106.447;1196.431;152.748
2352;1;El Conquistador;final;1311.746;1783.002;1311.746;343.002;287.228
2353;1;El Conquistador;final;1343.746;1787.285;1343.746;347.285;289.953
2354;1;El Conquistador;final;1243.868;1791.569;1243.868;351.569;272.283
2355;1;El Conquistador;final;1334.75;1795.852;1334.75;355.852;298.012
2356;1;El Conquistador;final;1277.071;1800.135;1277.071;360.135;252.35
2357;1;El Conquistador;final;1327.734;1804.419;1327.734;364.419;295.851
2358;1;El Conquistador;final;1311.533;1808.702;1311.533;368.702;298.012
2359;1;El Conquistador;final;1428.145;1812.985;1428.145;372.985;300.882
2359.1;1;El Conquistador;final;1540.81;2809.938;100.81;1369.938;86.832
2360;1;El Conquistador;final;1347.434;1817.269;1347.434;377.269;294.949
2361;1;El Conquistador;final;1407.746;1821.552;1407.746;381.552;285.613
2362;1;El Conquistador;final;1204.671;1830.119;1204.671;390.119;242.004
2363;1;El Conquistador;final;1256.759;1838.685;1256.759;398.685;227.255
2364;1;El Conquistador;final;1417.413;1851.535;1417.413;411.535;290.606
2364.1;1;El Conquistador;final;1473.878;2735.233;33.878;1295.233;85.981
2365;1;El Conquistador;final;1335.835;1855.819;1335.835;415.819;272.283
2365.1;1;El Conquistador;final;1515.002;2732.776;75.002;1292.776;111.78
2366;1;El Conquistador;final;1431.979;1860.152;1431.979;420.152;293.559
2366.1;1;El Conquistador;final;1498.775;2739.281;58.775;1299.281;93.458
2367;1;El Conquistador;final;1284.671;1887.819;1284.671;447.819;242.004
2368;1;El Conquistador;final;1318.241;1908.569;1318.241;468.569;234.785
2369;1;El Conquistador;final;1080.988;1367.933;1080.988;1367.933;275.828
2369.1;1;El Conquistador;final;1417.712;2496.001;1417.712;1056.001;128.687
2370;1;El Conquistador;final;763.205;1387.933;763.205;1387.933;297.046
2370.1;1;El Conquistador;final;1251.8;2108.902;1251.8;668.902;198.366
2371;1;El Conquistador;final;943.105;1407.933;943.105;1407.933;307.393
2371.1;1;El Conquistador;final;1228.671;2273.052;1228.671;833.052;142.357
2372;1;El Conquistador;final;798.843;1427.933;798.843;1427.933;279.133
2372.1;1;El Conquistador;final;1419.028;2230.784;1419.028;790.784;207.619
2373;1;El Conquistador;final;824.475;1457.933;824.475;17.933;279.372
2373.1;1;El Conquistador;final;1410.179;2269.677;1410.179;829.677;181.797
2374;1;El Conquistador;final;1332.243;1783.633;1332.243;343.633;282.298
2374.1;1;El Conquistador;final;1533.878;2733.234;93.878;1293.234;104.308
2375;1;El Conquistador;final;1212.671;1796.483;1212.671;356.483;286.7
2375.1;1;El Conquistador;final;1474.796;2540.152;34.796;1100.152;161.458
2376;1;La Reina;final;563.938;1467.154;563.938;27.154;243.394
2377;1;La Reina;final;1274.58;1737.154;1274.58;297.154;298.25
2378;1;La Reina;final;1358.363;1747.154;1358.363;307.154;241.894
2379;1;La Reina;final;1264.58;1757.154;1264.58;317.154;199.087
2380;1;La Reina;final;1294.58;1767.154;1294.58;327.154;199.087
2381;1;La Reina;final;1304.58;1777.154;1304.58;337.154;199.087
2382;1;La Reina;final;1418.363;1787.154;1418.363;347.154;241.894
2383;1;La Reina;final;1364.58;1797.154;1364.58;357.154;199.087
2384;1;La Reina;final;1249.763;1806.154;1249.763;366.154;156.279
2385;1;La Reina;final;1258.98;1815.154;1258.98;375.154;156.279
2386;1;La Reina;final;1277.413;1824.154;1277.413;384.154;156.279
2387;1;La Reina;final;1388.363;1833.154;1388.363;393.154;199.087
2388;1;La Reina;final;1295.846;1842.154;1295.846;402.154;156.279
2389;1;El Conquistador;final;958.058;1466.61;958.058;26.61;302.955
2389.1;1;El Conquistador;final;1289.459;2372.743;1289.459;932.743;117.109
2390;1;El Conquistador;final;1272.275;1736.577;1272.275;296.577;304.68
2391;1;El Conquistador;final;1248.621;1736.61;1248.621;296.61;267.546
2392;1;El Conquistador;final;1258.009;1741.61;1258.009;301.61;290.739
2393;1;El Conquistador;final;1320.291;1746.61;1320.291;306.61;292.499
2393.1;1;El Conquistador;final;1528.091;2708.61;88.091;1268.61;115.733
2394;1;El Conquistador;final;1399.521;1751.61;1399.521;311.61;308.449
2395;1;El Conquistador;final;1329.151;1756.61;1329.151;316.61;313.213
2395.1;1;El Conquistador;final;1403.989;2734.978;1403.989;1294.978;51.499
2396;1;El Conquistador;final;1231.306;1761.61;1231.306;321.61;301.254
2397;1;El Conquistador;final;1401.499;1766.61;1401.499;326.61;312.796
2397.1;1;El Conquistador;final;1489.566;2774.393;49.566;1334.393;73.414
2398;1;El Conquistador;final;1345.576;1771.61;1345.576;331.61;299.765
2399;1;El Conquistador;final;1163.905;1776.61;1163.905;336.61;232.944
2400;1;El Conquistador;final;1278.83;1781.61;1278.83;341.61;261.464
2401;1;El Conquistador;final;1265.509;1786.61;1265.509;346.61;284.374
2402;1;El Conquistador;final;1335.849;1791.61;1335.849;351.61;285.79
2403;1;El Conquistador;final;1424.525;1796.61;1424.525;356.61;302.955
2403.1;1;El Conquistador;final;1561.296;2806.61;121.296;1366.61;91.057
2404;1;El Conquistador;final;1335.959;1800.36;1335.959;360.36;296.113
2404.1;1;El Conquistador;final;1493.229;2733.284;53.229;1293.284;93.381
2405;1;El Conquistador;final;1314.217;1804.11;1314.217;364.11;276.882
2406;1;El Conquistador;final;1311.679;1807.86;1311.679;367.86;270.988
2407;1;El Conquistador;final;1305.835;1811.61;1305.835;371.61;263.224
2407.1;1;El Conquistador;final;1571.533;2707.026;131.533;1267.026;137.509
2408;1;El Conquistador;final;1312.079;1815.36;1312.079;375.36;273.713
2409;1;El Conquistador;final;1372.292;1819.11;1372.292;379.11;308.917
2410;1;El Conquistador;final;1469.338;1822.86;29.338;382.86;310.174
2410.1;1;El Conquistador;final;1591.533;2800.152;151.533;1360.152;109.066
2411;1;El Conquistador;final;1201.035;1830.36;1201.035;390.36;252.878
2412;1;El Conquistador;final;1334.552;1834.11;1334.552;394.11;277.272
2413;1;El Conquistador;final;1354.521;1837.86;1354.521;397.86;311.898
2413.1;1;El Conquistador;final;1596.171;2685.152;156.171;1245.152;152.703
2414;1;El Conquistador;final;1259.521;1841.61;1259.521;401.61;269.271
2414.1;1;El Conquistador;final;1512.171;2586.152;72.171;1146.152;152.703
2415;1;El Conquistador;final;1447.025;1852.86;7.025;412.86;290.884
2416;1;El Conquistador;final;1191.359;1860.36;1191.359;420.36;204.684
2417;1;El Conquistador;final;1288.471;1864.11;1288.471;424.11;220.873
2418;1;El Conquistador;final;1400.53;1871.61;1400.53;431.61;281.334
2419;1;El Conquistador;final;1405.088;1879.11;1405.088;439.11;311.898
2419.1;1;El Conquistador;final;1463.602;2734.419;23.602;1294.419;83.336
2420;1;El Conquistador;final;1196.671;1882.86;1196.671;442.86;222.598
2421;1;El Conquistador;final;1277.725;1785.6;1277.725;345.6;267.301
2421.1;1;El Conquistador;final;1486.551;2664.248;46.551;1224.248;112.599
2422;1;El Conquistador;final;1391.716;1792.517;1391.716;352.517;314.956
2422.1;1;El Conquistador;final;1509.225;2801.117;69.225;1361.117;69.816
2423;1;El Conquistador;final;1324.521;1813.267;1324.521;373.267;284.976
2424;1;La Reina;final;1327.22;1807.893;1327.22;367.893;261.967
2425;1;La Reina;final;1317.17;1816.06;1317.17;376.06;273.672
2426;1;La Reina;final;1252.123;1824.226;1252.123;384.226;308.9
2426.1;1;La Reina;final;1492.259;2657.927;52.259;1217.927;137.674
2427;1;La Reina;final;1317.756;1832.393;1317.756;392.393;278.249
2428;1;La Reina;final;1175.905;1840.56;1175.905;400.56;213.203
2429;1;La Reina;final;1347.362;1848.726;1347.362;408.726;202.726
2430;1;La Reina;final;1440.723;1865.06;0.723;425.06;255.195
2431;1;La Reina;final;1358.51;1873.226;1358.51;433.226;276.883
2432;1;La Reina;final;1201.893;1889.56;1201.893;449.56;178.773
2433;1;La Reina;final;1127.993;1897.726;1127.993;457.726;131.444
2434;1;La Reina;final;1126.852;1897.893;1126.852;457.893;192.047
2435;1;La Reina;final;1174.076;2463.193;1174.076;1023.193;55.703
2436;1;La Reina;final;1368.723;2481.626;1368.723;1041.626;135.847
2437;1;La Reina;final;1444.593;2527.893;4.593;1087.893;137.366
2438;1;El Conquistador;final;928.058;1408.548;928.058;1408.548;301.787
2438.1;1;El Conquistador;final;1522.247;2350.41;82.247;910.41;209.039
2439;1;El Conquistador;final;786.125;1438.548;786.125;1438.548;292.223
2439.1;1;El Conquistador;final;1435.196;2235.36;1435.196;795.36;208.073
2440;1;El Conquistador;final;1257.495;1738.548;1257.495;298.548;284.324
2441;1;El Conquistador;final;1254.425;1743.998;1254.425;303.998;265.506
2442;1;El Conquistador;final;1277.495;1749.448;1277.495;309.448;284.324
2442.1;1;El Conquistador;final;1517.346;2665.674;77.346;1225.674;129.123
2443;1;El Conquistador;final;1290.688;1754.898;1290.688;314.898;273.135
2443.1;1;El Conquistador;final;1456.554;2707.998;16.554;1267.998;82.686
2444;1;El Conquistador;final;1374.941;1760.348;1374.941;320.348;306.637
2445;1;El Conquistador;final;1307.495;1771.248;1307.495;331.248;284.324
2446;1;El Conquistador;final;1346.23;1776.698;1346.23;336.698;286.721
2447;1;El Conquistador;final;1332.896;1782.148;1332.896;342.148;278.721
2447.1;1;El Conquistador;final;1468.197;2717.213;28.197;1277.213;82.337
2448;1;El Conquistador;final;1248.547;1793.048;1248.547;353.048;253.175
2449;1;El Conquistador;final;1258.83;1798.498;1258.83;358.498;261.175
2450;1;El Conquistador;final;1395.212;1798.548;1395.212;358.548;301.923
2451;1;El Conquistador;final;1405.207;1802.832;1405.207;362.832;307.388
2451.1;1;El Conquistador;final;1441.003;2781.443;1.003;1341.443;44.969
2452;1;El Conquistador;final;1355.509;1811.398;1355.509;371.398;269.938
2453;1;El Conquistador;final;1311.603;1824.248;1311.603;384.248;252.125
2453.1;1;El Conquistador;final;1469.839;2715.78;29.839;1275.78;82.304
2454;1;El Conquistador;final;1391.9;1828.532;1391.9;388.532;298.934
2454.1;1;El Conquistador;final;1513.165;2800.854;73.165;1360.854;72.248
2455;1;El Conquistador;final;1270.605;1837.098;1270.605;397.098;225.239
2456;1;El Conquistador;final;1179.792;1854.232;1179.792;414.232;192.248
2457;1;El Conquistador;final;1318.725;1862.798;1318.725;422.798;235.932
2458;1;El Conquistador;final;1270.662;1918.548;1270.662;478.548;211.592
2459;1;El Conquistador;final;553.251;1375.233;553.251;1375.233;258.303
2459.1;1;El Conquistador;final;1257.295;1941.048;1257.295;501.048;203.066
2460;1;El Conquistador;final;733.33;1405.233;733.33;1405.233;312.114
2460.1;1;El Conquistador;final;1254.434;2147.733;1254.434;707.733;166.03
2461;1;El Conquistador;final;645.175;1435.233;645.175;1435.233;265.86
2461.1;1;El Conquistador;final;1531.533;2061.81;91.533;621.81;276.882
2462;1;El Conquistador;final;1384.126;1745.233;1384.126;305.233;310.648
2462.1;1;El Conquistador;final;1457.092;2810.142;17.092;1370.142;38.205
2463;1;El Conquistador;final;1257.649;1755.233;1257.649;315.233;268.032
2464;1;El Conquistador;final;1293.726;1775.799;1293.726;335.799;181.074
2465;1;El Conquistador;final;1272.295;1781.083;1272.295;341.083;259.512
2466;1;El Conquistador;final;1269.434;1786.366;1269.434;346.366;252.796
2467;1;El Conquistador;final;1133.727;1791.649;1133.727;351.649;114.91
2468;1;El Conquistador;final;1336.048;1796.933;1336.048;356.933;307.512
2469;1;El Conquistador;final;1362.117;1802.216;1362.117;362.216;290.73
2470;1;El Conquistador;final;1455.503;1807.499;15.503;367.499;296.26
2470.1;1;El Conquistador;final;1598.539;2858.213;158.539;1418.213;82.304
2471;1;El Conquistador;final;1279.563;1812.783;1279.563;372.783;256.401
2472;1;El Conquistador;final;1386.682;1818.066;1386.682;378.066;299.115
2472.1;1;El Conquistador;final;1510.487;2781.284;70.487;1341.284;85.884
2473;1;El Conquistador;final;1348.699;1823.349;1348.699;383.349;302.199
2474;1;El Conquistador;final;1175.959;1855.233;1175.959;415.233;203.895
2475;1;El Conquistador;final;1357.225;1900.233;1357.225;460.233;251.187
2476;1;El Conquistador;final;1207.729;1748.28;1207.729;308.28;277.311
2477;1;El Conquistador;final;1235.379;1756.847;1235.379;316.847;277.311
2478;1;El Conquistador;final;1316.231;1765.413;1316.231;325.413;263.937
2479;1;El Conquistador;final;1145.862;1773.98;1145.862;333.98;260.415
2479.1;1;El Conquistador;final;1297.797;2541.168;1297.797;1101.168;77.254
2480;1;El Conquistador;final;1182.033;1782.547;1182.033;342.547;211.926
2481;1;El Conquistador;final;1178.385;1791.113;1178.385;351.113;243.002
2482;1;El Conquistador;final;1243.938;1799.68;1243.938;359.68;292.473
2483;1;El Conquistador;final;1123.588;1808.247;1123.588;368.247;313.788
2483.1;1;El Conquistador;final;1406.752;2552.862;1406.752;1112.862;110.87
2484;1;El Conquistador;final;1262.421;1808.28;1262.421;368.28;270.71
2484.1;1;El Conquistador;final;1388.06;2644.271;1388.06;1204.271;86.832
2485;1;El Conquistador;final;1173.052;1813.563;1173.052;373.563;243.566
2486;1;El Conquistador;final;1379.613;1818.847;1379.613;378.847;285.162
2487;1;El Conquistador;final;1311.62;1824.13;1311.62;384.13;194.342
2488;1;El Conquistador;final;1231.955;1829.413;1231.955;389.413;246.595
2489;1;El Conquistador;final;1281.603;1834.697;1281.603;394.697;291.408
2490;1;El Conquistador;final;495.797;1839.98;495.797;399.98;38.835
2491;1;El Conquistador;final;1141.306;1845.263;1141.306;405.263;258.133
2491.1;1;El Conquistador;final;1399.068;2545.413;1399.068;1105.413;111.445
2492;1;El Conquistador;final;1281.657;1850.547;1281.657;410.547;230.665
2493;1;El Conquistador;final;1367.613;1855.83;1367.613;415.83;304.54
2493.1;1;El Conquistador;final;1552.646;2694.96;112.646;1254.96;127.63
2494;1;El Conquistador;final;1253.385;1861.113;1253.385;421.113;250.358
2495;1;El Conquistador;final;1514.194;1866.397;74.194;426.397;305.723
2496;1;El Conquistador;final;1273.785;1871.68;1273.785;431.68;246.814
2497;1;El Conquistador;final;1148.935;1876.963;1148.935;436.963;152.013
2498;1;El Conquistador;final;1177.135;1887.53;1177.135;447.53;152.013
2499;1;El Conquistador;final;1323.888;1892.813;1323.888;452.813;229.992
2500;1;El Conquistador;final;1293.201;1898.28;1293.201;458.28;200.68
2501;1;El Conquistador;final;1391.616;1905.197;1391.616;465.197;254.507
2501.1;1;El Conquistador;final;1539.071;2770.993;99.071;1330.993;98.0
2502;1;El Conquistador;final;1374.271;1919.03;1374.271;479.03;254.866
2503;1;El Conquistador;final;1485.783;1925.947;45.783;485.947;256.851
2504;1;El Conquistador;final;1425.687;1932.863;1425.687;492.863;236.433
2505;1;El Conquistador;final;1129.518;1939.78;1129.518;499.78;156.2
2506;1;El Conquistador;final;1303.265;1946.697;1303.265;506.697;213.451
2507;1;El Conquistador;final;1307.517;1960.53;1307.517;520.53;162.9
2508;1;El Conquistador;final;1276.008;1988.28;1276.008;548.28;154.171
2509;1;El Conquistador;final;702.552;1418.569;702.552;1418.569;299.304
2509.1;1;El Conquistador;final;1281.463;2094.491;1281.463;654.491;199.596
2510;1;El Conquistador;final;937.447;1448.569;937.447;8.569;306.761
2510.1;1;El Conquistador;final;1498.497;2319.499;58.497;879.499;237.02
2511;1;El Conquistador;final;1512.872;1898.569;72.872;458.569;282.872
2512;1;El Conquistador;final;1244.421;1805.061;1244.421;365.061;267.457
2512.1;1;El Conquistador;final;1450.022;2619.271;10.022;1179.271;124.028
2513;1;El Conquistador;final;1261.185;1811.478;1261.185;371.478;265.54
2514;1;El Conquistador;final;1287.62;1817.895;1287.62;377.895;258.066
2515;1;El Conquistador;final;1275.62;1824.311;1275.62;384.311;260.6
2516;1;El Conquistador;final;1208.385;1830.728;1208.385;390.728;240.421
2517;1;El Conquistador;final;496.531;1849.978;496.531;409.978;35.582
2518;1;El Conquistador;final;1245.141;1856.395;1245.141;416.395;255.536
2518.1;1;El Conquistador;final;1412.317;2636.51;1412.317;1196.51;89.66
2519;1;El Conquistador;final;509.364;1862.811;509.364;422.811;35.582
2520;1;El Conquistador;final;1312.628;1869.228;1312.628;429.228;222.749
2521;1;El Conquistador;final;1299.62;1875.645;1299.62;435.645;255.418
2522;1;El Conquistador;final;1468.999;1882.061;28.999;442.061;302.847
2522.1;1;El Conquistador;final;1558.099;2842.926;118.099;1402.926;73.414
2523;1;El Conquistador;final;1331.616;1894.895;1331.616;454.895;250.453
2523.1;1;El Conquistador;final;1489.221;2707.993;49.221;1267.993;98.0
2524;1;El Conquistador;final;1347.251;1895.061;1347.251;455.061;247.258
2525;1;El Conquistador;final;1492.354;1917.561;52.354;477.561;283.824
2526;1;La Reina;final;1145.643;1751.016;1145.643;311.016;245.995
2527;1;La Reina;final;1289.56;1763.016;1289.56;323.016;291.831
2528;1;La Reina;final;1290.16;1807.016;1290.16;367.016;269.387
2529;1;La Reina;final;1381.128;1822.016;1381.128;382.016;290.296
2530;1;La Reina;final;1318.6;1827.016;1318.6;387.016;282.03
2531;1;La Reina;final;1348.027;1832.016;1348.027;392.016;284.311
2532;1;La Reina;final;1283.85;1837.016;1283.85;397.016;298.532
2533;1;La Reina;final;1261.017;1847.016;1261.017;407.016;301.689
2534;1;La Reina;final;569.698;1852.016;569.698;412.016;67.168
2535;1;La Reina;final;1355.428;1867.016;1355.428;427.016;279.088
2535.1;1;La Reina;final;1590.812;2654.276;150.812;1214.276;185.593
2536;1;La Reina;final;1283.974;1400.314;1283.974;1400.314;311.402
2536.1;1;La Reina;final;1524.005;2660.387;84.005;1220.387;138.605
2537;1;La Reina;final;1285.21;1420.314;1285.21;1420.314;314.785
2538;1;La Reina;final;889.702;1440.314;889.702;0.314;297.919
2538.1;1;La Reina;final;1489.645;2304.281;49.645;864.281;212.072
2539;1;La Reina;final;1218.348;1730.314;1218.348;290.314;280.02
2539.1;1;La Reina;final;1352.866;2603.443;1352.866;1163.443;81.23
2540;1;La Reina;final;514.698;1750.314;514.698;310.314;90.108
2541;1;La Reina;final;1382.218;1835.314;1382.218;395.314;294.335
2542;1;La Reina;final;1377.227;1846.564;1377.227;406.564;293.305
2543;1;El Conquistador;final;495.534;1662.731;495.534;222.731;97.344
2544;1;El Conquistador;final;397.017;1752.731;397.017;312.731;45.46
2545;1;El Conquistador;final;1313.244;1758.731;1313.244;318.731;304.359
2546;1;El Conquistador;final;409.017;1764.731;409.017;324.731;45.46
2547;1;El Conquistador;final;1127.942;1770.731;1127.942;330.731;213.451
2548;1;El Conquistador;final;421.017;1776.731;421.017;336.731;45.46
2549;1;El Conquistador;final;540.801;1782.731;540.801;342.731;95.216
2550;1;El Conquistador;final;433.017;1788.731;433.017;348.731;45.46
2551;1;El Conquistador;final;1180.008;1794.731;1180.008;354.731;213.451
2552;1;El Conquistador;final;1181.942;1806.731;1181.942;366.731;211.323
2553;1;El Conquistador;final;470.217;1812.731;470.217;372.731;45.46
2554;1;El Conquistador;final;476.634;1819.148;476.634;379.148;45.46
2555;1;El Conquistador;final;483.051;1825.564;483.051;385.564;45.46
2556;1;El Conquistador;final;1252.008;1831.981;1252.008;391.981;210.943
2557;1;El Conquistador;final;495.884;1838.398;495.884;398.398;45.46
2558;1;El Conquistador;final;1191.885;1844.814;1191.885;404.814;208.911
2559;1;El Conquistador;final;508.717;1851.231;508.717;411.231;45.46
2560;1;El Conquistador;final;515.134;1857.648;515.134;417.648;45.46
2561;1;El Conquistador;final;1121.942;1864.064;1121.942;424.064;161.567
2562;1;El Conquistador;final;527.967;1870.481;527.967;430.481;45.46
2563;1;El Conquistador;final;534.384;1876.898;534.384;436.898;45.46
2564;1;El Conquistador;final;547.217;1889.731;547.217;449.731;45.46
2565;1;El Conquistador;final;1151.942;1896.148;1151.942;456.148;161.567
2566;1;El Conquistador;final;1169.942;1902.564;1169.942;462.564;161.567
2567;1;El Conquistador;final;1294.008;1902.731;1294.008;462.731;210.943
2568;1;El Conquistador;final;1192.008;1917.731;1192.008;477.731;161.567
2569;1;El Conquistador;final;1210.008;1925.231;1210.008;485.231;161.567
2570;1;El Conquistador;final;1335.202;1932.731;1335.202;492.731;211.667
2571;1;El Conquistador;final;1326.022;1955.231;1326.022;515.231;182.552
2572;1;El Conquistador;final;1303.522;1970.231;1303.522;530.231;182.552
2573;1;El Conquistador;final;1282.008;1985.231;1282.008;545.231;161.187
2574;1;El Conquistador;final;1262.561;2026.998;1262.561;586.998;174.433
2575;1;El Conquistador;final;1163.942;2044.131;1163.942;604.131;111.811
2576;1;El Conquistador;final;1494.604;2069.831;54.604;629.831;311.185
2577;1;El Conquistador;final;1204.008;2121.231;1204.008;681.231;111.811
2578;1;El Conquistador;final;1222.008;2146.931;1222.008;706.931;111.811
2579;1;El Conquistador;final;1240.008;2172.631;1240.008;732.631;111.431
2580;1;El Conquistador;final;1221.635;2172.731;1221.635;732.731;113.746
2581;1;El Conquistador;final;1318.522;2212.731;1318.522;772.731;132.796
2582;1;El Conquistador;final;445.017;1405.649;445.017;1405.649;128.772
2583;1;El Conquistador;final;1051.769;1435.649;1051.769;1435.649;247.732
2583.1;1;El Conquistador;final;1350.688;2468.28;1350.688;1028.28;100.998
2584;1;El Conquistador;final;398.567;1745.061;398.567;305.061;47.635
2585;1;El Conquistador;final;410.567;1757.061;410.567;317.061;47.635
2586;1;El Conquistador;final;422.567;1769.061;422.567;329.061;47.635
2587;1;El Conquistador;final;434.567;1781.061;434.567;341.061;47.635
2588;1;El Conquistador;final;446.567;1793.061;446.567;353.061;47.635
2589;1;El Conquistador;final;471.034;1805.061;471.034;365.061;47.635
2590;1;El Conquistador;final;487.367;1821.395;487.367;381.395;47.635
2591;1;El Conquistador;final;1270.008;1837.728;1270.008;397.728;213.118
2592;1;El Conquistador;final;511.867;1845.895;511.867;405.895;47.635
2593;1;El Conquistador;final;520.034;1854.061;520.034;414.061;47.635
2594;1;El Conquistador;final;528.201;1862.228;528.201;422.228;47.635
2595;1;El Conquistador;final;1145.942;1886.728;1145.942;446.728;163.742
2596;1;El Conquistador;final;1297.702;1894.895;1297.702;454.895;213.842
2597;1;El Conquistador;final;1264.008;1955.061;1264.008;515.061;163.362
2598;1;La Reina;final;1280.993;1763.488;1280.993;323.488;274.613
2598.1;1;La Reina;final;1457.167;2685.988;17.167;1245.988;99.656
2599;1;La Reina;final;1276.821;1799.488;1276.821;359.488;270.789
2600;1;La Reina;final;1334.573;1805.904;1334.573;365.904;285.155
2601;1;La Reina;final;1342.26;1818.738;1342.26;378.738;269.942
2602;1;La Reina;final;1417.49;1825.154;1417.49;385.154;310.786
2603;1;La Reina;final;1160.093;1831.571;1160.093;391.571;246.098
2604;1;La Reina;final;519.021;1837.988;519.021;397.988;50.192
2605;1;La Reina;final;1492.49;1844.404;52.49;404.404;313.222
2606;1;La Reina;final;1394.72;1850.821;1394.72;410.821;276.637
2606.1;1;La Reina;final;1496.876;2779.177;56.876;1339.177;74.519
2607;1;La Reina;final;544.688;1863.654;544.688;423.654;50.192
2608;1;La Reina;final;557.521;1876.488;557.521;436.488;50.192
2609;1;La Reina;final;570.355;1889.321;570.355;449.321;50.192
2610;1;La Reina;final;567.521;1889.488;567.521;449.488;50.192
2611;1;La Reina;final;1221.386;1910.238;1221.386;470.238;209.486
2612;1;La Reina;final;1174.76;2459.488;1174.76;1019.488;58.67
2613;1;La Reina;final;1290.106;2471.488;1290.106;1031.488;101.849
2614;1;La Reina;final;1145.06;1730.068;1145.06;290.068;257.641
2615;1;La Reina;final;1124.168;1760.068;1124.168;320.068;226.32
2616;1;La Reina;final;1358.633;1835.068;1358.633;395.068;290.062
2617;1;La Reina;final;1240.231;1846.318;1240.231;406.318;236.186
2618;1;El Conquistador;final;811.335;1402.993;811.335;1402.993;268.943
2618.1;1;El Conquistador;final;1185.585;2235.78;1185.585;795.78;117.546
2619;1;El Conquistador;final;700.389;1432.993;700.389;1432.993;290.728
2619.1;1;El Conquistador;final;1358.787;2117.174;1358.787;677.174;238.788
2620;1;El Conquistador;final;962.916;1462.993;962.916;22.993;304.979
2620.1;1;El Conquistador;final;1299.868;2371.393;1299.868;931.393;126.937
2621;1;El Conquistador;final;1267.251;1742.993;1267.251;302.993;266.432
2622;1;El Conquistador;final;1267.068;1752.993;1267.068;312.993;293.291
2622.1;1;El Conquistador;final;1366.535;2582.714;1366.535;1142.714;88.457
2623;1;El Conquistador;final;1238.516;1762.993;1238.516;322.993;263.251
2623.1;1;El Conquistador;final;1424.121;2619.659;1424.121;1179.659;98.0
2624;1;El Conquistador;final;1306.535;1772.993;1306.535;332.993;272.534
2625;1;El Conquistador;final;1327.035;1782.993;1327.035;342.993;299.821
2625.1;1;El Conquistador;final;1404.901;2638.714;1404.901;1198.714;88.887
2626;1;El Conquistador;final;1137.018;1792.993;1137.018;352.993;228.054
2627;1;El Conquistador;final;1288.265;1802.993;1288.265;362.993;282.75
2627.1;1;El Conquistador;final;1390.249;2603.455;1390.249;1163.455;99.121
2628;1;El Conquistador;final;1345.751;1812.993;1345.751;372.993;308.696
2628.1;1;El Conquistador;final;1461.652;2725.649;21.652;1285.649;96.336
2629;1;El Conquistador;final;1344.121;1822.993;1344.121;382.993;287.836
2630;1;El Conquistador;final;1152.018;1842.993;1152.018;402.993;214.84
2631;1;El Conquistador;final;1293.917;1882.993;1293.917;442.993;292.497
2631.1;1;El Conquistador;final;1397.9;2709.902;1397.9;1269.902;74.416
2632;1;El Conquistador;final;1248.585;1922.993;1248.585;482.993;227.625
2633;1;El Conquistador;final;813.383;1373.455;813.383;1373.455;288.957
2633.1;1;El Conquistador;final;1588.583;2231.743;148.583;791.743;286.174
2634;1;El Conquistador;intermedia;766.707;779.0;766.707;779.0;300.728
2634;2;El Conquistador;final;894.586;1403.455;894.586;1403.455;45.601
2634.1;1;El Conquistador;final;1264.478;2315.143;1264.478;875.143;124.589
2635;1;El Conquistador;final;1154.904;1433.455;1154.904;1433.455;306.395
2635.1;1;El Conquistador;final;1381.196;2540.348;1381.196;1100.348;110.697
2636;1;El Conquistador;final;1226.082;1718.455;1226.082;278.455;287.096
2636.1;1;El Conquistador;final;1355.616;2543.455;1355.616;1103.455;99.121
2637;1;El Conquistador;final;1334.788;1733.455;1334.788;293.455;313.543
2638;1;El Conquistador;final;1247.882;1748.455;1247.882;308.455;287.096
2638.1;1;El Conquistador;final;1379.616;2567.455;1379.616;1127.455;99.121
2639;1;El Conquistador;final;1330.788;1763.455;1330.788;323.455;313.543
2640;1;El Conquistador;final;1260.316;1773.455;1260.316;333.455;266.034
2640.1;1;El Conquistador;final;1414.221;2632.993;1414.221;1192.993;98.0
2641;1;El Conquistador;final;1357.455;1783.455;1357.455;343.455;313.543
2641.1;1;El Conquistador;final;1440.901;2674.714;0.901;1234.714;88.887
2642;1;El Conquistador;final;1282.116;1793.455;1282.116;353.455;266.034
2643;1;El Conquistador;final;1275.688;1803.455;1275.688;363.455;278.666
2644;1;El Conquistador;final;1170.885;1813.455;1170.885;373.455;229.999
2645;1;El Conquistador;final;1320.688;1823.455;1320.688;383.455;278.512
2646;1;El Conquistador;final;1346.535;1833.455;1346.535;393.455;277.828
2647;1;El Conquistador;final;1200.885;1843.455;1200.885;403.455;229.999
2648;1;El Conquistador;final;1368.901;1853.455;1368.901;413.455;295.489
2648.1;1;El Conquistador;final;1518.552;2772.547;78.552;1332.547;89.054
2649;1;El Conquistador;final;1221.055;1873.455;1221.055;433.455;226.236
2650;1;El Conquistador;final;1230.885;1883.455;1230.885;443.455;229.999
2651;1;El Conquistador;final;1472.433;1903.455;32.433;463.455;307.763
2652;1;El Conquistador;final;1413.522;1913.455;1413.522;473.455;298.197
2652.1;1;El Conquistador;final;1502.916;2727.722;62.916;1287.722;99.121
2653;1;El Conquistador;final;1412.749;1923.455;1412.749;483.455;306.392
2653.1;1;El Conquistador;final;1563.071;2794.993;123.071;1354.993;98.0
2654;1;El Conquistador;final;1417.929;1933.455;1417.929;493.455;287.311
2654.1;1;El Conquistador;final;1481.641;2722.147;41.641;1282.147;93.458
2655;1;El Conquistador;final;1423.999;1943.455;1423.999;503.455;299.638
2656;1;El Conquistador;final;1292.849;2453.455;1292.849;1013.455;99.121
2657;1;El Conquistador;final;1424.799;2473.455;1424.799;1033.455;140.85
2658;1;El Conquistador;final;1295.616;2483.455;1295.616;1043.455;99.121
2659;1;El Conquistador;final;1279.568;1749.1;1279.568;309.1;169.449
2660;1;El Conquistador;final;1193.727;1764.1;1193.727;324.1;137.09
2661;1;El Conquistador;final;1431.901;1794.1;1431.901;354.1;224.909
2662;1;El Conquistador;final;1552.818;1816.6;112.818;376.6;303.329
2663;1;El Conquistador;final;1257.272;1824.1;1257.272;384.1;146.846
2664;1;El Conquistador;final;1284.225;1831.6;1284.225;391.6;155.754
2665;1;El Conquistador;final;1257.172;2547.503;1257.172;1107.503;84.229
2666;1;El Conquistador;final;1268.072;2558.403;1268.072;1118.403;84.229
2667;1;El Conquistador;final;1278.972;2569.303;1278.972;1129.303;84.229
2668;1;El Conquistador;final;1289.872;2580.203;1289.872;1140.203;84.229
2669;1;El Conquistador;final;1335.13;2591.103;1335.13;1151.103;97.545
2670;1;El Conquistador;final;1441.165;2602.003;1.165;1162.003;143.824
2671;1;El Conquistador;final;1358.741;2602.103;1358.741;1162.103;106.946
2672;1;El Conquistador;final;1350.472;2647.103;1350.472;1207.103;84.229
2673;1;El Conquistador;final;1383.744;1749.366;1383.744;309.366;202.334
2674;1;El Conquistador;final;1454.755;1769.366;14.755;329.366;222.679
2675;1;El Conquistador;final;1263.325;1825.699;1263.325;385.699;133.906
2676;1;El Conquistador;final;1564.184;1842.033;124.184;402.033;285.559
2677;1;El Conquistador;final;1216.121;1850.199;1216.121;410.199;123.033
2678;1;El Conquistador;final;1373.889;2649.803;1373.889;1209.803;83.128
2679;1;El Conquistador;final;1350.172;2679.803;1350.172;1239.803;65.109
2680;1;El Conquistador;final;1303.047;1710.152;1303.047;270.152;195.844
2681;1;El Conquistador;final;1453.365;1722.152;13.365;282.152;255.472
2681.1;1;El Conquistador;final;1604.218;2858.213;164.218;1418.213;89.054
2682;1;El Conquistador;final;1184.552;1734.152;1184.552;294.152;140.109
2683;1;El Conquistador;final;1164.721;1758.152;1164.721;318.152;157.647
2684;1;El Conquistador;final;1265.835;1770.152;1265.835;330.152;187.926
2685;1;El Conquistador;final;1348.265;1781.402;1348.265;341.402;200.011
2686;1;El Conquistador;final;1200.839;1792.652;1200.839;352.652;139.158
2687;1;El Conquistador;final;1297.272;1803.902;1297.272;363.902;159.612
2688;1;El Conquistador;final;1426.617;1815.152;1426.617;375.152;229.138
2689;1;El Conquistador;final;1530.945;1826.402;90.945;386.402;285.444
2690;1;El Conquistador;final;1260.806;1837.652;1260.806;397.652;139.158
2691;1;El Conquistador;final;1508.605;1860.152;68.605;420.152;246.947
2692;1;El Conquistador;final;1577.138;2663.128;137.138;1223.128;191.188
2693;1;Los Espinos;final;620.82;1375.071;620.82;1375.071;295.147
2693.1;1;Los Espinos;final;1433.445;2048.296;1433.445;608.296;263.814
2694;1;Los Espinos;final;711.301;1405.071;711.301;1405.071;311.803
2694.1;1;Los Espinos;final;1473.617;2106.261;33.617;666.261;254.281
2695;1;Los Espinos;final;804.935;1435.071;804.935;1435.071;314.884
2695.1;1;Los Espinos;final;1338.591;2194.728;1338.591;754.728;159.88
2696;1;Los Espinos;final;728.392;1462.071;728.392;22.071;301.58
2696.1;1;Los Espinos;final;1347.634;2121.761;1347.634;681.761;201.026
2697;1;Los Espinos;final;1166.759;1715.071;1166.759;275.071;279.634
2697.1;1;Los Espinos;final;1293.633;2485.071;1293.633;1045.071;100.341
2698;1;Los Espinos;final;1177.459;1725.071;1177.459;285.071;279.634
2698.1;1;Los Espinos;final;1457.626;2497.071;17.626;1057.071;168.708
2699;1;Los Espinos;final;1351.441;1745.071;1351.441;305.071;314.757
2699.1;1;Los Espinos;final;1454.654;2758.042;14.654;1318.042;55.591
2700;1;Los Espinos;final;1237.009;1773.237;1237.009;333.237;279.761
2700.1;1;Los Espinos;final;1587.213;2557.071;147.213;1117.071;200.891
2701;1;Los Espinos;final;1255.443;1789.571;1255.443;349.571;279.761
2702;1;Los Espinos;final;1264.659;1797.737;1264.659;357.737;279.761
2702.1;1;Los Espinos;final;1528.026;2581.071;88.026;1141.071;168.708
2703;1;Los Espinos;final;1273.876;1805.904;1273.876;365.904;279.761
2703.1;1;Los Espinos;final;1518.975;2593.071;78.975;1153.071;156.833
2704;1;Los Espinos;final;1283.093;1814.071;1283.093;374.071;279.761
2704.1;1;Los Espinos;final;1500.243;2605.071;60.243;1165.071;140.975
2705;1;Los Espinos;final;1292.309;1822.237;1292.309;382.237;279.761
2706;1;Los Espinos;final;1301.526;1830.404;1301.526;390.404;279.761
2706.1;1;Los Espinos;final;1395.467;2620.071;1395.467;1180.071;100.341
2707;1;Los Espinos;final;1319.959;1838.571;1319.959;398.571;279.761
2708;1;Los Espinos;final;1377.141;1854.904;1377.141;414.904;288.923
2709;1;Los Espinos;final;1310.743;1855.071;1310.743;415.071;279.761
2709.1;1;Los Espinos;final;1548.026;2635.071;108.026;1195.071;168.708
2710;1;Los Espinos;final;1286.176;1900.071;1286.176;460.071;259.893
2711;1;Los Espinos;final;1342.395;1911.321;1342.395;471.321;269.964
2712;1;Los Espinos;final;1375.209;1922.571;1375.209;482.571;279.761
2712.1;1;Los Espinos;final;1459.8;2695.071;19.8;1255.071;100.341
2713;1;Los Espinos;final;723.589;1401.604;723.589;1401.604;314.596
2713.1;1;Los Espinos;final;1461.41;2117.898;21.41;677.898;239.209
2714;1;Los Espinos;final;537.95;1431.604;537.95;1431.604;254.59
2714.1;1;Los Espinos;final;1463.445;1920.154;23.445;480.154;313.5
2714.2;1;Los Espinos;final;1546.288;2792.634;106.288;1352.634;90.75
2715;1;Los Espinos;final;875.724;1461.604;875.724;21.604;300.81
2715.1;1;Los Espinos;final;1296.176;2303.042;1296.176;863.042;123.63
2716;1;Los Espinos;final;1131.25;1731.604;1131.25;291.604;254.59
2716.1;1;Los Espinos;final;1338.393;2502.204;1338.393;1062.204;101.231
2717;1;Los Espinos;final;1119.717;1746.604;1119.717;306.604;254.59
2717.1;1;Los Espinos;final;1419.238;2492.987;1419.238;1052.987;135.651
2718;1;Los Espinos;final;1312.452;1761.604;1312.452;321.604;311.498
2718.1;1;Los Espinos;final;1446.735;2681.128;6.735;1241.128;88.14
2719;1;Los Espinos;final;1165.85;1776.604;1165.85;336.604;254.59
2719.1;1;Los Espinos;final;1455.467;2544.304;15.467;1104.304;143.791
2720;1;Los Espinos;final;1370.193;1791.604;1370.193;351.604;302.715
2721;1;Los Espinos;final;1245.2;1801.604;1245.2;361.604;254.59
2721.1;1;Los Espinos;final;1429.709;2620.604;1429.709;1180.604;101.231
2722;1;Los Espinos;final;1256.1;1811.604;1256.1;371.604;254.59
2722.1;1;Los Espinos;final;1440.609;2631.504;0.609;1191.504;101.231
2723;1;Los Espinos;final;1267.0;1821.604;1267.0;381.604;254.59
2723.1;1;Los Espinos;final;1427.626;2646.604;1427.626;1206.604;101.105
2724;1;Los Espinos;final;1277.9;1831.604;1277.9;391.604;254.59
2725;1;Los Espinos;final;1288.8;1841.604;1288.8;401.604;254.59
2725.1;1;Los Espinos;final;1531.8;2661.604;91.8;1221.604;143.664
2726;1;Los Espinos;final;1299.7;1851.604;1299.7;411.604;254.59
2727;1;Los Espinos;final;1310.6;1861.604;1310.6;421.604;254.59
2728;1;Los Espinos;final;1588.026;2511.421;148.026;1071.421;212.158
2729;1;Los Espinos;final;1320.709;2511.604;1320.709;1071.604;101.231
2730;1;El Conquistador;final;798.146;1440.498;798.146;0.498;282.149
2730.1;1;El Conquistador;final;1265.414;2252.684;1265.414;812.684;148.544
2731;1;El Conquistador;final;1074.476;1530.498;1074.476;90.498;290.725
2731.1;1;El Conquistador;final;1201.375;2475.284;1201.375;1035.284;59.042
2732;1;El Conquistador;final;622.677;1620.498;622.677;180.498;163.248
2733;1;El Conquistador;final;1167.962;1710.498;1167.962;270.498;285.069
2733.1;1;El Conquistador;final;1305.934;2566.334;1305.934;1126.334;73.004
2734;1;El Conquistador;final;1187.962;1720.498;1187.962;280.498;285.605
2734.1;1;El Conquistador;final;1323.434;2582.734;1323.434;1142.734;74.739
2735;1;El Conquistador;final;1197.962;1730.498;1197.962;290.498;289.075
2735.1;1;El Conquistador;final;1335.434;2594.734;1335.434;1154.734;74.739
2736;1;El Conquistador;final;1223.279;1740.498;1223.279;300.498;293.194
2736.1;1;El Conquistador;final;1380.747;2624.118;1380.747;1184.118;77.254
2737;1;El Conquistador;final;1331.066;1750.498;1331.066;310.498;310.919
2738;1;El Conquistador;final;1364.784;1760.498;1364.784;320.498;293.11
2738.1;1;El Conquistador;final;1484.067;2759.633;44.067;1319.633;77.431
2739;1;El Conquistador;final;1216.017;1770.498;1216.017;330.498;273.091
2740;1;El Conquistador;final;1213.651;1780.498;1213.651;340.498;266.615
2741;1;El Conquistador;final;1237.764;1790.498;1237.764;350.498;270.329
2742;1;El Conquistador;final;1313.279;1810.498;1313.279;370.498;291.093
2742.1;1;El Conquistador;final;1506.544;2713.751;66.544;1273.751;117.696
2743;1;El Conquistador;final;1264.017;1820.498;1264.017;380.498;272.639
2744;1;El Conquistador;final;1208.149;1840.498;1208.149;400.498;239.301
2745;1;El Conquistador;final;1284.134;1850.498;1284.134;410.498;268.633
2746;1;El Conquistador;final;1273.617;1860.498;1273.617;420.498;270.368
2747;1;La Reina;final;1312.838;1737.777;1312.838;297.777;303.245
2747.1;1;La Reina;final;1406.898;2702.634;1406.898;1262.634;57.72
2748;1;La Reina;final;1282.119;1752.777;1282.119;312.777;282.231
2749;1;La Reina;final;1318.265;1767.777;1318.265;327.777;305.12
2749.1;1;La Reina;final;1488.848;2702.027;48.848;1262.027;102.783
2750;1;La Reina;final;1281.115;1797.777;1281.115;357.777;244.929
2751;1;La Reina;final;1432.598;1809.027;1432.598;369.027;305.12
2752;1;La Reina;final;1329.165;1820.277;1329.165;380.277;275.47
2752.1;1;La Reina;final;1448.7;2714.877;8.7;1274.877;81.23
2753;1;La Reina;final;1124.519;1831.527;1124.519;391.527;187.064
2754;1;La Reina;final;1450.231;1842.777;10.231;402.777;305.574
2755;1;La Reina;final;1166.054;1854.027;1166.054;414.027;197.22
2756;1;La Reina;final;1355.498;1865.277;1355.498;425.277;253.389
2757;1;La Reina;final;1361.433;1876.527;1361.433;436.527;255.827
2758;1;La Reina;final;1327.431;1887.777;1327.431;447.777;258.275
2759;1;La Reina;final;1262.031;1900.627;1262.031;460.627;218.54
2760;1;La Reina;final;855.829;1396.245;855.829;1396.245;305.372
2760.1;1;La Reina;final;1262.748;2292.955;1262.748;852.955;130.38
2761;1;La Reina;final;1046.755;1441.245;1046.755;1.245;286.763
2761.1;1;La Reina;final;1336.927;2484.762;1336.927;1044.762;96.714
2762;1;La Reina;final;1140.168;1621.245;1140.168;181.245;281.113
2762.1;1;La Reina;final;1315.135;2564.307;1315.135;1124.307;57.942
2763;1;La Reina;final;562.552;1666.245;562.552;226.245;125.87
2764;1;La Reina;final;514.152;1670.245;514.152;230.245;109.499
2765;1;La Reina;final;1078.746;1674.245;1078.746;234.245;256.306
2765.1;1;La Reina;final;1370.162;2510.848;1370.162;1070.848;102.874
2766;1;La Reina;final;522.152;1678.245;522.152;238.245;109.499
2767;1;La Reina;final;1223.502;1682.245;1223.502;242.245;260.17
2767.1;1;La Reina;final;1472.479;2628.508;32.479;1188.508;111.363
2768;1;La Reina;final;1262.805;1686.245;1262.805;246.245;314.259
2769;1;La Reina;final;1129.37;1690.245;1129.37;250.245;225.254
2770;1;La Reina;final;1190.641;1694.245;1190.641;254.245;284.972
2771;1;La Reina;final;592.552;1698.245;592.552;258.245;125.87
2772;1;La Reina;final;1260.663;1702.245;1260.663;262.245;302.662
2772.1;1;La Reina;final;1366.196;2689.374;1366.196;1249.374;52.966
2773;1;La Reina;final;607.552;1706.245;607.552;266.245;125.87
2774;1;La Reina;final;1218.129;1714.245;1218.129;274.245;293.354
2774.1;1;La Reina;final;1505.048;2646.314;65.048;1206.314;125.957
2775;1;La Reina;final;1344.136;1718.245;1344.136;278.245;309.732
2775.1;1;La Reina;final;1397.835;2713.408;1397.835;1273.408;49.921
2776;1;La Reina;final;1280.868;1722.245;1280.868;282.245;263.257
2777;1;La Reina;final;1392.662;1726.245;1392.662;286.245;302.076
2777.1;1;La Reina;final;1441.414;2798.355;1.414;1358.355;39.415
2778;1;La Reina;final;1092.119;1731.245;1092.119;291.245;233.724
2778.1;1;La Reina;final;1386.445;2504.408;1386.445;1064.408;111.363
2779;1;La Reina;final;1303.919;1736.245;1303.919;296.245;261.096
2779.1;1;La Reina;final;1530.529;2709.958;90.529;1269.958;111.363
2780;1;La Reina;final;1266.353;1746.245;1266.353;306.245;256.982
2781;1;La Reina;final;1135.336;1751.245;1135.336;311.245;238.841
2781.1;1;La Reina;final;1378.245;2534.275;1378.245;1094.275;111.363
2782;1;La Reina;final;1323.702;1756.245;1323.702;316.245;270.968
2783;1;La Reina;final;1320.735;1761.245;1320.735;321.245;270.968
2784;1;La Reina;final;1247.422;1766.245;1247.422;326.245;255.741
2785;1;La Reina;final;1190.805;1771.245;1190.805;331.245;231.64
2786;1;La Reina;final;1337.095;1776.245;1337.095;336.245;257.649
2787;1;La Reina;final;1364.462;1781.245;1364.462;341.245;305.99
2788;1;La Reina;final;1301.541;1786.245;1301.541;346.245;259.719
2789;1;La Reina;final;1346.196;1796.245;1346.196;356.245;298.043
2789.1;1;La Reina;final;1559.779;2776.314;119.779;1336.314;102.874
2790;1;La Reina;final;1363.929;1801.245;1363.929;361.245;305.99
2791;1;La Reina;final;1278.805;1811.245;1278.805;371.245;231.64
2792;1;La Reina;final;1345.862;1816.245;1345.862;376.245;285.614
2793;1;La Reina;final;1353.981;1834.245;1353.981;394.245;298.082
2794;1;La Reina;final;1363.838;1852.245;1363.838;412.245;286.763
2795;1;La Reina;final;1414.279;1861.245;1414.279;421.245;286.448
2795.1;1;La Reina;final;1507.462;2818.355;67.462;1378.355;58.518
2796;1;La Reina;final;1412.352;1870.245;1412.352;430.245;295.83
2796.1;1;La Reina;final;1525.048;2801.614;85.048;1361.614;81.165
2797;1;La Reina;final;1374.287;1879.245;1374.287;439.245;269.372
2797.1;1;La Reina;final;1573.612;2775.708;133.612;1335.708;111.363
2798;1;La Reina;final;1519.519;2326.245;79.519;886.245;233.724
2799;1;La Reina;final;1556.229;2348.045;116.229;908.045;245.626
2800;1;La Reina;final;1272.268;2358.945;1272.268;918.945;125.87
2801;1;La Reina;final;1249.419;2391.645;1249.419;951.645;109.499
2802;1;La Reina;final;1267.886;2446.245;1267.886;1006.245;109.499
2803;1;La Reina;intermedia;863.086;896.0;863.086;896.0;276.218
2803;2;La Reina;final;1279.886;1415.708;1279.886;1415.708;126.833
2803.1;1;La Reina;final;1340.537;2679.968;1340.537;1239.968;44.038
2804;1;La Reina;final;1003.712;1435.708;1003.712;1435.708;300.822
2804.1;1;La Reina;final;1496.079;2426.788;56.079;986.788;172.517
2805;1;La Reina;final;577.552;1455.708;577.552;15.708;212.527
2806;1;La Reina;final;1221.412;1775.708;1221.412;335.708;262.593
2807;1;La Reina;final;1178.22;1859.708;1178.22;419.708;185.202
2808;1;El Conquistador;final;1217.65;1736.61;1217.65;296.61;274.373
2808.1;1;El Conquistador;final;1445.352;2522.933;5.352;1082.933;138.379
2809;1;El Conquistador;final;1282.791;1745.177;1282.791;305.177;298.896
2810;1;El Conquistador;final;1369.521;1762.31;1369.521;322.31;314.845
2810.1;1;El Conquistador;final;1562.358;2700.152;122.358;1260.152;135.138
2811;1;El Conquistador;final;1318.909;1770.877;1318.909;330.877;298.817
2811.1;1;El Conquistador;final;1560.171;2715.284;120.171;1275.284;129.681
2812;1;El Conquistador;final;1372.243;1779.443;1372.243;339.443;304.105
2813;1;El Conquistador;final;1316.446;1788.01;1316.446;348.01;274.153
2814;1;El Conquistador;final;1259.844;1796.577;1259.844;356.577;186.312
2815;1;El Conquistador;final;1385.226;1796.61;1385.226;356.61;298.292
2815.1;1;El Conquistador;final;1535.685;2789.68;95.685;1349.68;89.054
2816;1;El Conquistador;final;1400.984;1804.777;1400.984;364.777;308.359
2816.1;1;El Conquistador;final;1515.503;2792.638;75.503;1352.638;99.492
2817;1;El Conquistador;final;1259.971;1812.943;1259.971;372.943;230.584
2818;1;El Conquistador;final;1440.191;1821.11;0.191;381.11;302.21
2818.1;1;El Conquistador;final;1584.212;2822.61;144.212;1382.61;94.222
2819;1;El Conquistador;final;1402.025;1829.277;1402.025;389.277;302.21
2819.1;1;El Conquistador;final;1541.296;2786.61;101.296;1346.61;91.057
2820;1;El Conquistador;final;1351.746;1837.443;1351.746;397.443;280.699
2821;1;El Conquistador;final;1476.691;1845.61;36.691;405.61;309.941
2822;1;El Conquistador;final;1250.509;1853.777;1250.509;413.777;232.717
2823;1;El Conquistador;final;1458.589;1870.11;18.589;430.11;314.106
2823.1;1;El Conquistador;final;1527.635;2778.38;87.635;1338.38;88.887
2824;1;El Conquistador;final;1261.375;1878.277;1261.375;438.277;213.019
2825;1;El Conquistador;final;1322.671;1909.11;1322.671;469.11;225.654
2826;1;El Conquistador;final;1350.105;1920.36;1350.105;480.36;263.892
2827;1;El Conquistador;final;1209.792;1727.881;1209.792;287.881;253.863
2827.1;1;El Conquistador;final;1421.226;2603.284;1421.226;1163.284;108.091
2828;1;El Conquistador;final;1404.962;1757.881;1404.962;317.881;310.055
2828.1;1;El Conquistador;final;1512.784;2801.268;72.784;1361.268;74.739
2829;1;El Conquistador;final;1307.026;1765.381;1307.026;325.381;275.478
2829.1;1;El Conquistador;final;1372.605;2719.376;1372.605;1279.376;53.553
2830;1;El Conquistador;final;1252.791;1772.881;1252.791;332.881;277.73
2830.1;1;El Conquistador;final;1413.462;2636.61;1413.462;1196.61;94.222
2831;1;El Conquistador;final;1267.841;1780.381;1267.841;340.381;272.949
2832;1;El Conquistador;final;1274.141;1787.881;1274.141;347.881;273.39
2832.1;1;El Conquistador;final;1411.133;2654.61;1411.133;1214.61;89.66
2833;1;El Conquistador;final;1260.291;1795.381;1260.291;355.381;275.005
2834;1;El Conquistador;final;1267.791;1802.881;1267.791;362.881;275.005
2835;1;El Conquistador;final;1387.541;1810.381;1387.541;370.381;280.68
2836;1;El Conquistador;final;1254.059;1817.881;1254.059;377.881;261.382
2837;1;El Conquistador;final;1297.251;1825.381;1297.251;385.381;268.779
2838;1;El Conquistador;final;1248.679;1847.881;1248.679;407.881;251.438
2839;1;El Conquistador;final;1315.479;1915.381;1315.479;475.381;256.919
2840;1;El Conquistador;final;1493.305;1926.631;53.305;486.631;298.245
2840.1;1;El Conquistador;final;1549.268;2820.085;109.268;1380.085;83.336
2841;1;El Conquistador;final;1273.425;2477.881;1273.425;1037.881;93.458
2842;1;El Conquistador;final;1318.265;1751.551;1318.265;311.551;187.635
2843;1;El Conquistador;final;1285.032;1763.551;1285.032;323.551;185.469
2844;1;El Conquistador;final;1468.375;1787.551;28.375;347.551;213.664
2845;1;El Conquistador;final;1467.585;1812.401;27.585;372.401;216.151
2846;1;El Conquistador;final;1345.835;1838.101;1345.835;398.101;170.779
2847;1;El Conquistador;final;489.893;1850.951;489.893;410.951;29.691
2848;1;El Conquistador;intermedia;1007.117;1020.0;1007.117;1020.0;285.839
2848;2;El Conquistador;final;1155.787;1441.445;1155.787;1.445;56.117
2848.1;1;El Conquistador;final;1293.62;2539.674;1293.62;1099.674;89.848
2849;1;El Conquistador;final;1100.096;1576.445;1100.096;136.445;283.906
2849.1;1;El Conquistador;final;1473.264;2505.534;33.264;1065.534;146.273
2850;1;El Conquistador;final;1151.971;1711.445;1151.971;271.445;302.375
2850.1;1;El Conquistador;final;1480.455;2489.969;40.455;1049.969;152.703
2851;1;El Conquistador;final;1268.149;1721.445;1268.149;281.445;256.037
2852;1;El Conquistador;final;1182.464;1731.445;1182.464;291.445;267.966
2853;1;El Conquistador;final;1238.279;1741.445;1238.279;301.445;289.097
2853.1;1;El Conquistador;final;1366.584;2642.734;1366.584;1202.734;74.739
2854;1;El Conquistador;final;1283.279;1751.445;1283.279;311.445;290.749
2854.1;1;El Conquistador;final;1421.864;2681.284;1421.864;1241.284;77.254
2855;1;El Conquistador;final;1191.681;1761.445;1191.681;321.445;267.43
2856;1;El Conquistador;final;1268.279;1771.445;1268.279;331.445;282.254
2856.1;1;El Conquistador;final;1409.014;2668.434;1409.014;1228.434;77.254
2857;1;El Conquistador;final;1280.579;1781.445;1280.579;341.445;279.617
2857.1;1;El Conquistador;final;1396.617;2672.734;1396.617;1232.734;73.004
2858;1;El Conquistador;final;1142.033;1791.445;1142.033;351.445;162.641
2859;1;El Conquistador;final;1162.033;1801.445;1162.033;361.445;160.54
2860;1;El Conquistador;final;1256.197;1811.445;1256.197;371.445;268.049
2861;1;El Conquistador;final;1304.579;1821.445;1304.579;381.445;284.525
2861.1;1;El Conquistador;final;1426.584;2702.734;1426.584;1262.734;74.739
2862;1;El Conquistador;final;1245.321;1831.445;1245.321;391.445;245.245
2863;1;El Conquistador;final;1345.612;1841.445;1345.612;401.445;286.007
2863.1;1;El Conquistador;final;1461.384;2749.868;21.384;1309.868;74.739
2864;1;El Conquistador;final;1374.962;1851.445;1374.962;411.445;290.749
2864.1;1;El Conquistador;final;1478.517;2767.001;38.517;1327.001;74.739
2865;1;El Conquistador;final;1304.521;1861.445;1304.521;421.445;280.895
2866;1;El Conquistador;final;1299.434;1887.145;1299.434;447.145;264.999
2867;1;El Conquistador;final;1124.714;1912.845;1124.714;472.845;198.494
2868;1;El Conquistador;final;1373.365;1951.445;1373.365;511.445;177.735
2869;1;El Conquistador;final;1302.281;2371.379;1302.281;931.379;125.102
2870;1;El Conquistador;final;1262.334;2371.445;1262.334;931.445;120.852
2871;1;El Conquistador;final;1307.903;1736.718;1307.903;296.718;308.728
2872;1;El Conquistador;final;1185.606;1746.718;1185.606;306.718;277.252
2872.1;1;El Conquistador;final;1479.289;2571.674;39.289;1131.674;150.201
2873;1;El Conquistador;final;1328.787;1756.718;1328.787;316.718;292.774
2874;1;El Conquistador;final;1332.095;1766.718;1332.095;326.718;306.901
2875;1;El Conquistador;final;1299.341;1776.718;1299.341;336.718;275.775
2875.1;1;El Conquistador;final;1508.393;2681.61;68.393;1241.61;117.109
2876;1;El Conquistador;final;1337.466;1786.718;1337.466;346.718;306.654
2876.1;1;El Conquistador;final;1452.418;2736.001;12.418;1296.001;74.516
2877;1;El Conquistador;final;1367.772;1796.718;1367.772;356.718;303.879
2877.1;1;El Conquistador;final;1503.963;2750.718;63.963;1310.718;90.015
2878;1;El Conquistador;final;1395.383;1807.968;1395.383;367.968;294.974
2879;1;El Conquistador;final;1252.468;1819.218;1252.468;379.218;273.161
2880;1;El Conquistador;final;1370.651;1830.468;1370.651;390.468;314.114
2881;1;El Conquistador;final;1142.93;1841.718;1142.93;401.718;229.017
2882;1;El Conquistador;final;1365.202;1852.968;1365.202;412.968;313.375
2883;1;El Conquistador;final;1310.234;1864.218;1310.234;424.218;284.609
2884;1;El Conquistador;final;1235.595;1875.468;1235.595;435.468;227.541
2885;1;El Conquistador;final;1288.463;1886.718;1288.463;446.718;259.913
2886;1;El Conquistador;final;1024.65;1414.978;1024.65;1414.978;312.336
2886.1;1;El Conquistador;final;1471.118;2437.74;31.118;997.74;167.635
2887;1;El Conquistador;intermedia;927.004;954.0;927.004;954.0;292.521
2887;2;El Conquistador;final;1193.133;1444.978;1193.133;4.978;85.185
2887.1;1;El Conquistador;final;1476.536;2578.495;36.536;1138.495;148.742
2888;1;El Conquistador;final;654.177;1404.271;654.177;1404.271;276.841
2888.1;1;El Conquistador;final;1467.156;2002.79;27.156;562.79;314.456
2889;1;El Conquistador;intermedia;741.834;876.0;741.834;876.0;282.708
2889;2;El Conquistador;final;1296.739;1434.271;1296.739;1434.271;141.13
2890;1;El Conquistador;final;1113.906;1738.871;1113.906;298.871;258.877
2890.1;1;El Conquistador;final;1427.606;2517.074;1427.606;1077.074;122.392
2891;1;El Conquistador;final;1282.984;1743.471;1282.984;303.471;305.26
2891.1;1;El Conquistador;final;1368.145;2683.751;1368.145;1243.751;60.984
2892;1;El Conquistador;final;1240.984;1748.071;1240.984;308.071;281.217
2892.1;1;El Conquistador;final;1364.884;2637.751;1364.884;1197.751;78.129
2893;1;El Conquistador;final;1189.134;1752.671;1189.134;312.671;281.958
2893.1;1;El Conquistador;final;1340.393;2608.699;1340.393;1168.699;66.965
2894;1;El Conquistador;final;1252.377;1757.271;1252.377;317.271;276.545
2894.1;1;El Conquistador;final;1545.688;2593.39;105.688;1153.39;181.364
2895;1;El Conquistador;final;1163.244;1761.871;1163.244;321.871;276.545
2895.1;1;El Conquistador;final;1501.422;2533.39;61.422;1093.39;179.904
2896;1;El Conquistador;final;1133.706;1771.071;1133.706;331.071;258.877
2896.1;1;El Conquistador;final;1292.11;2528.074;1292.11;1088.074;85.195
2897;1;El Conquistador;final;1139.338;1775.671;1139.338;335.671;260.041
2897.1;1;El Conquistador;final;1375.388;2521.771;1375.388;1081.771;125.489
2898;1;El Conquistador;final;1260.372;1780.271;1260.372;340.271;298.721
2899;1;El Conquistador;final;1276.984;1784.871;1276.984;344.871;304.319
2899.1;1;El Conquistador;final;1358.145;2673.751;1358.145;1233.751;60.984
2900;1;El Conquistador;final;1343.787;1789.471;1343.787;349.471;242.958
2901;1;El Conquistador;final;1190.421;1794.071;1190.421;354.071;260.041
2901.1;1;El Conquistador;final;1332.31;2566.771;1332.31;1126.771;86.832
2902;1;El Conquistador;final;591.177;1794.271;591.177;354.271;86.832
2903;1;El Conquistador;final;1226.421;1798.771;1226.421;358.771;260.041
2903.1;1;El Conquistador;final;1369.81;2604.271;1369.81;1164.271;86.832
2904;1;El Conquistador;final;1306.877;1807.771;1306.877;367.771;276.249
2905;1;El Conquistador;final;1215.62;1816.771;1215.62;376.771;187.599
2906;1;El Conquistador;final;618.177;1821.271;618.177;381.271;86.832
2907;1;El Conquistador;final;1229.206;1830.271;1229.206;390.271;258.737
2907.1;1;El Conquistador;final;1390.21;2626.174;1390.21;1186.174;85.195
2908;1;El Conquistador;final;631.677;1834.771;631.677;394.771;86.832
2909;1;El Conquistador;final;1306.944;1843.771;1306.944;403.771;276.841
2909.1;1;El Conquistador;final;1449.8;2645.89;9.8;1205.89;111.652
2910;1;El Conquistador;final;1309.81;1861.771;1309.81;421.771;276.841
2911;1;El Conquistador;final;1339.81;1870.771;1339.81;430.771;276.545
2911.1;1;El Conquistador;final;1435.388;2685.89;1435.388;1245.89;86.36
2912;1;El Conquistador;final;1279.81;1884.271;1279.81;444.271;276.545
2913;1;El Conquistador;final;1229.858;1385.89;1229.858;1385.89;267.95
2913.1;1;El Conquistador;final;1393.265;2633.499;1393.265;1193.499;78.105
2914;1;El Conquistador;final;650.705;1415.89;650.705;1415.89;310.2
2914.1;1;El Conquistador;final;1353.539;2064.105;1353.539;624.105;218.893
2915;1;El Conquistador;final;764.338;1445.89;764.338;5.89;276.369
2915.1;1;El Conquistador;final;1389.056;2191.771;1389.056;751.771;218.737
2916;1;El Conquistador;final;1196.506;1730.89;1196.506;290.89;275.065
2916.1;1;El Conquistador;final;1555.494;2582.574;115.494;1142.574;179.904
2917;1;El Conquistador;final;1214.421;1738.39;1214.421;298.39;276.073
2917.1;1;El Conquistador;final;1453.306;2589.271;13.306;1149.271;124.028
2918;1;El Conquistador;final;1220.421;1745.89;1220.421;305.89;276.369
2918.1;1;El Conquistador;final;1432.889;2596.771;1432.889;1156.771;124.028
2919;1;El Conquistador;final;1315.185;1753.39;1315.185;313.39;291.525
2919.1;1;El Conquistador;final;1377.118;2729.569;1377.118;1289.569;40.563
2920;1;El Conquistador;final;1267.819;1760.89;1267.819;320.89;260.446
2920.1;1;El Conquistador;final;1402.213;2674.777;1402.213;1234.777;72.936
2921;1;El Conquistador;final;1350.455;1768.39;1350.455;328.39;301.593
2922;1;El Conquistador;final;1261.906;1775.89;1261.906;335.89;275.065
2923;1;El Conquistador;final;1274.421;1780.173;1274.421;340.173;276.369
2924;1;El Conquistador;final;1298.421;1784.456;1298.421;344.456;276.073
2924.1;1;El Conquistador;final;1492.355;2674.271;52.355;1234.271;125.489
2925;1;El Conquistador;final;1294.606;1788.74;1294.606;348.74;275.065
2926;1;El Conquistador;final;1302.31;1793.023;1302.31;353.023;262.936
2927;1;El Conquistador;final;1346.839;1797.306;1346.839;357.306;314.909
2928;1;El Conquistador;final;1433.785;1801.59;1433.785;361.59;256.671
2928.1;1;El Conquistador;final;1587.085;2841.08;147.085;1401.08;89.054
2929;1;El Conquistador;final;1178.706;1805.873;1178.706;365.873;259.592
2929.1;1;El Conquistador;final;1523.677;2560.774;83.677;1120.774;180.2
2930;1;El Conquistador;final;1356.434;1810.156;1356.434;370.156;304.048
2930.1;1;El Conquistador;final;1456.745;2754.978;16.745;1314.978;67.45
2931;1;El Conquistador;final;1263.62;1814.44;1263.62;374.44;262.429
2932;1;El Conquistador;final;1369.284;1818.723;1369.284;378.723;283.89
2932.1;1;El Conquistador;final;1461.13;2770.419;21.13;1330.419;61.138
2933;1;El Conquistador;final;1269.539;1823.006;1269.539;383.006;274.769
2933.1;1;El Conquistador;final;1575.077;2652.174;135.077;1212.174;180.2
2934;1;El Conquistador;final;1281.539;1827.29;1281.539;387.29;274.769
2935;1;El Conquistador;final;1290.455;1835.856;1290.455;395.856;276.369
2936;1;El Conquistador;final;1317.777;1865.89;1317.777;425.89;277.26
2936.1;1;El Conquistador;final;1405.388;2655.89;1405.388;1215.89;86.36
2937;1;El Conquistador;final;1365.388;1907.39;1365.388;467.39;276.073
2938;1;El Conquistador;final;1367.539;1914.306;1367.539;474.306;296.961
2939;1;El Conquistador;final;1294.984;1921.223;1294.984;481.223;268.665
2939.1;1;El Conquistador;final;1427.913;2700.477;1427.913;1260.477;72.936
2940;1;El Conquistador;final;1373.787;1928.14;1373.787;488.14;302.013
2941;1;El Conquistador;final;625.666;1405.943;625.666;1405.943;268.09
2941.1;1;El Conquistador;final;1273.201;2015.326;1273.201;575.326;214.41
2942;1;El Conquistador;final;666.252;1435.943;666.252;1435.943;278.287
2942.1;1;El Conquistador;final;1248.643;2078.743;1248.643;638.743;190.806
2943;1;El Conquistador;final;723.052;1465.943;723.052;25.943;264.847
2943.1;1;El Conquistador;final;1442.034;2147.276;2.034;707.276;237.242
2944;1;El Conquistador;final;1127.962;1662.209;1127.962;222.209;283.27
2944.1;1;El Conquistador;final;1288.581;2531.951;1288.581;1091.951;77.254
2945;1;El Conquistador;final;1268.517;1735.809;1268.517;295.809;304.045
2945.1;1;El Conquistador;final;1368.065;2685.366;1368.065;1245.366;49.799
2946;1;El Conquistador;final;1172.811;1735.943;1172.811;295.943;266.999
2946.1;1;El Conquistador;final;1534.963;2551.943;94.963;1111.943;187.149
2947;1;El Conquistador;final;1281.607;1740.543;1281.607;300.543;296.09
2947.1;1;El Conquistador;final;1363.869;2699.656;1363.869;1259.656;45.601
2948;1;El Conquistador;final;1251.607;1745.143;1251.607;305.143;286.118
2949;1;El Conquistador;final;1204.528;1749.743;1204.528;309.743;266.051
2949.1;1;El Conquistador;final;1568.73;2587.943;128.73;1147.943;180.382
2950;1;El Conquistador;final;1170.165;1754.343;1170.165;314.343;280.883
2951;1;El Conquistador;final;1242.678;1758.943;1242.678;318.943;276.024
2951.1;1;El Conquistador;final;1460.626;2623.943;20.626;1183.943;119.039
2952;1;El Conquistador;final;1159.551;1763.543;1159.551;323.543;263.303
2952.1;1;El Conquistador;final;1305.426;2580.366;1305.426;1140.366;63.269
2953;1;El Conquistador;final;1289.107;1768.143;1289.107;328.143;286.118
2954;1;El Conquistador;final;1282.428;1772.743;1282.428;332.743;300.874
2954.1;1;El Conquistador;final;1401.086;2661.356;1401.086;1221.356;83.851
2955;1;El Conquistador;final;1313.224;1777.343;1313.224;337.343;296.09
2955.1;1;El Conquistador;final;1397.619;2733.406;1397.619;1293.406;45.601
2956;1;El Conquistador;final;1287.871;1781.943;1287.871;341.943;251.167
2957;1;El Conquistador;final;1258.459;1786.543;1258.459;346.543;279.295
2958;1;El Conquistador;final;1312.44;1795.743;1312.44;355.743;286.118
2959;1;El Conquistador;final;1294.44;1795.943;1294.44;355.943;276.145
2959.1;1;El Conquistador;final;1420.459;2711.616;1420.459;1271.616;63.269
2960;1;El Conquistador;final;1287.202;1801.943;1287.202;361.943;274.82
2960.1;1;El Conquistador;final;1480.113;2672.213;40.113;1232.213;107.883
2961;1;El Conquistador;final;1256.757;1807.943;1256.757;367.943;275.945
2962;1;El Conquistador;final;1280.944;1813.943;1280.944;373.943;276.024
2963;1;El Conquistador;final;1272.378;1825.943;1272.378;385.943;266.051
2963.1;1;El Conquistador;final;1492.478;2650.943;52.478;1210.943;124.589
2964;1;El Conquistador;final;1367.226;1837.943;1367.226;397.943;307.276
2965;1;El Conquistador;final;1293.869;1849.943;1293.869;409.943;264.847
2966;1;El Conquistador;final;1351.774;1861.943;1351.774;421.943;286.118
2967;1;El Conquistador;final;1349.478;1867.943;1349.478;427.943;276.024
2968;1;El Conquistador;final;578.588;1361.734;578.588;1361.734;260.393
2968.1;1;El Conquistador;final;1462.98;1963.548;22.98;523.548;281.214
2968.2;1;El Conquistador;final;1585.863;2848.396;145.863;1408.396;82.337
2969;1;El Conquistador;final;921.62;1381.734;921.62;1381.734;302.9
2969.1;1;El Conquistador;final;1295.509;2245.278;1295.509;805.278;172.004
2970;1;El Conquistador;final;706.033;1401.734;706.033;1401.734;306.866
2970.1;1;El Conquistador;final;1467.883;2011.734;27.883;571.734;307.346
2970.2;1;El Conquistador;final;1537.478;2771.734;97.478;1331.734;97.152
2971;1;El Conquistador;final;959.309;1421.734;959.309;1421.734;309.558
2971.1;1;El Conquistador;final;1192.273;2373.284;1192.273;933.284;90.717
2972;1;El Conquistador;final;517.034;1511.734;517.034;71.734;181.644
2973;1;El Conquistador;final;1171.793;1776.234;1171.793;336.234;261.831
2974;1;El Conquistador;final;1182.728;1792.567;1182.728;352.567;248.587
2974.1;1;El Conquistador;final;1477.857;2563.943;37.857;1123.943;144.656
2975;1;El Conquistador;final;1267.202;1800.734;1267.202;360.734;284.185
2976;1;El Conquistador;final;1257.007;1808.9;1257.007;368.9;274.921
2977;1;El Conquistador;final;1331.771;1817.067;1331.771;377.067;297.45
2977.1;1;El Conquistador;final;1421.003;2741.748;1421.003;1301.748;52.075
2978;1;El Conquistador;final;1330.119;1825.234;1330.119;385.234;293.21
2978.1;1;El Conquistador;final;1552.478;2710.943;112.478;1270.943;124.589
2979;1;El Conquistador;final;1274.107;1931.734;1274.107;491.734;252.483
2980;1;El Conquistador;final;628.6;1413.179;628.6;1413.179;282.909
2980.1;1;El Conquistador;final;1309.336;1994.233;1309.336;554.233;278.418
2981;1;El Conquistador;intermedia;805.484;837.0;805.484;837.0;286.757
2981;2;El Conquistador;final;1046.353;1443.179;1046.353;3.179;86.516
2981.1;1;El Conquistador;final;1362.703;2478.779;1362.703;1038.779;122.677
2982;1;El Conquistador;intermedia;835.484;863.0;835.484;863.0;286.97
2982;2;El Conquistador;final;1072.803;1473.33;1072.803;33.33;86.516
2982.1;1;El Conquistador;final;1358.337;2491.379;1358.337;1051.379;121.968
2983;1;El Conquistador;final;1314.967;1763.33;1314.967;323.33;287.676
2984;1;El Conquistador;final;1254.834;1773.33;1254.834;333.33;285.591
2985;1;El Conquistador;final;1233.067;1783.33;1233.067;343.33;283.874
2985.1;1;El Conquistador;final;1276.636;2570.533;1276.636;1130.533;82.715
2986;1;El Conquistador;final;1303.34;1793.33;1303.34;353.33;296.32
2986.1;1;El Conquistador;final;1417.461;2717.885;1417.461;1277.885;61.31
2987;1;El Conquistador;final;1331.94;1803.179;1331.94;363.179;297.362
2987.1;1;El Conquistador;final;1484.784;2766.455;44.784;1326.455;72.633
2988;1;El Conquistador;final;1326.834;1810.095;1326.834;370.095;275.228
2989;1;El Conquistador;final;1269.067;1817.012;1269.067;377.012;283.198
2989.1;1;El Conquistador;final;1495.24;2613.83;55.24;1173.83;161.9
2990;1;El Conquistador;final;1158.286;1823.929;1158.286;383.929;219.671
2991;1;El Conquistador;final;1277.634;1844.679;1277.634;404.679;283.198
2991.1;1;El Conquistador;final;1320.236;2614.133;1320.236;1174.133;82.715
2992;1;El Conquistador;final;1370.487;1886.179;1370.487;446.179;287.664
2993;1;El Conquistador;final;1303.334;1893.179;1303.334;453.179;283.198
2994;1;El Conquistador;final;577.636;1384.233;577.636;1384.233;282.314
2994.1;1;El Conquistador;final;1455.24;1971.941;15.24;531.941;298.01
2995;1;El Conquistador;intermedia;691.236;793.0;691.236;793.0;285.053
2995;2;El Conquistador;final;1358.469;1414.233;1358.469;1414.233;219.671
2996;1;El Conquistador;intermedia;699.403;803.0;699.403;803.0;283.85
2996;2;El Conquistador;final;1302.834;1443.83;1302.834;3.83;184.121
2997;1;El Conquistador;final;1270.786;1728.83;1270.786;288.83;287.037
2997.1;1;El Conquistador;final;1452.354;2665.83;12.354;1225.83;122.182
2998;1;El Conquistador;final;1255.786;1736.33;1255.786;296.33;287.037
2999;1;El Conquistador;final;1222.136;1751.33;1222.136;311.33;283.235
2999.1;1;El Conquistador;final;1380.953;2619.191;1380.953;1179.191;116.827
3000;1;El Conquistador;final;1254.836;1758.83;1254.836;318.83;283.235
3001;1;El Conquistador;final;1265.736;1766.33;1265.736;326.33;283.235
3002;1;El Conquistador;final;556.569;1774.233;556.569;334.233;86.516
3003;1;El Conquistador;final;1243.936;1784.233;1243.936;344.233;282.22
3003.1;1;El Conquistador;final;1389.0;2643.112;1389.0;1203.112;85.41
3004;1;El Conquistador;final;1279.34;1789.233;1279.34;349.233;263.286
3005;1;El Conquistador;final;576.569;1794.233;576.569;354.233;86.516
3006;1;El Conquistador;final;581.569;1799.233;581.569;359.233;86.516
3007;1;El Conquistador;final;1430.311;1819.233;1430.311;379.233;312.282
3008;1;El Conquistador;final;1264.003;1859.233;1264.003;419.233;185.227
3009;1;El Conquistador;final;1242.853;1864.233;1242.853;424.233;185.227
3010;1;El Conquistador;final;1335.986;1888.733;1335.986;448.733;284.305
3010.1;1;El Conquistador;final;1440.85;2733.124;0.85;1293.124;83.361
3011;1;El Conquistador;final;1313.503;1905.066;1313.503;465.066;282.22
3011.1;1;El Conquistador;final;1437.987;2710.83;1437.987;1270.83;85.956
3012;1;El Conquistador;final;1534.194;2456.733;94.194;1016.733;211.487
3013;1;El Conquistador;final;1465.687;2529.483;25.687;1089.483;186.935
3014;1;El Conquistador;final;1291.34;1753.33;1291.34;313.33;298.043
3014.1;1;El Conquistador;final;1435.24;2705.035;1435.24;1265.035;73.731
3015;1;El Conquistador;final;1258.267;1763.33;1258.267;323.33;285.596
3015.1;1;El Conquistador;final;1341.553;2592.933;1341.553;1152.933;86.516
3016;1;El Conquistador;final;559.636;1773.33;559.636;333.33;117.471
3017;1;El Conquistador;final;568.636;1783.33;568.636;343.33;117.471
3018;1;El Conquistador;final;1255.367;1803.191;1255.367;363.191;282.867
3018.1;1;El Conquistador;final;1298.436;2592.333;1298.436;1152.333;82.715
3019;1;El Conquistador;final;1242.834;1813.191;1242.834;373.191;282.867
3019.1;1;El Conquistador;final;1505.687;2578.833;65.687;1138.833;186.935
3020;1;El Conquistador;final;1270.867;1823.191;1270.867;383.191;281.15
3020.1;1;El Conquistador;final;1355.653;2607.033;1355.653;1167.033;86.516
3021;1;El Conquistador;final;1346.94;1833.191;1346.94;393.191;293.596
3021.1;1;El Conquistador;final;1454.194;2763.635;14.194;1323.635;61.31
3022;1;El Conquistador;final;1373.4;1853.191;1373.4;413.191;280.783
3023;1;El Conquistador;final;1247.844;1863.191;1247.844;423.191;267.638
3024;1;El Conquistador;final;1286.2;1893.191;1286.2;453.191;281.15
3025;1;El Conquistador;final;1285.153;1736.33;1285.153;296.33;282.471
3026;1;El Conquistador;final;1210.786;1751.33;1210.786;311.33;284.555
3027;1;El Conquistador;final;1112.469;1758.83;1112.469;318.83;274.867
3027.1;1;El Conquistador;final;1509.604;2522.879;69.604;1082.879;185.832
3028;1;El Conquistador;final;1225.786;1766.33;1225.786;326.33;284.555
3028.1;1;El Conquistador;final;1371.867;2625.979;1371.867;1185.979;85.41
3029;1;El Conquistador;final;1203.286;1774.233;1203.286;334.233;282.22
3029.1;1;El Conquistador;final;1524.604;2600.279;84.604;1160.279;185.832
3030;1;El Conquistador;final;1292.203;1783.233;1292.203;343.233;280.136
3030.1;1;El Conquistador;final;1395.884;2688.157;1395.884;1248.157;83.361
3031;1;El Conquistador;final;1233.286;1801.233;1233.286;361.233;282.22
3031.1;1;El Conquistador;final;1350.834;2631.191;1350.834;1191.191;83.361
3032;1;El Conquistador;final;1263.286;1810.233;1263.286;370.233;282.22
3033;1;El Conquistador;final;1334.503;1855.233;1334.503;415.233;284.305
3033.1;1;El Conquistador;final;1519.02;2733.33;79.02;1293.33;122.182
3034;1;El Conquistador;final;1287.536;1897.983;1287.536;457.983;278.418
3034.1;1;El Conquistador;final;1479.02;2688.33;39.02;1248.33;122.182
3035;1;El Conquistador;final;1202.469;2474.233;1202.469;1034.233;82.715
3036;1;El Conquistador;final;1539.604;2484.233;99.604;1044.233;246.664
3037;1;El Conquistador;final;1314.834;2494.233;1314.834;1054.233;144.158
3038;1;El Conquistador;final;639.894;1467.174;639.894;27.174;219.747
3039;1;El Conquistador;final;1218.306;1647.174;1218.306;207.174;312.262
3039.1;1;El Conquistador;final;1519.021;2609.963;79.021;1169.963;163.454
3040;1;El Conquistador;final;1230.577;1747.174;1230.577;307.174;299.435
3041;1;El Conquistador;final;1320.455;1757.174;1320.455;317.174;313.565
3041.1;1;El Conquistador;final;1518.556;2704.271;78.556;1264.271;124.028
3042;1;El Conquistador;final;1278.384;1767.174;1278.384;327.174;302.979
3042.1;1;El Conquistador;final;1377.013;2677.652;1377.013;1237.652;61.138
3043;1;El Conquistador;final;1317.539;1777.174;1317.539;337.174;312.262
3044;1;El Conquistador;final;1342.955;1787.174;1342.955;347.174;313.861
3044.1;1;El Conquistador;final;1479.545;2724.271;39.545;1284.271;98.384
3045;1;El Conquistador;final;1295.517;1797.174;1295.517;357.174;297.266
3045.1;1;El Conquistador;final;1473.785;2693.751;33.785;1253.751;103.247
3046;1;El Conquistador;final;1376.206;1804.674;1376.206;364.674;312.401
3047;1;El Conquistador;final;1414.756;1812.174;1414.756;372.174;312.105
3047.1;1;El Conquistador;final;1493.922;2806.63;53.922;1366.63;67.285
3048;1;El Conquistador;final;1285.077;1819.674;1285.077;379.674;274.612
3049;1;El Conquistador;final;1281.21;1834.674;1281.21;394.674;274.908
3050;1;El Conquistador;final;1368.41;1849.674;1368.41;409.674;314.752
3051;1;El Conquistador;final;1258.984;1445.89;1258.984;5.89;293.678
3051.1;1;El Conquistador;final;1497.282;2659.978;57.282;1219.978;129.761
3052;1;El Conquistador;final;1146.838;1739.89;1146.838;299.89;275.776
3052.1;1;El Conquistador;final;1294.81;2529.271;1294.81;1089.271;86.832
3053;1;El Conquistador;final;1389.061;1751.89;1389.061;311.89;310.589
3054;1;El Conquistador;final;1232.421;1763.89;1232.421;323.89;276.073
3054.1;1;El Conquistador;final;1377.31;2611.771;1377.31;1171.771;86.832
3055;1;El Conquistador;final;1329.539;1775.89;1329.539;335.89;314.613
3055.1;1;El Conquistador;final;1535.494;2726.63;95.494;1286.63;124.797
3056;1;El Conquistador;final;1286.421;1787.14;1286.421;347.14;276.073
3056.1;1;El Conquistador;final;1479.021;2664.271;39.021;1224.271;125.489
3057;1;El Conquistador;final;1341.539;1798.39;1341.539;358.39;314.613
3057.1;1;El Conquistador;final;1532.355;2727.174;92.355;1287.174;123.852
3058;1;El Conquistador;final;1326.234;1809.64;1326.234;369.64;301.365
3058.1;1;El Conquistador;final;1391.772;2721.716;1391.772;1281.716;51.917
3059;1;El Conquistador;final;1382.839;1820.89;1382.839;380.89;314.317
3059.1;1;El Conquistador;final;1495.494;2767.174;55.494;1327.174;85.195
3060;1;El Conquistador;final;1287.039;1832.14;1287.039;392.14;299.139
3060.1;1;El Conquistador;final;1364.839;2672.63;1364.839;1232.63;67.285
3061;1;El Conquistador;final;1347.31;1915.89;1347.31;475.89;277.26
3061.1;1;El Conquistador;final;1501.2;2695.89;61.2;1255.89;111.652
3062;1;El Conquistador;final;1365.539;1925.89;1365.539;485.89;274.769
3062.1;1;El Conquistador;final;1552.822;2747.174;112.822;1307.174;122.392
3063;1;Vespucio Norte;final;1290.032;1798.349;1290.032;358.349;293.152
3064;1;Vespucio Norte;final;540.813;1806.516;540.813;366.516;61.279
3065;1;Vespucio Norte;final;1305.515;1814.683;1305.515;374.683;275.812
3065.1;1;Vespucio Norte;final;1499.048;2692.349;59.048;1252.349;120.133
3066;1;Vespucio Norte;final;1309.398;1822.849;1309.398;382.849;286.894
3067;1;Vespucio Norte;final;565.313;1831.016;565.313;391.016;61.279
3068;1;Vespucio Norte;final;1274.332;1847.349;1274.332;407.349;252.492
3069;1;Vespucio Norte;final;1168.028;1855.516;1168.028;415.516;222.141
3070;1;Vespucio Norte;final;1334.279;1863.683;1334.279;423.683;297.096
3070.1;1;Vespucio Norte;final;1480.346;2710.054;40.346;1270.054;114.527
3071;1;Vespucio Norte;final;606.146;1871.849;606.146;431.849;61.279
3072;1;Vespucio Norte;final;1287.515;1880.016;1287.515;440.016;252.492
3072.1;1;Vespucio Norte;final;1484.048;2674.349;44.048;1234.349;120.133
3073;1;Vespucio Norte;final;1345.098;1888.183;1345.098;448.183;252.492
3074;1;Vespucio Norte;final;1261.398;1888.349;1261.398;448.349;239.502
3075;1;Vespucio Norte;final;1285.398;2518.349;1285.398;1078.349;83.824
3076;1;Vespucio Norte;final;1290.532;1792.07;1290.532;352.07;287.793
3077;1;Vespucio Norte;final;1332.248;1837.037;1332.248;397.037;294.525
3077.1;1;Vespucio Norte;final;1408.896;2731.33;1408.896;1291.33;44.952
3078;1;Vespucio Norte;final;1325.548;1859.52;1325.548;419.52;282.04
3078.1;1;Vespucio Norte;final;1514.048;2710.349;74.048;1270.349;120.133
3079;1;Vespucio Norte;final;1272.78;1882.004;1272.78;442.004;255.568
3080;1;Vespucio Norte;final;1264.105;1882.07;1264.105;442.07;244.681
3081;1;Vespucio Norte;final;1293.515;1894.92;1293.515;454.92;247.134
3082;1;Vespucio Norte;final;1034.029;1468.349;1034.029;28.349;297.096
3082.1;1;Vespucio Norte;final;1370.732;2440.021;1370.732;1000.021;163.954
3083;1;Vespucio Norte;final;1257.232;1576.349;1257.232;136.349;308.193
3084;1;Vespucio Norte;final;1130.679;1630.349;1130.679;190.349;306.158
3084.1;1;Vespucio Norte;final;1502.782;2510.954;62.782;1070.954;204.613
3085;1;Vespucio Norte;final;1178.098;1684.349;1178.098;244.349;284.874
3085.1;1;Vespucio Norte;final;1393.232;2568.349;1393.232;1128.349;120.133
3086;1;Vespucio Norte;final;1292.905;1738.349;1292.905;298.349;305.74
3087;1;Vespucio Norte;final;1288.105;1743.349;1288.105;303.349;292.75
3088;1;Vespucio Norte;final;1211.43;1748.349;1211.43;308.349;293.308
3088.1;1;Vespucio Norte;final;1443.532;2596.07;3.532;1156.07;129.28
3089;1;Vespucio Norte;final;1311.515;1753.349;1311.515;313.349;308.193
3089.1;1;Vespucio Norte;final;1458.532;2698.349;18.532;1258.349;96.814
3090;1;Vespucio Norte;final;1238.898;1758.349;1238.898;318.349;284.874
3090.1;1;Vespucio Norte;final;1409.348;2626.349;1409.348;1186.349;96.814
3091;1;Vespucio Norte;final;1240.132;1763.349;1240.132;323.349;284.874
3091.1;1;Vespucio Norte;final;1454.048;2628.349;14.048;1188.349;120.133
3092;1;Vespucio Norte;final;1152.398;1768.349;1152.398;328.349;261.555
3092.1;1;Vespucio Norte;final;1359.482;2538.349;1359.482;1098.349;120.133
3093;1;Vespucio Norte;final;1249.798;1773.349;1249.798;333.349;284.874
3093.1;1;Vespucio Norte;final;1491.922;2638.349;51.922;1198.349;140.999
3094;1;Vespucio Norte;final;1341.515;1778.349;1341.515;338.349;308.193
3094.1;1;Vespucio Norte;final;1488.532;2728.349;48.532;1288.349;96.814
3095;1;Vespucio Norte;final;1347.515;1783.349;1347.515;343.349;308.193
3096;1;Vespucio Norte;final;1348.232;1788.349;1348.232;348.349;308.193
3097;1;Vespucio Norte;final;1273.398;1793.349;1273.398;353.349;271.884
3098;1;Vespucio Norte;final;602.449;1798.349;602.449;358.349;90.082
3099;1;Vespucio Norte;final;611.015;1806.916;611.015;366.916;90.082
3100;1;Vespucio Norte;final;615.299;1811.199;615.299;371.199;90.082
3101;1;Vespucio Norte;final;1310.032;1815.483;1310.032;375.483;278.142
3102;1;Vespucio Norte;final;1319.398;1824.049;1319.398;384.049;284.874
3103;1;Vespucio Norte;final;632.432;1828.333;632.432;388.333;90.082
3104;1;Vespucio Norte;final;1378.896;1832.616;1378.896;392.616;293.928
3104.1;1;Vespucio Norte;final;1432.579;2812.415;1432.579;1372.415;33.489
3105;1;Vespucio Norte;final;1166.032;1841.183;1166.032;401.183;214.163
3106;1;Vespucio Norte;final;1318.263;1845.466;1318.263;405.466;306.158
3106.1;1;Vespucio Norte;final;1396.498;2697.154;1396.498;1257.154;69.924
3107;1;Vespucio Norte;final;1283.305;1849.749;1283.305;409.749;269.431
3107.1;1;Vespucio Norte;final;1523.789;2661.819;83.789;1221.819;143.732
3108;1;Vespucio Norte;final;1401.695;1858.316;1401.695;418.316;310.03
3109;1;Vespucio Norte;final;1329.515;1862.599;1329.515;422.599;284.874
3110;1;Vespucio Norte;final;1271.598;1866.883;1271.598;426.883;261.555
3110.1;1;Vespucio Norte;final;1469.048;2656.349;29.048;1216.349;120.133
3111;1;Vespucio Norte;final;1424.048;1875.449;1424.048;435.449;308.193
3111.1;1;Vespucio Norte;final;1542.782;2808.349;102.782;1368.349;90.082
3112;1;Vespucio Norte;final;1380.532;1879.733;1380.532;439.733;278.142
3113;1;Vespucio Norte;final;1382.636;1888.299;1382.636;448.299;263.343
3114;1;Vespucio Norte;final;1260.698;1888.349;1260.698;448.349;261.555
3115;1;Vespucio Norte;final;1296.699;2498.349;1296.699;1058.349;90.082
3116;1;Vespucio Norte;final;1584.626;2518.349;144.626;1078.349;217.775
3117;1;Vespucio Norte;final;1171.732;1788.735;1171.732;348.735;253.373
3117.1;1;Vespucio Norte;final;1537.655;2558.349;97.655;1118.349;197.332
3118;1;Vespucio Norte;final;1195.232;1796.901;1195.232;356.901;253.373
3119;1;Vespucio Norte;final;1212.365;1805.068;1212.365;365.068;253.373
3119.1;1;Vespucio Norte;final;1426.982;2598.349;1426.982;1158.349;120.133
3120;1;Vespucio Norte;final;1321.398;1813.235;1321.398;373.235;278.207
3121;1;El Conquistador;final;1270.421;1710.152;1270.421;270.152;280.123
3121.1;1;El Conquistador;final;1524.171;2598.152;84.171;1158.152;152.703
3122;1;El Conquistador;final;1201.425;1730.152;1201.425;290.152;271.112
3122.1;1;El Conquistador;final;1447.375;2582.01;7.375;1142.01;123.238
3123;1;El Conquistador;final;1292.221;1750.152;1292.221;310.152;266.578
3124;1;El Conquistador;final;1314.021;1770.152;1314.021;330.152;266.701
3125;1;El Conquistador;final;1432.502;1780.152;1432.502;340.152;310.402
3125.1;1;El Conquistador;final;1560.005;2835.576;120.005;1395.576;81.501
3126;1;El Conquistador;final;1255.925;1790.152;1255.925;350.152;271.112
3126.1;1;El Conquistador;final;1457.408;2636.61;17.408;1196.61;117.348
3127;1;El Conquistador;final;1374.521;1800.152;1374.521;360.152;288.677
3128;1;El Conquistador;final;1384.521;1810.152;1384.521;370.152;189.03
3129;1;El Conquistador;final;1546.797;1820.152;106.797;380.152;275.065
3130;1;El Conquistador;final;1552.247;1830.152;112.247;390.152;249.315
3131;1;El Conquistador;final;1323.533;1840.152;1323.533;400.152;155.739
3132;1;El Conquistador;final;1366.617;1850.152;1366.617;410.152;169.396
3133;1;El Conquistador;final;1456.488;2370.152;16.488;930.152;189.03
3134;1;El Conquistador;final;1237.721;2394.152;1237.721;954.152;99.73
3135;1;Los Espinos;final;533.555;1382.332;533.555;1382.332;253.392
3136;1;Los Espinos;final;703.78;1412.332;703.78;1412.332;307.154
3136.1;1;Los Espinos;final;1436.996;2142.964;1436.996;702.964;239.151
3137;1;Los Espinos;final;698.977;1442.332;698.977;2.332;300.473
3137.1;1;Los Espinos;final;1387.961;2139.292;1387.961;699.292;239.786
3138;1;Los Espinos;final;871.075;1472.332;871.075;32.332;305.492
3138.1;1;Los Espinos;final;1500.958;2250.432;60.958;810.432;251.746
3139;1;Los Espinos;final;899.358;1502.332;899.358;62.332;305.797
3139.1;1;Los Espinos;final;1535.225;2269.165;95.225;829.165;259.014
3140;1;Los Espinos;final;852.841;1388.457;852.841;1388.457;305.381
3140.1;1;Los Espinos;final;1209.622;2314.521;1209.622;874.521;125.924
3141;1;Los Espinos;final;727.258;1418.457;727.258;1418.457;304.003
3141.1;1;Los Espinos;final;1297.742;2102.332;1297.742;662.332;201.44
3142;1;Los Espinos;final;772.258;1448.457;772.258;8.457;304.003
3142.1;1;Los Espinos;final;1569.492;2147.332;129.492;707.332;301.973
3143;1;Los Espinos;final;1332.181;1478.457;1332.181;38.457;307.892
3143.1;1;Los Espinos;final;1452.211;2689.658;12.211;1249.658;90.526
3144;1;Vespucio Norte;final;1217.332;1738.349;1217.332;298.349;284.874
3144.1;1;Vespucio Norte;final;1370.548;2604.016;1370.548;1164.016;84.329
3145;1;Vespucio Norte;final;1222.263;1746.916;1222.263;306.916;306.158
3145.1;1;Vespucio Norte;final;1304.298;2598.154;1304.298;1158.154;69.924
3146;1;Vespucio Norte;final;1215.35;1755.483;1215.35;315.483;309.072
3146.1;1;Vespucio Norte;final;1262.113;2620.11;1262.113;1180.11;32.691
3147;1;Vespucio Norte;final;1262.932;1764.049;1262.932;324.049;284.874
3148;1;Vespucio Norte;final;1216.699;1772.616;1216.699;332.616;302.214
3148.1;1;Vespucio Norte;final;1299.515;2538.235;1299.515;1098.235;88.632
3149;1;Vespucio Norte;final;1245.515;1781.183;1245.515;341.183;284.874
3150;1;Vespucio Norte;final;1237.596;1789.749;1237.596;349.749;288.776
3151;1;Vespucio Norte;final;1372.972;1798.316;1372.972;358.316;249.534
3152;1;Vespucio Norte;final;1274.113;1798.349;1274.113;358.349;304.105
3152.1;1;Vespucio Norte;final;1504.896;2707.56;64.896;1267.56;104.666
3153;1;Vespucio Norte;final;538.663;1803.966;538.663;363.966;70.706
3154;1;Vespucio Norte;final;1297.279;1809.583;1297.279;369.583;280.038
3154.1;1;Vespucio Norte;final;1410.163;2729.663;1410.163;1289.663;51.221
3155;1;Vespucio Norte;final;549.896;1815.199;549.896;375.199;70.706
3156;1;Vespucio Norte;final;555.513;1820.816;555.513;380.816;70.706
3157;1;Vespucio Norte;final;1307.046;1826.433;1307.046;386.433;293.308
3158;1;Vespucio Norte;final;566.746;1832.049;566.746;392.049;70.706
3159;1;Vespucio Norte;final;1323.515;1837.666;1323.515;397.666;284.874
3160;1;Vespucio Norte;final;577.979;1843.283;577.979;403.283;70.706
3161;1;Vespucio Norte;final;1307.305;1848.899;1307.305;408.899;269.431
3162;1;Vespucio Norte;final;589.213;1854.516;589.213;414.516;70.706
3163;1;Vespucio Norte;final;594.829;1860.133;594.829;420.133;70.706
3164;1;Vespucio Norte;final;1324.18;1865.749;1324.18;425.749;280.318
3165;1;Vespucio Norte;final;1257.515;1876.983;1257.515;436.983;261.555
3166;1;Vespucio Norte;final;622.913;1888.216;622.913;448.216;70.706
3167;1;Vespucio Norte;final;1360.522;1888.349;1360.522;448.349;295.885
3167.1;1;Vespucio Norte;final;1478.789;2741.119;38.789;1301.119;87.4
3168;1;Vespucio Norte;final;606.063;1780.054;606.063;340.054;114.527
3169;1;Vespucio Norte;final;617.296;1790.054;617.296;350.054;114.527
3170;1;Santa Rosa;final;1232.136;1693.115;1232.136;253.115;309.038
3170.1;1;Santa Rosa;final;1520.746;2660.881;80.746;1220.881;137.568
3171;1;Santa Rosa;final;1251.586;1703.115;1251.586;263.115;295.653
3172;1;Santa Rosa;final;535.59;1713.115;535.59;273.115;107.906
3173;1;Santa Rosa;final;1252.019;1723.115;1252.019;283.115;291.335
3173.1;1;Santa Rosa;final;1373.563;2680.881;1373.563;1240.881;55.079
3174;1;Santa Rosa;final;1300.302;1733.115;1300.302;293.115;289.56
3174.1;1;Santa Rosa;final;1384.565;2727.714;1384.565;1287.714;37.927
3175;1;Santa Rosa;final;1310.736;1743.115;1310.736;303.115;313.605
3176;1;Santa Rosa;final;484.403;1753.115;484.403;313.115;73.157
3177;1;Santa Rosa;final;1179.54;1764.365;1179.54;324.365;240.55
3178;1;Santa Rosa;final;1199.715;1843.115;1199.715;403.115;242.575
3179;1;Santa Rosa;final;529.403;1780.132;529.403;340.132;75.519
3180;1;El Conquistador;final;1374.509;1793.585;1374.509;353.585;175.178
3181;1;El Conquistador;final;1203.452;1815.502;1203.452;375.502;83.53
3182;1;El Conquistador;final;1209.752;1822.419;1209.752;382.419;83.53
3183;1;El Conquistador;final;1543.163;1829.335;103.163;389.335;210.844
3184;1;El Conquistador;final;1254.68;1836.252;1254.68;396.252;99.016
3185;1;El Conquistador;final;1477.478;1857.002;37.478;417.002;180.369
3186;1;El Conquistador;final;1260.536;1863.919;1260.536;423.919;83.53
3187;1;El Conquistador;final;1527.882;1870.835;87.882;430.835;195.65
3188;1;El Conquistador;final;1350.68;1884.669;1350.68;444.669;99.016
3189;1;El Conquistador;final;1342.984;1891.585;1342.984;451.585;110.916
3190;1;El Conquistador;final;1474.963;1898.502;34.963;458.502;160.64
3191;1;El Conquistador;final;1305.209;1898.585;1305.209;458.585;74.454
3192;1;El Conquistador;final;1352.475;2595.466;1352.475;1155.466;71.55
3193;1;El Conquistador;final;1291.697;2607.466;1291.697;1167.466;45.86
3194;1;El Conquistador;final;1292.947;2619.466;1292.947;1179.466;45.86
3195;1;El Conquistador;final;1483.233;2649.466;43.233;1209.466;110.159
3196;1;El Conquistador;final;1352.947;2679.466;1352.947;1239.466;45.86
3197;1;El Conquistador;final;1359.962;1815.584;1359.962;375.584;310.787
3197.1;1;El Conquistador;final;1474.701;2762.734;34.701;1322.734;73.004
3198;1;El Conquistador;intermedia;678.236;1178.0;678.236;1178.0;264.08
3198;2;El Conquistador;final;1584.171;1441.445;144.171;1.445;201.534
3199;1;El Conquistador;final;1193.149;1576.445;1193.149;136.445;306.124
3200;1;El Conquistador;final;1180.671;1711.445;1180.671;271.445;305.622
3201;1;El Conquistador;final;1297.791;1720.012;1297.791;280.012;298.294
3201.1;1;El Conquistador;final;1517.408;2681.61;77.408;1241.61;120.514
3202;1;El Conquistador;final;1227.962;1728.579;1227.962;288.579;287.531
3202.1;1;El Conquistador;final;1529.917;2631.734;89.917;1191.734;146.396
3203;1;El Conquistador;final;1309.322;1737.145;1309.322;297.145;265.317
3204;1;El Conquistador;final;1256.579;1745.712;1256.579;305.712;288.067
3204.1;1;El Conquistador;final;1396.164;2655.584;1396.164;1215.584;77.254
3205;1;El Conquistador;final;1347.491;1754.279;1347.491;314.279;215.109
3206;1;El Conquistador;final;1232.579;1762.845;1232.579;322.845;287.079
3206.1;1;El Conquistador;final;1549.701;2642.551;109.701;1202.551;146.848
3207;1;El Conquistador;final;1180.017;1771.412;1180.017;331.412;267.722
3208;1;El Conquistador;final;1179.384;1771.445;1179.384;331.445;266.437
3209;1;El Conquistador;final;1228.547;1778.362;1228.547;338.362;268.049
3210;1;El Conquistador;final;1239.351;1785.279;1239.351;345.279;268.541
3211;1;El Conquistador;final;1228.017;1792.195;1228.017;352.195;268.258
3212;1;El Conquistador;final;1246.981;1806.029;1246.981;366.029;270.686
3213;1;El Conquistador;final;1274.631;1812.945;1274.631;372.945;268.502
3214;1;El Conquistador;final;1316.579;1819.862;1316.579;379.862;282.707
3214.1;1;El Conquistador;final;1441.584;2717.734;1.584;1277.734;74.739
3215;1;El Conquistador;final;1377.021;1833.695;1377.021;393.695;300.06
3216;1;El Conquistador;final;1283.847;1840.612;1283.847;400.612;270.32
3217;1;El Conquistador;final;1333.766;1847.529;1333.766;407.529;175.264
3218;1;El Conquistador;final;1273.234;1854.445;1273.234;414.445;261.698
3219;1;El Conquistador;final;1330.612;1861.362;1330.612;421.362;289.18
3219.1;1;El Conquistador;final;1504.796;2732.734;64.796;1292.734;96.283
3220;1;El Conquistador;final;1344.962;1861.445;1344.962;421.445;287.531
3220.1;1;El Conquistador;final;1459.701;2747.734;19.701;1307.734;73.004
3221;1;El Conquistador;final;1380.522;1895.195;1380.522;455.195;300.284
3222;1;El Conquistador;final;1316.834;1906.445;1316.834;466.445;266.353
3223;1;El Conquistador;final;1414.646;1940.195;1414.646;500.195;281.888
3223.1;1;El Conquistador;final;1534.701;2822.734;94.701;1382.734;73.004
3224;1;El Conquistador;final;1145.417;1951.445;1145.417;511.445;192.143
3225;1;El Conquistador;final;1444.701;2371.379;4.701;931.379;190.944
3226;1;El Conquistador;final;1263.434;2371.445;1263.434;931.445;123.123
3227;1;El Conquistador;final;1287.434;2401.445;1287.434;961.445;123.123
3228;1;El Conquistador;final;1458.83;1759.507;18.83;319.507;287.304
3229;1;El Conquistador;final;1407.43;1771.507;1407.43;331.507;258.653
3230;1;La Reina;final;1168.626;1753.259;1168.626;313.259;226.221
3231;1;La Reina;final;1375.538;1838.192;1375.538;398.192;314.094
3232;1;La Reina;final;1205.465;1883.259;1205.465;443.259;226.92
3233;1;La Reina;final;1296.519;1767.148;1296.519;327.148;304.205
3233.1;1;La Reina;final;1536.288;2697.108;96.288;1257.108;119.632
3234;1;La Reina;final;1313.85;1774.648;1313.85;334.648;297.036
3235;1;La Reina;final;1374.035;1782.148;1374.035;342.148;307.983
3236;1;La Reina;final;1257.181;1789.648;1257.181;349.648;278.632
3237;1;La Reina;final;1332.063;1797.148;1332.063;357.148;253.028
3238;1;La Reina;final;1203.479;1804.648;1203.479;364.648;207.969
3239;1;La Reina;final;1357.584;1819.648;1357.584;379.648;312.085
3239.1;1;La Reina;final;1528.817;2658.357;88.817;1218.357;159.007
3240;1;La Reina;final;1516.388;1833.848;76.388;393.848;313.658
3241;1;La Reina;final;1496.288;1852.781;56.288;412.781;296.89
3242;1;La Reina;final;1141.193;1857.514;1141.193;417.514;235.707
3243;1;La Reina;final;1358.712;1862.248;1358.712;422.248;151.651
3244;1;La Reina;final;1238.035;1876.448;1238.035;436.448;214.072
3245;1;La Reina;final;1236.063;1890.648;1236.063;450.648;203.246
3246;1;El Conquistador;final;1133.553;1473.284;1133.553;33.284;305.977
3246.1;1;El Conquistador;final;1252.893;2447.061;1252.893;1007.061;86.44
3247;1;El Conquistador;final;1259.434;1689.284;1259.434;249.284;275.92
3248;1;El Conquistador;final;1279.45;1743.284;1279.45;303.284;273.266
3249;1;El Conquistador;final;1164.067;1748.734;1164.067;308.734;274.99
3249.1;1;El Conquistador;final;1393.952;2477.933;1393.952;1037.933;138.379
3250;1;El Conquistador;final;1207.293;1754.184;1207.293;314.184;279.71
3251;1;El Conquistador;final;1268.671;1759.634;1268.671;319.634;308.282
3251.1;1;El Conquistador;final;1444.251;2599.445;4.251;1159.445;123.123
3252;1;El Conquistador;final;1295.963;1765.084;1295.963;325.084;289.728
3253;1;El Conquistador;final;1305.576;1770.534;1305.576;330.534;297.89
3254;1;El Conquistador;final;1342.791;1775.984;1342.791;335.984;299.553
3254.1;1;El Conquistador;final;1481.296;2726.61;41.296;1286.61;91.057
3255;1;El Conquistador;final;551.103;1781.434;551.103;341.434;85.884
3256;1;El Conquistador;final;1223.385;1786.884;1223.385;346.884;282.536
3257;1;El Conquistador;final;1327.925;1792.334;1327.925;352.334;297.643
3257.1;1;El Conquistador;final;1534.551;2715.648;94.551;1275.648;112.599
3258;1;El Conquistador;final;1332.726;1803.284;1332.726;363.284;282.091
3259;1;El Conquistador;final;1363.009;1807.567;1363.009;367.567;284.909
3259.1;1;El Conquistador;final;1546.293;2757.284;106.293;1317.284;108.091
3260;1;El Conquistador;final;611.587;1811.851;611.587;371.851;85.884
3261;1;El Conquistador;final;615.87;1816.134;615.87;376.134;85.884
3262;1;El Conquistador;final;1381.584;1820.417;1381.584;380.417;290.483
3263;1;El Conquistador;final;1303.15;1824.701;1303.15;384.701;267.231
3264;1;El Conquistador;final;1411.584;1828.984;1411.584;388.984;290.483
3265;1;El Conquistador;final;637.287;1837.551;637.287;397.551;85.884
3266;1;El Conquistador;final;1235.092;1841.834;1235.092;401.834;248.137
3267;1;El Conquistador;final;1444.292;1846.117;4.292;406.117;301.032
3268;1;El Conquistador;final;1277.586;1854.684;1277.586;414.684;265.278
3269;1;El Conquistador;final;1247.836;1876.101;1247.836;436.101;242.553
3270;1;El Conquistador;final;1272.659;1884.667;1272.659;444.667;262.736
3271;1;El Conquistador;final;1403.949;1893.234;1403.949;453.234;271.468
3271.1;1;El Conquistador;final;1526.03;2801.817;86.03;1361.817;75.651
3272;1;El Conquistador;final;1303.362;1893.284;1303.362;453.284;265.491
3273;1;El Conquistador;final;1302.43;1911.284;1302.43;471.284;244.784
3274;1;El Conquistador;final;1267.67;1920.284;1267.67;480.284;257.503
3275;1;El Conquistador;final;1372.196;1938.284;1372.196;498.284;273.793
3276;1;El Conquistador;final;642.334;1365.861;642.334;1365.861;290.857
3276.1;1;El Conquistador;final;1430.701;2056.879;1430.701;616.879;230.201
3277;1;El Conquistador;final;735.634;1395.861;735.634;1395.861;270.552
3277.1;1;El Conquistador;final;1401.97;2171.029;1401.97;731.029;219.69
3278;1;El Conquistador;final;1220.542;1773.861;1220.542;333.861;264.857
3279;1;El Conquistador;final;1285.237;1782.861;1285.237;342.861;296.675
3279.1;1;El Conquistador;final;1551.533;2590.433;111.533;1150.433;164.109
3280;1;El Conquistador;final;1271.559;1791.861;1271.559;351.861;258.114
3281;1;El Conquistador;final;1264.795;1800.861;1264.795;360.861;257.97
3281.1;1;El Conquistador;final;1426.352;2652.824;1426.352;1212.824;94.81
3282;1;El Conquistador;final;1351.725;1809.861;1351.725;369.861;312.664
3282.1;1;El Conquistador;final;1553.251;2755.413;113.251;1315.413;104.761
3283;1;El Conquistador;final;1356.359;1743.049;1356.359;303.049;299.693
3283.1;1;El Conquistador;final;1530.959;2717.43;90.959;1277.43;106.013
3284;1;El Conquistador;final;435.177;1755.049;435.177;315.049;50.022
3285;1;El Conquistador;final;1385.942;1767.049;1385.942;327.049;299.693
3285.1;1;El Conquistador;final;1449.61;2751.697;9.61;1311.697;64.994
3286;1;El Conquistador;final;1389.068;1779.049;1389.068;339.049;269.143
3287;1;El Conquistador;final;471.177;1791.049;471.177;351.049;50.022
3288;1;El Conquistador;final;504.01;1803.049;504.01;363.049;50.022
3289;1;El Conquistador;final;515.26;1814.299;515.26;374.299;50.022
3290;1;El Conquistador;final;526.51;1825.549;526.51;385.549;50.022
3291;1;El Conquistador;final;537.76;1836.799;537.76;396.799;50.022
3292;1;El Conquistador;final;549.01;1848.049;549.01;408.049;50.022
3293;1;El Conquistador;final;560.26;1859.299;560.26;419.299;50.022
3294;1;El Conquistador;final;1198.008;1870.549;1198.008;430.549;167.134
3295;1;El Conquistador;final;1475.434;1881.799;35.434;441.799;299.426
3296;1;El Conquistador;final;1309.902;1893.049;1309.902;453.049;194.869
3297;1;El Conquistador;final;1213.484;1938.049;1213.484;498.049;180.695
3298;1;El Conquistador;final;515.593;1468.463;515.593;28.463;202.627
3299;1;El Conquistador;final;1125.586;1738.463;1125.586;298.463;244.338
3299.1;1;El Conquistador;final;1292.369;2522.571;1292.369;1082.571;104.375
3300;1;El Conquistador;final;1274.434;1743.463;1274.434;303.463;272.301
3301;1;El Conquistador;final;1282.851;1748.463;1282.851;308.463;285.809
3302;1;El Conquistador;final;1292.896;1753.463;1292.896;313.463;283.907
3303;1;El Conquistador;final;1286.23;1758.463;1286.23;318.463;275.907
3304;1;El Conquistador;final;1204.947;1763.463;1204.947;323.463;250.361
3305;1;El Conquistador;final;1249.083;1768.463;1249.083;328.463;291.452
3306;1;El Conquistador;final;1306.23;1773.463;1306.23;333.463;275.907
3307;1;El Conquistador;final;1327.495;1778.463;1327.495;338.463;269.339
3307.1;1;El Conquistador;final;1509.559;2714.105;69.559;1274.105;104.258
3308;1;El Conquistador;final;1422.825;1783.463;1422.825;343.463;310.166
3309;1;El Conquistador;final;1343.083;1788.463;1343.083;348.463;274.991
3310;1;El Conquistador;final;1343.441;1793.463;1343.441;353.463;281.289
3310.1;1;El Conquistador;final;1526.692;2728.548;86.692;1288.548;102.99
3311;1;El Conquistador;final;1363.196;1798.463;1363.196;358.463;281.724
3312;1;El Conquistador;final;1359.308;1802.363;1359.308;362.363;286.379
3313;1;El Conquistador;final;603.247;1806.263;603.247;366.263;82.647
3314;1;El Conquistador;final;1370.051;1810.163;1370.051;370.163;278.118
3314.1;1;El Conquistador;final;1485.869;2762.638;45.869;1322.638;104.375
3315;1;El Conquistador;final;1305.291;1814.063;1305.291;374.063;284.298
3315.1;1;El Conquistador;final;1534.479;2691.374;94.479;1251.374;129.123
3316;1;El Conquistador;final;1318.83;1817.963;1318.83;377.963;256.178
3317;1;El Conquistador;final;1265.092;1821.863;1265.092;381.863;268.696
3318;1;El Conquistador;final;1306.747;1825.763;1306.747;385.763;253.164
3319;1;El Conquistador;final;1366.23;1829.663;1366.23;389.663;266.538
3320;1;El Conquistador;final;1348.142;1833.563;1348.142;393.563;268.509
3321;1;El Conquistador;final;1404.028;1837.463;1404.028;397.463;284.835
3321.1;1;El Conquistador;final;1556.519;2798.507;116.519;1358.507;94.81
3322;1;El Conquistador;final;1305.253;1841.363;1305.253;401.363;280.267
3322.1;1;El Conquistador;final;1451.215;2708.499;11.215;1268.499;78.105
3323;1;El Conquistador;final;1404.688;1845.263;1404.688;405.263;296.331
3323.1;1;El Conquistador;final;1481.669;2833.528;41.669;1393.528;39.287
3324;1;El Conquistador;final;1154.346;1849.163;1154.346;409.163;197.451
3325;1;El Conquistador;final;1314.262;1853.063;1314.262;413.063;258.011
3326;1;El Conquistador;final;1443.462;1856.963;3.462;416.963;304.169
3326.1;1;El Conquistador;final;1497.408;2747.881;57.408;1307.881;90.734
3327;1;El Conquistador;final;1172.746;1860.863;1172.746;420.863;197.451
3328;1;El Conquistador;final;1261.051;1864.763;1261.051;424.763;226.212
3329;1;El Conquistador;final;1168.146;1868.663;1168.146;428.663;189.451
3330;1;El Conquistador;final;1450.552;1872.563;10.552;432.563;300.07
3331;1;El Conquistador;final;1202.292;1876.463;1202.292;436.463;187.251
3332;1;El Conquistador;final;1356.653;1880.363;1356.653;440.363;281.017
3333;1;El Conquistador;final;1452.897;1884.263;12.897;444.263;309.625
3333.1;1;El Conquistador;final;1525.211;2858.798;85.211;1418.798;49.726
3334;1;El Conquistador;final;1390.247;1888.163;1390.247;448.163;258.671
3335;1;El Conquistador;final;1342.77;1888.463;1342.77;448.463;235.729
3336;1;El Conquistador;final;1212.295;1895.963;1212.295;455.963;200.253
3337;1;El Conquistador;final;1204.795;1903.463;1204.795;463.463;192.252
3338;1;El Conquistador;final;1462.551;1910.963;22.551;470.963;283.316
3339;1;El Conquistador;final;1237.146;1918.463;1237.146;478.463;194.649
3340;1;El Conquistador;intermedia;633.79;649.0;633.79;649.0;295.846
3340;2;El Conquistador;final;760.919;1375.233;760.919;1375.233;45.601
3340.1;1;El Conquistador;final;1445.697;2196.776;5.697;756.776;234.92
3341;1;El Conquistador;final;736.863;1405.233;736.863;1405.233;314.361
3341.1;1;El Conquistador;final;1485.503;2075.075;45.503;635.075;307.553
3342;1;El Conquistador;final;1222.772;1735.233;1222.772;295.233;310.227
3342.1;1;El Conquistador;final;1305.005;2646.711;1305.005;1206.711;53.529
3343;1;El Conquistador;final;1137.051;1745.233;1137.051;305.233;264.529
3343.1;1;El Conquistador;final;1311.101;2555.366;1311.101;1115.366;75.16
3344;1;El Conquistador;final;1092.018;1755.233;1092.018;315.233;250.373
3344.1;1;El Conquistador;final;1386.901;2498.28;1386.901;1058.28;111.291
3345;1;El Conquistador;final;1296.607;1765.233;1296.607;325.233;295.846
3345.1;1;El Conquistador;final;1352.686;2715.366;1352.686;1275.366;32.582
3346;1;El Conquistador;final;1227.295;1770.516;1227.295;330.516;248.497
3346.1;1;El Conquistador;final;1410.852;2618.074;1410.852;1178.074;94.81
3347;1;El Conquistador;final;1239.792;1775.799;1239.792;335.799;245.68
3347.1;1;El Conquistador;final;1484.718;2648.213;44.718;1208.213;111.445
3348;1;El Conquistador;final;1307.059;1781.083;1307.059;341.083;309.268
3349;1;El Conquistador;final;1246.346;1786.366;1246.346;346.366;253.387
3350;1;El Conquistador;final;1299.22;1796.933;1299.22;356.933;262.362
3351;1;El Conquistador;final;1343.616;1802.216;1343.616;362.216;285.887
3351.1;1;El Conquistador;final;1587.071;2722.993;147.071;1282.993;139.728
3352;1;El Conquistador;final;1377.653;1807.499;1377.653;367.499;308.739
3353;1;El Conquistador;final;1284.434;1812.783;1284.434;372.783;255.289
3354;1;El Conquistador;final;1264.746;1828.633;1264.746;388.633;245.386
3355;1;El Conquistador;final;1213.83;1855.233;1213.83;415.233;225.348
3356;1;El Conquistador;final;1312.896;1896.733;1312.896;456.733;245.386
3357;1;El Conquistador;final;1447.403;1903.649;7.403;463.649;293.766
3358;1;El Conquistador;final;1326.23;1910.566;1326.23;470.566;245.386
3359;1;El Conquistador;final;1311.941;1739.105;1311.941;299.105;292.321
3359.1;1;El Conquistador;final;1510.551;2699.105;70.551;1259.105;113.868
3360;1;El Conquistador;final;1232.292;1746.605;1232.292;306.605;261.893
3361;1;El Conquistador;final;1377.175;1754.105;1377.175;314.105;311.301
3362;1;El Conquistador;final;1299.563;1761.605;1299.563;321.605;282.482
3362.1;1;El Conquistador;final;1493.878;2683.463;53.878;1243.463;110.994
3363;1;El Conquistador;final;1318.009;1769.105;1318.009;329.105;277.205
3364;1;El Conquistador;final;1301.771;1776.605;1301.771;336.605;265.947
3364.1;1;El Conquistador;final;1440.212;2719.248;0.212;1279.248;69.332
3365;1;El Conquistador;final;1208.643;1784.105;1208.643;344.105;250.894
3366;1;El Conquistador;final;1339.563;1791.605;1339.563;351.605;279.989
3366.1;1;El Conquistador;final;1465.93;2728.463;25.93;1288.463;82.337
3367;1;El Conquistador;final;1269.88;1799.105;1269.88;359.105;264.937
3368;1;El Conquistador;final;1367.495;1805.105;1367.495;365.105;283.1
3369;1;El Conquistador;final;1311.33;1811.105;1311.33;371.105;259.951
3370;1;El Conquistador;final;1297.53;1817.105;1297.53;377.105;256.937
3371;1;El Conquistador;final;1292.147;1823.105;1292.147;383.105;259.951
3372;1;El Conquistador;final;1348.009;1829.105;1348.009;389.105;274.373
3373;1;El Conquistador;final;1271.917;1835.105;1271.917;395.105;258.211
3374;1;El Conquistador;final;1405.517;1841.105;1405.517;401.105;291.765
3374.1;1;El Conquistador;final;1536.493;2831.033;96.493;1391.033;66.965
3375;1;El Conquistador;final;1313.947;1847.105;1313.947;407.105;248.936
3376;1;El Conquistador;final;1261.175;1853.105;1261.175;413.105;232.696
3377;1;El Conquistador;final;1450.979;1859.105;10.979;419.105;305.744
3378;1;El Conquistador;final;1452.688;1865.105;12.688;425.105;290.425
3379;1;El Conquistador;final;1439.534;1871.105;1439.534;431.105;281.93
3379.1;1;El Conquistador;final;1570.447;2824.548;130.447;1384.548;85.151
3380;1;El Conquistador;final;1200.346;1877.105;1200.346;437.105;198.731
3381;1;El Conquistador;final;1214.146;1883.105;1214.146;443.105;198.731
3382;1;El Conquistador;final;1194.792;1889.105;1194.792;449.105;193.517
3383;1;El Conquistador;final;1319.616;1909.105;1319.616;469.105;252.167
3383.1;1;El Conquistador;final;1474.221;2692.993;34.221;1252.993;98.0
3384;1;El Conquistador;final;1209.546;1919.105;1209.546;479.105;193.224
3385;1;El Conquistador;final;1271.599;1929.105;1271.599;489.105;210.361
3386;1;El Conquistador;final;1252.425;1741.233;1252.425;301.233;278.316
3386.1;1;El Conquistador;final;1393.133;2636.61;1393.133;1196.61;89.66
3387;1;El Conquistador;final;1266.216;1765.233;1266.216;325.233;262.524
3388;1;El Conquistador;final;1254.792;1775.233;1254.792;335.233;251.187
3389;1;El Conquistador;final;1199.502;1785.233;1199.502;345.233;259.54
3390;1;El Conquistador;final;1381.847;1795.233;1381.847;355.233;304.928
3391;1;El Conquistador;final;1389.447;1805.233;1389.447;365.233;314.607
3392;1;El Conquistador;final;1357.495;1905.233;1357.495;465.233;262.005
3393;1;El Conquistador;final;953.019;1478.28;953.019;38.28;293.334
3393.1;1;El Conquistador;final;1299.079;2293.625;1299.079;853.625;161.268
3394;1;El Conquistador;final;1117.898;1748.28;1117.898;308.28;265.625
3394.1;1;El Conquistador;final;1346.801;2529.902;1346.801;1089.902;131.449
3395;1;El Conquistador;final;1313.282;1755.78;1313.282;315.78;303.177
3396;1;El Conquistador;final;1302.088;1763.28;1302.088;323.28;275.111
3397;1;El Conquistador;final;1279.868;1770.78;1279.868;330.78;263.143
3398;1;El Conquistador;final;1312.988;1778.28;1312.988;338.28;275.111
3399;1;El Conquistador;final;1335.688;1785.78;1335.688;345.78;289.16
3400;1;El Conquistador;final;1164.333;1793.28;1164.333;353.28;283.106
3400.1;1;El Conquistador;final;1296.701;2575.845;1296.701;1135.845;63.459
3401;1;El Conquistador;final;1307.251;1800.78;1307.251;360.78;250.358
3402;1;El Conquistador;final;1236.982;1808.28;1236.982;368.28;223.285
3403;1;El Conquistador;final;1223.346;1813.563;1223.346;373.563;242.356
3404;1;El Conquistador;final;1283.433;1818.847;1283.433;378.847;249.7
3404.1;1;El Conquistador;final;1537.183;2662.993;97.183;1222.993;138.066
3405;1;El Conquistador;final;1208.301;1824.13;1208.301;384.13;200.437
3406;1;El Conquistador;final;1434.308;1829.413;1434.308;389.413;298.829
3406.1;1;El Conquistador;final;1473.242;2829.284;33.242;1389.284;40.037
3407;1;El Conquistador;final;1327.746;1834.697;1327.746;394.697;273.712
3408;1;El Conquistador;final;1126.768;1839.98;1126.768;399.98;211.307
3409;1;El Conquistador;final;1344.779;1845.263;1344.779;405.263;274.142
3410;1;El Conquistador;final;1136.768;1850.547;1136.768;410.547;211.307
3411;1;El Conquistador;final;1449.901;1855.83;9.901;415.83;303.652
3412;1;El Conquistador;final;1358.417;1861.113;1358.417;421.113;237.019
3413;1;El Conquistador;final;1377.901;1866.397;1377.901;426.397;256.216
3414;1;El Conquistador;final;1339.417;1871.68;1339.417;431.68;283.284
3415;1;El Conquistador;final;1166.555;1876.963;1166.555;436.963;200.861
3416;1;El Conquistador;final;1341.118;1882.247;1341.118;442.247;251.876
3417;1;El Conquistador;final;1204.485;1887.53;1204.485;447.53;217.408
3418;1;El Conquistador;final;1450.451;1892.813;10.451;452.813;311.566
3419;1;El Conquistador;final;1379.068;1898.28;1379.068;458.28;243.827
3420;1;El Conquistador;final;1314.118;1905.197;1314.118;465.197;263.143
3420.1;1;El Conquistador;final;1536.118;2718.28;96.118;1278.28;111.445
3421;1;El Conquistador;final;1359.733;1919.03;1359.733;479.03;250.526
3422;1;El Conquistador;final;1188.355;1925.947;1188.355;485.947;195.156
3423;1;El Conquistador;final;1370.633;1932.863;1370.633;492.863;250.526
3423.1;1;El Conquistador;final;1510.6;2749.943;70.6;1309.943;97.686
3424;1;El Conquistador;final;1229.685;1939.78;1229.685;499.78;211.703
3425;1;El Conquistador;final;1262.849;1960.53;1262.849;520.53;208.797
3426;1;El Conquistador;final;1421.467;1974.363;1421.467;534.363;279.552
3426.1;1;El Conquistador;final;1496.678;2819.417;56.678;1379.417;60.984
3427;1;El Conquistador;final;1394.799;1988.28;1394.799;548.28;250.526
3427.1;1;El Conquistador;final;1539.385;2781.374;99.385;1341.374;94.81
3428;1;El Conquistador;final;1248.021;1432.714;1248.021;1432.714;300.824
3429;1;El Conquistador;final;1258.782;1717.714;1258.782;277.714;285.05
3430;1;El Conquistador;final;1151.369;1725.214;1151.369;285.214;308.205
3430.1;1;El Conquistador;final;1409.068;2553.98;1409.068;1113.98;111.445
3431;1;El Conquistador;final;1367.251;1732.714;1367.251;292.714;308.743
3432;1;El Conquistador;final;1299.896;1740.214;1299.896;300.214;304.14
3433;1;El Conquistador;final;1027.066;1747.714;1027.066;307.714;297.332
3433.1;1;El Conquistador;final;1458.133;2453.267;18.133;1013.267;193.116
3434;1;El Conquistador;final;1324.541;1755.214;1324.541;315.214;306.092
3434.1;1;El Conquistador;final;1542.659;2711.61;102.659;1271.61;120.274
3435;1;El Conquistador;final;1293.041;1762.714;1293.041;322.714;281.731
3436;1;El Conquistador;final;1419.068;1768.714;1419.068;328.714;272.862
3437;1;El Conquistador;final;1286.385;1774.714;1286.385;334.714;283.15
3438;1;El Conquistador;final;1292.685;1780.714;1292.685;340.714;280.189
3439;1;El Conquistador;final;1395.901;1786.714;1395.901;346.714;272.709
3440;1;El Conquistador;final;1316.133;1792.714;1316.133;352.714;273.825
3440.1;1;El Conquistador;final;1533.041;2696.61;93.041;1256.61;120.073
3441;1;El Conquistador;final;1206.717;1798.714;1206.717;358.714;271.595
3441.1;1;El Conquistador;final;1370.589;2613.902;1370.589;1173.902;110.299
3442;1;El Conquistador;final;1357.702;1804.714;1357.702;364.714;271.404
3443;1;El Conquistador;final;1257.7;1810.714;1257.7;370.714;296.003
3443.1;1;El Conquistador;final;1359.083;2664.902;1359.083;1224.902;74.416
3444;1;El Conquistador;final;1331.153;1816.714;1331.153;376.714;276.573
3444.1;1;El Conquistador;final;1443.44;2731.652;3.44;1291.652;64.028
3445;1;El Conquistador;final;1335.291;1822.714;1335.291;382.714;286.403
3445.1;1;El Conquistador;final;1545.225;2726.61;105.225;1286.61;115.733
3446;1;El Conquistador;final;1330.44;1828.714;1330.44;388.714;290.735
3447;1;El Conquistador;final;1163.035;1834.714;1163.035;394.714;178.704
3448;1;El Conquistador;final;1361.031;1840.714;1361.031;400.714;298.168
3448.1;1;El Conquistador;final;1407.118;2765.236;1407.118;1325.236;40.563
3449;1;El Conquistador;final;1333.201;1846.714;1333.201;406.714;276.619
3449.1;1;El Conquistador;final;1467.882;2738.499;27.882;1298.499;78.105
3450;1;El Conquistador;final;1291.317;1927.714;1291.317;487.714;264.545
3451;1;El Conquistador;final;1266.535;2482.714;1266.535;1042.714;88.457
3452;1;La Reina;final;1262.881;1754.893;1262.881;314.893;258.259
3453;1;La Reina;final;1276.412;1784.893;1276.412;344.893;279.747
3453.1;1;La Reina;final;1399.897;2684.355;1399.897;1244.355;68.837
3454;1;La Reina;final;1421.202;1814.893;1421.202;374.893;294.724
3454.1;1;La Reina;final;1490.227;2789.016;50.227;1349.016;75.629
3455;1;La Reina;final;1429.645;1829.893;1429.645;389.893;308.866
3456;1;La Reina;final;1156.168;1844.893;1156.168;404.893;199.882
3457;1;La Reina;final;1238.205;1859.893;1238.205;419.893;225.386
3458;1;La Reina;final;1394.355;1874.893;1394.355;434.893;283.904
3458.1;1;La Reina;final;1488.502;2829.374;48.502;1389.374;49.363
3459;1;La Reina;final;1246.805;1889.893;1246.805;449.893;201.285
3460;1;La Reina;final;1516.288;1904.893;76.288;464.893;308.372
3461;1;Los Espinos;final;635.613;1384.598;635.613;1384.598;294.604
3461.1;1;Los Espinos;final;1335.413;2026.547;1335.413;586.547;231.557
3462;1;Los Espinos;final;679.992;1414.598;679.992;1414.598;310.808
3462.1;1;Los Espinos;final;1536.592;2081.943;96.592;641.943;291.258
3463;1;Los Espinos;final;660.859;1444.598;660.859;4.598;285.127
3463.1;1;Los Espinos;final;1252.004;2039.859;1252.004;599.859;203.251
3464;1;Los Espinos;final;680.992;1469.132;680.992;29.132;284.446
3464.1;1;Los Espinos;final;1455.719;2086.526;15.719;646.526;258.077
3465;1;Los Espinos;final;1156.754;1616.332;1156.754;176.332;313.954
3465.1;1;Los Espinos;final;1282.342;2494.598;1282.342;1054.598;98.885
3466;1;Los Espinos;final;1175.025;1714.465;1175.025;274.465;285.223
3466.1;1;Los Espinos;final;1289.42;2519.993;1289.42;1079.993;84.512
3467;1;Los Espinos;final;1254.918;1714.598;1254.918;274.598;207.738
3468;1;Los Espinos;final;1220.542;1719.598;1220.542;279.598;306.657
3468.1;1;Los Espinos;final;1358.554;2564.859;1358.554;1124.859;99.365
3469;1;Los Espinos;final;1213.875;1724.598;1213.875;284.598;306.657
3469.1;1;Los Espinos;final;1530.953;2558.193;90.953;1118.193;167.283
3470;1;Los Espinos;final;1254.551;1729.598;1254.551;289.598;312.188
3470.1;1;Los Espinos;final;1311.735;2612.211;1311.735;1172.211;64.823
3471;1;Los Espinos;final;1227.209;1734.598;1227.209;294.598;306.657
3471.1;1;Los Espinos;final;1469.342;2571.526;29.342;1131.526;149.343
3472;1;Los Espinos;final;1233.875;1739.598;1233.875;299.598;306.657
3472.1;1;Los Espinos;final;1471.275;2582.193;31.275;1142.193;129.005
3473;1;Los Espinos;final;1198.025;1744.598;1198.025;304.598;283.349
3473.1;1;Los Espinos;final;1510.953;2541.793;70.953;1101.793;168.06
3474;1;Los Espinos;final;1203.025;1749.598;1203.025;309.598;283.349
3474.1;1;Los Espinos;final;1519.32;2547.243;79.32;1107.243;165.09
3475;1;Los Espinos;final;1315.587;1754.598;1315.587;314.598;303.163
3476;1;Los Espinos;final;1247.209;1759.598;1247.209;319.598;283.349
3476.1;1;Los Espinos;final;1363.587;2594.193;1363.587;1154.193;85.608
3477;1;Los Espinos;final;1223.025;1764.598;1223.025;324.598;283.349
3477.1;1;Los Espinos;final;1560.021;2570.193;120.021;1130.193;181.039
3478;1;Los Espinos;final;1327.57;1769.598;1327.57;329.598;302.067
3479;1;Los Espinos;final;1267.209;1774.598;1267.209;334.598;285.223
3479.1;1;Los Espinos;final;1489.375;2618.093;49.375;1178.093;126.035
3480;1;Los Espinos;final;594.792;1779.332;594.792;339.332;98.885
3481;1;Los Espinos;final;1282.91;1784.065;1282.91;344.065;293.683
3482;1;Los Espinos;final;1244.525;1788.798;1244.525;348.798;261.915
3482.1;1;Los Espinos;final;1385.221;2591.526;1385.221;1151.526;99.365
3483;1;Los Espinos;final;1291.559;1793.532;1291.559;353.532;306.657
3484;1;Los Espinos;final;1255.425;1798.265;1255.425;358.265;263.788
3484.1;1;Los Espinos;final;1398.554;2604.859;1398.554;1164.859;99.365
3485;1;Los Espinos;final;1268.025;1802.998;1268.025;362.998;264.108
3485.1;1;Los Espinos;final;1397.987;2618.193;1397.987;1178.193;99.365
3486;1;Los Espinos;final;1292.709;1807.732;1292.709;367.732;284.446
3487;1;Los Espinos;final;1299.375;1812.465;1299.375;372.465;283.349
3488;1;Los Espinos;final;1337.642;1817.198;1337.642;377.198;306.657
3489;1;Los Espinos;final;1319.375;1821.932;1319.375;381.932;283.349
3489.1;1;Los Espinos;final;1516.592;2663.193;76.592;1223.193;127.908
3490;1;Los Espinos;final;1299.025;1826.665;1299.025;386.665;265.982
3491;1;Los Espinos;final;1279.375;1831.398;1279.375;391.398;263.012
3492;1;Los Espinos;final;1386.687;1836.132;1386.687;396.132;300.193
3493;1;Los Espinos;final;1198.671;1840.865;1198.671;400.865;236.342
3494;1;Los Espinos;final;1328.425;1845.598;1328.425;405.598;283.349
3494.1;1;Los Espinos;final;1431.687;2674.443;1431.687;1234.443;84.512
3495;1;Los Espinos;final;1181.653;1850.332;1181.653;410.332;219.615
3496;1;Los Espinos;final;1200.337;1855.065;1200.337;415.065;221.489
3497;1;Los Espinos;final;1339.742;1859.798;1339.742;419.798;264.885
3497.1;1;Los Espinos;final;1465.487;2685.693;25.487;1245.693;99.365
3498;1;Los Espinos;final;1258.671;1864.598;1258.671;424.598;256.679
3499;1;Los Espinos;final;1375.742;1873.598;1375.742;433.598;286.32
3499.1;1;Los Espinos;final;1465.987;2721.526;25.987;1281.526;84.512
3500;1;Los Espinos;final;1215.253;1891.598;1215.253;451.598;219.615
3501;1;Los Espinos;final;1352.709;1900.598;1352.709;460.598;261.138
3501.1;1;Los Espinos;final;1476.737;2696.943;36.737;1256.943;99.365
3502;1;Los Espinos;final;1237.203;1909.598;1237.203;469.598;221.489
3503;1;Los Espinos;final;565.903;1388.193;565.903;1388.193;270.073
3504;1;Los Espinos;final;758.042;1418.193;758.042;1418.193;310.499
3504.1;1;Los Espinos;final;1298.671;2163.893;1298.671;723.893;181.039
3505;1;Los Espinos;final;694.78;1448.193;694.78;8.193;291.402
3505.1;1;Los Espinos;final;1368.33;2132.38;1368.33;692.38;224.29
3506;1;Los Espinos;final;1251.158;1728.193;1251.158;288.193;301.564
3506.1;1;Los Espinos;final;1565.342;2585.665;125.342;1145.665;186.284
3507;1;Los Espinos;final;1247.742;1748.193;1247.742;308.193;301.238
3507.1;1;Los Espinos;final;1518.092;2585.665;78.092;1145.665;158.807
3508;1;Los Espinos;final;1285.337;1758.193;1285.337;318.193;307.137
3509;1;Los Espinos;final;1265.337;1778.193;1265.337;338.193;283.829
3509.1;1;Los Espinos;final;1392.942;2605.198;1392.942;1165.198;98.885
3510;1;Los Espinos;final;1372.709;1787.193;1372.709;347.193;311.596
3511;1;Los Espinos;final;1305.221;1796.193;1305.221;356.193;307.137
3512;1;Los Espinos;final;1278.671;1805.193;1278.671;365.193;283.829
3512.1;1;Los Espinos;final;1389.525;2614.598;1389.525;1174.598;98.885
3513;1;Los Espinos;final;1325.221;1814.193;1325.221;374.193;307.137
3514;1;Los Espinos;final;1277.653;1823.193;1277.653;383.193;268.976
3515;1;Los Espinos;final;636.971;1832.193;636.971;392.193;99.365
3516;1;Los Espinos;final;1378.554;1923.526;1378.554;483.526;283.829
3517;1;Los Espinos;final;1272.853;1725.753;1272.853;285.753;297.055
3517.1;1;Los Espinos;final;1472.631;2621.113;32.631;1181.113;130.433
3518;1;Los Espinos;final;1283.287;1735.753;1283.287;295.753;299.248
3518.1;1;Los Espinos;final;1575.042;2632.363;135.042;1192.363;164.928
3519;1;Los Espinos;final;1180.994;1745.753;1180.994;305.753;288.114
3519.1;1;Los Espinos;final;1309.719;2534.311;1309.719;1094.311;93.523
3520;1;Los Espinos;final;1248.386;1755.753;1248.386;315.753;191.048
3521;1;Los Espinos;final;1208.902;1765.753;1208.902;325.753;296.124
3521.1;1;Los Espinos;final;1334.551;2594.971;1334.551;1154.971;72.498
3522;1;Los Espinos;final;1324.815;1775.753;1324.815;335.753;231.791
3523;1;Los Espinos;final;1333.02;1787.003;1333.02;347.003;293.307
3523.1;1;Los Espinos;final;1532.653;2685.363;92.653;1245.363;125.279
3524;1;Los Espinos;final;1260.542;1798.253;1260.542;358.253;279.434
3524.1;1;Los Espinos;final;1559.32;2607.193;119.32;1167.193;165.09
3525;1;Los Espinos;final;1245.922;1809.503;1245.922;369.503;283.592
3526;1;Los Espinos;final;1384.781;1820.753;1384.781;380.753;231.791
3527;1;Los Espinos;final;1328.802;1843.253;1328.802;403.253;304.69
3527.1;1;Los Espinos;final;1463.652;2712.071;23.652;1272.071;90.612
3528;1;Los Espinos;final;1320.665;1854.503;1320.665;414.503;297.571
3529;1;Los Espinos;final;1292.361;1865.753;1292.361;425.753;288.114
3529.1;1;Los Espinos;final;1501.41;2636.311;61.41;1196.311;137.85
3530;1;Los Espinos;final;1212.435;1778.311;1212.435;338.311;280.612
3530.1;1;Los Espinos;final;1355.585;2592.633;1355.585;1152.633;103.171
3531;1;Los Espinos;final;1284.386;1789.561;1284.386;349.561;162.349
3532;1;Los Espinos;final;1279.681;1812.061;1279.681;372.061;282.06
3533;1;Los Espinos;final;1285.719;1834.561;1285.719;394.561;186.714
3534;1;Los Espinos;final;1403.377;1845.811;1403.377;405.811;231.743
3535;1;Los Espinos;final;1433.377;1924.561;1433.377;484.561;231.743
3536;1;Los Espinos;final;1359.081;1935.811;1359.081;495.811;184.386
3537;1;Los Espinos;final;1267.587;1725.408;1267.587;285.408;295.135
3538;1;Los Espinos;final;1307.681;1733.975;1307.681;293.975;229.551
3539;1;Los Espinos;final;1272.386;1742.541;1272.386;302.541;188.809
3540;1;Los Espinos;final;1230.665;1751.108;1230.665;311.108;295.331
3541;1;Los Espinos;final;1234.618;1759.675;1234.618;319.675;307.909
3541.1;1;Los Espinos;final;1339.804;2577.405;1339.804;1137.405;90.095
3542;1;Los Espinos;final;1214.379;1768.241;1214.379;328.241;289.542
3542.1;1;Los Espinos;final;1285.254;2618.789;1285.254;1178.789;44.418
3543;1;Los Espinos;final;1343.92;1776.808;1343.92;336.808;314.375
3543.1;1;Los Espinos;final;1545.987;2698.213;105.987;1258.213;125.279
3544;1;Los Espinos;final;1253.875;1785.375;1253.875;345.375;278.291
3544.1;1;Los Espinos;final;1371.17;2601.743;1371.17;1161.743;84.512
3545;1;Los Espinos;final;594.511;1785.408;594.511;345.408;90.526
3546;1;Los Espinos;final;1367.648;1791.025;1367.648;351.025;229.551
3547;1;Los Espinos;final;1375.437;1796.641;1375.437;356.641;314.375
3548;1;Los Espinos;final;1297.035;1802.258;1297.035;362.258;293.884
3549;1;Los Espinos;final;616.977;1807.875;616.977;367.875;90.526
3550;1;Los Espinos;final;1305.929;1813.491;1305.929;373.491;289.542
3551;1;Los Espinos;final;1275.227;1819.108;1275.227;379.108;285.874
3551.1;1;Los Espinos;final;1383.719;2618.311;1383.719;1178.311;93.523
3552;1;Los Espinos;final;1393.348;1824.725;1393.348;384.725;229.551
3553;1;Los Espinos;final;1294.584;1830.341;1294.584;390.341;307.909
3553.1;1;Los Espinos;final;1354.502;2643.653;1354.502;1203.653;72.348
3554;1;Los Espinos;final;1302.127;1835.958;1302.127;395.958;285.874
3554.1;1;Los Espinos;final;1412.081;2649.292;1412.081;1209.292;90.272
3555;1;Los Espinos;final;1333.381;1841.575;1333.381;401.575;295.331
3556;1;Los Espinos;final;1323.702;1847.191;1323.702;407.191;306.778
3556.1;1;Los Espinos;final;1398.968;2703.033;1398.968;1263.033;76.87
3557;1;Los Espinos;final;1353.961;1852.808;1353.961;412.808;281.391
3558;1;Los Espinos;final;1382.081;1858.425;1382.081;418.425;229.551
3559;1;Los Espinos;final;1277.451;1869.658;1277.451;429.658;271.532
3560;1;Los Espinos;final;1328.851;1875.275;1328.851;435.275;280.098
3561;1;Los Espinos;final;1342.127;1875.408;1342.127;435.408;285.874
3561.1;1;Los Espinos;final;1540.775;2685.693;100.775;1245.693;126.035
3562;1;Los Espinos;final;1245.804;1729.292;1245.804;289.292;296.524
3562.1;1;Los Espinos;final;1321.555;2646.561;1321.555;1206.561;48.555
3563;1;Los Espinos;final;1231.681;1739.292;1231.681;299.292;285.62
3564;1;Los Espinos;final;1231.735;1749.292;1231.735;309.292;300.528
3564.1;1;Los Espinos;final;1320.284;2609.766;1320.284;1169.766;76.87
3565;1;Los Espinos;final;1272.588;1759.292;1272.588;319.292;305.127
3565.1;1;Los Espinos;final;1467.444;2677.481;27.444;1237.481;89.378
3566;1;Los Espinos;final;1397.081;1769.292;1397.081;329.292;281.138
3566.1;1;Los Espinos;final;1507.794;2755.408;67.794;1315.408;90.526
3567;1;Los Espinos;final;1312.127;1779.292;1312.127;339.292;301.083
3568;1;Los Espinos;final;578.215;1787.458;578.215;347.458;90.272
3569;1;Los Espinos;final;1236.348;1795.625;1236.348;355.625;282.73
3570;1;Los Espinos;final;1298.402;1803.792;1298.402;363.792;309.094
3570.1;1;Los Espinos;final;1376.468;2680.533;1376.468;1240.533;76.87
3571;1;Los Espinos;final;1283.702;1811.958;1283.702;371.958;260.69
3572;1;Los Espinos;final;1303.681;1820.125;1303.681;380.125;285.62
3572.1;1;Los Espinos;final;1524.031;2663.958;84.031;1223.958;136.36
3573;1;Los Espinos;final;1258.402;1828.292;1258.402;388.292;275.607
3573.1;1;Los Espinos;final;1450.381;2635.533;10.381;1195.533;138.105
3574;1;Los Espinos;final;1350.515;1836.458;1350.515;396.458;310.541
3574.1;1;Los Espinos;final;1467.794;2715.408;27.794;1275.408;90.526
3575;1;Los Espinos;final;1268.884;1844.625;1268.884;404.625;295.307
3576;1;Los Espinos;final;1300.32;1860.958;1300.32;420.958;263.172
3577;1;Los Espinos;final;1345.719;1914.292;1345.719;474.292;287.949
3578;1;Los Espinos;final;1251.751;1925.542;1251.751;485.542;261.821
3579;1;Los Espinos;final;1287.681;1936.792;1287.681;496.792;249.244
3580;1;El Conquistador;final;1245.859;1406.61;1245.859;1406.61;306.31
3580.1;1;El Conquistador;final;1474.126;2643.284;34.126;1203.284;119.433
3581;1;El Conquistador;final;1142.741;1436.61;1142.741;1436.61;285.634
3581.1;1;El Conquistador;final;1487.118;2533.868;47.118;1093.868;183.436
3582;1;El Conquistador;final;1300.022;1736.61;1300.022;296.61;297.487
3582.1;1;El Conquistador;final;1466.706;2732.862;26.706;1292.862;76.534
3583;1;El Conquistador;final;1297.259;1745.177;1297.259;305.177;280.478
3584;1;El Conquistador;final;1252.435;1753.743;1252.435;313.743;255.493
3585;1;El Conquistador;final;1306.72;1762.31;1306.72;322.31;308.978
3586;1;El Conquistador;final;1392.238;1770.877;1392.238;330.877;314.514
3586.1;1;El Conquistador;final;1511.533;2720.152;71.533;1280.152;109.066
3587;1;El Conquistador;final;1236.459;1779.443;1236.459;339.443;289.574
3587.1;1;El Conquistador;final;1413.225;2631.284;1413.225;1191.284;96.174
3588;1;El Conquistador;final;1337.495;1788.01;1337.495;348.01;288.571
3588.1;1;El Conquistador;final;1468.497;2729.105;28.497;1289.105;86.42
3589;1;El Conquistador;final;1375.941;1796.61;1375.941;356.61;303.904
3589.1;1;El Conquistador;final;1522.252;2764.24;82.252;1324.24;94.81
3590;1;El Conquistador;final;1422.021;1802.227;1422.021;362.227;314.845
3590.1;1;El Conquistador;final;1480.735;2751.552;40.735;1311.552;83.336
3591;1;El Conquistador;final;1314.55;1807.843;1314.55;367.843;266.427
3592;1;El Conquistador;final;1359.068;1813.46;1359.068;373.46;295.834
3593;1;El Conquistador;final;1308.85;1819.077;1308.85;379.077;276.248
3593.1;1;El Conquistador;final;1429.055;2610.783;1429.055;1170.783;108.1
3594;1;El Conquistador;final;1322.979;1824.693;1322.979;384.693;270.988
3595;1;El Conquistador;final;1441.905;1830.31;1.905;390.31;314.404
3595.1;1;El Conquistador;final;1497.868;2768.685;57.868;1328.685;83.336
3596;1;El Conquistador;final;1257.659;1835.927;1257.659;395.927;253.877
3597;1;El Conquistador;final;1155.209;1841.543;1155.209;401.543;209.465
3598;1;El Conquistador;final;1191.459;1847.16;1191.459;407.16;240.165
3599;1;El Conquistador;final;1322.77;1852.777;1322.77;412.777;278.354
3600;1;El Conquistador;final;1474.338;1864.01;34.338;424.01;311.789
3600.1;1;El Conquistador;final;1532.135;2802.952;92.135;1362.952;83.336
3601;1;El Conquistador;final;1251.459;1880.86;1251.459;440.86;242.212
3602;1;El Conquistador;final;1341.225;1886.61;1341.225;446.61;254.03
3603;1;El Conquistador;final;1456.993;1922.61;16.993;482.61;298.215
3603.1;1;El Conquistador;final;1577.43;2853.217;137.43;1413.217;75.651
3604;1;El Conquistador;final;710.438;1367.881;710.438;1367.881;285.174
3604.1;1;El Conquistador;final;1274.521;2055.985;1274.521;615.985;231.657
3605;1;El Conquistador;final;799.458;1397.881;799.458;1397.881;265.885
3605.1;1;El Conquistador;final;1547.139;2246.61;107.139;806.61;269.268
3606;1;El Conquistador;final;1239.575;1717.881;1239.575;277.881;265.885
3606.1;1;El Conquistador;final;1421.079;2625.61;1421.079;1185.61;94.222
3607;1;El Conquistador;final;1212.425;1727.881;1212.425;287.881;270.225
3607.1;1;El Conquistador;final;1388.379;2592.91;1388.379;1152.91;94.222
3608;1;El Conquistador;final;1179.141;1737.881;1179.141;297.881;269.116
3608.1;1;El Conquistador;final;1560.212;2560.21;120.212;1120.21;181.797
3609;1;El Conquistador;final;1244.425;1747.881;1244.425;307.881;270.225
3609.1;1;El Conquistador;final;1458.159;2638.448;18.159;1198.448;102.99
3610;1;El Conquistador;final;1283.175;1757.881;1283.175;317.881;265.885
3611;1;El Conquistador;final;1257.141;1764.297;1257.141;324.297;267.5
3612;1;El Conquistador;final;1292.425;1770.714;1292.425;330.714;278.17
3612.1;1;El Conquistador;final;1493.825;2672.61;53.825;1232.61;115.733
3613;1;El Conquistador;final;1334.071;1777.131;1334.071;337.131;285.065
3614;1;El Conquistador;final;1249.795;1783.547;1249.795;343.547;261.035
3614.1;1;El Conquistador;final;1387.413;2639.105;1387.413;1199.105;86.42
3615;1;El Conquistador;final;1280.441;1789.964;1280.441;349.964;265.885
3616;1;El Conquistador;final;1338.572;1796.381;1338.572;356.381;286.613
3617;1;El Conquistador;final;1351.406;1802.797;1351.406;362.797;301.485
3617.1;1;El Conquistador;final;1501.418;2755.413;61.418;1315.413;89.054
3618;1;El Conquistador;final;1345.682;1809.214;1345.682;369.214;286.625
3619;1;El Conquistador;final;1286.741;1815.631;1286.741;375.631;270.225
3619.1;1;El Conquistador;final;1491.259;2666.61;51.259;1226.61;117.109
3620;1;El Conquistador;final;1404.308;1828.464;1404.308;388.464;301.505
3620.1;1;El Conquistador;final;1528.497;2789.105;88.497;1349.105;86.42
3621;1;El Conquistador;final;1347.021;1834.881;1347.021;394.881;288.23
3621.1;1;El Conquistador;final;1542.871;2674.402;102.871;1234.402;142.357
3622;1;El Conquistador;final;1280.509;1841.297;1280.509;401.297;268.414
3623;1;La Reina;final;1388.229;1824.581;1388.229;384.581;312.951
3623.1;1;La Reina;final;1499.329;2791.688;59.329;1351.688;59.539
3624;1;La Reina;final;1265.358;1840.915;1265.358;400.915;247.189
3625;1;La Reina;final;1251.981;1873.581;1251.981;433.581;248.532
3625.1;1;La Reina;final;1575.405;2653.856;135.405;1213.856;180.334
3626;1;La Reina;final;1428.235;1873.748;1428.235;433.748;286.918
3627;1;La Reina;final;1453.176;2423.748;13.176;983.748;161.174
3628;1;La Reina;final;1310.212;2433.748;1310.212;993.748;106.955
3629;1;La Reina;final;1232.496;2443.748;1232.496;1003.748;81.29
3630;1;La Reina;final;1348.946;1748.355;1348.946;308.355;298.662
3630.1;1;La Reina;final;1444.885;2764.893;4.885;1324.893;51.886
3631;1;La Reina;final;1254.862;1758.355;1254.862;318.355;264.975
3632;1;La Reina;final;1405.362;1768.355;1405.362;328.355;304.1
3632.1;1;La Reina;final;1493.819;2826.657;53.819;1386.657;48.341
3633;1;La Reina;final;1269.17;1778.355;1269.17;338.355;269.813
3634;1;La Reina;final;1261.574;1788.355;1261.574;348.355;260.507
3635;1;La Reina;final;1289.922;1798.355;1289.922;358.355;243.0
3636;1;La Reina;final;1238.975;1808.355;1238.975;368.355;264.615
3636.1;1;La Reina;final;1472.214;2644.741;32.214;1204.741;112.201
3637;1;La Reina;final;1294.862;1817.355;1294.862;377.355;285.265
3638;1;La Reina;final;1318.767;1826.355;1318.767;386.355;290.686
3639;1;La Reina;final;1468.235;1835.355;28.235;395.355;311.826
3640;1;La Reina;final;1264.312;1844.355;1264.312;404.355;240.625
3641;1;La Reina;final;1366.15;1853.355;1366.15;413.355;298.919
3641.1;1;La Reina;final;1541.139;2671.207;101.139;1231.207;156.566
3642;1;La Reina;final;1306.107;1862.355;1306.107;422.355;258.544
3643;1;La Reina;final;1280.007;1889.355;1280.007;449.355;214.802
3644;1;La Reina;final;1402.079;1898.355;1402.079;458.355;288.193
3644.1;1;La Reina;final;1485.098;2806.888;45.098;1366.888;58.249
3645;1;Los Espinos;final;514.338;1376.634;514.338;1376.634;278.928
3645.1;1;Los Espinos;final;1403.445;1889.523;1403.445;449.523;279.371
3646;1;Los Espinos;final;599.867;1406.634;599.867;1406.634;288.431
3646.1;1;Los Espinos;final;1220.259;1971.604;1220.259;531.604;212.031
3647;1;Los Espinos;final;652.538;1436.634;652.538;1436.634;279.415
3647.1;1;Los Espinos;final;1375.304;2066.023;1375.304;626.023;219.601
3648;1;Los Espinos;final;1242.588;1716.634;1242.588;276.634;278.928
3648.1;1;Los Espinos;final;1410.928;2622.723;1410.928;1182.723;90.98
3649;1;Los Espinos;final;1262.588;1726.634;1262.588;286.634;278.928
3650;1;Los Espinos;final;1310.159;1746.634;1310.159;306.634;294.417
3651;1;Los Espinos;final;1323.009;1756.634;1323.009;316.634;294.417
3651.1;1;Los Espinos;final;1392.693;2726.941;1392.693;1286.941;43.723
3652;1;Los Espinos;final;1209.559;1766.634;1209.559;326.634;272.471
3652.1;1;Los Espinos;final;1488.026;2533.071;48.026;1093.071;168.708
3653;1;Los Espinos;final;1343.3;1771.367;1343.3;331.367;288.919
3653.1;1;Los Espinos;final;1478.628;2721.357;38.628;1281.357;91.194
3654;1;Los Espinos;final;1289.638;1776.1;1289.638;336.1;279.415
3655;1;Los Espinos;final;1348.709;1780.834;1348.709;340.834;294.904
3655.1;1;Los Espinos;final;1408.076;2751.524;1408.076;1311.524;43.723
3656;1;Los Espinos;final;1298.204;1785.567;1298.204;345.567;279.415
3657;1;Los Espinos;final;1315.338;1790.3;1315.338;350.3;279.201
3658;1;Los Espinos;final;1302.426;1795.034;1302.426;355.034;274.161
3659;1;Los Espinos;final;1296.234;1799.767;1296.234;359.767;247.792
3660;1;Los Espinos;final;1210.228;1804.5;1210.228;364.5;244.669
3661;1;Los Espinos;final;1323.904;1809.234;1323.904;369.234;279.201
3662;1;Los Espinos;final;1374.409;1813.967;1374.409;373.967;294.69
3662.1;1;Los Espinos;final;1434.743;2778.191;1434.743;1338.191;43.723
3663;1;Los Espinos;final;1380.309;1818.7;1380.309;378.7;294.69
3664;1;Los Espinos;final;1297.452;1823.434;1297.452;383.434;267.28
3664.1;1;Los Espinos;final;1522.288;2676.357;82.288;1236.357;125.726
3665;1;Los Espinos;final;1236.895;1828.167;1236.895;388.167;244.669
3666;1;Los Espinos;final;1349.604;1832.9;1349.604;392.9;279.201
3667;1;Los Espinos;final;1358.171;1837.634;1358.171;397.634;279.201
3668;1;Los Espinos;final;1383.871;1847.1;1383.871;407.1;279.201
3669;1;Los Espinos;final;1290.228;1856.567;1290.228;416.567;244.669
3670;1;Los Espinos;final;1366.738;1856.634;1366.738;416.634;278.714
3671;1;Los Espinos;final;1310.228;1906.634;1310.228;466.634;244.182
3672;1;Los Espinos;final;1404.238;1916.634;1404.238;476.634;278.714
3673;1;Los Espinos;final;1389.238;1926.634;1389.238;486.634;278.714
3674;1;Los Espinos;final;855.716;1401.357;855.716;1401.357;282.513
3674.1;1;Los Espinos;final;1481.002;2285.317;41.002;845.317;199.853
3675;1;Los Espinos;final;732.388;1431.357;732.388;1431.357;313.904
3675.1;1;Los Espinos;final;1308.128;2151.357;1308.128;711.357;185.069
3676;1;Los Espinos;final;835.788;1461.357;835.788;21.357;313.904
3676.1;1;Los Espinos;final;1385.228;2241.357;1385.228;801.357;185.069
3677;1;Los Espinos;final;1392.438;1741.357;1392.438;301.357;314.177
3678;1;Los Espinos;final;1374.238;1751.357;1374.238;311.357;313.69
3679;1;Los Espinos;final;1296.895;1771.357;1296.895;331.357;279.158
3680;1;Los Espinos;final;1303.562;1781.357;1303.562;341.357;279.158
3681;1;Los Espinos;final;1386.109;1796.09;1386.109;356.09;314.649
3682;1;Los Espinos;final;1316.695;1800.823;1316.695;360.823;279.158
3683;1;Los Espinos;final;1178.36;1805.557;1178.36;365.557;239.067
3684;1;Los Espinos;final;628.345;1810.29;628.345;370.29;91.194
3685;1;Los Espinos;final;1325.262;1815.023;1325.262;375.023;279.158
3686;1;Los Espinos;final;1333.828;1819.757;1333.828;379.757;279.158
3687;1;Los Espinos;final;1276.039;1824.49;1276.039;384.49;250.934
3688;1;Los Espinos;final;1182.588;1829.223;1182.588;389.223;219.815
3689;1;Los Espinos;final;1350.962;1833.957;1350.962;393.957;279.158
3690;1;Los Espinos;final;1449.238;1838.69;9.238;398.69;313.69
3691;1;Los Espinos;final;1368.095;1843.423;1368.095;403.423;279.158
3692;1;Los Espinos;final;1397.009;1848.157;1397.009;408.157;290.249
3692.1;1;Los Espinos;final;1483.8;2719.071;43.8;1279.071;100.341
3693;1;Los Espinos;final;1450.288;1852.89;10.288;412.89;313.69
3693.1;1;Los Espinos;final;1483.109;2827.046;43.109;1387.046;45.075
3694;1;Los Espinos;final;1474.288;1862.357;34.288;422.357;313.69
3695;1;Los Espinos;final;1498.288;1871.823;58.288;431.823;313.69
3696;1;Los Espinos;final;1275.921;1881.29;1275.921;441.29;219.815
3697;1;Los Espinos;final;1402.362;1881.357;1402.362;441.357;279.158
3698;1;El Conquistador;final;1114.551;1435.01;1114.551;1435.01;307.539
3698.1;1;El Conquistador;final;1260.426;2535.366;1260.426;1095.366;63.269
3699;1;El Conquistador;final;1066.534;1570.01;1066.534;130.01;280.579
3699.1;1;El Conquistador;final;1460.451;2479.077;20.451;1039.077;161.746
3700;1;El Conquistador;final;1423.892;1705.01;1423.892;265.01;214.265
3701;1;El Conquistador;final;1126.306;1715.01;1126.306;275.01;279.661
3701.1;1;El Conquistador;final;1357.973;2522.638;1357.973;1082.638;141.622
3702;1;El Conquistador;final;1238.421;1725.01;1238.421;285.01;303.918
3702.1;1;El Conquistador;final;1322.439;2620.54;1322.439;1180.54;55.956
3703;1;El Conquistador;final;1297.178;1735.01;1297.178;295.01;304.89
3704;1;El Conquistador;final;1353.735;1745.01;1353.735;305.01;292.58
3704.1;1;El Conquistador;final;1496.167;2763.077;56.167;1323.077;81.163
3705;1;El Conquistador;final;1285.322;1755.01;1285.322;315.01;284.731
3706;1;El Conquistador;final;1312.872;1765.01;1312.872;325.01;293.032
3707;1;El Conquistador;final;1071.99;1787.51;1071.99;347.51;258.153
3707.1;1;El Conquistador;final;1295.035;2464.49;1295.035;1024.49;94.81
3708;1;El Conquistador;final;1213.349;1798.76;1213.349;358.76;272.067
3709;1;El Conquistador;final;1244.551;1810.01;1244.551;370.01;275.495
3710;1;El Conquistador;final;1250.08;1832.51;1250.08;392.51;267.269
3711;1;El Conquistador;final;1372.978;1843.76;1372.978;403.76;302.187
3712;1;El Conquistador;final;1227.201;1855.01;1227.201;415.01;263.065
3712.1;1;El Conquistador;final;1380.393;2648.699;1380.393;1208.699;66.965
3713;1;El Conquistador;final;1281.635;1866.26;1281.635;426.26;302.878
3714;1;El Conquistador;final;1305.667;1809.077;1305.667;369.077;294.049
3714.1;1;El Conquistador;final;1440.763;2713.327;0.763;1273.327;72.936
3715;1;El Conquistador;final;1355.352;1821.927;1355.352;381.927;294.969
3715.1;1;El Conquistador;final;1429.068;2672.714;1429.068;1232.714;82.356
3716;1;El Conquistador;final;1371.784;1886.177;1371.784;446.177;296.584
3717;1;El Conquistador;final;1386.709;1899.027;1386.709;459.027;297.843
3718;1;El Conquistador;final;1384.634;1899.077;1384.634;459.077;295.705
3718.1;1;El Conquistador;final;1456.678;2790.265;16.678;1350.265;49.726
3719;1;Los Espinos;final;1207.209;1721.113;1207.209;281.113;293.996
3719.1;1;Los Espinos;final;1345.221;2551.526;1345.221;1111.526;99.365
3720;1;Los Espinos;final;1311.887;1733.113;1311.887;293.113;303.162
3721;1;Los Espinos;final;1318.554;1745.113;1318.554;305.113;306.133
3721.1;1;Los Espinos;final;1434.525;2659.598;1434.525;1219.598;98.885
3722;1;Los Espinos;final;1305.77;1757.113;1305.77;317.113;287.532
3722.1;1;Los Espinos;final;1505.987;2654.863;65.987;1214.863;123.405
3723;1;Los Espinos;final;1322.12;1769.113;1322.12;329.113;289.406
3723.1;1;Los Espinos;final;1542.887;2672.513;102.887;1232.513;140.132
3724;1;Los Espinos;final;1349.37;1781.113;1349.37;341.113;290.407
3724.1;1;Los Espinos;final;1550.953;2699.863;110.953;1259.863;124.502
3725;1;Los Espinos;final;1374.137;1790.113;1374.137;350.113;310.745
3726;1;Los Espinos;final;1288.025;1799.113;1288.025;359.113;270.593
3727;1;Los Espinos;final;1300.775;1808.113;1300.775;368.113;293.901
3727.1;1;Los Espinos;final;1496.592;2643.893;56.592;1203.893;129.005
3728;1;Los Espinos;final;1278.025;1817.113;1278.025;377.113;251.352
3729;1;Los Espinos;final;1386.987;1826.113;1386.987;386.113;293.378
3730;1;Los Espinos;final;1225.337;1835.113;1225.337;395.113;243.923
3731;1;Los Espinos;final;1374.509;1871.113;1374.509;431.113;293.996
3732;1;Los Espinos;final;1381.325;1893.613;1381.325;453.613;272.562
3732.1;1;Los Espinos;final;1491.487;2725.326;51.487;1285.326;99.365
3733;1;Los Espinos;final;1274.07;1904.863;1274.07;464.863;230.262
3734;1;Los Espinos;final;1303.742;1730.193;1303.742;290.193;291.263
3734.1;1;Los Espinos;final;1541.342;2651.943;101.342;1211.943;149.343
3735;1;Los Espinos;final;1366.042;1742.193;1366.042;302.193;311.6
3736;1;Los Espinos;final;1278.52;1800.693;1278.52;360.693;271.946
3737;1;Los Espinos;final;1392.709;1811.943;1392.709;371.943;291.258
3738;1;Los Espinos;final;1387.742;1823.193;1387.742;383.193;291.258
3739;1;Los Espinos;final;1331.887;1834.443;1331.887;394.443;284.926
3740;1;El Conquistador;final;1081.109;1413.284;1081.109;1413.284;295.039
3740.1;1;El Conquistador;final;1468.292;2487.284;28.292;1047.284;169.275
3741;1;El Conquistador;final;1294.171;1443.284;1294.171;3.284;312.389
3741.1;1;El Conquistador;final;1491.471;2623.002;51.471;1183.002;142.357
3742;1;El Conquistador;final;1297.883;1743.284;1297.883;303.284;280.822
3743;1;El Conquistador;final;1349.741;1758.284;1349.741;318.284;299.164
3744;1;El Conquistador;final;1389.308;1773.284;1389.308;333.284;302.329
3745;1;El Conquistador;final;1133.826;1788.284;1133.826;348.284;229.671
3746;1;El Conquistador;final;1331.446;1803.284;1331.446;363.284;277.653
3747;1;El Conquistador;final;1263.141;1814.534;1263.141;374.534;261.608
3748;1;El Conquistador;final;1441.617;1837.034;1.617;397.034;296.305
3748.1;1;El Conquistador;final;1482.546;2772.498;42.546;1332.498;73.102
3749;1;El Conquistador;final;1438.092;1848.284;1438.092;408.284;285.474
3750;1;El Conquistador;final;1389.052;1859.534;1389.052;419.534;284.377
3750.1;1;El Conquistador;final;1465.946;2707.425;25.946;1267.425;96.057
3751;1;El Conquistador;final;1390.517;1893.284;1390.517;453.284;276.257
3752;1;El Conquistador;final;1260.425;1915.784;1260.425;475.784;214.313
3753;1;El Conquistador;final;1477.408;1938.284;37.408;498.284;303.125
3754;1;El Conquistador;final;893.192;1367.881;893.192;1367.881;299.119
3754.1;1;El Conquistador;final;1508.897;2313.284;68.897;873.284;235.97
3755;1;El Conquistador;final;728.547;1397.881;728.547;1397.881;314.899
3755.1;1;El Conquistador;final;1445.846;2165.951;5.846;725.951;235.36
3756;1;El Conquistador;final;1283.956;1712.881;1283.956;272.881;272.982
3757;1;El Conquistador;final;1287.495;1727.881;1287.495;287.881;298.561
3758;1;El Conquistador;final;1221.459;1742.881;1221.459;302.881;284.318
3759;1;El Conquistador;final;1228.425;1757.881;1228.425;317.881;279.93
3759.1;1;El Conquistador;final;1391.746;2612.61;1391.746;1172.61;91.057
3760;1;El Conquistador;final;1260.146;1769.131;1260.146;329.131;256.42
3761;1;El Conquistador;final;1373.842;1780.381;1373.842;340.381;311.365
3762;1;El Conquistador;final;1350.335;1791.631;1350.335;351.631;294.7
3762.1;1;El Conquistador;final;1590.785;2664.541;150.785;1224.541;165.713
3763;1;El Conquistador;final;1314.059;1802.881;1314.059;362.881;299.61
3763.1;1;El Conquistador;final;1497.246;2707.534;57.246;1267.534;101.197
3764;1;El Conquistador;final;1331.902;1814.131;1331.902;374.131;267.54
3765;1;El Conquistador;final;1295.092;1825.381;1295.092;385.381;274.306
3765.1;1;El Conquistador;final;1392.509;2688.284;1392.509;1248.284;66.448
3766;1;El Conquistador;final;1188.119;1836.631;1188.119;396.631;262.834
3767;1;El Conquistador;final;1362.395;1915.381;1362.395;475.381;289.088
3768;1;El Conquistador;final;1265.576;2477.881;1265.576;1037.881;90.494
3769;1;El Conquistador;final;844.089;1418.28;844.089;1418.28;308.692
3769.1;1;El Conquistador;final;1290.688;2205.214;1290.688;765.214;172.598
3770;1;El Conquistador;final;1213.572;1438.28;1213.572;1438.28;300.674
3770.1;1;El Conquistador;final;1269.373;2636.067;1269.373;1196.067;29.717
3771;1;El Conquistador;final;1267.697;1478.28;1267.697;38.28;218.436
3772;1;El Conquistador;final;1242.855;1718.28;1242.855;278.28;292.532
3772.1;1;El Conquistador;final;1391.215;2648.499;1391.215;1208.499;78.105
3773;1;El Conquistador;final;1250.317;1748.28;1250.317;308.28;295.654
3774;1;El Conquistador;final;1217.617;1756.847;1217.617;316.847;284.253
3774.1;1;El Conquistador;final;1436.03;2625.902;1436.03;1185.902;99.083
3775;1;El Conquistador;final;1312.702;1765.413;1312.702;325.413;291.464
3776;1;El Conquistador;final;1353.201;1773.98;1353.201;333.98;305.554
3777;1;El Conquistador;final;1291.188;1782.547;1291.188;342.547;272.557
3778;1;El Conquistador;final;1280.085;1791.113;1280.085;351.113;243.245
3779;1;El Conquistador;final;1305.688;1799.68;1305.688;359.68;275.946
3780;1;El Conquistador;final;1280.582;1808.247;1280.582;368.247;273.206
3781;1;El Conquistador;final;1414.898;1808.28;1414.898;368.28;304.553
3781.1;1;El Conquistador;final;1481.856;2829.902;41.856;1389.902;51.597
3782;1;El Conquistador;final;1472.897;1817.28;32.897;377.28;302.956
3783;1;El Conquistador;final;1291.482;1826.28;1291.482;386.28;255.371
3784;1;El Conquistador;final;1331.031;1835.28;1331.031;395.28;306.809
3784.1;1;El Conquistador;final;1380.451;2738.569;1380.451;1298.569;40.563
3785;1;El Conquistador;final;1413.901;1844.28;1413.901;404.28;298.809
3786;1;El Conquistador;final;1324.182;1853.28;1324.182;413.28;259.348
3787;1;El Conquistador;final;1390.667;1862.28;1390.667;422.28;312.38
3787.1;1;El Conquistador;final;1420.226;2799.8;1420.226;1359.8;27.49
3788;1;El Conquistador;final;1155.885;1871.28;1155.885;431.28;204.805
3789;1;El Conquistador;final;1305.13;1880.28;1305.13;440.28;300.445
3789.1;1;El Conquistador;final;1411.15;2724.902;1411.15;1284.902;67.366
3790;1;El Conquistador;final;1422.901;1889.28;1422.901;449.28;292.279
3791;1;El Conquistador;final;1411.615;1898.28;1411.615;458.28;306.595
3792;1;El Conquistador;final;1439.799;1908.28;1439.799;468.28;285.57
3792.1;1;El Conquistador;final;1582.6;2821.943;142.6;1381.943;97.686
3793;1;El Conquistador;final;1177.455;1918.28;1177.455;478.28;195.156
3794;1;El Conquistador;final;1185.885;1928.28;1185.885;488.28;192.235
3795;1;El Conquistador;final;1223.385;1948.28;1223.385;508.28;205.02
3796;1;El Conquistador;final;1520.049;1988.28;80.049;548.28;308.493
3797;1;El Conquistador;final;512.195;1372.714;512.195;1372.714;257.009
3797.1;1;El Conquistador;final;1412.392;1899.105;1412.392;459.105;274.775
3798;1;El Conquistador;final;1246.192;1392.714;1246.192;1392.714;306.381
3798.1;1;El Conquistador;final;1439.959;2643.284;1439.959;1203.284;103.057
3799;1;El Conquistador;final;768.847;1412.714;768.847;1412.714;312.58
3799.1;1;El Conquistador;final;1269.346;2192.733;1269.346;752.733;164.128
3800;1;El Conquistador;intermedia;734.963;771.0;734.963;771.0;281.406
3800;2;El Conquistador;final;1157.279;1432.714;1157.279;1432.714;129.123
3800.1;1;El Conquistador;final;1310.08;2543.105;1310.08;1103.105;86.42
3801;1;El Conquistador;final;1013.322;1714.714;1013.322;274.714;294.403
3801.1;1;El Conquistador;final;1231.44;2447.862;1231.44;1007.862;76.534
3802;1;El Conquistador;final;1272.246;1738.714;1272.246;298.714;297.609
3803;1;El Conquistador;final;1199.255;1750.714;1199.255;310.714;266.756
3803.1;1;El Conquistador;final;1363.265;2603.499;1363.265;1163.499;78.105
3804;1;El Conquistador;final;1242.659;1762.714;1242.659;322.714;309.758
3804.1;1;El Conquistador;final;1581.296;2643.284;141.296;1203.284;175.015
3805;1;El Conquistador;final;1302.382;1771.714;1302.382;331.714;233.401
3806;1;El Conquistador;final;1354.898;1780.714;1354.898;340.714;292.835
3806.1;1;El Conquistador;final;1445.9;2763.902;5.9;1323.902;74.416
3807;1;El Conquistador;final;1260.885;1789.714;1260.885;349.714;270.672
3808;1;El Conquistador;final;1127.785;1798.714;1127.785;358.714;172.174
3809;1;El Conquistador;final;1372.485;1807.714;1372.485;367.714;299.721
3809.1;1;El Conquistador;final;1441.968;2692.714;1.968;1252.714;88.887
3810;1;El Conquistador;final;1215.885;1816.714;1215.885;376.714;214.739
3811;1;El Conquistador;final;1294.417;1834.714;1294.417;394.714;308.344
3811.1;1;El Conquistador;final;1550.388;2706.067;110.388;1266.067;148.033
3812;1;El Conquistador;final;1290.202;1852.714;1290.202;412.714;219.964
3813;1;El Conquistador;final;1286.535;1902.714;1286.535;462.714;220.84
3814;1;El Conquistador;final;1363.97;1912.714;1363.97;472.714;290.451
3814.1;1;El Conquistador;final;1490.388;2770.013;50.388;1330.013;73.406
3815;1;El Conquistador;final;1257.251;2482.714;1257.251;1042.714;82.356
3816;1;El Conquistador;final;1297.45;1751.974;1297.45;311.974;296.906
3817;1;El Conquistador;final;1338.946;1763.974;1338.946;323.974;301.468
3817.1;1;El Conquistador;final;1413.259;2642.881;1413.259;1202.881;90.494
3818;1;El Conquistador;final;1341.119;1775.974;1341.119;335.974;302.748
3818.1;1;El Conquistador;final;1425.279;2651.691;1425.279;1211.691;96.057
3819;1;El Conquistador;final;1312.752;1787.974;1312.752;347.974;302.748
3820;1;El Conquistador;final;1345.452;1808.14;1345.452;368.14;302.611
3821;1;El Conquistador;final;1180.079;1816.307;1180.079;376.307;232.525
3822;1;El Conquistador;final;1189.296;1824.474;1189.296;384.474;232.525
3823;1;El Conquistador;final;1378.152;1832.64;1378.152;392.64;302.181
3823.1;1;El Conquistador;final;1448.813;2690.291;8.813;1250.291;96.057
3824;1;El Conquistador;final;1216.946;1848.974;1216.946;408.974;232.525
3825;1;El Conquistador;final;1226.163;1857.14;1226.163;417.14;232.525
3826;1;El Conquistador;final;1413.502;1889.974;1413.502;449.974;302.319
3826.1;1;El Conquistador;final;1483.079;2724.558;43.079;1284.558;96.057
3827;1;El Conquistador;final;1452.052;1909.974;12.052;469.974;302.319
3828;1;El Conquistador;final;1236.022;1700.291;1236.022;260.291;304.246
3828.1;1;El Conquistador;final;1327.251;2552.714;1327.251;1112.714;82.356
3829;1;El Conquistador;final;1197.295;1712.291;1197.295;272.291;269.591
3830;1;El Conquistador;final;1288.008;1724.291;1288.008;284.291;289.475
3831;1;El Conquistador;final;1389.962;1736.291;1389.962;296.291;310.185
3831.1;1;El Conquistador;final;1504.701;2792.734;64.701;1352.734;73.004
3832;1;El Conquistador;final;1228.301;1748.291;1228.301;308.291;284.137
3833;1;El Conquistador;final;1319.046;1760.291;1319.046;320.291;304.085
3834;1;El Conquistador;final;1331.046;1768.458;1331.046;328.458;304.085
3834.1;1;El Conquistador;final;1503.452;2729.924;63.452;1289.924;94.81
3835;1;El Conquistador;final;1343.046;1776.625;1343.046;336.625;304.085
3835.1;1;El Conquistador;final;1487.985;2729.974;47.985;1289.974;94.81
3836;1;El Conquistador;final;1355.046;1784.791;1355.046;344.791;304.085
3837;1;El Conquistador;final;1332.021;1792.958;1332.021;352.958;279.352
3838;1;El Conquistador;final;1384.521;1801.125;1384.521;361.125;307.997
3839;1;El Conquistador;final;1258.169;1809.291;1258.169;369.291;270.202
3840;1;El Conquistador;final;1350.291;1817.458;1350.291;377.458;295.213
3841;1;El Conquistador;final;1379.046;1825.625;1379.046;385.625;304.085
3842;1;El Conquistador;final;1358.909;1833.791;1358.909;393.791;291.808
3842.1;1;El Conquistador;final;1513.229;2753.284;73.229;1313.284;93.381
3843;1;El Conquistador;final;1416.205;1841.958;1416.205;401.958;307.997
3844;1;El Conquistador;final;1365.291;1850.291;1365.291;410.291;294.693
3844.1;1;El Conquistador;final;1498.447;2752.548;58.447;1312.548;85.151
3845;1;El Conquistador;final;1386.729;1860.291;1386.729;420.291;303.994
3846;1;El Conquistador;final;1412.429;1910.291;1412.429;470.291;303.994
3847;1;El Conquistador;final;1148.946;1920.291;1148.946;480.291;200.026
3848;1;El Conquistador;final;1271.046;2480.291;1271.046;1040.291;95.627
3849;1;La Reina;final;1226.054;2505.701;1226.054;1065.701;53.643
3850;1;La Reina;final;1533.033;2515.701;93.033;1075.701;184.475
3851;1;La Reina;final;529.698;1735.597;529.698;295.597;90.571
3852;1;La Reina;final;1244.069;1765.597;1244.069;325.597;278.356
3853;1;La Reina;final;1196.054;1795.597;1196.054;355.597;248.026
3854;1;La Reina;final;1263.765;1813.597;1263.765;373.597;264.101
3855;1;La Reina;final;1418.452;1831.597;1418.452;391.597;294.715
3855.1;1;La Reina;final;1500.733;2825.865;60.733;1385.865;55.563
3856;1;La Reina;final;1378.243;1849.597;1378.243;409.597;311.775
3857;1;La Reina;final;1323.471;1867.597;1323.471;427.597;222.177
3858;1;La Reina;final;1202.043;1885.597;1202.043;445.597;193.94
3859;1;La Reina;final;1344.41;1908.097;1344.41;468.097;291.433
3860;1;La Reina;final;1447.25;1930.597;7.25;490.597;290.935
3860.1;1;La Reina;final;1564.733;2842.35;124.733;1402.35;73.617
3861;1;Los Espinos;final;583.625;1391.113;583.625;1391.113;286.238
3861.1;1;Los Espinos;final;1467.28;1916.332;27.28;476.332;310.666
3861.2;1;Los Espinos;final;1587.508;2843.564;147.508;1403.564;87.619
3862;1;Los Espinos;final;757.78;1421.113;757.78;1421.113;306.988
3862.1;1;Los Espinos;final;1552.946;2198.63;112.946;758.63;282.11
3863;1;Los Espinos;final;783.703;1451.113;783.703;11.113;285.663
3863.1;1;Los Espinos;final;1279.742;2201.113;1279.742;761.113;166.802
3864;1;Los Espinos;final;716.142;1496.113;716.142;56.113;271.785
3864.1;1;Los Espinos;final;1267.62;2121.526;1267.62;681.526;188.398
3865;1;Los Espinos;final;1022.053;1586.113;1022.053;146.113;285.658
3865.1;1;Los Espinos;final;1303.587;2392.013;1303.587;952.013;126.376
3866;1;Los Espinos;final;1186.453;1676.113;1186.453;236.113;285.658
3866.1;1;Los Espinos;final;1315.742;2537.113;1315.742;1097.113;86.224
3867;1;Los Espinos;final;1246.491;1725.113;1246.491;285.113;313.627
3867.1;1;Los Espinos;final;1487.797;2644.735;47.797;1204.735;130.431
3868;1;Los Espinos;final;1291.887;1729.113;1291.887;289.113;305.356
3869;1;Los Espinos;final;1312.004;1733.113;1312.004;293.113;299.415
3870;1;Los Espinos;final;1292.503;1737.113;1292.503;297.113;285.658
3870.1;1;Los Espinos;final;1490.953;2643.613;50.953;1203.613;124.502
3871;1;Los Espinos;final;1247.681;1745.113;1247.681;305.113;289.404
3871.1;1;Los Espinos;final;1382.127;2605.408;1382.127;1165.408;90.526
3872;1;Los Espinos;final;1298.554;1749.113;1298.554;309.113;302.385
3873;1;Los Espinos;final;1279.587;1753.113;1279.587;313.113;288.629
3874;1;Los Espinos;final;1291.587;1757.113;1291.587;317.113;285.658
3875;1;Los Espinos;final;1283.97;1761.113;1283.97;321.113;285.658
3875.1;1;Los Espinos;final;1508.621;2633.963;68.621;1193.963;140.132
3876;1;Los Espinos;final;1316.248;1765.113;1316.248;325.113;293.463
3876.1;1;Los Espinos;final;1439.361;2676.808;1439.361;1236.808;90.526
3877;1;Los Espinos;final;1354.82;1773.113;1354.82;333.113;309.743
3877.1;1;Los Espinos;final;1456.592;2711.113;16.592;1271.113;86.224
3878;1;Los Espinos;final;1213.025;1777.113;1213.025;337.113;268.815
3878.1;1;Los Espinos;final;1577.154;2558.193;137.154;1118.193;203.251
3879;1;Los Espinos;final;1365.72;1781.113;1365.72;341.113;308.971
3880;1;Los Espinos;final;1263.025;1785.197;1263.025;345.197;268.819
3880.1;1;Los Espinos;final;1405.221;2611.526;1405.221;1171.526;99.365
3881;1;Los Espinos;final;1371.887;1789.28;1371.887;349.28;299.419
3882;1;Los Espinos;final;1360.27;1793.363;1360.27;353.363;286.76
3882.1;1;Los Espinos;final;1455.109;2711.113;15.109;1271.113;84.35
3883;1;Los Espinos;final;1293.875;1797.447;1293.875;357.447;292.127
3883.1;1;Los Espinos;final;1397.937;2640.693;1397.937;1200.693;84.512
3884;1;Los Espinos;final;1375.587;1801.53;1375.587;361.53;289.73
3885;1;Los Espinos;final;1391.887;1805.613;1391.887;365.613;300.516
3885.1;1;Los Espinos;final;1493.342;2728.598;53.342;1288.598;98.885
3886;1;Los Espinos;final;1280.542;1809.697;1280.542;369.697;268.819
3887;1;Los Espinos;final;1382.07;1813.78;1382.07;373.78;286.44
3887.1;1;Los Espinos;final;1594.287;2731.113;154.287;1291.113;140.132
3888;1;Los Espinos;final;1287.209;1817.863;1287.209;377.863;268.819
3889;1;Los Espinos;final;1277.225;1821.947;1277.225;381.947;247.385
3890;1;Los Espinos;final;1409.237;1826.03;1409.237;386.03;299.419
3891;1;Los Espinos;final;1420.487;1834.197;1420.487;394.197;299.419
3892;1;Los Espinos;final;1365.292;1846.447;1365.292;406.447;292.127
3892.1;1;Los Espinos;final;1452.653;2708.193;12.653;1268.193;84.512
3893;1;Los Espinos;final;1412.687;1854.613;1412.687;414.613;289.73
3893.1;1;Los Espinos;final;1506.509;2762.513;66.509;1322.513;84.35
3894;1;Los Espinos;final;1191.12;1858.697;1191.12;418.697;206.959
3895;1;Los Espinos;final;1332.709;1870.947;1332.709;430.947;245.511
3896;1;Los Espinos;final;1409.187;1871.113;1409.187;431.113;286.435
3897;1;Los Espinos;final;1451.237;1898.78;11.237;458.78;287.532
3898;1;Los Espinos;final;1227.987;1905.697;1227.987;465.697;206.954
3899;1;Los Espinos;final;651.859;1388.193;651.859;1388.193;288.969
3899.1;1;Los Espinos;final;1291.742;2022.359;1291.742;582.359;208.486
3900;1;Los Espinos;final;692.275;1418.193;692.275;1418.193;281.609
3900.1;1;Los Espinos;final;1407.909;2048.332;1407.909;608.332;257.923
3901;1;Los Espinos;final;708.908;1448.193;708.908;8.193;281.936
3901.1;1;Los Espinos;final;1355.413;2079.332;1355.413;639.332;230.637
3902;1;Los Espinos;final;804.942;1478.193;804.942;38.193;288.287
3902.1;1;Los Espinos;final;1273.07;2211.693;1273.07;771.693;165.09
3903;1;Los Espinos;final;1232.004;1725.693;1232.004;285.693;283.833
3903.1;1;Los Espinos;final;1557.909;2568.332;117.909;1128.332;180.56
3904;1;Los Espinos;final;1346.859;1748.193;1346.859;308.193;313.374
3904.1;1;Los Espinos;final;1567.794;2694.292;127.794;1254.292;142.112
3905;1;Los Espinos;final;1327.742;1755.693;1327.742;315.693;290.166
3905.1;1;Los Espinos;final;1454.237;2674.443;14.237;1234.443;99.365
3906;1;Los Espinos;final;1326.042;1763.193;1326.042;323.193;289.064
3906.1;1;Los Espinos;final;1523.642;2669.593;83.642;1229.593;127.131
3907;1;Los Espinos;final;1253.653;1770.693;1253.653;330.693;268.976
3908;1;Los Espinos;final;1282.453;1778.193;1282.453;338.193;268.976
3909;1;Los Espinos;final;1359.375;1782.693;1359.375;342.693;289.064
3909.1;1;Los Espinos;final;1474.354;2708.193;34.354;1268.193;99.365
3910;1;Los Espinos;final;1287.253;1787.193;1287.253;347.193;268.976
3911;1;Los Espinos;final;1363.742;1791.693;1363.742;351.693;290.161
3911.1;1;Los Espinos;final;1450.953;2708.193;10.953;1268.193;85.608
3912;1;Los Espinos;final;580.087;1796.193;580.087;356.193;84.512
3913;1;Los Espinos;final;1402.159;1800.693;1402.159;360.693;312.372
3914;1;Los Espinos;final;1379.375;1805.193;1379.375;365.193;287.191
3915;1;Los Espinos;final;1386.042;1809.693;1386.042;369.693;290.161
3916;1;Los Espinos;final;1263.253;1818.693;1263.253;378.693;246.765
3917;1;Los Espinos;final;1407.025;1823.193;1407.025;383.193;314.246
3917.1;1;Los Espinos;final;1525.754;2759.593;85.754;1319.593;99.365
3918;1;Los Espinos;final;1404.525;1827.693;1404.525;387.693;310.499
3918.1;1;Los Espinos;final;1492.653;2748.193;52.653;1308.193;84.512
3919;1;Los Espinos;final;1419.525;1845.693;1419.525;405.693;310.499
3920;1;Los Espinos;final;1338.47;1924.359;1338.47;484.359;248.638
3921;1;El Conquistador;final;1188.301;1748.499;1188.301;308.499;246.988
3922;1;El Conquistador;final;1303.501;1778.499;1303.501;338.499;287.256
3922.1;1;El Conquistador;final;1440.293;2722.866;0.293;1282.866;66.965
3923;1;El Conquistador;final;1201.635;1808.499;1201.635;368.499;198.049
3924;1;El Conquistador;final;1317.455;1819.749;1317.455;379.749;265.367
3925;1;El Conquistador;final;1211.925;1830.999;1211.925;390.999;231.353
3926;1;El Conquistador;final;1125.521;1842.249;1125.521;402.249;204.057
3927;1;El Conquistador;final;1172.985;1853.499;1172.985;413.499;213.921
3928;1;El Conquistador;final;1313.201;1864.749;1313.201;424.749;255.649
3929;1;El Conquistador;final;1459.221;1875.999;19.221;435.999;310.169
3929.1;1;El Conquistador;final;1554.316;2779.122;114.316;1339.122;99.121
3930;1;El Conquistador;final;1359.868;1887.249;1359.868;447.249;255.649
3931;1;El Conquistador;final;1421.305;1898.499;1421.305;458.499;297.905
3932;1;El Conquistador;final;1357.251;1913.499;1357.251;473.499;249.238
3933;1;El Conquistador;final;1410.788;1928.499;1410.788;488.499;268.131
3934;1;El Conquistador;final;1268.385;1958.499;1268.385;518.499;207.51
3935;1;El Conquistador;final;1293.016;1988.499;1293.016;548.499;201.817
3936;1;El Conquistador;final;505.016;1732.714;505.016;292.714;88.933
3937;1;El Conquistador;final;1235.985;1775.564;1235.985;335.564;266.777
3937.1;1;El Conquistador;final;1423.885;2639.647;1423.885;1199.647;89.054
3938;1;El Conquistador;final;1399.579;1788.414;1399.579;348.414;312.587
3939;1;El Conquistador;final;1261.633;1801.264;1261.633;361.264;263.166
3940;1;El Conquistador;final;1367.616;1814.114;1367.616;374.114;286.089
3940.1;1;El Conquistador;final;1515.071;2746.993;75.071;1306.993;98.0
3941;1;El Conquistador;final;1379.868;1852.714;1379.868;412.714;274.959
3942;1;El Conquistador;final;1446.499;1912.714;6.499;472.714;286.089
3942.1;1;El Conquistador;final;1540.966;2825.793;100.966;1385.793;73.414
3943;1;El Conquistador;final;1253.755;2460.814;1253.755;1020.814;78.593
3944;1;El Conquistador;final;1245.688;2482.714;1245.688;1042.714;78.593
3945;1;El Conquistador;final;1118.904;1413.284;1118.904;1413.284;291.32
3945.1;1;El Conquistador;final;1433.878;2500.861;1433.878;1060.861;147.698
3946;1;El Conquistador;final;818.483;1443.284;818.483;3.284;314.461
3946.1;1;El Conquistador;final;1347.509;2156.734;1347.509;716.734;232.134
3947;1;El Conquistador;final;813.411;1473.284;813.411;33.284;277.839
3947.1;1;El Conquistador;final;1181.946;2249.105;1181.946;809.105;111.966
3948;1;El Conquistador;final;1109.18;1635.284;1109.18;195.284;259.542
3948.1;1;El Conquistador;final;1292.147;2496.563;1292.147;1056.563;82.337
3949;1;El Conquistador;final;1162.811;1662.284;1162.811;222.284;305.852
3949.1;1;El Conquistador;final;1313.869;2545.656;1313.869;1105.656;83.851
3950;1;El Conquistador;final;508.898;1689.284;508.898;249.284;112.064
3951;1;El Conquistador;final;1231.876;1743.284;1231.876;303.284;262.19
3951.1;1;El Conquistador;final;1518.595;2651.748;78.595;1211.748;137.979
3952;1;El Conquistador;final;1266.23;1753.284;1266.23;313.284;279.714
3952.1;1;El Conquistador;final;1400.697;2649.713;1400.697;1209.713;82.337
3953;1;El Conquistador;final;1297.495;1763.284;1297.495;323.284;280.332
3953.1;1;El Conquistador;final;1432.413;2684.105;1432.413;1244.105;86.42
3954;1;El Conquistador;final;1291.53;1773.284;1291.53;333.284;270.456
3955;1;El Conquistador;final;1303.047;1793.284;1303.047;353.284;287.674
3955.1;1;El Conquistador;final;1374.028;2620.233;1374.028;1180.233;85.981
3956;1;El Conquistador;final;1288.83;1803.284;1288.83;363.284;249.182
3957;1;El Conquistador;final;595.113;1808.567;595.113;368.567;75.651
3958;1;El Conquistador;final;1130.542;1813.851;1130.542;373.851;218.724
3959;1;El Conquistador;final;1338.825;1819.134;1338.825;379.134;280.032
3959.1;1;El Conquistador;final;1548.646;2728.498;108.646;1288.498;110.697
3960;1;El Conquistador;final;1347.495;1824.417;1347.495;384.417;266.824
3961;1;El Conquistador;final;1463.949;1834.984;23.949;394.984;306.57
3962;1;El Conquistador;final;1461.225;1850.834;21.225;410.834;301.139
3963;1;El Conquistador;final;1291.986;1861.401;1291.986;421.401;308.132
3964;1;El Conquistador;final;1322.386;1866.684;1322.386;426.684;271.528
3964.1;1;El Conquistador;final;1470.519;2732.571;30.519;1292.571;104.375
3965;1;El Conquistador;final;1359.118;1871.967;1359.118;431.967;252.864
3966;1;El Conquistador;final;1167.295;1877.251;1167.295;437.251;185.566
3967;1;El Conquistador;final;1343.386;1882.534;1343.386;442.534;266.645
3968;1;El Conquistador;final;1177.346;1893.284;1177.346;453.284;187.963
3969;1;El Conquistador;final;1223.727;1920.284;1223.727;480.284;188.112
3970;1;El Conquistador;final;1403.513;1983.284;1403.513;543.284;238.168
3971;1;El Conquistador;final;675.747;1375.951;675.747;1375.951;306.292
3971.1;1;El Conquistador;final;1339.519;2065.166;1339.519;625.166;247.693
3971.2;1;El Conquistador;final;1455.869;2732.638;15.869;1292.638;104.375
3972;1;El Conquistador;final;749.25;1405.951;749.25;1405.951;307.048
3972.1;1;El Conquistador;final;1371.682;2147.933;1371.682;707.933;220.3
3973;1;El Conquistador;final;1017.57;1435.951;1017.57;1435.951;311.385
3973.1;1;El Conquistador;final;1434.963;2325.861;1434.963;885.861;217.051
3974;1;El Conquistador;final;1112.032;1516.951;1112.032;76.951;286.985
3974.1;1;El Conquistador;final;1411.973;2512.89;1411.973;1072.89;131.089
3975;1;El Conquistador;final;494.199;1735.951;494.199;295.951;81.606
3976;1;El Conquistador;final;1269.141;1765.951;1269.141;325.951;295.274
3976.1;1;El Conquistador;final;1402.413;2654.105;1402.413;1214.105;86.42
3977;1;El Conquistador;final;1416.682;1772.367;1416.682;332.367;305.69
3978;1;El Conquistador;final;1143.359;1778.784;1143.359;338.784;247.86
3978.1;1;El Conquistador;final;1328.812;2536.617;1328.812;1096.617;93.381
3979;1;El Conquistador;final;1359.028;1785.201;1359.028;345.201;304.091
3980;1;El Conquistador;final;1371.276;1791.617;1371.276;351.617;313.526
3981;1;El Conquistador;final;1352.896;1798.034;1352.896;358.034;277.327
3982;1;El Conquistador;final;1395.479;1804.451;1395.479;364.451;306.94
3983;1;El Conquistador;final;1368.875;1810.867;1368.875;370.867;305.865
3983.1;1;El Conquistador;final;1508.375;2762.89;68.375;1322.89;85.088
3984;1;El Conquistador;final;1301.937;1817.284;1301.937;377.284;296.495
3985;1;El Conquistador;final;1283.938;1823.701;1283.938;383.701;257.778
3986;1;El Conquistador;final;1264.655;1830.117;1264.655;390.117;252.753
3987;1;El Conquistador;final;1383.522;1855.784;1383.522;415.784;291.167
3988;1;El Conquistador;final;1290.059;1855.951;1290.059;415.951;252.361
3988.1;1;El Conquistador;final;1501.851;2693.28;61.851;1253.28;104.761
3989;1;El Conquistador;final;1163.546;1891.951;1163.546;451.951;198.639
3990;1;El Conquistador;final;1268.301;1900.951;1268.301;460.951;230.552
3991;1;El Conquistador;final;1362.341;1909.951;1362.341;469.951;260.153
3991.1;1;El Conquistador;final;1559.793;2746.61;119.793;1306.61;117.109
3992;1;La Reina;final;1176.353;1762.477;1176.353;322.477;208.933
3993;1;La Reina;final;1347.446;1772.477;1347.446;332.477;294.364
3993.1;1;La Reina;final;1459.329;2751.688;19.329;1311.688;59.539
3994;1;La Reina;final;1374.717;1782.477;1374.717;342.477;307.254
3994.1;1;La Reina;final;1558.272;2684.057;118.272;1244.057;156.566
3995;1;La Reina;final;1358.696;1852.477;1358.696;412.477;288.537
3996;1;La Reina;final;1329.248;1748.355;1329.248;308.355;300.076
3996.1;1;La Reina;final;1522.012;2688.636;82.012;1248.636;116.015
3997;1;La Reina;final;1223.812;1758.355;1223.812;318.355;266.422
3998;1;La Reina;final;1209.24;1768.355;1209.24;328.355;261.889
3999;1;La Reina;final;1298.44;1778.355;1298.44;338.355;286.099
4000;1;La Reina;final;1334.679;1788.355;1334.679;348.355;297.212
4000.1;1;La Reina;final;1522.964;2738.355;82.964;1298.355;104.756
4001;1;La Reina;final;585.962;1798.355;585.962;358.355;78.305
4002;1;La Reina;final;1248.796;1808.355;1248.796;368.355;251.745
4003;1;La Reina;final;560.93;1822.188;560.93;382.188;68.837
4004;1;La Reina;final;602.43;1863.688;602.43;423.688;68.837
4005;1;La Reina;final;1399.146;1884.438;1399.146;444.438;284.701
4005.1;1;La Reina;final;1479.063;2805.021;39.063;1365.021;49.471
4006;1;La Reina;final;1404.679;1898.355;1404.679;458.355;277.849
4007;1;El Conquistador;final;626.063;1406.61;626.063;1406.61;271.3
4007.1;1;El Conquistador;final;1448.019;2038.463;8.019;598.463;273.331
4008;1;El Conquistador;final;808.651;1436.61;808.651;1436.61;273.202
4008.1;1;El Conquistador;final;1254.759;2232.048;1254.759;792.048;127.173
4009;1;El Conquistador;final;845.208;1466.61;845.208;26.61;304.191
4009.1;1;El Conquistador;final;1465.891;2286.61;25.891;846.61;212.429
4010;1;El Conquistador;final;488.195;1375.233;488.195;1375.233;255.921
4010.1;1;El Conquistador;final;1443.259;1875.243;3.259;435.243;306.421
4010.2;1;El Conquistador;final;1560.297;2836.084;120.297;1396.084;75.651
4011;1;El Conquistador;final;659.651;1405.233;659.651;1405.233;274.922
4011.1;1;El Conquistador;final;1337.251;2088.28;1337.251;648.28;205.602
4012;1;El Conquistador;final;641.628;1435.233;641.628;1435.233;261.412
4012.1;1;El Conquistador;final;1475.292;2051.105;35.292;611.105;261.893
4013;1;El Conquistador;final;1317.251;1743.284;1317.251;303.284;288.496
4014;1;El Conquistador;final;1288.522;1758.284;1288.522;318.284;303.851
4014.1;1;El Conquistador;final;1344.271;2602.714;1344.271;1162.714;78.593
4015;1;El Conquistador;final;1267.495;1773.284;1267.495;333.284;271.13
4016;1;El Conquistador;final;1371.525;1788.284;1371.525;348.284;303.187
4017;1;El Conquistador;final;1236.079;1803.284;1236.079;363.284;268.622
4018;1;El Conquistador;final;1382.425;1818.284;1382.425;378.284;279.541
4018.1;1;El Conquistador;final;1521.296;2766.61;81.296;1326.61;91.057
4019;1;El Conquistador;final;1156.692;1833.284;1156.692;393.284;238.067
4020;1;El Conquistador;final;1294.968;1848.284;1294.968;408.284;309.399
4020.1;1;El Conquistador;final;1518.985;2698.28;78.985;1258.28;111.445
4021;1;El Conquistador;final;1348.809;1863.284;1348.809;423.284;291.979
4022;1;El Conquistador;final;1428.575;1893.284;1428.575;453.284;304.128
4022.1;1;El Conquistador;final;1545.869;2822.638;105.869;1382.638;104.375
4023;1;El Conquistador;final;1338.395;1938.284;1338.395;498.284;262.106
4024;1;El Conquistador;final;1170.025;1800.861;1170.025;360.861;252.403
4025;1;Los Espinos;final;1322.127;1725.408;1322.127;285.408;201.279
4026;1;Los Espinos;final;1492.684;1740.408;52.684;300.408;292.799
4027;1;Los Espinos;final;1239.965;1755.408;1239.965;315.408;149.44
4028;1;Los Espinos;final;1269.965;1770.408;1269.965;330.408;149.44
4029;1;Los Espinos;final;1263.648;1785.408;1263.648;345.408;149.44
4030;1;Los Espinos;final;1547.794;1803.408;107.794;363.408;270.785
4031;1;Los Espinos;final;1297.915;1821.408;1297.915;381.408;149.44
4032;1;Los Espinos;final;1315.048;1839.408;1315.048;399.408;149.44
4033;1;Los Espinos;final;1383.581;2599.177;1383.581;1159.177;107.217
4034;1;El Conquistador;final;1164.386;1761.293;1164.386;321.293;292.816
4034.1;1;El Conquistador;final;1360.682;2556.904;1360.682;1116.904;118.497
4035;1;El Conquistador;final;1095.8;1818.293;1095.8;378.293;264.037
4035.1;1;El Conquistador;final;1327.317;2519.902;1327.317;1079.902;126.069
4036;1;El Conquistador;final;1144.668;1769.817;1144.668;329.817;284.207
4036.1;1;El Conquistador;final;1352.129;2560.978;1352.129;1120.978;97.885
4037;1;El Conquistador;final;1165.817;1809.817;1165.817;369.817;295.645
4037.1;1;El Conquistador;final;1518.417;2577.902;78.417;1137.902;210.327
4038;1;El Conquistador;final;1031.483;1818.817;1031.483;378.817;271.24
4038.1;1;El Conquistador;final;1413.013;2459.902;1413.013;1019.902;165.621
4039;1;El Conquistador;final;493.759;1827.817;493.759;387.817;53.028
4040;1;El Conquistador;final;1166.904;1836.817;1166.904;396.817;298.393
4040.1;1;El Conquistador;final;1492.425;2539.528;52.425;1099.528;165.53
4041;1;La Reina;final;537.928;1364.276;537.928;1364.276;303.344
4041.1;1;La Reina;final;1255.402;1836.776;1255.402;396.776;231.822
4042;1;La Reina;final;475.882;1394.276;475.882;1394.276;259.034
4042.1;1;La Reina;final;1272.452;1856.258;1272.452;416.258;272.96
4043;1;La Reina;final;573.928;1424.276;573.928;1424.276;303.344
4043.1;1;La Reina;final;1213.3;1871.276;1213.3;431.276;260.495
4043.2;1;La Reina;final;1421.212;2595.353;1421.212;1155.353;106.986
4044;1;La Reina;final;587.631;1440.142;587.631;0.142;264.235
4044.1;1;La Reina;final;1501.631;1977.777;61.631;537.777;288.471
4045;1;La Reina;final;575.631;1456.009;575.631;16.009;278.167
4045.1;1;La Reina;final;1296.115;1962.777;1296.115;522.777;233.035
4046;1;La Reina;final;784.315;1487.742;784.315;47.742;298.669
4046.1;1;La Reina;final;1410.15;2223.11;1410.15;783.11;219.61
4047;1;La Reina;final;785.078;1519.476;785.078;79.476;303.344
4047.1;1;La Reina;final;1479.645;2084.276;39.645;644.276;279.675
4047.2;1;La Reina;final;1551.266;2780.276;111.266;1340.276;108.09
4048;1;La Reina;final;763.627;1567.076;763.627;127.076;301.812
4048.1;1;La Reina;final;1175.677;2178.688;1175.677;738.688;118.504
4049;1;La Reina;final;1007.063;1598.809;1007.063;158.809;299.951
4049.1;1;La Reina;final;1436.288;2452.348;1436.288;1012.348;142.135
4050;1;La Reina;final;1091.255;1646.409;1091.255;206.409;269.593
4050.1;1;La Reina;final;1275.072;2522.041;1275.072;1082.041;52.14
4051;1;La Reina;final;1196.146;1678.142;1196.146;238.142;291.343
4051.1;1;La Reina;final;1536.412;2623.648;96.412;1183.648;144.592
4052;1;La Reina;final;1176.435;1694.276;1176.435;254.276;295.118
4053;1;La Reina;final;1204.069;1701.776;1204.069;261.776;296.224
4054;1;La Reina;final;1264.71;1716.776;1264.71;276.776;290.057
4054.1;1;La Reina;final;1412.45;2663.856;1412.45;1223.856;90.926
4055;1;La Reina;final;1204.635;1724.276;1204.635;284.276;295.118
4055.1;1;La Reina;final;1509.071;2614.198;69.071;1174.198;137.286
4056;1;La Reina;final;1218.735;1731.776;1218.735;291.776;295.118
4056.1;1;La Reina;final;1535.0;2626.198;95.0;1186.198;154.769
4057;1;La Reina;final;1164.352;1746.776;1164.352;306.776;275.466
4058;1;La Reina;final;1252.165;1754.276;1252.165;314.276;151.426
4059;1;La Reina;final;1214.795;1761.776;1214.795;321.776;303.023
4059.1;1;La Reina;final;1353.085;2517.876;1353.085;1077.876;117.937
4060;1;La Reina;final;1163.405;1776.776;1163.405;336.776;256.63
4060.1;1;La Reina;final;1419.229;2594.948;1419.229;1154.948;102.874
4061;1;La Reina;final;1159.906;1784.276;1159.906;344.276;284.789
4062;1;La Reina;final;1338.635;1791.776;1338.635;351.776;309.797
4063;1;La Reina;final;1181.516;1799.276;1181.516;359.276;260.173
4063.1;1;La Reina;final;1391.212;2565.353;1391.212;1125.353;106.986
4064;1;La Reina;final;1127.085;1806.776;1127.085;366.776;216.822
4065;1;La Reina;final;1312.595;1814.276;1312.595;374.276;303.023
4065.1;1;La Reina;final;1545.812;2609.276;105.812;1169.276;185.593
4066;1;La Reina;final;1337.165;1829.276;1337.165;389.276;297.725
4066.1;1;La Reina;final;1461.55;2727.727;21.55;1287.727;81.23
4067;1;La Reina;final;1303.538;1844.276;1303.538;404.276;307.348
4067.1;1;La Reina;final;1474.3;2670.92;34.3;1230.92;88.909
4068;1;La Reina;final;1346.862;1880.276;1346.862;440.276;303.344
4069;1;La Reina;final;1235.1;1889.276;1235.1;449.276;260.495
4069.1;1;La Reina;final;1441.212;2615.353;1.212;1175.353;106.986
4070;1;La Reina;final;1246.0;1898.276;1246.0;458.276;260.495
4070.1;1;La Reina;final;1451.212;2625.353;11.212;1185.353;106.986
4071;1;La Reina;final;1300.085;1934.276;1300.085;494.276;275.466
4071.1;1;La Reina;final;1517.867;2713.198;77.867;1273.198;114.992
4072;1;La Reina;final;1386.9;2164.276;1386.9;724.276;225.842
4073;1;La Reina;final;1351.485;2365.176;1351.485;925.176;157.714
4074;1;La Reina;final;1256.452;2376.076;1256.452;936.076;117.937
4075;1;La Reina;final;1500.812;2539.676;60.812;1099.676;185.593
4076;1;La Reina;final;1354.2;2550.576;1354.2;1110.576;108.09
4077;1;La Reina;final;574.51;1405.353;574.51;1405.353;297.008
4077.1;1;La Reina;final;1282.123;1977.927;1282.123;537.927;270.909
4078;1;La Reina;final;743.902;1435.353;743.902;1435.353;314.611
4078.1;1;La Reina;final;1280.785;2162.165;1280.785;722.165;166.478
4079;1;La Reina;final;788.267;1465.353;788.267;25.353;314.393
4079.1;1;La Reina;final;1176.452;2208.017;1176.452;768.017;119.846
4080;1;La Reina;final;868.033;1492.353;868.033;52.353;314.393
4080.1;1;La Reina;final;1184.785;2285.321;1184.785;845.321;112.565
4081;1;La Reina;final;1251.116;1759.353;1251.116;319.353;299.639
4081.1;1;La Reina;final;1429.645;2635.353;1429.645;1195.353;106.986
4082;1;La Reina;final;1269.922;1771.353;1269.922;331.353;306.234
4083;1;La Reina;final;1184.519;1796.258;1184.519;356.258;272.96
4084;1;La Reina;final;1129.1;1806.258;1129.1;366.258;263.113
4084.1;1;La Reina;final;1575.812;2515.353;135.812;1075.353;224.737
4085;1;La Reina;final;1299.7;1816.258;1299.7;376.258;297.766
4086;1;La Reina;final;1379.369;1826.258;1379.369;386.258;313.844
4086.1;1;La Reina;final;1466.467;2791.598;26.467;1351.598;55.563
4087;1;La Reina;final;1361.728;1836.258;1361.728;396.258;308.08
4088;1;La Reina;final;1196.616;1846.258;1196.616;406.258;263.113
4088.1;1;La Reina;final;1401.212;2575.353;1401.212;1135.353;106.986
4089;1;La Reina;final;1389.369;1885.353;1389.369;445.353;296.065
4090;1;Vespucio Norte;final;1274.964;1761.654;1274.964;321.654;303.5
4091;1;Vespucio Norte;final;1216.246;1770.221;1216.246;330.221;294.158
4091.1;1;Vespucio Norte;final;1468.562;2649.654;28.562;1209.654;99.273
4092;1;Vespucio Norte;final;1167.079;1787.354;1167.079;347.354;258.518
4092.1;1;Vespucio Norte;final;1326.379;2601.654;1326.379;1161.654;69.951
4093;1;Vespucio Norte;final;1132.812;1795.921;1132.812;355.921;264.836
4093.1;1;Vespucio Norte;final;1428.408;2565.654;1428.408;1125.654;127.192
4094;1;Vespucio Norte;final;1276.246;1813.054;1276.246;373.054;294.158
4094.1;1;Vespucio Norte;final;1531.375;2706.654;91.375;1266.654;127.192
4095;1;Vespucio Norte;final;1204.912;1821.654;1204.912;381.654;258.777
4095.1;1;Vespucio Norte;final;1364.929;2637.654;1364.929;1197.654;69.951
4096;1;Vespucio Norte;final;1415.236;1839.654;1415.236;399.654;294.415
4096.1;1;Vespucio Norte;final;1498.078;2836.773;58.078;1396.773;44.595
4097;1;Vespucio Norte;intermedia;599.279;611.0;599.279;611.0;258.17
4097;2;Vespucio Norte;intermedia;784.129;811.0;784.129;811.0;69.951
4097;3;Vespucio Norte;final;998.246;1377.521;998.246;1377.521;69.951
4097.1;1;Vespucio Norte;final;1448.562;2445.654;8.562;1005.654;164.235
4098;1;Vespucio Norte;final;508.729;1407.521;508.729;1407.521;271.991
4098.1;1;Vespucio Norte;final;1256.362;1941.654;1256.362;501.654;222.878
4099;1;Vespucio Norte;intermedia;871.346;894.0;871.346;894.0;287.233
4099;2;Vespucio Norte;final;1232.362;1437.521;1232.362;1437.521;92.955
4100;1;Vespucio Norte;final;1247.191;1752.521;1247.191;312.521;309.093
4101;1;Vespucio Norte;final;1261.678;1767.521;1261.678;327.521;293.869
4102;1;Vespucio Norte;final;1404.817;1898.354;1404.817;458.354;305.017
4103;1;Vespucio Norte;final;1473.239;2410.354;33.239;970.354;195.275
4104;1;Vespucio Norte;final;1483.375;2453.187;43.375;1013.187;178.911
4105;1;Vespucio Norte;final;1429.877;2470.321;1429.877;1030.321;154.909
4106;1;Vespucio Norte;final;1455.109;2487.521;15.109;1047.521;157.968
4107;1;Vespucio Norte;final;1490.451;2497.521;50.451;1057.521;168.08
4108;1;Vespucio Norte;final;1350.179;2557.521;1350.179;1117.521;92.348
4109;1;Vespucio Norte;final;1083.413;1427.76;1083.413;1427.76;304.464
4109.1;1;Vespucio Norte;final;1274.039;2518.163;1274.039;1078.163;60.06
4110;1;Vespucio Norte;final;839.245;1457.76;839.245;17.76;298.988
4111;1;Vespucio Norte;final;1281.699;1757.76;1281.699;317.76;273.236
4112;1;Vespucio Norte;final;1201.454;1769.76;1201.454;329.76;230.277
4113;1;Vespucio Norte;final;1352.295;1781.76;1352.295;341.76;314.427
4114;1;Vespucio Norte;final;1332.115;1793.76;1332.115;353.76;271.218
4115;1;Vespucio Norte;final;1236.237;1805.76;1236.237;365.76;230.277
4116;1;Vespucio Norte;final;1427.221;1817.76;1427.221;377.76;299.64
4116.1;1;Vespucio Norte;final;1500.615;2850.56;60.615;1410.56;43.105
4117;1;Vespucio Norte;final;1379.315;1827.76;1379.315;387.76;273.523
4118;1;Vespucio Norte;final;1346.454;1857.76;1346.454;417.76;258.348
4119;1;Vespucio Norte;final;1397.815;1897.76;1397.815;457.76;275.533
4120;1;Vespucio Norte;final;1346.304;1920.61;1346.304;480.61;236.601
4121;1;Vespucio Norte;final;1489.354;1933.46;49.354;493.46;291.02
4122;1;Vespucio Norte;final;1439.095;1766.707;1439.095;326.707;291.345
4122.1;1;Vespucio Norte;final;1505.762;2846.038;65.762;1406.038;43.852
4123;1;Vespucio Norte;final;1152.214;1778.707;1152.214;338.707;216.186
4124;1;Vespucio Norte;final;1258.247;1790.707;1258.247;350.707;257.136
4125;1;Vespucio Norte;final;1198.581;1802.707;1198.581;362.707;243.16
4126;1;Vespucio Norte;final;1438.011;1827.557;1438.011;387.557;313.226
4127;1;Vespucio Norte;final;1212.214;1840.407;1212.214;400.407;216.186
4128;1;Vespucio Norte;final;1348.247;1853.257;1348.247;413.257;257.136
4129;1;Vespucio Norte;final;1346.847;1866.107;1346.847;426.107;257.136
4130;1;Vespucio Norte;final;1248.214;1878.957;1248.214;438.957;216.186
4131;1;Vespucio Norte;final;1243.247;1891.807;1243.247;451.807;216.186
4132;1;Vespucio Norte;final;1376.847;1904.707;1376.847;464.707;257.136
4133;1;Vespucio Norte;final;864.697;1424.707;864.697;1424.707;305.773
4133.1;1;Vespucio Norte;final;1333.247;2294.707;1333.247;854.707;134.286
4134;1;Vespucio Norte;final;1147.868;1454.707;1147.868;14.707;281.055
4134.1;1;Vespucio Norte;final;1285.926;2559.998;1285.926;1119.998;68.421
4135;1;Vespucio Norte;final;1123.23;1484.707;1123.23;44.707;260.173
4136;1;El Conquistador;final;846.12;1469.779;846.12;29.779;286.344
4136.1;1;El Conquistador;final;1457.021;2292.113;17.021;852.113;214.695
4137;1;El Conquistador;final;1139.617;1649.779;1139.617;209.779;305.654
4137.1;1;El Conquistador;final;1279.389;2527.779;1279.389;1087.779;74.68
4138;1;El Conquistador;final;1237.517;1748.346;1237.517;308.346;279.403
4138.1;1;El Conquistador;final;1477.001;2627.779;37.001;1187.779;127.615
4139;1;El Conquistador;final;1342.667;1756.912;1342.667;316.912;281.363
4139.1;1;El Conquistador;final;1554.339;2729.779;114.339;1289.779;126.398
4140;1;El Conquistador;final;1362.667;1765.479;1362.667;325.479;305.099
4141;1;El Conquistador;final;1372.667;1774.046;1372.667;334.046;305.099
4141.1;1;El Conquistador;final;1490.751;2759.779;50.751;1319.779;76.485
4142;1;El Conquistador;final;1342.146;1791.179;1342.146;351.179;305.095
4143;1;El Conquistador;final;1366.048;1799.746;1366.048;359.746;272.122
4144;1;El Conquistador;final;1274.667;1799.779;1274.667;359.779;256.223
4145;1;El Conquistador;final;1351.422;1807.946;1351.422;367.946;299.965
4146;1;El Conquistador;final;1303.389;1816.112;1303.389;376.112;279.885
4147;1;El Conquistador;final;1269.683;1824.279;1269.683;384.279;313.24
4148;1;El Conquistador;final;1311.865;1832.446;1311.865;392.446;270.627
4148.1;1;El Conquistador;final;1537.408;2707.534;97.408;1267.534;119.673
4149;1;El Conquistador;final;1374.572;1840.612;1374.572;400.612;279.558
4150;1;El Conquistador;final;1295.389;1848.779;1295.389;408.779;254.418
4151;1;El Conquistador;final;1443.067;1856.946;3.067;416.946;305.099
4152;1;El Conquistador;final;1405.001;1865.112;1405.001;425.112;281.919
4153;1;El Conquistador;final;1302.417;1873.279;1302.417;433.279;230.201
4154;1;El Conquistador;final;1417.851;1889.779;1417.851;449.779;302.812
4154.1;1;El Conquistador;final;1523.417;2809.779;83.417;1369.779;74.198
4155;1;El Conquistador;final;1368.767;1938.779;1368.767;498.779;280.514
4156;1;Vespucio Norte;intermedia;831.389;852.0;831.389;852.0;274.36
4156;2;Vespucio Norte;final;1169.084;1492.163;1169.084;52.163;79.378
4156.1;1;Vespucio Norte;final;1248.017;2604.225;1248.017;1164.225;32.437
4157;1;Vespucio Norte;final;1302.936;1762.938;1302.936;322.938;258.593
4158;1;Vespucio Norte;final;1211.736;1774.938;1211.736;334.938;241.539
4159;1;Vespucio Norte;final;1292.9;1786.938;1292.9;346.938;300.684
4159.1;1;Vespucio Norte;final;1490.011;2689.832;50.011;1249.832;107.658
4160;1;Vespucio Norte;final;1391.922;1798.938;1391.922;358.938;299.735
4160.1;1;Vespucio Norte;final;1508.789;2771.119;68.789;1331.119;87.4
4161;1;Vespucio Norte;final;1456.702;1810.938;16.702;370.938;274.707
4162;1;Vespucio Norte;final;1331.711;1837.163;1331.711;397.163;284.574
4163;1;Vespucio Norte;final;1121.448;1852.163;1121.448;412.163;198.124
4164;1;Vespucio Norte;final;1306.264;1867.163;1306.264;427.163;243.434
4165;1;Vespucio Norte;final;1302.046;1762.415;1302.046;322.415;309.781
4165.1;1;Vespucio Norte;final;1343.246;2734.475;1343.246;1294.475;28.305
4166;1;Vespucio Norte;final;1295.142;1774.415;1295.142;334.415;278.49
4166.1;1;Vespucio Norte;final;1365.283;2701.398;1365.283;1261.398;52.317
4167;1;Vespucio Norte;final;1396.479;1786.415;1396.479;346.415;306.876
4167.1;1;Vespucio Norte;final;1456.831;2832.07;16.831;1392.07;34.691
4168;1;Vespucio Norte;final;1361.717;1798.415;1361.717;358.415;302.26
4168.1;1;Vespucio Norte;final;1442.71;2774.832;2.71;1334.832;52.114
4169;1;Vespucio Norte;final;1317.145;1852.415;1317.145;412.415;271.529
4170;1;Vespucio Norte;final;1337.076;1862.415;1337.076;422.415;307.193
4171;1;Vespucio Norte;final;1283.736;1882.415;1283.736;442.415;251.797
4172;1;Vespucio Norte;final;1193.759;1756.11;1193.759;316.11;294.289
4172.1;1;Vespucio Norte;final;1475.236;2602.773;35.236;1162.773;124.142
4173;1;Vespucio Norte;final;1243.948;1768.11;1243.948;328.11;269.725
4174;1;Vespucio Norte;final;1226.136;1780.11;1226.136;340.11;227.55
4175;1;Vespucio Norte;final;1264.536;1792.11;1264.536;352.11;236.409
4176;1;Vespucio Norte;final;1364.622;1804.11;1364.622;364.11;265.733
4176.1;1;Vespucio Norte;final;1469.122;2743.253;29.122;1303.253;85.152
4177;1;Vespucio Norte;final;1321.242;1844.11;1321.242;404.11;308.339
4177.1;1;Vespucio Norte;final;1436.702;2739.998;1436.702;1299.998;58.893
4178;1;Vespucio Norte;final;1342.194;1750.773;1342.194;310.773;287.496
4179;1;Vespucio Norte;final;1273.705;1760.773;1273.705;320.773;200.86
4180;1;Vespucio Norte;final;1278.936;1770.773;1278.936;330.773;272.949
4181;1;Vespucio Norte;final;1260.36;1780.773;1260.36;340.773;256.359
4182;1;Vespucio Norte;final;1364.798;1790.773;1364.798;350.773;263.596
4183;1;Vespucio Norte;final;1259.305;1800.773;1259.305;360.773;248.381
4184;1;Vespucio Norte;final;1320.378;1810.773;1320.378;370.773;276.28
4185;1;Vespucio Norte;final;1305.255;1822.023;1305.255;382.023;272.894
4186;1;Vespucio Norte;final;1403.745;1878.273;1403.745;438.273;300.212
4186.1;1;Vespucio Norte;final;1473.964;2821.066;33.964;1381.066;46.398
4187;1;Vespucio Norte;final;1151.978;1889.523;1151.978;449.523;188.004
4188;1;Vespucio Norte;final;1442.645;1900.773;2.645;460.773;301.137
4189;1;Vespucio Norte;final;1265.27;2510.773;1265.27;1070.773;61.411
4190;1;Vespucio Norte;final;966.698;1468.684;966.698;28.684;275.222
4190.1;1;Vespucio Norte;final;1275.515;2398.233;1275.515;958.233;120.133
4191;1;Vespucio Norte;final;1278.645;1603.684;1278.645;163.684;310.656
4192;1;Vespucio Norte;final;1248.36;1738.684;1248.36;298.684;297.186
4192.1;1;Vespucio Norte;final;1332.811;2665.686;1332.811;1225.686;50.711
4193;1;Vespucio Norte;final;1144.579;1748.684;1144.579;308.684;248.829
4194;1;Vespucio Norte;final;1232.713;1758.684;1232.713;318.684;271.695
4195;1;Vespucio Norte;final;1221.145;1768.684;1221.145;328.684;271.17
4196;1;Vespucio Norte;final;1336.748;1778.684;1336.748;338.684;301.583
4197;1;Vespucio Norte;final;1176.811;1788.684;1176.811;348.684;240.593
4198;1;Vespucio Norte;final;1311.283;1798.684;1311.283;358.684;282.584
4198.1;1;Vespucio Norte;final;1491.317;2716.761;51.317;1276.761;92.64
4199;1;Vespucio Norte;final;1148.911;1808.684;1148.911;368.684;221.136
4200;1;Vespucio Norte;final;1369.445;1818.684;1369.445;378.684;295.629
4200.1;1;Vespucio Norte;final;1450.045;2780.671;10.045;1340.671;49.487
4201;1;Vespucio Norte;final;1197.161;1828.684;1197.161;388.684;232.567
4202;1;Vespucio Norte;final;1350.811;1838.684;1350.811;398.684;312.477
4203;1;Vespucio Norte;final;1277.27;1848.684;1277.27;408.684;242.71
4204;1;Vespucio Norte;final;1363.711;1858.684;1363.711;418.684;280.896
4205;1;Vespucio Norte;final;1392.378;1868.684;1392.378;428.684;281.18
4206;1;Vespucio Norte;final;1317.095;1878.684;1317.095;438.684;244.616
4207;1;Vespucio Norte;final;1258.581;1888.684;1258.581;448.684;234.259
4208;1;Vespucio Norte;final;1193.27;2518.684;1193.27;1078.684;43.243
4209;1;Vespucio Norte;final;1261.055;1762.724;1261.055;322.724;285.351
4210;1;Vespucio Norte;final;1339.76;1774.724;1339.76;334.724;256.145
4211;1;Vespucio Norte;final;1221.336;1786.724;1221.336;346.724;241.479
4212;1;Vespucio Norte;final;1347.493;1798.724;1347.493;358.724;309.703
4212.1;1;Vespucio Norte;final;1392.417;2665.441;1392.417;1225.441;71.51
4213;1;Vespucio Norte;final;1382.85;1810.724;1382.85;370.724;312.487
4214;1;Vespucio Norte;final;1331.45;1822.593;1331.45;382.593;290.068
4214.1;1;Vespucio Norte;final;1402.71;2734.832;1402.71;1294.832;52.114
4215;1;Vespucio Norte;final;1332.003;1838.926;1332.003;398.926;279.093
4215.1;1;Vespucio Norte;final;1449.614;2740.773;9.614;1300.773;69.738
4216;1;Vespucio Norte;final;1257.596;1863.426;1257.596;423.426;223.806
4217;1;Vespucio Norte;final;1431.331;1871.593;1431.331;431.593;288.936
4218;1;Vespucio Norte;final;1281.145;1912.426;1281.145;472.426;226.472
4219;1;Vespucio Norte;final;582.561;1912.593;582.561;472.593;43.443
4220;1;Vespucio Norte;final;1154.163;2522.593;1154.163;1082.593;26.733
4221;1;Vespucio Norte;final;1489.411;2542.593;49.411;1102.593;154.345
4222;1;Vespucio Norte;final;1075.379;1408.024;1075.379;1408.024;291.339
4222.1;1;Vespucio Norte;final;1450.078;2506.372;10.078;1066.372;147.147
4223;1;Vespucio Norte;final;1238.445;1738.024;1238.445;298.024;275.843
4224;1;Vespucio Norte;final;1333.711;1750.024;1333.711;310.024;311.63
4224.1;1;Vespucio Norte;final;1437.781;2728.684;1437.781;1288.684;65.815
4225;1;Vespucio Norte;final;1324.445;1762.024;1324.445;322.024;302.339
4225.1;1;Vespucio Norte;final;1410.045;2740.671;1410.045;1300.671;49.487
4226;1;Vespucio Norte;final;1210.761;1774.024;1210.761;334.024;258.044
4227;1;Vespucio Norte;final;1318.645;1786.024;1318.645;346.024;283.457
4228;1;Vespucio Norte;final;1181.448;1798.024;1181.448;358.024;221.58
4229;1;Vespucio Norte;final;1176.778;1808.024;1176.778;368.024;222.675
4230;1;Vespucio Norte;final;1186.736;1818.024;1186.736;378.024;226.509
4231;1;Vespucio Norte;final;1360.001;1828.024;1360.001;388.024;291.98
4231.1;1;Vespucio Norte;final;1476.826;2769.998;36.826;1329.998;68.421
4232;1;Vespucio Norte;final;784.061;1838.024;784.061;398.024;123.701
4233;1;Vespucio Norte;final;1395.144;1848.024;1395.144;408.024;292.455
4233.1;1;Vespucio Norte;final;1474.078;2812.773;34.078;1372.773;44.595
4234;1;Vespucio Norte;final;1371.164;2518.024;1371.164;1078.024;118.588
4235;1;Vespucio Norte;final;1269.336;1771.787;1269.336;331.787;216.685
4236;1;Vespucio Norte;final;1271.246;1783.787;1271.246;343.787;257.284
4237;1;Vespucio Norte;final;1265.261;1849.787;1265.261;409.787;240.485
4238;1;El Conquistador;final;905.689;1466.63;905.689;26.63;296.546
4238.1;1;El Conquistador;final;1453.977;2310.88;13.977;870.88;244.328
4239;1;El Conquistador;final;1140.744;1601.63;1140.744;161.63;314.806
4239.1;1;El Conquistador;final;1411.011;2510.89;1411.011;1070.89;154.787
4240;1;El Conquistador;final;1208.706;1736.63;1208.706;296.63;296.842
4240.1;1;El Conquistador;final;1505.688;2596.63;65.688;1156.63;163.454
4241;1;El Conquistador;final;1280.421;1766.63;1280.421;326.63;298.006
4241.1;1;El Conquistador;final;1396.889;2664.451;1396.889;1224.451;81.141
4242;1;El Conquistador;final;1295.977;1781.63;1295.977;341.63;299.193
4242.1;1;El Conquistador;final;1529.663;2635.89;89.663;1195.89;154.677
4243;1;El Conquistador;final;1319.884;1796.63;1319.884;356.63;307.565
4243.1;1;El Conquistador;final;1388.787;2718.751;1388.787;1278.751;53.583
4244;1;El Conquistador;final;1378.977;1811.63;1378.977;371.63;314.37
4245;1;El Conquistador;final;1392.31;1826.63;1392.31;386.63;314.806
4246;1;El Conquistador;final;1387.919;1841.63;1387.919;401.63;307.056
4246.1;1;El Conquistador;final;1502.418;2787.552;62.418;1347.552;73.038
4247;1;Vespucio Norte;final;1301.311;1761.654;1301.311;321.654;291.377
4248;1;Vespucio Norte;final;1354.348;1773.654;1354.348;333.654;297.44
4249;1;Vespucio Norte;final;1344.814;1785.654;1344.814;345.654;297.181
4249.1;1;Vespucio Norte;final;1471.813;2761.569;31.813;1321.569;68.892
4250;1;Vespucio Norte;final;1236.246;1797.654;1236.246;357.654;294.417
4250.1;1;Vespucio Norte;final;1403.709;2675.107;1403.709;1235.107;69.266
4251;1;Vespucio Norte;final;1192.912;1809.654;1192.912;369.654;258.777
4251.1;1;Vespucio Norte;final;1428.562;2625.654;1428.562;1185.654;99.273
4252;1;Vespucio Norte;final;1327.764;1821.654;1327.764;381.654;277.154
4253;1;Vespucio Norte;final;1335.496;1847.354;1335.496;407.354;283.39
4254;1;Vespucio Norte;final;1246.246;1860.204;1246.246;420.204;258.518
4254.1;1;Vespucio Norte;final;1533.226;2676.654;93.226;1236.654;135.571
4255;1;Vespucio Norte;final;1388.298;1784.33;1388.298;344.33;311.645
4255.1;1;Vespucio Norte;final;1460.011;2804.436;20.011;1364.436;45.276
4256;1;Vespucio Norte;final;1396.702;1868.58;1396.702;428.58;304.019
4256.1;1;Vespucio Norte;final;1467.283;2819.998;27.283;1379.998;39.55
4257;1;Vespucio Norte;final;1312.135;1468.684;1312.135;28.684;305.481
4257.1;1;Vespucio Norte;final;1452.826;2739.948;12.826;1299.948;68.421
4258;1;Vespucio Norte;final;1182.798;1738.684;1182.798;298.684;266.191
4259;1;Vespucio Norte;final;1280.968;1750.684;1280.968;310.684;296.73
4259.1;1;Vespucio Norte;final;1447.283;2688.548;7.283;1248.548;92.19
4260;1;Vespucio Norte;final;1202.976;1762.684;1202.976;322.684;283.174
4260.1;1;Vespucio Norte;final;1280.716;2609.998;1280.716;1169.998;52.317
4261;1;Vespucio Norte;final;1384.445;1774.684;1384.445;334.684;293.629
4262;1;Vespucio Norte;final;1348.711;1786.684;1348.711;346.684;198.612
4263;1;Vespucio Norte;final;1339.445;1798.684;1339.445;358.684;293.827
4264;1;Vespucio Norte;final;1377.003;1809.934;1377.003;369.934;302.457
4265;1;Vespucio Norte;final;1387.663;1821.184;1387.663;381.184;293.359
4265.1;1;Vespucio Norte;final;1539.163;2832.475;99.163;1392.475;75.011
4266;1;Vespucio Norte;final;1344.3;1832.434;1344.3;392.434;290.39
4267;1;Vespucio Norte;final;1342.001;1843.684;1342.001;403.684;280.631
4268;1;Vespucio Norte;final;1178.061;1854.934;1178.061;414.934;213.377
4269;1;Vespucio Norte;final;1274.445;1866.184;1274.445;426.184;251.676
4270;1;Vespucio Norte;final;1289.311;1877.434;1289.311;437.434;222.781
4271;1;Vespucio Norte;final;1346.711;1888.684;1346.711;448.684;262.49
4272;1;Vespucio Norte;final;1291.978;2518.684;1291.978;1078.684;77.12
4273;1;Vespucio Norte;final;1419.229;1750.773;1419.229;310.773;310.03
4273.1;1;Vespucio Norte;final;1522.029;2854.963;82.029;1414.963;51.221
4274;1;Vespucio Norte;final;1360.445;1762.773;1360.445;322.773;297.028
4275;1;Vespucio Norte;final;1308.663;1774.773;1308.663;334.773;311.2
4275.1;1;Vespucio Norte;final;1462.636;2752.248;22.636;1312.248;64.114
4276;1;Vespucio Norte;final;1293.095;1786.773;1293.095;346.773;278.87
4277;1;Vespucio Norte;final;1394.328;1798.773;1394.328;358.773;313.598
4277.1;1;Vespucio Norte;final;1481.695;2779.424;41.695;1339.424;67.612
4278;1;Vespucio Norte;final;1242.264;1810.773;1242.264;370.773;255.558
4279;1;Vespucio Norte;final;1321.972;1822.023;1321.972;382.023;294.101
4279.1;1;Vespucio Norte;final;1482.636;2703.619;42.636;1263.619;102.249
4280;1;Vespucio Norte;final;1305.145;1833.273;1305.145;393.273;279.712
4281;1;Vespucio Norte;final;1278.268;1844.523;1278.268;404.523;251.992
4282;1;Vespucio Norte;final;1318.711;1889.523;1318.711;449.523;269.181
4283;1;Vespucio Norte;final;1289.27;2530.773;1289.27;1090.773;69.449
4284;1;Vespucio Norte;final;1188.214;1468.024;1188.214;28.024;288.245
4284.1;1;Vespucio Norte;final;1430.631;2609.707;1430.631;1169.707;93.337
4285;1;Vespucio Norte;final;1251.978;1738.024;1251.978;298.024;299.582
4285.1;1;Vespucio Norte;final;1391.711;2638.024;1391.711;1198.024;85.985
4286;1;Vespucio Norte;final;1140.811;1750.024;1140.811;310.024;242.761
4287;1;Vespucio Norte;final;1312.211;1762.024;1312.211;322.024;295.893
4287.1;1;Vespucio Norte;final;1393.711;2725.773;1393.711;1285.773;44.595
4288;1;Vespucio Norte;final;1369.478;1774.024;1369.478;334.024;309.845
4288.1;1;Vespucio Norte;final;1457.781;2792.466;17.781;1352.466;49.835
4289;1;Vespucio Norte;final;1331.805;1786.024;1331.805;346.024;304.09
4289.1;1;Vespucio Norte;final;1373.372;2713.219;1373.372;1273.219;42.284
4290;1;Vespucio Norte;final;1301.27;1798.024;1301.27;358.024;267.752
4291;1;Vespucio Norte;final;1187.736;1818.024;1187.736;378.024;240.084
4292;1;Vespucio Norte;final;1354.445;1828.024;1354.445;388.024;251.313
4293;1;Vespucio Norte;final;1371.295;1838.024;1371.295;398.024;302.858
4294;1;Vespucio Norte;final;1176.736;1848.024;1176.736;408.024;208.734
4295;1;Vespucio Norte;final;1453.496;1738.024;13.496;298.024;302.695
4296;1;Vespucio Norte;final;1249.887;1750.024;1249.887;310.024;248.984
4297;1;Vespucio Norte;final;1410.376;1762.024;1410.376;322.024;285.33
4297.1;1;Vespucio Norte;final;1490.376;2820.624;50.376;1380.624;49.905
4298;1;Vespucio Norte;final;1292.039;1774.024;1292.039;334.024;217.294
4299;1;Vespucio Norte;final;1305.095;1786.024;1305.095;346.024;253.793
4300;1;Vespucio Norte;final;1181.948;1798.024;1181.948;358.024;234.681
4301;1;Vespucio Norte;final;1248.028;1807.024;1248.028;367.024;266.19
4302;1;Vespucio Norte;final;1404.698;1834.024;1404.698;394.024;304.832
4302.1;1;Vespucio Norte;final;1444.698;2824.436;4.698;1384.436;27.297
4303;1;Vespucio Norte;final;1392.734;1852.024;1392.734;412.024;289.712
4303.1;1;Vespucio Norte;final;1482.645;2814.33;42.645;1374.33;49.002
4304;1;Vespucio Norte;final;1305.311;1870.024;1305.311;430.024;232.049
4305;1;Vespucio Norte;final;1356.378;1888.024;1356.378;448.024;263.155
4306;1;Vespucio Norte;final;1291.748;1746.081;1291.748;306.081;305.262
4307;1;Vespucio Norte;final;1378.711;1776.081;1378.711;336.081;308.434
4308;1;Vespucio Norte;final;1297.961;2645.981;1297.961;1205.981;39.843
4309;1;Vespucio Norte;final;1183.052;1728.951;1183.052;288.951;223.207
4310;1;Vespucio Norte;final;1353.002;1734.951;1353.002;294.951;285.89
4310.1;1;Vespucio Norte;final;1484.435;2718.951;44.435;1278.951;97.841
4311;1;Vespucio Norte;final;1198.052;1740.951;1198.052;300.951;223.207
4312;1;Vespucio Norte;final;1285.585;1746.951;1285.585;306.951;254.548
4313;1;Vespucio Norte;final;1213.052;1752.951;1213.052;312.951;223.207
4314;1;Vespucio Norte;final;1373.002;1758.951;1373.002;318.951;285.89
4315;1;Vespucio Norte;final;1223.052;1764.951;1223.052;324.951;223.207
4316;1;Vespucio Norte;final;1233.052;1770.951;1233.052;330.951;223.207
4317;1;Vespucio Norte;final;1383.002;1776.951;1383.002;336.951;285.89
4317.1;1;Vespucio Norte;final;1518.702;2753.217;78.702;1313.217;97.841
4318;1;Vespucio Norte;final;1315.585;1782.951;1315.585;342.951;254.548
4319;1;Vespucio Norte;final;523.719;1788.951;523.719;348.951;66.5
4320;1;Vespucio Norte;final;1168.052;1793.451;1168.052;353.451;191.865
4321;1;Vespucio Norte;final;532.719;1797.951;532.719;357.951;66.5
4322;1;Vespucio Norte;final;1403.002;1802.451;1403.002;362.451;285.89
4322.1;1;Vespucio Norte;final;1535.835;2770.351;95.835;1330.351;97.841
4323;1;Vespucio Norte;final;1413.002;1811.451;1413.002;371.451;285.89
4324;1;Vespucio Norte;final;1433.035;1829.451;1433.035;389.451;285.89
4324.1;1;Vespucio Norte;final;1501.569;2804.617;61.569;1364.617;66.5
4325;1;Vespucio Norte;final;1228.052;1847.451;1228.052;407.451;191.865
4326;1;Vespucio Norte;final;1393.002;1865.451;1393.002;425.451;254.548
4327;1;Vespucio Norte;final;1330.585;1869.951;1330.585;429.951;223.207
4328;1;Vespucio Norte;final;1338.085;1874.451;1338.085;434.451;223.207
4329;1;Vespucio Norte;final;1238.052;1878.951;1238.052;438.951;191.865
4330;1;Vespucio Norte;final;1153.052;1887.951;1153.052;447.951;160.524
4331;1;Vespucio Norte;final;1032.96;1474.832;1032.96;34.832;292.676
4331.1;1;Vespucio Norte;final;1249.059;2448.573;1249.059;1008.573;91.504
4332;1;Vespucio Norte;final;1278.11;1756.832;1278.11;316.832;289.85
4332.1;1;Vespucio Norte;final;1450.376;2689.174;10.376;1249.174;84.526
4333;1;Vespucio Norte;final;1375.445;1768.832;1375.445;328.832;289.969
4334;1;Vespucio Norte;final;1297.629;1780.832;1297.629;340.832;291.132
4335;1;Vespucio Norte;final;1078.879;1474.761;1078.879;34.761;311.984
4335.1;1;Vespucio Norte;final;1495.985;2522.415;55.985;1082.415;160.069
4336;1;Vespucio Norte;final;1286.039;1764.761;1286.039;324.761;306.1
4337;1;Vespucio Norte;final;1346.622;1784.761;1346.622;344.761;305.202
4337.1;1;Vespucio Norte;final;1433.179;2726.119;1433.179;1286.119;64.143
4338;1;Vespucio Norte;final;1339.363;1804.761;1339.363;364.761;299.138
4339;1;Vespucio Norte;final;1344.739;1861.011;1344.739;421.011;273.242
4340;1;Vespucio Norte;final;1346.942;1894.761;1346.942;454.761;293.362
4341;1;Vespucio Norte;final;921.66;1490.266;921.66;50.266;292.253
4341.1;1;Vespucio Norte;final;1456.214;2356.924;16.214;916.924;194.72
4342;1;Vespucio Norte;final;1244.11;1772.266;1244.11;332.266;274.49
4343;1;Vespucio Norte;final;1226.25;1784.266;1226.25;344.266;308.47
4343.1;1;Vespucio Norte;final;1401.614;2627.485;1401.614;1187.485;94.007
4344;1;Vespucio Norte;final;1233.095;1766.436;1233.095;326.436;266.813
4345;1;Vespucio Norte;final;1269.998;1778.436;1269.998;338.436;250.589
4346;1;Vespucio Norte;final;1186.665;1790.436;1186.665;350.436;234.789
4347;1;Vespucio Norte;final;1267.764;1802.436;1267.764;362.436;253.124
4347.1;1;Vespucio Norte;final;1456.184;2700.807;16.184;1260.807;79.378
4348;1;Vespucio Norte;final;1124.911;1814.436;1124.911;374.436;208.843
4349;1;Vespucio Norte;final;1374.739;1827.269;1374.739;387.269;272.261
4350;1;Vespucio Norte;final;1349.328;1833.686;1349.328;393.686;284.795
4351;1;Vespucio Norte;final;1309.445;1852.936;1309.445;412.936;242.144
4352;1;Vespucio Norte;final;1224.811;1865.769;1224.811;425.769;124.77
4353;1;Vespucio Norte;final;1348.679;1885.019;1348.679;445.019;263.046
4354;1;Vespucio Norte;final;1316.509;1891.436;1316.509;451.436;236.177
4355;1;Vespucio Norte;final;1387.728;2515.819;1387.728;1075.819;105.635
4356;1;Vespucio Norte;final;1439.698;2525.036;1439.698;1085.036;130.517
4357;1;Vespucio Norte;final;1273.948;2534.436;1273.948;1094.436;57.623
4358;1;Vespucio Norte;final;1316.454;1757.76;1316.454;317.76;282.4
4358.1;1;Vespucio Norte;final;1495.754;2747.71;55.754;1307.71;75.833
4359;1;Vespucio Norte;final;1392.165;1772.76;1392.165;332.76;297.845
4360;1;Vespucio Norte;final;1334.363;1787.76;1334.363;347.76;290.377
4361;1;Vespucio Norte;final;1393.049;1802.76;1393.049;362.76;306.179
4361.1;1;Vespucio Norte;final;1466.349;2816.294;26.349;1376.294;43.105
4362;1;Vespucio Norte;final;1409.354;1817.76;1409.354;377.76;301.929
4362.1;1;Vespucio Norte;final;1478.621;2833.427;38.621;1393.427;38.855
4363;1;Vespucio Norte;final;1378.049;1829.01;1378.049;389.01;282.135
4364;1;Vespucio Norte;final;1429.354;1840.26;1429.354;400.26;291.299
4365;1;Vespucio Norte;final;1433.346;1851.51;1433.346;411.51;304.417
4366;1;Vespucio Norte;final;1389.354;1920.61;1389.354;480.61;262.933
4367;1;Vespucio Norte;final;799.965;1421.066;799.965;1421.066;252.12
4367.1;1;Vespucio Norte;final;1211.632;2248.349;1211.632;808.349;120.133
4368;1;Vespucio Norte;final;1289.455;1775.066;1289.455;335.066;280.633
4368.1;1;Vespucio Norte;final;1520.522;2669.869;80.522;1229.869;143.732
4369;1;Vespucio Norte;final;1245.046;1833.566;1245.046;393.566;228.964
4370;1;Vespucio Norte;final;1325.246;1856.066;1325.246;416.066;268.114
4371;1;Vespucio Norte;final;1374.378;1991.066;1374.378;551.066;254.226
4372;1;Vespucio Norte;final;1326.636;1484.436;1326.636;44.436;306.75
4372.1;1;Vespucio Norte;final;1435.144;2718.48;1435.144;1278.48;69.489
4373;1;Vespucio Norte;final;1388.622;1754.436;1388.622;314.436;305.939
4374;1;Vespucio Norte;final;1140.635;1766.436;1140.635;326.436;228.077
4375;1;Vespucio Norte;final;1361.847;1778.436;1361.847;338.436;216.701
4376;1;Vespucio Norte;final;1191.468;1802.436;1191.468;362.436;249.758
4377;1;Vespucio Norte;final;1356.295;1848.186;1356.295;408.186;272.602
4378;1;Vespucio Norte;final;1256.699;1766.066;1256.699;326.066;285.856
4378.1;1;Vespucio Norte;final;1529.048;2574.235;89.048;1134.235;182.663
4379;1;Vespucio Norte;final;1265.311;1781.066;1265.311;341.066;299.838
4380;1;Vespucio Norte;final;1237.996;1851.066;1237.996;411.066;177.696
4381;1;Vespucio Norte;final;1164.163;1871.066;1164.163;431.066;220.582
4382;1;Vespucio Norte;final;1273.247;1881.066;1273.247;441.066;229.261
4383;1;Vespucio Norte;final;1183.23;1901.066;1183.23;461.066;205.151
4384;1;Vespucio Norte;final;1341.311;1492.07;1341.311;52.07;307.575
4384.1;1;Vespucio Norte;final;1374.348;2770.266;1374.348;1330.266;20.465
4385;1;Vespucio Norte;final;1262.039;1777.07;1262.039;337.07;265.784
4386;1;Vespucio Norte;final;1275.255;1792.07;1275.255;352.07;293.938
4387;1;Vespucio Norte;final;1162.329;1837.07;1162.329;397.07;222.339
4388;1;Vespucio Norte;final;1271.131;1852.07;1271.131;412.07;254.62
4389;1;Vespucio Norte;final;1468.427;1867.07;28.427;427.07;305.172
4390;1;Vespucio Norte;final;1309.579;1484.436;1309.579;44.436;313.027
4390.1;1;Vespucio Norte;final;1451.922;2725.671;11.922;1285.671;70.799
4391;1;Vespucio Norte;final;1277.764;1754.436;1277.764;314.436;274.237
4391.1;1;Vespucio Norte;final;1473.317;2713.657;33.317;1273.657;79.378
4392;1;Vespucio Norte;final;1251.283;1769.436;1251.283;329.436;289.106
4393;1;Vespucio Norte;final;1243.581;1784.436;1243.581;344.436;298.017
4394;1;Vespucio Norte;final;1325.379;1814.436;1325.379;374.436;304.434
4395;1;Vespucio Norte;final;1451.294;1904.436;11.294;464.436;300.622
4396;1;El Conquistador;final;1320.767;1751.779;1320.767;311.779;303.367
4396.1;1;El Conquistador;final;1458.067;2714.779;18.067;1274.779;76.485
4397;1;El Conquistador;final;1309.032;1763.779;1309.032;323.779;282.169
4397.1;1;El Conquistador;final;1489.165;2702.89;49.165;1262.89;103.172
4398;1;El Conquistador;final;1277.517;1775.779;1277.517;335.779;276.561
4398.1;1;El Conquistador;final;1501.001;2665.479;61.001;1225.479;127.615
4399;1;El Conquistador;final;1277.165;1787.779;1277.165;347.779;270.391
4399.1;1;El Conquistador;final;1449.048;2702.039;9.048;1262.039;76.911
4400;1;El Conquistador;final;1318.417;1799.779;1318.417;359.779;279.632
4401;1;El Conquistador;final;1346.048;1811.029;1346.048;371.029;269.836
4402;1;El Conquistador;final;1367.389;1822.279;1367.389;382.279;301.007
4403;1;El Conquistador;final;1259.917;1833.529;1259.917;393.529;253.936
4404;1;El Conquistador;final;1307.917;1844.779;1307.917;404.779;277.116
4404.1;1;El Conquistador;final;1500.384;2699.779;60.384;1259.779;102.18
4405;1;El Conquistador;final;1428.067;1856.029;1428.067;416.029;302.256
4406;1;El Conquistador;final;1254.417;1867.279;1254.417;427.279;227.914
4407;1;El Conquistador;final;1295.917;1889.779;1295.917;449.779;275.385
4407.1;1;El Conquistador;final;1483.315;2684.779;43.315;1244.779;92.94
4408;1;El Conquistador;final;1257.517;1941.179;1257.517;501.179;202.218
4409;1;Vespucio Norte;final;1112.213;1770.671;1112.213;330.671;218.609
4410;1;Vespucio Norte;final;1311.636;1790.671;1311.636;350.671;296.073
4411;1;Vespucio Norte;final;1308.163;1810.671;1308.163;370.671;281.167
4411.1;1;Vespucio Norte;final;1478.322;2740.913;38.322;1300.913;75.541
4412;1;Vespucio Norte;final;1262.445;1836.371;1262.445;396.371;256.181
4413;1;Vespucio Norte;final;1270.895;1887.771;1270.895;447.771;237.591
4414;1;Vespucio Norte;final;1198.578;1900.621;1198.578;460.621;205.526
4415;1;Vespucio Norte;final;1153.081;1900.671;1153.081;460.671;192.022
4416;1;Vespucio Norte;final;1209.145;1468.684;1209.145;28.684;285.719
4417;1;Vespucio Norte;final;1232.561;1738.684;1232.561;298.684;281.183
4418;1;Vespucio Norte;final;1337.148;1753.684;1337.148;313.684;296.885
4419;1;Vespucio Norte;final;1199.861;1768.684;1199.861;328.684;248.115
4420;1;Vespucio Norte;final;1487.283;1783.684;47.283;343.684;271.078
4421;1;Vespucio Norte;final;890.645;1798.684;890.645;358.684;160.776
4422;1;Vespucio Norte;final;1222.695;1809.934;1222.695;369.934;260.483
4423;1;Vespucio Norte;final;1280.111;1821.184;1280.111;381.184;267.773
4424;1;Vespucio Norte;final;1122.898;1832.434;1122.898;392.434;203.787
4425;1;Vespucio Norte;final;1409.328;1843.684;1409.328;403.684;302.04
4426;1;Vespucio Norte;final;1257.095;1854.934;1257.095;414.934;224.238
4427;1;Vespucio Norte;final;572.062;1866.184;572.062;426.184;48.239
4428;1;Vespucio Norte;final;1277.311;1877.434;1277.311;437.434;233.642
4429;1;Vespucio Norte;final;1265.311;1888.684;1265.311;448.684;251.638
4430;1;Vespucio Norte;final;1201.579;2518.684;1201.579;1078.684;48.239
4431;1;Vespucio Norte;final;1249.579;1759.973;1249.579;319.973;289.682
4431.1;1;Vespucio Norte;final;1490.045;2665.671;50.045;1225.671;105.545
4432;1;Vespucio Norte;final;1308.36;1774.973;1308.36;334.973;287.078
4432.1;1;Vespucio Norte;final;1421.847;2729.707;1421.847;1289.707;52.387
4433;1;Vespucio Norte;final;1250.136;1789.973;1250.136;349.973;304.201
4434;1;Vespucio Norte;final;1308.392;1804.973;1308.392;364.973;288.387
4434.1;1;Vespucio Norte;final;1390.983;2727.098;1390.983;1287.098;52.317
4435;1;Vespucio Norte;final;1216.536;1827.473;1216.536;387.473;206.322
4436;1;Vespucio Norte;final;1409.279;1872.473;1409.279;432.473;297.204
4436.1;1;Vespucio Norte;final;1473.532;2785.054;33.532;1345.054;69.924
4437;1;Vespucio Norte;final;1152.213;1894.973;1152.213;454.973;228.43
4438;1;Vespucio Norte;final;1160.446;1749.998;1160.446;309.998;190.77
4439;1;Vespucio Norte;final;1287.283;1764.998;1287.283;324.998;297.1
4440;1;Vespucio Norte;final;1256.039;1779.998;1256.039;339.998;314.43
4440.1;1;Vespucio Norte;final;1296.636;2636.119;1296.636;1196.119;43.669
4441;1;Vespucio Norte;final;1258.276;1794.998;1258.276;354.998;271.434
4442;1;Vespucio Norte;final;799.945;1809.998;799.945;369.998;122.456
4443;1;Vespucio Norte;final;1238.113;1819.998;1238.113;379.998;260.007
4444;1;Vespucio Norte;final;1343.717;1829.998;1343.717;389.998;309.517
4445;1;Vespucio Norte;final;1302.55;1839.998;1302.55;399.998;287.006
4445.1;1;Vespucio Norte;final;1486.214;2704.832;46.214;1264.832;95.067
4446;1;Vespucio Norte;final;1334.092;1859.998;1334.092;419.998;291.349
4447;1;Vespucio Norte;final;1379.717;1869.998;1379.717;429.998;294.093
4448;1;Vespucio Norte;final;1416.86;1911.248;1416.86;471.248;292.588
4448.1;1;Vespucio Norte;final;1516.214;2834.707;76.214;1394.707;54.309
4449;1;Vespucio Norte;final;1490.631;2529.898;50.631;1089.898;146.627
4450;1;Vespucio Norte;final;1354.031;2529.998;1354.031;1089.998;101.791
4451;1;Vespucio Norte;final;1290.929;1757.76;1290.929;317.76;299.907
4451.1;1;Vespucio Norte;final;1451.813;2726.413;11.813;1286.413;66.967
4452;1;Vespucio Norte;final;1392.954;1769.76;1392.954;329.76;297.623
4452.1;1;Vespucio Norte;final;1461.487;2816.294;21.487;1376.294;38.855
4453;1;Vespucio Norte;final;1384.854;1781.76;1384.854;341.76;295.884
4453.1;1;Vespucio Norte;final;1449.354;2807.76;9.354;1367.76;36.837
4454;1;Vespucio Norte;final;1236.115;1793.76;1236.115;353.76;243.148
4455;1;Vespucio Norte;final;1348.049;1805.76;1348.049;365.76;277.829
4456;1;Vespucio Norte;final;1432.082;1817.76;1432.082;377.76;299.584
4456.1;1;Vespucio Norte;final;1512.887;2867.694;72.887;1427.694;38.855
4457;1;Vespucio Norte;final;1444.354;1829.01;4.354;389.01;295.334
4457.1;1;Vespucio Norte;final;1517.749;2867.694;77.749;1427.694;43.105
4458;1;Vespucio Norte;final;1449.215;1840.26;9.215;400.26;294.999
4459;1;Vespucio Norte;final;1188.049;1907.76;1188.049;467.76;184.693
4460;1;Vespucio Norte;final;1236.371;1997.76;1236.371;557.76;175.85
4461;1;Vespucio Norte;final;1313.45;1484.436;1313.45;44.436;309.163
4461.1;1;Vespucio Norte;final;1397.076;2719.832;1397.076;1279.832;52.114
4462;1;Vespucio Norte;final;1221.661;1774.436;1221.661;334.436;263.94
4463;1;Vespucio Norte;final;1314.179;1832.436;1314.179;392.436;296.572
4463.1;1;Vespucio Norte;final;1507.375;2751.654;67.375;1311.654;91.552
4464;1;Vespucio Norte;final;1220.378;1850.436;1220.378;410.436;236.576
4465;1;Vespucio Norte;final;1302.698;1868.436;1302.698;428.436;230.953
4466;1;Vespucio Norte;final;1209.095;1904.436;1209.095;464.436;208.015
4467;1;Vespucio Norte;final;1507.584;2534.436;67.584;1094.436;156.241
4468;1;Vespucio Norte;final;1053.517;1492.163;1053.517;52.163;289.097
4468.1;1;Vespucio Norte;final;1276.161;2464.33;1276.161;1024.33;82.547
4469;1;Vespucio Norte;final;1175.131;1627.163;1175.131;187.163;308.277
4469.1;1;Vespucio Norte;final;1247.363;2594.436;1247.363;1154.436;37.666
4470;1;Vespucio Norte;final;1303.779;1772.163;1303.779;332.163;298.472
4470.1;1;Vespucio Norte;final;1476.702;2752.475;36.702;1312.475;75.187
4471;1;Vespucio Norte;final;1258.329;1792.163;1258.329;352.163;292.334
4472;1;Vespucio Norte;final;1181.256;1812.163;1181.256;372.163;239.259
4472.1;1;Vespucio Norte;final;1507.506;2618.129;67.506;1178.129;133.825
4473;1;Vespucio Norte;final;1401.131;1867.163;1401.131;427.163;286.647
4473.1;1;Vespucio Norte;final;1471.985;2816.436;31.985;1376.436;41.239
4474;1;Vespucio Norte;final;1268.028;1754.436;1268.028;314.436;306.836
4474.1;1;Vespucio Norte;final;1374.418;2681.066;1374.418;1241.066;57.415
4475;1;Vespucio Norte;final;1288.614;1766.436;1288.614;326.436;287.622
4476;1;Vespucio Norte;final;1329.11;1778.436;1329.11;338.436;286.333
4477;1;Vespucio Norte;final;1405.267;1814.436;1405.267;374.436;307.191
4477.1;1;Vespucio Norte;final;1476.817;2850.225;36.817;1410.225;32.437
4478;1;Vespucio Norte;final;1349.178;1834.436;1349.178;394.436;273.437
4479;1;Vespucio Norte;final;1454.348;1844.436;14.348;404.436;307.522
4480;1;Vespucio Norte;final;1310.445;1874.436;1310.445;434.436;264.18
4481;1;Vespucio Norte;final;1200.013;1733.564;1200.013;293.564;291.288
4481.1;1;Vespucio Norte;final;1258.296;2632.593;1258.296;1192.593;31.723
4482;1;Vespucio Norte;final;1288.211;1745.564;1288.211;305.564;301.529
4482.1;1;Vespucio Norte;final;1379.328;2695.773;1379.328;1255.773;52.633
4483;1;Vespucio Norte;final;1297.579;1757.564;1297.579;317.564;291.615
4483.1;1;Vespucio Norte;final;1386.295;2710.671;1386.295;1270.671;49.487
4484;1;Vespucio Norte;final;1264.446;1769.564;1264.446;329.564;291.878
4485;1;Vespucio Norte;final;1261.528;1781.564;1261.528;341.564;256.839
4486;1;Vespucio Norte;final;1356.311;1803.564;1356.311;363.564;294.176
4486.1;1;Vespucio Norte;final;1473.179;2789.787;33.179;1349.787;57.507
4487;1;Vespucio Norte;final;1391.16;1853.564;1391.16;413.564;310.508
4487.1;1;Vespucio Norte;final;1470.376;2800.624;30.376;1360.624;49.905
4488;1;Vespucio Norte;final;1339.229;1863.564;1339.229;423.564;302.431
4488.1;1;Vespucio Norte;final;1477.179;2775.654;37.179;1335.654;69.951
4489;1;Vespucio Norte;final;1238.049;1757.76;1238.049;317.76;243.148
4490;1;Vespucio Norte;final;1405.015;1769.76;1405.015;329.76;308.483
4490.1;1;Vespucio Norte;final;1488.965;2827.76;48.965;1387.76;45.402
4491;1;Vespucio Norte;final;1327.915;1781.76;1327.915;341.76;275.533
4492;1;Vespucio Norte;final;1391.454;1793.76;1391.454;353.76;293.038
4493;1;Vespucio Norte;final;1397.704;1805.76;1397.704;365.76;290.741
4493.1;1;Vespucio Norte;final;1469.354;2827.76;29.354;1387.76;36.837
4494;1;Vespucio Norte;final;1448.965;1817.76;8.965;377.76;312.511
4495;1;Vespucio Norte;final;1410.087;1829.01;1410.087;389.01;295.047
4495.1;1;Vespucio Norte;final;1483.482;2833.427;43.482;1393.427;43.105
4496;1;Vespucio Norte;final;1366.465;1840.26;1366.465;400.26;269.209
4497;1;Vespucio Norte;final;1329.479;1862.76;1329.479;422.76;267.271
4498;1;Vespucio Norte;final;1268.046;1874.01;1268.046;434.01;239.413
4499;1;Vespucio Norte;final;1331.454;1896.51;1331.454;456.51;234.583
4500;1;Vespucio Norte;final;1200.371;1907.76;1200.371;467.76;199.894
4501;1;Vespucio Norte;final;1408.965;1997.76;1408.965;557.76;245.165
4502;1;El Conquistador;final;891.867;1469.779;891.867;29.779;279.632
4502.1;1;El Conquistador;final;1502.939;2319.779;62.939;879.779;202.7
4503;1;El Conquistador;final;1174.667;1739.779;1174.667;299.779;283.357
4503.1;1;El Conquistador;final;1491.318;2567.779;51.318;1127.779;141.806
4504;1;El Conquistador;final;1310.417;1749.779;1310.417;309.779;281.919
4504.1;1;El Conquistador;final;1525.217;2699.779;85.217;1259.779;125.916
4505;1;El Conquistador;final;1283.917;1759.779;1283.917;319.779;282.474
4505.1;1;El Conquistador;final;1392.117;2669.779;1392.117;1229.779;74.198
4506;1;El Conquistador;final;1375.389;1769.779;1375.389;329.779;305.58
4506.1;1;El Conquistador;final;1431.915;2728.685;1431.915;1288.685;60.678
4507;1;El Conquistador;final;1264.667;1779.779;1264.667;339.779;282.245
4507.1;1;El Conquistador;final;1466.117;2654.779;26.117;1214.779;102.18
4508;1;El Conquistador;final;1377.117;1789.779;1377.117;349.779;305.099
4509;1;El Conquistador;final;1379.301;1799.779;1379.301;359.779;307.941
4510;1;El Conquistador;final;1271.493;1807.946;1271.493;367.946;272.265
4511;1;El Conquistador;final;1277.084;1816.112;1277.084;376.112;274.829
4512;1;El Conquistador;final;1255.617;1824.279;1255.617;384.279;256.779
4513;1;El Conquistador;final;1377.301;1832.446;1377.301;392.446;308.497
4513.1;1;El Conquistador;final;1551.784;2764.046;111.784;1324.046;102.18
4514;1;El Conquistador;final;1341.682;1840.612;1341.682;400.612;284.438
4515;1;El Conquistador;final;1272.767;1848.779;1272.767;408.779;280.514
4516;1;El Conquistador;final;1332.667;1856.946;1332.667;416.946;279.403
4516.1;1;El Conquistador;final;1454.401;2729.729;14.401;1289.729;77.04
4517;1;El Conquistador;final;1322.667;1865.112;1322.667;425.112;277.116
4517.1;1;El Conquistador;final;1549.001;2714.779;109.001;1274.779;124.772
4518;1;El Conquistador;final;1346.03;1889.779;1346.03;449.779;293.584
4518.1;1;El Conquistador;final;1451.9;2669.483;11.9;1229.483;94.0
4519;1;El Conquistador;final;1356.767;1923.529;1356.767;483.529;253.936
4520;1;El Conquistador;final;758.489;1409.779;758.489;1409.779;303.26
4520.1;1;El Conquistador;final;1284.767;2174.069;1284.767;734.069;175.712
4521;1;El Conquistador;final;849.467;1439.779;849.467;1439.779;305.066
4521.1;1;El Conquistador;final;1230.059;2280.157;1230.059;840.157;126.579
4522;1;El Conquistador;final;846.867;1469.779;846.867;29.779;302.779
4522.1;1;El Conquistador;final;1443.417;2274.779;3.417;834.779;202.218
4523;1;El Conquistador;final;1036.109;1415.089;1036.109;1415.089;286.599
4523.1;1;El Conquistador;final;1535.728;2439.284;95.728;999.284;203.222
4524;1;El Conquistador;final;1180.161;1445.089;1180.161;5.089;280.515
4524.1;1;El Conquistador;final;1324.81;2559.271;1324.81;1119.271;86.832
4525;1;El Conquistador;final;657.732;1404.271;657.732;1404.271;284.609
4525.1;1;El Conquistador;final;1500.813;2056.718;60.813;616.718;297.51
4526;1;El Conquistador;final;846.453;1434.271;846.453;1434.271;305.757
4526.1;1;El Conquistador;final;1453.115;2252.098;13.115;812.098;184.278
4527;1;El Conquistador;final;645.177;1464.271;645.177;24.271;279.189
4527.1;1;El Conquistador;final;1300.644;1985.89;1300.644;545.89;237.416
4528;1;Vespucio Norte;final;1221.095;1811.066;1221.095;371.066;245.688
4529;1;Vespucio Norte;final;1408.562;1856.033;1408.562;416.033;296.896
4529.1;1;Vespucio Norte;final;1488.562;2851.654;48.562;1411.654;34.311
4530;1;Vespucio Norte;final;1269.887;1901.066;1269.887;461.066;260.358
4531;1;Vespucio Norte;final;1248.617;1763.176;1248.617;323.176;275.452
4532;1;Vespucio Norte;final;1261.905;1775.176;1261.905;335.176;258.599
4533;1;Vespucio Norte;final;1278.617;1787.176;1278.617;347.176;287.602
4534;1;Vespucio Norte;final;1335.763;1799.176;1335.763;359.176;289.258
4535;1;Vespucio Norte;final;1304.622;1811.176;1304.622;371.176;283.96
4536;1;Vespucio Norte;final;1343.805;1826.759;1343.805;386.759;291.606
4536.1;1;Vespucio Norte;final;1485.561;2726.119;45.561;1286.119;99.036
4537;1;Vespucio Norte;final;1400.011;1835.325;1400.011;395.325;238.007
4538;1;Vespucio Norte;final;1167.596;1852.459;1167.596;412.459;191.599
4539;1;Vespucio Norte;final;1144.163;1865.309;1144.163;425.309;226.87
4540;1;Vespucio Norte;final;1402.636;1869.592;1402.636;429.592;297.299
4541;1;Vespucio Norte;final;1293.398;1882.442;1293.398;442.442;248.06
4542;1;Vespucio Norte;final;1452.478;1886.725;12.478;446.725;306.784
4543;1;Vespucio Norte;final;1361.711;1912.425;1361.711;472.425;261.261
4544;1;Vespucio Norte;final;1394.348;1912.475;1394.348;472.475;275.321
4545;1;Vespucio Norte;final;1307.805;1852.415;1307.805;412.415;274.385
4546;1;Vespucio Norte;final;1265.363;1882.415;1265.363;442.415;255.776
4547;1;Vespucio Norte;final;1317.515;1762.298;1317.515;322.298;296.917
4548;1;Vespucio Norte;final;1305.75;1774.298;1305.75;334.298;304.707
4548.1;1;Vespucio Norte;final;1477.781;2708.36;37.781;1268.36;95.951
4549;1;Vespucio Norte;final;1390.422;1867.298;1390.422;427.298;237.584
4550;1;Vespucio Norte;final;1184.695;1762.593;1184.695;322.593;270.887
4551;1;Vespucio Norte;final;1384.689;1782.593;1384.689;342.593;313.104
4551.1;1;Vespucio Norte;final;1538.789;2766.119;98.789;1326.119;100.864
4552;1;Vespucio Norte;final;1455.145;1822.593;15.145;382.593;290.308
4553;1;Vespucio Norte;final;1352.076;1852.593;1352.076;412.593;286.638
4554;1;Vespucio Norte;final;1353.346;1882.593;1353.346;442.593;275.996
4555;1;Vespucio Norte;final;1375.522;1912.593;1375.522;472.593;269.221
4555.1;1;Vespucio Norte;final;1493.789;2756.119;53.789;1316.119;87.4
4556;1;El Conquistador;final;1190.085;1743.284;1190.085;303.284;305.518
4556.1;1;El Conquistador;final;1277.251;2502.714;1277.251;1062.714;82.356
4557;1;El Conquistador;final;1230.093;1773.284;1230.093;333.284;275.778
4558;1;El Conquistador;final;1283.749;1803.284;1283.749;363.284;252.155
4559;1;El Conquistador;final;1319.07;1833.284;1319.07;393.284;297.132
4560;1;El Conquistador;final;1291.175;1863.284;1291.175;423.284;269.767
4561;1;El Conquistador;final;1382.146;1893.284;1382.146;453.284;302.544
4561.1;1;El Conquistador;final;1514.706;2687.881;74.706;1247.881;128.097
4562;1;Vespucio Norte;final;1254.223;1764.225;1254.223;324.225;272.608
4562.1;1;Vespucio Norte;final;1439.051;2687.957;1439.051;1247.957;79.378
4563;1;Vespucio Norte;final;1285.689;1774.225;1285.689;334.225;268.664
4563.1;1;Vespucio Norte;final;1501.523;2720.646;61.523;1280.646;96.05
4564;1;Vespucio Norte;final;1334.455;1784.225;1334.455;344.225;308.804
4564.1;1;Vespucio Norte;final;1457.922;2714.869;17.922;1274.869;87.4
4565;1;Vespucio Norte;final;1191.056;1794.225;1191.056;354.225;251.921
4565.1;1;Vespucio Norte;final;1434.856;2627.346;1434.856;1187.346;96.05
4566;1;Vespucio Norte;final;1313.529;1804.225;1313.529;364.225;282.203
4566.1;1;Vespucio Norte;final;1453.179;2751.654;13.179;1311.654;69.951
4567;1;Vespucio Norte;final;1326.839;1814.225;1326.839;374.225;299.051
4568;1;Vespucio Norte;final;1175.646;1824.225;1175.646;384.225;258.941
4569;1;Vespucio Norte;final;1357.317;1874.225;1357.317;434.225;270.256
4570;1;Vespucio Norte;final;1232.656;1894.225;1232.656;454.225;216.281
4571;1;Vespucio Norte;final;1064.911;1904.225;1064.911;464.225;168.15
4572;1;Vespucio Norte;final;1175.056;1914.225;1175.056;474.225;200.015
4573;1;Vespucio Norte;final;1268.017;2544.225;1268.017;1104.225;62.331
4574;1;Vespucio Norte;final;1282.498;1762.372;1282.498;322.372;293.03
4574.1;1;Vespucio Norte;final;1510.346;2668.349;70.346;1228.349;141.417
4575;1;Vespucio Norte;final;1251.629;1777.372;1251.629;337.372;304.872
4575.1;1;Vespucio Norte;final;1365.163;2684.663;1365.163;1244.663;51.221
4576;1;Vespucio Norte;final;1310.968;1792.372;1310.968;352.372;298.372
4577;1;Vespucio Norte;final;1423.985;1837.372;1423.985;397.372;307.958
4577.1;1;Vespucio Norte;final;1473.131;2819.564;33.131;1379.564;39.517
4578;1;Vespucio Norte;final;497.162;1844.872;497.162;404.872;39.125
4579;1;Vespucio Norte;final;1367.446;1852.372;1367.446;412.372;296.08
4580;1;Vespucio Norte;final;1347.272;1867.372;1347.272;427.372;261.904
4580.1;1;Vespucio Norte;final;1568.789;2726.119;128.789;1286.119;143.732
4581;1;Vespucio Norte;final;1113.363;1874.872;1113.363;434.872;188.493
4582;1;Vespucio Norte;final;1291.798;1728.875;1291.798;288.875;313.699
4583;1;Vespucio Norte;final;1239.417;1743.875;1239.417;303.875;287.93
4583.1;1;Vespucio Norte;final;1436.479;2644.761;1436.479;1204.761;104.975
4584;1;Vespucio Norte;final;1299.283;1758.875;1299.283;318.875;306.547
4584.1;1;Vespucio Norte;final;1482.71;2698.761;42.71;1258.761;87.548
4585;1;Vespucio Norte;final;1351.748;1798.875;1351.748;358.875;310.06
4586;1;Vespucio Norte;final;1286.277;1828.875;1286.277;388.875;280.835
4587;1;Vespucio Norte;final;640.999;1424.797;640.999;1424.797;243.437
4588;1;Vespucio Norte;final;1287.061;1754.436;1287.061;314.436;216.282
4589;1;Vespucio Norte;final;1291.868;1774.436;1291.868;334.436;294.479
4590;1;Vespucio Norte;final;1371.839;1794.436;1371.839;354.436;269.996
4591;1;Vespucio Norte;final;1364.328;1844.436;1364.328;404.436;288.326
4592;1;Vespucio Norte;final;1196.736;1859.436;1196.736;419.436;205.35
4593;1;Vespucio Norte;final;1273.579;1874.436;1273.579;434.436;239.951
4594;1;Vespucio Norte;final;1472.278;1738.024;32.278;298.024;289.568
4595;1;Vespucio Norte;final;1293.336;1758.024;1293.336;318.024;296.206
4596;1;Vespucio Norte;final;1338.163;1798.024;1338.163;358.024;290.847
4596.1;1;Vespucio Norte;final;1436.363;2769.296;1436.363;1329.296;51.221
4597;1;Vespucio Norte;final;1365.627;1843.024;1365.627;403.024;295.147
4597.1;1;Vespucio Norte;final;1473.614;2809.787;33.614;1369.787;52.801
4598;1;Vespucio Norte;final;1220.464;1858.024;1220.464;418.024;226.681
4599;1;Vespucio Norte;final;1205.27;1888.024;1205.27;448.024;229.451
4600;1;Vespucio Norte;final;1291.146;1736.119;1291.146;296.119;294.183
4600.1;1;Vespucio Norte;final;1345.563;2722.415;1345.563;1282.415;33.489
4601;1;Vespucio Norte;final;1303.365;1744.686;1303.365;304.686;298.343
4602;1;Vespucio Norte;final;1185.828;1753.253;1185.828;313.253;231.537
4603;1;Vespucio Norte;final;623.865;1761.819;623.865;321.819;110.283
4604;1;Vespucio Norte;final;1356.636;1770.386;1356.636;330.386;289.076
4605;1;Vespucio Norte;final;1183.581;1787.519;1183.581;347.519;240.548
4606;1;Vespucio Norte;final;1370.798;1812.969;1370.798;372.969;300.752
4606.1;1;Vespucio Norte;final;1503.532;2758.349;63.532;1318.349;96.814
4607;1;Vespucio Norte;final;1342.663;1818.586;1342.663;378.586;254.095
4608;1;Vespucio Norte;final;1358.622;1829.819;1358.622;389.819;217.684
4609;1;Vespucio Norte;final;1381.695;1880.369;1381.695;440.369;197.455
4610;1;Vespucio Norte;final;1264.328;1886.119;1264.328;446.119;196.613
4611;1;Vespucio Norte;final;1340.532;1741.38;1340.532;301.38;314.157
4611.1;1;Vespucio Norte;final;1404.482;2660.485;1404.482;1220.485;88.632
4612;1;Vespucio Norte;final;1254.505;1756.38;1254.505;316.38;288.07
4612.1;1;Vespucio Norte;final;1486.255;2636.119;46.255;1196.119;143.732
4613;1;Vespucio Norte;final;1422.636;1771.38;1422.636;331.38;278.073
4614;1;Vespucio Norte;final;1385.763;1786.38;1385.763;346.38;291.114
4614.1;1;Vespucio Norte;final;1487.763;2820.696;47.763;1380.696;51.221
4615;1;Vespucio Norte;final;1271.579;1801.38;1271.579;361.38;228.114
4616;1;Vespucio Norte;final;1360.122;1806.996;1360.122;366.996;221.103
4617;1;Vespucio Norte;final;616.429;1818.23;616.429;378.23;89.865
4618;1;Vespucio Norte;final;1259.736;1823.846;1259.736;383.846;198.938
4619;1;Vespucio Norte;final;1235.736;1835.08;1235.736;395.08;229.113
4620;1;Vespucio Norte;final;1323.846;1840.696;1323.846;400.696;249.334
4621;1;Vespucio Norte;final;1192.536;1851.93;1192.536;411.93;204.076
4622;1;Vespucio Norte;final;1447.985;1857.546;7.985;417.546;227.688
4623;1;Vespucio Norte;final;1409.789;1863.163;1409.789;423.163;260.213
4624;1;Vespucio Norte;final;1445.236;1868.78;5.236;428.78;289.986
4625;1;Vespucio Norte;final;1452.734;1874.396;12.734;434.396;237.005
4626;1;Vespucio Norte;final;1415.732;1891.38;1415.732;451.38;304.033
4626.1;1;Vespucio Norte;final;1471.922;2811.38;31.922;1371.38;44.633
4627;1;La Reina;final;1171.852;1420.198;1171.852;1420.198;278.007
4627.1;1;La Reina;final;1457.671;2580.198;17.671;1140.198;126.546
4628;1;La Reina;final;1172.95;1450.198;1172.95;10.198;290.28
4628.1;1;La Reina;final;1455.266;2555.353;15.266;1115.353;147.235
4629;1;La Reina;final;1345.538;1750.198;1345.538;310.198;293.878
4630;1;La Reina;final;1193.577;1760.198;1193.577;320.198;274.069
4631;1;La Reina;final;1204.795;1770.198;1204.795;330.198;295.171
4631.1;1;La Reina;final;1310.6;2506.976;1310.6;1066.976;108.09
4632;1;La Reina;final;1304.028;1780.198;1304.028;340.198;291.117
4633;1;La Reina;final;1288.8;1790.198;1288.8;350.198;286.974
4634;1;La Reina;final;1224.795;1800.198;1224.795;360.198;295.171
4634.1;1;La Reina;final;1363.085;2528.776;1363.085;1088.776;117.937
4635;1;La Reina;final;1184.452;1810.198;1184.452;370.198;238.23
4636;1;La Reina;final;1211.685;1815.481;1211.685;375.481;238.23
4637;1;La Reina;final;1283.085;1826.048;1283.085;386.048;268.399
4638;1;La Reina;final;1211.802;1831.331;1211.802;391.331;238.23
4639;1;La Reina;final;1321.162;1841.898;1321.162;401.898;295.171
4639.1;1;La Reina;final;1427.719;2624.276;1427.719;1184.276;117.937
4640;1;La Reina;final;1274.665;1852.465;1274.665;412.465;257.581
4641;1;La Reina;final;1186.91;1857.748;1186.91;417.748;219.907
4642;1;La Reina;final;1179.102;1868.315;1179.102;428.315;214.094
4643;1;La Reina;final;1457.381;1878.881;17.381;438.881;295.261
4643.1;1;La Reina;final;1567.3;2847.71;127.3;1407.71;81.23
4644;1;La Reina;final;1375.015;1884.165;1375.015;444.165;289.965
4644.1;1;La Reina;final;1540.248;2762.043;100.248;1322.043;102.783
4645;1;La Reina;final;1280.89;1894.731;1280.89;454.731;250.428
4646;1;La Reina;final;1305.478;1900.198;1305.478;460.198;258.151
4647;1;La Reina;final;1451.35;1915.198;11.35;475.198;297.222
4647.1;1;La Reina;final;1605.812;2830.353;165.812;1390.353;106.986
4648;1;La Reina;final;1414.593;1945.198;1414.593;505.198;307.596
4648.1;1;La Reina;final;1460.993;2817.521;20.993;1377.521;40.033
4649;1;La Reina;final;1463.452;1990.198;23.452;550.198;286.945
4650;1;La Reina;final;1392.378;2474.198;1392.378;1034.198;133.901
4651;1;La Reina;final;1505.096;2530.198;65.096;1090.198;161.462
4652;1;La Reina;final;1104.416;1398.021;1104.416;1398.021;270.045
4652.1;1;La Reina;final;1363.995;2498.153;1363.995;1058.153;106.986
4653;1;La Reina;final;1110.2;1428.021;1110.2;1428.021;304.095
4653.1;1;La Reina;final;1268.567;2502.183;1268.567;1062.183;73.617
4654;1;La Reina;final;1155.816;1740.021;1155.816;300.021;249.535
4654.1;1;La Reina;final;1361.212;2535.353;1361.212;1095.353;106.986
4655;1;La Reina;final;1337.833;1752.021;1337.833;312.021;313.156
4655.1;1;La Reina;final;1462.305;2708.865;22.305;1268.865;87.15
4656;1;La Reina;final;1278.7;1853.355;1278.7;413.355;272.838
4656.1;1;La Reina;final;1527.266;2665.353;87.266;1225.353;147.235
4657;1;La Reina;final;579.698;1762.438;579.698;322.438;98.72
4658;1;La Reina;final;1381.198;1777.438;1381.198;337.438;305.668
4659;1;La Reina;final;1291.254;1822.438;1291.254;382.438;294.625
4660;1;La Reina;final;1317.101;1827.438;1317.101;387.438;257.355
4661;1;La Reina;final;513.667;1837.438;513.667;397.438;42.798
4662;1;La Reina;final;518.667;1842.438;518.667;402.438;42.798
4663;1;La Reina;final;528.667;1852.438;528.667;412.438;42.798
4664;1;La Reina;final;1419.429;1857.438;1419.429;417.438;312.336
4664.1;1;La Reina;final;1474.805;2815.154;34.805;1375.154;50.192
4665;1;La Reina;final;543.667;1867.438;543.667;427.438;42.798
4666;1;La Reina;final;548.667;1872.438;548.667;432.438;42.798
4667;1;La Reina;final;553.667;1877.438;553.667;437.438;42.798
4668;1;La Reina;final;1325.583;1826.086;1325.583;386.086;293.912
4669;1;La Reina;final;1384.21;1838.086;1384.21;398.086;292.034
4670;1;La Reina;final;1022.983;1416.218;1022.983;1416.218;304.973
4670.1;1;La Reina;final;1406.495;2420.314;1406.495;980.314;130.469
4671;1;La Reina;final;1003.183;1446.218;1003.183;6.218;310.718
4671.1;1;La Reina;final;1240.65;2428.432;1240.65;988.432;71.542
4672;1;La Reina;final;524.603;1476.218;524.603;36.218;201.879
4673;1;La Reina;final;1309.055;1758.218;1309.055;318.218;298.54
4673.1;1;La Reina;final;1626.445;2739.374;186.445;1299.374;149.037
4674;1;La Reina;final;1358.92;1806.218;1358.92;366.218;249.746
4675;1;La Reina;final;500.287;1813.718;500.287;373.718;44.038
4676;1;La Reina;final;1346.855;1821.218;1346.855;381.218;250.322
4677;1;La Reina;final;1318.968;1843.718;1318.968;403.718;232.063
4678;1;La Reina;final;1189.37;1851.218;1189.37;411.218;195.512
4679;1;La Reina;final;1260.25;1858.718;1260.25;418.718;191.303
4680;1;La Reina;final;1488.235;1873.718;48.235;433.718;284.636
4681;1;La Reina;final;1246.65;1888.718;1246.65;448.718;176.088
4682;1;La Reina;final;1295.087;1896.218;1295.087;456.218;220.496
4683;1;La Reina;final;1377.962;1806.218;1377.962;366.218;299.964
4684;1;La Reina;final;520.92;1818.218;520.92;378.218;47.004
4685;1;La Reina;final;1212.796;1824.218;1212.796;384.218;247.082
4686;1;La Reina;final;1332.25;1830.218;1332.25;390.218;225.436
4687;1;La Reina;final;1152.119;1836.218;1152.119;396.218;201.942
4688;1;La Reina;final;547.552;1842.218;547.552;402.218;49.576
4689;1;La Reina;final;499.753;1848.218;499.753;408.218;33.184
4690;1;La Reina;final;1372.135;1860.218;1372.135;420.218;240.328
4691;1;La Reina;final;1249.503;1866.218;1249.503;426.218;190.436
4692;1;La Reina;final;1347.919;1896.218;1347.919;456.218;230.312
4692.1;1;La Reina;final;1546.945;2749.041;106.945;1309.041;111.363
4693;1;La Reina;final;1330.195;1812.782;1330.195;372.782;276.43
4693.1;1;La Reina;final;1439.212;2709.131;1439.212;1269.131;74.47
4694;1;La Reina;final;1398.946;1817.282;1398.946;377.282;258.175
4695;1;La Reina;final;500.552;1821.782;500.552;381.782;40.134
4696;1;La Reina;final;1270.402;1826.282;1270.402;386.282;238.49
4697;1;La Reina;final;1351.195;1830.782;1351.195;390.782;266.209
4698;1;La Reina;final;1255.087;1835.282;1255.087;395.282;205.306
4699;1;La Reina;final;1339.255;1853.282;1339.255;413.282;252.223
4700;1;La Reina;final;536.552;1857.782;536.552;417.782;40.134
4701;1;La Reina;final;1463.912;1871.282;23.912;431.282;258.283
4702;1;La Reina;final;1479.129;1889.282;39.129;449.282;279.907
4703;1;La Reina;final;1478.946;1906.866;38.946;466.866;260.249
4704;1;La Reina;final;1373.92;2652.782;1373.92;1212.782;61.622
4705;1;La Reina;final;516.82;1430.658;516.82;1430.658;213.836
4706;1;La Reina;final;1151.829;1760.658;1151.829;320.658;273.221
4706.1;1;La Reina;final;1382.446;2499.253;1382.446;1059.253;132.886
4707;1;La Reina;final;1263.735;1770.658;1263.735;330.658;251.207
4708;1;La Reina;final;1363.886;1780.658;1363.886;340.658;288.441
4708.1;1;La Reina;final;1560.279;2762.375;120.279;1322.375;111.363
4709;1;La Reina;final;1200.268;1790.658;1200.268;350.658;253.295
4710;1;La Reina;final;1433.098;1800.658;1433.098;360.658;299.937
4711;1;La Reina;final;1212.168;1810.658;1212.168;370.658;228.952
4712;1;La Reina;final;1212.152;1820.658;1212.152;380.658;112.202
4713;1;La Reina;final;1388.248;1830.658;1388.248;390.658;264.54
4714;1;La Reina;final;1369.063;1840.658;1369.063;400.658;265.634
4715;1;La Reina;final;1264.672;1850.658;1264.672;410.658;206.896
4716;1;La Reina;final;1224.268;1860.658;1224.268;420.658;226.972
4717;1;La Reina;final;1353.471;1870.658;1353.471;430.658;256.051
4718;1;La Reina;final;1459.087;1880.658;19.087;440.658;281.719
4719;1;La Reina;final;1354.722;1890.658;1354.722;450.658;254.64
4720;1;La Reina;final;1278.705;1900.658;1278.705;460.658;191.501
4721;1;La Reina;final;1468.885;1910.658;28.885;470.658;274.45
4722;1;La Reina;final;1147.385;1946.658;1147.385;506.658;180.586
4723;1;La Reina;final;1333.968;2000.658;1333.968;560.658;222.303
4724;1;La Reina;final;1293.505;2540.474;1293.505;1100.474;52.14
4725;1;La Reina;final;1246.722;2540.658;1246.722;1100.658;52.14
4726;1;La Reina;final;1264.821;1825.757;1264.821;385.757;262.065
4727;1;La Reina;final;1268.315;1820.658;1268.315;380.658;261.046
4728;1;La Reina;final;1238.519;1831.908;1238.519;391.908;231.727
4728.1;1;La Reina;final;1466.279;2645.708;26.279;1205.708;111.363
4729;1;La Reina;final;1326.09;1843.158;1326.09;403.158;280.708
4730;1;La Reina;final;1258.626;1854.408;1258.626;414.408;201.027
4731;1;La Reina;final;1343.92;1865.658;1343.92;425.658;277.205
4732;1;La Reina;final;1302.181;1876.908;1302.181;436.908;237.101
4733;1;La Reina;final;1349.872;1888.158;1349.872;448.158;278.215
4734;1;La Reina;final;1381.614;1899.408;1381.614;459.408;301.49
4734.1;1;La Reina;final;1513.212;2786.358;73.212;1346.358;76.534
4735;1;La Reina;final;1393.063;1910.658;1393.063;470.658;292.655
4735.1;1;La Reina;final;1613.112;2829.648;173.112;1389.648;102.874
4736;1;La Reina;final;1272.405;2540.658;1272.405;1100.658;45.73
4737;1;La Reina;final;1212.069;1746.765;1212.069;306.765;278.504
4737.1;1;La Reina;final;1470.829;2620.198;30.829;1180.198;122.256
4738;1;La Reina;final;1287.393;1761.765;1287.393;321.765;312.562
4739;1;La Reina;final;1148.235;1791.765;1148.235;351.765;230.679
4740;1;La Reina;final;1319.556;1803.015;1319.556;363.015;300.939
4740.1;1;La Reina;final;1498.515;2659.769;58.515;1219.769;135.612
4741;1;La Reina;final;1192.165;1814.265;1192.165;374.265;255.294
4742;1;La Reina;final;1289.6;1825.515;1289.6;385.515;250.361
4742.1;1;La Reina;final;1469.645;2675.353;29.645;1235.353;106.986
4743;1;La Reina;final;1338.295;1848.015;1338.295;408.015;259.299
4744;1;La Reina;final;1432.2;1859.265;1432.2;419.265;309.499
4744.1;1;La Reina;final;1471.868;2798.017;31.868;1358.017;53.218
4745;1;La Reina;final;1190.002;1870.515;1190.002;430.515;221.035
4746;1;La Reina;final;538.271;1760.198;538.271;320.198;87.341
4747;1;La Reina;final;1278.393;1770.198;1278.393;330.198;301.771
4747.1;1;La Reina;final;1472.378;2686.198;32.378;1246.198;104.64
4748;1;La Reina;final;1309.866;1780.198;1309.866;340.198;285.842
4749;1;La Reina;final;1303.727;1800.198;1303.727;360.198;275.317
4750;1;La Reina;final;1324.58;1828.198;1324.58;388.198;175.196
4751;1;La Reina;final;1334.58;1846.198;1334.58;406.198;175.196
4752;1;La Reina;final;1424.266;1900.198;1424.266;460.198;293.677
4753;1;La Reina;final;1483.6;1916.531;43.6;476.531;312.764
4754;1;La Reina;final;1354.866;1932.865;1354.866;492.865;272.446
4754.1;1;La Reina;final;1515.812;2740.353;75.812;1300.353;106.986
4755;1;La Reina;final;1376.35;1990.198;1376.35;550.198;257.445
4755.1;1;La Reina;final;1530.812;2755.353;90.812;1315.353;106.986
4756;1;La Reina;final;1464.266;2474.715;24.266;1034.715;159.31
4757;1;La Reina;final;1388.452;2530.198;1388.452;1090.198;114.888
4758;1;La Reina;final;1368.757;1772.245;1368.757;332.245;308.412
4759;1;La Reina;final;1356.655;1784.245;1356.655;344.245;312.114
4760;1;La Reina;final;1335.962;1796.245;1335.962;356.245;274.462
4761;1;La Reina;final;1412.848;1820.245;1412.848;380.245;309.931
4762;1;La Reina;final;1406.163;1835.245;1406.163;395.245;282.641
4763;1;La Reina;final;1427.567;1850.245;1427.567;410.245;303.72
4764;1;La Reina;final;1249.922;1865.245;1249.922;425.245;233.71
4765;1;La Reina;final;1449.855;1880.245;9.855;440.245;297.794
4766;1;La Reina;final;1345.415;2540.245;1345.415;1100.245;95.002
4767;1;La Reina;final;1259.502;1743.614;1259.502;303.614;301.437
4767.1;1;La Reina;final;1396.885;2658.558;1396.885;1218.558;80.627
4768;1;La Reina;final;1276.71;1767.614;1276.71;327.614;258.284
4768.1;1;La Reina;final;1592.539;2673.856;152.539;1233.856;180.334
4769;1;La Reina;final;1177.452;1848.781;1177.452;408.781;215.989
4770;1;La Reina;final;525.9;1771.353;525.9;331.353;79.212
4771;1;La Reina;final;1344.58;1796.258;1344.58;356.258;196.882
4772;1;La Reina;final;1354.58;1805.258;1354.58;365.258;196.882
4773;1;La Reina;final;554.194;1814.258;554.194;374.258;67.649
4774;1;La Reina;final;563.194;1823.258;563.194;383.258;67.649
4775;1;La Reina;final;572.194;1832.258;572.194;392.258;67.649
4776;1;La Reina;final;1225.548;1841.258;1225.548;401.258;243.417
4777;1;La Reina;final;1268.196;1850.258;1268.196;410.258;153.322
4778;1;La Reina;final;1351.212;1859.258;1351.212;419.258;293.187
4779;1;La Reina;final;1420.315;1868.258;1420.315;428.258;305.407
4779.1;1;La Reina;final;1496.388;2807.777;56.388;1367.777;59.679
4780;1;La Reina;final;1295.465;1750.198;1295.465;310.198;290.496
4781;1;La Reina;final;541.75;1760.198;541.75;320.198;90.216
4782;1;La Reina;final;1339.243;1770.198;1339.243;330.198;304.793
4782.1;1;La Reina;final;1515.9;2687.807;75.9;1247.807;126.369
4783;1;La Reina;final;1340.065;1780.198;1340.065;340.198;292.787
4783.1;1;La Reina;final;1447.366;2727.777;7.366;1287.777;81.23
4784;1;La Reina;final;1260.243;1790.198;1260.243;350.198;242.663
4785;1;La Reina;final;1202.4;1817.115;1202.4;377.115;250.503
4785.1;1;La Reina;final;1479.266;2585.353;39.266;1145.353;147.235
4786;1;La Reina;final;1365.1;1830.948;1365.1;390.948;279.674
4787;1;La Reina;final;1371.212;1844.781;1371.212;404.781;291.993
4788;1;La Reina;final;1266.543;1858.615;1266.543;418.615;213.921
4789;1;La Reina;final;1308.54;1865.531;1308.54;425.531;251.442
4790;1;La Reina;final;1384.266;1879.365;1384.266;439.365;311.011
4791;1;La Reina;final;1361.217;1893.198;1361.217;453.198;297.024
4792;1;La Reina;final;1141.185;1900.198;1141.185;460.198;178.801
4793;1;La Reina;final;1366.116;1951.531;1366.116;511.531;257.912
4794;1;La Reina;final;1200.452;1977.198;1200.452;537.198;202.739
4795;1;La Reina;final;1359.369;1990.198;1359.369;550.198;233.106
4796;1;La Reina;final;972.843;1449.253;972.843;9.253;303.861
4796.1;1;La Reina;final;1357.26;2385.921;1357.26;945.921;143.552
4797;1;La Reina;final;1146.022;1539.253;1146.022;99.253;307.308
4797.1;1;La Reina;final;1483.745;2576.658;43.745;1136.658;122.363
4798;1;La Reina;final;1193.713;1719.253;1193.713;279.253;311.687
4798.1;1;La Reina;final;1306.146;2542.853;1306.146;1102.853;88.186
4799;1;La Reina;final;1204.613;1731.253;1204.613;291.253;311.687
4799.1;1;La Reina;final;1317.046;2553.753;1317.046;1113.753;88.186
4800;1;La Reina;final;1324.562;1743.253;1324.562;303.253;309.765
4800.1;1;La Reina;final;1371.736;2566.245;1371.736;1126.245;109.499
4801;1;La Reina;final;1259.113;1755.253;1259.113;315.253;311.687
4801.1;1;La Reina;final;1371.546;2608.253;1371.546;1168.253;88.186
4802;1;La Reina;final;1226.413;1767.253;1226.413;327.253;311.687
4802.1;1;La Reina;final;1523.813;2575.553;83.813;1135.553;177.587
4803;1;La Reina;final;1291.813;1779.253;1291.813;339.253;311.687
4804;1;La Reina;final;1273.446;1792.103;1273.446;352.103;311.687
4805;1;La Reina;final;1284.346;1804.953;1284.346;364.953;311.687
4805.1;1;La Reina;final;1376.896;2632.103;1376.896;1192.103;88.186
4806;1;La Reina;final;1295.246;1817.803;1295.246;377.803;311.687
4806.1;1;La Reina;final;1389.746;2644.953;1389.746;1204.953;88.186
4807;1;La Reina;final;1327.946;1869.253;1327.946;429.253;311.687
4807.1;1;La Reina;final;1458.243;2683.503;18.243;1243.503;96.676
4808;1;La Reina;final;1212.268;1746.218;1212.268;306.218;231.172
4809;1;La Reina;final;1116.902;1756.218;1116.902;316.218;239.699
4809.1;1;La Reina;final;1369.679;2525.708;1369.679;1085.708;111.363
4810;1;La Reina;final;1303.362;1766.218;1303.362;326.218;275.724
4811;1;La Reina;final;1264.205;1776.218;1264.205;336.218;285.828
4812;1;La Reina;final;1444.57;1806.218;4.57;366.218;292.911
4812.1;1;La Reina;final;1640.279;2842.375;200.279;1402.375;111.363
4813;1;La Reina;final;1141.452;1813.718;1141.452;373.718;211.318
4814;1;La Reina;final;1144.353;1821.218;1144.353;381.218;179.988
4815;1;La Reina;final;1260.268;1843.718;1260.268;403.718;210.607
4816;1;La Reina;final;1441.063;1851.218;1.063;411.218;273.853
4817;1;La Reina;final;1204.168;1858.718;1204.168;418.718;187.198
4818;1;La Reina;final;1403.489;1873.718;1403.489;433.718;253.424
4819;1;La Reina;final;1129.671;1757.24;1129.671;317.24;314.187
4819.1;1;La Reina;final;1453.752;2509.936;13.752;1069.936;155.614
4820;1;La Reina;final;1238.76;1772.24;1238.76;332.24;297.747
4820.1;1;La Reina;final;1350.851;2647.455;1350.851;1207.455;54.505
4821;1;La Reina;final;1305.17;1811.24;1305.17;371.24;306.605
4821.1;1;La Reina;final;1471.715;2689.177;31.715;1249.177;102.783
4822;1;La Reina;final;1215.615;1815.74;1215.615;375.74;305.518
4823;1;La Reina;final;1127.115;1824.74;1127.115;384.74;272.195
4823.1;1;La Reina;final;1485.048;2517.777;45.048;1077.777;178.031
4824;1;La Reina;final;1349.777;1829.24;1349.777;389.24;293.535
4824.1;1;La Reina;final;1462.243;2752.438;22.243;1312.438;75.107
4825;1;La Reina;final;1308.45;1838.24;1308.45;398.24;312.187
4825.1;1;La Reina;final;1436.5;2700.983;1436.5;1260.983;73.617
4826;1;La Reina;final;1203.768;1847.24;1203.768;407.24;254.616
4827;1;La Reina;final;1282.69;1878.74;1282.69;438.74;291.986
4828;1;La Reina;final;1345.406;2522.24;1345.406;1082.24;121.724
4829;1;La Reina;final;1218.118;1729.769;1218.118;289.769;299.472
4829.1;1;La Reina;final;1419.748;2587.016;1419.748;1147.016;116.714
4830;1;La Reina;final;1101.431;1744.769;1101.431;304.769;306.391
4830.1;1;La Reina;final;1371.6;2487.777;1371.6;1047.777;115.791
4831;1;La Reina;final;1220.243;1785.336;1220.243;345.336;298.351
4831.1;1;La Reina;final;1481.784;2623.521;41.784;1183.521;123.758
4832;1;La Reina;final;1130.377;1806.469;1130.377;366.469;269.821
4833;1;La Reina;final;1166.393;1817.036;1166.393;377.036;290.734
4833.1;1;La Reina;final;1259.96;2559.107;1259.96;1119.107;79.864
4834;1;La Reina;final;1304.967;1747.521;1304.967;307.521;312.522
4834.1;1;La Reina;final;1356.36;2679.086;1356.36;1239.086;50.144
4835;1;La Reina;final;1260.61;1759.521;1260.61;319.521;286.626
4835.1;1;La Reina;final;1342.673;2667.927;1342.673;1227.927;59.986
4836;1;La Reina;final;1183.329;1807.521;1183.329;367.521;226.855
4837;1;La Reina;final;1423.838;1815.021;1423.838;375.021;277.25
4838;1;La Reina;final;1281.17;1822.521;1281.17;382.521;229.41
4839;1;La Reina;final;1415.965;1837.521;1415.965;397.521;302.415
4839.1;1;La Reina;final;1481.381;2799.777;41.381;1359.777;55.939
4840;1;La Reina;final;1329.17;1852.521;1329.17;412.521;240.333
4841;1;La Reina;final;1266.86;1860.021;1266.86;420.021;242.751
4842;1;La Reina;final;1131.543;1867.521;1131.543;427.521;193.359
4843;1;La Reina;final;1473.917;1897.521;33.917;457.521;310.692
4844;1;La Reina;final;1253.577;2455.521;1253.577;1015.521;68.389
4845;1;La Reina;final;1154.377;2463.521;1154.377;1023.521;39.642
4846;1;La Reina;final;1492.243;2519.521;52.243;1079.521;158.726
4847;1;La Reina;final;1330.262;1819.648;1330.262;379.648;291.184
4848;1;La Reina;final;1424.155;1839.648;1424.155;399.648;306.303
4848.1;1;La Reina;final;1639.779;2856.314;199.779;1416.314;102.874
4849;1;La Reina;final;1456.288;1849.648;16.288;409.648;302.947
4850;1;La Reina;final;1271.465;1879.648;1271.465;439.648;241.558
4851;1;La Reina;final;1461.812;1889.648;21.812;449.648;313.742
4852;1;La Reina;final;1330.105;2539.648;1330.105;1099.648;78.977
4853;1;La Reina;final;1148.306;1757.927;1148.306;317.927;313.094
4853.1;1;La Reina;final;1468.259;2550.427;28.259;1110.427;179.859
4854;1;La Reina;final;1370.11;1767.927;1370.11;327.927;274.397
4855;1;La Reina;final;1177.123;1777.927;1177.123;337.927;313.094
4855.1;1;La Reina;final;1267.123;2580.427;1267.123;1140.427;59.986
4856;1;La Reina;final;1131.829;1787.927;1131.829;347.927;276.497
4856.1;1;La Reina;final;1280.913;2488.253;1280.913;1048.253;88.186
4857;1;La Reina;final;1424.523;1797.927;1424.523;357.927;306.913
4857.1;1;La Reina;final;1447.243;2764.769;7.243;1324.769;62.398
4858;1;La Reina;final;1243.476;1817.394;1243.476;377.394;308.929
4858.1;1;La Reina;final;1501.784;2647.521;61.784;1207.521;132.921
4859;1;La Reina;final;1165.406;1826.86;1165.406;386.86;270.909
4860;1;La Reina;final;1272.427;1836.327;1272.427;396.327;290.257
4861;1;La Reina;final;1212.335;1841.06;1212.335;401.06;228.369
4862;1;La Reina;final;1182.506;1845.794;1182.506;405.794;270.909
4863;1;La Reina;final;1221.422;1850.527;1221.422;410.527;274.936
4863.1;1;La Reina;final;1415.446;2649.374;1415.446;1209.374;93.026
4864;1;La Reina;final;527.026;1855.26;527.026;415.26;53.305
4865;1;La Reina;final;1312.01;1878.927;1312.01;438.927;304.615
4866;1;La Reina;final;1282.673;1883.66;1282.673;443.66;313.094
4866.1;1;La Reina;final;1362.673;2687.927;1362.673;1247.927;59.986
4867;1;La Reina;final;1287.593;1897.927;1287.593;457.927;306.413
4868;1;La Reina;final;1277.743;2464.327;1277.743;1024.327;98.006
4869;1;La Reina;final;1352.673;2492.527;1352.673;1052.527;144.356
4870;1;La Reina;final;1300.069;2520.727;1300.069;1080.727;86.292
4871;1;La Reina;final;992.195;1387.962;992.195;1387.962;307.486
4871.1;1;La Reina;final;1281.753;2240.445;1281.753;800.445;168.776
4872;1;La Reina;final;1033.106;1417.962;1033.106;1417.962;305.477
4872.1;1;La Reina;final;1308.859;2436.127;1308.859;996.127;137.674
4873;1;La Reina;final;1061.233;1717.962;1061.233;277.962;253.306
4873.1;1;La Reina;final;1329.728;2463.887;1329.728;1023.887;106.986
4874;1;La Reina;final;1200.1;1727.962;1200.1;287.962;287.942
4875;1;La Reina;final;1136.906;1737.962;1136.906;297.962;305.477
4875.1;1;La Reina;final;1378.859;2542.927;1378.859;1102.927;137.674
4876;1;La Reina;final;1191.45;1747.962;1191.45;307.962;287.027
4876.1;1;La Reina;final;1333.85;2580.983;1333.85;1140.983;73.617
4877;1;La Reina;final;1251.422;1789.962;1251.422;349.962;309.503
4877.1;1;La Reina;final;1573.112;2679.374;133.112;1239.374;149.037
4878;1;La Reina;final;1203.809;1807.962;1203.809;367.962;298.796
4879;1;La Reina;final;1229.376;1813.962;1229.376;373.962;301.312
4879.1;1;La Reina;final;1346.276;2647.826;1346.276;1207.826;55.703
4880;1;La Reina;final;1222.123;1819.962;1222.123;379.962;305.477
4880.1;1;La Reina;final;1368.859;2625.427;1368.859;1185.427;95.49
4881;1;La Reina;final;1320.06;1747.521;1320.06;307.521;311.212
4881.1;1;La Reina;final;1444.371;2724.621;4.371;1284.621;72.185
4882;1;La Reina;final;1330.015;1767.521;1330.015;327.521;297.486
4882.1;1;La Reina;final;1440.326;2714.877;0.326;1274.877;74.519
4883;1;La Reina;final;566.317;1787.521;566.317;347.521;85.323
4884;1;La Reina;final;1405.767;1807.521;1405.767;367.521;294.985
4884.1;1;La Reina;final;1461.784;2780.314;21.784;1340.314;60.259
4885;1;La Reina;final;1400.814;1815.688;1400.814;375.688;310.907
4885.1;1;La Reina;final;1507.49;2771.486;67.49;1331.486;86.058
4886;1;La Reina;final;1401.784;1823.855;1401.784;383.855;313.264
4886.1;1;La Reina;final;1487.962;2765.016;47.962;1325.016;84.317
4887;1;La Reina;final;1420.993;1848.355;1420.993;408.355;310.223
4887.1;1;La Reina;final;1474.593;2827.521;34.593;1387.521;39.642
4888;1;La Reina;final;1298.127;1856.521;1298.127;416.521;303.546
4889;1;La Reina;final;1146.426;1872.855;1146.426;432.855;153.822
4890;1;La Reina;final;1127.977;1897.521;1127.977;457.521;190.218
4891;1;La Reina;final;1279.254;1915.521;1279.254;475.521;215.3
4892;1;La Reina;final;1354.027;2487.521;1354.027;1047.521;97.528
4893;1;La Reina;final;1258.005;1759.374;1258.005;319.374;248.874
4893.1;1;La Reina;final;1485.012;2685.348;45.012;1245.348;102.874
4894;1;La Reina;final;1317.017;1771.374;1317.017;331.374;308.643
4894.1;1;La Reina;final;1448.5;2712.983;8.5;1272.983;73.617
4895;1;La Reina;final;1473.212;1783.374;33.212;343.374;313.41
4896;1;La Reina;final;1251.338;1795.374;1251.338;355.374;245.358
4897;1;La Reina;final;1318.862;1807.374;1318.862;367.374;268.102
4898;1;La Reina;final;1391.579;1819.374;1391.579;379.374;305.181
4899;1;La Reina;final;1238.805;1828.374;1238.805;388.374;230.015
4900;1;La Reina;final;1248.213;1837.374;1248.213;397.374;271.826
4900.1;1;La Reina;final;1443.813;2597.353;3.813;1157.353;132.886
4901;1;La Reina;final;1220.902;1846.374;1220.902;406.374;229.243
4902;1;La Reina;final;1385.973;1855.374;1385.973;415.374;243.0
4903;1;La Reina;final;1382.362;1864.374;1382.362;424.374;268.132
4904;1;La Reina;final;1284.662;1873.374;1284.662;433.374;227.537
4905;1;La Reina;final;1151.255;1891.374;1151.255;451.374;160.77
4906;1;La Reina;final;1428.445;1909.374;1428.445;469.374;300.298
4907;1;La Reina;final;1284.268;1933.874;1284.268;493.874;211.869
4908;1;La Reina;final;1294.015;1999.374;1294.015;559.374;203.112
4909;1;La Reina;final;1472.162;2539.374;32.162;1099.374;149.037
4910;1;La Reina;final;1290.362;1741.397;1290.362;301.397;301.801
4910.1;1;La Reina;final;1351.886;2530.245;1351.886;1090.245;109.499
4911;1;La Reina;final;1269.177;1753.397;1269.177;313.397;301.803
4912;1;La Reina;final;1315.945;1813.397;1315.945;373.397;275.303
4913;1;La Reina;final;1187.943;1748.017;1187.943;308.017;271.635
4914;1;La Reina;final;1171.106;1768.017;1171.106;328.017;291.71
4915;1;La Reina;final;1372.978;1788.017;1372.978;348.017;302.617
4916;1;La Reina;final;1321.116;1721.304;1321.116;281.304;307.695
4916.1;1;La Reina;final;1499.645;2705.353;59.645;1265.353;106.986
4917;1;La Reina;final;1156.852;1741.304;1156.852;301.304;248.236
4918;1;La Reina;final;525.951;1799.304;525.951;359.304;72.034
4919;1;La Reina;final;1284.58;1817.304;1284.58;377.304;276.214
4920;1;La Reina;final;1280.452;1853.304;1280.452;413.304;261.658
4921;1;Vespucio Norte;final;1133.363;1727.556;1133.363;287.556;291.773
4921.1;1;Vespucio Norte;final;1356.955;2566.415;1356.955;1126.415;91.087
4922;1;Vespucio Norte;final;1297.055;1742.556;1297.055;302.556;300.061
4923;1;Vespucio Norte;final;1276.211;1757.556;1276.211;317.556;287.675
4924;1;Vespucio Norte;final;1295.18;1772.556;1295.18;332.556;303.652
4924.1;1;Vespucio Norte;final;1406.847;2714.707;1406.847;1274.707;52.387
4925;1;Vespucio Norte;final;1342.329;1910.223;1342.329;470.223;283.845
4926;1;Vespucio Norte;final;1321.868;1749.998;1321.868;309.998;306.885
4927;1;Vespucio Norte;final;1166.299;1758.565;1166.299;318.565;285.374
4927.1;1;Vespucio Norte;final;1269.515;2508.235;1269.515;1068.235;88.632
4928;1;Vespucio Norte;final;1293.145;1767.132;1293.145;327.132;309.598
4929;1;Vespucio Norte;final;1297.778;1775.698;1297.778;335.698;299.575
4930;1;Vespucio Norte;final;1266.567;1784.265;1266.567;344.265;313.189
4930.1;1;Vespucio Norte;final;1510.376;2676.324;70.376;1236.324;119.147
4931;1;Vespucio Norte;final;1194.483;1792.832;1194.483;352.832;289.574
4932;1;Vespucio Norte;final;1296.36;1809.965;1296.36;369.965;298.137
4932.1;1;Vespucio Norte;final;1376.711;2714.436;1376.711;1274.436;45.276
4933;1;Vespucio Norte;final;1257.145;1809.998;1257.145;369.998;299.024
4934;1;Vespucio Norte;final;1356.479;1829.998;1356.479;389.998;203.881
4935;1;Vespucio Norte;final;1357.15;1859.998;1357.15;419.998;314.729
4935.1;1;Vespucio Norte;final;1490.316;2774.973;50.316;1334.973;75.4
4936;1;Vespucio Norte;final;1278.811;1869.998;1278.811;429.998;271.708
4937;1;Vespucio Norte;final;1334.746;1879.998;1334.746;439.998;298.791
4938;1;Vespucio Norte;final;1347.213;1899.998;1347.213;459.998;256.387
4939;1;Vespucio Norte;final;1460.316;2529.932;20.316;1089.932;157.597
4940;1;Vespucio Norte;final;1359.792;2529.998;1359.792;1089.998;121.061
4941;1;La Reina;final;1342.722;1747.438;1342.722;307.438;284.429
4942;1;La Reina;final;1206.604;1767.438;1206.604;327.438;253.509
4943;1;La Reina;final;1188.106;1787.438;1188.106;347.438;279.612
4944;1;La Reina;final;1237.313;1816.438;1237.313;376.438;274.777
4944.1;1;La Reina;final;1453.996;2586.453;13.996;1146.453;132.886
4945;1;La Reina;final;1164.86;1825.438;1164.86;385.438;171.432
4946;1;La Reina;final;1368.655;1852.438;1368.655;412.438;281.832
4947;1;La Reina;final;1477.49;1915.438;37.49;475.438;312.041
4948;1;La Reina;final;1225.618;1720.502;1225.618;280.502;292.707
4948.1;1;La Reina;final;1496.814;2600.349;56.814;1160.349;164.714
4949;1;La Reina;final;1288.027;1740.502;1288.027;300.502;299.281
4950;1;La Reina;final;1191.422;1760.502;1191.422;320.502;287.308
4950.1;1;La Reina;final;1422.496;2619.374;1422.496;1179.374;97.669
4951;1;La Reina;final;1298.616;1780.502;1298.616;340.502;283.276
4952;1;La Reina;final;1342.717;1814.252;1342.717;374.252;270.357
4952.1;1;La Reina;final;1453.367;2730.983;13.367;1290.983;73.617
4953;1;La Reina;final;1376.633;1825.502;1376.633;385.502;295.367
4954;1;La Reina;final;1247.327;1836.752;1247.327;396.752;226.845
4955;1;La Reina;final;530.023;1747.521;530.023;307.521;90.087
4956;1;La Reina;final;1372.22;1777.521;1372.22;337.521;275.99
4957;1;La Reina;final;1270.013;1807.521;1270.013;367.521;281.969
4957.1;1;La Reina;final;1364.046;2619.253;1364.046;1179.253;88.186
4958;1;La Reina;final;1224.2;1814.438;1224.2;374.438;243.878
4958.1;1;La Reina;final;1503.266;2605.353;63.266;1165.353;147.235
4959;1;La Reina;final;1430.5;1821.355;1430.5;381.355;308.718
4959.1;1;La Reina;final;1573.3;2746.26;133.3;1306.26;120.413
4960;1;La Reina;final;1196.604;1828.271;1196.604;388.271;232.169
4961;1;La Reina;final;1194.377;1835.188;1194.377;395.188;212.677
4962;1;La Reina;final;1322.633;1842.105;1322.633;402.105;290.079
4962.1;1;La Reina;final;1395.068;2707.414;1395.068;1267.414;60.259
4963;1;La Reina;final;1345.143;1849.021;1345.143;409.021;257.513
4964;1;La Reina;final;1382.96;1862.855;1382.96;422.855;295.702
4964.1;1;La Reina;final;1464.723;2785.927;24.723;1345.927;59.986
4965;1;La Reina;final;1428.264;1876.688;1428.264;436.688;303.868
4965.1;1;La Reina;final;1478.452;2808.021;38.452;1368.021;55.851
4966;1;La Reina;final;578.317;1883.605;578.317;443.605;49.99
4967;1;La Reina;final;1277.079;1890.521;1277.079;450.521;213.379
4968;1;La Reina;final;1301.123;1897.438;1301.123;457.438;312.742
4968.1;1;La Reina;final;1388.633;2640.469;1388.633;1200.469;86.947
4969;1;La Reina;final;1375.862;1897.521;1375.862;457.521;257.818
4970;1;La Reina;final;1418.243;1945.071;1418.243;505.071;285.897
4971;1;La Reina;final;1417.243;2482.521;1417.243;1042.521;132.498
4972;1;La Reina;final;1130.06;2492.521;1130.06;1052.521;25.441
4973;1;La Reina;final;1372.404;2527.521;1372.404;1087.521;100.54
4974;1;La Reina;final;1164.986;1762.371;1164.986;322.371;279.326
4974.1;1;La Reina;final;1404.371;2558.214;1404.371;1118.214;162.588
4975;1;La Reina;final;1178.143;1827.371;1178.143;387.371;211.29
4976;1;La Reina;final;1172.693;1857.371;1172.693;417.371;235.099
4977;1;La Reina;final;1327.101;1867.371;1327.101;427.371;256.152
4978;1;La Reina;final;1358.746;1737.706;1358.746;297.706;313.128
4978.1;1;La Reina;final;1522.49;2746.621;82.49;1306.621;101.849
4979;1;La Reina;final;1134.893;1752.706;1134.893;312.706;301.707
4979.1;1;La Reina;final;1318.71;2531.457;1318.71;1091.457;135.299
4980;1;La Reina;final;1217.436;1817.706;1217.436;377.706;296.251
4980.1;1;La Reina;final;1289.273;2613.514;1289.273;1173.514;62.243
4981;1;La Reina;final;1035.519;1415.708;1035.519;1415.708;264.924
4981.1;1;La Reina;final;1586.445;2462.108;146.445;1022.108;216.238
4982;1;La Reina;final;1337.187;1760.708;1337.187;320.708;294.357
4982.1;1;La Reina;final;1420.885;2736.218;1420.885;1296.218;60.585
4983;1;La Reina;final;1370.181;1775.708;1370.181;335.708;301.065
4983.1;1;La Reina;final;1519.365;2746.041;79.365;1306.041;99.129
4984;1;La Reina;final;1295.358;1790.708;1295.358;350.708;293.464
4984.1;1;La Reina;final;1356.069;2714.893;1356.069;1274.893;35.516
4985;1;La Reina;final;1169.37;1754.893;1169.37;314.893;225.879
4985.1;1;La Reina;final;1510.487;2568.541;70.487;1128.541;151.624
4986;1;La Reina;final;1306.568;1769.893;1306.568;329.893;265.809
4987;1;La Reina;final;1289.435;1784.893;1289.435;344.893;255.705
4988;1;La Reina;final;1446.635;1799.893;6.635;359.893;300.768
4988.1;1;La Reina;final;1545.048;2821.614;105.048;1381.614;81.165
4989;1;La Reina;final;1298.052;1814.893;1298.052;374.893;228.038
4990;1;La Reina;final;551.785;1840.593;551.785;400.593;51.886
4991;1;La Reina;final;1129.452;1853.443;1129.452;413.443;195.876
4992;1;La Reina;final;1441.953;1866.293;1.953;426.293;296.967
4993;1;La Reina;final;1165.452;1891.993;1165.452;451.993;201.114
4994;1;La Reina;final;1266.253;1904.843;1266.253;464.843;220.668
4995;1;La Reina;final;1381.552;1904.893;1381.552;464.893;261.033
4996;1;La Reina;final;1173.538;1760.708;1173.538;320.708;230.908
4997;1;La Reina;final;1276.735;1775.708;1276.735;335.708;272.843
4998;1;La Reina;final;1326.735;1790.708;1326.735;350.708;289.063
4998.1;1;La Reina;final;1449.931;2708.714;9.931;1268.714;81.165
4999;1;La Reina;final;1267.255;1805.708;1267.255;365.708;269.017
5000;1;La Reina;final;1284.288;1832.708;1284.288;392.708;235.751
5001;1;La Reina;final;1272.302;1859.708;1272.302;419.708;213.615
5002;1;La Reina;final;1257.17;1747.438;1257.17;307.438;273.592
5003;1;La Reina;final;1304.633;1757.438;1304.633;317.438;291.144
5004;1;La Reina;final;1187.436;1767.438;1187.436;327.438;303.834
5004.1;1;La Reina;final;1267.436;2576.648;1267.436;1136.648;76.605
5005;1;La Reina;final;1166.604;1777.438;1166.604;337.438;277.521
5006;1;La Reina;final;1235.481;1828.188;1235.481;388.188;244.44
5007;1;La Reina;final;1273.473;1842.021;1273.473;402.021;310.511
5007.1;1;La Reina;final;1305.86;2614.769;1305.86;1174.769;62.398
5008;1;La Reina;final;1246.76;1848.938;1246.76;408.938;249.541
5009;1;La Reina;final;1294.731;1862.771;1294.731;422.771;262.346
5010;1;La Reina;final;886.5;1384.769;886.5;1384.769;309.142
5010.1;1;La Reina;final;1547.6;2302.031;107.6;862.031;270.888
5011;1;La Reina;final;1163.227;1414.769;1163.227;1414.769;283.552
5011.1;1;La Reina;final;1508.567;2564.304;68.567;1124.304;178.208
5012;1;La Reina;final;1267.165;1444.769;1267.165;4.769;200.801
5013;1;La Reina;final;1252.821;1714.769;1252.821;274.769;313.033
5013.1;1;La Reina;final;1286.76;2622.086;1286.76;1182.086;42.878
5014;1;La Reina;final;1128.593;1729.769;1128.593;289.769;273.776
5014.1;1;La Reina;final;1246.727;2522.09;1246.727;1082.09;78.544
5015;1;La Reina;final;1303.254;1744.769;1303.254;304.769;297.61
5016;1;La Reina;final;1270.805;1759.769;1270.805;319.769;268.562
5017;1;La Reina;final;1246.91;1804.769;1246.91;364.769;250.867
5018;1;La Reina;final;1156.604;1809.514;1156.604;369.514;247.094
5019;1;La Reina;final;1338.85;1825.848;1338.85;385.848;308.361
5019.1;1;La Reina;final;1496.2;2652.927;56.2;1212.927;120.413
5020;1;La Reina;final;1353.85;1834.014;1353.85;394.014;308.361
5021;1;La Reina;final;1311.227;1891.181;1311.227;451.181;278.677
5022;1;La Reina;final;1130.905;1891.348;1130.905;451.348;209.795
5023;1;La Reina;final;1349.231;1899.514;1349.231;459.514;279.231
5024;1;La Reina;final;1250.167;1915.848;1250.167;475.848;231.615
5025;1;La Reina;final;1365.715;1924.014;1365.715;484.014;291.226
5026;1;La Reina;final;1443.838;2512.714;3.838;1072.714;176.365
5027;1;La Reina;final;1273.577;2521.281;1273.577;1081.281;76.822
5028;1;La Reina;final;1197.106;2521.348;1197.106;1081.348;62.243
5029;1;La Reina;final;1122.831;1716.848;1122.831;276.848;306.354
5029.1;1;La Reina;final;1384.593;2507.777;1384.593;1067.777;127.803
5030;1;La Reina;final;919.881;1731.848;919.881;291.848;282.925
5030.1;1;La Reina;final;1369.148;2350.26;1369.148;910.26;164.958
5031;1;La Reina;final;1179.45;1746.848;1179.45;306.848;296.446
5031.1;1;La Reina;final;1323.85;2570.983;1323.85;1130.983;73.617
5032;1;La Reina;final;1228.255;1803.848;1228.255;363.848;296.201
5032.1;1;La Reina;final;1457.719;2635.145;17.719;1195.145;108.542
5033;1;La Reina;final;1208.767;1812.848;1208.767;372.848;268.652
5034;1;La Reina;final;1339.148;1797.379;1339.148;357.379;290.132
5034.1;1;La Reina;final;1530.467;2727.777;90.467;1287.777;110.192
5035;1;La Reina;final;1216.452;1819.863;1216.452;379.863;106.981
5036;1;La Reina;final;1213.433;1887.313;1213.433;447.313;222.852
5037;1;La Reina;final;1141.865;1887.379;1141.865;447.379;71.993
5038;1;La Reina;final;1255.353;1806.218;1255.353;366.218;232.338
5039;1;La Reina;final;1173.272;1817.468;1173.272;377.468;221.478
5040;1;La Reina;final;505.57;1828.718;505.57;388.718;44.192
5041;1;La Reina;final;528.07;1851.218;528.07;411.218;44.192
5042;1;La Reina;final;1133.92;1862.468;1133.92;422.468;159.83
5043;1;La Reina;final;1367.905;1873.718;1367.905;433.718;287.209
5044;1;La Reina;final;1470.612;1884.968;30.612;444.968;310.563
5045;1;La Reina;final;1258.65;1896.218;1258.65;456.218;180.603
5046;1;La Reina;final;1419.212;1830.435;1419.212;390.435;300.443
5046.1;1;La Reina;final;1484.34;2824.021;44.34;1384.021;47.796
5047;1;La Reina;final;1386.469;1841.685;1386.469;401.685;283.752
5047.1;1;La Reina;final;1586.945;2789.041;146.945;1349.041;111.363
5048;1;La Reina;final;1265.141;1734.958;1265.141;294.958;262.798
5049;1;La Reina;final;1293.067;1749.958;1293.067;309.958;305.368
5049.1;1;La Reina;final;1508.792;2594.007;68.792;1154.007;180.201
5050;1;La Reina;final;1315.212;1764.958;1315.212;324.958;292.955
5051;1;La Reina;final;1321.262;1779.958;1321.262;339.958;292.603
5051.1;1;La Reina;final;1408.963;2727.105;1408.963;1287.105;49.471
5052;1;La Reina;final;1206.836;1815.864;1206.836;375.864;248.95
5052.1;1;La Reina;final;1455.345;2611.375;15.345;1171.375;111.363
5053;1;La Reina;final;1294.63;1845.864;1294.63;405.864;246.522
5054;1;La Reina;final;552.246;1855.864;552.246;415.864;47.323
5055;1;La Reina;final;1243.214;1865.864;1243.214;425.864;254.089
5055.1;1;La Reina;final;1417.55;2643.789;1417.55;1203.789;90.926
5056;1;La Reina;final;1492.396;2471.258;52.396;1031.258;172.172
5057;1;La Reina;final;1473.896;2503.958;33.896;1063.958;156.676
5058;1;La Reina;final;1458.796;2514.958;18.796;1074.958;148.656
5059;1;La Reina;final;1310.748;1763.355;1310.748;323.355;290.768
5059.1;1;La Reina;final;1467.965;2683.441;27.965;1243.441;99.129
5060;1;La Reina;final;1342.955;1778.355;1342.955;338.355;292.104
5061;1;La Reina;final;1342.912;1793.355;1342.912;353.355;288.252
5062;1;La Reina;final;1291.362;1858.355;1291.362;418.355;235.565
5063;1;La Reina;final;1357.331;1868.355;1357.331;428.355;269.584
5064;1;La Reina;final;1344.56;1878.355;1344.56;438.355;272.629
5065;1;La Reina;final;1352.762;1888.355;1352.762;448.355;267.242
5066;1;La Reina;final;1391.85;1898.355;1391.85;458.355;293.248
5067;1;La Reina;final;1234.312;1748.355;1234.312;308.355;265.5
5067.1;1;La Reina;final;1408.946;2638.355;1408.946;1198.355;78.205
5068;1;La Reina;final;1315.275;1760.355;1315.275;320.355;303.175
5068.1;1;La Reina;final;1473.489;2714.808;33.489;1274.808;88.926
5069;1;La Reina;final;1178.909;1772.355;1178.909;332.355;255.073
5069.1;1;La Reina;final;1420.164;2576.208;1420.164;1136.208;112.201
5070;1;La Reina;final;1194.312;1784.355;1194.312;344.355;252.74
5071;1;La Reina;final;1373.446;1796.355;1373.446;356.355;302.921
5071.1;1;La Reina;final;1467.462;2778.355;27.462;1338.355;58.518
5072;1;La Reina;final;1304.375;1808.355;1304.375;368.355;267.645
5072.1;1;La Reina;final;1506.481;2704.808;66.481;1264.808;112.201
5073;1;La Reina;final;1373.029;1817.355;1373.029;377.355;294.963
5073.1;1;La Reina;final;1485.996;2778.355;45.996;1338.355;59.539
5074;1;La Reina;final;1300.846;1826.355;1300.846;386.355;286.974
5074.1;1;La Reina;final;1491.029;2704.605;51.029;1264.605;102.027
5075;1;La Reina;final;1346.435;1835.355;1346.435;395.355;255.549
5076;1;La Reina;final;1254.312;1853.355;1254.312;413.355;238.261
5077;1;La Reina;final;1126.629;1880.355;1126.629;440.355;194.64
5078;1;La Reina;final;1315.446;1889.355;1315.446;449.355;234.711
5079;1;La Reina;final;1395.379;1898.355;1395.379;458.355;275.436
5080;1;La Reina;final;1364.679;1760.304;1364.679;320.304;306.605
5080.1;1;La Reina;final;1450.831;2772.621;10.831;1332.621;58.249
5081;1;La Reina;final;1329.029;1772.304;1329.029;332.304;293.345
5081.1;1;La Reina;final;1400.624;2738.355;1400.624;1298.355;47.352
5082;1;La Reina;final;1318.107;1799.304;1318.107;359.304;270.701
5083;1;La Reina;final;1323.414;1814.304;1323.414;374.304;295.797
5083.1;1;La Reina;final;1380.846;2724.958;1380.846;1284.958;39.983
5084;1;La Reina;final;1487.462;1836.804;47.462;396.804;304.443
5085;1;La Reina;final;1304.862;1844.304;1304.862;404.304;279.915
5085.1;1;La Reina;final;1502.231;2708.355;62.231;1268.355;99.393
5086;1;La Reina;final;1127.296;1851.804;1127.296;411.804;204.973
5087;1;La Reina;final;1272.772;1859.304;1272.772;419.304;264.952
5088;1;La Reina;final;1480.786;2504.304;40.786;1064.304;159.518
5089;1;La Reina;final;586.812;1748.355;586.812;308.355;92.158
5090;1;La Reina;final;1419.329;1778.355;1419.329;338.355;302.792
5090.1;1;La Reina;final;1483.991;2823.602;43.991;1383.602;48.304
5091;1;La Reina;final;1343.429;1808.355;1343.429;368.355;278.047
5092;1;La Reina;final;1343.064;1823.355;1343.064;383.355;292.043
5093;1;La Reina;final;1197.436;1838.355;1197.436;398.355;274.174
5093.1;1;La Reina;final;1343.85;2590.983;1343.85;1150.983;73.617
5094;1;La Reina;final;1340.229;1883.355;1340.229;443.355;260.305
5095;1;Los Espinos;final;1358.943;1763.191;1358.943;323.191;294.595
5096;1;Los Espinos;final;1292.426;1778.191;1292.426;338.191;268.427
5097;1;Los Espinos;final;1297.309;1793.191;1297.309;353.191;268.146
5098;1;Los Espinos;final;1202.426;1808.191;1202.426;368.191;226.428
5099;1;Los Espinos;final;1262.426;1868.191;1262.426;428.191;226.708
5100;1;Los Espinos;final;1212.626;1878.191;1212.626;438.191;210.877
5101;1;Los Espinos;final;1221.193;1888.191;1221.193;448.191;210.877
5102;1;Los Espinos;final;1196.649;1464.246;1196.649;24.246;312.538
5102.1;1;Los Espinos;final;1504.708;2579.494;64.708;1139.494;156.494
5103;1;Los Espinos;final;1311.408;1734.246;1311.408;294.246;306.861
5104;1;Los Espinos;final;1186.873;1746.246;1186.873;306.246;244.486
5105;1;Los Espinos;final;1361.559;1758.246;1361.559;318.246;295.665
5105.1;1;Los Espinos;final;1465.976;2764.857;25.976;1324.857;59.274
5106;1;Los Espinos;final;1326.176;1770.246;1326.176;330.246;280.115
5107;1;Los Espinos;final;1313.943;1782.246;1313.943;342.246;280.115
5108;1;Los Espinos;final;1331.609;1814.246;1331.609;374.246;295.278
5108.1;1;Los Espinos;final;1568.026;2650.071;128.026;1210.071;168.708
5109;1;Los Espinos;final;1266.176;1844.246;1266.176;404.246;238.397
5110;1;Los Espinos;final;542.959;1854.246;542.959;414.246;45.075
5111;1;Los Espinos;final;1192.426;1864.246;1192.426;424.246;212.229
5112;1;Los Espinos;final;1178.609;2486.413;1178.609;1046.413;45.355
5113;1;La Reina;final;1233.1;1748.355;1233.1;308.355;277.459
5114;1;La Reina;final;1294.146;1760.355;1294.146;320.355;276.346
5115;1;La Reina;final;1383.146;1772.355;1383.146;332.355;312.801
5115.1;1;La Reina;final;1507.479;2786.355;67.479;1346.355;66.173
5116;1;La Reina;final;1305.896;1784.355;1305.896;344.355;249.704
5117;1;La Reina;final;1304.63;1796.355;1304.63;356.355;278.716
5118;1;La Reina;final;1274.63;1808.355;1274.63;368.355;254.709
5119;1;La Reina;final;1301.187;1818.355;1301.187;378.355;291.605
5119.1;1;La Reina;final;1363.037;2702.468;1363.037;1262.468;44.038
5120;1;La Reina;final;1174.812;1868.355;1174.812;428.355;201.572
5121;1;La Reina;final;1293.412;1898.355;1293.412;458.355;226.455
5122;1;La Reina;final;864.112;1394.538;864.112;1394.538;285.963
5122.1;1;La Reina;final;1338.946;2298.355;1338.946;858.355;151.307
5123;1;La Reina;final;930.975;1424.538;930.975;1424.538;279.415
5123.1;1;La Reina;final;1483.246;2384.808;43.246;944.808;199.512
5124;1;La Reina;final;1288.562;1748.386;1288.562;308.386;302.166
5124.1;1;La Reina;final;1493.062;2693.355;53.062;1253.355;101.67
5125;1;La Reina;final;1341.512;1760.386;1341.512;320.386;283.739
5126;1;La Reina;final;1162.014;1772.386;1162.014;332.386;248.026
5126.1;1;La Reina;final;1340.45;2566.689;1340.45;1126.689;90.926
5127;1;La Reina;final;1311.069;1784.386;1311.069;344.386;265.925
5127.1;1;La Reina;final;1543.379;2722.808;103.379;1282.808;111.363
5128;1;La Reina;final;1327.362;1793.386;1327.362;353.386;279.546
5128.1;1;La Reina;final;1507.246;2738.305;67.246;1298.305;84.017
5129;1;La Reina;final;1394.464;1829.386;1394.464;389.386;307.184
5130;1;La Reina;final;1436.346;1856.386;1436.346;416.386;303.304
5130.1;1;La Reina;final;1527.329;2841.155;87.329;1401.155;60.526
5131;1;La Reina;final;1409.012;1865.386;1409.012;425.386;293.206
5131.1;1;La Reina;final;1460.786;2824.893;20.786;1384.893;35.516
5132;1;La Reina;final;588.196;1874.386;588.196;434.386;58.255
5133;1;La Reina;final;1372.479;2434.386;1372.479;994.386;124.896
5134;1;La Reina;final;1400.545;1787.935;1400.545;347.935;311.519
5135;1;La Reina;final;1380.786;1820.785;1380.786;380.785;262.068
5136;1;La Reina;final;1501.474;1859.335;61.474;419.335;308.565
5137;1;La Reina;final;1310.141;1872.185;1310.141;432.185;223.354
5138;1;La Reina;final;1173.312;1478.355;1173.312;38.355;299.557
5138.1;1;La Reina;final;1293.029;2576.355;1293.029;1136.355;60.526
5139;1;La Reina;final;1290.836;1756.921;1290.836;316.921;291.092
5139.1;1;La Reina;final;1613.612;2691.218;173.612;1251.218;160.351
5140;1;La Reina;final;1191.246;1765.488;1191.246;325.488;238.503
5141;1;La Reina;final;1381.562;1774.055;1381.562;334.055;307.24
5141.1;1;La Reina;final;1412.355;2620.245;1412.355;1180.245;102.298
5142;1;La Reina;final;1288.053;1782.621;1288.053;342.621;232.319
5143;1;La Reina;final;1381.541;1791.188;1381.541;351.188;309.435
5143.1;1;La Reina;final;1421.812;2759.224;1421.812;1319.224;48.217
5144;1;La Reina;final;1288.968;1799.755;1288.968;359.755;282.119
5145;1;La Reina;final;1386.296;1808.355;1386.296;368.355;303.238
5145.1;1;La Reina;final;1475.929;2789.755;35.929;1349.755;60.526
5146;1;La Reina;final;1294.312;1817.355;1294.312;377.355;239.289
5147;1;La Reina;final;569.096;1844.355;569.096;404.355;53.926
5148;1;La Reina;final;1469.479;1853.355;29.479;413.355;311.818
5149;1;La Reina;final;587.096;1862.355;587.096;422.355;53.926
5150;1;La Reina;final;1381.196;1871.355;1381.196;431.355;264.11
5151;1;La Reina;final;1203.596;1880.355;1203.596;440.355;212.064
5152;1;La Reina;final;1387.546;1889.355;1387.546;449.355;261.77
5153;1;La Reina;final;1193.6;1898.355;1193.6;458.355;211.65
5154;1;La Reina;final;944.348;1418.355;944.348;1418.355;270.497
5154.1;1;La Reina;final;1197.438;2373.91;1197.438;933.91;89.334
5155;1;La Reina;final;1220.141;1448.355;1220.141;8.355;278.914
5155.1;1;La Reina;final;1411.246;2624.355;1411.246;1184.355;84.017
5156;1;La Reina;final;1327.255;1748.355;1327.255;308.355;276.483
5157;1;La Reina;final;1337.848;1763.355;1337.848;323.355;308.121
5157.1;1;La Reina;final;1508.162;2701.486;68.162;1261.486;106.356
5158;1;La Reina;final;1339.546;1778.355;1339.546;338.355;291.174
5159;1;La Reina;final;1379.679;1793.355;1379.679;353.355;302.862
5159.1;1;La Reina;final;1462.964;2783.355;22.964;1343.355;56.655
5160;1;La Reina;final;1339.369;1808.355;1339.369;368.355;285.05
5161;1;La Reina;final;588.762;1830.855;588.762;390.855;58.426
5162;1;La Reina;final;1153.94;1853.355;1153.94;413.355;197.621
5163;1;La Reina;final;1456.079;1868.355;16.079;428.355;303.445
5164;1;La Reina;final;1190.807;1875.855;1190.807;435.855;191.212
5165;1;La Reina;final;1423.489;1890.855;1423.489;450.855;302.748
5166;1;La Reina;final;1366.942;1898.355;1366.942;458.355;302.196
5166.1;1;La Reina;final;1540.747;2763.856;100.747;1323.856;114.299
5167;1;La Reina;final;560.096;1732.041;560.096;292.041;94.805
5168;1;La Reina;final;1344.102;1744.041;1344.102;304.041;313.792
5168.1;1;La Reina;final;1473.819;2700.558;33.819;1260.558;88.685
5169;1;La Reina;final;1312.027;1756.041;1312.027;316.041;299.006
5169.1;1;La Reina;final;1367.643;2715.021;1367.643;1275.021;39.642
5170;1;La Reina;final;1314.75;1768.041;1314.75;328.041;298.042
5171;1;La Reina;final;1204.312;1780.041;1204.312;340.041;241.184
5172;1;La Reina;final;1258.107;1792.041;1258.107;352.041;249.266
5173;1;La Reina;final;1369.946;1801.041;1369.946;361.041;289.836
5174;1;La Reina;final;1411.029;1810.041;1411.029;370.041;296.601
5175;1;La Reina;final;552.962;1828.041;552.962;388.041;56.638
5176;1;La Reina;final;588.962;1864.041;588.962;424.041;56.638
5177;1;La Reina;final;1405.996;1882.041;1405.996;442.041;294.003
5177.1;1;La Reina;final;1472.624;2810.355;32.624;1370.355;47.352
5178;1;La Reina;final;1303.362;1894.891;1303.362;454.891;232.938
5179;1;La Reina;final;1408.352;1907.741;1408.352;467.741;286.274
5180;1;La Reina;final;1358.029;2342.041;1358.029;902.041;141.54
5181;1;La Reina;final;1274.748;2413.841;1274.748;973.841;99.119
5182;1;La Reina;final;1544.462;2501.041;104.462;1061.041;180.656
5183;1;La Reina;final;1247.196;2511.941;1247.196;1071.941;58.245
5184;1;La Reina;final;1372.246;2512.041;1372.246;1072.041;100.386
5185;1;La Reina;final;1626.945;2524.041;186.945;1084.041;216.748
5186;1;La Reina;final;1339.362;1748.355;1339.362;308.355;301.976
5187;1;La Reina;final;1168.909;1760.355;1168.909;320.355;255.438
5187.1;1;La Reina;final;1407.314;2567.641;1407.314;1127.641;112.201
5188;1;La Reina;final;1194.862;1772.355;1194.862;332.355;258.393
5189;1;La Reina;final;1264.812;1784.355;1264.812;344.355;257.958
5190;1;La Reina;final;1347.746;1796.355;1347.746;356.355;313.038
5190.1;1;La Reina;final;1487.746;2753.355;47.746;1313.355;75.136
5191;1;La Reina;final;1223.279;1808.355;1223.279;368.355;243.479
5192;1;La Reina;final;1274.146;1830.855;1274.146;390.855;247.713
5193;1;La Reina;final;1297.881;1842.105;1297.881;402.105;258.023
5193.1;1;La Reina;final;1452.45;2703.856;12.45;1263.856;90.926
5194;1;La Reina;final;1336.196;1853.355;1336.196;413.355;246.944
5195;1;La Reina;final;1359.629;1864.605;1359.629;424.605;259.348
5196;1;La Reina;final;1250.748;1875.855;1250.748;435.855;231.344
5197;1;La Reina;final;1307.885;1898.355;1307.885;458.355;228.652
5198;1;La Reina;final;1158.719;1758.355;1158.719;318.355;236.167
5199;1;La Reina;final;588.125;1768.355;588.125;328.355;90.957
5200;1;La Reina;final;1388.946;1778.355;1388.946;338.355;299.079
5200.1;1;La Reina;final;1440.786;2804.893;0.786;1364.893;35.516
5201;1;La Reina;final;1254.812;1788.355;1254.812;348.355;235.351
5202;1;La Reina;final;1411.381;1808.355;1411.381;368.355;314.186
5202.1;1;La Reina;final;1514.009;2796.31;74.009;1356.31;74.519
5203;1;La Reina;final;1327.334;1817.355;1327.334;377.355;296.183
5204;1;La Reina;final;568.996;1826.355;568.996;386.355;60.084
5205;1;La Reina;final;1383.031;1835.355;1383.031;395.355;286.181
5206;1;La Reina;final;1312.589;1844.355;1312.589;404.355;293.79
5207;1;La Reina;final;1403.945;1862.355;1403.945;422.355;270.93
5208;1;La Reina;final;1268.403;1889.355;1268.403;449.355;178.576
5209;1;La Reina;final;1358.748;1898.355;1358.748;458.355;255.842
5210;1;La Reina;final;1201.962;1414.958;1201.962;1414.958;305.889
5210.1;1;La Reina;final;1266.836;2618.893;1266.836;1178.893;35.516
5211;1;La Reina;final;1245.529;1444.958;1245.529;4.958;302.404
5211.1;1;La Reina;final;1371.562;2648.355;1371.562;1208.355;65.477
5212;1;La Reina;final;1260.712;1759.958;1260.712;319.958;282.1
5212.1;1;La Reina;final;1388.235;2682.357;1388.235;1242.357;57.942
5213;1;La Reina;final;1284.812;1774.958;1284.812;334.958;264.487
5214;1;La Reina;final;581.68;1789.958;581.68;349.958;91.445
5215;1;La Reina;final;1315.362;1804.958;1315.362;364.958;250.752
5216;1;La Reina;final;1427.462;1814.958;1427.462;374.958;292.454
5216.1;1;La Reina;final;1496.624;2834.355;56.624;1394.355;47.352
5217;1;La Reina;final;1417.897;1864.958;1417.897;424.958;298.467
5218;1;Los Espinos;final;1184.708;1748.296;1184.708;308.296;281.99
5218.1;1;Los Espinos;final;1455.108;2588.051;15.108;1148.051;107.863
5219;1;Los Espinos;final;1233.425;1763.296;1233.425;323.296;289.52
5220;1;Los Espinos;final;601.055;1833.996;601.055;393.996;74.144
5221;1;Los Espinos;final;1337.954;1846.846;1337.954;406.846;248.996
5222;1;Los Espinos;final;1293.299;1752.761;1293.299;312.761;281.979
5223;1;Los Espinos;final;1347.775;1767.761;1347.775;327.761;309.558
5223.1;1;Los Espinos;final;1428.231;2783.008;1428.231;1343.008;29.906
5224;1;Los Espinos;final;1251.408;1782.761;1251.408;342.761;273.41
5225;1;Los Espinos;final;1388.902;1797.761;1388.902;357.761;302.243
5225.1;1;Los Espinos;final;1526.628;2769.357;86.628;1329.357;91.194
5226;1;Los Espinos;final;1402.639;1810.611;1402.639;370.611;290.319
5227;1;Los Espinos;final;1378.361;1752.591;1378.361;312.591;312.429
5228;1;Los Espinos;final;1366.51;1767.591;1366.51;327.591;304.705
5229;1;Los Espinos;final;1338.994;1782.591;1338.994;342.591;282.451
5230;1;Los Espinos;final;1165.761;1797.591;1165.761;357.591;222.494
5231;1;Los Espinos;final;1280.828;1832.591;1280.828;392.591;252.473
5232;1;Los Espinos;final;1289.06;1852.591;1289.06;412.591;244.748
5233;1;Los Espinos;final;1364.694;2512.591;1364.694;1072.591;102.582
5234;1;Los Espinos;final;1172.715;1737.623;1172.715;297.623;263.128
5235;1;Los Espinos;final;1269.928;1752.623;1269.928;312.623;274.968
5236;1;Los Espinos;final;1361.228;1767.623;1361.228;327.623;304.946
5237;1;Los Espinos;final;1154.861;1817.623;1154.861;377.623;215.012
5238;1;Los Espinos;final;1136.744;1837.623;1136.744;397.623;207.288
5239;1;Los Espinos;final;1429.761;2517.623;1429.761;1077.623;125.077
5240;1;La Reina;final;1282.575;1748.355;1282.575;308.355;299.462
5240.1;1;La Reina;final;1489.347;2684.808;49.347;1244.808;112.201
5241;1;La Reina;final;1249.875;1763.355;1249.875;323.355;282.386
5241.1;1;La Reina;final;1413.489;2654.808;1413.489;1214.808;88.926
5242;1;La Reina;final;1304.312;1778.355;1304.312;338.355;284.051
5243;1;La Reina;final;1200.946;1793.355;1200.946;353.355;259.486
5244;1;La Reina;final;1397.762;1808.355;1397.762;368.355;287.005
5245;1;La Reina;final;1340.846;1865.521;1340.846;425.521;268.179
5246;1;La Reina;final;1474.279;1890.021;34.279;450.021;301.442
5247;1;La Reina;final;1369.243;1737.777;1369.243;297.777;302.768
5248;1;La Reina;final;998.716;1752.777;998.716;312.777;238.922
5248.1;1;La Reina;final;1560.812;2421.053;120.812;981.053;224.737
5249;1;La Reina;final;1105.855;1767.777;1105.855;327.777;243.914
5249.1;1;La Reina;final;1430.355;2539.348;1430.355;1099.348;111.143
5250;1;La Reina;final;1342.027;1782.777;1342.027;342.777;294.424
5251;1;La Reina;final;1207.123;1797.777;1207.123;357.777;279.651
5251.1;1;La Reina;final;1292.673;2610.427;1292.673;1170.427;59.986
5252;1;La Reina;final;1237.436;1812.777;1237.436;372.777;285.702
5252.1;1;La Reina;final;1402.596;2631.948;1402.596;1191.948;107.002
5253;1;La Reina;final;1412.848;1827.777;1412.848;387.777;309.532
5253.1;1;La Reina;final;1515.648;2796.31;75.648;1356.31;70.748
5254;1;La Reina;final;1381.897;1842.777;1381.897;402.777;292.84
5255;1;La Reina;final;1259.243;1872.777;1259.243;432.777;235.883
5256;1;La Reina;final;1377.185;1887.777;1377.185;447.777;266.095
5257;1;La Reina;final;1410.905;1932.777;1410.905;492.777;296.448
5257.1;1;La Reina;final;1481.381;2825.812;41.381;1385.812;43.205
5258;1;La Reina;final;1272.181;2517.777;1272.181;1077.777;70.748
5259;1;La Reina;final;978.716;1750.145;978.716;310.145;251.1
5259.1;1;La Reina;final;1376.0;2403.92;1376.0;963.92;147.235
5260;1;La Reina;final;1235.465;1765.145;1235.465;325.145;267.146
5261;1;La Reina;final;1345.465;1780.145;1345.465;340.145;304.426
5262;1;La Reina;final;614.943;1795.145;614.943;355.145;91.02
5263;1;La Reina;final;1359.243;1825.145;1359.243;385.145;284.303
5264;1;La Reina;final;1339.412;1840.145;1339.412;400.145;280.452
5265;1;La Reina;final;1364.212;1855.145;1364.212;415.145;279.841
5266;1;La Reina;final;1283.502;1870.145;1283.502;430.145;250.893
5266.1;1;La Reina;final;1504.829;2684.258;64.829;1244.258;111.363
5267;1;La Reina;final;1256.638;1885.145;1256.638;445.145;203.902
5268;1;La Reina;final;1362.548;1900.145;1362.548;460.145;242.04
5269;1;La Reina;final;1476.388;1915.145;36.388;475.145;292.42
5270;1;La Reina;final;1409.855;2470.145;1409.855;1030.145;135.069
5271;1;La Reina;final;1041.237;1471.963;1041.237;31.963;300.462
5271.1;1;La Reina;final;1308.687;2437.963;1308.687;997.963;115.537
5272;1;La Reina;final;1152.837;1761.963;1152.837;321.963;300.168
5272.1;1;La Reina;final;1391.937;2545.963;1391.937;1105.963;115.733
5273;1;La Reina;final;1178.287;1781.963;1178.287;341.963;300.266
5273.1;1;La Reina;final;1457.571;2581.963;17.571;1141.963;146.325
5274;1;La Reina;final;1208.687;1813.213;1208.687;373.213;300.071
5274.1;1;La Reina;final;1477.571;2601.963;37.571;1161.963;146.228
5275;1;La Reina;final;526.221;1824.463;526.221;384.463;54.156
5276;1;La Reina;final;1251.121;1835.713;1251.121;395.713;300.071
5276.1;1;La Reina;final;1311.071;2641.963;1311.071;1201.963;54.059
5277;1;La Reina;final;1268.687;1858.213;1268.687;418.213;300.168
5277.1;1;La Reina;final;1454.504;2659.963;14.504;1219.963;115.635
5278;1;La Reina;final;1299.121;1869.463;1299.121;429.463;300.071
5278.1;1;La Reina;final;1494.504;2693.363;54.504;1253.363;115.733
5279;1;La Reina;final;1212.837;1880.713;1212.837;440.713;269.576
5280;1;La Reina;final;1198.287;1891.963;1198.287;451.963;269.282
5281;1;La Reina;final;1200.837;1801.963;1200.837;361.963;300.071
5281.1;1;La Reina;final;1474.504;2593.963;34.504;1153.963;146.423
5282;1;La Reina;final;1248.687;1837.963;1248.687;397.963;300.266
5282.1;1;La Reina;final;1383.071;2641.963;1383.071;1201.963;84.847
5283;1;La Reina;final;1227.121;1855.963;1227.121;415.963;299.875
5283.1;1;La Reina;final;1497.571;2617.963;57.571;1177.963;146.325
5284;1;La Reina;final;1263.121;1873.963;1263.121;433.963;300.071
5284.1;1;La Reina;final;1404.787;2654.813;1404.787;1214.813;84.945
5285;1;La Reina;final;1347.605;1760.355;1347.605;320.355;297.136
5286;1;La Reina;final;1373.145;1772.355;1373.145;332.355;298.704
5287;1;La Reina;final;1248.268;1784.355;1248.268;344.355;257.866
5288;1;La Reina;final;1350.405;1796.355;1350.405;356.355;277.415
5289;1;La Reina;final;1235.502;1808.355;1235.502;368.355;255.014
5289.1;1;La Reina;final;1481.045;2637.075;41.045;1197.075;111.363
5290;1;La Reina;final;1398.179;1817.355;1398.179;377.355;296.141
5291;1;La Reina;final;1433.698;1826.355;1433.698;386.355;306.723
5292;1;La Reina;final;1416.565;1835.355;1416.565;395.355;284.99
5293;1;La Reina;final;1280.1;1844.355;1280.1;404.355;268.041
5294;1;La Reina;final;1459.246;1880.355;19.246;440.355;295.485
5295;1;La Reina;final;1334.919;1889.355;1334.919;449.355;244.545
5296;1;La Reina;final;1333.929;1746.687;1333.929;306.687;303.239
5296.1;1;La Reina;final;1507.964;2738.355;67.964;1298.355;99.806
5297;1;La Reina;final;1303.414;1758.687;1303.414;318.687;314.511
5297.1;1;La Reina;final;1472.662;2704.958;32.662;1264.958;82.147
5298;1;La Reina;final;1144.552;1770.687;1144.552;330.687;233.378
5298.1;1;La Reina;final;1386.812;2542.841;1386.812;1102.841;111.363
5299;1;La Reina;final;1341.463;1782.687;1341.463;342.687;293.605
5300;1;La Reina;final;1359.285;1794.687;1359.285;354.687;262.826
5301;1;La Reina;final;1368.691;1807.537;1368.691;367.537;302.012
5302;1;La Reina;final;1360.596;1820.387;1360.596;380.387;291.048
5303;1;La Reina;final;1228.909;1833.237;1228.909;393.237;246.026
5303.1;1;La Reina;final;1400.417;2626.656;1400.417;1186.656;90.926
5304;1;La Reina;final;1433.029;1846.087;1433.029;406.087;307.926
5304.1;1;La Reina;final;1481.414;2838.355;41.414;1398.355;39.415
5305;1;La Reina;final;1395.591;1858.937;1395.591;418.937;267.538
5306;1;La Reina;final;1351.881;1871.787;1351.881;431.787;260.36
5307;1;La Reina;final;1299.323;1884.637;1299.323;444.637;258.547
5308;1;La Reina;final;1397.713;1884.687;1397.713;444.687;306.446
5308.1;1;La Reina;final;1527.462;2754.304;87.462;1314.304;91.061
5309;1;La Reina;final;1492.964;2440.77;52.964;1000.77;183.576
5310;1;La Reina;final;1296.069;2449.987;1296.069;1009.987;102.029
5311;1;La Reina;final;1408.984;2477.637;1408.984;1037.637;140.998
5312;1;La Reina;final;1505.729;2514.503;65.729;1074.503;162.618
5313;1;La Reina;final;1510.196;2514.687;70.196;1074.687;175.928
5314;1;La Reina;final;785.612;1467.777;785.612;27.777;290.929
5314.1;1;La Reina;final;1407.307;2224.605;1407.307;784.605;193.942
5315;1;La Reina;final;1254.805;1737.777;1254.805;297.777;269.799
5316;1;La Reina;final;1227.436;1757.777;1227.436;317.777;300.607
5316.1;1;La Reina;final;1491.433;2622.731;51.433;1182.731;150.964
5317;1;La Reina;final;1247.438;1777.777;1247.438;337.777;296.552
5317.1;1;La Reina;final;1505.981;2638.384;65.981;1198.384;133.798
5318;1;La Reina;final;1272.063;1797.777;1272.063;357.777;253.563
5318.1;1;La Reina;final;1497.862;2698.198;57.862;1258.198;102.874
5319;1;La Reina;final;1394.048;1812.777;1394.048;372.777;311.544
5319.1;1;La Reina;final;1498.766;2779.177;58.766;1339.177;81.23
5320;1;La Reina;final;1369.855;1842.777;1369.855;402.777;290.91
5321;1;La Reina;final;1373.305;1872.777;1373.305;432.777;295.665
5322;1;La Reina;final;1367.719;1887.777;1367.719;447.777;294.182
5322.1;1;La Reina;final;1493.452;2774.465;53.452;1334.465;75.111
5323;1;Santa Rosa;final;1350.595;1733.151;1350.595;293.151;300.384
5323.1;1;Santa Rosa;final;1505.285;2775.082;65.285;1335.082;65.914
5324;1;Santa Rosa;final;1271.935;1743.151;1271.935;303.151;258.879
5325;1;Santa Rosa;final;1347.302;1753.151;1347.302;313.151;255.5
5326;1;Santa Rosa;final;1226.678;1763.151;1226.678;323.151;256.77
5327;1;Santa Rosa;final;1293.51;1783.151;1293.51;343.151;242.217
5328;1;Santa Rosa;final;1261.362;1817.651;1261.362;377.651;214.974
5329;1;Santa Rosa;final;1457.314;1833.984;17.314;393.984;312.789
5329.1;1;Santa Rosa;final;1532.29;2851.26;92.29;1411.26;57.977
5330;1;Santa Rosa;final;1416.796;1842.151;1416.796;402.151;258.799
5331;1;Santa Rosa;final;1374.558;1866.651;1374.558;426.651;221.505
5332;1;Santa Rosa;final;1395.571;1883.151;1395.571;443.151;230.154
5333;1;Santa Rosa;final;1371.303;1770.58;1371.303;330.58;306.725
5333.1;1;Santa Rosa;final;1544.511;2831.338;104.511;1391.338;67.575
5334;1;Santa Rosa;final;1377.346;1782.58;1377.346;342.58;263.74
5335;1;Santa Rosa;final;1414.51;1794.58;1414.51;354.58;301.414
5335.1;1;Santa Rosa;final;1476.526;2787.734;36.526;1347.734;60.738
5336;1;Los Espinos;final;1362.775;1763.008;1362.775;323.008;310.894
5337;1;Los Espinos;final;1176.253;1775.008;1176.253;335.008;270.296
5337.1;1;Los Espinos;final;1470.441;2571.041;30.441;1131.041;147.343
5338;1;Los Espinos;final;1301.496;1787.008;1301.496;347.008;287.621
5338.1;1;Los Espinos;final;1457.658;2678.63;17.658;1238.63;94.887
5339;1;Los Espinos;final;1346.206;1799.008;1346.206;359.008;298.429
5340;1;Los Espinos;final;1239.049;1811.008;1239.049;371.008;270.996
5341;1;Los Espinos;final;1326.057;1823.008;1326.057;383.008;291.002
5342;1;Los Espinos;final;1279.621;1873.008;1279.621;433.008;243.586
5343;1;Los Espinos;final;1410.877;1893.008;1410.877;453.008;288.982
5344;1;Los Espinos;final;1371.908;1913.008;1371.908;473.008;266.027
5345;1;Los Espinos;final;1217.735;2543.008;1217.735;1103.008;41.89
5346;1;Los Espinos;final;1308.497;1732.092;1308.497;292.092;304.764
5346.1;1;Los Espinos;final;1374.277;2712.299;1374.277;1272.299;44.634
5347;1;Los Espinos;final;1336.602;1742.092;1336.602;302.092;312.914
5347.1;1;Los Espinos;final;1345.903;2645.761;1345.903;1205.761;67.677
5348;1;Los Espinos;final;1217.355;1752.092;1217.355;312.092;271.15
5349;1;Los Espinos;final;1255.992;1762.092;1255.992;322.092;274.829
5350;1;Los Espinos;final;1257.03;1772.092;1257.03;332.092;296.823
5350.1;1;Los Espinos;final;1487.474;2660.899;47.474;1220.899;101.346
5351;1;Los Espinos;final;1313.554;1782.092;1313.554;342.092;287.719
5351.1;1;Los Espinos;final;1501.971;2697.696;61.971;1257.696;105.096
5352;1;Los Espinos;final;1326.325;1801.092;1326.325;361.092;286.64
5353;1;Los Espinos;final;1372.327;1837.092;1372.327;397.092;310.459
5354;1;Los Espinos;final;1375.992;1855.092;1375.992;415.092;290.542
5354.1;1;Los Espinos;final;1472.402;2813.008;32.402;1373.008;41.89
5355;1;Los Espinos;final;1348.231;1864.092;1348.231;424.092;289.234
5356;1;Los Espinos;final;994.807;1432.01;994.807;1432.01;289.965
5356.1;1;Los Espinos;final;1185.505;2345.708;1185.505;905.708;92.665
5357;1;Los Espinos;final;616.2;1462.01;616.2;22.01;264.635
5357.1;1;Los Espinos;final;1377.633;1995.604;1377.633;555.604;254.717
5358;1;Los Espinos;final;936.646;1492.01;936.646;52.01;293.964
5358.1;1;Los Espinos;final;1498.755;2326.846;58.755;886.846;254.901
5359;1;Los Espinos;final;1271.558;1782.01;1271.558;342.01;282.082
5359.1;1;Los Espinos;final;1375.413;2602.332;1375.413;1162.332;87.471
5360;1;Los Espinos;final;1256.094;1802.01;1256.094;362.01;284.15
5361;1;Los Espinos;final;1294.491;1823.008;1294.491;383.008;290.692
5362;1;Los Espinos;final;1150.337;1880.175;1150.337;440.175;212.2
5363;1;Los Espinos;final;1338.497;1904.675;1338.497;464.675;266.219
5364;1;Los Espinos;final;1464.028;1913.008;24.028;473.008;313.885
5365;1;Los Espinos;final;1378.78;2495.008;1378.78;1055.008;107.578
5366;1;Los Espinos;final;1379.51;2543.008;1379.51;1103.008;98.343
5367;1;Los Espinos;final;905.658;1398.698;905.658;1398.698;310.891
5367.1;1;Los Espinos;final;1292.47;2347.52;1292.47;907.52;132.934
5368;1;Los Espinos;final;1090.924;1428.698;1090.924;1428.698;308.561
5368.1;1;Los Espinos;final;1511.963;2472.263;71.963;1032.263;194.264
5369;1;Los Espinos;final;1288.047;1737.265;1288.047;297.265;293.652
5369.1;1;Los Espinos;final;1458.03;2695.72;18.03;1255.72;88.637
5370;1;Los Espinos;final;1287.621;1745.831;1287.621;305.831;304.112
5371;1;Los Espinos;final;1269.427;1754.398;1269.427;314.398;291.35
5372;1;Los Espinos;final;1211.558;1762.965;1211.558;322.965;278.4
5372.1;1;Los Espinos;final;1327.275;2545.665;1327.275;1105.665;93.64
5373;1;Los Espinos;final;1332.57;1771.531;1332.57;331.531;300.336
5373.1;1;Los Espinos;final;1430.868;2733.041;1430.868;1293.041;67.699
5374;1;Los Espinos;final;1268.854;1788.665;1268.854;348.665;302.655
5374.1;1;Los Espinos;final;1443.809;2655.696;3.809;1215.696;107.514
5375;1;Los Espinos;final;1329.633;1788.698;1329.633;348.698;300.097
5375.1;1;Los Espinos;final;1478.445;2706.357;38.445;1266.357;91.194
5376;1;Los Espinos;final;1370.802;1805.031;1370.802;365.031;312.45
5377;1;Los Espinos;final;1401.683;1813.198;1401.683;373.198;311.576
5377.1;1;Los Espinos;final;1507.074;2838.675;67.074;1398.675;49.868
5378;1;Los Espinos;final;1427.444;1829.531;1427.444;389.531;301.886
5379;1;Los Espinos;final;1410.689;1837.698;1410.689;397.698;308.99
5380;1;Los Espinos;final;1298.041;1845.865;1298.041;405.865;249.826
5381;1;Los Espinos;final;1177.471;1854.031;1177.471;414.031;228.465
5382;1;Los Espinos;final;1447.6;1878.698;7.6;438.698;304.401
5383;1;Los Espinos;final;1383.841;2508.698;1383.841;1068.698;114.871
5384;1;Los Espinos;final;1360.466;1731.276;1360.466;291.276;308.206
5385;1;Los Espinos;final;1227.735;1739.843;1227.735;299.843;281.147
5386;1;Los Espinos;final;1347.616;1748.409;1347.616;308.409;298.623
5387;1;Los Espinos;final;1432.684;1756.976;1432.684;316.976;275.631
5388;1;Los Espinos;final;1311.883;1765.543;1311.883;325.543;281.769
5388.1;1;Los Espinos;final;1503.123;2753.008;63.123;1313.008;85.677
5389;1;Los Espinos;final;1325.193;1774.109;1325.193;334.109;285.324
5390;1;Los Espinos;final;1332.775;1782.676;1332.775;342.676;289.352
5390.1;1;Los Espinos;final;1468.692;2770.142;28.692;1330.142;64.063
5391;1;Los Espinos;final;1386.166;1791.243;1386.166;351.243;298.623
5391.1;1;Los Espinos;final;1463.868;2789.451;23.868;1349.451;50.681
5392;1;Los Espinos;final;1393.283;1791.276;1393.283;351.276;298.623
5392.1;1;Los Espinos;final;1474.668;2798.042;34.668;1358.042;52.659
5393;1;Los Espinos;final;1367.268;1823.943;1367.268;383.943;281.893
5394;1;Los Espinos;final;1306.808;1848.443;1306.808;408.443;264.28
5394.1;1;Los Espinos;final;1443.76;2752.958;3.76;1312.958;56.977
5395;1;Los Espinos;final;1392.968;1856.609;1392.968;416.609;281.893
5396;1;Los Espinos;final;1405.818;1864.776;1405.818;424.776;281.893
5397;1;Los Espinos;final;1311.908;1881.109;1311.908;441.109;243.356
5398;1;Los Espinos;final;1306.176;1881.276;1306.176;441.276;243.325
5399;1;Los Espinos;final;1354.418;1760.051;1354.418;320.051;299.301
5400;1;Los Espinos;final;1382.39;1772.051;1382.39;332.051;303.178
5400.1;1;Los Espinos;final;1447.822;2820.982;7.822;1380.982;31.497
5401;1;Los Espinos;final;529.383;1784.051;529.383;344.051;67.41
5402;1;Santa Rosa;final;1442.276;1773.338;2.276;333.338;305.039
5403;1;Santa Rosa;final;1498.893;1785.338;58.893;345.338;313.564
5404;1;Santa Rosa;final;1218.385;1797.338;1218.385;357.338;224.185
5405;1;Santa Rosa;final;1350.29;1809.338;1350.29;369.338;302.794
5406;1;Santa Rosa;final;515.286;1821.338;515.286;381.338;43.128
5407;1;Santa Rosa;final;1373.315;1829.505;1373.315;389.505;270.2
5408;1;Santa Rosa;final;1271.588;1886.672;1271.588;446.672;134.012
5409;1;Santa Rosa;final;1329.52;1903.005;1329.52;463.005;213.179
5410;1;Santa Rosa;final;1301.362;1911.172;1301.362;471.172;198.391
5411;1;Santa Rosa;final;1466.507;1911.338;26.507;471.338;268.963
5412;1;Santa Rosa;final;1325.89;1759.76;1325.89;319.76;302.61
5412.1;1;Santa Rosa;final;1463.969;2737.76;23.969;1297.76;58.771
5413;1;Santa Rosa;final;485.519;1771.76;485.519;331.76;52.341
5414;1;Santa Rosa;final;529.285;1897.76;529.285;457.76;27.775
5415;1;Santa Rosa;final;1412.276;2647.76;1412.276;1207.76;80.134
5416;1;Santa Rosa;final;1361.708;1767.76;1361.708;327.76;278.433
5417;1;Santa Rosa;final;1294.043;2647.76;1294.043;1207.76;35.862
5418;1;Santa Rosa;final;1240.169;1729.201;1240.169;289.201;287.986
5418.1;1;Santa Rosa;final;1492.993;2669.047;52.993;1229.047;100.044
5419;1;Santa Rosa;final;1382.693;1744.201;1382.693;304.201;292.077
5420;1;Santa Rosa;final;549.644;1759.201;549.644;319.201;86.218
5421;1;Santa Rosa;final;1322.169;1789.201;1322.169;349.201;276.839
5421.1;1;Santa Rosa;final;1468.898;2750.881;28.898;1310.881;74.309
5422;1;Santa Rosa;final;1297.152;1834.201;1297.152;394.201;209.84
5423;1;Santa Rosa;final;1543.394;1861.201;103.394;421.201;261.954
5424;1;Santa Rosa;final;1197.362;1870.201;1197.362;430.201;181.803
5425;1;Santa Rosa;final;1261.314;1729.007;1261.314;289.007;296.316
5425.1;1;Santa Rosa;final;1439.985;2604.102;1439.985;1164.102;104.078
5426;1;Santa Rosa;final;574.244;1741.007;574.244;301.007;107.614
5427;1;Santa Rosa;final;1392.241;1753.007;1392.241;313.007;312.501
5428;1;Santa Rosa;final;1238.312;1765.007;1238.312;325.007;244.706
5429;1;Santa Rosa;final;1273.336;1814.707;1273.336;374.707;247.548
5430;1;Santa Rosa;final;1372.298;1827.557;1372.298;387.557;273.943
5431;1;Santa Rosa;final;1394.811;1878.957;1394.811;438.957;248.47
5432;1;Santa Rosa;final;1194.331;1879.007;1194.331;439.007;174.056
5433;1;Santa Rosa;final;1369.161;1767.76;1369.161;327.76;306.034
5434;1;Santa Rosa;final;488.445;1734.038;488.445;294.038;65.14
5435;1;Santa Rosa;final;1359.748;1744.038;1359.748;304.038;296.742
5436;1;Santa Rosa;final;1353.621;1754.038;1353.621;314.038;270.76
5437;1;Santa Rosa;final;498.837;1764.038;498.837;324.038;61.176
5438;1;Santa Rosa;final;1155.87;1774.038;1155.87;334.038;196.981
5439;1;Santa Rosa;final;1390.181;1784.038;1390.181;344.038;290.9
5440;1;Santa Rosa;final;1387.49;1794.038;1387.49;354.038;305.0
5441;1;Santa Rosa;final;1384.811;1812.038;1384.811;372.038;302.432
5442;1;Santa Rosa;final;1303.146;1818.038;1303.146;378.038;246.653
5443;1;Santa Rosa;final;1471.019;1830.038;31.019;390.038;298.521
5444;1;Santa Rosa;final;1477.302;1836.038;37.302;396.038;288.063
5445;1;Santa Rosa;final;486.837;1842.038;486.837;402.038;33.214
5446;1;Santa Rosa;final;1467.924;1872.038;27.924;432.038;273.007
5447;1;Santa Rosa;final;1261.152;1878.038;1261.152;438.038;198.049
5448;1;Santa Rosa;final;1349.585;1884.038;1349.585;444.038;236.012
5449;1;Santa Rosa;final;1356.66;1770.58;1356.66;330.58;292.398
5450;1;Santa Rosa;final;1469.552;1782.58;29.552;342.58;306.658
5451;1;Santa Rosa;final;1477.426;1794.58;37.426;354.58;288.787
5452;1;Santa Rosa;final;1432.979;1833.58;1432.979;393.58;288.205
5453;1;Santa Rosa;final;1285.819;1856.08;1285.819;416.08;250.966
5454;1;Santa Rosa;final;1385.467;1878.58;1385.467;438.58;261.414
5455;1;Santa Rosa;final;1280.819;1459.201;1280.819;19.201;287.378
5455.1;1;Santa Rosa;final;1403.563;2710.881;1403.563;1270.881;55.079
5456;1;Santa Rosa;final;1352.148;1594.201;1352.148;154.201;311.793
5457;1;Santa Rosa;final;1401.512;1729.201;1401.512;289.201;298.134
5458;1;Santa Rosa;final;1246.857;1744.201;1246.857;304.201;256.343
5459;1;Santa Rosa;final;1359.767;1774.201;1359.767;334.201;314.508
5459.1;1;Santa Rosa;final;1475.824;2698.381;35.824;1258.381;99.575
5460;1;Santa Rosa;final;1148.814;1799.201;1148.814;359.201;181.717
5461;1;Santa Rosa;final;1277.678;1809.201;1277.678;369.201;239.469
5462;1;Santa Rosa;final;485.064;1819.201;485.064;379.201;41.148
5463;1;Santa Rosa;final;1354.141;1849.201;1354.141;409.201;269.921
5464;1;Santa Rosa;final;1370.88;2149.201;1370.88;709.201;207.727
5465;1;Santa Rosa;final;1300.019;1773.277;1300.019;333.277;294.768
5465.1;1;Santa Rosa;final;1444.186;2732.881;4.186;1292.881;75.107
5466;1;Santa Rosa;final;1326.217;1785.277;1326.217;345.277;297.239
5466.1;1;Santa Rosa;final;1381.963;2653.431;1381.963;1213.431;76.031
5467;1;Santa Rosa;final;1341.069;1797.277;1341.069;357.277;293.39
5468;1;Santa Rosa;final;1254.087;1866.277;1254.087;426.277;185.301
5469;1;Santa Rosa;final;1354.56;1875.277;1354.56;435.277;238.555
5470;1;Santa Rosa;final;1337.274;1456.252;1337.274;16.252;305.44
5471;1;Santa Rosa;final;1272.64;1726.252;1272.64;286.252;256.255
5472;1;Santa Rosa;final;1409.375;1734.819;1409.375;294.819;294.331
5472.1;1;Santa Rosa;final;1468.196;2795.95;28.196;1355.95;49.66
5473;1;Santa Rosa;final;1343.375;1743.385;1343.375;303.385;291.375
5473.1;1;Santa Rosa;final;1405.141;2727.098;1405.141;1287.098;55.972
5474;1;Santa Rosa;final;1304.192;1751.952;1304.192;311.952;269.554
5475;1;Santa Rosa;final;1488.152;1777.652;48.152;337.652;304.776
5476;1;Santa Rosa;final;1328.911;1791.535;1328.911;351.535;243.915
5477;1;Santa Rosa;final;1512.346;1812.669;72.346;372.669;308.708
5478;1;Santa Rosa;final;1131.032;1488.415;1131.032;48.415;314.623
5478.1;1;Santa Rosa;final;1411.965;2478.536;1411.965;1038.536;162.87
5479;1;Santa Rosa;final;1422.261;1770.415;1422.261;330.415;272.018
5480;1;Santa Rosa;final;1457.998;1782.415;17.998;342.415;314.002
5481;1;Santa Rosa;final;1437.736;1794.415;1437.736;354.415;290.195
5482;1;Santa Rosa;final;1285.412;1834.265;1285.412;394.265;227.596
5483;1;Santa Rosa;final;1493.66;1855.398;53.66;415.398;296.546
5484;1;Santa Rosa;final;1242.794;1865.965;1242.794;425.965;219.221
5485;1;Santa Rosa;final;1052.431;1470.14;1052.431;30.14;311.305
5485.1;1;Santa Rosa;final;1264.93;2455.745;1264.93;1015.745;86.059
5486;1;Santa Rosa;final;1332.778;1740.14;1332.778;300.14;290.823
5487;1;Santa Rosa;final;1239.119;1748.707;1239.119;308.707;277.739
5487.1;1;Santa Rosa;final;1372.263;2669.047;1372.263;1229.047;56.287
5488;1;Santa Rosa;final;1390.716;1757.273;1390.716;317.273;307.039
5488.1;1;Santa Rosa;final;1509.596;2778.817;69.596;1338.817;71.564
5489;1;Santa Rosa;final;1346.285;1765.84;1346.285;325.84;284.237
5490;1;Santa Rosa;final;1375.828;1774.407;1375.828;334.407;295.254
5491;1;Santa Rosa;final;1178.226;1782.973;1178.226;342.973;216.857
5492;1;Santa Rosa;final;1390.452;1791.54;1390.452;351.54;277.107
5493;1;Santa Rosa;final;1415.783;1800.107;1415.783;360.107;299.047
5493.1;1;Santa Rosa;final;1500.902;2848.232;60.902;1408.232;43.387
5494;1;Santa Rosa;final;1346.852;1800.14;1346.852;360.14;275.888
5495;1;Santa Rosa;final;1365.461;1807.057;1365.461;367.057;257.573
5496;1;Santa Rosa;final;1255.119;1813.973;1255.119;373.973;217.454
5497;1;Santa Rosa;final;1322.626;1820.89;1322.626;380.89;243.744
5498;1;Santa Rosa;final;1436.752;1827.807;1436.752;387.807;286.267
5499;1;Santa Rosa;final;1311.011;1834.723;1311.011;394.723;263.209
5500;1;Santa Rosa;final;1480.193;1848.557;40.193;408.557;283.988
5501;1;Santa Rosa;final;1480.194;1855.473;40.194;415.473;300.749
5502;1;Santa Rosa;final;1460.775;1862.39;20.775;422.39;308.12
5503;1;Santa Rosa;final;1285.152;1869.307;1285.152;429.307;212.613
5504;1;Santa Rosa;final;1389.552;1883.14;1389.552;443.14;261.966
5505;1;Santa Rosa;final;1342.124;1890.14;1342.124;450.14;261.712
5506;1;Santa Rosa;final;616.694;1740.14;616.694;300.14;113.141
5507;1;Santa Rosa;final;1338.686;1750.14;1338.686;310.14;314.269
5508;1;Santa Rosa;final;1266.993;1760.14;1266.993;320.14;239.948
5509;1;Santa Rosa;final;1276.678;1770.14;1276.678;330.14;259.271
5510;1;Santa Rosa;final;485.286;1780.14;485.286;340.14;49.701
5511;1;Santa Rosa;final;1226.111;1790.14;1226.111;350.14;238.186
5512;1;Santa Rosa;final;1370.798;1800.14;1370.798;360.14;292.768
5513;1;Santa Rosa;final;1364.779;1810.14;1364.779;370.14;254.067
5514;1;Santa Rosa;final;1291.491;1820.14;1291.491;380.14;234.345
5515;1;Santa Rosa;final;1357.112;1830.14;1357.112;390.14;230.985
5516;1;Santa Rosa;final;1364.179;1840.14;1364.179;400.14;259.259
5517;1;Santa Rosa;final;542.135;1850.14;542.135;410.14;43.356
5518;1;Santa Rosa;final;1278.226;1860.14;1278.226;420.14;196.589
5519;1;Santa Rosa;final;1324.344;1870.14;1324.344;430.14;257.408
5520;1;Santa Rosa;final;1343.231;1880.14;1343.231;440.14;229.362
5521;1;Santa Rosa;final;1432.551;1762.76;1432.551;322.76;313.896
5521.1;1;Santa Rosa;final;1458.715;2776.033;18.715;1336.033;54.724
5522;1;Santa Rosa;final;1302.229;1819.01;1302.229;379.01;252.389
5523;1;Santa Rosa;final;1299.285;2647.76;1299.285;1207.76;35.796
5524;1;Santa Rosa;final;1361.441;1745.151;1361.441;305.151;313.976
5524.1;1;Santa Rosa;final;1480.003;2763.342;40.003;1323.342;80.651
5525;1;Santa Rosa;final;1270.087;1757.151;1270.087;317.151;256.616
5526;1;Santa Rosa;final;1298.728;1769.151;1298.728;329.151;263.409
5527;1;Santa Rosa;final;1394.181;1781.151;1394.181;341.151;314.031
5527.1;1;Santa Rosa;final;1537.948;2733.502;97.948;1293.502;117.452
5528;1;Santa Rosa;final;1272.531;1795.367;1272.531;355.367;254.29
5529;1;Santa Rosa;final;1453.929;1805.367;13.929;365.367;311.274
5529.1;1;Santa Rosa;final;1501.161;2816.245;61.161;1376.245;56.512
5530;1;Santa Rosa;final;1270.103;1815.367;1270.103;375.367;203.008
5531;1;Santa Rosa;final;1279.594;1825.367;1279.594;385.367;244.178
5532;1;Santa Rosa;final;1411.963;1835.367;1411.963;395.367;281.107
5533;1;Santa Rosa;final;1272.252;1845.367;1272.252;405.367;231.447
5534;1;Santa Rosa;final;1431.061;1855.367;1431.061;415.367;289.451
5535;1;Santa Rosa;final;1334.612;1865.367;1334.612;425.367;238.586
5536;1;Santa Rosa;final;1372.86;1875.367;1372.86;435.367;254.143
5537;1;Santa Rosa;final;1506.061;1883.151;66.061;443.151;278.504
5538;1;Santa Rosa;final;1385.98;1767.76;1385.98;327.76;300.723
5538.1;1;Santa Rosa;final;1491.994;2784.041;51.994;1344.041;67.844
5539;1;Santa Rosa;final;1380.411;1830.26;1380.411;390.26;260.252
5540;1;Santa Rosa;final;1297.678;1740.14;1297.678;300.14;287.485
5541;1;Santa Rosa;final;1384.56;1747.64;1384.56;307.64;300.933
5541.1;1;Santa Rosa;final;1442.26;2753.468;2.26;1313.468;60.738
5542;1;Santa Rosa;final;1445.92;1755.14;5.92;315.14;301.164
5543;1;Santa Rosa;final;1374.291;1762.64;1374.291;322.64;312.352
5543.1;1;Santa Rosa;final;1497.136;2778.342;57.136;1338.342;80.651
5544;1;Santa Rosa;final;1432.148;1770.14;1432.148;330.14;305.217
5544.1;1;Santa Rosa;final;1445.736;2777.07;5.736;1337.07;55.654
5545;1;Santa Rosa;final;1223.307;1777.64;1223.307;337.64;225.734
5546;1;Santa Rosa;final;1279.444;1785.14;1279.444;345.14;253.675
5547;1;Santa Rosa;final;1358.231;1792.64;1358.231;352.64;301.658
5547.1;1;Santa Rosa;final;1457.09;2791.277;17.09;1351.277;46.113
5548;1;Santa Rosa;final;1406.278;1800.14;1406.278;360.14;313.295
5549;1;Santa Rosa;final;1302.993;1807.64;1302.993;367.64;251.828
5550;1;Santa Rosa;final;1281.388;1815.14;1281.388;375.14;256.281
5551;1;Santa Rosa;final;510.885;1822.64;510.885;382.64;44.431
5552;1;Santa Rosa;final;1493.111;1830.14;53.111;390.14;202.958
5553;1;Santa Rosa;final;1372.114;1837.64;1372.114;397.64;269.37
5554;1;Santa Rosa;final;1373.356;1845.14;1373.356;405.14;262.992
5555;1;Santa Rosa;final;1399.636;1852.64;1399.636;412.64;289.933
5555.1;1;Santa Rosa;final;1479.114;2838.081;39.114;1398.081;35.967
5556;1;Santa Rosa;final;1218.993;1860.14;1218.993;420.14;220.22
5557;1;Santa Rosa;final;1383.778;1867.64;1383.778;427.64;279.157
5558;1;Santa Rosa;final;1308.215;1875.14;1308.215;435.14;248.627
5559;1;Santa Rosa;final;1287.465;1882.64;1287.465;442.64;237.018
5560;1;Santa Rosa;final;1413.89;1890.14;1413.89;450.14;294.262
5561;1;Santa Rosa;final;1297.769;1762.76;1297.769;322.76;281.954
5561.1;1;Santa Rosa;final;1503.89;2730.881;63.89;1290.881;107.195
5562;1;Santa Rosa;final;1370.865;1848.593;1370.865;408.593;267.803
5563;1;Santa Rosa;final;1450.465;1740.14;10.465;300.14;288.528
5563.1;1;Santa Rosa;final;1501.865;2794.203;61.865;1354.203;76.79
5564;1;Santa Rosa;final;1285.362;1750.14;1285.362;310.14;242.461
5565;1;Santa Rosa;final;1288.063;1760.14;1288.063;320.14;263.05
5566;1;Santa Rosa;final;1419.619;1770.14;1419.619;330.14;311.833
5566.1;1;Santa Rosa;final;1454.195;2810.14;14.195;1370.14;35.951
5567;1;Santa Rosa;final;1274.331;1780.14;1274.331;340.14;229.816
5568;1;Santa Rosa;final;1201.152;1790.14;1201.152;350.14;214.63
5569;1;Santa Rosa;final;1368.362;1800.14;1368.362;360.14;242.178
5570;1;Santa Rosa;final;1323.158;1810.14;1323.158;370.14;226.076
5571;1;Santa Rosa;final;1314.152;1820.14;1314.152;380.14;255.599
5572;1;Santa Rosa;final;1257.352;1830.14;1257.352;390.14;195.562
5573;1;Santa Rosa;final;1455.253;1840.14;15.253;400.14;279.017
5574;1;Santa Rosa;final;1375.461;1850.14;1375.461;410.14;201.232
5575;1;Santa Rosa;final;1144.41;1860.14;1144.41;420.14;189.146
5576;1;Santa Rosa;final;1319.896;1870.14;1319.896;430.14;204.501
5577;1;Santa Rosa;final;1477.908;1880.14;37.908;440.14;259.173
5578;1;Santa Rosa;final;1354.434;1890.14;1354.434;450.14;223.303
5579;1;Santa Rosa;final;1397.148;1770.58;1397.148;330.58;313.921
5579.1;1;Santa Rosa;final;1475.848;2775.919;35.848;1335.919;60.724
5580;1;Santa Rosa;final;1501.232;1782.58;61.232;342.58;312.772
5581;1;Santa Rosa;final;1412.993;1794.58;1412.993;354.58;300.461
5582;1;Santa Rosa;final;505.252;1854.58;505.252;414.58;32.884
5583;1;Santa Rosa;final;1421.492;1872.58;1421.492;432.58;274.138
5584;1;Los Espinos;final;1265.832;1748.296;1265.832;308.296;292.103
5584.1;1;Los Espinos;final;1445.799;2647.827;5.799;1207.827;104.68
5585;1;Los Espinos;final;1354.654;1768.296;1354.654;328.296;222.123
5586;1;Los Espinos;final;552.034;1741.728;552.034;301.728;81.379
5587;1;Los Espinos;final;1261.039;1777.728;1261.039;337.728;268.105
5588;1;Los Espinos;final;1389.991;1798.728;1389.991;358.728;303.636
5589;1;Los Espinos;final;1383.617;1816.728;1383.617;376.728;291.628
5590;1;Los Espinos;final;1446.718;1825.728;6.718;385.728;309.515
5590.1;1;Los Espinos;final;1574.628;2817.357;134.628;1377.357;91.194
5591;1;Los Espinos;final;1338.62;1861.728;1338.62;421.728;261.201
5592;1;Santa Rosa;final;1328.906;1772.881;1328.906;332.881;292.644
5593;1;Santa Rosa;final;1303.435;1784.881;1303.435;344.881;262.692
5593.1;1;Santa Rosa;final;1562.985;2690.14;122.985;1250.14;132.845
5594;1;Santa Rosa;final;1364.096;1796.881;1364.096;356.881;285.302
5595;1;Santa Rosa;final;1333.217;1808.881;1333.217;368.881;274.93
5596;1;Santa Rosa;final;1445.554;1820.881;5.554;380.881;307.564
5597;1;Santa Rosa;final;1283.336;1910.881;1283.336;470.881;208.583
5598;1;Santa Rosa;final;1405.336;1762.76;1405.336;322.76;308.153
5598.1;1;Santa Rosa;final;1534.079;2844.214;94.079;1404.214;56.287
5599;1;Santa Rosa;final;1290.161;1777.76;1290.161;337.76;261.821
5600;1;Santa Rosa;final;1462.298;2647.76;22.298;1207.76;93.544
5601;1;Santa Rosa;final;507.497;1729.201;507.497;289.201;83.658
5602;1;Santa Rosa;final;1330.896;1741.201;1330.896;301.201;298.091
5603;1;Santa Rosa;final;1171.326;1765.201;1171.326;325.201;236.228
5604;1;Santa Rosa;final;1521.061;2149.201;81.061;709.201;253.713
5605;1;Santa Rosa;final;1250.691;1748.039;1250.691;308.039;309.743
5605.1;1;Santa Rosa;final;1457.491;2633.2;17.491;1193.2;110.915
5606;1;Santa Rosa;final;1315.854;1763.039;1315.854;323.039;293.213
5607;1;Santa Rosa;final;1314.217;1778.039;1314.217;338.039;308.198
5607.1;1;Santa Rosa;final;1423.167;2638.445;1423.167;1198.445;97.156
5608;1;Santa Rosa;final;496.719;1438.431;496.719;1438.431;158.857
5609;1;Santa Rosa;final;1247.665;1600.431;1247.665;160.431;309.478
5609.1;1;Santa Rosa;final;1490.25;2627.852;50.25;1187.852;114.307
5610;1;Santa Rosa;final;1310.686;1708.431;1310.686;268.431;306.028
5610.1;1;Santa Rosa;final;1398.569;2743.381;1398.569;1303.381;42.938
5611;1;Santa Rosa;final;1171.974;1728.431;1171.974;288.431;295.473
5611.1;1;Santa Rosa;final;1410.635;2547.852;1410.635;1107.852;111.285
5612;1;Santa Rosa;final;1327.274;1748.431;1327.274;308.431;305.086
5612.1;1;Santa Rosa;final;1532.624;2700.539;92.624;1260.539;125.735
5613;1;Santa Rosa;final;1316.883;1813.431;1316.883;373.431;302.204
5614;1;Santa Rosa;final;1371.753;1824.681;1371.753;384.681;309.997
5614.1;1;Santa Rosa;final;1485.657;2805.381;45.657;1365.381;52.248
5615;1;Santa Rosa;final;1417.491;1847.181;1417.491;407.181;286.508
5615.1;1;Santa Rosa;final;1505.8;2803.039;65.8;1363.039;66.243
5616;1;Santa Rosa;final;1121.032;1438.431;1121.032;1438.431;307.854
5616.1;1;Santa Rosa;final;1480.716;2492.642;40.716;1052.642;153.915
5617;1;Santa Rosa;final;541.673;1573.431;541.673;133.431;166.181
5618;1;Santa Rosa;final;1278.502;1708.431;1278.502;268.431;287.492
5618.1;1;Santa Rosa;final;1362.065;2705.214;1362.065;1265.214;37.927
5619;1;Santa Rosa;final;1225.304;1718.431;1225.304;278.431;273.359
5619.1;1;Santa Rosa;final;1351.588;2605.915;1351.588;1165.915;74.056
5620;1;Santa Rosa;final;1260.933;1728.431;1260.933;288.431;306.644
5620.1;1;Santa Rosa;final;1397.491;2584.445;1397.491;1144.445;108.315
5621;1;Santa Rosa;final;1358.015;1738.431;1358.015;298.431;298.014
5622;1;Santa Rosa;final;1310.696;1748.431;1310.696;308.431;302.385
5622.1;1;Santa Rosa;final;1494.038;2658.947;54.038;1218.947;117.274
5623;1;Santa Rosa;final;1280.8;1758.431;1280.8;318.431;298.508
5623.1;1;Santa Rosa;final;1417.717;2608.431;1417.717;1168.431;115.785
5624;1;Santa Rosa;final;1306.9;1783.431;1306.9;343.431;289.709
5624.1;1;Santa Rosa;final;1412.379;2738.882;1412.379;1298.882;49.127
5625;1;Santa Rosa;final;1339.435;1805.931;1339.435;365.931;269.017
5626;1;Santa Rosa;final;1326.1;1813.431;1326.1;373.431;306.968
5626.1;1;Santa Rosa;final;1465.717;2653.431;25.717;1213.431;115.785
5627;1;Santa Rosa;final;1347.38;1820.931;1347.38;380.931;283.033
5627.1;1;Santa Rosa;final;1423.528;2698.726;1423.528;1258.726;87.115
5628;1;Santa Rosa;final;1233.136;1835.931;1233.136;395.931;233.699
5629;1;Santa Rosa;final;1300.691;1858.431;1300.691;418.431;282.866
5630;1;Santa Rosa;final;524.081;1720.397;524.081;280.397;88.853
5631;1;Santa Rosa;final;1292.771;1732.397;1292.771;292.397;290.573
5632;1;Santa Rosa;final;1264.622;1744.397;1264.622;304.397;264.304
5633;1;Santa Rosa;final;1282.088;1756.397;1282.088;316.397;278.256
5633.1;1;Santa Rosa;final;1389.238;2661.615;1389.238;1221.615;74.056
5634;1;Santa Rosa;final;1425.415;1768.397;1425.415;328.397;308.534
5634.1;1;Santa Rosa;final;1482.261;2794.8;42.261;1354.8;58.722
5635;1;Santa Rosa;final;1210.285;1780.397;1210.285;340.397;251.05
5636;1;Santa Rosa;final;1372.528;1791.647;1372.528;351.647;287.151
5637;1;Santa Rosa;final;1201.252;1802.897;1201.252;362.897;222.124
5638;1;Santa Rosa;final;1214.183;1825.397;1214.183;385.397;232.988
5639;1;Santa Rosa;final;1251.536;1836.647;1251.536;396.647;238.734
5640;1;Santa Rosa;final;1357.86;1847.897;1357.86;407.897;263.588
5641;1;Santa Rosa;final;1425.657;1870.397;1425.657;430.397;310.769
5641.1;1;Santa Rosa;final;1480.181;2821.163;40.181;1381.163;46.531
5642;1;Santa Rosa;final;1002.048;1450.397;1002.048;10.397;297.047
5642.1;1;Santa Rosa;final;1402.814;2405.745;1402.814;965.745;154.394
5643;1;Santa Rosa;final;1267.769;1720.363;1267.769;280.363;306.165
5643.1;1;Santa Rosa;final;1340.686;2696.881;1340.686;1256.881;28.788
5644;1;Santa Rosa;final;1247.514;1720.397;1247.514;280.397;305.166
5644.1;1;Santa Rosa;final;1367.278;2596.397;1367.278;1156.397;103.085
5645;1;Santa Rosa;final;1251.536;1732.397;1251.536;292.397;264.156
5646;1;Santa Rosa;final;1398.378;1744.397;1398.378;304.397;313.232
5646.1;1;Santa Rosa;final;1560.528;2752.081;120.528;1312.081;114.629
5647;1;Santa Rosa;final;1297.514;1756.397;1297.514;316.397;306.392
5647.1;1;Santa Rosa;final;1412.278;2646.097;1412.278;1206.097;103.085
5648;1;Santa Rosa;final;1379.553;1768.397;1379.553;328.397;309.99
5648.1;1;Santa Rosa;final;1458.038;2810.881;18.038;1370.881;38.264
5649;1;Santa Rosa;final;1252.179;1780.397;1252.179;340.397;270.617
5649.1;1;Santa Rosa;final;1523.564;2607.497;83.564;1167.497;156.948
5650;1;Santa Rosa;final;1359.636;1802.897;1359.636;362.897;313.404
5650.1;1;Santa Rosa;final;1504.821;2790.881;64.821;1350.881;72.527
5651;1;Santa Rosa;final;1392.594;1814.147;1392.594;374.147;298.342
5652;1;Santa Rosa;final;1346.053;1825.397;1346.053;385.397;282.311
5652.1;1;Santa Rosa;final;1423.669;2774.881;1423.669;1334.881;42.938
5653;1;Santa Rosa;final;1317.065;1836.647;1317.065;396.647;251.783
5654;1;Santa Rosa;final;1318.015;1859.147;1318.015;419.147;262.71
5655;1;Santa Rosa;final;1313.763;1870.397;1313.763;430.397;275.738
5656;1;Santa Rosa;final;1214.588;1771.248;1214.588;331.248;252.545
5657;1;Santa Rosa;final;1298.176;1783.248;1298.176;343.248;301.294
5658;1;Santa Rosa;final;1175.969;1450.397;1175.969;10.397;314.098
5658.1;1;Santa Rosa;final;1312.507;2605.881;1312.507;1165.881;52.248
5659;1;Santa Rosa;final;1276.529;1720.397;1276.529;280.397;282.103
5660;1;Santa Rosa;final;1350.157;1732.397;1350.157;292.397;310.365
5660.1;1;Santa Rosa;final;1397.376;2754.893;1397.376;1314.893;35.862
5661;1;Santa Rosa;final;1304.557;1744.397;1304.557;304.397;306.744
5661.1;1;Santa Rosa;final;1525.8;2678.039;85.8;1238.039;131.543
5662;1;Santa Rosa;final;1362.993;1756.397;1362.993;316.397;309.705
5663;1;Santa Rosa;final;1326.944;1768.397;1326.944;328.397;310.869
5663.1;1;Santa Rosa;final;1385.482;2678.331;1385.482;1238.331;63.649
5664;1;Santa Rosa;final;1461.479;1802.897;21.479;362.897;308.267
5664.1;1;Santa Rosa;final;1513.724;2813.197;73.724;1373.197;67.013
5665;1;Santa Rosa;final;1446.957;1814.147;6.957;374.147;313.492
5665.1;1;Santa Rosa;final;1515.491;2825.839;75.491;1385.839;62.964
5666;1;Santa Rosa;final;1363.052;1825.397;1363.052;385.397;299.306
5666.1;1;Santa Rosa;final;1511.452;2762.737;71.452;1322.737;87.373
5667;1;Santa Rosa;final;1356.907;1859.147;1356.907;419.147;297.878
5668;1;Santa Rosa;final;1300.002;1870.397;1300.002;430.397;239.047
5669;1;Santa Rosa;intermedia;904.786;922.0;904.786;922.0;283.441
5669;2;Santa Rosa;final;1176.586;1431.098;1176.586;1431.098;69.585
5669.1;1;Santa Rosa;final;1512.175;2606.281;72.175;1166.281;126.621
5670;1;Santa Rosa;final;948.257;1461.098;948.257;21.098;302.593
5670.1;1;Santa Rosa;final;1481.224;2338.473;41.224;898.473;224.948
5671;1;Santa Rosa;final;1286.696;1780.881;1286.696;340.881;308.705
5672;1;Santa Rosa;final;1411.303;1790.881;1411.303;350.881;308.889
5672.1;1;Santa Rosa;final;1489.504;2844.214;49.504;1404.214;40.333
5673;1;Santa Rosa;final;1343.415;1800.881;1343.415;360.881;286.199
5674;1;Santa Rosa;final;1312.088;1810.881;1312.088;370.881;250.671
5675;1;Santa Rosa;final;1382.704;1886.214;1382.704;446.214;273.124
5676;1;Santa Rosa;final;1250.221;1720.397;1250.221;280.397;280.289
5676.1;1;Santa Rosa;final;1363.538;2635.915;1363.538;1195.915;74.056
5677;1;Santa Rosa;final;1259.103;1727.897;1259.103;287.897;290.077
5678;1;Santa Rosa;final;1362.285;1735.397;1362.285;295.397;292.996
5679;1;Santa Rosa;final;1308.824;1742.897;1308.824;302.897;287.714
5679.1;1;Santa Rosa;final;1414.161;2715.26;1414.161;1275.26;58.212
5680;1;Santa Rosa;final;1218.269;1750.397;1218.269;310.397;259.67
5681;1;Santa Rosa;final;1362.152;1757.897;1362.152;317.897;307.992
5681.1;1;Santa Rosa;final;1456.654;2811.098;16.654;1371.098;39.183
5682;1;Santa Rosa;final;622.952;1765.397;622.952;325.397;119.07
5683;1;Santa Rosa;final;1263.315;1772.897;1263.315;332.897;248.842
5684;1;Santa Rosa;final;1250.626;1780.397;1250.626;340.397;226.954
5685;1;Santa Rosa;final;1283.185;1787.897;1283.185;347.897;257.28
5686;1;Santa Rosa;final;1465.91;1795.397;25.91;355.397;302.674
5686.1;1;Santa Rosa;final;1527.926;2839.134;87.926;1399.134;60.738
5687;1;Santa Rosa;final;523.303;1810.397;523.303;370.397;53.871
5688;1;Santa Rosa;final;1409.723;1825.397;1409.723;385.397;311.065
5688.1;1;Santa Rosa;final;1480.89;2799.86;40.89;1359.86;57.977
5689;1;Santa Rosa;final;1352.88;1862.897;1352.88;422.897;269.831
5690;1;Santa Rosa;final;1298.511;1870.397;1298.511;430.397;233.991
5691;1;Santa Rosa;final;774.113;1431.098;774.113;1431.098;270.461
5691.1;1;Santa Rosa;final;1522.344;2155.397;82.344;715.397;270.611
5692;1;Santa Rosa;final;885.429;1461.098;885.429;21.098;294.319
5692.1;1;Santa Rosa;final;1425.411;2260.397;1425.411;820.397;207.037
5693;1;Santa Rosa;final;1369.843;1772.881;1369.843;332.881;310.678
5694;1;Santa Rosa;final;1320.182;1784.881;1320.182;344.881;308.972
5694.1;1;Santa Rosa;final;1518.998;2663.536;78.998;1223.536;162.87
5695;1;Santa Rosa;final;1263.465;1796.881;1263.465;356.881;258.209
5696;1;Santa Rosa;final;1367.046;1808.881;1367.046;368.881;264.266
5697;1;Santa Rosa;final;1469.116;1910.881;29.116;470.881;309.527
5698;1;Santa Rosa;final;1287.849;1450.397;1287.849;10.397;313.545
5698.1;1;Santa Rosa;final;1396.549;2664.685;1396.549;1224.685;71.872
5699;1;Santa Rosa;final;1233.169;1720.397;1233.169;280.397;275.751
5699.1;1;Santa Rosa;final;1401.602;2631.737;1401.602;1191.737;87.373
5700;1;Santa Rosa;final;1333.514;1727.063;1333.514;287.063;298.677
5700.1;1;Santa Rosa;final;1437.698;2684.647;1437.698;1244.647;91.53
5701;1;Santa Rosa;final;537.553;1733.73;537.553;293.73;82.373
5702;1;Santa Rosa;final;1242.571;1740.397;1242.571;300.397;277.159
5702.1;1;Santa Rosa;final;1371.588;2625.915;1371.588;1185.915;74.056
5703;1;Santa Rosa;final;1325.083;1747.063;1325.083;307.063;300.805
5704;1;Santa Rosa;final;1173.253;1753.73;1173.253;313.73;236.788
5705;1;Santa Rosa;final;1341.561;1767.063;1341.561;327.063;290.8
5706;1;Santa Rosa;final;505.786;1780.397;505.786;340.397;55.743
5707;1;Santa Rosa;final;1252.215;1787.313;1252.215;347.313;259.068
5708;1;Santa Rosa;final;1433.563;1801.147;1433.563;361.147;300.403
5709;1;Santa Rosa;final;1373.448;1814.98;1373.448;374.98;304.253
5710;1;Santa Rosa;final;1234.119;1863.397;1234.119;423.397;216.344
5711;1;Santa Rosa;final;1310.735;1870.397;1310.735;430.397;257.05
5712;1;Santa Rosa;final;1164.119;1464.519;1164.119;24.519;302.023
5712.1;1;Santa Rosa;final;1393.202;2592.281;1393.202;1152.281;95.183
5713;1;Santa Rosa;final;1286.888;1746.519;1286.888;306.519;298.616
5714;1;Santa Rosa;final;540.115;1758.519;540.115;318.519;84.467
5715;1;Santa Rosa;final;1375.166;1770.519;1375.166;330.519;293.359
5715.1;1;Santa Rosa;final;1482.216;2754.685;42.216;1314.685;71.872
5716;1;Santa Rosa;final;1419.552;1794.519;1419.552;354.519;306.126
5716.1;1;Santa Rosa;final;1542.985;2810.14;102.985;1370.14;78.938
5717;1;Santa Rosa;final;1087.086;1403.039;1087.086;1403.039;307.208
5717.1;1;Santa Rosa;final;1199.838;2525.881;1199.838;1085.881;38.684
5718;1;Santa Rosa;final;535.867;1743.039;535.867;303.039;96.594
5719;1;Santa Rosa;final;1412.424;1753.039;1412.424;313.039;314.78
5719.1;1;Santa Rosa;final;1461.186;2817.76;21.186;1377.76;34.121
5720;1;Santa Rosa;final;1219.991;1763.039;1219.991;323.039;290.248
5720.1;1;Santa Rosa;final;1503.021;2597.039;63.021;1157.039;141.959
5721;1;Santa Rosa;final;1237.619;1773.039;1237.619;333.039;268.235
5722;1;Santa Rosa;final;506.085;1450.397;506.085;10.397;98.78
5723;1;Santa Rosa;final;1391.876;1720.397;1391.876;280.397;300.662
5724;1;Santa Rosa;final;1238.226;1727.897;1238.226;287.897;270.123
5725;1;Santa Rosa;final;1321.819;1735.397;1321.819;295.397;271.77
5725.1;1;Santa Rosa;final;1459.552;2710.14;19.552;1270.14;78.938
5726;1;Santa Rosa;final;1341.965;1742.897;1341.965;302.897;292.911
5727;1;Santa Rosa;final;1364.519;1750.397;1364.519;310.397;294.703
5727.1;1;Santa Rosa;final;1536.705;2795.881;96.705;1355.881;78.074
5728;1;Santa Rosa;final;1395.081;1757.897;1395.081;317.897;308.741
5728.1;1;Santa Rosa;final;1547.413;2744.663;107.413;1304.663;104.448
5729;1;Santa Rosa;final;1401.352;1765.397;1401.352;325.397;285.118
5729.1;1;Santa Rosa;final;1522.985;2790.14;82.985;1350.14;78.938
5730;1;Santa Rosa;final;535.711;1772.897;535.711;332.897;80.671
5731;1;Santa Rosa;final;1291.146;1780.397;1291.146;340.397;306.646
5731.1;1;Santa Rosa;final;1495.181;2638.397;55.181;1198.397;123.417
5732;1;Santa Rosa;final;1276.411;1787.313;1276.411;347.313;260.781
5733;1;Santa Rosa;final;1481.76;1794.23;41.76;354.23;304.22
5734;1;Santa Rosa;final;594.796;1801.147;594.796;361.147;86.719
5735;1;Santa Rosa;final;1490.698;1814.98;50.698;374.98;308.163
5736;1;Santa Rosa;final;1402.298;1863.397;1402.298;423.397;292.549
5737;1;Santa Rosa;final;1098.119;1407.417;1098.119;1407.417;314.868
5737.1;1;Santa Rosa;final;1188.426;2540.581;1188.426;1100.581;30.429
5738;1;Santa Rosa;final;1182.726;1757.417;1182.726;317.417;275.867
5739;1;Santa Rosa;final;1118.136;1632.081;1118.136;192.081;292.399
5739.1;1;Santa Rosa;final;1479.596;2550.881;39.596;1110.881;122.339
5740;1;Santa Rosa;final;1312.86;1730.648;1312.86;290.648;313.963
5740.1;1;Santa Rosa;final;1338.824;2689.201;1338.824;1249.201;40.423
5741;1;Santa Rosa;final;1328.661;1739.214;1328.661;299.214;291.329
5742;1;Santa Rosa;final;1166.76;1747.781;1166.76;307.781;236.887
5743;1;Santa Rosa;final;1237.736;1756.348;1237.736;316.348;256.815
5744;1;Santa Rosa;final;489.937;1764.914;489.937;324.914;64.123
5745;1;Santa Rosa;final;1397.521;1773.481;1397.521;333.481;306.485
5746;1;Santa Rosa;final;1397.232;1782.081;1397.232;342.081;311.898
5746.1;1;Santa Rosa;final;1452.261;2764.8;12.261;1324.8;58.722
5747;1;Santa Rosa;final;1313.911;1797.081;1313.911;357.081;267.597
5748;1;Santa Rosa;final;1289.527;1812.081;1289.527;372.081;222.881
5749;1;Santa Rosa;final;1391.019;1842.081;1391.019;402.081;284.254
5749.1;1;Santa Rosa;final;1508.896;2830.881;68.896;1390.881;51.507
5750;1;Santa Rosa;final;1238.128;1857.081;1238.128;417.081;209.387
5751;1;Santa Rosa;final;1441.654;1864.581;1.654;424.581;290.958
5752;1;Santa Rosa;final;1379.612;1872.081;1379.612;432.081;264.624
5753;1;Santa Rosa;final;1156.853;1399.8;1156.853;1399.8;307.356
5753.1;1;Santa Rosa;final;1455.783;2585.881;15.783;1145.881;120.394
5754;1;Santa Rosa;final;1066.68;1429.8;1066.68;1429.8;313.567
5754.1;1;Santa Rosa;final;1375.002;2512.641;1375.002;1072.641;101.678
5755;1;Santa Rosa;final;1267.882;1459.8;1267.882;19.8;311.597
5755.1;1;Santa Rosa;final;1385.065;2622.042;1385.065;1182.042;83.167
5756;1;Santa Rosa;final;1262.531;1549.8;1262.531;109.8;307.983
5757;1;Santa Rosa;final;1335.3;1639.8;1335.3;199.8;305.6
5757.1;1;Santa Rosa;final;1505.824;2659.831;65.824;1219.831;130.96
5758;1;Santa Rosa;final;1263.685;1729.8;1263.685;289.8;286.008
5758.1;1;Santa Rosa;final;1452.993;2650.14;12.993;1210.14;95.668
5759;1;Santa Rosa;final;1371.462;1738.366;1371.462;298.366;303.59
5759.1;1;Santa Rosa;final;1446.061;2757.417;6.061;1317.417;57.957
5760;1;Santa Rosa;final;535.878;1746.933;535.878;306.933;88.038
5761;1;Santa Rosa;final;1328.185;1755.5;1328.185;315.5;301.464
5762;1;Santa Rosa;final;1352.232;1772.633;1352.232;332.633;299.917
5762.1;1;Santa Rosa;final;1496.861;2719.8;56.861;1279.8;93.428
5763;1;Santa Rosa;final;1368.769;1789.8;1368.769;349.8;282.667
5764;1;Santa Rosa;final;1353.285;1838.216;1353.285;398.216;256.425
5765;1;Santa Rosa;final;1097.898;1452.081;1097.898;12.081;314.319
5765.1;1;Santa Rosa;final;1480.019;2458.536;40.019;1018.536;185.499
5766;1;Santa Rosa;final;1349.74;1722.081;1349.74;282.081;306.683
5767;1;Santa Rosa;final;1424.448;1729.581;1424.448;289.581;310.318
5767.1;1;Santa Rosa;final;1510.115;2810.185;70.115;1370.185;60.724
5768;1;Santa Rosa;final;1315.861;1737.081;1315.861;297.081;297.323
5768.1;1;Santa Rosa;final;1374.232;2667.081;1374.232;1227.081;63.649
5769;1;Santa Rosa;final;1309.141;1744.581;1309.141;304.581;264.861
5770;1;Santa Rosa;final;1274.696;1752.081;1274.696;312.081;292.515
5771;1;Santa Rosa;final;522.258;1767.081;522.258;327.081;78.811
5772;1;Santa Rosa;final;1317.961;1774.581;1317.961;334.581;274.344
5773;1;Santa Rosa;final;1237.961;1782.081;1237.961;342.081;231.957
5774;1;Santa Rosa;final;535.028;1797.081;535.028;357.081;66.435
5775;1;Santa Rosa;final;1378.96;1804.581;1378.96;364.581;255.281
5776;1;Santa Rosa;final;1406.561;1849.581;1406.561;409.581;272.944
5777;1;Santa Rosa;final;1453.885;1872.081;13.885;432.081;279.555
5778;1;Santa Rosa;final;1176.819;1450.397;1176.819;10.397;311.449
5778.1;1;Santa Rosa;final;1471.019;2606.881;31.019;1166.881;112.791
5779;1;Santa Rosa;final;1383.563;1720.397;1383.563;280.397;301.887
5780;1;Santa Rosa;final;1309.131;1735.397;1309.131;295.397;292.067
5780.1;1;Santa Rosa;final;1496.954;2658.947;56.954;1218.947;132.347
5781;1;Santa Rosa;final;1361.069;1750.397;1361.069;310.397;312.054
5782;1;Santa Rosa;final;1374.179;1765.397;1374.179;325.397;306.88
5783;1;Santa Rosa;final;1330.224;1850.397;1330.224;410.397;273.792
5783.1;1;Santa Rosa;final;1496.59;2725.198;56.59;1285.198;94.977
5784;1;Santa Rosa;intermedia;908.453;927.0;908.453;927.0;265.202
5784;2;Santa Rosa;final;1188.64;1452.081;1188.64;12.081;79.869
5784.1;1;Santa Rosa;final;1538.564;2575.248;98.564;1135.248;165.821
5785;1;Santa Rosa;final;1311.202;1722.081;1311.202;282.081;314.575
5785.1;1;Santa Rosa;final;1515.548;2738.964;75.548;1298.964;86.789
5786;1;Santa Rosa;final;1362.711;1742.081;1362.711;302.081;306.821
5787;1;Santa Rosa;final;534.844;1782.081;534.844;342.081;71.991
5788;1;Santa Rosa;final;1361.543;1827.081;1361.543;387.081;274.311
5789;1;Santa Rosa;final;542.125;1842.081;542.125;402.081;55.958
5790;1;Santa Rosa;final;1436.867;1857.081;1436.867;417.081;293.698
5791;1;Santa Rosa;final;1365.903;1743.192;1365.903;303.192;309.62
5791.1;1;Santa Rosa;final;1477.979;2795.881;37.979;1355.881;55.079
5792;1;Santa Rosa;final;614.328;1828.192;614.328;388.192;82.511
5793;1;Santa Rosa;final;1315.594;1722.081;1315.594;282.081;301.455
5793.1;1;Santa Rosa;final;1454.978;2667.048;14.978;1227.048;92.482
5794;1;Santa Rosa;final;538.981;1732.081;538.981;292.081;106.917
5795;1;Santa Rosa;final;1339.146;1742.081;1339.146;302.081;272.912
5796;1;Santa Rosa;final;1261.388;1752.081;1261.388;312.081;274.509
5797;1;Santa Rosa;final;1345.365;1762.081;1345.365;322.081;270.535
5798;1;Santa Rosa;final;1370.944;1772.081;1370.944;332.081;314.035
5799;1;Santa Rosa;final;1252.778;1782.081;1252.778;342.081;262.767
5800;1;Santa Rosa;final;1272.811;1792.081;1272.811;352.081;249.576
5801;1;Santa Rosa;final;1449.596;1852.081;9.596;412.081;309.204
5802;1;Santa Rosa;final;619.811;1872.081;619.811;432.081;71.02
5803;1;Santa Rosa;final;1413.683;1753.192;1413.683;313.192;295.568
5804;1;Santa Rosa;final;1344.285;1452.081;1344.285;12.081;307.596
5805;1;Santa Rosa;final;1285.096;1614.081;1285.096;174.081;310.938
5805.1;1;Santa Rosa;final;1472.861;2633.247;32.861;1193.247;132.764
5806;1;Santa Rosa;final;1319.908;1668.081;1319.908;228.081;302.65
5806.1;1;Santa Rosa;final;1362.944;2677.192;1362.944;1237.192;55.585
5807;1;Santa Rosa;final;1315.002;1722.081;1315.002;282.081;268.334
5808;1;Santa Rosa;final;1311.294;1729.581;1311.294;289.581;279.726
5809;1;Santa Rosa;final;1262.626;1737.081;1262.626;297.081;259.867
5810;1;Santa Rosa;final;524.128;1744.581;524.128;304.581;88.18
5811;1;Santa Rosa;final;1345.707;1752.081;1345.707;312.081;279.873
5812;1;Santa Rosa;final;500.503;1759.581;500.503;319.581;68.484
5813;1;Santa Rosa;final;1396.093;1774.581;1396.093;334.581;295.849
5814;1;Santa Rosa;final;586.378;1782.081;586.378;342.081;88.18
5815;1;Santa Rosa;final;613.361;1800.081;613.361;360.081;93.207
5816;1;Santa Rosa;final;1404.811;1827.081;1404.811;387.081;284.932
5817;1;Santa Rosa;final;1369.723;1845.081;1369.723;405.081;281.416
5817.1;1;Santa Rosa;final;1478.44;2765.594;38.44;1325.594;68.123
5818;1;Santa Rosa;final;1535.563;1863.081;95.563;423.081;309.43
5819;1;Santa Rosa;final;1462.886;1872.081;22.886;432.081;301.797
5820;1;Santa Rosa;intermedia;1004.18;1022.0;1004.18;1022.0;283.733
5820;2;Santa Rosa;final;1266.116;1399.8;1266.116;1399.8;80.536
5820.1;1;Santa Rosa;final;1383.794;2647.417;1383.794;1207.417;71.875
5821;1;Santa Rosa;final;980.192;1459.8;980.192;19.8;310.362
5821.1;1;Santa Rosa;final;1360.23;2394.012;1360.23;954.012;140.434
5822;1;Santa Rosa;final;1178.54;1549.8;1178.54;109.8;284.081
5822.1;1;Santa Rosa;final;1305.811;2587.76;1305.811;1147.76;58.212
5823;1;Santa Rosa;final;1361.148;1639.8;1361.148;199.8;314.809
5823.1;1;Santa Rosa;final;1480.715;2739.519;40.715;1299.519;82.882
5824;1;Santa Rosa;final;1400.861;1739.8;1400.861;299.8;313.557
5824.1;1;Santa Rosa;final;1497.261;2752.081;57.261;1312.081;83.819
5825;1;Santa Rosa;final;1311.861;1749.8;1311.861;309.8;295.237
5826;1;Santa Rosa;final;523.491;1779.8;523.491;339.8;76.33
5827;1;Santa Rosa;final;1261.219;1838.8;1261.219;398.8;231.086
5828;1;Santa Rosa;final;1392.993;1729.8;1392.993;289.8;302.004
5829;1;Santa Rosa;final;1295.136;1741.8;1295.136;301.8;287.115
5829.1;1;Santa Rosa;final;1455.836;2726.214;15.836;1286.214;66.727
5830;1;Santa Rosa;final;1320.036;1753.8;1320.036;313.8;274.209
5830.1;1;Santa Rosa;final;1479.457;2750.881;39.457;1310.881;75.088
5831;1;Santa Rosa;final;1294.215;1765.8;1294.215;325.8;252.045
5832;1;Santa Rosa;final;1372.131;1819.8;1372.131;379.8;279.616
5833;1;Santa Rosa;final;1165.919;1464.685;1165.919;24.685;303.101
5833.1;1;Santa Rosa;final;1363.202;2595.881;1363.202;1155.881;82.911
5834;1;Santa Rosa;final;1229.111;1734.685;1229.111;294.685;239.578
5835;1;Santa Rosa;final;1413.735;1744.685;1413.735;304.685;296.126
5836;1;Santa Rosa;final;1440.594;1754.685;0.594;314.685;309.896
5836.1;1;Santa Rosa;final;1518.311;2792.081;78.311;1352.081;71.226
5837;1;Santa Rosa;final;1283.307;1764.685;1283.307;324.685;303.232
5838;1;Santa Rosa;final;1404.892;1784.685;1404.892;344.685;295.329
5838.1;1;Santa Rosa;final;1474.821;2785.915;34.821;1345.915;61.089
5839;1;Santa Rosa;final;1388.148;1794.685;1388.148;354.685;265.219
5840;1;Santa Rosa;final;1355.166;1850.018;1355.166;410.018;238.715
5841;1;Santa Rosa;final;1433.929;1884.685;1433.929;444.685;279.136
5842;1;Santa Rosa;final;1447.949;1752.042;7.949;312.042;308.267
5843;1;Santa Rosa;final;1217.527;1632.081;1217.527;192.081;307.83
5843.1;1;Santa Rosa;final;1277.961;2576.778;1277.961;1136.778;56.512
5844;1;Santa Rosa;final;1294.362;1722.081;1294.362;282.081;297.378
5844.1;1;Santa Rosa;final;1517.332;2677.417;77.332;1237.417;121.606
5845;1;Santa Rosa;final;1376.886;1734.081;1376.886;294.081;302.361
5846;1;Santa Rosa;final;1345.063;1746.081;1345.063;306.081;293.674
5846.1;1;Santa Rosa;final;1418.446;2697.497;1418.446;1257.497;72.411
5847;1;Santa Rosa;final;1318.569;1758.081;1318.569;318.081;306.496
5847.1;1;Santa Rosa;final;1487.276;2750.881;47.276;1310.881;68.466
5848;1;Santa Rosa;final;1316.192;1770.081;1316.192;330.081;301.909
5849;1;Santa Rosa;final;1347.43;1782.081;1347.43;342.081;289.396
5849.1;1;Santa Rosa;final;1491.924;2749.775;51.924;1309.775;83.096
5850;1;Santa Rosa;final;1291.673;1815.831;1291.673;375.831;244.504
5851;1;Santa Rosa;final;1448.589;1838.331;8.589;398.331;313.844
5851.1;1;Santa Rosa;final;1556.705;2824.078;116.705;1384.078;78.366
5852;1;Santa Rosa;final;1385.982;1860.831;1385.982;420.831;265.317
5853;1;Santa Rosa;final;1329.423;1872.081;1329.423;432.081;269.182
5854;1;Santa Rosa;final;857.638;1407.417;857.638;1407.417;270.869
5854.1;1;Santa Rosa;final;1233.453;2270.915;1233.453;830.915;120.508
5855;1;Santa Rosa;final;1273.028;1749.417;1273.028;309.417;275.75
5856;1;Santa Rosa;final;1367.379;1761.417;1367.379;321.417;304.556
5857;1;Santa Rosa;final;1369.312;1773.417;1369.312;333.417;292.372
5857.1;1;Santa Rosa;final;1463.053;2808.58;23.053;1368.58;35.821
5858;1;Santa Rosa;final;1289.414;1842.417;1289.414;402.417;243.966
5859;1;Santa Rosa;final;1205.913;1464.519;1205.913;24.519;267.7
5859.1;1;Santa Rosa;final;1478.564;2557.097;38.564;1117.097;156.948
5860;1;Santa Rosa;final;1365.166;1734.519;1365.166;294.519;296.274
5860.1;1;Santa Rosa;final;1513.717;2741.652;73.717;1301.652;95.329
5861;1;Santa Rosa;final;1370.148;1746.519;1370.148;306.519;290.218
5862;1;Santa Rosa;final;1373.333;1758.519;1373.333;318.519;298.03
5862.1;1;Santa Rosa;final;1474.746;2810.132;34.746;1370.132;49.127
5863;1;Santa Rosa;final;1407.315;1770.519;1407.315;330.519;291.614
5863.1;1;Santa Rosa;final;1518.217;2784.519;78.217;1344.519;78.484
5864;1;Santa Rosa;final;1435.715;1782.519;1435.715;342.519;308.249
5864.1;1;Santa Rosa;final;1504.759;2814.519;64.759;1374.519;58.592
5865;1;Santa Rosa;final;1368.652;1794.519;1368.652;354.519;279.843
5866;1;Santa Rosa;final;1362.45;1753.499;1362.45;313.499;293.547
5866.1;1;Santa Rosa;final;1478.333;2795.132;38.333;1355.132;57.911
5867;1;Santa Rosa;final;1292.192;1822.499;1292.192;382.499;247.551
5868;1;Santa Rosa;final;1333.621;1728.748;1333.621;288.748;314.724
5868.1;1;Santa Rosa;final;1472.993;2725.865;32.993;1285.865;77.708
5869;1;Santa Rosa;final;1383.286;1735.414;1383.286;295.414;295.992
5869.1;1;Santa Rosa;final;1474.64;2851.338;34.64;1411.338;27.321
5870;1;Santa Rosa;final;1263.192;1742.081;1263.192;302.081;313.768
5870.1;1;Santa Rosa;final;1476.061;2619.976;36.061;1179.976;133.606
5871;1;Santa Rosa;final;1341.811;1748.748;1341.811;308.748;309.985
5871.1;1;Santa Rosa;final;1379.158;2694.081;1379.158;1254.081;55.958
5872;1;Santa Rosa;final;1375.953;1762.081;1375.953;322.081;280.851
5872.1;1;Santa Rosa;final;1512.919;2810.881;72.919;1370.881;70.91
5873;1;Santa Rosa;final;1367.261;1768.748;1367.261;328.748;290.148
5874;1;Santa Rosa;final;1365.065;1782.081;1365.065;342.081;265.346
5875;1;Santa Rosa;final;554.844;1807.748;554.844;367.748;72.355
5876;1;Santa Rosa;final;1350.826;1814.164;1350.826;374.164;298.534
5876.1;1;Santa Rosa;final;1513.651;2716.575;73.651;1276.575;115.808
5877;1;Santa Rosa;final;538.46;1839.831;538.46;399.831;55.828
5878;1;Santa Rosa;final;544.877;1846.248;544.877;406.248;55.828
5879;1;Santa Rosa;final;619.244;1872.081;619.244;432.081;72.355
5880;1;Santa Rosa;intermedia;941.08;993.0;941.08;993.0;310.313
5880;2;Santa Rosa;final;1345.002;1393.192;1345.002;1393.192;114.683
5881;1;Santa Rosa;final;1067.919;1453.192;1067.919;13.192;250.549
5881.1;1;Santa Rosa;final;1420.059;2508.081;1420.059;1068.081;142.243
5882;1;Santa Rosa;final;1360.28;1743.192;1360.28;303.192;305.768
5883;1;Santa Rosa;final;1470.944;1753.192;30.944;313.192;312.161
5884;1;Santa Rosa;final;524.628;1828.192;524.628;388.192;57.622
5885;1;Santa Rosa;intermedia;868.869;885.0;868.869;885.0;287.316
5885;2;Santa Rosa;final;1202.904;1431.098;1202.904;1431.098;68.24
5885.1;1;Santa Rosa;final;1254.993;2594.186;1254.993;1154.186;39.685
5886;1;Santa Rosa;final;1061.08;1461.098;1061.08;21.098;275.487
5886.1;1;Santa Rosa;final;1237.678;2506.642;1237.678;1066.642;87.115
5887;1;Santa Rosa;final;512.289;1490.881;512.289;50.881;137.881
5888;1;Santa Rosa;final;1203.105;1772.881;1203.105;332.881;256.701
5889;1;Santa Rosa;final;1271.192;1784.881;1271.192;344.881;295.227
5890;1;Santa Rosa;final;1307.336;1796.881;1307.336;356.881;287.2
5890.1;1;Santa Rosa;final;1428.421;2741.881;1428.421;1301.881;54.025
5891;1;Santa Rosa;final;1314.424;1808.881;1314.424;368.881;287.815
5891.1;1;Santa Rosa;final;1465.8;2689.289;25.8;1249.289;97.628
5892;1;Santa Rosa;final;1198.915;1820.881;1198.915;380.881;222.422
5893;1;Santa Rosa;final;1438.703;1910.881;1438.703;470.881;301.408
5894;1;Santa Rosa;final;1042.91;1390.397;1042.91;1390.397;313.856
5894.1;1;Santa Rosa;final;1307.176;2419.201;1307.176;979.201;97.552
5895;1;Santa Rosa;final;506.903;1410.397;506.903;1410.397;177.551
5896;1;Santa Rosa;final;1297.324;1720.397;1297.324;280.397;309.381
5896.1;1;Santa Rosa;final;1502.838;2695.163;62.838;1255.163;106.532
5897;1;Santa Rosa;final;1269.936;1730.397;1269.936;290.397;296.878
5898;1;Santa Rosa;final;528.353;1740.397;528.353;300.397;83.128
5899;1;Santa Rosa;final;1312.64;1750.397;1312.64;310.397;294.146
5899.1;1;Santa Rosa;final;1375.59;2669.618;1375.59;1229.618;67.97
5900;1;Santa Rosa;final;1352.176;1760.397;1352.176;320.397;306.099
5901;1;Santa Rosa;final;1267.602;1770.397;1267.602;330.397;290.073
5902;1;Santa Rosa;final;1361.402;1780.397;1361.402;340.397;291.335
5903;1;Santa Rosa;final;1417.528;1800.397;1417.528;360.397;305.147
5903.1;1;Santa Rosa;final;1499.349;2772.081;59.349;1332.081;73.34
5904;1;Santa Rosa;final;1286.221;1850.397;1286.221;410.397;247.344
5905;1;Santa Rosa;final;1251.802;1870.397;1251.802;430.397;239.416
5906;1;Santa Rosa;final;1178.466;1438.445;1178.466;1438.445;306.909
5906.1;1;Santa Rosa;final;1473.89;2554.685;33.89;1114.685;147.351
5907;1;Santa Rosa;final;1128.446;1573.445;1128.446;133.445;301.269
5907.1;1;Santa Rosa;final;1489.586;2488.397;49.586;1048.397;169.11
5908;1;Santa Rosa;final;1197.367;1708.445;1197.367;268.445;299.05
5908.1;1;Santa Rosa;final;1489.717;2534.514;49.717;1094.514;161.608
5909;1;Santa Rosa;final;1238.674;1723.445;1238.674;283.445;306.043
5909.1;1;Santa Rosa;final;1410.317;2613.2;1410.317;1173.2;98.722
5910;1;Santa Rosa;final;1395.028;1738.445;1395.028;298.445;310.0
5911;1;Santa Rosa;final;1283.486;1794.145;1283.486;354.145;269.953
5912;1;Santa Rosa;final;1157.543;1747.218;1157.543;307.218;257.606
5913;1;Santa Rosa;final;1252.93;1762.218;1252.93;322.218;276.956
5914;1;Santa Rosa;final;1381.492;1777.218;1381.492;337.218;312.688
5915;1;Santa Rosa;final;935.196;1392.081;935.196;1392.081;305.428
5915.1;1;Santa Rosa;final;1366.381;2305.397;1366.381;865.397;140.163
5916;1;Santa Rosa;final;1176.463;1587.081;1176.463;147.081;274.67
5916.1;1;Santa Rosa;final;1361.158;2582.608;1361.158;1142.608;81.892
5917;1;Santa Rosa;final;532.044;1722.081;532.044;282.081;107.327
5918;1;Santa Rosa;final;1341.344;1734.081;1341.344;294.081;293.013
5919;1;Santa Rosa;final;1302.644;1746.081;1302.644;306.081;275.645
5920;1;Santa Rosa;final;1357.752;1758.081;1357.752;318.081;311.001
5921;1;Santa Rosa;final;1381.331;1782.081;1381.331;342.081;314.732
5921.1;1;Santa Rosa;final;1448.333;2725.67;8.333;1285.67;85.748
5922;1;Santa Rosa;final;1335.303;1793.331;1335.303;353.331;293.575
5922.1;1;Santa Rosa;final;1516.705;2765.881;76.705;1325.881;78.074
5923;1;Santa Rosa;final;1462.985;1804.581;22.985;364.581;290.544
5924;1;Santa Rosa;final;1463.564;1815.831;23.564;375.831;297.263
5924.1;1;Santa Rosa;final;1525.896;2813.197;85.896;1373.197;72.411
5925;1;Santa Rosa;final;1482.985;1872.081;42.985;432.081;298.63
5926;1;Santa Rosa;final;1107.279;1416.376;1107.279;1416.376;275.994
5926.1;1;Santa Rosa;final;1541.698;2470.397;101.698;1030.397;211.05
5927;1;Santa Rosa;final;1150.919;1446.376;1150.919;6.376;312.039
5927.1;1;Santa Rosa;final;1522.702;2580.881;82.702;1140.881;161.584
5928;1;Santa Rosa;final;1379.552;1762.76;1379.552;322.76;303.62
5928.1;1;Santa Rosa;final;1502.985;2770.14;62.985;1330.14;78.938
5929;1;Santa Rosa;final;1264.244;1777.76;1264.244;337.76;254.913
5930;1;Santa Rosa;final;1424.578;1841.51;1424.578;401.51;264.331
5931;1;Santa Rosa;final;1407.982;2647.76;1407.982;1207.76;79.951
5932;1;Santa Rosa;final;1313.231;1722.081;1313.231;282.081;295.434
5932.1;1;Santa Rosa;final;1473.958;2751.277;33.958;1311.277;61.377
5933;1;Santa Rosa;final;1254.73;1730.648;1254.73;290.648;273.974
5933.1;1;Santa Rosa;final;1376.561;2652.641;1376.561;1212.641;67.844
5934;1;Santa Rosa;final;1343.158;1739.214;1343.158;299.214;313.337
5934.1;1;Santa Rosa;final;1388.661;2698.192;1388.661;1258.192;57.622
5935;1;Santa Rosa;final;1313.661;1747.781;1313.661;307.781;284.443
5936;1;Santa Rosa;final;1384.394;1756.348;1384.394;316.348;306.718
5937;1;Santa Rosa;final;1278.776;1764.914;1278.776;324.914;286.15
5938;1;Santa Rosa;final;1289.944;1773.481;1289.944;333.481;276.345
5939;1;Santa Rosa;final;1411.654;1782.081;1411.654;342.081;285.157
5940;1;Santa Rosa;final;1329.811;1827.081;1329.811;387.081;288.428
5941;1;Santa Rosa;final;1420.716;1863.081;1420.716;423.081;301.446
5941.1;1;Santa Rosa;final;1491.061;2802.417;51.061;1362.417;57.957
5942;1;Santa Rosa;final;1476.512;1872.081;36.512;432.081;284.277
5943;1;Santa Rosa;final;1384.286;1837.76;1384.286;397.76;276.619
5943.1;1;Santa Rosa;final;1485.482;2817.547;45.482;1377.547;53.727
5944;1;Santa Rosa;final;1112.951;1463.2;1112.951;23.2;311.032
5944.1;1;Santa Rosa;final;1405.461;2457.499;1405.461;1017.499;136.433
5945;1;Santa Rosa;final;1339.565;1741.767;1339.565;301.767;298.778
5946;1;Santa Rosa;final;1386.445;1750.334;1386.445;310.334;312.483
5946.1;1;Santa Rosa;final;1539.478;2815.082;99.478;1375.082;69.306
5947;1;Santa Rosa;final;1302.903;1758.9;1302.903;318.9;295.429
5947.1;1;Santa Rosa;final;1391.069;2735.881;1391.069;1295.881;42.938
5948;1;Santa Rosa;final;1347.903;1767.467;1347.903;327.467;277.784
5948.1;1;Santa Rosa;final;1467.413;2777.547;27.413;1337.547;56.287
5949;1;Santa Rosa;final;1238.486;1802.2;1238.486;362.2;244.311
5950;1;Santa Rosa;final;1132.791;1464.519;1132.791;24.519;300.737
5950.1;1;Santa Rosa;final;1492.981;2513.1;52.981;1073.1;160.883
5951;1;Santa Rosa;final;1362.196;1734.519;1362.196;294.519;308.628
5951.1;1;Santa Rosa;final;1471.669;2710.397;31.669;1270.397;93.414
5952;1;Santa Rosa;final;1382.392;1739.119;1382.392;299.119;308.846
5952.1;1;Santa Rosa;final;1493.527;2770.14;53.527;1330.14;67.916
5953;1;Santa Rosa;final;1359.892;1743.719;1359.892;303.719;290.815
5954;1;Santa Rosa;final;1385.166;1748.319;1385.166;308.319;304.4
5955;1;Santa Rosa;final;1299.4;1752.919;1299.4;312.919;281.626
5955.1;1;Santa Rosa;final;1479.102;2727.632;39.102;1287.632;84.081
5956;1;Santa Rosa;final;1391.134;1757.519;1391.134;317.519;287.59
5957;1;Santa Rosa;final;527.584;1762.119;527.584;322.119;78.484
5958;1;Santa Rosa;final;1320.685;1766.719;1320.685;326.719;281.234
5959;1;Santa Rosa;final;1393.642;1771.319;1393.642;331.319;301.992
5960;1;Santa Rosa;final;1298.221;1775.919;1298.221;335.919;296.6
5961;1;Santa Rosa;final;1296.247;1785.119;1296.247;345.119;267.056
5962;1;Santa Rosa;final;1371.142;1794.519;1371.142;354.519;285.293
5963;1;Santa Rosa;final;1396.565;1799.802;1396.565;359.802;277.841
5964;1;Santa Rosa;final;1401.419;1836.785;1401.419;396.785;299.269
5965;1;Santa Rosa;final;1324.756;1719.976;1324.756;279.976;311.691
5965.1;1;Santa Rosa;final;1406.006;2718.427;1406.006;1278.427;57.977
5966;1;Santa Rosa;final;1214.26;1734.976;1214.26;294.976;245.099
5967;1;Santa Rosa;final;1277.314;1749.976;1277.314;309.976;291.675
5967.1;1;Santa Rosa;final;1501.084;2657.918;61.084;1217.918;124.277
5968;1;Santa Rosa;final;1271.673;1764.976;1271.673;324.976;288.691
5969;1;Santa Rosa;final;1334.331;1779.976;1334.331;339.976;305.375
5969.1;1;Santa Rosa;final;1405.596;2684.647;1405.596;1244.647;72.411
5970;1;Santa Rosa;final;1377.993;1789.976;1377.993;349.976;303.869
5971;1;Santa Rosa;final;1228.93;1819.976;1228.93;379.976;231.112
5972;1;Santa Rosa;final;1354.756;1859.976;1354.756;419.976;284.175
5972.1;1;Santa Rosa;final;1429.49;2748.46;1429.49;1308.46;57.977
5973;1;Santa Rosa;final;1283.736;1869.976;1283.736;429.976;231.378
5974;1;Santa Rosa;final;1250.696;1720.397;1250.696;280.397;305.564
5974.1;1;Santa Rosa;final;1500.914;2600.397;60.914;1160.397;129.252
5975;1;Santa Rosa;final;1252.107;1740.397;1252.107;300.397;305.425
5975.1;1;Santa Rosa;final;1383.969;2659.01;1383.969;1219.01;60.184
5976;1;Santa Rosa;final;1321.412;1760.397;1321.412;320.397;299.964
5976.1;1;Santa Rosa;final;1386.512;2748.58;1386.512;1308.58;33.289
5977;1;Santa Rosa;final;1324.211;1780.397;1324.211;340.397;298.562
5978;1;Santa Rosa;final;1398.361;1802.897;1398.361;362.897;302.099
5979;1;Santa Rosa;final;1305.735;1814.147;1305.735;374.147;265.78
5980;1;Santa Rosa;final;1381.264;1825.397;1381.264;385.397;309.477
5980.1;1;Santa Rosa;final;1445.141;2767.098;5.141;1327.098;55.972
5981;1;Santa Rosa;final;1291.294;1836.647;1291.294;396.647;266.811
5982;1;Santa Rosa;final;1307.186;1870.397;1307.186;430.397;285.004
5982.1;1;Santa Rosa;final;1507.669;2740.881;67.669;1300.881;101.496
5983;1;Santa Rosa;final;1374.195;1720.397;1374.195;280.397;312.162
5983.1;1;Santa Rosa;final;1470.253;2801.748;30.253;1361.748;40.888
5984;1;Santa Rosa;final;1333.629;1732.397;1333.629;292.397;311.584
5984.1;1;Santa Rosa;final;1446.402;2691.296;6.402;1251.296;85.955
5985;1;Santa Rosa;final;1240.691;1744.397;1240.691;304.397;287.529
5985.1;1;Santa Rosa;final;1437.05;2623.2;1437.05;1183.2;99.756
5986;1;Santa Rosa;final;1288.252;1756.397;1288.252;316.397;290.578
5987;1;Santa Rosa;final;1346.374;1780.397;1346.374;340.397;302.214
5987.1;1;Santa Rosa;final;1412.691;2723.039;1412.691;1283.039;62.964
5988;1;Santa Rosa;final;1289.233;1791.647;1289.233;351.647;284.042
5989;1;Santa Rosa;final;1235.336;1825.397;1235.336;385.397;246.298
5990;1;Santa Rosa;final;1291.011;1836.647;1291.011;396.647;268.54
5991;1;Santa Rosa;final;1384.179;1847.897;1384.179;407.897;288.572
5992;1;Santa Rosa;final;1369.653;1870.397;1369.653;430.397;286.764
5992.1;1;Santa Rosa;final;1472.148;2804.214;32.148;1364.214;53.727
5993;1;Santa Rosa;final;1185.128;1438.431;1185.128;1438.431;303.98
5993.1;1;Santa Rosa;final;1275.578;2538.081;1275.578;1098.081;71.095
5994;1;Santa Rosa;final;1130.49;1573.431;1130.49;133.431;304.677
5994.1;1;Santa Rosa;final;1378.256;2474.572;1378.256;1034.572;126.326
5995;1;Santa Rosa;final;1302.73;1708.431;1302.73;268.431;289.581
5995.1;1;Santa Rosa;final;1489.245;2702.641;49.245;1262.641;89.529
5996;1;Santa Rosa;final;1197.3;1720.431;1197.3;280.431;298.991
5996.1;1;Santa Rosa;final;1385.65;2525.298;1385.65;1085.298;119.103
5997;1;Santa Rosa;final;1286.786;1732.431;1286.786;292.431;284.57
5997.1;1;Santa Rosa;final;1543.029;2718.047;103.029;1278.047;108.719
5998;1;Santa Rosa;final;537.403;1744.431;537.403;304.431;88.787
5999;1;Santa Rosa;final;1287.531;1824.681;1287.531;384.681;271.553
6000;1;Santa Rosa;final;1325.485;1835.931;1325.485;395.931;268.376
6001;1;Los Espinos;final;627.522;1387.959;627.522;1387.959;290.393
6001.1;1;Los Espinos;final;1496.207;2046.573;56.207;606.573;276.005
6002;1;Los Espinos;final;724.554;1417.959;724.554;1417.959;292.29
6002.1;1;Los Espinos;final;1492.839;2165.196;52.839;725.196;275.442
6003;1;Los Espinos;final;730.96;1447.959;730.96;7.959;302.744
6003.1;1;Los Espinos;final;1488.166;2098.208;48.166;658.208;259.812
6004;1;Los Espinos;final;645.855;1404.678;645.855;1404.678;287.54
6004.1;1;Los Espinos;final;1284.552;2063.995;1284.552;623.995;206.66
6005;1;Los Espinos;final;707.217;1434.678;707.217;1434.678;286.554
6005.1;1;Los Espinos;final;1501.234;2157.287;61.234;717.287;268.355
6006;1;Los Espinos;final;804.605;1464.678;804.605;24.678;281.391
6006.1;1;Los Espinos;final;1519.104;2235.713;79.104;795.713;236.811
6007;1;Santa Rosa;final;525.627;1587.081;525.627;147.081;109.669
6008;1;Santa Rosa;final;550.028;1734.081;550.028;294.081;95.752
6009;1;Santa Rosa;final;524.146;1740.081;524.146;300.081;88.003
6010;1;Santa Rosa;final;1427.09;1746.081;1427.09;306.081;305.456
6010.1;1;Santa Rosa;final;1459.985;2837.76;19.985;1397.76;27.775
6011;1;Santa Rosa;final;1304.146;1752.081;1304.146;312.081;301.255
6012;1;Santa Rosa;final;574.961;1758.081;574.961;318.081;98.299
6013;1;Santa Rosa;final;1238.544;1764.081;1238.544;324.081;267.468
6014;1;Santa Rosa;final;1437.302;1770.081;1437.302;330.081;310.258
6014.1;1;Santa Rosa;final;1464.64;2826.14;24.64;1386.14;33.538
6015;1;Santa Rosa;final;1402.802;1792.648;1402.802;352.648;310.612
6016;1;Santa Rosa;final;1316.069;1797.931;1316.069;357.931;295.73
6017;1;Santa Rosa;final;1340.228;1840.198;1340.228;400.198;261.694
6018;1;Santa Rosa;final;1450.635;1845.481;10.635;405.481;307.134
6019;1;Santa Rosa;final;1244.344;1861.331;1244.344;421.331;209.388
6020;1;Santa Rosa;final;1190.95;1393.445;1190.95;1393.445;300.711
6020.1;1;Santa Rosa;final;1378.528;2573.417;1378.528;1133.417;109.313
6021;1;Santa Rosa;final;1328.231;1743.445;1328.231;303.445;280.571
6022;1;Santa Rosa;final;1072.741;1411.163;1072.741;1411.163;290.206
6022.1;1;Santa Rosa;final;1466.608;2495.509;26.608;1055.509;158.64
6023;1;Santa Rosa;final;1173.367;1441.163;1173.367;1.163;297.981
6023.1;1;Santa Rosa;final;1346.067;2506.864;1346.067;1066.864;115.785
6024;1;Santa Rosa;final;1382.779;1741.163;1382.779;301.163;309.435
6024.1;1;Santa Rosa;final;1503.394;2730.397;63.394;1290.397;103.085
6025;1;Santa Rosa;final;1300.862;1751.163;1300.862;311.163;260.211
6026;1;Santa Rosa;final;1264.019;1761.163;1264.019;321.163;267.086
6027;1;Santa Rosa;final;1297.458;1771.163;1297.458;331.163;285.327
6028;1;Santa Rosa;final;511.219;1801.163;511.219;361.163;51.517
6029;1;Santa Rosa;final;1260.169;1855.163;1260.169;415.163;257.049
6030;1;Santa Rosa;final;1465.336;1873.163;25.336;433.163;312.172
6031;1;Santa Rosa;final;969.233;1415.745;969.233;1415.745;311.261
6031.1;1;Santa Rosa;final;1445.336;2355.931;5.336;915.931;199.909
6032;1;Santa Rosa;final;1347.993;1745.745;1347.993;305.745;283.564
6033;1;Santa Rosa;final;1364.811;1755.745;1364.811;315.745;308.73
6034;1;Santa Rosa;final;1215.5;1765.745;1215.5;325.745;263.139
6035;1;Santa Rosa;final;1385.352;1775.745;1385.352;335.745;268.255
6036;1;Santa Rosa;final;1427.335;1785.745;1427.335;345.745;309.362
6037;1;Santa Rosa;final;1319.588;1795.745;1319.588;355.745;280.418
6037.1;1;Santa Rosa;final;1533.021;2700.165;93.021;1260.165;119.217
6038;1;Santa Rosa;final;1454.869;1805.745;14.869;365.745;305.451
6039;1;Santa Rosa;final;1289.238;1814.745;1289.238;374.745;141.308
6040;1;Santa Rosa;final;1323.755;1823.745;1323.755;383.745;257.53
6041;1;Santa Rosa;final;516.774;1832.745;516.774;392.745;46.912
6042;1;Santa Rosa;final;1264.331;1841.745;1264.331;401.745;215.92
6043;1;Santa Rosa;final;1262.157;1850.745;1262.157;410.745;131.965
6044;1;Santa Rosa;final;1403.498;1859.745;1403.498;419.745;266.165
6045;1;Santa Rosa;final;1339.229;1868.745;1339.229;428.745;253.622
6046;1;Santa Rosa;final;1272.771;1886.745;1272.771;446.745;238.896
6047;1;Santa Rosa;final;1437.596;1895.745;1437.596;455.745;270.545
6048;1;Santa Rosa;final;1313.448;1741.163;1313.448;301.163;288.159
6048.1;1;Santa Rosa;final;1462.688;2713.245;22.688;1273.245;86.523
6049;1;Santa Rosa;final;617.928;1753.163;617.928;313.163;108.612
6050;1;Santa Rosa;final;1429.881;1765.163;1429.881;325.163;294.134
6051;1;Santa Rosa;final;1178.157;1777.163;1178.157;337.163;121.06
6052;1;Santa Rosa;final;1451.824;1789.163;11.824;349.163;314.378
6052.1;1;Santa Rosa;final;1500.176;2857.693;60.176;1417.693;35.862
6053;1;Santa Rosa;final;1350.815;1831.163;1350.815;391.163;270.959
6054;1;Santa Rosa;final;489.964;1851.163;489.964;411.163;30.889
6055;1;Santa Rosa;final;1312.771;1761.283;1312.771;321.283;298.171
6056;1;Santa Rosa;final;506.974;1773.283;506.974;333.283;62.767
6057;1;Santa Rosa;final;1364.465;1785.283;1364.465;345.283;281.953
6058;1;Santa Rosa;final;1420.181;1797.283;1420.181;357.283;312.316
6058.1;1;Santa Rosa;final;1448.252;2825.406;8.252;1385.406;27.459
6059;1;Santa Rosa;final;1356.993;1821.283;1356.993;381.283;262.199
6060;1;Santa Rosa;final;1373.021;1851.283;1373.021;411.283;161.709
6061;1;Santa Rosa;final;1471.654;1861.283;31.654;421.283;274.071
6062;1;Santa Rosa;final;1315.885;1891.283;1315.885;451.283;235.565
6063;1;Santa Rosa;final;1263.448;1911.283;1263.448;471.283;198.41
6064;1;Santa Rosa;final;1225.578;1724.862;1225.578;284.862;288.877
6065;1;Santa Rosa;final;1206.993;1739.862;1206.993;299.862;253.093
6066;1;Santa Rosa;final;1364.14;1754.862;1364.14;314.862;306.77
6066.1;1;Santa Rosa;final;1463.756;2704.572;23.756;1264.572;93.006
6067;1;Santa Rosa;final;541.73;1769.862;541.73;329.862;85.292
6068;1;Santa Rosa;final;1406.706;1807.362;1406.706;367.362;307.48
6068.1;1;Santa Rosa;final;1483.79;2744.572;43.79;1304.572;82.513
6069;1;Santa Rosa;final;1190.573;1829.862;1190.573;389.862;212.893
6070;1;Santa Rosa;final;1211.673;1837.362;1211.673;397.362;228.593
6071;1;Santa Rosa;final;1362.136;1844.862;1362.136;404.862;262.245
6072;1;Santa Rosa;final;1282.706;1852.362;1282.706;412.362;235.734
6073;1;Santa Rosa;final;1299.09;1859.862;1299.09;419.862;244.783
6074;1;Santa Rosa;final;1294.435;1714.572;1294.435;274.572;293.048
6074.1;1;Santa Rosa;final;1384.321;2728.598;1384.321;1288.598;39.183
6075;1;Santa Rosa;final;1338.64;1726.572;1338.64;286.572;298.818
6075.1;1;Santa Rosa;final;1448.44;2674.572;8.44;1234.572;92.659
6076;1;Santa Rosa;final;1337.488;1738.572;1337.488;298.572;306.42
6077;1;Santa Rosa;final;1349.911;1750.572;1349.911;310.572;305.862
6077.1;1;Santa Rosa;final;1447.493;2700.831;7.493;1260.831;75.661
6078;1;Santa Rosa;final;1283.34;1793.822;1283.34;353.822;273.691
6079;1;Santa Rosa;final;1295.375;1825.905;1295.375;385.905;240.352
6080;1;Santa Rosa;final;567.397;1832.322;567.397;392.322;64.993
6081;1;Santa Rosa;final;1348.256;1851.572;1348.256;411.572;258.151
6082;1;Santa Rosa;final;1377.021;1857.989;1377.021;417.989;264.62
6083;1;Santa Rosa;final;1449.778;1864.572;9.778;424.572;305.319
6083.1;1;Santa Rosa;final;1482.594;2802.081;42.594;1362.081;55.828
6084;1;Santa Rosa;final;1372.49;2614.572;1372.49;1174.572;94.86
6085;1;Santa Rosa;final;1174.622;1430.132;1174.622;1430.132;283.372
6085.1;1;Santa Rosa;final;1443.286;2550.078;3.286;1110.078;124.365
6086;1;Santa Rosa;final;1339.04;1772.881;1339.04;332.881;298.594
6086.1;1;Santa Rosa;final;1519.596;2725.248;79.596;1285.248;100.338
6087;1;Santa Rosa;final;1373.08;1784.881;1373.08;344.881;304.417
6088;1;Santa Rosa;final;611.702;1796.881;611.702;356.881;95.264
6089;1;Santa Rosa;final;1201.473;1910.881;1201.473;470.881;181.68
6090;1;Santa Rosa;final;1059.141;1475.406;1059.141;35.406;305.184
6090.1;1;Santa Rosa;final;1446.561;2438.492;6.561;998.492;159.087
6091;1;Santa Rosa;final;1353.146;1745.406;1353.146;305.406;311.56
6091.1;1;Santa Rosa;final;1491.741;2710.347;51.741;1270.347;93.252
6092;1;Santa Rosa;final;1383.041;1750.006;1383.041;310.006;312.115
6092.1;1;Santa Rosa;final;1424.861;2737.192;1424.861;1297.192;57.985
6093;1;Santa Rosa;final;484.053;1754.606;484.053;314.606;64.027
6094;1;Santa Rosa;final;1281.519;1759.206;1281.519;319.206;278.386
6094.1;1;Santa Rosa;final;1384.298;2710.881;1384.298;1270.881;53.727
6095;1;Santa Rosa;final;1290.231;1763.806;1290.231;323.806;271.481
6096;1;Santa Rosa;final;1274.588;1768.406;1274.588;328.406;267.852
6097;1;Santa Rosa;final;504.886;1773.006;504.886;333.006;54.356
6098;1;Santa Rosa;final;1368.481;1786.806;1368.481;346.806;309.66
6098.1;1;Santa Rosa;final;1522.948;2703.502;82.948;1263.502;117.452
6099;1;Santa Rosa;final;1303.252;1796.006;1303.252;356.006;261.997
6100;1;Santa Rosa;final;1343.621;1822.54;1343.621;382.54;284.653
6100.1;1;Santa Rosa;final;1414.821;2725.915;1414.821;1285.915;61.089
6101;1;Santa Rosa;final;1350.685;1839.673;1350.685;399.673;260.202
6102;1;Santa Rosa;final;1224.622;1843.956;1224.622;403.956;230.825
6103;1;Santa Rosa;final;515.503;1882.506;515.503;442.506;25.14
6104;1;Santa Rosa;final;503.398;1465.915;503.398;25.915;100.843
6105;1;Santa Rosa;final;1229.346;1668.415;1229.346;228.415;283.302
6105.1;1;Santa Rosa;final;1366.963;2576.697;1366.963;1136.697;98.463
6106;1;Santa Rosa;final;523.479;1735.915;523.479;295.915;85.392
6107;1;Santa Rosa;final;1262.771;1741.915;1262.771;301.915;304.007
6107.1;1;Santa Rosa;final;1317.993;2657.186;1317.993;1217.186;39.685
6108;1;Santa Rosa;final;1376.934;1747.915;1376.934;307.915;291.158
6108.1;1;Santa Rosa;final;1478.749;2749.8;38.749;1309.8;76.101
6109;1;Santa Rosa;final;498.369;1753.915;498.369;313.915;63.951
6110;1;Santa Rosa;final;1304.052;1759.915;1304.052;319.915;307.465
6110.1;1;Santa Rosa;final;1492.082;2691.54;52.082;1251.54;100.807
6111;1;Santa Rosa;final;1457.276;1765.915;17.276;325.915;314.413
6112;1;Santa Rosa;final;1303.594;1771.915;1303.594;331.915;255.794
6113;1;Santa Rosa;final;1273.353;1777.915;1273.353;337.915;280.175
6113.1;1;Santa Rosa;final;1404.929;2701.714;1404.929;1261.714;56.287
6114;1;Santa Rosa;final;1332.886;1783.915;1332.886;343.915;276.838
6114.1;1;Santa Rosa;final;1484.028;2764.214;44.028;1324.214;69.097
6115;1;Santa Rosa;final;1339.141;1789.915;1339.141;349.915;293.505
6115.1;1;Santa Rosa;final;1399.663;2727.417;1399.663;1287.417;49.66
6116;1;Santa Rosa;final;1366.264;1795.915;1366.264;355.915;296.579
6116.1;1;Santa Rosa;final;1481.664;2746.218;41.664;1306.218;74.879
6117;1;Santa Rosa;final;1419.985;1801.531;1419.985;361.531;310.48
6117.1;1;Santa Rosa;final;1477.298;2856.098;37.298;1416.098;28.164
6118;1;Santa Rosa;final;1261.588;1812.765;1261.588;372.765;241.662
6119;1;Santa Rosa;final;1326.953;1823.998;1326.953;383.998;246.614
6120;1;Santa Rosa;final;1238.292;1835.231;1238.292;395.231;235.966
6121;1;Santa Rosa;final;1375.452;1840.848;1375.452;400.848;305.67
6122;1;Santa Rosa;final;1428.619;1846.465;1428.619;406.465;286.012
6122.1;1;Santa Rosa;final;1506.038;2858.881;66.038;1418.881;38.264
6123;1;Santa Rosa;final;1173.419;1852.081;1173.419;412.081;224.411
6124;1;Santa Rosa;final;529.886;1863.315;529.886;423.315;39.342
6125;1;Santa Rosa;final;1300.169;1874.548;1300.169;434.548;277.9
6125.1;1;Santa Rosa;final;1511.698;2732.881;71.698;1292.881;99.605
6126;1;Santa Rosa;final;1223.719;1880.165;1223.719;440.165;221.9
6127;1;Santa Rosa;final;1282.531;1885.781;1282.531;445.781;230.637
6128;1;Santa Rosa;final;1363.621;1885.915;1363.621;445.915;256.32
6129;1;Santa Rosa;final;1402.45;1781.098;1402.45;341.098;307.518
6129.1;1;Santa Rosa;final;1490.002;2837.332;50.002;1397.332;43.387
6130;1;Santa Rosa;final;1369.553;1791.098;1369.553;351.098;289.947
6130.1;1;Santa Rosa;final;1494.079;2804.214;54.079;1364.214;56.287
6131;1;Santa Rosa;final;1407.951;1801.098;1407.951;361.098;311.216
6131.1;1;Santa Rosa;final;1434.535;2721.875;1434.535;1281.875;76.982
6132;1;Santa Rosa;final;504.969;1811.098;504.969;371.098;47.597
6133;1;Santa Rosa;final;532.202;1743.055;532.202;303.055;93.694
6134;1;Santa Rosa;final;1208.675;1755.055;1208.675;315.055;288.831
6134.1;1;Santa Rosa;final;1550.565;2603.055;110.565;1163.055;163.969
6135;1;Santa Rosa;final;1231.775;1767.055;1231.775;327.055;288.831
6136;1;Santa Rosa;final;1349.608;1779.055;1349.608;339.055;305.651
6137;1;Santa Rosa;final;1296.275;1791.055;1296.275;351.055;285.617
6137.1;1;Santa Rosa;final;1481.808;2692.055;41.808;1252.055;103.215
6138;1;Santa Rosa;final;1309.608;1803.055;1309.608;363.055;285.617
6138.1;1;Santa Rosa;final;1422.951;2703.055;1422.951;1263.055;76.007
6139;1;Santa Rosa;final;1191.307;1814.305;1191.307;374.305;260.471
6140;1;Santa Rosa;final;1281.39;1825.555;1281.39;385.555;277.291
6141;1;Santa Rosa;final;1267.508;1848.055;1267.508;408.055;292.045
6141.1;1;Santa Rosa;final;1461.207;2659.937;21.207;1219.937;105.022
6142;1;Santa Rosa;final;1352.058;1859.305;1352.058;419.305;285.617
6143;1;Santa Rosa;final;1352.108;1881.805;1352.108;441.805;288.831
6143.1;1;Santa Rosa;final;1535.142;2746.388;95.142;1306.388;103.215
6144;1;Santa Rosa;final;1350.065;1893.055;1350.065;453.055;298.11
6145;1;Santa Rosa;final;1173.475;1701.875;1173.475;261.875;288.938
6146;1;Santa Rosa;final;1174.207;1713.875;1174.207;273.875;295.673
6146.1;1;Santa Rosa;final;1381.981;2516.58;1381.981;1076.58;136.074
6147;1;Santa Rosa;final;1159.775;1725.875;1159.775;285.875;305.042
6147.1;1;Santa Rosa;final;1376.558;2556.388;1376.558;1116.388;103.215
6148;1;Santa Rosa;final;1206.175;1737.875;1206.175;297.875;288.938
6148.1;1;Santa Rosa;final;1543.373;2599.037;103.373;1159.037;189.42
6149;1;Santa Rosa;final;1202.425;1749.875;1202.425;309.875;288.938
6150;1;Santa Rosa;final;1214.375;1761.875;1214.375;321.875;268.904
6150.1;1;Santa Rosa;final;1556.707;2609.721;116.707;1169.721;156.04
6151;1;Santa Rosa;final;1174.475;1773.125;1174.475;333.125;272.118
6151.1;1;Santa Rosa;final;1503.373;2569.721;63.373;1129.721;156.04
6152;1;Santa Rosa;final;1316.808;1829.375;1316.808;389.375;301.828
6153;1;Santa Rosa;final;1231.207;1851.875;1231.207;411.875;273.468
6154;1;Santa Rosa;final;1121.935;1393.796;1121.935;1393.796;265.403
6154.1;1;Santa Rosa;final;1315.085;2520.073;1315.085;1080.073;78.938
6155;1;Santa Rosa;final;1111.011;1423.796;1111.011;1423.796;309.751
6155.1;1;Santa Rosa;final;1456.886;2466.081;16.886;1026.081;154.996
6156;1;Santa Rosa;final;1256.439;1723.796;1256.439;283.796;297.504
6156.1;1;Santa Rosa;final;1381.089;2634.078;1381.089;1194.078;78.366
6157;1;Santa Rosa;final;1253.924;1731.296;1253.924;291.296;280.857
6157.1;1;Santa Rosa;final;1491.629;2635.248;51.629;1195.248;129.354
6158;1;Santa Rosa;final;1237.548;1738.796;1237.548;298.796;303.056
6158.1;1;Santa Rosa;final;1396.171;2582.536;1396.171;1142.536;112.998
6159;1;Santa Rosa;final;1302.453;1746.296;1302.453;306.296;283.979
6159.1;1;Santa Rosa;final;1512.148;2734.381;72.148;1294.381;94.693
6160;1;Santa Rosa;final;1368.569;1753.796;1368.569;313.796;308.84
6161;1;Santa Rosa;final;1314.186;1761.296;1314.186;321.296;294.372
6161.1;1;Santa Rosa;final;1511.814;2750.831;71.814;1310.831;79.08
6162;1;Santa Rosa;final;1266.786;1768.796;1266.786;328.796;263.476
6163;1;Santa Rosa;final;1280.146;1776.296;1280.146;336.296;270.113
6163.1;1;Santa Rosa;final;1386.298;2633.247;1386.298;1193.247;91.53
6164;1;Santa Rosa;final;1332.771;1783.796;1332.771;343.796;284.07
6164.1;1;Santa Rosa;final;1453.488;2725.865;13.488;1285.865;74.056
6165;1;Santa Rosa;final;1363.676;1798.796;1363.676;358.796;290.376
6165.1;1;Santa Rosa;final;1421.452;2731.575;1421.452;1291.575;61.963
6166;1;Santa Rosa;final;496.369;1806.296;496.369;366.296;47.554
6167;1;Santa Rosa;final;1251.645;1821.296;1251.645;381.296;235.475
6168;1;Santa Rosa;final;1396.654;1828.796;1396.654;388.796;298.09
6169;1;Santa Rosa;final;1369.56;1836.296;1369.56;396.296;257.808
6170;1;Santa Rosa;final;1250.448;1843.796;1250.448;403.796;241.979
6171;1;Santa Rosa;final;1295.075;1851.296;1295.075;411.296;253.493
6172;1;Santa Rosa;final;1411.669;1858.796;1411.669;418.796;304.906
6173;1;Santa Rosa;final;1046.819;1430.132;1046.819;1430.132;310.032
6173.1;1;Santa Rosa;final;1393.621;2491.731;1393.621;1051.731;124.713
6174;1;Santa Rosa;intermedia;926.936;945.0;926.936;945.0;286.842
6174;2;Santa Rosa;final;1202.571;1460.132;1202.571;20.132;81.72
6175;1;Santa Rosa;final;1362.974;1785.832;1362.974;345.832;298.838
6175.1;1;Santa Rosa;final;1413.226;2772.026;1413.226;1332.026;36.456
6176;1;Santa Rosa;final;1270.696;1910.881;1270.696;470.881;194.831
6177;1;Santa Rosa;final;539.953;1727.103;539.953;287.103;93.692
6178;1;Santa Rosa;final;1259.396;1735.67;1259.396;295.67;286.034
6178.1;1;Santa Rosa;final;1346.2;2609.397;1346.2;1169.397;76.934
6179;1;Santa Rosa;final;532.102;1744.236;532.102;304.236;93.391
6180;1;Santa Rosa;final;1331.293;1752.803;1331.293;312.803;292.742
6180.1;1;Santa Rosa;final;1459.393;2704.201;19.393;1264.201;87.57
6181;1;Santa Rosa;final;510.309;1761.37;510.309;321.37;81.1
6182;1;Santa Rosa;final;1299.303;1780.881;1299.303;340.881;303.057
6182.1;1;Santa Rosa;final;1472.276;2732.881;32.276;1292.881;68.466
6183;1;Santa Rosa;final;1388.333;1910.881;1388.333;470.881;294.742
6183.1;1;Santa Rosa;final;1489.746;2825.132;49.746;1385.132;49.127
6184;1;Santa Rosa;intermedia;680.026;728.0;680.026;728.0;257.305
6184;2;Santa Rosa;final;1355.242;1478.103;1355.242;38.103;197.351
6185;1;Santa Rosa;intermedia;788.659;841.0;788.659;841.0;257.305
6185;2;Santa Rosa;final;1291.909;1532.103;1291.909;92.103;137.397
6186;1;Santa Rosa;intermedia;884.659;921.0;884.659;921.0;257.305
6186;2;Santa Rosa;final;1325.242;1586.103;1325.242;146.103;137.397
6187;1;Santa Rosa;final;1285.536;1758.103;1285.536;318.103;305.574
6187.1;1;Santa Rosa;final;1391.336;2693.611;1391.336;1253.611;65.029
6188;1;Santa Rosa;final;1201.909;1778.103;1201.909;338.103;257.305
6188.1;1;Santa Rosa;final;1486.742;2608.103;46.742;1168.103;137.397
6189;1;Santa Rosa;final;1211.909;1788.103;1211.909;348.103;257.305
6189.1;1;Santa Rosa;final;1375.242;2618.103;1375.242;1178.103;77.443
6190;1;Santa Rosa;final;1221.909;1798.103;1221.909;358.103;257.305
6190.1;1;Santa Rosa;final;1385.242;2628.103;1385.242;1188.103;77.443
6191;1;Santa Rosa;final;1271.909;1808.103;1271.909;368.103;257.305
6192;1;Santa Rosa;final;1281.909;1815.603;1281.909;375.603;257.305
6193;1;Santa Rosa;final;1301.909;1830.603;1301.909;390.603;257.305
6194;1;Santa Rosa;final;1198.069;1838.103;1198.069;398.103;233.924
6195;1;Santa Rosa;final;1311.909;1845.603;1311.909;405.603;257.305
6195.1;1;Santa Rosa;final;1448.092;2715.603;8.092;1275.603;77.443
6196;1;Santa Rosa;final;1285.242;1853.103;1285.242;413.103;257.305
6196.1;1;Santa Rosa;final;1524.553;2693.103;84.553;1253.103;125.712
6197;1;Santa Rosa;final;1295.242;1860.603;1295.242;420.603;257.305
6197.1;1;Santa Rosa;final;1436.842;2704.353;1436.842;1264.353;77.443
6198;1;Santa Rosa;final;1305.242;1868.103;1305.242;428.103;257.305
6199;1;Santa Rosa;final;1315.242;1875.603;1315.242;435.603;257.305
6199.1;1;Santa Rosa;final;1459.342;2726.853;19.342;1286.853;77.443
6200;1;Santa Rosa;final;1335.242;1883.103;1335.242;443.103;257.305
6200.1;1;Santa Rosa;final;1456.742;2738.103;16.742;1298.103;77.443
6201;1;Los Espinos;final;1031.927;1433.574;1031.927;1433.574;293.679
6201.1;1;Los Espinos;final;1466.925;2460.132;26.925;1020.132;152.983
6202;1;Los Espinos;final;1165.764;1463.574;1165.764;23.574;298.378
6202.1;1;Los Espinos;final;1289.832;2578.72;1289.832;1138.72;59.986
6203;1;Los Espinos;final;1103.397;1493.008;1103.397;53.008;312.444
6203.1;1;Los Espinos;final;1487.574;2519.72;47.574;1079.72;155.101
6204;1;Los Espinos;final;1277.442;1763.008;1277.442;323.008;295.184
6205;1;Los Espinos;final;1309.427;1771.575;1309.427;331.575;300.12
6205.1;1;Los Espinos;final;1464.302;2752.01;24.302;1312.01;65.047
6206;1;Los Espinos;final;1176.627;1780.142;1176.627;340.142;251.461
6207;1;Los Espinos;final;1339.405;1788.708;1339.405;348.708;299.499
6208;1;Los Espinos;final;1333.557;1797.275;1333.557;357.275;296.274
6208.1;1;Los Espinos;final;1479.147;2769.582;39.147;1329.582;55.64
6209;1;Los Espinos;final;1252.927;1823.008;1252.927;383.008;249.837
6210;1;Los Espinos;final;1322.133;1836.842;1322.133;396.842;275.638
6211;1;Los Espinos;final;1319.221;1864.508;1319.221;424.508;271.055
6212;1;Los Espinos;final;1208.114;1892.175;1208.114;452.175;241.006
6213;1;Los Espinos;final;1231.439;1763.008;1231.439;323.008;280.314
6213.1;1;Los Espinos;final;1442.534;2615.378;2.534;1175.378;103.709
6214;1;Los Espinos;final;1288.308;1775.008;1288.308;335.008;301.424
6214.1;1;Los Espinos;final;1533.393;2723.008;93.393;1283.008;102.56
6215;1;Los Espinos;final;523.271;1787.008;523.271;347.008;64.852
6216;1;Los Espinos;final;548.937;1811.008;548.937;371.008;64.852
6217;1;Los Espinos;final;1266.918;1823.008;1266.918;383.008;281.817
6218;1;Los Espinos;final;1464.86;1868.008;24.86;428.008;311.693
6219;1;Los Espinos;final;1437.258;1890.508;1437.258;450.508;308.295
6219.1;1;Los Espinos;final;1499.222;2872.382;59.222;1432.382;31.497
6220;1;Los Espinos;final;1111.274;1913.008;1111.274;473.008;187.801
6221;1;Los Espinos;final;1322.454;1759.572;1322.454;319.572;305.78
6221.1;1;Los Espinos;final;1467.704;2732.815;27.704;1292.815;75.755
6222;1;Los Espinos;final;1314.273;1771.572;1314.273;331.572;287.993
6223;1;Los Espinos;final;1322.91;1783.572;1322.91;343.572;307.03
6224;1;Los Espinos;final;1260.298;1795.572;1260.298;355.572;285.733
6225;1;Los Espinos;final;1381.443;1807.572;1381.443;367.572;308.064
6225.1;1;Los Espinos;final;1474.743;2758.513;34.743;1318.513;71.242
6226;1;Los Espinos;final;1293.958;1863.822;1293.958;423.822;286.072
6226.1;1;Los Espinos;final;1507.797;2727.258;67.797;1287.258;99.621
6227;1;Los Espinos;final;1210.873;1886.322;1210.873;446.322;224.489
6228;1;Santa Rosa;final;1299.54;1778.014;1299.54;338.014;275.443
6228.1;1;Santa Rosa;final;1402.911;2704.01;1402.911;1264.01;58.212
6229;1;Santa Rosa;final;1227.862;1786.581;1227.862;346.581;268.7
6230;1;Santa Rosa;final;1240.93;1795.147;1240.93;355.147;251.942
6231;1;Santa Rosa;final;1346.931;1803.714;1346.931;363.714;300.023
6231.1;1;Santa Rosa;final;1424.017;2697.497;1424.017;1257.497;76.934
6232;1;Santa Rosa;final;529.853;1820.881;529.853;380.881;51.148
6233;1;Santa Rosa;final;1495.041;1910.881;55.041;470.881;294.684
6234;1;Santa Rosa;final;1369.168;1734.046;1369.168;294.046;310.95
6234.1;1;Santa Rosa;final;1456.303;2811.098;16.303;1371.098;33.15
6235;1;Santa Rosa;final;1207.974;1738.329;1207.974;298.329;285.9
6235.1;1;Santa Rosa;final;1477.491;2585.039;37.491;1145.039;133.736
6236;1;Santa Rosa;final;1377.081;1742.612;1377.081;302.612;306.981
6237;1;Santa Rosa;final;566.702;1746.896;566.702;306.896;104.37
6238;1;Santa Rosa;final;515.59;1751.179;515.59;311.179;73.211
6239;1;Santa Rosa;final;1321.264;1755.462;1321.264;315.462;295.486
6239.1;1;Santa Rosa;final;1397.467;2696.468;1397.467;1256.468;64.866
6240;1;Santa Rosa;final;1233.253;1759.746;1233.253;319.746;245.772
6241;1;Santa Rosa;final;1282.288;1764.029;1282.288;324.029;293.44
6241.1;1;Santa Rosa;final;1357.004;2661.615;1357.004;1221.615;61.089
6242;1;Santa Rosa;final;522.902;1768.312;522.902;328.312;76.398
6243;1;Santa Rosa;final;1366.561;1772.596;1366.561;332.596;274.04
6244;1;Santa Rosa;final;1245.986;1776.879;1245.986;336.879;260.747
6245;1;Santa Rosa;final;1260.418;1781.162;1260.418;341.162;235.202
6246;1;Santa Rosa;final;1449.723;1794.046;9.723;354.046;309.487
6247;1;Santa Rosa;final;486.036;1734.168;486.036;294.168;68.562
6248;1;Santa Rosa;final;1282.285;1746.168;1282.285;306.168;302.567
6249;1;Santa Rosa;final;1396.303;1758.168;1396.303;318.168;314.879
6249.1;1;Santa Rosa;final;1476.171;2830.881;36.171;1390.881;40.333
6250;1;Santa Rosa;final;1347.346;1770.168;1347.346;330.168;294.447
6250.1;1;Santa Rosa;final;1493.564;2699.147;53.564;1259.147;108.914
6251;1;Santa Rosa;final;1335.755;1782.168;1335.755;342.168;275.95
6251.1;1;Santa Rosa;final;1459.839;2712.828;19.839;1272.828;78.366
6252;1;Santa Rosa;final;1337.678;1794.168;1337.678;354.168;302.35
6252.1;1;Santa Rosa;final;1506.861;2689.581;66.861;1249.581;99.921
6253;1;Santa Rosa;final;1352.974;1805.418;1352.974;365.418;299.254
6254;1;Santa Rosa;final;1278.414;1741.327;1278.414;301.327;281.906
6255;1;Santa Rosa;final;1303.256;1753.327;1303.256;313.327;294.822
6255.1;1;Santa Rosa;final;1380.306;2692.727;1380.306;1252.727;57.977
6256;1;Santa Rosa;final;522.48;1765.327;522.48;325.327;74.124
6257;1;Santa Rosa;final;1201.388;1828.327;1201.388;388.327;215.803
6258;1;Santa Rosa;final;1271.44;1846.327;1271.44;406.327;227.487
6259;1;Santa Rosa;final;1363.256;1873.327;1363.256;433.327;259.301
6260;1;Santa Rosa;final;1297.706;1882.327;1297.706;442.327;222.713
6261;1;Santa Rosa;final;1487.214;1891.327;47.214;451.327;310.25
6262;1;Santa Rosa;final;1312.706;1724.572;1312.706;284.572;295.446
6262.1;1;Santa Rosa;final;1461.492;2705.577;21.492;1265.577;83.991
6263;1;Santa Rosa;final;1286.686;1734.572;1286.686;294.572;293.316
6263.1;1;Santa Rosa;final;1479.164;2714.881;39.164;1274.881;82.821
6264;1;Santa Rosa;final;1318.256;1744.572;1318.256;304.572;307.11
6264.1;1;Santa Rosa;final;1370.075;2716.327;1370.075;1276.327;39.83
6265;1;Santa Rosa;final;1272.119;1754.572;1272.119;314.572;283.974
6265.1;1;Santa Rosa;final;1374.298;2700.881;1374.298;1260.881;53.727
6266;1;Santa Rosa;final;505.354;1764.572;505.354;324.572;76.291
6267;1;Santa Rosa;final;1327.273;1774.572;1327.273;334.572;270.06
6268;1;Santa Rosa;final;518.006;1783.572;518.006;343.572;58.991
6269;1;Santa Rosa;final;1308.047;1801.572;1308.047;361.572;256.603
6270;1;Santa Rosa;final;1411.469;1819.572;1411.469;379.572;308.909
6270.1;1;Santa Rosa;final;1495.669;2846.881;55.669;1406.881;42.938
6271;1;Santa Rosa;final;1291.388;1864.572;1291.388;424.572;244.296
6272;1;Santa Rosa;final;1172.107;1491.098;1172.107;51.098;298.354
6272.1;1;Santa Rosa;final;1475.978;2583.06;35.978;1143.06;112.388
6273;1;Santa Rosa;final;1319.519;1781.098;1319.519;341.098;284.028
6273.1;1;Santa Rosa;final;1452.919;2750.881;12.919;1310.881;70.91
6274;1;Santa Rosa;final;1270.169;1791.098;1270.169;351.098;300.768
6274.1;1;Santa Rosa;final;1483.043;2698.381;43.043;1258.381;84.235
6275;1;Santa Rosa;final;1369.141;1801.098;1369.141;361.098;281.706
6276;1;Santa Rosa;final;1373.779;1811.098;1373.779;371.098;289.156
6277;1;Santa Rosa;final;1485.336;1886.214;45.336;446.214;313.577
6278;1;Santa Rosa;final;1201.94;1910.881;1201.94;470.881;211.219
6279;1;Santa Rosa;final;1195.974;1677.906;1195.974;237.906;304.224
6279.1;1;Santa Rosa;final;1494.963;2573.039;54.963;1133.039;149.874
6280;1;Santa Rosa;final;1238.578;1745.406;1238.578;305.406;259.71
6281;1;Santa Rosa;final;1347.778;1752.906;1347.778;312.906;291.333
6281.1;1;Santa Rosa;final;1431.394;2709.976;1431.394;1269.976;87.115
6282;1;Santa Rosa;final;1306.285;1760.406;1306.285;320.406;264.391
6283;1;Santa Rosa;final;1347.1;1767.906;1347.1;327.906;303.998
6283.1;1;Santa Rosa;final;1444.759;2672.681;4.759;1232.681;94.02
6284;1;Santa Rosa;final;529.053;1775.406;529.053;335.406;66.614
6285;1;Santa Rosa;final;1330.662;1782.906;1330.662;342.906;287.214
6286;1;Santa Rosa;final;1335.192;1797.906;1335.192;357.906;282.765
6286.1;1;Santa Rosa;final;1409.876;2691.976;1409.876;1251.976;79.536
6287;1;Santa Rosa;final;1394.963;1805.406;1394.963;365.406;301.003
6287.1;1;Santa Rosa;final;1484.044;2749.976;44.044;1309.976;77.479
6288;1;Santa Rosa;final;1161.147;1430.132;1161.147;1430.132;312.966
6288.1;1;Santa Rosa;final;1274.715;2541.236;1274.715;1101.236;60.005
6289;1;Santa Rosa;final;1087.707;1460.132;1087.707;20.132;289.639
6289.1;1;Santa Rosa;final;1372.074;2469.5;1372.074;1029.5;132.92
6290;1;Santa Rosa;final;1359.755;1775.881;1359.755;335.881;308.732
6291;1;Santa Rosa;final;1271.142;1790.881;1271.142;350.881;268.976
6291.1;1;Santa Rosa;final;1490.014;2645.328;50.014;1205.328;106.978
6292;1;Santa Rosa;final;968.464;1405.56;968.464;1405.56;305.715
6292.1;1;Santa Rosa;final;1536.132;2353.502;96.132;913.502;249.006
6293;1;Santa Rosa;final;1295.686;1735.56;1295.686;295.56;288.153
6293.1;1;Santa Rosa;final;1522.979;2726.214;82.979;1286.214;100.515
6294;1;Santa Rosa;final;1292.136;1741.01;1292.136;301.01;279.601
6294.1;1;Santa Rosa;final;1394.298;2720.881;1394.298;1280.881;53.727
6295;1;Santa Rosa;final;1326.64;1746.46;1326.64;306.46;274.155
6296;1;Santa Rosa;final;524.053;1751.91;524.053;311.91;80.589
6297;1;Santa Rosa;final;1328.557;1757.36;1328.557;317.36;297.7
6297.1;1;Santa Rosa;final;1485.8;2710.3;45.8;1270.3;99.756
6298;1;Santa Rosa;final;1373.729;1762.81;1373.729;322.81;313.61
6299;1;Santa Rosa;final;1395.554;1768.26;1395.554;328.26;273.478
6300;1;Santa Rosa;final;1162.147;1773.71;1162.147;333.71;224.978
6301;1;Santa Rosa;final;1369.324;1779.16;1369.324;339.16;300.62
6302;1;Santa Rosa;final;1283.402;1784.61;1283.402;344.61;269.584
6303;1;Santa Rosa;final;1323.569;1790.06;1323.569;350.06;289.027
6304;1;Santa Rosa;final;1290.169;1795.51;1290.169;355.51;305.176
6304.1;1;Santa Rosa;final;1376.069;2720.881;1376.069;1280.881;42.938
6305;1;Santa Rosa;final;1236.586;1795.56;1236.586;355.56;227.869
6306;1;Santa Rosa;final;1430.161;1801.56;1430.161;361.56;299.9
6307;1;Santa Rosa;final;1260.986;1807.56;1260.986;367.56;145.108
6308;1;Santa Rosa;final;493.853;1825.56;493.853;385.56;42.156
6309;1;Santa Rosa;final;1472.003;1831.56;32.003;391.56;305.292
6310;1;Santa Rosa;final;505.853;1837.56;505.853;397.56;42.156
6311;1;Santa Rosa;final;1332.346;1843.56;1332.346;403.56;269.798
6312;1;Santa Rosa;final;1365.163;1849.56;1365.163;409.56;275.504
6313;1;Santa Rosa;final;523.853;1855.56;523.853;415.56;42.156
6314;1;Santa Rosa;final;1436.424;1879.56;1436.424;439.56;305.684
6314.1;1;Santa Rosa;final;1527.378;2840.56;87.378;1400.56;58.212
6315;1;Santa Rosa;final;1356.688;1885.56;1356.688;445.56;249.654
6316;1;Santa Rosa;final;539.386;1745.745;539.386;305.745;73.592
6317;1;Santa Rosa;final;1278.496;1757.745;1278.496;317.745;276.618
6317.1;1;Santa Rosa;final;1481.332;2631.226;41.332;1191.226;138.936
6318;1;Santa Rosa;final;1374.986;1769.745;1374.986;329.745;288.309
6318.1;1;Santa Rosa;final;1447.015;2801.614;7.015;1361.614;37.927
6319;1;Santa Rosa;final;1272.507;1781.745;1272.507;341.745;242.807
6320;1;Santa Rosa;final;1423.281;1793.745;1423.281;353.745;296.423
6320.1;1;Santa Rosa;final;1490.8;2770.397;50.8;1330.397;76.934
6321;1;Santa Rosa;final;1351.9;1805.745;1351.9;365.745;276.171
6321.1;1;Santa Rosa;final;1463.333;2780.132;23.333;1340.132;57.911
6322;1;Santa Rosa;final;1329.553;1816.995;1329.553;376.995;257.211
6323;1;Santa Rosa;final;1273.088;1839.495;1273.088;399.495;214.144
6324;1;Santa Rosa;final;1433.333;1861.995;1433.333;421.995;297.148
6325;1;Santa Rosa;final;1481.698;1873.245;41.698;433.245;306.059
6325.1;1;Santa Rosa;final;1507.236;2830.33;67.236;1390.33;53.871
6326;1;Santa Rosa;final;1407.346;1895.745;1407.346;455.745;263.639
6327;1;Santa Rosa;final;1344.298;1760.214;1344.298;320.214;305.96
6327.1;1;Santa Rosa;final;1518.294;2714.618;78.294;1274.618;118.0
6328;1;Santa Rosa;final;1292.488;1772.214;1292.488;332.214;277.854
6329;1;Santa Rosa;final;1291.333;1784.214;1291.333;344.214;266.36
6329.1;1;Santa Rosa;final;1474.496;2720.881;34.496;1280.881;84.058
6330;1;Santa Rosa;final;1396.886;1796.214;1396.886;356.214;294.648
6330.1;1;Santa Rosa;final;1481.281;2835.881;41.281;1395.881;37.927
6331;1;Santa Rosa;final;1331.069;1808.214;1331.069;368.214;266.898
6332;1;Santa Rosa;final;1334.58;1820.214;1334.58;380.214;265.019
6332.1;1;Santa Rosa;final;1486.748;2733.342;46.748;1293.342;92.83
6333;1;Santa Rosa;final;529.919;1830.214;529.919;390.214;42.913
6334;1;Santa Rosa;final;1429.116;1890.214;1429.116;450.214;303.042
6334.1;1;Santa Rosa;final;1511.802;2859.132;71.802;1419.132;43.387
6335;1;Santa Rosa;final;1300.314;1900.214;1300.314;460.214;221.643
6336;1;Santa Rosa;final;1475.25;2350.948;35.25;910.948;188.893
6337;1;Santa Rosa;final;1508.564;2540.214;68.564;1100.214;154.191
6338;1;Santa Rosa;final;1375.715;2570.214;1375.715;1130.214;87.555
6339;1;Santa Rosa;final;1216.586;1723.138;1216.586;283.138;275.241
6339.1;1;Santa Rosa;final;1364.552;2649.881;1364.552;1209.881;70.91
6340;1;Santa Rosa;final;1318.786;1728.138;1318.786;288.138;314.656
6340.1;1;Santa Rosa;final;1382.276;2750.881;1382.276;1310.881;30.429
6341;1;Santa Rosa;final;1255.192;1733.138;1255.192;293.138;306.224
6341.1;1;Santa Rosa;final;1508.763;2606.642;68.763;1166.642;153.108
6342;1;Santa Rosa;final;1246.686;1738.138;1246.686;298.138;313.187
6343;1;Santa Rosa;final;1212.878;1743.138;1212.878;303.138;250.341
6344;1;Santa Rosa;final;1332.778;1748.138;1332.778;308.138;300.099
6345;1;Santa Rosa;final;1310.44;1753.138;1310.44;313.138;303.443
6345.1;1;Santa Rosa;final;1371.285;2719.76;1371.285;1279.76;35.796
6346;1;Santa Rosa;final;537.153;1758.138;537.153;318.138;83.342
6347;1;Santa Rosa;final;1340.631;1763.138;1340.631;323.138;300.89
6347.1;1;Santa Rosa;final;1395.29;2687.897;1395.29;1247.897;67.013
6348;1;Santa Rosa;final;1255.973;1768.138;1255.973;328.138;245.573
6349;1;Santa Rosa;final;518.314;1773.138;518.314;333.138;74.654
6350;1;Santa Rosa;final;1364.298;1778.138;1364.298;338.138;300.726
6350.1;1;Santa Rosa;final;1406.748;2708.536;1406.748;1268.536;67.833
6351;1;Santa Rosa;final;1259.571;1792.138;1259.571;352.138;266.035
6352;1;Santa Rosa;final;1195.41;1810.138;1195.41;370.138;229.298
6353;1;Santa Rosa;final;496.453;1819.138;496.453;379.138;43.215
6354;1;Santa Rosa;final;1361.403;1823.638;1361.403;383.638;298.242
6354.1;1;Santa Rosa;final;1515.156;2794.481;75.156;1354.481;70.74
6355;1;Santa Rosa;final;1215.129;1828.138;1215.129;388.138;214.905
6356;1;Santa Rosa;final;1385.93;1832.638;1385.93;392.638;301.99
6357;1;Santa Rosa;final;1246.786;1837.138;1246.786;397.138;223.998
6358;1;Santa Rosa;final;523.453;1846.138;523.453;406.138;43.215
6359;1;Santa Rosa;final;1459.168;1855.138;19.168;415.138;304.706
6360;1;Santa Rosa;final;1414.938;1864.138;1414.938;424.138;314.448
6360.1;1;Santa Rosa;final;1438.186;2794.093;1438.186;1354.093;42.156
6361;1;Santa Rosa;final;1292.174;1868.638;1292.174;428.638;225.005
6362;1;Santa Rosa;final;1310.308;1772.132;1310.308;332.132;281.824
6363;1;Santa Rosa;final;1300.19;1778.132;1300.19;338.132;309.339
6363.1;1;Santa Rosa;final;1360.002;2707.76;1360.002;1267.76;36.539
6364;1;Santa Rosa;final;1319.363;1784.132;1319.363;344.132;272.43
6365;1;Santa Rosa;final;1453.281;1790.132;13.281;350.132;312.807
6365.1;1;Santa Rosa;final;1520.8;2800.397;80.8;1360.397;76.934
6366;1;Santa Rosa;final;1488.078;1910.881;48.078;470.881;294.446
6367;1;Santa Rosa;final;1354.606;1741.327;1354.606;301.327;309.204
6368;1;Santa Rosa;final;1143.69;1756.327;1143.69;316.327;211.917
6369;1;Santa Rosa;final;1342.706;1771.327;1342.706;331.327;280.395
6370;1;Santa Rosa;final;1221.388;1820.577;1221.388;380.577;221.01
6371;1;Santa Rosa;final;533.073;1826.994;533.073;386.994;58.772
6372;1;Santa Rosa;final;1191.388;1839.827;1191.388;399.827;206.452
6373;1;Santa Rosa;final;524.604;1871.91;524.604;431.91;41.262
6374;1;Santa Rosa;final;543.421;1891.327;543.421;451.327;41.262
6375;1;Santa Rosa;final;531.021;1734.24;531.021;294.24;95.445
6376;1;Santa Rosa;final;1350.902;1741.74;1350.902;301.74;284.948
6376.1;1;Santa Rosa;final;1455.319;2781.098;15.319;1341.098;52.067
6377;1;Santa Rosa;final;1284.475;1749.24;1284.475;309.24;286.334
6378;1;Santa Rosa;final;1185.025;1756.74;1185.025;316.74;213.793
6379;1;Santa Rosa;final;1339.83;1764.24;1339.83;324.24;299.308
6379.1;1;Santa Rosa;final;1402.49;2699.862;1402.49;1259.862;69.144
6380;1;Santa Rosa;final;1314.028;1771.74;1314.028;331.74;280.527
6381;1;Santa Rosa;final;1310.556;1786.74;1310.556;346.74;280.875
6382;1;Santa Rosa;final;511.771;1800.657;511.771;360.657;60.634
6383;1;Santa Rosa;final;1173.336;1813.49;1173.336;373.49;193.847
6384;1;Santa Rosa;final;1333.203;1826.324;1333.203;386.324;280.364
6384.1;1;Santa Rosa;final;1475.479;2764.214;35.479;1324.214;63.138
6385;1;Santa Rosa;final;1286.247;1832.74;1286.247;392.74;250.297
6386;1;Santa Rosa;final;1327.49;1884.24;1327.49;444.24;258.109
6387;1;Santa Rosa;final;537.438;1444.572;537.438;4.572;163.88
6388;1;Santa Rosa;final;1253.006;1714.572;1253.006;274.572;290.676
6389;1;Santa Rosa;final;1317.523;1724.572;1317.523;284.572;307.011
6389.1;1;Santa Rosa;final;1367.488;2716.327;1367.488;1276.327;41.262
6390;1;Santa Rosa;final;1392.807;1734.572;1392.807;294.572;307.901
6390.1;1;Santa Rosa;final;1450.181;2791.163;10.181;1351.163;46.531
6391;1;Santa Rosa;final;1320.353;1744.572;1320.353;304.572;286.801
6391.1;1;Santa Rosa;final;1474.963;2750.881;34.963;1310.881;70.632
6392;1;Santa Rosa;final;1361.706;1754.572;1361.706;314.572;306.648
6392.1;1;Santa Rosa;final;1397.214;2704.572;1397.214;1264.572;64.993
6393;1;Santa Rosa;final;1199.047;1774.572;1199.047;334.572;242.757
6394;1;Santa Rosa;final;1308.84;1782.739;1308.84;342.739;281.597
6394.1;1;Santa Rosa;final;1427.214;2644.572;1427.214;1204.572;98.66
6395;1;Santa Rosa;final;1307.488;1807.239;1307.488;367.239;254.055
6396;1;Santa Rosa;final;1299.623;1815.405;1299.623;375.405;263.198
6397;1;Santa Rosa;final;1376.706;1823.572;1376.706;383.572;286.038
6398;1;Santa Rosa;final;1318.947;1831.739;1318.947;391.739;258.457
6399;1;Santa Rosa;final;1412.356;1839.905;1412.356;399.905;296.532
6400;1;Santa Rosa;final;1281.19;1848.072;1281.19;408.072;241.877
6401;1;Santa Rosa;final;1436.706;1864.572;1436.706;424.572;304.438
6402;1;Santa Rosa;final;485.469;1730.536;485.469;290.536;78.376
6403;1;Santa Rosa;final;1186.853;1754.536;1186.853;314.536;271.626
6403.1;1;Santa Rosa;final;1339.463;2617.981;1339.463;1177.981;56.287
6404;1;Santa Rosa;final;1348.591;1778.536;1348.591;338.536;296.827
6404.1;1;Santa Rosa;final;1462.869;2748.342;22.869;1308.342;80.651
6405;1;Santa Rosa;final;1335.741;1789.786;1335.741;349.786;296.827
6405.1;1;Santa Rosa;final;1496.608;2733.292;56.608;1293.292;90.36
6406;1;Santa Rosa;final;1321.548;1834.786;1321.548;394.786;286.645
6406.1;1;Santa Rosa;final;1504.746;2669.936;64.746;1229.936;128.706
6407;1;Santa Rosa;final;1273.548;1868.536;1273.548;428.536;294.394
6407.1;1;Santa Rosa;final;1424.602;2618.536;1424.602;1178.536;117.491
6408;1;Santa Rosa;final;974.824;1464.078;974.824;24.078;310.734
6408.1;1;Santa Rosa;final;1455.657;2411.163;15.657;971.163;168.265
6409;1;Santa Rosa;final;1261.979;1734.078;1261.979;294.078;271.797
6409.1;1;Santa Rosa;final;1384.731;2613.797;1384.731;1173.797;91.53
6410;1;Santa Rosa;final;1293.903;1744.078;1293.903;304.078;301.799
6410.1;1;Santa Rosa;final;1476.705;2723.881;36.705;1283.881;78.074
6411;1;Santa Rosa;final;515.403;1754.078;515.403;314.078;77.217
6412;1;Santa Rosa;final;537.586;1774.078;537.586;334.078;76.722
6413;1;Santa Rosa;final;1396.644;1784.078;1396.644;344.078;303.647
6414;1;Santa Rosa;final;1340.124;1794.078;1340.124;354.078;289.45
6414.1;1;Santa Rosa;final;1498.357;2723.15;58.357;1283.15;96.477
6415;1;Santa Rosa;final;1221.012;1801.578;1221.012;361.578;234.362
6416;1;Santa Rosa;final;1371.222;1809.078;1371.222;369.078;287.217
6417;1;Santa Rosa;final;1346.853;1816.578;1346.853;376.578;283.369
6417.1;1;Santa Rosa;final;1470.556;2774.881;30.556;1334.881;54.477
6418;1;Santa Rosa;final;1325.686;1824.078;1325.686;384.078;285.32
6419;1;Santa Rosa;final;1330.59;1831.578;1330.59;391.578;296.647
6419.1;1;Santa Rosa;final;1465.083;2714.618;25.083;1274.618;89.925
6420;1;Santa Rosa;final;1143.286;1839.078;1143.286;399.078;195.845
6421;1;Santa Rosa;final;1320.952;1861.578;1320.952;421.578;268.963
6422;1;Santa Rosa;final;1277.648;1869.078;1277.648;429.078;252.018
6423;1;Santa Rosa;final;1269.58;1884.078;1269.58;444.078;234.045
6424;1;Santa Rosa;final;1292.936;1472.737;1292.936;32.737;294.069
6424.1;1;Santa Rosa;final;1486.654;2720.881;46.654;1280.881;84.497
6425;1;Santa Rosa;final;1345.165;1742.737;1345.165;302.737;309.171
6425.1;1;Santa Rosa;final;1474.759;2724.519;34.759;1284.519;84.875
6426;1;Santa Rosa;final;505.59;1757.737;505.59;317.737;66.98
6427;1;Santa Rosa;final;1402.088;1772.737;1402.088;332.737;312.428
6427.1;1;Santa Rosa;final;1479.821;2784.24;39.821;1344.24;60.634
6428;1;Santa Rosa;final;1341.756;1787.737;1341.756;347.737;289.413
6429;1;Santa Rosa;final;1472.112;1802.737;32.112;362.737;300.899
6430;1;Santa Rosa;final;1398.317;1811.737;1398.317;371.737;290.801
6431;1;Santa Rosa;final;1412.346;1820.737;1412.346;380.737;293.639
6431.1;1;Santa Rosa;final;1526.261;2818.308;86.261;1378.308;67.844
6432;1;Santa Rosa;final;1377.29;1838.737;1377.29;398.737;300.32
6432.1;1;Santa Rosa;final;1447.426;2797.76;7.426;1357.76;39.208
6433;1;Santa Rosa;final;1446.038;1847.737;6.038;407.737;310.518
6433.1;1;Santa Rosa;final;1472.453;2828.36;32.453;1388.36;42.156
6434;1;Santa Rosa;final;1257.769;1865.737;1257.769;425.737;221.982
6435;1;Santa Rosa;final;1370.176;1874.737;1370.176;434.737;261.391
6436;1;Santa Rosa;final;1472.969;1892.737;32.969;452.737;284.595
6437;1;Santa Rosa;final;1311.802;1734.078;1311.802;294.078;306.98
6437.1;1;Santa Rosa;final;1402.226;2706.987;1402.226;1266.987;62.383
6438;1;Santa Rosa;final;1265.142;1749.078;1265.142;309.078;277.266
6439;1;Santa Rosa;final;1362.119;1764.078;1362.119;324.078;304.496
6439.1;1;Santa Rosa;final;1476.707;2759.721;36.707;1319.721;74.855
6440;1;Santa Rosa;final;1324.502;1779.078;1324.502;339.078;292.363
6440.1;1;Santa Rosa;final;1466.452;2719.837;26.452;1279.837;87.373
6441;1;Santa Rosa;final;1427.479;1794.078;1427.479;354.078;301.007
6441.1;1;Santa Rosa;final;1485.329;2813.084;45.329;1373.084;49.66
6442;1;Santa Rosa;final;1409.225;1803.078;1409.225;363.078;308.671
6442.1;1;Santa Rosa;final;1520.565;2807.737;80.565;1367.737;83.007
6443;1;Santa Rosa;final;1149.253;1821.078;1149.253;381.078;202.696
6444;1;Santa Rosa;final;1375.902;1830.078;1375.902;390.078;292.363
6444.1;1;Santa Rosa;final;1490.04;2773.055;50.04;1333.055;74.855
6445;1;Santa Rosa;final;1388.752;1839.078;1388.752;399.078;292.363
6445.1;1;Santa Rosa;final;1480.059;2792.737;40.059;1352.737;62.383
6446;1;Santa Rosa;final;1387.214;1848.078;1387.214;408.078;283.737
6447;1;Santa Rosa;final;1269.772;1866.078;1269.772;426.078;239.575
6448;1;Santa Rosa;final;1414.452;1875.078;1414.452;435.078;292.363
6448.1;1;Santa Rosa;final;1495.059;2807.737;55.059;1367.737;62.383
6449;1;Santa Rosa;final;1317.119;1721.632;1317.119;281.632;297.6
6449.1;1;Santa Rosa;final;1377.919;2673.032;1377.919;1233.032;65.549
6450;1;Santa Rosa;final;1357.706;1733.632;1357.706;293.632;302.093
6450.1;1;Santa Rosa;final;1394.154;2748.46;1394.154;1308.46;41.262
6451;1;Santa Rosa;final;1326.519;1745.632;1326.519;305.632;297.6
6451.1;1;Santa Rosa;final;1500.902;2685.882;60.902;1245.882;111.959
6452;1;Santa Rosa;final;1365.069;1853.632;1365.069;413.632;274.395
6453;1;Santa Rosa;final;1418.333;1862.632;1418.333;422.632;283.087
6453.1;1;Santa Rosa;final;1519.746;2855.132;79.746;1415.132;49.127
6454;1;Santa Rosa;final;1410.902;1871.632;1410.902;431.632;297.6
6455;1;Santa Rosa;final;529.386;1756.163;529.386;316.163;74.186
6456;1;Santa Rosa;final;1175.06;1771.163;1175.06;331.163;222.007
6457;1;Santa Rosa;final;1317.678;1786.163;1317.678;346.163;298.288
6458;1;Santa Rosa;final;1386.965;1801.163;1386.965;361.163;289.023
6459;1;Santa Rosa;final;1348.553;1735.915;1348.553;295.915;313.688
6459.1;1;Santa Rosa;final;1445.482;2777.547;5.482;1337.547;53.727
6460;1;Santa Rosa;final;1308.285;1747.915;1308.285;307.915;280.941
6460.1;1;Santa Rosa;final;1449.552;2700.14;9.552;1260.14;78.938
6461;1;Santa Rosa;final;1246.586;1759.915;1246.586;319.915;275.829
6462;1;Santa Rosa;final;1301.867;1771.915;1301.867;331.915;284.888
6463;1;Santa Rosa;final;1317.811;1783.915;1317.811;343.915;285.006
6464;1;Santa Rosa;final;1233.403;1795.915;1233.403;355.915;250.31
6465;1;Santa Rosa;final;1174.119;1813.915;1174.119;373.915;220.026
6466;1;Santa Rosa;final;1359.553;1840.915;1359.553;400.915;266.932
6466.1;1;Santa Rosa;final;1530.857;2790.881;90.857;1350.881;79.869
6467;1;Santa Rosa;final;1417.781;1849.915;1417.781;409.915;300.303
6468;1;Santa Rosa;final;1451.664;1858.915;11.664;418.915;312.755
6468.1;1;Santa Rosa;final;1510.715;2829.519;70.715;1389.519;56.599
6469;1;Santa Rosa;final;1449.814;1885.915;9.814;445.915;306.303
6470;1;Santa Rosa;final;1376.388;1794.57;1376.388;354.57;294.738
6470.1;1;Santa Rosa;final;1444.821;2755.915;4.821;1315.915;61.089
6471;1;Santa Rosa;final;1514.286;1884.57;74.286;444.57;306.643
6472;1;Santa Rosa;final;1260.736;1687.484;1260.736;247.484;308.724
6473;1;Santa Rosa;final;1209.519;1747.484;1209.519;307.484;299.357
6474;1;Santa Rosa;final;1277.174;1792.484;1277.174;352.484;267.75
6475;1;Santa Rosa;final;1243.146;1718.536;1243.146;278.536;302.819
6475.1;1;Santa Rosa;final;1327.146;2596.397;1327.146;1156.397;72.411
6476;1;Santa Rosa;final;1233.353;1730.536;1233.353;290.536;284.742
6477;1;Santa Rosa;final;1269.9;1742.536;1269.9;302.536;305.713
6477.1;1;Santa Rosa;final;1301.314;2596.445;1301.314;1156.445;64.664
6478;1;Santa Rosa;final;1276.704;1754.536;1276.704;314.536;306.275
6478.1;1;Santa Rosa;final;1423.969;2658.415;1423.969;1218.415;79.495
6479;1;Santa Rosa;final;526.815;1778.536;526.815;338.536;76.79
6480;1;Santa Rosa;final;1345.242;1748.611;1345.242;308.611;304.997
6481;1;Santa Rosa;final;1305.536;1760.611;1305.536;320.611;306.319
6482;1;Santa Rosa;final;1315.536;1772.611;1315.536;332.611;306.319
6482.1;1;Santa Rosa;final;1546.742;2727.361;106.742;1287.361;125.135
6483;1;Santa Rosa;final;1335.536;1784.611;1335.536;344.611;306.319
6484;1;Santa Rosa;final;1345.536;1796.611;1345.536;356.611;306.319
6485;1;Santa Rosa;final;1395.242;1808.611;1395.242;368.611;304.997
6485.1;1;Santa Rosa;final;1516.742;2798.103;76.742;1358.103;77.443
6486;1;Santa Rosa;final;1380.592;1818.611;1380.592;378.611;304.997
6487;1;Santa Rosa;final;1391.842;1828.611;1391.842;388.611;304.997
6487.1;1;Santa Rosa;final;1484.553;2798.611;44.553;1358.611;65.029
6488;1;Santa Rosa;final;1261.909;1838.611;1261.909;398.611;245.043
6489;1;Santa Rosa;final;1285.269;1848.611;1285.269;408.611;258.061
6490;1;Santa Rosa;final;1245.536;1858.611;1245.536;418.611;258.061
6491;1;Santa Rosa;final;1357.586;1868.611;1357.586;428.611;306.319
6492;1;Santa Rosa;final;1265.536;1878.611;1265.536;438.611;258.061
6492.1;1;Santa Rosa;final;1403.092;2670.603;1403.092;1230.603;77.443
6493;1;Santa Rosa;final;1402.586;1888.611;1402.586;448.611;306.319
6494;1;Santa Rosa;final;1275.536;1898.611;1275.536;458.611;258.061
6494.1;1;Santa Rosa;final;1504.553;2681.853;64.553;1241.853;125.712
6495;1;Santa Rosa;final;1355.536;1948.611;1355.536;508.611;258.061
6496;1;Santa Rosa;final;1444.553;1958.611;4.553;518.611;306.319
6497;1;Santa Rosa;final;1464.553;1978.611;24.553;538.611;306.319
6498;1;Santa Rosa;final;1274.369;1988.611;1274.369;548.611;209.803
6499;1;Santa Rosa;final;1369.83;1741.327;1369.83;301.327;304.587
6500;1;Santa Rosa;final;1352.488;1756.327;1352.488;316.327;310.278
6501;1;Santa Rosa;final;1292.352;1771.327;1292.352;331.327;269.296
6501.1;1;Santa Rosa;final;1429.552;2680.14;1429.552;1240.14;78.938
6502;1;Santa Rosa;final;1288.673;1786.327;1288.673;346.327;260.416
6503;1;Santa Rosa;final;1271.388;1861.327;1271.388;421.327;230.36
6504;1;Santa Rosa;final;1456.705;1881.327;16.705;441.327;297.044
6505;1;Santa Rosa;final;1443.021;1891.327;3.021;451.327;296.483
6506;1;Santa Rosa;final;1280.556;1744.348;1280.556;304.348;279.345
6507;1;Santa Rosa;final;1336.557;1759.348;1336.557;319.348;296.22
6507.1;1;Santa Rosa;final;1476.886;2731.163;36.886;1291.163;84.192
6508;1;Santa Rosa;final;1354.923;1774.348;1354.923;334.348;287.887
6509;1;Santa Rosa;final;1322.488;1809.348;1322.488;369.348;262.631
6510;1;Santa Rosa;final;1180.153;1724.618;1180.153;284.618;277.936
6510.1;1;Santa Rosa;final;1275.735;2610.881;1275.735;1170.881;42.938
6511;1;Santa Rosa;final;1353.563;1784.618;1353.563;344.618;304.97
6511.1;1;Santa Rosa;final;1483.669;2710.347;43.669;1270.347;93.414
6512;1;Santa Rosa;final;535.373;1829.618;535.373;389.618;67.97
6513;1;Santa Rosa;final;1445.753;1874.618;5.753;434.618;307.081
6514;1;Los Espinos;final;1142.149;1782.449;1142.149;342.449;252.345
6515;1;Los Espinos;final;1345.992;1802.449;1345.992;362.449;311.219
6516;1;Los Espinos;final;1327.864;1823.008;1327.864;383.008;300.704
6516.1;1;Los Espinos;final;1506.03;2740.72;66.03;1300.72;88.637
6517;1;Los Espinos;final;1378.682;1868.008;1378.682;428.008;297.164
6518;1;Los Espinos;final;1323.275;1879.258;1323.275;439.258;269.903
6519;1;Los Espinos;final;1449.147;1890.508;9.147;450.508;296.463
6520;1;Los Espinos;final;1161.225;1913.008;1161.225;473.008;211.342
6521;1;Los Espinos;final;1331.407;1757.865;1331.407;317.865;312.603
6521.1;1;Los Espinos;final;1363.283;2705.798;1363.283;1265.798;40.391
6522;1;Los Espinos;final;1318.557;1772.865;1318.557;332.865;301.123
6522.1;1;Los Espinos;final;1476.82;2752.449;36.82;1312.449;83.149
6523;1;Los Espinos;final;1328.204;1787.865;1328.204;347.865;283.197
6523.1;1;Los Espinos;final;1455.413;2712.696;15.413;1272.696;80.891
6524;1;Los Espinos;final;1276.858;1825.365;1276.858;385.365;252.448
6525;1;Los Espinos;final;1361.502;1836.615;1361.502;396.615;289.771
6526;1;Los Espinos;final;1285.008;1870.365;1285.008;430.365;256.212
6527;1;Los Espinos;final;1217.772;1748.658;1217.772;308.658;283.556
6528;1;Los Espinos;final;1322.772;1763.658;1322.772;323.658;300.948
6528.1;1;Los Espinos;final;1504.684;2737.481;64.684;1297.481;97.636
6529;1;Los Espinos;final;496.188;1778.658;496.188;338.658;59.69
6530;1;Los Espinos;final;1387.444;1793.658;1387.444;353.658;291.292
6531;1;Los Espinos;final;1294.321;1864.908;1294.321;424.908;229.912
6532;1;Los Espinos;final;1172.388;1887.408;1172.388;447.408;185.173
6533;1;Los Espinos;final;1380.728;1898.658;1380.728;458.658;245.746
6534;1;Los Espinos;final;633.434;1747.877;633.434;307.877;110.805
6535;1;Los Espinos;final;1189.494;1759.877;1189.494;319.877;228.433
6536;1;Los Espinos;final;1219.004;1771.877;1219.004;331.877;276.357
6536.1;1;Los Espinos;final;1427.754;2622.561;1427.754;1182.561;96.397
6537;1;Los Espinos;final;1192.261;1783.877;1192.261;343.877;224.91
6538;1;Los Espinos;final;1350.728;1795.877;1350.728;355.877;269.209
6539;1;Los Espinos;final;1171.721;1807.877;1171.721;367.877;205.113
6540;1;Los Espinos;final;1457.188;1852.877;17.188;412.877;290.627
6541;1;Los Espinos;final;1141.494;1864.127;1141.494;424.127;185.309
6542;1;Los Espinos;final;541.188;1875.377;541.188;435.377;39.221
6543;1;Los Espinos;final;1459.911;1886.627;19.911;446.627;272.769
6544;1;Los Espinos;final;1307.361;1897.877;1307.361;457.877;228.066
6545;1;Los Espinos;final;1286.151;1744.735;1286.151;304.735;307.1
6545.1;1;Los Espinos;final;1386.718;2676.311;1386.718;1236.311;62.301
6546;1;Los Espinos;final;1341.554;1754.735;1341.554;314.735;310.912
6546.1;1;Los Espinos;final;1457.474;2753.296;17.474;1313.296;59.314
6547;1;Los Espinos;final;1244.784;1764.735;1244.784;324.735;290.645
6547.1;1;Los Espinos;final;1565.163;2627.287;125.163;1187.287;156.933
6548;1;Los Espinos;final;1264.057;1774.735;1264.057;334.735;272.877
6548.1;1;Los Espinos;final;1513.004;2629.763;73.004;1189.763;140.243
6549;1;Los Espinos;final;1277.735;1784.735;1277.735;344.735;291.215
6550;1;Los Espinos;final;1182.074;1794.735;1182.074;354.735;262.477
6551;1;Los Espinos;final;1340.714;1804.735;1340.714;364.735;285.33
6552;1;Los Espinos;final;1161.03;1814.735;1161.03;374.735;244.032
6553;1;Los Espinos;final;1373.091;1824.735;1373.091;384.735;305.348
6554;1;Los Espinos;final;1359.056;1844.735;1359.056;404.735;301.328
6554.1;1;Los Espinos;final;1450.868;2753.041;10.868;1313.041;67.699
6555;1;Los Espinos;final;1435.127;1854.735;1435.127;414.735;313.874
6556;1;Los Espinos;final;1247.715;1864.735;1247.715;424.735;274.416
6557;1;Los Espinos;final;1396.739;1874.735;1396.739;434.735;311.76
6557.1;1;Los Espinos;final;1479.133;2793.041;39.133;1353.041;60.448
6558;1;Los Espinos;final;1386.919;1884.735;1386.919;444.735;296.923
6559;1;Los Espinos;final;1288.573;1894.735;1288.573;454.735;254.881
6560;1;Los Espinos;final;1291.571;1763.008;1291.571;323.008;300.417
6561;1;Los Espinos;final;1323.466;1773.008;1323.466;333.008;312.337
6561.1;1;Los Espinos;final;1409.373;2693.771;1409.373;1253.771;74.643
6562;1;Los Espinos;final;1183.874;1783.008;1183.874;343.008;244.725
6563;1;Los Espinos;final;1271.466;1803.008;1271.466;363.008;272.975
6564;1;Los Espinos;final;1329.173;1883.008;1329.173;443.008;279.018
6565;1;Los Espinos;final;1418.06;1893.008;1418.06;453.008;314.311
6566;1;Los Espinos;final;1365.657;1903.008;1365.657;463.008;285.551
6567;1;Los Espinos;final;1376.702;1747.466;1376.702;307.466;310.456
6567.1;1;Los Espinos;final;1488.076;2749.728;48.076;1309.728;81.295
6568;1;Los Espinos;final;1297.735;1764.599;1297.735;324.599;292.972
6569;1;Los Espinos;final;1260.386;1790.299;1260.386;350.299;288.945
6570;1;Los Espinos;final;1341.325;1807.432;1341.325;367.432;314.945
6571;1;Los Espinos;final;1144.253;1807.466;1144.253;367.466;226.348
6572;1;Los Espinos;final;1179.433;1834.466;1179.433;394.466;211.455
6573;1;Los Espinos;final;1419.041;1852.466;1419.041;412.466;314.036
6573.1;1;Los Espinos;final;1474.986;2811.161;34.986;1371.161;47.857
6574;1;Los Espinos;final;1264.163;1861.466;1264.163;421.466;252.538
6575;1;Los Espinos;final;1357.6;1897.466;1357.6;457.466;268.251
6576;1;Los Espinos;final;1333.603;1773.008;1333.603;333.008;300.081
6576.1;1;Los Espinos;final;1416.541;2712.075;1416.541;1272.075;60.551
6577;1;Los Espinos;final;1362.76;1783.008;1362.76;343.008;294.77
6578;1;Los Espinos;final;1192.253;1793.008;1192.253;353.008;240.302
6579;1;Los Espinos;final;1333.356;1803.008;1333.356;363.008;309.649
6579.1;1;Los Espinos;final;1384.774;2733.041;1384.774;1293.041;45.312
6580;1;Los Espinos;final;1399.977;1823.008;1399.977;383.008;309.074
6580.1;1;Los Espinos;final;1501.427;2791.379;61.427;1351.379;71.024
6581;1;Los Espinos;final;1348.682;1859.008;1348.682;419.008;295.148
6581.1;1;Los Espinos;final;1491.704;2722.827;51.704;1282.827;89.872
6582;1;Los Espinos;final;1386.152;1913.008;1386.152;473.008;296.988
6583;1;Los Espinos;final;1469.187;2543.008;29.187;1103.008;148.386
6584;1;Los Espinos;final;1360.838;1747.877;1360.838;307.877;288.242
6585;1;Los Espinos;final;1234.004;1759.877;1234.004;319.877;275.249
6585.1;1;Los Espinos;final;1365.084;2634.561;1365.084;1194.561;68.517
6586;1;Los Espinos;final;1286.59;1771.877;1286.59;331.877;242.081
6587;1;Los Espinos;final;1337.361;1783.877;1337.361;343.877;271.19
6588;1;Los Espinos;final;1447.444;1795.877;7.444;355.877;304.883
6589;1;Los Espinos;final;1365.728;1807.877;1365.728;367.877;267.631
6590;1;Los Espinos;final;1415.513;1820.727;1415.513;380.727;277.359
6591;1;Los Espinos;final;496.688;1833.577;496.688;393.577;37.643
6592;1;Los Espinos;final;1299.511;1859.277;1299.511;419.277;227.259
6593;1;Los Espinos;final;1189.052;1884.977;1189.052;444.977;201.349
6594;1;Los Espinos;final;1538.951;1897.877;98.951;457.877;313.845
6595;1;Los Espinos;final;1205.804;1748.658;1205.804;308.658;271.057
6595.1;1;Los Espinos;final;1466.955;2610.561;26.955;1170.561;117.792
6596;1;Los Espinos;final;1433.188;1760.658;1433.188;320.658;310.288
6596.1;1;Los Espinos;final;1487.444;2838.658;47.444;1398.658;38.308
6597;1;Los Espinos;final;1277.772;1772.658;1277.772;332.658;266.701
6598;1;Los Espinos;final;538.055;1784.658;538.055;344.658;68.084
6599;1;Los Espinos;final;1411.911;1796.658;1411.911;356.658;286.117
6600;1;Los Espinos;final;1352.361;1860.058;1352.361;420.058;246.957
6601;1;Los Espinos;final;1483.911;1872.908;43.911;432.908;289.31
6602;1;Los Espinos;final;1261.754;1747.466;1261.754;307.466;300.415
6603;1;Los Espinos;final;567.143;1762.466;567.143;322.466;81.607
6604;1;Los Espinos;final;1229.76;1807.466;1229.76;367.466;247.816
6605;1;Los Espinos;final;1342.509;1837.466;1342.509;397.466;293.841
6605.1;1;Los Espinos;final;1434.238;2666.634;1434.238;1226.634;90.75
6606;1;Los Espinos;final;518.125;1852.466;518.125;412.466;39.866
6607;1;Los Espinos;final;1238.318;1882.466;1238.318;442.466;227.314
6608;1;Los Espinos;final;1250.208;1748.108;1250.208;308.108;296.86
6608.1;1;Los Espinos;final;1451.989;2620.888;11.989;1180.888;120.034
6609;1;Los Espinos;final;1299.033;1763.108;1299.033;323.108;273.059
6609.1;1;Los Espinos;final;1541.34;2740.108;101.34;1300.108;110.206
6610;1;Los Espinos;final;1250.14;1778.108;1250.14;338.108;266.211
6611;1;Los Espinos;final;1218.539;1793.108;1218.539;353.108;277.853
6611.1;1;Los Espinos;final;1439.133;2619.041;1439.133;1179.041;110.33
6612;1;Los Espinos;final;1384.614;1808.108;1384.614;368.108;310.188
6612.1;1;Los Espinos;final;1495.127;2806.532;55.127;1366.532;58.332
6613;1;Los Espinos;final;1182.571;1868.108;1182.571;428.108;207.137
6614;1;Los Espinos;final;1352.091;1883.108;1352.091;443.108;301.454
6615;1;Los Espinos;final;1246.039;1782.232;1246.039;342.232;248.893
6616;1;Los Espinos;final;1271.621;1790.799;1271.621;350.799;259.922
6617;1;Los Espinos;final;1203.721;1771.481;1203.721;331.481;263.725
6618;1;Los Espinos;final;1350.654;1783.481;1350.654;343.481;306.741
6618.1;1;Los Espinos;final;1517.554;2753.694;77.554;1313.694;96.397
6619;1;Los Espinos;final;1307.772;1795.481;1307.772;355.481;293.213
6619.1;1;Los Espinos;final;1399.804;2722.481;1399.804;1282.481;48.186
6620;1;Los Espinos;final;1402.054;1807.481;1402.054;367.481;306.741
6621;1;Los Espinos;final;1262.618;1817.481;1262.618;377.481;273.785
6622;1;Los Espinos;final;1294.738;1887.481;1294.738;447.481;246.516
6623;1;Los Espinos;final;1380.534;1897.481;1380.534;457.481;278.861
6624;1;Los Espinos;final;1220.672;1476.561;1220.672;36.561;290.189
6624.1;1;Los Espinos;final;1500.421;2632.481;60.421;1192.481;125.516
6625;1;Los Espinos;final;1273.121;1746.561;1273.121;306.561;294.544
6625.1;1;Los Espinos;final;1492.939;2676.561;52.939;1236.561;108.964
6626;1;Los Espinos;final;1249.121;1756.561;1249.121;316.561;277.622
6626.1;1;Los Espinos;final;1481.188;2657.811;41.188;1217.811;116.213
6627;1;Los Espinos;final;1336.555;1766.561;1336.555;326.561;307.111
6628;1;Los Espinos;final;1297.121;1786.561;1297.121;346.561;294.544
6628.1;1;Los Espinos;final;1464.071;2706.561;24.071;1266.561;79.476
6629;1;Los Espinos;final;1309.121;1796.561;1309.121;356.561;294.544
6629.1;1;Los Espinos;final;1375.838;2722.877;1375.838;1282.877;39.221
6630;1;Los Espinos;final;508.055;1806.561;508.055;366.561;48.555
6631;1;Los Espinos;final;1414.754;1886.561;1414.754;446.561;311.466
6631.1;1;Los Espinos;final;1521.817;2822.228;81.817;1382.228;68.517
6632;1;Los Espinos;final;543.829;1446.391;543.829;6.391;131.5
6633;1;Los Espinos;final;1310.665;1716.391;1310.665;276.391;289.841
6634;1;Los Espinos;final;1251.227;1726.391;1251.227;286.391;313.01
6634.1;1;Los Espinos;final;1278.918;2610.564;1278.918;1170.564;51.618
6635;1;Los Espinos;final;1261.227;1736.391;1261.227;296.391;313.01
6635.1;1;Los Espinos;final;1476.718;2604.391;36.718;1164.391;124.29
6636;1;Los Espinos;final;1271.227;1746.391;1271.227;306.391;313.01
6636.1;1;Los Espinos;final;1378.752;2616.391;1378.752;1176.391;87.779
6637;1;Los Espinos;final;1281.227;1756.391;1281.227;316.391;313.01
6638;1;Los Espinos;final;1193.925;1766.391;1193.925;326.391;273.888
6638.1;1;Los Espinos;final;1442.402;2633.008;2.402;1193.008;102.227
6639;1;Los Espinos;final;513.829;1776.391;513.829;336.391;65.049
6640;1;Los Espinos;final;1378.636;1786.391;1378.636;346.391;305.619
6641;1;Los Espinos;final;533.829;1796.391;533.829;356.391;65.049
6642;1;Los Espinos;final;1149.627;1836.391;1149.627;396.391;229.445
6643;1;Los Espinos;final;1288.557;1856.391;1288.557;416.391;170.188
6644;1;Los Espinos;final;1359.477;1866.391;1359.477;426.391;313.015
6645;1;Los Espinos;final;1343.902;1876.391;1343.902;436.391;299.603
6645.1;1;Los Espinos;final;1458.919;2719.678;18.919;1279.678;77.61
6646;1;Los Espinos;final;1081.77;1411.379;1081.77;1411.379;304.052
6646.1;1;Los Espinos;final;1527.922;2501.63;87.922;1061.63;157.394
6647;1;Los Espinos;final;1101.631;1441.379;1101.631;1.379;314.483
6647.1;1;Los Espinos;final;1287.475;2431.487;1287.475;991.487;95.343
6648;1;Los Espinos;final;1206.348;1771.379;1206.348;331.379;285.048
6649;1;Los Espinos;final;1332.484;1786.379;1332.484;346.379;295.124
6649.1;1;Los Espinos;final;1518.755;2727.203;78.755;1287.203;102.331
6650;1;Los Espinos;final;1231.427;1800.428;1231.427;360.428;270.363
6650.1;1;Los Espinos;final;1340.627;2575.753;1340.627;1135.753;92.765
6651;1;El Conquistador;final;1470.959;1443.575;30.959;3.575;283.284
6652;1;El Conquistador;final;1260.863;1713.575;1260.863;273.575;308.857
6652.1;1;El Conquistador;final;1404.013;2597.125;1404.013;1157.125;103.775
6653;1;El Conquistador;final;1225.349;1725.575;1225.349;285.575;138.307
6654;1;El Conquistador;final;1340.885;1737.575;1340.885;297.575;292.735
6654.1;1;El Conquistador;final;1490.706;2764.995;50.706;1324.995;76.534
6655;1;El Conquistador;final;1261.905;1749.575;1261.905;309.575;293.679
6656;1;El Conquistador;final;1295.951;1761.575;1295.951;321.575;308.121
6657;1;El Conquistador;final;1209.62;1773.575;1209.62;333.575;196.391
6658;1;El Conquistador;final;1367.686;1796.075;1367.686;356.075;296.062
6659;1;El Conquistador;final;1161.534;1807.325;1161.534;367.325;261.943
6659.1;1;El Conquistador;final;1515.494;2549.874;75.494;1109.874;179.904
6660;1;El Conquistador;final;1349.901;1829.825;1349.901;389.825;283.778
6660.1;1;El Conquistador;final;1472.418;2753.286;32.418;1313.286;73.038
6661;1;El Conquistador;final;1342.584;1841.075;1342.584;401.075;294.706
6661.1;1;El Conquistador;final;1518.334;2728.751;78.334;1288.751;106.655
6662;1;El Conquistador;final;1342.665;1852.325;1342.665;412.325;291.459
6663;1;El Conquistador;final;1316.109;1766.001;1316.109;326.001;305.765
6664;1;El Conquistador;final;1047.067;1435.706;1047.067;1435.706;285.154
6664.1;1;El Conquistador;final;1519.359;2468.699;79.359;1028.699;190.477
6665;1;El Conquistador;final;1161.976;1570.706;1161.976;130.706;314.044
6665.1;1;El Conquistador;final;1365.426;2485.639;1365.426;1045.639;120.081
6666;1;El Conquistador;final;1281.393;1705.706;1281.393;265.706;309.352
6667;1;El Conquistador;final;1350.118;1714.272;1350.118;274.272;268.825
6668;1;El Conquistador;final;1092.202;1722.839;1092.202;282.839;253.887
6668.1;1;El Conquistador;final;1361.659;2488.109;1361.659;1048.109;119.399
6669;1;El Conquistador;final;1216.301;1731.406;1216.301;291.406;269.923
6669.1;1;El Conquistador;final;1523.776;2642.033;83.776;1202.033;129.871
6670;1;El Conquistador;final;1270.801;1739.972;1270.801;299.972;314.696
6670.1;1;El Conquistador;final;1397.959;2689.116;1397.959;1249.116;63.269
6671;1;El Conquistador;final;1212.334;1748.539;1212.334;308.539;285.744
6671.1;1;El Conquistador;final;1463.989;2648.798;23.989;1208.798;107.429
6672;1;El Conquistador;final;1222.352;1757.106;1222.352;317.106;272.478
6673;1;El Conquistador;final;1232.546;1765.672;1232.546;325.672;255.694
6674;1;El Conquistador;final;1355.613;1765.706;1355.613;325.706;308.585
6674.1;1;El Conquistador;final;1528.646;2682.11;88.646;1242.11;127.63
6675;1;El Conquistador;final;1168.643;1772.622;1168.643;332.622;252.124
6676;1;El Conquistador;final;1253.117;1779.539;1253.117;339.539;297.644
6676.1;1;El Conquistador;final;1334.467;2670.366;1334.467;1230.366;38.742
6677;1;El Conquistador;final;520.567;1786.456;520.567;346.456;67.03
6678;1;El Conquistador;final;1216.052;1793.372;1216.052;353.372;281.524
6678.1;1;El Conquistador;final;1476.688;2601.413;36.688;1161.413;125.505
6679;1;El Conquistador;final;1302.13;1800.289;1302.13;360.289;298.54
6680;1;El Conquistador;final;1357.926;1814.122;1357.926;374.122;302.417
6681;1;El Conquistador;final;1314.401;1821.039;1314.401;381.039;285.029
6681.1;1;El Conquistador;final;1451.543;2734.116;11.543;1294.116;66.965
6682;1;El Conquistador;final;1383.678;1834.872;1383.678;394.872;309.459
6683;1;El Conquistador;final;1333.234;1841.789;1333.234;401.789;295.406
6683.1;1;El Conquistador;final;1485.067;2739.077;45.067;1299.077;86.246
6684;1;El Conquistador;final;1341.267;1848.706;1341.267;408.706;303.92
6684.1;1;El Conquistador;final;1490.417;2762.499;50.417;1322.499;77.461
6685;1;El Conquistador;final;1386.369;1855.622;1386.369;415.622;299.753
6686;1;El Conquistador;final;1210.284;1855.706;1210.284;415.706;259.181
6686.1;1;El Conquistador;final;1367.059;2635.366;1367.059;1195.366;66.965
6687;1;El Conquistador;final;1570.759;2365.706;130.759;925.706;254.682
6688;1;El Conquistador;final;1354.978;2468.506;1354.978;1028.506;122.247
6689;1;El Conquistador;final;1386.101;2485.706;1386.101;1045.706;131.973
6690;1;El Conquistador;final;1282.926;1755.366;1282.926;315.366;311.689
6690.1;1;El Conquistador;final;1450.826;2605.639;10.826;1165.639;121.476
6691;1;El Conquistador;final;1177.349;1775.366;1177.349;335.366;251.025
6692;1;El Conquistador;final;1267.059;1795.366;1267.059;355.366;290.32
6693;1;El Conquistador;final;1380.886;1815.366;1380.886;375.366;314.65
6693.1;1;El Conquistador;final;1460.886;2769.035;20.886;1329.035;53.956
6694;1;El Conquistador;final;1240.536;1825.366;1240.536;385.366;250.455
6695;1;El Conquistador;final;1268.643;1835.366;1268.643;395.366;252.009
6696;1;El Conquistador;final;1402.707;1905.366;1402.707;465.366;302.446
6696.1;1;El Conquistador;final;1468.344;2825.366;28.344;1385.366;37.551
6697;1;El Conquistador;final;1358.022;1801.857;1358.022;361.857;169.201
6698;1;El Conquistador;final;1380.362;1816.857;1380.362;376.857;280.993
6698.1;1;El Conquistador;final;1495.651;2784.134;55.651;1344.134;74.739
6699;1;El Conquistador;final;1264.812;1824.357;1264.812;384.357;263.212
6700;1;El Conquistador;final;1434.546;1831.857;1434.546;391.857;299.892
6700.1;1;El Conquistador;final;1547.051;2835.534;107.051;1395.534;74.739
6701;1;El Conquistador;final;1328.923;1839.357;1328.923;399.357;283.117
6701.1;1;El Conquistador;final;1568.746;2717.074;128.746;1277.074;129.123
6702;1;El Conquistador;final;1093.519;1439.376;1093.519;1439.376;291.217
6703;1;El Conquistador;final;1207.109;1709.376;1207.109;269.376;280.906
6704;1;El Conquistador;final;1275.129;1719.376;1275.129;279.376;295.213
6705;1;El Conquistador;final;1233.321;1729.376;1233.321;289.376;287.322
6705.1;1;El Conquistador;final;1312.849;2644.866;1312.849;1204.866;43.159
6706;1;El Conquistador;final;1294.357;1739.376;1294.357;299.376;308.056
6706.1;1;El Conquistador;final;1330.619;2669.993;1330.619;1229.993;44.969
6707;1;El Conquistador;final;1169.092;1749.376;1169.092;309.376;231.352
6708;1;El Conquistador;final;1369.99;1759.376;1369.99;319.376;313.575
6708.1;1;El Conquistador;final;1473.847;2758.974;33.847;1318.974;68.669
6709;1;El Conquistador;final;1268.888;1769.376;1268.888;329.376;272.689
6710;1;El Conquistador;final;1314.488;1778.376;1314.488;338.376;281.481
6710.1;1;El Conquistador;final;1476.554;2730.498;36.554;1290.498;82.686
6711;1;El Conquistador;final;1297.663;1787.376;1297.663;347.376;289.759
6712;1;El Conquistador;final;1335.583;1805.376;1335.583;365.376;309.695
6712.1;1;El Conquistador;final;1416.48;2728.974;1416.48;1288.974;56.263
6713;1;El Conquistador;final;1346.771;1823.376;1346.771;383.376;277.208
6713.1;1;El Conquistador;final;1496.554;2758.881;56.554;1318.881;82.686
6714;1;El Conquistador;final;1374.183;1832.376;1374.183;392.376;312.133
6715;1;El Conquistador;final;1401.149;1841.376;1401.149;401.376;304.456
6715.1;1;El Conquistador;final;1493.316;2785.652;53.316;1345.652;70.84
6716;1;El Conquistador;final;1365.888;1850.376;1365.888;410.376;287.322
6716.1;1;El Conquistador;final;1484.328;2776.014;44.328;1336.014;69.332
6717;1;El Conquistador;final;1273.974;1859.376;1273.974;419.376;265.64
6718;1;El Conquistador;final;1397.539;1869.376;1397.539;429.376;297.764
6718.1;1;El Conquistador;final;1481.595;2778.118;41.595;1338.118;74.465
6719;1;El Conquistador;final;1266.183;2461.543;1266.183;1021.543;96.235
6720;1;El Conquistador;final;1286.183;2479.976;1286.183;1039.976;96.235
6721;1;El Conquistador;final;1317.769;2489.376;1317.769;1049.376;105.149
6722;1;El Conquistador;intermedia;882.037;894.0;882.037;894.0;267.955
6722;2;El Conquistador;final;1085.688;1421.748;1085.688;1421.748;73.406
6722.1;1;El Conquistador;final;1200.745;2405.408;1200.745;965.408;90.031
6723;1;El Conquistador;final;999.065;1451.748;999.065;11.748;301.837
6723.1;1;El Conquistador;final;1355.215;2396.685;1355.215;956.685;145.527
6724;1;El Conquistador;final;1209.516;1771.748;1209.516;331.748;258.495
6725;1;El Conquistador;final;1280.536;1791.748;1280.536;351.748;298.297
6726;1;El Conquistador;final;1275.486;1821.748;1275.486;381.748;257.651
6727;1;El Conquistador;final;1344.519;1831.748;1344.519;391.748;291.139
6728;1;Los Espinos;final;470.751;1782.564;470.751;342.564;51.618
6729;1;Los Espinos;final;1321.719;1790.064;1321.719;350.064;314.533
6730;1;Los Espinos;final;485.751;1797.564;485.751;357.564;51.618
6731;1;Los Espinos;final;493.251;1805.064;493.251;365.064;51.618
6732;1;Los Espinos;final;508.251;1820.064;508.251;380.064;51.618
6733;1;Los Espinos;final;515.751;1827.564;515.751;387.564;51.618
6734;1;Los Espinos;final;530.751;1842.564;530.751;402.564;51.618
6735;1;Los Espinos;final;553.251;1865.064;553.251;425.064;51.618
6736;1;Los Espinos;final;1250.665;1902.564;1250.665;462.564;128.134
6737;1;Los Espinos;final;500.751;1788.715;500.751;348.715;60.8
6738;1;Los Espinos;final;563.829;1799.965;563.829;359.965;74.162
6739;1;Los Espinos;final;523.251;1782.938;523.251;342.938;69.95
6740;1;Los Espinos;final;538.251;1792.938;538.251;352.938;69.95
6741;1;Los Espinos;final;545.751;1802.938;545.751;362.938;69.95
6742;1;Los Espinos;final;472.135;1812.938;472.135;372.938;44.851
6743;1;Los Espinos;final;482.135;1822.938;482.135;382.938;44.851
6744;1;Los Espinos;final;1281.218;1832.938;1281.218;392.938;296.264
6744.1;1;Los Espinos;final;1400.811;2638.258;1400.811;1198.258;90.526
6745;1;Los Espinos;final;1215.681;1842.938;1215.681;402.938;254.528
6746;1;Los Espinos;final;1296.386;1852.938;1296.386;412.938;135.01
6747;1;Los Espinos;final;522.135;1862.938;522.135;422.938;44.851
6748;1;Los Espinos;final;531.601;1872.938;531.601;432.938;44.851
6749;1;Los Espinos;final;561.601;1902.938;561.601;462.938;44.851
6750;1;Los Espinos;final;1206.539;1441.487;1206.539;1.487;314.48
6750.1;1;Los Espinos;final;1345.339;2607.041;1345.339;1167.041;71.883
6751;1;Los Espinos;final;1246.816;1576.487;1246.816;136.487;308.856
6751.1;1;Los Espinos;final;1516.839;2621.763;76.839;1181.763;133.609
6752;1;Los Espinos;final;1229.476;1711.487;1229.476;271.487;310.002
6752.1;1;Los Espinos;final;1377.397;2563.387;1377.397;1123.387;108.685
6753;1;Los Espinos;final;1221.299;1723.487;1221.299;283.487;289.05
6753.1;1;Los Espinos;final;1454.668;2624.051;14.668;1184.051;102.415
6754;1;Los Espinos;final;1308.275;1735.487;1308.275;295.487;299.243
6754.1;1;Los Espinos;final;1383.921;2752.958;1383.921;1312.958;35.676
6755;1;Los Espinos;final;1353.153;1747.487;1353.153;307.487;310.648
6756;1;Los Espinos;final;1276.575;1759.487;1276.575;319.487;298.435
6757;1;Los Espinos;final;1348.557;1771.487;1348.557;331.487;309.665
6757.1;1;Los Espinos;final;1453.083;2786.277;13.083;1346.277;46.295
6758;1;Los Espinos;final;1323.292;1816.487;1323.292;376.487;290.831
6759;1;Los Espinos;final;1341.057;1838.987;1341.057;398.987;279.927
6760;1;Los Espinos;final;1348.069;1763.008;1348.069;323.008;293.379
6761;1;Los Espinos;final;1358.59;1778.008;1358.59;338.008;267.586
6762;1;Los Espinos;final;1249.008;1793.008;1249.008;353.008;255.193
6763;1;Los Espinos;final;1401.345;1823.008;1401.345;383.008;311.249
6763.1;1;Los Espinos;final;1498.135;2823.717;58.135;1383.717;50.681
6764;1;Los Espinos;final;1365.258;1845.508;1365.258;405.508;314.704
6764.1;1;Los Espinos;final;1455.642;2798.008;15.642;1358.008;49.928
6765;1;Los Espinos;final;1325.802;1856.758;1325.802;416.758;278.139
6766;1;Los Espinos;final;1427.39;1890.508;1427.39;450.508;312.673
6767;1;Los Espinos;final;1305.413;2495.008;1305.413;1055.008;91.279
6768;1;Los Espinos;final;1443.841;2519.008;3.841;1079.008;145.599
6769;1;Los Espinos;final;1232.114;2531.008;1232.114;1091.008;53.419
6770;1;Los Espinos;final;1509.402;2543.008;69.402;1103.008;169.626
6771;1;El Conquistador;final;1291.957;1713.575;1291.957;273.575;308.868
6771.1;1;El Conquistador;final;1476.48;2661.443;36.48;1221.443;97.437
6772;1;El Conquistador;final;1167.312;1728.575;1167.312;288.575;269.261
6773;1;El Conquistador;final;1391.563;1743.575;1391.563;303.575;314.228
6774;1;El Conquistador;final;1201.349;1773.575;1201.349;333.575;104.967
6775;1;El Conquistador;final;1266.395;1796.075;1266.395;356.075;254.663
6776;1;El Conquistador;final;1270.234;1818.575;1270.234;378.575;252.501
6777;1;El Conquistador;final;1242.947;1829.825;1242.947;389.825;258.027
6778;1;El Conquistador;final;1111.845;1841.075;1111.845;401.075;195.616
6779;1;El Conquistador;final;1390.484;1852.325;1390.484;412.325;288.278
6779.1;1;El Conquistador;final;1450.222;2786.3;10.222;1346.3;51.917
6780;1;El Conquistador;final;1242.397;2223.575;1242.397;783.575;150.149
6781;1;El Conquistador;final;502.034;1758.974;502.034;318.974;68.163
6782;1;El Conquistador;final;1434.021;1778.974;1434.021;338.974;305.913
6782.1;1;El Conquistador;final;1495.207;2846.748;55.207;1406.748;40.292
6783;1;El Conquistador;final;1321.175;1798.974;1321.175;358.974;295.49
6783.1;1;El Conquistador;final;1485.225;2715.284;45.225;1275.284;96.174
6784;1;El Conquistador;final;1297.905;1810.224;1297.905;370.224;269.901
6784.1;1;El Conquistador;final;1397.129;2681.718;1397.129;1241.718;74.465
6785;1;El Conquistador;final;1314.247;1821.474;1314.247;381.474;273.784
6786;1;El Conquistador;final;1196.255;1888.974;1196.255;448.974;101.825
6787;1;El Conquistador;final;1269.468;1740.652;1269.468;300.652;294.271
6787.1;1;El Conquistador;final;1483.919;2683.616;43.919;1243.616;106.245
6788;1;El Conquistador;final;1280.368;1745.652;1280.368;305.652;294.271
6788.1;1;El Conquistador;final;1354.833;2696.449;1354.833;1256.449;43.159
6789;1;El Conquistador;final;1292.069;1760.652;1292.069;320.652;297.755
6790;1;El Conquistador;final;1279.718;1765.652;1279.718;325.652;282.211
6790.1;1;El Conquistador;final;1473.811;2687.415;33.811;1247.415;101.163
6791;1;El Conquistador;final;1192.536;1770.652;1192.536;330.652;255.729
6792;1;El Conquistador;final;1298.868;1775.652;1298.868;335.652;294.271
6792.1;1;El Conquistador;final;1380.499;2722.116;1380.499;1282.116;43.159
6793;1;El Conquistador;final;1279.516;1785.652;1279.516;345.652;280.968
6794;1;El Conquistador;final;1185.595;1790.652;1185.595;350.652;267.956
6795;1;El Conquistador;final;1299.516;1799.402;1299.516;359.402;280.968
6796;1;El Conquistador;final;1315.318;1806.902;1315.318;366.902;282.211
6796.1;1;El Conquistador;final;1417.513;2718.152;1417.513;1278.152;61.138
6797;1;El Conquistador;final;1350.268;1814.402;1350.268;374.402;294.271
6797.1;1;El Conquistador;final;1480.149;2759.966;40.149;1319.966;75.216
6798;1;El Conquistador;final;1309.916;1825.652;1309.916;385.652;280.968
6799;1;El Conquistador;final;1357.795;1836.902;1357.795;396.902;297.759
6799.1;1;El Conquistador;final;1532.995;2791.455;92.995;1351.455;89.888
6800;1;El Conquistador;final;1323.013;1840.652;1323.013;400.652;270.311
6801;1;El Conquistador;final;1242.312;1763.532;1242.312;323.532;265.289
6802;1;El Conquistador;final;1311.463;1775.532;1311.463;335.532;300.458
6803;1;El Conquistador;final;1225.595;1787.532;1225.595;347.532;258.487
6804;1;El Conquistador;final;1151.845;1799.532;1151.845;359.532;228.052
6805;1;El Conquistador;final;1065.885;1405.652;1065.885;1405.652;298.782
6805.1;1;El Conquistador;final;1389.972;2493.465;1389.972;1053.465;114.673
6806;1;El Conquistador;final;1062.851;1435.652;1062.851;1435.652;310.628
6806.1;1;El Conquistador;final;1159.383;2490.282;1159.383;1050.282;43.159
6807;1;El Conquistador;intermedia;820.468;854.0;820.468;854.0;307.581
6807;2;El Conquistador;final;1167.851;1415.785;1167.851;1415.785;98.488
6807.1;1;El Conquistador;final;1456.449;2578.199;16.449;1138.199;127.21
6808;1;El Conquistador;intermedia;836.838;851.0;836.838;851.0;259.991
6808;2;El Conquistador;final;1077.388;1445.785;1077.388;5.785;82.686
6808.1;1;El Conquistador;final;1481.003;2507.748;41.003;1067.748;154.863
6809;1;El Conquistador;intermedia;915.934;929.0;915.934;929.0;290.862
6809;2;El Conquistador;final;1103.146;1475.785;1103.146;35.785;62.28
6809.1;1;El Conquistador;final;1379.08;2545.845;1379.08;1105.845;114.062
6810;1;El Conquistador;final;1363.948;1798.422;1363.948;358.422;307.31
6811;1;El Conquistador;final;1075.951;1443.575;1075.951;3.575;277.492
6811.1;1;El Conquistador;final;1322.539;2490.152;1322.539;1050.152;106.171
6812;1;El Conquistador;final;1358.044;1520.709;1358.044;80.709;225.529
6813;1;El Conquistador;final;1553.229;1559.275;113.229;119.275;285.069
6814;1;El Conquistador;final;1365.792;1597.842;1365.792;157.842;202.263
6815;1;El Conquistador;final;1292.913;1636.409;1292.913;196.409;184.425
6816;1;El Conquistador;final;1229.949;1674.975;1229.949;234.975;311.815
6816.1;1;El Conquistador;final;1451.716;2623.284;11.716;1183.284;117.906
6817;1;El Conquistador;final;1273.349;1713.542;1273.349;273.542;303.585
6818;1;El Conquistador;final;1268.818;1713.575;1268.818;273.575;300.625
6818.1;1;El Conquistador;final;1514.963;2668.652;74.963;1228.652;122.762
6819;1;El Conquistador;final;1274.579;1717.092;1274.579;277.092;309.891
6819.1;1;El Conquistador;final;1374.629;2659.218;1374.629;1219.218;74.465
6820;1;El Conquistador;final;1178.93;1720.609;1178.93;280.609;292.742
6821;1;El Conquistador;final;1248.571;1724.125;1248.571;284.125;297.15
6822;1;El Conquistador;final;1183.359;1727.642;1183.359;287.642;278.796
6822.1;1;El Conquistador;final;1534.463;2577.784;94.463;1137.784;156.909
6823;1;El Conquistador;final;1146.165;1731.159;1146.165;291.159;286.648
6824;1;El Conquistador;final;1254.079;1734.675;1254.079;294.675;300.581
6824.1;1;El Conquistador;final;1450.02;2638.495;10.02;1198.495;119.087
6825;1;El Conquistador;final;1503.989;1741.709;63.989;301.709;242.283
6826;1;El Conquistador;final;1288.172;1745.225;1288.172;305.225;299.659
6826.1;1;El Conquistador;final;1490.222;2672.718;50.222;1232.718;110.232
6827;1;El Conquistador;final;1206.875;1748.742;1206.875;308.742;279.585
6827.1;1;El Conquistador;final;1452.384;2591.105;12.384;1151.105;113.868
6828;1;El Conquistador;final;1272.509;1752.259;1272.509;312.259;177.025
6829;1;El Conquistador;final;1165.595;1755.775;1165.595;315.775;248.664
6830;1;El Conquistador;final;1225.218;1759.292;1225.218;319.292;296.004
6830.1;1;El Conquistador;final;1381.003;2626.152;1381.003;1186.152;76.207
6831;1;El Conquistador;final;1283.863;1762.809;1283.863;322.809;295.54
6832;1;El Conquistador;final;1230.484;1766.325;1230.484;326.325;279.432
6832.1;1;El Conquistador;final;1354.152;2661.455;1354.152;1221.455;55.236
6833;1;El Conquistador;final;1343.663;1769.842;1343.663;329.842;310.79
6834;1;El Conquistador;final;498.284;1773.575;498.284;333.575;61.735
6835;1;El Conquistador;final;505.784;1781.075;505.784;341.075;61.735
6836;1;El Conquistador;final;1274.968;1784.825;1274.968;344.825;290.053
6836.1;1;El Conquistador;final;1510.501;2678.28;70.501;1238.28;117.975
6837;1;El Conquistador;final;513.284;1788.575;513.284;348.575;61.735
6838;1;El Conquistador;final;1277.68;1796.075;1277.68;356.075;286.548
6838.1;1;El Conquistador;final;1391.93;2689.553;1391.93;1249.553;63.713
6839;1;El Conquistador;final;1304.783;1807.325;1304.783;367.325;273.441
6839.1;1;El Conquistador;final;1491.359;2706.001;51.359;1266.001;98.97
6840;1;El Conquistador;final;1255.697;1814.825;1255.697;374.825;93.924
6841;1;El Conquistador;final;1245.129;1822.325;1245.129;382.325;277.959
6842;1;El Conquistador;final;1352.466;1837.325;1352.466;397.325;272.787
6843;1;El Conquistador;final;1374.975;1841.075;1374.975;401.075;310.496
6844;1;El Conquistador;final;1300.374;1852.325;1300.374;412.325;267.194
6845;1;El Conquistador;final;1317.868;1863.575;1317.868;423.575;281.032
6845.1;1;El Conquistador;final;1426.513;2727.152;1426.513;1287.152;61.138
6846;1;El Conquistador;final;1366.989;1953.575;1366.989;513.575;260.969
6847;1;El Conquistador;final;1213.755;2373.575;1213.755;933.575;94.004
6848;1;El Conquistador;final;1254.247;2423.575;1254.247;983.575;104.171
6849;1;El Conquistador;final;1318.068;1829.819;1318.068;389.819;283.371
6849.1;1;El Conquistador;final;1444.102;2751.405;4.102;1311.405;55.236
6850;1;El Conquistador;final;1302.263;1886.619;1302.263;446.619;290.126
6851;1;El Conquistador;final;1202.93;1896.086;1202.93;456.086;207.706
6852;1;El Conquistador;final;1274.079;1896.152;1274.079;456.152;240.968
6853;1;El Conquistador;final;1125.743;1773.575;1125.743;333.575;313.486
6853.1;1;El Conquistador;final;1476.745;2543.87;36.745;1103.87;155.402
6854;1;El Conquistador;final;1303.121;1788.575;1303.121;348.575;265.301
6855;1;El Conquistador;final;1208.255;1818.575;1208.255;378.575;132.294
6856;1;El Conquistador;final;1379.388;1863.575;1379.388;423.575;184.698
6857;1;El Conquistador;final;1230.784;1713.575;1230.784;273.575;283.617
6858;1;El Conquistador;final;1236.118;1733.575;1236.118;293.575;284.266
6858.1;1;El Conquistador;final;1358.607;2636.552;1358.607;1196.552;64.028
6859;1;El Conquistador;final;1189.349;1753.575;1189.349;313.575;263.921
6860;1;El Conquistador;final;499.934;1773.575;499.934;333.575;62.601
6861;1;El Conquistador;final;513.768;1787.409;513.768;347.409;62.601
6862;1;El Conquistador;final;527.601;1801.242;527.601;361.242;62.601
6863;1;El Conquistador;final;1378.584;1808.159;1378.584;368.159;290.708
6863.1;1;El Conquistador;final;1503.556;2763.018;63.556;1323.018;81.141
6864;1;El Conquistador;final;1214.93;1815.075;1214.93;375.075;259.289
6865;1;El Conquistador;final;1287.997;1863.575;1287.997;423.575;249.415
6866;1;El Conquistador;final;1512.53;2413.575;72.53;973.575;212.915
6867;1;El Conquistador;final;1436.554;1884.902;1436.554;444.902;302.777
6867.1;1;El Conquistador;final;1569.995;2861.681;129.995;1421.681;69.332
6868;1;El Conquistador;final;1353.915;1896.152;1353.915;456.152;259.442
6869;1;El Conquistador;final;1072.811;1705.706;1072.811;265.706;253.772
6869.1;1;El Conquistador;final;1534.6;2460.459;94.6;1020.459;193.32
6870;1;El Conquistador;final;1220.878;1714.272;1220.878;274.272;285.105
6870.1;1;El Conquistador;final;1443.493;2599.943;3.493;1159.943;119.039
6871;1;El Conquistador;final;1259.107;1722.839;1259.107;282.839;310.3
6871.1;1;El Conquistador;final;1529.159;2677.156;89.159;1237.156;136.889
6872;1;El Conquistador;final;1286.278;1731.406;1286.278;291.406;298.5
6872.1;1;El Conquistador;final;1507.478;2665.943;67.478;1225.943;124.589
6873;1;El Conquistador;final;1170.08;1748.539;1170.08;308.539;280.436
6874;1;El Conquistador;final;1272.533;1757.106;1272.533;317.106;294.175
6874.1;1;El Conquistador;final;1379.799;2647.993;1379.799;1207.993;73.414
6875;1;El Conquistador;final;1307.046;1765.672;1307.046;325.672;308.397
6876;1;El Conquistador;final;1280.828;1765.706;1280.828;325.706;292.625
6877;1;El Conquistador;final;508.751;1772.122;508.751;332.122;65.37
6878;1;El Conquistador;final;1377.568;1778.539;1377.568;338.539;307.891
6878.1;1;El Conquistador;final;1492.418;2778.986;52.418;1338.986;73.038
6879;1;El Conquistador;final;1320.426;1804.206;1320.426;364.206;309.291
6879.1;1;El Conquistador;final;1470.443;2644.256;30.443;1204.256;120.081
6880;1;El Conquistador;final;1189.551;1810.622;1189.551;370.622;262.877
6880.1;1;El Conquistador;final;1521.019;2610.366;81.019;1170.366;145.081
6881;1;El Conquistador;final;1270.251;1823.456;1270.251;383.456;264.936
6882;1;El Conquistador;final;1266.607;1829.872;1266.607;389.872;263.563
6883;1;El Conquistador;final;1246.772;1836.289;1246.772;396.289;284.34
6883.1;1;El Conquistador;final;1384.043;2666.616;1384.043;1226.616;66.965
6884;1;El Conquistador;final;1269.094;1842.706;1269.094;402.706;240.016
6885;1;El Conquistador;final;1372.793;1849.122;1372.793;409.122;311.592
6886;1;El Conquistador;final;1276.44;1855.539;1276.44;415.539;260.945
6887;1;El Conquistador;final;1406.178;1855.706;1406.178;415.706;306.404
6887.1;1;El Conquistador;final;1453.857;2797.656;13.857;1357.656;49.321
6888;1;El Conquistador;final;1318.869;2380.706;1318.869;940.706;146.658
6889;1;El Conquistador;final;1461.901;2403.206;21.901;963.206;192.579
6890;1;El Conquistador;final;1343.297;2425.706;1343.297;985.706;130.542
6891;1;El Conquistador;final;1342.926;2470.706;1342.926;1030.706;117.78
6892;1;El Conquistador;final;1353.726;2485.706;1353.726;1045.706;121.476
6893;1;El Conquistador;final;1216.757;1755.366;1216.757;315.366;288.433
6893.1;1;El Conquistador;final;1378.395;2643.748;1378.395;1203.748;69.332
6894;1;El Conquistador;final;1270.738;1775.366;1270.738;335.366;214.762
6895;1;El Conquistador;final;1341.101;1815.366;1341.101;375.366;295.46
6895.1;1;El Conquistador;final;1479.034;2758.699;39.034;1318.699;71.464
6896;1;El Conquistador;final;1346.084;1888.866;1346.084;448.866;286.687
6896.1;1;El Conquistador;final;1470.519;2755.998;30.519;1315.998;68.051
6897;1;El Conquistador;final;1360.434;1905.199;1360.434;465.199;276.46
6898;1;El Conquistador;final;1358.934;1905.366;1358.934;465.366;286.687
6898.1;1;El Conquistador;final;1545.503;2782.128;105.503;1342.128;116.124
6899;1;El Conquistador;final;1191.238;1375.706;1191.238;1375.706;312.156
6899.1;1;El Conquistador;final;1402.339;2610.367;1402.339;1170.367;94.717
6900;1;El Conquistador;final;707.978;1405.706;707.978;1405.706;293.916
6900.1;1;El Conquistador;final;1357.955;2101.716;1357.955;661.716;193.876
6901;1;El Conquistador;final;921.468;1435.706;921.468;1435.706;293.557
6901.1;1;El Conquistador;final;1569.952;2327.382;129.952;887.382;250.764
6902;1;El Conquistador;intermedia;923.869;941.0;923.869;941.0;295.56
6902;2;El Conquistador;final;1094.747;1582.906;1094.747;142.906;61.138
6902.1;1;El Conquistador;final;1372.057;2433.575;1372.057;993.575;166.303
6903;1;El Conquistador;final;524.534;1415.477;524.534;1415.477;198.186
6904;1;El Conquistador;final;865.25;1445.477;865.25;5.477;308.642
6904.1;1;El Conquistador;final;1483.989;2301.001;43.989;861.001;225.49
6905;1;Santa Rosa;final;1329.017;1743.145;1329.017;303.145;267.352
6906;1;Santa Rosa;final;1375.935;1755.145;1375.935;315.145;310.429
6907;1;Santa Rosa;final;1288.966;1767.145;1288.966;327.145;249.506
6908;1;Santa Rosa;final;1333.599;1789.712;1333.599;349.712;249.506
6909;1;Santa Rosa;final;1276.217;1800.279;1276.217;360.279;222.794
6910;1;Santa Rosa;final;1290.617;1816.129;1290.617;376.129;222.794
6911;1;Santa Rosa;final;1408.6;1831.979;1408.6;391.979;267.352
6912;1;Santa Rosa;final;1513.45;1842.545;73.45;402.545;311.911
6913;1;Santa Rosa;final;1095.174;1440.845;1095.174;0.845;311.061
6913.1;1;Santa Rosa;final;1487.391;2433.957;47.391;993.957;159.052
6914;1;Santa Rosa;final;543.283;1730.845;543.283;290.845;96.969
6915;1;Santa Rosa;final;553.849;1740.845;553.849;300.845;96.969
6916;1;Santa Rosa;final;1281.017;1750.845;1281.017;310.845;248.49
6917;1;Santa Rosa;final;1218.966;1760.845;1218.966;320.845;230.645
6918;1;Santa Rosa;final;1319.417;1770.845;1319.417;330.845;248.49
6919;1;Santa Rosa;final;1333.817;1781.412;1333.817;341.412;248.49
6920;1;Santa Rosa;final;1314.617;1791.978;1314.617;351.978;248.49
6921;1;Santa Rosa;final;1444.917;1802.545;4.917;362.545;293.049
6921.1;1;Santa Rosa;final;1503.983;2794.812;63.983;1354.812;71.272
6922;1;Santa Rosa;final;1222.1;1807.828;1222.1;367.828;203.932
6923;1;Santa Rosa;final;1319.134;1818.395;1319.134;378.395;242.542
6924;1;Santa Rosa;final;1410.699;1828.962;1410.699;388.962;275.203
6925;1;Santa Rosa;final;1298.966;1834.245;1298.966;394.245;230.645
6926;1;Santa Rosa;final;1462.05;1839.528;22.05;399.528;293.049
6926.1;1;Santa Rosa;final;1521.116;2811.945;81.116;1371.945;71.272
6927;1;Santa Rosa;final;1308.966;1844.812;1308.966;404.812;230.645
6928;1;Santa Rosa;final;1418.316;1850.095;1418.316;410.095;275.203
6929;1;Santa Rosa;final;1479.184;1860.845;39.184;420.845;293.049
6929.1;1;Santa Rosa;final;1538.249;2829.079;98.249;1389.079;71.272
6930;1;Santa Rosa;final;956.109;1389.145;956.109;1389.145;304.446
6930.1;1;Santa Rosa;final;1435.991;2343.019;1435.991;903.019;166.601
6931;1;Santa Rosa;final;1261.817;1419.145;1261.817;1419.145;306.934
6931.1;1;Santa Rosa;final;1328.966;2609.145;1328.966;1169.145;71.272
6932;1;Santa Rosa;final;1190.8;1449.145;1190.8;9.145;301.957
6932.1;1;Santa Rosa;final;1530.584;2539.145;90.584;1099.145;178.235
6933;1;Santa Rosa;final;1318.966;1398.019;1318.966;1398.019;309.381
6934;1;Santa Rosa;final;1132.499;1428.019;1132.499;1428.019;299.428
6934.1;1;Santa Rosa;final;1329.85;2475.178;1329.85;1035.178;114.815
6935;1;Los Espinos;final;1025.464;1443.583;1025.464;3.583;309.782
6935.1;1;Los Espinos;final;1434.03;2443.42;1434.03;1003.42;162.079
6936;1;Los Espinos;final;1155.955;1578.583;1155.955;138.583;297.53
6937;1;Los Espinos;final;1249.57;1713.583;1249.57;273.583;277.258
6938;1;Los Espinos;final;1245.556;1725.583;1245.556;285.583;293.185
6938.1;1;Los Espinos;final;1358.27;2643.041;1358.27;1203.041;64.804
6939;1;Los Espinos;final;1277.832;1737.583;1277.832;297.583;307.251
6939.1;1;Los Espinos;final;1357.364;2662.827;1357.364;1222.827;59.889
6940;1;Los Espinos;final;1331.554;1749.583;1331.554;309.583;313.282
6940.1;1;Los Espinos;final;1453.355;2717.696;13.355;1277.696;74.2
6941;1;Los Espinos;final;1331.227;1761.583;1331.227;321.583;300.82
6941.1;1;Los Espinos;final;1380.029;2676.391;1380.029;1236.391;65.049
6942;1;Los Espinos;final;1262.873;1784.833;1262.873;344.833;278.067
6943;1;Los Espinos;final;1337.832;1807.333;1337.832;367.333;305.659
6944;1;Los Espinos;final;1374.692;1829.833;1374.692;389.833;308.968
6945;1;Los Espinos;final;1187.903;1841.083;1187.903;401.083;267.084
6946;1;Los Espinos;final;1296.433;1763.041;1296.433;323.041;300.319
6946.1;1;Los Espinos;final;1353.497;2738.008;1353.497;1298.008;23.64
6947;1;Los Espinos;final;1279.57;1783.041;1279.57;343.041;297.943
6947.1;1;Los Espinos;final;1373.699;2681.591;1373.699;1241.591;60.448
6948;1;Los Espinos;final;1327.364;1803.041;1327.364;363.041;296.651
6948.1;1;Los Espinos;final;1524.207;2740.72;84.207;1300.72;99.358
6949;1;Los Espinos;final;1207.549;1870.541;1207.549;430.541;242.848
6950;1;El Conquistador;final;1284.703;1461.443;1284.703;21.443;313.953
6951;1;El Conquistador;final;1348.416;1743.443;1348.416;303.443;312.92
6952;1;El Conquistador;final;528.284;1771.748;528.284;331.748;72.06
6953;1;El Conquistador;final;1236.471;1791.748;1236.471;351.748;266.098
6954;1;El Conquistador;final;1220.186;1834.248;1220.186;394.248;228.382
6955;1;El Conquistador;final;1421.9;1867.998;1421.9;427.998;314.044
6955.1;1;El Conquistador;final;1471.24;2829.817;31.24;1389.817;43.188
6956;1;Los Espinos;final;1332.489;1773.041;1332.489;333.041;310.398
6956.1;1;Los Espinos;final;1419.133;2733.041;1419.133;1293.041;60.448
6957;1;Los Espinos;final;1347.833;1788.041;1347.833;348.041;311.886
6958;1;Los Espinos;final;1232.715;1803.041;1232.715;363.041;268.754
6959;1;Los Espinos;final;1173.425;1735.494;1173.425;295.494;276.381
6960;1;Los Espinos;final;1143.489;1755.494;1143.489;315.494;234.721
6961;1;Los Espinos;final;1197.03;1775.494;1197.03;335.494;270.823
6961.1;1;Los Espinos;final;1435.95;2616.532;1435.95;1176.532;100.477
6962;1;Los Espinos;final;898.801;1815.494;898.801;375.494;158.783
6963;1;Los Espinos;final;1363.557;1845.494;1363.557;405.494;298.185
6964;1;Los Espinos;final;726.949;1412.865;726.949;1412.865;299.701
6964.1;1;Los Espinos;final;1405.275;2089.363;1405.275;649.363;254.716
6965;1;Los Espinos;final;900.115;1442.865;900.115;2.865;286.11
6966;1;Los Espinos;final;844.903;1403.825;844.903;1403.825;300.011
6966.1;1;Los Espinos;final;1446.82;2252.991;6.82;812.991;225.567
6967;1;Los Espinos;final;815.52;1433.825;815.52;1433.825;282.314
6967.1;1;Los Espinos;final;1307.511;2223.041;1307.511;783.041;198.41
6968;1;Los Espinos;final;831.534;1463.825;831.534;23.825;302.433
6968.1;1;Los Espinos;final;1363.934;2239.466;1363.934;799.466;221.063
6969;1;El Conquistador;final;1013.12;1476.102;1013.12;36.102;273.794
6969.1;1;El Conquistador;final;1552.862;2437.867;112.862;997.867;214.319
6970;1;El Conquistador;final;1281.815;1758.102;1281.815;318.102;305.009
6970.1;1;El Conquistador;final;1373.115;2684.652;1373.115;1244.652;49.201
6971;1;El Conquistador;final;1197.453;1770.102;1197.453;330.102;273.794
6971.1;1;El Conquistador;final;1387.087;2590.367;1387.087;1150.367;111.922
6972;1;El Conquistador;final;1355.736;1794.102;1355.736;354.102;306.169
6972.1;1;El Conquistador;final;1465.666;2752.098;25.666;1312.098;64.733
6973;1;El Conquistador;final;1285.349;1844.652;1285.349;404.652;234.601
6974;1;El Conquistador;final;1371.533;1472.098;1371.533;32.098;297.904
6974.1;1;El Conquistador;final;1506.155;2687.883;66.155;1247.883;108.1
6975;1;El Conquistador;final;1363.118;1762.098;1363.118;322.098;298.24
6975.1;1;El Conquistador;final;1428.799;2778.399;1428.799;1338.399;43.159
6976;1;El Conquistador;final;1301.183;1739.035;1301.183;299.035;310.665
6976.1;1;El Conquistador;final;1372.428;2591.734;1372.428;1151.734;97.152
6977;1;El Conquistador;final;1235.984;1754.035;1235.984;314.035;293.417
6977.1;1;El Conquistador;final;1450.062;2655.366;10.062;1215.366;98.809
6978;1;El Conquistador;final;1198.459;1769.035;1198.459;329.035;278.455
6979;1;El Conquistador;final;1510.959;1784.035;70.959;344.035;227.676
6980;1;El Conquistador;final;1273.869;1799.035;1273.869;359.035;269.762
6981;1;El Conquistador;final;1259.028;1810.285;1259.028;370.285;247.419
6982;1;El Conquistador;final;1256.42;1821.535;1256.42;381.535;295.781
6982.1;1;El Conquistador;final;1348.537;2653.217;1348.537;1213.217;68.327
6983;1;El Conquistador;final;1296.438;1832.785;1296.438;392.785;266.322
6984;1;El Conquistador;final;501.551;1855.285;501.551;415.285;32.233
6985;1;El Conquistador;final;1261.684;1866.535;1261.684;426.535;253.928
6986;1;El Conquistador;final;1394.213;1877.785;1394.213;437.785;280.766
6987;1;El Conquistador;final;1494.963;1755.366;54.963;315.366;216.382
6988;1;El Conquistador;final;1122.034;1775.366;1122.034;335.366;314.428
6988.1;1;El Conquistador;final;1306.725;2444.095;1306.725;1004.095;141.852
6989;1;El Conquistador;final;1324.568;1795.366;1324.568;355.366;294.408
6989.1;1;El Conquistador;final;1399.749;2741.366;1399.749;1301.366;43.159
6990;1;El Conquistador;final;490.301;1815.366;490.301;375.366;38.742
6991;1;El Conquistador;final;499.095;1826.616;499.095;386.616;41.039
6992;1;El Conquistador;final;1344.359;1849.116;1344.359;409.116;137.219
6993;1;El Conquistador;final;1245.595;1860.366;1245.595;420.366;253.331
6994;1;El Conquistador;final;1349.534;1905.366;1349.534;465.366;269.006
6995;1;El Conquistador;final;1322.749;1713.575;1322.749;273.575;309.948
6995.1;1;El Conquistador;final;1506.48;2713.974;66.48;1273.974;89.263
6996;1;El Conquistador;final;1310.597;1728.575;1310.597;288.575;312.763
6997;1;El Conquistador;final;1292.849;1743.575;1292.849;303.575;300.976
6997.1;1;El Conquistador;final;1380.915;2677.045;1380.915;1237.045;58.481
6998;1;El Conquistador;final;1253.149;1773.575;1253.149;333.575;278.24
6999;1;El Conquistador;final;1317.495;1786.425;1317.495;346.425;299.179
6999.1;1;El Conquistador;final;1551.613;2704.224;111.613;1264.224;129.123
7000;1;El Conquistador;final;1283.409;1837.825;1283.409;397.825;253.915
7001;1;El Conquistador;final;1356.682;1863.575;1356.682;423.575;290.962
7001.1;1;El Conquistador;final;1531.513;2750.417;91.513;1310.417;101.197
7002;1;El Conquistador;final;1296.068;2223.575;1296.068;783.575;177.298
7003;1;El Conquistador;final;1350.013;1771.003;1350.013;331.003;152.052
7004;1;El Conquistador;final;1166.93;1791.003;1166.93;351.003;256.655
7005;1;El Conquistador;final;1167.738;1752.298;1167.738;312.298;265.099
7005.1;1;El Conquistador;final;1314.395;2579.748;1314.395;1139.748;69.332
7006;1;El Conquistador;final;1309.516;1767.298;1309.516;327.298;298.098
7007;1;El Conquistador;final;1145.743;1782.298;1145.743;342.298;312.041
7007.1;1;El Conquistador;final;1187.412;2557.203;1187.412;1117.203;30.755
7008;1;El Conquistador;final;1260.129;1797.298;1260.129;357.298;272.251
7009;1;El Conquistador;final;1374.083;1810.148;1374.083;370.148;298.098
7010;1;El Conquistador;final;1322.579;1822.998;1322.579;382.998;159.497
7011;1;El Conquistador;final;1262.589;1835.848;1262.589;395.848;298.498
7011.1;1;El Conquistador;final;1476.983;2695.205;36.983;1255.205;106.282
7012;1;El Conquistador;final;1234.079;1848.698;1234.079;408.698;250.061
7013;1;El Conquistador;final;1250.709;1861.548;1250.709;421.548;122.078
7014;1;El Conquistador;final;1436.745;1874.398;1436.745;434.398;295.817
7015;1;El Conquistador;final;1260.484;1887.248;1260.484;447.248;232.292
7016;1;El Conquistador;final;1249.349;1887.298;1249.349;447.298;270.164
7017;1;El Conquistador;final;1307.526;1738.495;1307.526;298.495;285.879
7017.1;1;El Conquistador;final;1430.942;2713.357;1430.942;1273.357;67.309
7018;1;El Conquistador;final;1372.702;1758.495;1372.702;318.495;308.676
7019;1;El Conquistador;final;1334.193;1778.495;1334.193;338.495;285.879
7020;1;El Conquistador;final;1336.443;1798.495;1336.443;358.495;285.879
7020.1;1;El Conquistador;final;1501.01;2728.357;61.01;1288.357;95.373
7021;1;El Conquistador;final;491.595;1811.345;491.595;371.345;49.839
7022;1;El Conquistador;final;1385.568;1824.195;1385.568;384.195;292.83
7023;1;El Conquistador;final;1284.359;1837.045;1284.359;397.045;257.815
7024;1;El Conquistador;final;1427.385;1849.895;1427.385;409.895;308.676
7025;1;El Conquistador;final;1379.022;1862.745;1379.022;422.745;305.983
7025.1;1;El Conquistador;final;1445.882;2762.762;5.882;1322.762;58.481
7026;1;El Conquistador;final;1237.349;1875.595;1237.349;435.595;86.749
7027;1;El Conquistador;final;1415.942;1888.445;1415.942;448.445;277.729
7028;1;Santa Rosa;final;1297.125;1713.957;1297.125;273.957;303.302
7028.1;1;Santa Rosa;final;1375.874;2688.019;1375.874;1248.019;56.768
7029;1;Santa Rosa;final;1311.041;1725.957;1311.041;285.957;296.344
7030;1;Santa Rosa;final;629.892;1737.957;629.892;297.957;111.094
7031;1;Santa Rosa;final;1342.125;1761.957;1342.125;321.957;303.302
7031.1;1;Santa Rosa;final;1504.524;2735.152;64.524;1295.152;84.226
7032;1;Santa Rosa;final;1385.259;1773.957;1385.259;333.957;303.302
7032.1;1;Santa Rosa;final;1470.258;2786.552;30.258;1346.552;56.768
7033;1;Santa Rosa;final;1401.724;1799.657;1401.724;359.657;296.344
7034;1;El Conquistador;final;1306.863;1722.28;1306.863;282.28;312.449
7034.1;1;El Conquistador;final;1467.44;2643.575;27.44;1203.575;114.349
7035;1;El Conquistador;final;1219.812;1737.28;1219.812;297.28;279.178
7036;1;El Conquistador;final;1316.42;1752.28;1316.42;312.28;309.914
7036.1;1;El Conquistador;final;1480.02;2704.617;40.02;1264.617;111.922
7037;1;El Conquistador;final;1251.013;1767.28;1251.013;327.28;267.983
7037.1;1;El Conquistador;final;1486.83;2663.853;46.83;1223.853;117.652
7038;1;El Conquistador;final;1296.634;1782.28;1296.634;342.28;311.066
7038.1;1;El Conquistador;final;1369.272;2699.216;1369.272;1259.216;51.917
7039;1;El Conquistador;final;1190.93;1790.446;1190.93;350.446;258.236
7040;1;El Conquistador;final;1382.84;1798.613;1382.84;358.613;313.909
7041;1;El Conquistador;final;1227.98;1806.78;1227.98;366.78;281.397
7042;1;El Conquistador;final;1071.845;1814.946;1071.845;374.946;184.743
7043;1;El Conquistador;final;1290.395;1823.113;1290.395;383.113;269.064
7044;1;El Conquistador;final;1425.383;1831.28;1425.383;391.28;297.096
7044.1;1;El Conquistador;final;1524.813;2832.001;84.813;1392.001;62.616
7045;1;El Conquistador;final;1296.183;1839.446;1296.183;399.446;267.639
7046;1;El Conquistador;final;1430.502;1855.78;1430.502;415.78;309.298
7047;1;El Conquistador;final;1197.312;1863.946;1197.312;423.946;225.164
7048;1;El Conquistador;final;1383.962;1872.28;1383.962;432.28;284.414
7049;1;El Conquistador;final;1229.403;1917.28;1229.403;477.28;227.779
7050;1;El Conquistador;final;1463.015;1962.28;23.015;522.28;299.697
7051;1;El Conquistador;final;1298.395;2187.28;1298.395;747.28;176.39
7052;1;El Conquistador;final;1201.753;2382.28;1201.753;942.28;85.611
7053;1;El Conquistador;final;1356.818;1751.443;1356.818;311.443;163.083
7054;1;El Conquistador;final;1313.834;1807.777;1313.834;367.777;279.8
7054.1;1;El Conquistador;final;1430.48;2728.103;1430.48;1288.103;63.713
7055;1;Los Espinos;final;1199.941;1700.761;1199.941;260.761;280.118
7055.1;1;Los Espinos;final;1319.511;2586.657;1319.511;1146.657;75.757
7056;1;Los Espinos;final;1260.003;1715.761;1260.003;275.761;301.878
7056.1;1;Los Espinos;final;1375.903;2655.891;1375.903;1215.891;73.653
7057;1;Los Espinos;final;1217.647;1730.761;1217.647;290.761;289.083
7057.1;1;Los Espinos;final;1334.983;2638.72;1334.983;1198.72;52.864
7058;1;Los Espinos;final;1166.922;1745.761;1166.922;305.761;296.749
7058.1;1;Los Espinos;final;1360.101;2548.061;1360.101;1108.061;104.877
7059;1;Los Espinos;final;1349.832;1783.261;1349.832;343.261;314.174
7060;1;Los Espinos;final;1196.866;1805.761;1196.866;365.761;236.523
7061;1;Los Espinos;final;1300.602;1817.011;1300.602;377.011;313.62
7061.1;1;Los Espinos;final;1424.702;2615.761;1424.702;1175.761;113.872
7062;1;Los Espinos;final;1386.549;2432.761;1386.549;992.761;156.504
7063;1;Los Espinos;final;1344.954;1763.041;1344.954;323.041;308.059
7064;1;Los Espinos;final;1392.36;1783.041;1392.36;343.041;314.525
7064.1;1;Los Espinos;final;1502.402;2731.387;62.402;1291.387;97.156
7065;1;Los Espinos;final;1365.83;1836.791;1365.83;396.791;312.0
7066;1;Los Espinos;final;1373.302;1859.291;1373.302;419.291;310.747
7066.1;1;Los Espinos;final;1386.82;2690.761;1386.82;1250.761;67.677
7067;1;Los Espinos;final;1227.049;1870.541;1227.049;430.541;264.511
7068;1;Los Espinos;final;1364.941;1881.791;1364.941;441.791;292.675
7069;1;El Conquistador;final;929.701;1470.367;929.701;30.367;284.594
7069.1;1;El Conquistador;final;1454.784;2371.455;14.784;931.455;170.894
7070;1;El Conquistador;final;1227.315;1752.367;1227.315;312.367;301.715
7070.1;1;El Conquistador;final;1346.721;2637.54;1346.721;1197.54;58.671
7071;1;El Conquistador;final;1252.019;1764.367;1252.019;324.367;304.789
7072;1;El Conquistador;final;1264.019;1776.367;1264.019;336.367;304.789
7072.1;1;El Conquistador;final;1368.586;2654.948;1368.586;1214.948;52.761
7073;1;El Conquistador;final;1227.453;1788.367;1227.453;348.367;286.305
7073.1;1;El Conquistador;final;1456.536;2620.367;16.536;1180.367;130.406
7074;1;El Conquistador;final;1291.486;1806.367;1291.486;366.367;304.789
7074.1;1;El Conquistador;final;1338.248;2693.498;1338.248;1253.498;35.796
7075;1;El Conquistador;final;1286.848;1812.367;1286.848;372.367;301.715
7075.1;1;El Conquistador;final;1342.886;2697.502;1342.886;1257.502;36.469
7076;1;El Conquistador;final;1371.457;1818.367;1371.457;378.367;314.903
7076.1;1;El Conquistador;final;1465.207;2751.443;25.207;1311.443;67.327
7077;1;El Conquistador;final;1276.42;1824.367;1276.42;384.367;309.814
7077.1;1;El Conquistador;final;1361.387;2666.067;1361.387;1226.067;68.327
7078;1;El Conquistador;final;1246.42;1830.367;1246.42;390.367;286.305
7078.1;1;El Conquistador;final;1510.02;2640.367;70.02;1200.367;155.518
7079;1;El Conquistador;final;1266.42;1842.367;1266.42;402.367;286.305
7080;1;El Conquistador;final;1413.115;1890.367;1413.115;450.367;303.62
7080.1;1;El Conquistador;final;1484.099;2833.699;44.099;1393.699;43.159
7081;1;Los Espinos;final;738.928;1442.332;738.928;2.332;301.366
7081.1;1;Los Espinos;final;1418.445;2151.134;1418.445;711.134;244.396
7082;1;Los Espinos;final;1178.975;1712.332;1178.975;272.332;287.111
7082.1;1;Los Espinos;final;1419.719;2522.248;1419.719;1082.248;147.379
7083;1;Los Espinos;final;1203.396;1736.332;1203.396;296.332;280.864
7083.1;1;Los Espinos;final;1484.413;2585.63;44.413;1145.63;138.945
7084;1;Los Espinos;final;1155.225;1748.332;1155.225;308.332;279.113
7084.1;1;Los Espinos;final;1391.996;2492.332;1391.996;1052.332;137.698
7085;1;Los Espinos;final;1267.158;1772.332;1267.158;332.332;286.785
7085.1;1;Los Espinos;final;1395.696;2598.998;1395.696;1158.998;95.065
7086;1;Los Espinos;final;1259.558;1794.832;1259.558;354.832;279.113
7086.1;1;Los Espinos;final;1470.953;2595.982;30.953;1155.982;139.037
7087;1;Los Espinos;final;1315.696;1817.332;1315.696;377.332;288.132
7087.1;1;Los Espinos;final;1527.496;2693.63;87.496;1253.63;124.083
7088;1;Los Espinos;final;1364.309;1828.582;1364.309;388.582;307.824
7089;1;Los Espinos;final;1316.042;1839.832;1316.042;399.832;287.111
7089.1;1;Los Espinos;final;1517.342;2648.332;77.342;1208.332;143.651
7090;1;Los Espinos;final;1325.242;1900.882;1325.242;460.882;279.113
7090.1;1;Los Espinos;final;1536.108;2657.332;96.108;1217.332;143.946
7091;1;Los Espinos;final;1409.242;1913.732;1409.242;473.732;294.379
7092;1;Santa Rosa;final;1358.474;1760.166;1358.474;320.166;313.523
7093;1;Santa Rosa;final;564.55;1768.733;564.55;328.733;86.486
7094;1;Santa Rosa;final;1269.767;1777.3;1269.767;337.3;278.991
7095;1;Santa Rosa;final;584.55;1785.866;584.55;345.866;86.486
7096;1;Santa Rosa;final;1393.307;1785.9;1393.307;345.9;313.523
7097;1;Santa Rosa;final;1363.307;1793.4;1363.307;353.4;313.523
7098;1;Santa Rosa;final;1378.307;1800.9;1378.307;360.9;313.523
7098.1;1;Santa Rosa;final;1508.357;2693.608;68.357;1253.608;107.03
7099;1;Santa Rosa;final;1233.25;1433.608;1233.25;1433.608;313.129
7099.1;1;Santa Rosa;final;1338.474;2595.9;1338.474;1155.9;72.892
7100;1;Santa Rosa;final;534.55;1501.108;534.55;61.108;120.624
7101;1;Santa Rosa;final;1238.467;1568.608;1238.467;128.608;313.129
7101.1;1;Santa Rosa;final;1375.7;2600.9;1375.7;1160.9;86.486
7102;1;Santa Rosa;final;549.55;1636.108;549.55;196.108;120.624
7103;1;Santa Rosa;final;444.117;1703.608;444.117;263.608;72.498
7104;1;Santa Rosa;final;1248.474;1708.608;1248.474;268.608;299.535
7105;1;Santa Rosa;final;1316.717;1713.608;1316.717;273.608;313.129
7106;1;Santa Rosa;final;459.117;1718.608;459.117;278.608;72.498
7107;1;Santa Rosa;final;1321.934;1723.608;1321.934;283.608;313.129
7107.1;1;Santa Rosa;final;1415.807;2685.9;1415.807;1245.9;72.892
7108;1;Santa Rosa;final;1330.7;1728.608;1330.7;288.608;313.129
7108.1;1;Santa Rosa;final;1430.807;2700.9;1430.807;1260.9;72.892
7109;1;Santa Rosa;final;1303.474;1733.608;1303.474;293.608;299.535
7110;1;Santa Rosa;final;1206.584;1738.608;1206.584;298.608;265.003
7111;1;Santa Rosa;final;1318.474;1743.608;1318.474;303.608;299.535
7112;1;Santa Rosa;final;1313.474;1748.608;1313.474;308.608;299.535
7113;1;Santa Rosa;final;1328.474;1753.608;1328.474;313.608;299.535
7114;1;Santa Rosa;final;1353.2;1758.608;1353.2;318.608;313.129
7114.1;1;Santa Rosa;final;1559.757;2715.9;119.757;1275.9;121.019
7115;1;Santa Rosa;final;519.55;1763.608;519.55;323.608;72.498
7116;1;Santa Rosa;final;1364.45;1773.608;1364.45;333.608;313.129
7116.1;1;Santa Rosa;final;1456.957;2733.033;16.957;1293.033;72.892
7117;1;Santa Rosa;final;1348.474;1788.608;1348.474;348.608;299.535
7118;1;Santa Rosa;final;1353.474;1798.608;1353.474;358.608;299.535
7119;1;Santa Rosa;final;1398.2;1813.608;1398.2;373.608;313.129
7119.1;1;Santa Rosa;final;1491.224;2767.3;51.224;1327.3;72.892
7120;1;Santa Rosa;final;579.55;1823.608;579.55;383.608;72.498
7121;1;Santa Rosa;final;1370.807;1833.608;1370.807;393.608;299.535
7122;1;Santa Rosa;final;1385.807;1838.608;1385.807;398.608;299.535
7123;1;Santa Rosa;final;1428.7;1848.608;1428.7;408.608;313.129
7123.1;1;Santa Rosa;final;1525.49;2801.566;85.49;1361.566;72.892
7124;1;Santa Rosa;final;1306.284;1872.858;1306.284;432.858;265.003
7125;1;Santa Rosa;final;1169.907;1917.775;1169.907;477.775;203.282
7126;1;Santa Rosa;final;1290.634;2213.608;1290.634;773.608;168.75
7127;1;Santa Rosa;final;1293.474;2265.742;1293.474;825.742;155.156
7128;1;Santa Rosa;final;1212.034;2291.808;1212.034;851.808;120.624
7129;1;Santa Rosa;final;1500.7;2369.058;60.7;929.058;216.876
7130;1;Santa Rosa;final;1253.474;2412.658;1253.474;972.658;107.03
7131;1;Santa Rosa;final;1542.624;2445.358;102.624;1005.358;203.282
7132;1;Santa Rosa;final;1408.307;2450.808;1408.307;1010.808;155.156
7133;1;Santa Rosa;final;1438.307;2483.608;1438.307;1043.608;155.156
7134;1;Los Espinos;final;1249.004;1746.85;1249.004;306.85;288.209
7135;1;Los Espinos;final;1275.951;1806.85;1275.951;366.85;288.852
7136;1;El Conquistador;final;1069.671;1465.656;1069.671;25.656;296.925
7136.1;1;El Conquistador;final;1461.003;2495.748;21.003;1055.748;134.991
7137;1;El Conquistador;final;1232.517;1743.156;1232.517;303.156;285.286
7137.1;1;El Conquistador;final;1510.443;2655.366;70.443;1215.366;126.175
7138;1;El Conquistador;final;1167.051;1750.656;1167.051;310.656;265.074
7138.1;1;El Conquistador;final;1320.393;2588.699;1320.393;1148.699;66.965
7139;1;El Conquistador;final;1264.316;1758.156;1264.316;318.156;295.248
7139.1;1;El Conquistador;final;1486.752;2565.967;46.752;1125.967;151.748
7140;1;El Conquistador;final;1228.643;1765.656;1228.643;325.656;301.323
7141;1;El Conquistador;final;1247.202;1773.156;1247.202;333.156;281.439
7142;1;El Conquistador;final;1268.425;1780.656;1268.425;340.656;268.909
7143;1;El Conquistador;final;1327.059;1788.156;1327.059;348.156;309.812
7144;1;El Conquistador;final;1340.475;1795.656;1340.475;355.656;283.558
7145;1;El Conquistador;final;489.607;1800.939;489.607;360.939;49.321
7146;1;El Conquistador;final;1321.4;1811.506;1321.4;371.506;296.195
7146.1;1;El Conquistador;final;1503.886;2614.234;63.886;1174.234;151.748
7147;1;El Conquistador;final;510.74;1822.072;510.74;382.072;49.321
7148;1;El Conquistador;final;1338.924;1827.356;1338.924;387.356;298.164
7148.1;1;El Conquistador;final;1418.219;2761.79;1418.219;1321.79;45.601
7149;1;El Conquistador;final;1279.305;1837.922;1279.305;397.922;155.833
7150;1;El Conquistador;final;1399.542;1848.489;1399.542;408.489;308.858
7150.1;1;El Conquistador;final;1447.349;2792.89;7.349;1352.89;40.726
7151;1;El Conquistador;final;1278.817;1853.772;1278.817;413.772;261.378
7151.1;1;El Conquistador;final;1417.793;2700.366;1417.793;1260.366;66.965
7152;1;El Conquistador;final;1215.309;1869.622;1215.309;429.622;230.736
7153;1;El Conquistador;final;1385.08;1880.189;1385.08;440.189;291.02
7154;1;El Conquistador;final;1238.459;1885.656;1238.459;445.656;239.313
7155;1;El Conquistador;final;1289.511;1766.656;1289.511;326.656;293.874
7156;1;El Conquistador;final;1298.078;1778.656;1298.078;338.656;293.874
7157;1;El Conquistador;final;1165.652;1790.656;1165.652;350.656;253.161
7158;1;El Conquistador;final;1375.178;1814.656;1375.178;374.656;293.874
7159;1;El Conquistador;final;1362.707;1827.49;1362.707;387.49;293.995
7159.1;1;El Conquistador;final;1483.776;2785.366;43.776;1345.366;63.269
7160;1;El Conquistador;final;1258.772;1853.156;1258.772;413.156;272.52
7160.1;1;El Conquistador;final;1537.109;2677.866;97.109;1237.866;127.57
7161;1;El Conquistador;final;1220.492;1872.406;1220.492;432.406;267.406
7162;1;El Conquistador;final;1428.678;1904.656;1428.678;464.656;293.874
7163;1;El Conquistador;final;1433.13;1821.243;1433.13;381.243;245.161
7164;1;El Conquistador;final;1379.347;1832.493;1379.347;392.493;255.092
7165;1;El Conquistador;final;1209.406;1843.743;1209.406;403.743;106.823
7166;1;El Conquistador;final;1281.744;1854.993;1281.744;414.993;224.256
7167;1;El Conquistador;final;1287.238;1866.243;1287.238;426.243;115.62
7168;1;El Conquistador;final;1416.745;1877.493;1416.745;437.493;290.652
7168.1;1;El Conquistador;final;1504.739;2851.455;64.739;1411.455;43.503
7169;1;El Conquistador;final;1447.118;1888.743;7.118;448.743;305.908
7170;1;El Conquistador;final;497.899;1899.993;497.899;459.993;14.109
7171;1;El Conquistador;final;1229.059;1740.535;1229.059;300.535;263.383
7172;1;El Conquistador;final;1199.962;1752.535;1199.962;312.535;278.457
7172.1;1;El Conquistador;final;1353.097;2596.468;1353.097;1156.468;77.254
7173;1;El Conquistador;final;1252.849;1764.535;1252.849;324.535;314.425
7173.1;1;El Conquistador;final;1455.299;2632.993;15.299;1192.993;115.143
7174;1;El Conquistador;final;506.349;1776.535;506.349;336.535;69.234
7175;1;El Conquistador;final;1401.417;1788.535;1401.417;348.535;299.49
7175.1;1;El Conquistador;final;1607.919;2705.067;167.919;1265.067;160.158
7176;1;El Conquistador;final;1276.562;1800.535;1276.562;360.535;280.818
7176.1;1;El Conquistador;final;1396.584;2672.734;1396.584;1232.734;74.739
7177;1;El Conquistador;final;1283.046;1823.035;1283.046;383.035;270.579
7178;1;El Conquistador;final;1295.046;1834.285;1295.046;394.285;270.579
7179;1;El Conquistador;final;1066.603;1845.535;1066.603;405.535;257.723
7179.1;1;El Conquistador;final;1373.786;2462.638;1373.786;1022.638;181.211
7180;1;El Conquistador;final;1326.535;1868.035;1326.535;428.035;258.247
7181;1;El Conquistador;final;1276.425;1879.285;1276.425;439.285;268.821
7182;1;El Conquistador;final;1166.573;1890.535;1166.573;450.535;282.548
7182.1;1;El Conquistador;final;1333.265;2573.499;1333.265;1133.499;78.105
7183;1;El Conquistador;final;1354.196;1743.284;1354.196;303.284;300.845
7184;1;El Conquistador;final;1176.459;1753.284;1176.459;313.284;268.77
7185;1;El Conquistador;final;1315.963;1763.284;1315.963;323.284;288.097
7185.1;1;El Conquistador;final;1389.028;2635.233;1389.028;1195.233;85.981
7186;1;El Conquistador;final;1379.617;1773.284;1379.617;333.284;310.223
7186.1;1;El Conquistador;final;1446.099;2685.811;6.099;1245.811;93.591
7187;1;El Conquistador;final;1349.725;1783.284;1349.725;343.284;299.148
7188;1;El Conquistador;final;1139.18;1793.284;1139.18;353.284;224.87
7189;1;El Conquistador;final;1340.509;1803.284;1340.509;363.284;307.099
7190;1;El Conquistador;final;1240.516;1812.284;1240.516;372.284;271.423
7191;1;El Conquistador;final;1180.014;1821.284;1180.014;381.284;311.908
7191.1;1;El Conquistador;final;1248.301;2595.236;1248.301;1155.236;40.563
7192;1;El Conquistador;final;1388.134;1830.284;1388.134;390.284;311.359
7193;1;El Conquistador;final;1389.63;1857.284;1389.63;417.284;286.492
7194;1;El Conquistador;final;1356.099;1884.284;1356.099;444.284;283.417
7195;1;El Conquistador;final;1457.112;1893.284;17.112;453.284;314.245
7196;1;El Conquistador;final;1393.119;1904.534;1393.119;464.534;295.571
7196.1;1;El Conquistador;final;1495.919;2814.731;55.919;1374.731;62.78
7197;1;El Conquistador;final;1259.762;1915.784;1259.762;475.784;255.742
7198;1;El Conquistador;final;1305.825;1938.284;1305.825;498.284;219.88
7199;1;El Conquistador;final;1270.983;1751.117;1270.983;311.117;276.966
7200;1;El Conquistador;final;1321.032;1771.117;1321.032;331.117;306.301
7200.1;1;El Conquistador;final;1396.292;2717.89;1396.292;1277.89;48.291
7201;1;El Conquistador;final;1408.812;1742.89;1408.812;302.89;313.542
7202;1;El Conquistador;final;1046.99;1751.457;1046.99;311.457;264.767
7202.1;1;El Conquistador;final;1348.251;2445.188;1348.251;1005.188;113.868
7203;1;El Conquistador;final;1261.858;1760.023;1261.858;320.023;177.097
7204;1;El Conquistador;final;1321.905;1768.59;1321.905;328.59;285.576
7205;1;El Conquistador;final;1286.506;1785.723;1286.506;345.723;281.914
7206;1;El Conquistador;final;1277.939;1802.857;1277.939;362.857;172.984
7207;1;El Conquistador;final;1269.993;1802.89;1269.993;362.89;243.048
7208;1;El Conquistador;final;1372.275;1814.123;1372.275;374.123;282.05
7209;1;El Conquistador;final;1350.415;1819.74;1350.415;379.74;269.864
7210;1;El Conquistador;final;1420.552;1830.973;1420.552;390.973;221.854
7211;1;El Conquistador;final;1399.196;1836.59;1399.196;396.59;275.854
7212;1;El Conquistador;final;1405.692;1859.057;1405.692;419.057;303.587
7212.1;1;El Conquistador;final;1534.487;2805.284;94.487;1365.284;85.884
7213;1;El Conquistador;final;1332.397;1892.89;1332.397;452.89;242.205
7214;1;El Conquistador;final;1218.746;1742.89;1218.746;302.89;251.659
7215;1;El Conquistador;final;1285.858;1752.89;1285.858;312.89;168.194
7216;1;El Conquistador;final;1317.975;1762.89;1317.975;322.89;279.736
7217;1;El Conquistador;final;1336.275;1772.89;1336.275;332.89;285.756
7217.1;1;El Conquistador;final;1513.878;2733.284;73.878;1293.284;104.308
7218;1;El Conquistador;final;1282.449;1782.89;1282.449;342.89;251.268
7219;1;El Conquistador;final;1271.749;1802.89;1271.749;362.89;239.724
7220;1;El Conquistador;final;1380.688;1822.89;1380.688;382.89;275.614
7221;1;El Conquistador;final;1469.962;1832.89;29.962;392.89;313.62
7221.1;1;El Conquistador;final;1525.526;2773.547;85.526;1333.547;90.494
7222;1;El Conquistador;final;1132.265;1862.89;1132.265;422.89;175.125
7223;1;El Conquistador;final;1132.032;1872.89;1132.032;432.89;178.147
7224;1;El Conquistador;final;1268.849;1882.89;1268.849;442.89;238.155
7225;1;El Conquistador;final;1311.347;1892.89;1311.347;452.89;239.588
7226;1;El Conquistador;final;1217.973;1982.89;1217.973;542.89;182.661
7227;1;El Conquistador;final;1125.817;1749.827;1125.817;309.827;309.746
7227.1;1;El Conquistador;final;1350.243;2539.817;1350.243;1099.817;127.487
7228;1;El Conquistador;final;1346.579;1839.827;1346.579;399.827;269.511
7229;1;El Conquistador;final;1261.609;1869.827;1261.609;429.827;243.712
7229.1;1;El Conquistador;final;1431.412;2656.134;1431.412;1216.134;93.381
7230;1;El Conquistador;final;1497.108;1749.8;57.108;309.8;265.517
7231;1;El Conquistador;final;866.125;1472.638;866.125;32.638;283.291
7231.1;1;El Conquistador;final;1487.652;2304.277;47.652;864.277;212.225
7232;1;El Conquistador;final;1263.238;1742.638;1263.238;302.638;183.849
7233;1;El Conquistador;final;1101.794;1757.638;1101.794;317.638;254.403
7234;1;El Conquistador;final;1136.369;1772.638;1136.369;332.638;294.54
7235;1;El Conquistador;final;1189.712;1787.638;1189.712;347.638;287.126
7235.1;1;El Conquistador;final;1425.536;2499.681;1425.536;1059.681;170.491
7236;1;El Conquistador;final;1273.032;1802.638;1273.032;362.638;271.841
7236.1;1;El Conquistador;final;1386.099;2665.784;1386.099;1225.784;73.239
7237;1;El Conquistador;final;1096.603;1815.488;1096.603;375.488;269.975
7237.1;1;El Conquistador;final;1493.368;2492.638;53.368;1052.638;199.996
7238;1;El Conquistador;final;1093.219;1828.338;1093.219;388.338;300.222
7238.1;1;El Conquistador;final;1258.103;2488.304;1258.103;1048.304;104.375
7239;1;El Conquistador;final;1375.284;1841.188;1375.284;401.188;291.561
7240;1;El Conquistador;final;1059.49;1854.038;1059.49;414.038;260.632
7240.1;1;El Conquistador;final;1403.522;2454.038;1403.522;1014.038;169.208
7241;1;El Conquistador;final;1295.475;1866.888;1295.475;426.888;279.504
7242;1;El Conquistador;final;1186.225;1879.738;1186.225;439.738;272.307
7243;1;El Conquistador;final;1357.14;1892.588;1357.14;452.588;295.312
7244;1;El Conquistador;final;1271.793;1892.638;1271.793;452.638;299.883
7245;1;El Conquistador;final;1096.99;1910.638;1096.99;470.638;255.75
7245.1;1;El Conquistador;final;1322.685;2492.14;1322.685;1052.14;94.81
7246;1;El Conquistador;final;1300.978;1817.327;1300.978;377.327;297.996
7246.1;1;El Conquistador;final;1522.478;2680.943;82.478;1240.943;124.589
7247;1;El Conquistador;final;1218.744;1824.827;1218.744;384.827;221.591
7248;1;El Conquistador;final;1377.539;1832.327;1377.539;392.327;311.389
7248.1;1;El Conquistador;final;1453.922;2766.63;13.922;1326.63;67.285
7249;1;El Conquistador;final;1403.334;1839.827;1403.334;399.827;291.764
7249.1;1;El Conquistador;final;1476.889;2812.966;36.889;1372.966;51.917
7250;1;El Conquistador;final;1305.506;1847.327;1305.506;407.327;271.545
7251;1;El Conquistador;final;645.419;1472.638;645.419;32.638;245.371
7251.1;1;El Conquistador;final;1517.33;2044.476;77.33;604.476;306.205
7252;1;El Conquistador;final;1437.225;1742.638;1437.225;302.638;287.929
7252.1;1;El Conquistador;final;1581.406;2841.08;141.406;1401.08;82.304
7253;1;El Conquistador;final;1084.49;1754.638;1084.49;314.638;294.496
7253.1;1;El Conquistador;final;1288.313;2482.055;1288.313;1042.055;86.42
7254;1;El Conquistador;final;1109.49;1766.638;1109.49;326.638;297.457
7254.1;1;El Conquistador;final;1421.215;2505.438;1421.215;1065.438;165.305
7255;1;El Conquistador;final;1141.375;1778.638;1141.375;338.638;289.672
7255.1;1;El Conquistador;final;1387.603;2535.284;1387.603;1095.284;122.525
7256;1;El Conquistador;final;1154.237;1790.638;1154.237;350.638;307.216
7256.1;1;El Conquistador;final;1530.006;2469.861;90.006;1029.861;193.368
7257;1;El Conquistador;final;1194.792;1802.638;1194.792;362.638;294.248
7258;1;El Conquistador;final;1356.588;1817.638;1356.588;377.638;304.218
7258.1;1;El Conquistador;final;1457.749;2670.955;17.749;1230.955;99.121
7259;1;El Conquistador;final;1258.106;1832.638;1258.106;392.638;311.638
7260;1;El Conquistador;final;1080.225;1847.638;1080.225;407.638;277.904
7260.1;1;El Conquistador;final;1483.063;2480.384;43.063;1040.384;156.909
7261;1;El Conquistador;final;1172.436;1862.638;1172.436;422.638;309.52
7261.1;1;El Conquistador;final;1271.44;2560.535;1271.44;1120.535;61.832
7262;1;El Conquistador;final;1190.605;1892.638;1190.605;452.638;311.171
7262.1;1;El Conquistador;final;1425.553;2627.862;1425.553;1187.862;121.006
7263;1;El Conquistador;final;1230.605;1937.604;1230.605;497.604;306.288
7263.1;1;El Conquistador;final;1448.036;2657.862;8.036;1217.862;121.006
7264;1;El Conquistador;final;783.205;1406.718;783.205;1406.718;285.517
7264.1;1;El Conquistador;final;1344.521;2130.069;1344.521;690.069;231.657
7265;1;El Conquistador;final;929.12;1436.718;929.12;1436.718;314.758
7265.1;1;El Conquistador;final;1473.115;2378.767;33.115;938.767;189.801
7266;1;El Conquistador;final;1171.845;1736.718;1171.845;296.718;265.016
7266.1;1;El Conquistador;final;1312.969;2606.855;1312.969;1166.855;55.236
7267;1;El Conquistador;final;1250.579;1748.718;1250.579;308.718;295.45
7268;1;El Conquistador;final;1272.849;1760.718;1272.849;320.718;284.124
7269;1;El Conquistador;final;1306.395;1772.718;1306.395;332.718;302.221
7269.1;1;El Conquistador;final;1469.784;2738.555;29.784;1298.555;72.633
7270;1;El Conquistador;final;509.733;1796.718;509.733;356.718;55.273
7271;1;El Conquistador;final;487.295;1807.968;487.295;367.968;44.031
7272;1;El Conquistador;final;1251.238;1819.218;1251.238;379.218;129.968
7273;1;El Conquistador;final;1340.4;1830.468;1340.4;390.468;311.773
7273.1;1;El Conquistador;final;1377.349;2727.298;1377.349;1287.298;43.2
7274;1;El Conquistador;final;1203.119;1841.718;1203.119;401.718;305.628
7275;1;El Conquistador;final;1278.919;1864.218;1278.919;424.218;276.837
7275.1;1;El Conquistador;final;1481.305;2682.03;41.305;1242.03;100.998
7276;1;El Conquistador;final;1363.379;1875.468;1363.379;435.468;300.106
7276.1;1;El Conquistador;final;1396.745;2746.718;1396.745;1306.718;44.031
7277;1;El Conquistador;final;1396.584;1886.718;1396.584;446.718;300.706
7278;1;El Conquistador;intermedia;867.004;891.0;867.004;891.0;289.762
7278;2;El Conquistador;final;1121.654;1431.455;1121.654;1431.455;82.686
7278.1;1;El Conquistador;final;1274.395;2539.748;1274.395;1099.748;69.332
7279;1;El Conquistador;intermedia;939.888;961.0;939.888;961.0;299.158
7279;2;El Conquistador;final;1137.295;1461.455;1137.295;21.455;69.332
7279.1;1;El Conquistador;final;1276.183;2470.759;1276.183;1030.759;96.235
7280;1;El Conquistador;final;1299.013;1776.455;1299.013;336.455;285.406
7281;1;El Conquistador;final;1382.466;1806.455;1382.466;366.455;293.98
7281.1;1;El Conquistador;final;1476.813;2784.001;36.813;1344.001;62.616
7282;1;El Conquistador;final;1259.516;1821.455;1259.516;381.455;258.746
7283;1;El Conquistador;final;1262.234;1832.705;1262.234;392.705;261.139
7284;1;El Conquistador;final;1403.233;1843.955;1403.233;403.955;294.135
7284.1;1;El Conquistador;final;1462.841;2828.933;22.841;1388.933;34.415
7285;1;El Conquistador;final;1381.513;1888.955;1381.513;448.955;272.316
7286;1;El Conquistador;final;1204.946;1740.535;1204.946;300.535;238.577
7287;1;El Conquistador;final;1117.517;1752.535;1117.517;312.535;258.678
7287.1;1;El Conquistador;final;1453.613;2529.077;13.613;1089.077;142.756
7288;1;El Conquistador;final;1399.952;1764.535;1399.952;324.535;311.277
7289;1;El Conquistador;final;1262.579;1776.535;1262.579;336.535;167.531
7290;1;El Conquistador;final;1394.697;1788.535;1394.697;348.535;304.349
7290.1;1;El Conquistador;final;1441.025;2713.084;1.025;1273.084;74.815
7291;1;El Conquistador;final;1043.769;1800.535;1043.769;360.535;236.775
7291.1;1;El Conquistador;final;1470.552;2436.904;30.552;996.904;220.866
7292;1;El Conquistador;final;494.222;1815.535;494.222;375.535;40.416
7293;1;El Conquistador;final;509.222;1830.535;509.222;390.535;40.416
7294;1;El Conquistador;final;1364.272;1845.535;1364.272;405.535;313.288
7295;1;El Conquistador;final;1223.844;1860.535;1223.844;420.535;137.895
7296;1;El Conquistador;final;1255.546;1890.535;1255.546;450.535;204.648
7297;1;El Conquistador;final;1349.226;1920.535;1349.226;480.535;268.145
7298;1;El Conquistador;final;521.349;1757.862;521.349;317.862;76.082
7299;1;El Conquistador;final;1427.341;1777.862;1427.341;337.862;307.47
7299.1;1;El Conquistador;final;1573.652;2815.64;133.652;1375.64;94.81
7300;1;El Conquistador;final;1360.992;1797.862;1360.992;357.862;288.241
7301;1;El Conquistador;final;1191.146;1817.862;1191.146;377.862;206.689
7302;1;El Conquistador;final;1393.785;1843.562;1393.785;403.562;310.613
7303;1;El Conquistador;final;1175.139;1894.962;1175.139;454.962;239.011
7304;1;El Conquistador;final;1201.306;1907.862;1201.306;467.862;281.68
7304.1;1;El Conquistador;final;1459.101;2605.38;19.101;1165.38;117.975
7305;1;El Conquistador;final;1147.068;1720.565;1147.068;280.565;254.917
7306;1;El Conquistador;final;1468.649;1740.565;28.649;300.565;277.23
7307;1;El Conquistador;final;1280.459;1798.565;1280.459;358.565;311.371
7308;1;El Conquistador;final;1341.083;2140.565;1341.083;700.565;252.679
7309;1;El Conquistador;final;1155.744;1779.902;1155.744;339.902;287.74
7309.1;1;El Conquistador;final;1297.955;2525.89;1297.955;1085.89;86.36
7310;1;El Conquistador;final;1198.447;1839.902;1198.447;399.902;293.075
7310.1;1;El Conquistador;final;1261.635;2608.569;1261.635;1168.569;40.563
7311;1;El Conquistador;final;1245.885;1749.902;1245.885;309.902;279.601
7312;1;El Conquistador;final;1067.289;1769.902;1067.289;329.902;289.216
7312.1;1;El Conquistador;final;1373.879;2455.274;1373.879;1015.274;129.123
7313;1;El Conquistador;final;1264.783;1832.402;1264.783;392.402;295.006
7313.1;1;El Conquistador;final;1346.563;2653.974;1346.563;1213.974;56.263
7314;1;El Conquistador;final;1358.133;1839.902;1358.133;399.902;312.108
7315;1;El Conquistador;final;1044.4;1704.095;1044.4;264.095;276.718
7315.1;1;El Conquistador;final;1308.829;2479.902;1308.829;1039.902;128.483
7316;1;El Conquistador;final;1188.386;1724.095;1188.386;284.095;219.224
7317;1;El Conquistador;final;1010.326;1744.095;1010.326;304.095;294.391
7317.1;1;El Conquistador;final;1394.482;2446.684;1394.482;1006.684;170.998
7318;1;El Conquistador;final;1061.533;1779.095;1061.533;339.095;270.038
7318.1;1;El Conquistador;final;1469.9;2489.902;29.9;1049.902;233.951
7319;1;El Conquistador;final;1210.155;1786.595;1210.155;346.595;257.812
7320;1;El Conquistador;final;1286.579;1801.595;1286.579;361.595;299.088
7320.1;1;El Conquistador;final;1385.879;2670.468;1385.879;1230.468;74.465
7321;1;El Conquistador;final;1248.386;1809.095;1248.386;369.095;298.818
7321.1;1;El Conquistador;final;1380.569;2642.638;1380.569;1202.638;99.492
7322;1;El Conquistador;final;1184.023;2260.228;1184.023;820.228;160.302
7323;1;El Conquistador;final;1376.454;2364.095;1376.454;924.095;193.745
7324;1;El Conquistador;final;1439.068;2374.095;1439.068;934.095;188.47
7325;1;El Conquistador;final;1420.292;2414.095;1420.292;974.095;169.051
7326;1;El Conquistador;final;1381.15;2604.095;1381.15;1164.095;117.369
7327;1;El Conquistador;final;884.475;1421.608;884.475;1421.608;308.526
7327.1;1;El Conquistador;final;1464.508;2317.56;24.508;877.56;212.429
7328;1;El Conquistador;final;727.942;1451.608;727.942;11.608;278.219
7328.1;1;El Conquistador;final;1303.83;2163.284;1303.83;723.284;162.417
7329;1;El Conquistador;final;1346.647;1781.608;1346.647;341.608;293.062
7329.1;1;El Conquistador;final;1426.196;2677.233;1426.196;1237.233;82.87
7330;1;El Conquistador;final;1405.612;1811.608;1405.612;371.608;299.529
7330.1;1;El Conquistador;final;1519.701;2807.734;79.701;1367.734;73.004
7331;1;El Conquistador;final;1203.141;1743.284;1203.141;303.284;250.831
7332;1;El Conquistador;final;1212.312;1788.284;1212.312;348.284;277.366
7333;1;El Conquistador;final;1288.301;1803.284;1288.301;363.284;278.03
7334;1;El Conquistador;final;1327.955;1813.284;1327.955;373.284;269.513
7334.1;1;El Conquistador;final;1535.689;2714.271;95.689;1274.271;124.028
7335;1;El Conquistador;final;1292.417;1823.284;1292.417;383.284;289.289
7335.1;1;El Conquistador;final;1368.275;2597.933;1368.275;1157.933;90.535
7336;1;El Conquistador;final;1459.919;1833.284;19.919;393.284;259.524
7337;1;El Conquistador;final;1391.316;1843.284;1391.316;403.284;307.628
7337.1;1;El Conquistador;final;1428.749;2778.698;1428.749;1338.698;43.2
7338;1;El Conquistador;final;1447.133;1863.284;7.133;423.284;297.447
7338.1;1;El Conquistador;final;1510.958;2756.467;70.958;1316.467;90.535
7339;1;El Conquistador;final;1394.08;1873.284;1394.08;433.284;292.932
7340;1;El Conquistador;final;1329.225;1893.284;1329.225;453.284;253.214
7340.1;1;El Conquistador;final;1508.512;2733.234;68.512;1293.234;93.381
7341;1;El Conquistador;final;1289.025;1904.534;1289.025;464.534;260.16
7342;1;El Conquistador;final;1484.285;1915.784;44.285;475.784;298.056
7343;1;El Conquistador;final;1195.746;1754.314;1195.746;314.314;231.402
7344;1;El Conquistador;final;1228.83;1784.314;1228.83;344.314;255.938
7345;1;El Conquistador;final;1273.009;1814.314;1273.009;374.314;275.39
7345.1;1;El Conquistador;final;1515.908;2668.984;75.908;1228.984;122.397
7346;1;El Conquistador;final;1271.951;1829.314;1271.951;389.314;238.811
7346.1;1;El Conquistador;final;1479.975;2665.121;39.975;1225.121;133.897
7347;1;El Conquistador;final;1474.225;1844.314;34.225;404.314;291.664
7348;1;El Conquistador;final;1367.046;1859.314;1367.046;419.314;279.981
7349;1;El Conquistador;final;1378.738;1874.314;1378.738;434.314;314.065
7349.1;1;El Conquistador;final;1501.462;2793.148;61.462;1353.148;69.332
7350;1;El Conquistador;final;1506.546;1743.284;66.546;303.284;260.477
7351;1;El Conquistador;final;1304.467;1755.284;1304.467;315.284;303.39
7351.1;1;El Conquistador;final;1460.417;2722.866;20.417;1282.866;73.765
7352;1;El Conquistador;final;1169.434;1767.284;1169.434;327.284;220.03
7353;1;El Conquistador;final;1428.462;1779.284;1428.462;339.284;267.192
7354;1;El Conquistador;final;1163.727;1791.284;1163.727;351.284;255.464
7355;1;El Conquistador;final;1346.772;1803.284;1346.772;363.284;306.417
7356;1;El Conquistador;final;1302.059;1811.451;1302.059;371.451;262.724
7356.1;1;El Conquistador;final;1494.893;2697.284;54.893;1257.284;108.091
7357;1;El Conquistador;final;1274.783;1819.617;1274.783;379.617;155.268
7358;1;El Conquistador;final;1259.903;1827.784;1259.903;387.784;251.348
7359;1;El Conquistador;final;1421.716;1835.951;1421.716;395.951;299.801
7359.1;1;El Conquistador;final;1473.365;2841.117;33.365;1401.117;32.859
7360;1;El Conquistador;final;1244.517;1844.117;1244.517;404.117;236.204
7361;1;El Conquistador;final;1325.092;1852.284;1325.092;412.284;257.679
7361.1;1;El Conquistador;final;1567.308;2720.384;127.308;1280.384;122.397
7362;1;El Conquistador;final;510.533;1876.784;510.533;436.784;28.702
7363;1;El Conquistador;final;1258.593;1884.951;1258.593;444.951;229.671
7364;1;El Conquistador;final;1338.106;1893.117;1338.106;453.117;252.116
7364.1;1;El Conquistador;final;1470.503;2732.571;30.503;1292.571;99.492
7365;1;El Conquistador;final;524.716;1893.284;524.716;453.284;28.702
7366;1;El Conquistador;final;1336.203;1911.284;1336.203;471.284;281.644
7367;1;El Conquistador;final;1246.272;1920.284;1246.272;480.284;125.278
7368;1;El Conquistador;final;1272.896;1938.284;1272.896;498.284;206.638
7369;1;El Conquistador;final;497.45;1742.89;497.45;302.89;91.772
7370;1;El Conquistador;final;1278.059;1757.89;1278.059;317.89;276.965
7371;1;El Conquistador;final;1153.219;1787.89;1153.219;347.89;269.492
7371.1;1;El Conquistador;final;1523.833;2558.28;83.833;1118.28;163.852
7372;1;El Conquistador;final;1305.105;1802.89;1305.105;362.89;307.665
7373;1;El Conquistador;final;1500.213;1817.89;60.213;377.89;249.128
7374;1;El Conquistador;final;1327.791;1825.39;1327.791;385.39;273.107
7374.1;1;El Conquistador;final;1477.929;2711.61;37.929;1271.61;91.057
7375;1;El Conquistador;final;1453.041;1832.89;13.041;392.89;314.741
7376;1;El Conquistador;final;1421.752;1847.89;1421.752;407.89;287.826
7377;1;El Conquistador;final;1293.021;1855.39;1293.021;415.39;141.611
7378;1;El Conquistador;final;1252.449;1892.89;1252.449;452.89;200.146
7379;1;El Conquistador;final;1438.133;1982.89;1438.133;542.89;251.346
7380;1;El Conquistador;final;1297.032;1750.854;1297.032;310.854;297.306
7381;1;El Conquistador;final;1359.434;1780.854;1359.434;340.854;308.755
7382;1;El Conquistador;final;1302.77;1743.284;1302.77;303.284;288.767
7383;1;El Conquistador;final;1240.237;1758.284;1240.237;318.284;302.527
7383.1;1;El Conquistador;final;1514.38;2550.861;74.38;1110.861;165.6
7384;1;El Conquistador;final;1417.196;1773.284;1417.196;333.284;298.572
7385;1;El Conquistador;final;1271.892;1788.284;1271.892;348.284;274.083
7386;1;El Conquistador;final;1262.849;1803.284;1262.849;363.284;263.394
7387;1;El Conquistador;final;1357.791;1816.134;1357.791;376.134;295.746
7388;1;El Conquistador;final;1347.659;1828.984;1347.659;388.984;294.438
7389;1;El Conquistador;final;1259.563;1841.834;1259.563;401.834;268.917
7390;1;El Conquistador;final;1390.324;1854.684;1390.324;414.684;304.665
7390.1;1;El Conquistador;final;1469.619;2813.19;29.619;1373.19;45.601
7391;1;El Conquistador;final;1348.659;1867.534;1348.659;427.534;258.465
7392;1;El Conquistador;final;1334.266;1893.234;1334.266;453.234;248.144
7393;1;El Conquistador;final;1308.497;1893.284;1308.497;453.284;245.985
7394;1;El Conquistador;final;1327.605;1938.284;1327.605;498.284;266.071
7395;1;El Conquistador;final;1346.785;1809.902;1346.785;369.902;300.417
7395.1;1;El Conquistador;final;1404.271;2662.714;1404.271;1222.714;78.593
7396;1;El Conquistador;final;1397.455;1839.902;1397.455;399.902;295.116
7397;1;El Conquistador;final;1318.116;1793.972;1318.116;353.972;307.511
7397.1;1;El Conquistador;final;1424.213;2721.001;1424.213;1281.001;62.616
7398;1;El Conquistador;final;1338.634;1823.972;1338.634;383.972;297.168
7398.1;1;El Conquistador;final;1504.785;2671.445;64.785;1231.445;128.289
7399;1;El Conquistador;final;494.398;1853.972;494.398;413.972;34.409
7400;1;El Conquistador;final;1435.352;1913.972;1435.352;473.972;307.549
7401;1;El Conquistador;final;1247.018;1470.535;1247.018;30.535;302.334
7401.1;1;El Conquistador;final;1345.513;2646.152;1345.513;1206.152;61.138
7402;1;El Conquistador;final;1274.949;1750.535;1274.949;310.535;273.534
7402.1;1;El Conquistador;final;1407.547;2668.984;1407.547;1228.984;75.651
7403;1;El Conquistador;final;1292.421;1760.535;1292.421;320.535;293.633
7403.1;1;El Conquistador;final;1410.222;2677.301;1410.222;1237.301;81.141
7404;1;El Conquistador;final;1286.165;1780.535;1286.165;340.535;290.282
7404.1;1;El Conquistador;final;1477.759;2679.284;37.759;1239.284;108.091
7405;1;El Conquistador;final;1376.745;1790.535;1376.745;350.535;303.774
7405.1;1;El Conquistador;final;1550.129;2811.455;110.129;1371.455;89.888
7406;1;El Conquistador;final;1275.455;1808.035;1275.455;368.035;293.633
7406.1;1;El Conquistador;final;1398.06;2654.271;1398.06;1214.271;86.832
7407;1;El Conquistador;final;1405.4;1815.535;1405.4;375.535;299.73
7407.1;1;El Conquistador;final;1462.478;2696.734;22.478;1256.734;97.152
7408;1;El Conquistador;final;1338.021;1823.035;1338.021;383.035;169.95
7409;1;El Conquistador;final;1269.858;1830.535;1269.858;390.535;151.225
7410;1;El Conquistador;final;1355.402;1838.035;1355.402;398.035;173.414
7411;1;El Conquistador;final;1481.467;1845.535;41.467;405.535;314.47
7412;1;El Conquistador;final;491.349;1853.035;491.349;413.035;31.932
7413;1;El Conquistador;final;1571.449;1860.535;131.449;420.535;273.129
7414;1;El Conquistador;final;513.849;1875.535;513.849;435.535;31.932
7415;1;El Conquistador;final;526.783;1890.535;526.783;450.535;31.932
7416;1;El Conquistador;final;1361.9;1753.267;1361.9;313.267;300.227
7416.1;1;El Conquistador;final;1508.492;2777.533;68.492;1337.533;76.67
7417;1;El Conquistador;final;1319.563;1763.267;1319.563;323.267;298.925
7418;1;El Conquistador;final;1269.568;1773.267;1269.568;333.267;262.634
7419;1;El Conquistador;final;1340.092;1783.267;1340.092;343.267;275.217
7419.1;1;El Conquistador;final;1558.487;2733.284;118.487;1293.284;130.422
7420;1;El Conquistador;final;1561.901;1800.521;121.901;360.521;284.701
7421;1;El Conquistador;final;1544.768;1815.521;104.768;375.521;281.223
7422;1;El Conquistador;final;1488.171;1830.521;48.171;390.521;238.581
7423;1;El Conquistador;final;490.016;1860.521;490.016;420.521;27.733
7424;1;El Conquistador;final;1373.201;1890.521;1373.201;450.521;268.904
7425;1;El Conquistador;final;1240.969;1908.521;1240.969;468.521;284.425
7425.1;1;El Conquistador;final;1498.803;2642.571;58.803;1202.571;150.965
7426;1;El Conquistador;final;1227.45;1735.656;1227.45;295.656;295.248
7426.1;1;El Conquistador;final;1452.486;2531.7;12.486;1091.7;151.748
7427;1;El Conquistador;final;1558.497;1747.656;118.497;307.656;257.014
7428;1;El Conquistador;final;1333.726;1771.656;1333.726;331.656;309.774
7429;1;El Conquistador;final;1220.536;1795.656;1220.536;355.656;261.575
7430;1;El Conquistador;final;1352.619;1803.822;1352.619;363.822;308.35
7431;1;El Conquistador;final;1371.101;1811.989;1371.101;371.989;301.336
7432;1;El Conquistador;final;1146.752;1820.156;1146.752;380.156;238.927
7433;1;El Conquistador;final;1195.309;1828.322;1195.309;388.322;246.132
7434;1;El Conquistador;final;1417.428;1836.489;1417.428;396.489;309.757
7434.1;1;El Conquistador;final;1558.6;2797.943;118.6;1357.943;97.686
7435;1;El Conquistador;final;500.731;1844.656;500.731;404.656;38.155
7436;1;El Conquistador;final;1187.951;1860.989;1187.951;420.989;238.979
7437;1;El Conquistador;final;1300.536;1885.489;1300.536;445.489;277.474
7438;1;El Conquistador;final;1320.536;1885.656;1320.536;445.656;266.921
7438.1;1;El Conquistador;final;1456.947;2705.963;16.947;1265.963;82.337
7439;1;El Conquistador;final;1213.869;1908.156;1213.869;468.156;225.313
7440;1;El Conquistador;final;1267.926;1785.366;1267.926;345.366;295.557
7441;1;El Conquistador;final;1290.426;1815.502;1290.426;375.502;282.269
7442;1;El Conquistador;final;1356.101;1824.502;1356.101;384.502;311.948
7443;1;El Conquistador;final;1281.701;1833.502;1281.701;393.502;271.17
7443.1;1;El Conquistador;final;1553.626;2700.366;113.626;1260.366;127.57
7444;1;El Conquistador;final;1287.384;1842.502;1287.384;402.502;260.044
7445;1;El Conquistador;final;1243.424;1860.502;1243.424;420.502;236.425
7446;1;El Conquistador;final;1379.817;1896.502;1379.817;456.502;277.324
7446.1;1;El Conquistador;final;1502.226;2796.766;62.226;1356.766;66.965
7447;1;El Conquistador;final;1181.976;1905.366;1181.976;465.366;221.12
7448;1;El Conquistador;final;1337.565;1742.89;1337.565;302.89;298.997
7448.1;1;El Conquistador;final;1465.165;2732.89;25.165;1292.89;81.1
7449;1;El Conquistador;final;1231.175;1757.89;1231.175;317.89;251.04
7450;1;El Conquistador;final;1333.009;1772.89;1333.009;332.89;271.041
7450.1;1;El Conquistador;final;1512.026;2733.284;72.026;1293.284;108.091
7451;1;El Conquistador;final;1291.876;1787.89;1291.876;347.89;300.391
7451.1;1;El Conquistador;final;1500.197;2710.906;60.197;1270.906;101.335
7452;1;El Conquistador;final;1393.325;1802.89;1393.325;362.89;310.81
7452.1;1;El Conquistador;final;1536.212;2774.61;96.212;1334.61;94.222
7453;1;El Conquistador;final;1533.229;1812.89;93.229;372.89;243.687
7454;1;El Conquistador;final;1378.73;1822.89;1378.73;382.89;262.016
7455;1;El Conquistador;final;1311.44;1832.89;1311.44;392.89;248.133
7456;1;El Conquistador;final;1166.743;1842.89;1166.743;402.89;224.124
7457;1;El Conquistador;final;1370.47;1872.89;1370.47;432.89;297.311
7457.1;1;El Conquistador;final;1413.059;2672.961;1413.059;1232.961;86.8
7458;1;El Conquistador;final;1306.439;1882.89;1306.439;442.89;227.023
7459;1;El Conquistador;final;1268.516;1982.89;1268.516;542.89;197.1
7460;1;El Conquistador;final;954.247;1479.8;954.247;39.8;280.753
7460.1;1;El Conquistador;final;1500.171;2290.685;60.171;850.685;242.004
7461;1;El Conquistador;final;1212.849;1749.8;1212.849;309.8;287.168
7461.1;1;El Conquistador;final;1513.301;2589.293;73.301;1149.293;154.347
7462;1;El Conquistador;final;1170.955;1800.132;1170.955;360.132;253.738
