trip_id;start_time;end_time;headway_secs
101-I-L-B02;05:30:00;06:30:00;900
101-I-L-B03;06:30:00;08:00:00;675
101-I-L-B04;08:00:00;09:30:00;771
101-I-L-B05;09:30:00;12:30:00;900
101-I-L-B06;12:30:00;14:00:00;900
101-I-L-B07;14:00:00;16:30:00;818
101-I-L-B08;16:30:00;18:30:00;720
101-I-L-B09;18:30:00;20:30:00;720
101-I-L-B10;20:30:00;22:00:00;900
101-I-L-B11;22:00:00;24:00:00;1200
101-R-L-B01;01:00:00;05:30:00;8100
101-R-L-B02;05:30:00;06:30:00;514
101-R-L-B03;06:30:00;08:00:00;675
101-R-L-B04;08:00:00;09:30:00;771
101-R-L-B05;09:30:00;12:30:00;900
101-R-L-B06;12:30:00;14:00:00;900
101-R-L-B07;14:00:00;16:30:00;818
101-R-L-B08;16:30:00;18:30:00;720
101-R-L-B09;18:30:00;20:30:00;800
101-R-L-B10;20:30:00;22:00:00;900
101-R-L-B11;22:00:00;24:00:00;1028
102-I-L-B00;00:00:00;01:00:00;1800
102-I-L-B02;05:30:00;06:30:00;900
102-I-L-B03;06:30:00;08:00:00;900
102-I-L-B04;08:00:00;09:30:00;900
102-I-L-B05;09:30:00;12:30:00;830
102-I-L-B06;12:30:00;14:00:00;600
102-I-L-B07;14:00:00;16:30:00;692
102-I-L-B08;16:30:00;18:30:00;553
102-I-L-B09;18:30:00;20:30:00;720
102-I-L-B10;20:30:00;22:00:00;771
102-I-L-B11;22:00:00;24:00:00;1028
102-R-L-B00;00:00:00;01:00:00;1800
102-R-L-B02;05:30:00;06:30:00;600
102-R-L-B03;06:30:00;08:00:00;900
102-R-L-B04;08:00:00;09:30:00;900
102-R-L-B05;09:30:00;12:30:00;771
102-R-L-B06;12:30:00;14:00:00;771
102-R-L-B07;14:00:00;16:30:00;692
102-R-L-B08;16:30:00;18:30:00;800
102-R-L-B09;18:30:00;20:30:00;800
102-R-L-B10;20:30:00;22:00:00;771
102-R-L-B11;22:00:00;24:00:00;1200
103-I-L-B00;00:00:00;01:00:00;1800
103-I-L-B01;01:00:00;05:30:00;8100
103-I-L-B02;05:30:00;06:30:00;1200
103-I-L-B03;06:30:00;08:00:00;600
103-I-L-B04;08:00:00;09:30:00;600
103-I-L-B05;09:30:00;12:30:00;635
103-I-L-B06;12:30:00;14:00:00;600
103-I-L-B07;14:00:00;16:30:00;642
103-I-L-B08;16:30:00;18:30:00;600
103-I-L-B09;18:30:00;20:30:00;654
103-I-L-B10;20:30:00;22:00:00;771
103-I-L-B11;22:00:00;24:00:00;1028
103-R-L-B00;00:00:00;01:00:00;1800
103-R-L-B01;01:00:00;05:30:00;5400
103-R-L-B02;05:30:00;06:30:00;600
103-R-L-B03;06:30:00;08:00:00;540
103-R-L-B04;08:00:00;09:30:00;600
103-R-L-B05;09:30:00;12:30:00;635
103-R-L-B06;12:30:00;14:00:00;600
103-R-L-B07;14:00:00;16:30:00;600
103-R-L-B08;16:30:00;18:30:00;600
103-R-L-B09;18:30:00;20:30:00;654
103-R-L-B10;20:30:00;22:00:00;771
103-R-L-B11;22:00:00;24:00:00;1200
104-I-L-B00;00:00:00;01:00:00;1200
104-I-L-B01;01:00:00;05:30:00;1800
104-I-L-B02;05:30:00;06:30:00;720
104-I-L-B03;06:30:00;08:00:00;360
104-I-L-B04;08:00:00;09:30:00;360
104-I-L-B05;09:30:00;12:30:00;360
104-I-L-B06;12:30:00;14:00:00;360
104-I-L-B07;14:00:00;16:30:00;346
104-I-L-B08;16:30:00;18:30:00;276
104-I-L-B09;18:30:00;20:30:00;300
104-I-L-B10;20:30:00;22:00:00;360
104-I-L-B11;22:00:00;24:00:00;514
104-R-L-B00;00:00:00;01:00:00;1800
104-R-L-B01;01:00:00;05:30:00;1157
104-R-L-B02;05:30:00;06:30:00;360
104-R-L-B03;06:30:00;08:00:00;270
104-R-L-B04;08:00:00;09:30:00;360
104-R-L-B05;09:30:00;12:30:00;360
104-R-L-B06;12:30:00;14:00:00;385
104-R-L-B07;14:00:00;16:30:00;409
104-R-L-B08;16:30:00;18:30:00;360
104-R-L-B09;18:30:00;20:30:00;514
104-R-L-B10;20:30:00;22:00:00;600
104-R-L-B11;22:00:00;24:00:00;800
105-I-L-B01;01:00:00;05:30:00;8100
105-I-L-B02;05:30:00;06:30:00;400
105-I-L-B03;06:30:00;08:00:00;415
105-I-L-B04;08:00:00;09:30:00;415
105-I-L-B05;09:30:00;12:30:00;568
105-I-L-B06;12:30:00;14:00:00;600
105-I-L-B07;14:00:00;16:30:00;600
105-I-L-B08;16:30:00;18:30:00;423
105-I-L-B09;18:30:00;20:30:00;480
105-I-L-B10;20:30:00;22:00:00;900
105-I-L-B11;22:00:00;24:00:00;1028
105-R-L-B01;01:00:00;05:30:00;8100
105-R-L-B02;05:30:00;06:30:00;400
105-R-L-B03;06:30:00;08:00:00;415
105-R-L-B04;08:00:00;09:30:00;415
105-R-L-B05;09:30:00;12:30:00;568
105-R-L-B06;12:30:00;14:00:00;600
105-R-L-B07;14:00:00;16:30:00;600
105-R-L-B08;16:30:00;18:30:00;423
105-R-L-B09;18:30:00;20:30:00;480
105-R-L-B10;20:30:00;22:00:00;771
105-R-L-B11;22:00:00;24:00:00;1028
105c-R-L-B02;05:30:00;06:30:00;720
105c-R-L-B03;06:30:00;08:00:00;675
105c-R-L-B04;08:00:00;09:30:00;771
105c-R-L-B08;16:30:00;18:30:00;900
105c-R-L-B09;18:30:00;20:30:00;900
105c-R-L-B10;20:30:00;22:00:00;2700
106-I-L-B02;05:30:00;06:30:00;600
106-I-L-B03;06:30:00;08:00:00;450
106-I-L-B04;08:00:00;09:30:00;540
106-I-L-B05;09:30:00;12:30:00;635
106-I-L-B06;12:30:00;14:00:00;675
106-I-L-B07;14:00:00;16:30:00;562
106-I-L-B08;16:30:00;18:30:00;654
106-I-L-B09;18:30:00;20:30:00;800
106-I-L-B10;20:30:00;22:00:00;900
106-I-L-B11;22:00:00;24:00:00;1028
106-R-L-B02;05:30:00;06:30:00;900
106-R-L-B03;06:30:00;08:00:00;490
106-R-L-B04;08:00:00;09:30:00;675
106-R-L-B05;09:30:00;12:30:00;635
106-R-L-B06;12:30:00;14:00:00;600
106-R-L-B07;14:00:00;16:30:00;600
106-R-L-B08;16:30:00;18:30:00;600
106-R-L-B09;18:30:00;20:30:00;720
106-R-L-B10;20:30:00;22:00:00;900
106-R-L-B11;22:00:00;24:00:00;1028
107-I-L-B00;00:00:00;01:00:00;1800
107-I-L-B01;01:00:00;05:30:00;1349
107-I-L-B02;05:30:00;06:30:00;450
107-I-L-B03;06:30:00;08:00:00;360
107-I-L-B04;08:00:00;09:30:00;490
107-I-L-B05;09:30:00;12:30:00;514
107-I-L-B06;12:30:00;14:00:00;490
107-I-L-B07;14:00:00;16:30:00;473
107-I-L-B08;16:30:00;18:30:00;360
107-I-L-B09;18:30:00;20:30:00;514
107-I-L-B10;20:30:00;22:00:00;771
107-I-L-B11;22:00:00;24:00:00;1200
107-R-L-B00;00:00:00;01:00:00;1800
107-R-L-B01;01:00:00;05:30:00;1246
107-R-L-B02;05:30:00;06:30:00;257
107-R-L-B03;06:30:00;08:00:00;337
107-R-L-B04;08:00:00;09:30:00;450
107-R-L-B05;09:30:00;12:30:00;514
107-R-L-B06;12:30:00;14:00:00;490
107-R-L-B07;14:00:00;16:30:00;473
107-R-L-B08;16:30:00;18:30:00;400
107-R-L-B09;18:30:00;20:30:00;514
107-R-L-B10;20:30:00;22:00:00;771
107-R-L-B11;22:00:00;24:00:00;1028
107c-I-L-B03;06:30:00;08:00:00;771
107c-I-L-B08;16:30:00;18:30:00;900
107c-I-L-B09;18:30:00;20:30:00;1028
107c-R-L-B03;06:30:00;08:00:00;540
107c-R-L-B08;16:30:00;18:30:00;2400
107c-R-L-B09;18:30:00;20:30:00;1200
108-I-L-B01;01:00:00;05:30:00;3240
108-I-L-B02;05:30:00;06:30:00;450
108-I-L-B03;06:30:00;08:00:00;450
108-I-L-B04;08:00:00;09:30:00;540
108-I-L-B05;09:30:00;12:30:00;720
108-I-L-B06;12:30:00;14:00:00;675
108-I-L-B07;14:00:00;16:30:00;642
108-I-L-B08;16:30:00;18:30:00;553
108-I-L-B09;18:30:00;20:30:00;600
108-I-L-B10;20:30:00;22:00:00;900
108-I-L-B11;22:00:00;24:00:00;1028
108-R-L-B02;05:30:00;06:30:00;720
108-R-L-B03;06:30:00;08:00:00;450
108-R-L-B04;08:00:00;09:30:00;540
108-R-L-B05;09:30:00;12:30:00;720
108-R-L-B06;12:30:00;14:00:00;675
108-R-L-B07;14:00:00;16:30:00;562
108-R-L-B08;16:30:00;18:30:00;480
108-R-L-B09;18:30:00;20:30:00;720
108-R-L-B10;20:30:00;22:00:00;900
108-R-L-B11;22:00:00;24:00:00;1028
109-I-L-B02;05:30:00;06:30:00;450
109-I-L-B03;06:30:00;08:00:00;540
109-I-L-B04;08:00:00;09:30:00;600
109-I-L-B05;09:30:00;12:30:00;600
109-I-L-B06;12:30:00;14:00:00;675
109-I-L-B07;14:00:00;16:30:00;600
109-I-L-B08;16:30:00;18:30:00;480
109-I-L-B09;18:30:00;20:30:00;600
109-I-L-B10;20:30:00;22:00:00;771
109-I-L-B11;22:00:00;24:00:00;1028
109-R-L-B02;05:30:00;06:30:00;450
109-R-L-B03;06:30:00;08:00:00;490
109-R-L-B04;08:00:00;09:30:00;600
109-R-L-B05;09:30:00;12:30:00;635
109-R-L-B06;12:30:00;14:00:00;675
109-R-L-B07;14:00:00;16:30:00;529
109-R-L-B08;16:30:00;18:30:00;514
109-R-L-B09;18:30:00;20:30:00;600
109-R-L-B10;20:30:00;22:00:00;771
109-R-L-B11;22:00:00;24:00:00;1028
109N-I-L-B00;00:00:00;01:00:00;1800
109N-I-L-B01;01:00:00;05:30:00;1800
109N-R-L-B00;00:00:00;01:00:00;1800
109N-R-L-B01;01:00:00;05:30:00;1800
110-I-L-B00;00:00:00;01:00:00;1800
110-I-L-B02;05:30:00;06:30:00;900
110-I-L-B03;06:30:00;08:00:00;675
110-I-L-B04;08:00:00;09:30:00;675
110-I-L-B05;09:30:00;12:30:00;720
110-I-L-B06;12:30:00;14:00:00;771
110-I-L-B07;14:00:00;16:30:00;600
110-I-L-B08;16:30:00;18:30:00;600
110-I-L-B09;18:30:00;20:30:00;654
110-I-L-B10;20:30:00;22:00:00;771
110-I-L-B11;22:00:00;24:00:00;900
110-R-L-B02;05:30:00;06:30:00;514
110-R-L-B03;06:30:00;08:00:00;675
110-R-L-B04;08:00:00;09:30:00;675
110-R-L-B05;09:30:00;12:30:00;771
110-R-L-B06;12:30:00;14:00:00;900
110-R-L-B07;14:00:00;16:30:00;600
110-R-L-B08;16:30:00;18:30:00;514
110-R-L-B09;18:30:00;20:30:00;600
110-R-L-B10;20:30:00;22:00:00;675
110-R-L-B11;22:00:00;24:00:00;900
110c-I-L-B03;06:30:00;08:00:00;450
110c-I-L-B04;08:00:00;09:30:00;540
110c-I-L-B05;09:30:00;12:30:00;900
110c-I-L-B06;12:30:00;14:00:00;900
110c-I-L-B07;14:00:00;16:30:00;900
110c-I-L-B08;16:30:00;18:30:00;600
110c-I-L-B09;18:30:00;20:30:00;514
110c-I-L-B10;20:30:00;22:00:00;771
110c-R-L-B02;05:30:00;06:30:00;1200
110c-R-L-B03;06:30:00;08:00:00;450
110c-R-L-B04;08:00:00;09:30:00;540
110c-R-L-B05;09:30:00;12:30:00;900
110c-R-L-B06;12:30:00;14:00:00;900
110c-R-L-B07;14:00:00;16:30:00;750
110c-R-L-B08;16:30:00;18:30:00;553
110c-R-L-B09;18:30:00;20:30:00;480
110c-R-L-B10;20:30:00;22:00:00;1080
111-I-L-B02;05:30:00;06:30:00;1200
111-I-L-B03;06:30:00;08:00:00;600
111-I-L-B04;08:00:00;09:30:00;600
111-I-L-B05;09:30:00;12:30:00;635
111-I-L-B06;12:30:00;14:00:00;675
111-I-L-B07;14:00:00;16:30:00;642
111-I-L-B08;16:30:00;18:30:00;600
111-I-L-B09;18:30:00;20:30:00;720
111-I-L-B10;20:30:00;22:00:00;771
111-I-L-B11;22:00:00;24:00:00;1800
111-R-L-B01;01:00:00;05:30:00;5400
111-R-L-B02;05:30:00;06:30:00;600
111-R-L-B03;06:30:00;08:00:00;600
111-R-L-B04;08:00:00;09:30:00;600
111-R-L-B05;09:30:00;12:30:00;635
111-R-L-B06;12:30:00;14:00:00;675
111-R-L-B07;14:00:00;16:30:00;642
111-R-L-B08;16:30:00;18:30:00;654
111-R-L-B09;18:30:00;20:30:00;800
111-R-L-B10;20:30:00;22:00:00;900
111-R-L-B11;22:00:00;24:00:00;1800
113-I-L-B02;05:30:00;06:30:00;600
113-I-L-B03;06:30:00;08:00:00;675
113-I-L-B04;08:00:00;09:30:00;771
113-I-L-B05;09:30:00;12:30:00;720
113-I-L-B06;12:30:00;14:00:00;675
113-I-L-B07;14:00:00;16:30:00;692
113-I-L-B08;16:30:00;18:30:00;654
113-I-L-B09;18:30:00;20:30:00;800
113-I-L-B10;20:30:00;22:00:00;771
113-I-L-B11;22:00:00;24:00:00;1800
113-R-L-B03;06:30:00;08:00:00;675
113-R-L-B04;08:00:00;09:30:00;771
113-R-L-B05;09:30:00;12:30:00;720
113-R-L-B06;12:30:00;14:00:00;675
113-R-L-B07;14:00:00;16:30:00;692
113-R-L-B08;16:30:00;18:30:00;654
113-R-L-B09;18:30:00;20:30:00;800
113-R-L-B10;20:30:00;22:00:00;675
113-R-L-B11;22:00:00;24:00:00;1200
113c-I-L-B02;05:30:00;06:30:00;1200
113c-I-L-B03;06:30:00;08:00:00;490
113c-I-L-B04;08:00:00;09:30:00;1800
113c-I-L-B09;18:30:00;20:30:00;800
113c-R-L-B03;06:30:00;08:00:00;675
113c-R-L-B04;08:00:00;09:30:00;1800
113c-R-L-B09;18:30:00;20:30:00;800
113e-I-L-B02;05:30:00;06:30:00;1200
113e-I-L-B03;06:30:00;08:00:00;675
113e-I-L-B04;08:00:00;09:30:00;1800
113e-R-L-B08;16:30:00;18:30:00;720
113e-R-L-B09;18:30:00;20:30:00;514
113e-R-L-B10;20:30:00;22:00:00;1350
114-I-L-B02;05:30:00;06:30:00;900
114-I-L-B03;06:30:00;08:00:00;600
114-I-L-B04;08:00:00;09:30:00;771
114-I-L-B05;09:30:00;12:30:00;720
114-I-L-B06;12:30:00;14:00:00;675
114-I-L-B07;14:00:00;16:30:00;750
114-I-L-B08;16:30:00;18:30:00;600
114-I-L-B09;18:30:00;20:30:00;654
114-I-L-B10;20:30:00;22:00:00;771
114-I-L-B11;22:00:00;24:00:00;1440
114-R-L-B01;01:00:00;05:30:00;5400
114-R-L-B02;05:30:00;06:30:00;600
114-R-L-B03;06:30:00;08:00:00;490
114-R-L-B04;08:00:00;09:30:00;675
114-R-L-B05;09:30:00;12:30:00;720
114-R-L-B06;12:30:00;14:00:00;675
114-R-L-B07;14:00:00;16:30:00;750
114-R-L-B08;16:30:00;18:30:00;720
114-R-L-B09;18:30:00;20:30:00;800
114-R-L-B10;20:30:00;22:00:00;900
114-R-L-B11;22:00:00;24:00:00;2400
115-I-L-B02;05:30:00;06:30:00;600
115-I-L-B03;06:30:00;08:00:00;600
115-I-L-B04;08:00:00;09:30:00;675
115-I-L-B05;09:30:00;12:30:00;675
115-I-L-B06;12:30:00;14:00:00;600
115-I-L-B07;14:00:00;16:30:00;500
115-I-L-B08;16:30:00;18:30:00;600
115-I-L-B09;18:30:00;20:30:00;800
115-I-L-B10;20:30:00;22:00:00;771
115-I-L-B11;22:00:00;24:00:00;1800
115-R-L-B03;06:30:00;08:00:00;900
115-R-L-B04;08:00:00;09:30:00;675
115-R-L-B05;09:30:00;12:30:00;675
115-R-L-B06;12:30:00;14:00:00;600
115-R-L-B07;14:00:00;16:30:00;529
115-R-L-B08;16:30:00;18:30:00;600
115-R-L-B09;18:30:00;20:30:00;600
115-R-L-B10;20:30:00;22:00:00;771
115-R-L-B11;22:00:00;24:00:00;1028
115c-I-L-B02;05:30:00;06:30:00;900
115c-I-L-B03;06:30:00;08:00:00;900
115c-I-L-B04;08:00:00;09:30:00;900
115c-I-L-B08;16:30:00;18:30:00;1028
115c-I-L-B09;18:30:00;20:30:00;1028
116-I-L-B02;05:30:00;06:30:00;720
116-I-L-B03;06:30:00;08:00:00;675
116-I-L-B04;08:00:00;09:30:00;771
116-I-L-B05;09:30:00;12:30:00;720
116-I-L-B06;12:30:00;14:00:00;771
116-I-L-B07;14:00:00;16:30:00;642
116-I-L-B08;16:30:00;18:30:00;654
116-I-L-B09;18:30:00;20:30:00;720
116-I-L-B10;20:30:00;22:00:00;771
116-I-L-B11;22:00:00;24:00:00;1200
117-I-L-B02;05:30:00;06:30:00;720
117-I-L-B03;06:30:00;08:00:00;540
117-I-L-B04;08:00:00;09:30:00;540
117-I-L-B05;09:30:00;12:30:00;675
117-I-L-B06;12:30:00;14:00:00;600
117-I-L-B07;14:00:00;16:30:00;692
117-I-L-B08;16:30:00;18:30:00;514
117-I-L-B09;18:30:00;20:30:00;654
117-I-L-B10;20:30:00;22:00:00;675
117-I-L-B11;22:00:00;24:00:00;1028
117-R-L-B01;01:00:00;05:30:00;8100
117-R-L-B02;05:30:00;06:30:00;720
117-R-L-B03;06:30:00;08:00:00;450
117-R-L-B04;08:00:00;09:30:00;540
117-R-L-B05;09:30:00;12:30:00;675
117-R-L-B06;12:30:00;14:00:00;600
117-R-L-B07;14:00:00;16:30:00;692
117-R-L-B08;16:30:00;18:30:00;600
117-R-L-B09;18:30:00;20:30:00;600
117-R-L-B10;20:30:00;22:00:00;771
117-R-L-B11;22:00:00;24:00:00;1028
117c-I-L-B02;05:30:00;06:30:00;900
117c-I-L-B03;06:30:00;08:00:00;600
117c-I-L-B04;08:00:00;09:30:00;1080
117c-I-L-B07;14:00:00;16:30:00;4500
117c-I-L-B08;16:30:00;18:30:00;720
117c-I-L-B09;18:30:00;20:30:00;800
117c-I-L-B10;20:30:00;22:00:00;1800
118-I-L-B02;05:30:00;06:30:00;514
118-I-L-B03;06:30:00;08:00:00;450
118-I-L-B04;08:00:00;09:30:00;540
118-I-L-B05;09:30:00;12:30:00;900
118-I-L-B06;12:30:00;14:00:00;900
118-I-L-B07;14:00:00;16:30:00;750
118-I-L-B08;16:30:00;18:30:00;600
118-I-L-B09;18:30:00;20:30:00;600
118-I-L-B10;20:30:00;22:00:00;600
118-I-L-B11;22:00:00;24:00:00;1200
118-R-L-B02;05:30:00;06:30:00;514
118-R-L-B03;06:30:00;08:00:00;450
118-R-L-B04;08:00:00;09:30:00;540
118-R-L-B05;09:30:00;12:30:00;900
118-R-L-B06;12:30:00;14:00:00;900
118-R-L-B07;14:00:00;16:30:00;750
118-R-L-B08;16:30:00;18:30:00;600
118-R-L-B09;18:30:00;20:30:00;600
118-R-L-B10;20:30:00;22:00:00;600
118-R-L-B11;22:00:00;24:00:00;1200
119-I-L-B00;00:00:00;01:00:00;1800
119-I-L-B01;01:00:00;05:30:00;1800
119-I-L-B02;05:30:00;06:30:00;1200
119-I-L-B03;06:30:00;08:00:00;450
119-I-L-B04;08:00:00;09:30:00;540
119-I-L-B05;09:30:00;12:30:00;720
119-I-L-B06;12:30:00;14:00:00;771
119-I-L-B07;14:00:00;16:30:00;500
119-I-L-B08;16:30:00;18:30:00;378
119-I-L-B09;18:30:00;20:30:00;423
119-I-L-B10;20:30:00;22:00:00;771
119-I-L-B11;22:00:00;24:00:00;1028
119-R-L-B00;00:00:00;01:00:00;1800
119-R-L-B01;01:00:00;05:30:00;1800
119-R-L-B02;05:30:00;06:30:00;327
119-R-L-B03;06:30:00;08:00:00;300
119-R-L-B04;08:00:00;09:30:00;490
119-R-L-B05;09:30:00;12:30:00;568
119-R-L-B06;12:30:00;14:00:00;675
119-R-L-B07;14:00:00;16:30:00;500
119-R-L-B08;16:30:00;18:30:00;480
119-R-L-B09;18:30:00;20:30:00;800
119-R-L-B10;20:30:00;22:00:00;900
119-R-L-B11;22:00:00;24:00:00;1200
120-I-L-B01;01:00:00;05:30:00;2314
120-I-L-B02;05:30:00;06:30:00;600
120-I-L-B03;06:30:00;08:00:00;675
120-I-L-B04;08:00:00;09:30:00;771
120-I-L-B05;09:30:00;12:30:00;720
120-I-L-B06;12:30:00;14:00:00;771
120-I-L-B07;14:00:00;16:30:00;600
120-I-L-B08;16:30:00;18:30:00;720
120-I-L-B09;18:30:00;20:30:00;720
120-I-L-B10;20:30:00;22:00:00;771
120-I-L-B11;22:00:00;24:00:00;1200
120-R-L-B00;00:00:00;01:00:00;1800
120-R-L-B02;05:30:00;06:30:00;600
120-R-L-B03;06:30:00;08:00:00;675
120-R-L-B04;08:00:00;09:30:00;771
120-R-L-B05;09:30:00;12:30:00;720
120-R-L-B06;12:30:00;14:00:00;771
120-R-L-B07;14:00:00;16:30:00;642
120-R-L-B08;16:30:00;18:30:00;720
120-R-L-B09;18:30:00;20:30:00;720
120-R-L-B10;20:30:00;22:00:00;900
120-R-L-B11;22:00:00;24:00:00;1200
121-I-L-B02;05:30:00;06:30:00;1200
121-I-L-B03;06:30:00;08:00:00;675
121-I-L-B04;08:00:00;09:30:00;600
121-I-L-B05;09:30:00;12:30:00;771
121-I-L-B06;12:30:00;14:00:00;675
121-I-L-B07;14:00:00;16:30:00;692
121-I-L-B08;16:30:00;18:30:00;514
121-I-L-B09;18:30:00;20:30:00;553
121-I-L-B10;20:30:00;22:00:00;771
121-I-L-B11;22:00:00;24:00:00;1200
121-R-L-B02;05:30:00;06:30:00;600
121-R-L-B03;06:30:00;08:00:00;450
121-R-L-B04;08:00:00;09:30:00;600
121-R-L-B05;09:30:00;12:30:00;675
121-R-L-B06;12:30:00;14:00:00;675
121-R-L-B07;14:00:00;16:30:00;692
121-R-L-B08;16:30:00;18:30:00;553
121-R-L-B09;18:30:00;20:30:00;553
121-R-L-B10;20:30:00;22:00:00;900
121-R-L-B11;22:00:00;24:00:00;1800
124-I-L-B01;01:00:00;05:30:00;16200
124-I-L-B02;05:30:00;06:30:00;900
124-I-L-B03;06:30:00;08:00:00;675
124-I-L-B04;08:00:00;09:30:00;771
124-I-L-B05;09:30:00;12:30:00;675
124-I-L-B06;12:30:00;14:00:00;675
124-I-L-B07;14:00:00;16:30:00;600
124-I-L-B08;16:30:00;18:30:00;600
124-I-L-B09;18:30:00;20:30:00;514
124-I-L-B10;20:30:00;22:00:00;600
124-I-L-B11;22:00:00;24:00:00;1028
124-R-L-B01;01:00:00;05:30:00;5400
124-R-L-B02;05:30:00;06:30:00;514
124-R-L-B03;06:30:00;08:00:00;490
124-R-L-B04;08:00:00;09:30:00;600
124-R-L-B05;09:30:00;12:30:00;720
124-R-L-B06;12:30:00;14:00:00;600
124-R-L-B07;14:00:00;16:30:00;750
124-R-L-B08;16:30:00;18:30:00;720
124-R-L-B09;18:30:00;20:30:00;720
124-R-L-B10;20:30:00;22:00:00;771
124-R-L-B11;22:00:00;24:00:00;1200
125-I-L-B02;05:30:00;06:30:00;1200
125-I-L-B03;06:30:00;08:00:00;675
125-I-L-B04;08:00:00;09:30:00;900
125-I-L-B05;09:30:00;12:30:00;720
125-I-L-B06;12:30:00;14:00:00;675
125-I-L-B07;14:00:00;16:30:00;692
125-I-L-B08;16:30:00;18:30:00;600
125-I-L-B09;18:30:00;20:30:00;654
125-I-L-B10;20:30:00;22:00:00;771
125-I-L-B11;22:00:00;24:00:00;1800
125-R-L-B01;01:00:00;05:30:00;16200
125-R-L-B02;05:30:00;06:30:00;900
125-R-L-B03;06:30:00;08:00:00;600
125-R-L-B04;08:00:00;09:30:00;675
125-R-L-B05;09:30:00;12:30:00;720
125-R-L-B06;12:30:00;14:00:00;675
125-R-L-B07;14:00:00;16:30:00;750
125-R-L-B08;16:30:00;18:30:00;720
125-R-L-B09;18:30:00;20:30:00;720
125-R-L-B10;20:30:00;22:00:00;900
125-R-L-B11;22:00:00;24:00:00;1800
126-I-L-B02;05:30:00;06:30:00;720
126-I-L-B03;06:30:00;08:00:00;600
126-I-L-B04;08:00:00;09:30:00;675
126-I-L-B05;09:30:00;12:30:00;720
126-I-L-B06;12:30:00;14:00:00;771
126-I-L-B07;14:00:00;16:30:00;692
126-I-L-B08;16:30:00;18:30:00;600
126-I-L-B09;18:30:00;20:30:00;654
126-I-L-B10;20:30:00;22:00:00;900
201-I-L-B00;00:00:00;01:00:00;1200
201-I-L-B01;01:00:00;05:30:00;1349
201-I-L-B02;05:30:00;06:30:00;450
201-I-L-B03;06:30:00;08:00:00;450
201-I-L-B04;08:00:00;09:30:00;450
201-I-L-B05;09:30:00;12:30:00;514
201-I-L-B06;12:30:00;14:00:00;540
201-I-L-B07;14:00:00;16:30:00;529
201-I-L-B08;16:30:00;18:30:00;514
201-I-L-B09;18:30:00;20:30:00;553
201-I-L-B10;20:30:00;22:00:00;675
201-I-L-B11;22:00:00;24:00:00;800
201-R-L-B00;00:00:00;01:00:00;1200
201-R-L-B01;01:00:00;05:30:00;1472
201-R-L-B02;05:30:00;06:30:00;450
201-R-L-B03;06:30:00;08:00:00;450
201-R-L-B04;08:00:00;09:30:00;490
201-R-L-B05;09:30:00;12:30:00;514
201-R-L-B06;12:30:00;14:00:00;540
201-R-L-B07;14:00:00;16:30:00;500
201-R-L-B08;16:30:00;18:30:00;514
201-R-L-B09;18:30:00;20:30:00;600
201-R-L-B10;20:30:00;22:00:00;771
201-R-L-B11;22:00:00;24:00:00;800
201e-I-L-B02;05:30:00;06:30:00;450
201e-I-L-B03;06:30:00;08:00:00;317
201e-I-L-B04;08:00:00;09:30:00;600
201e-I-L-B05;09:30:00;12:30:00;720
201e-I-L-B06;12:30:00;14:00:00;540
201e-I-L-B07;14:00:00;16:30:00;600
201e-I-L-B08;16:30:00;18:30:00;313
201e-I-L-B09;18:30:00;20:30:00;342
201e-I-L-B10;20:30:00;22:00:00;600
201e-I-L-B11;22:00:00;24:00:00;900
201e-R-L-B02;05:30:00;06:30:00;360
201e-R-L-B03;06:30:00;08:00:00;337
201e-R-L-B04;08:00:00;09:30:00;540
201e-R-L-B05;09:30:00;12:30:00;600
201e-R-L-B06;12:30:00;14:00:00;490
201e-R-L-B07;14:00:00;16:30:00;600
201e-R-L-B08;16:30:00;18:30:00;313
201e-R-L-B09;18:30:00;20:30:00;342
201e-R-L-B10;20:30:00;22:00:00;600
201e-R-L-B11;22:00:00;24:00:00;1200
203-I-L-B02;05:30:00;06:30:00;600
203-I-L-B03;06:30:00;08:00:00;450
203-I-L-B04;08:00:00;09:30:00;540
203-I-L-B05;09:30:00;12:30:00;600
203-I-L-B06;12:30:00;14:00:00;600
203-I-L-B07;14:00:00;16:30:00;600
203-I-L-B08;16:30:00;18:30:00;450
203-I-L-B09;18:30:00;20:30:00;600
203-I-L-B10;20:30:00;22:00:00;771
203-I-L-B11;22:00:00;24:00:00;1028
203-R-L-B02;05:30:00;06:30:00;450
203-R-L-B03;06:30:00;08:00:00;415
203-R-L-B04;08:00:00;09:30:00;490
203-R-L-B05;09:30:00;12:30:00;675
203-R-L-B06;12:30:00;14:00:00;600
203-R-L-B07;14:00:00;16:30:00;750
203-R-L-B08;16:30:00;18:30:00;553
203-R-L-B09;18:30:00;20:30:00;600
203-R-L-B10;20:30:00;22:00:00;900
203-R-L-B11;22:00:00;24:00:00;1028
203N-I-L-B00;00:00:00;01:00:00;1200
203N-I-L-B01;01:00:00;05:30:00;1620
203N-R-L-B00;00:00:00;01:00:00;1200
203N-R-L-B01;01:00:00;05:30:00;1620
203c-I-L-B02;05:30:00;06:30:00;300
203c-I-L-B03;06:30:00;08:00:00;337
203c-I-L-B04;08:00:00;09:30:00;360
203c-I-L-B05;09:30:00;12:30:00;720
203c-I-L-B06;12:30:00;14:00:00;900
203c-I-L-B07;14:00:00;16:30:00;818
203c-I-L-B08;16:30:00;18:30:00;654
203c-I-L-B09;18:30:00;20:30:00;514
203c-I-L-B10;20:30:00;22:00:00;1080
203e-I-L-B03;06:30:00;08:00:00;415
203e-I-L-B04;08:00:00;09:30:00;450
203e-I-L-B08;16:30:00;18:30:00;450
203e-I-L-B09;18:30:00;20:30:00;450
203e-I-L-B10;20:30:00;22:00:00;771
203e-R-L-B02;05:30:00;06:30:00;400
203e-R-L-B03;06:30:00;08:00:00;360
203e-R-L-B04;08:00:00;09:30:00;385
203e-R-L-B08;16:30:00;18:30:00;514
203e-R-L-B09;18:30:00;20:30:00;480
203e-R-L-B10;20:30:00;22:00:00;1080
204-I-L-B02;05:30:00;06:30:00;514
204-I-L-B03;06:30:00;08:00:00;415
204-I-L-B04;08:00:00;09:30:00;360
204-I-L-B05;09:30:00;12:30:00;360
204-I-L-B06;12:30:00;14:00:00;360
204-I-L-B07;14:00:00;16:30:00;391
204-I-L-B08;16:30:00;18:30:00;423
204-I-L-B09;18:30:00;20:30:00;514
204-I-L-B10;20:30:00;22:00:00;675
204-I-L-B11;22:00:00;24:00:00;800
204-R-L-B02;05:30:00;06:30:00;300
204-R-L-B03;06:30:00;08:00:00;360
204-R-L-B04;08:00:00;09:30:00;360
204-R-L-B05;09:30:00;12:30:00;360
204-R-L-B06;12:30:00;14:00:00;360
204-R-L-B07;14:00:00;16:30:00;391
204-R-L-B08;16:30:00;18:30:00;423
204-R-L-B09;18:30:00;20:30:00;480
204-R-L-B10;20:30:00;22:00:00;675
204-R-L-B11;22:00:00;24:00:00;900
204N-I-L-B00;00:00:00;01:00:00;1200
204N-I-L-B01;01:00:00;05:30:00;1800
204N-R-L-B00;00:00:00;01:00:00;1800
204N-R-L-B01;01:00:00;05:30:00;1472
205-I-L-B00;00:00:00;01:00:00;1200
205-I-L-B02;05:30:00;06:30:00;1200
205-I-L-B03;06:30:00;08:00:00;490
205-I-L-B04;08:00:00;09:30:00;540
205-I-L-B05;09:30:00;12:30:00;720
205-I-L-B06;12:30:00;14:00:00;771
205-I-L-B07;14:00:00;16:30:00;692
205-I-L-B08;16:30:00;18:30:00;514
205-I-L-B09;18:30:00;20:30:00;553
205-I-L-B10;20:30:00;22:00:00;771
205-I-L-B11;22:00:00;24:00:00;1200
205-R-L-B00;00:00:00;01:00:00;1800
205-R-L-B02;05:30:00;06:30:00;720
205-R-L-B03;06:30:00;08:00:00;490
205-R-L-B04;08:00:00;09:30:00;540
205-R-L-B05;09:30:00;12:30:00;675
205-R-L-B06;12:30:00;14:00:00;771
205-R-L-B07;14:00:00;16:30:00;692
205-R-L-B08;16:30:00;18:30:00;553
205-R-L-B09;18:30:00;20:30:00;514
205-R-L-B10;20:30:00;22:00:00;1080
205-R-L-B11;22:00:00;24:00:00;1200
206-I-L-B00;00:00:00;01:00:00;1800
206-I-L-B01;01:00:00;05:30:00;5400
206-I-L-B02;05:30:00;06:30:00;450
206-I-L-B03;06:30:00;08:00:00;415
206-I-L-B04;08:00:00;09:30:00;490
206-I-L-B05;09:30:00;12:30:00;490
206-I-L-B06;12:30:00;14:00:00;450
206-I-L-B07;14:00:00;16:30:00;500
206-I-L-B08;16:30:00;18:30:00;600
206-I-L-B09;18:30:00;20:30:00;600
206-I-L-B10;20:30:00;22:00:00;675
206-I-L-B11;22:00:00;24:00:00;900
206-R-L-B00;00:00:00;01:00:00;1800
206-R-L-B01;01:00:00;05:30:00;5400
206-R-L-B02;05:30:00;06:30:00;300
206-R-L-B03;06:30:00;08:00:00;385
206-R-L-B04;08:00:00;09:30:00;415
206-R-L-B05;09:30:00;12:30:00;469
206-R-L-B06;12:30:00;14:00:00;450
206-R-L-B07;14:00:00;16:30:00;500
206-R-L-B08;16:30:00;18:30:00;600
206-R-L-B09;18:30:00;20:30:00;514
206-R-L-B10;20:30:00;22:00:00;771
206-R-L-B11;22:00:00;24:00:00;1028
206c-I-L-B03;06:30:00;08:00:00;771
206c-I-L-B04;08:00:00;09:30:00;1349
206c-I-L-B08;16:30:00;18:30:00;654
206c-I-L-B09;18:30:00;20:30:00;600
206c-I-L-B10;20:30:00;22:00:00;1080
206c-R-L-B02;05:30:00;06:30:00;900
206c-R-L-B03;06:30:00;08:00:00;675
206c-R-L-B04;08:00:00;09:30:00;1800
206c-R-L-B08;16:30:00;18:30:00;654
206c-R-L-B09;18:30:00;20:30:00;600
206c-R-L-B10;20:30:00;22:00:00;1080
207-I-L-B00;00:00:00;01:00:00;1800
207-I-L-B01;01:00:00;05:30:00;1620
207-I-L-B02;05:30:00;06:30:00;514
207-I-L-B03;06:30:00;08:00:00;450
207-I-L-B04;08:00:00;09:30:00;450
207-I-L-B05;09:30:00;12:30:00;450
207-I-L-B06;12:30:00;14:00:00;450
207-I-L-B07;14:00:00;16:30:00;450
207-I-L-B08;16:30:00;18:30:00;480
207-I-L-B09;18:30:00;20:30:00;514
207-I-L-B10;20:30:00;22:00:00;600
207-I-L-B11;22:00:00;24:00:00;800
207-R-L-B00;00:00:00;01:00:00;1800
207-R-L-B01;01:00:00;05:30:00;1349
207-R-L-B02;05:30:00;06:30:00;450
207-R-L-B03;06:30:00;08:00:00;450
207-R-L-B04;08:00:00;09:30:00;450
207-R-L-B05;09:30:00;12:30:00;450
207-R-L-B06;12:30:00;14:00:00;450
207-R-L-B07;14:00:00;16:30:00;450
207-R-L-B08;16:30:00;18:30:00;514
207-R-L-B09;18:30:00;20:30:00;553
207-R-L-B10;20:30:00;22:00:00;771
207-R-L-B11;22:00:00;24:00:00;900
207c-I-L-B02;05:30:00;06:30:00;400
207c-I-L-B03;06:30:00;08:00:00;337
207c-I-L-B04;08:00:00;09:30:00;600
207c-I-L-B09;18:30:00;20:30:00;480
207c-I-L-B10;20:30:00;22:00:00;1080
207e-I-L-B03;06:30:00;08:00:00;675
207e-I-L-B04;08:00:00;09:30:00;2700
207e-I-L-B08;16:30:00;18:30:00;553
207e-I-L-B09;18:30:00;20:30:00;514
207e-I-L-B10;20:30:00;22:00:00;771
207e-I-L-B11;22:00:00;24:00:00;1800
207e-R-L-B03;06:30:00;08:00:00;490
207e-R-L-B04;08:00:00;09:30:00;1800
207e-R-L-B08;16:30:00;18:30:00;514
207e-R-L-B09;18:30:00;20:30:00;553
207e-R-L-B10;20:30:00;22:00:00;771
207e-R-L-B11;22:00:00;24:00:00;1800
208-I-L-B02;05:30:00;06:30:00;276
208-I-L-B03;06:30:00;08:00:00;300
208-I-L-B04;08:00:00;09:30:00;300
208-I-L-B05;09:30:00;12:30:00;431
208-I-L-B06;12:30:00;14:00:00;450
208-I-L-B07;14:00:00;16:30:00;450
208-I-L-B08;16:30:00;18:30:00;342
208-I-L-B09;18:30:00;20:30:00;360
208-I-L-B10;20:30:00;22:00:00;540
208-I-L-B11;22:00:00;24:00:00;800
208c-I-L-B02;05:30:00;06:30:00;300
208c-I-L-B03;06:30:00;08:00:00;234
208c-I-L-B04;08:00:00;09:30:00;385
208c-I-L-B05;09:30:00;12:30:00;600
208c-I-L-B06;12:30:00;14:00:00;600
208c-I-L-B07;14:00:00;16:30:00;600
208c-I-L-B08;16:30:00;18:30:00;378
208c-I-L-B09;18:30:00;20:30:00;327
208c-I-L-B10;20:30:00;22:00:00;490
208c-I-L-B11;22:00:00;24:00:00;1028
209-I-L-B00;00:00:00;01:00:00;1200
209-I-L-B02;05:30:00;06:30:00;720
209-I-L-B03;06:30:00;08:00:00;600
209-I-L-B04;08:00:00;09:30:00;540
209-I-L-B05;09:30:00;12:30:00;675
209-I-L-B06;12:30:00;14:00:00;675
209-I-L-B07;14:00:00;16:30:00;600
209-I-L-B08;16:30:00;18:30:00;514
209-I-L-B09;18:30:00;20:30:00;514
209-I-L-B10;20:30:00;22:00:00;675
209-I-L-B11;22:00:00;24:00:00;900
209-R-L-B00;00:00:00;01:00:00;1800
209-R-L-B01;01:00:00;05:30:00;4050
209-R-L-B02;05:30:00;06:30:00;450
209-R-L-B03;06:30:00;08:00:00;490
209-R-L-B04;08:00:00;09:30:00;450
209-R-L-B05;09:30:00;12:30:00;600
209-R-L-B06;12:30:00;14:00:00;771
209-R-L-B07;14:00:00;16:30:00;642
209-R-L-B08;16:30:00;18:30:00;514
209-R-L-B09;18:30:00;20:30:00;600
209-R-L-B10;20:30:00;22:00:00;771
209-R-L-B11;22:00:00;24:00:00;900
209c-I-L-B02;05:30:00;06:30:00;450
209c-I-L-B03;06:30:00;08:00:00;415
209c-I-L-B04;08:00:00;09:30:00;600
209c-I-L-B09;18:30:00;20:30:00;400
209c-I-L-B10;20:30:00;22:00:00;675
209c-I-L-B11;22:00:00;24:00:00;1440
210-I-L-B00;00:00:00;01:00:00;1200
210-I-L-B01;01:00:00;05:30:00;1800
210-I-L-B02;05:30:00;06:30:00;400
210-I-L-B03;06:30:00;08:00:00;317
210-I-L-B04;08:00:00;09:30:00;337
210-I-L-B05;09:30:00;12:30:00;431
210-I-L-B06;12:30:00;14:00:00;450
210-I-L-B07;14:00:00;16:30:00;450
210-I-L-B08;16:30:00;18:30:00;360
210-I-L-B09;18:30:00;20:30:00;327
210-I-L-B10;20:30:00;22:00:00;415
210-I-L-B11;22:00:00;24:00:00;720
210-R-L-B00;00:00:00;01:00:00;1200
210-R-L-B01;01:00:00;05:30:00;1472
210-R-L-B02;05:30:00;06:30:00;300
210-R-L-B03;06:30:00;08:00:00;257
210-R-L-B04;08:00:00;09:30:00;284
210-R-L-B05;09:30:00;12:30:00;431
210-R-L-B06;12:30:00;14:00:00;450
210-R-L-B07;14:00:00;16:30:00;450
210-R-L-B08;16:30:00;18:30:00;378
210-R-L-B09;18:30:00;20:30:00;360
210-R-L-B10;20:30:00;22:00:00;490
210-R-L-B11;22:00:00;24:00:00;800
210e-I-L-B03;06:30:00;08:00:00;1800
210e-I-L-B04;08:00:00;09:30:00;5400
210e-I-L-B08;16:30:00;18:30:00;1440
210e-I-L-B09;18:30:00;20:30:00;720
210e-R-L-B02;05:30:00;06:30:00;900
210e-R-L-B03;06:30:00;08:00:00;900
210e-R-L-B04;08:00:00;09:30:00;1349
210e-R-L-B08;16:30:00;18:30:00;3600
210e-R-L-B09;18:30:00;20:30:00;2400
210v-I-L-B00;00:00:00;01:00:00;1800
210v-I-L-B01;01:00:00;05:30:00;1800
210v-I-L-B02;05:30:00;06:30:00;720
210v-I-L-B03;06:30:00;08:00:00;600
210v-I-L-B04;08:00:00;09:30:00;771
210v-I-L-B05;09:30:00;12:30:00;720
210v-I-L-B06;12:30:00;14:00:00;675
210v-I-L-B07;14:00:00;16:30:00;692
210v-I-L-B08;16:30:00;18:30:00;553
210v-I-L-B09;18:30:00;20:30:00;600
210v-I-L-B10;20:30:00;22:00:00;600
210v-I-L-B11;22:00:00;24:00:00;1028
210v-R-L-B00;00:00:00;01:00:00;1800
210v-R-L-B01;01:00:00;05:30:00;1620
210v-R-L-B02;05:30:00;06:30:00;720
210v-R-L-B03;06:30:00;08:00:00;600
210v-R-L-B04;08:00:00;09:30:00;675
210v-R-L-B05;09:30:00;12:30:00;720
210v-R-L-B06;12:30:00;14:00:00;771
210v-R-L-B07;14:00:00;16:30:00;642
210v-R-L-B08;16:30:00;18:30:00;600
210v-R-L-B09;18:30:00;20:30:00;600
210v-R-L-B10;20:30:00;22:00:00;600
210v-R-L-B11;22:00:00;24:00:00;1028
211-I-L-B02;05:30:00;06:30:00;600
211-I-L-B03;06:30:00;08:00:00;490
211-I-L-B04;08:00:00;09:30:00;490
211-I-L-B05;09:30:00;12:30:00;720
211-I-L-B06;12:30:00;14:00:00;675
211-I-L-B07;14:00:00;16:30:00;600
211-I-L-B08;16:30:00;18:30:00;553
211-I-L-B09;18:30:00;20:30:00;600
211-I-L-B10;20:30:00;22:00:00;771
211-I-L-B11;22:00:00;24:00:00;900
211-R-L-B01;01:00:00;05:30:00;2700
211-R-L-B02;05:30:00;06:30:00;514
211-R-L-B03;06:30:00;08:00:00;540
211-R-L-B04;08:00:00;09:30:00;600
211-R-L-B05;09:30:00;12:30:00;675
211-R-L-B06;12:30:00;14:00:00;675
211-R-L-B07;14:00:00;16:30:00;600
211-R-L-B08;16:30:00;18:30:00;553
211-R-L-B09;18:30:00;20:30:00;553
211-R-L-B10;20:30:00;22:00:00;771
211-R-L-B11;22:00:00;24:00:00;1800
211c-I-L-B02;05:30:00;06:30:00;900
211c-I-L-B03;06:30:00;08:00:00;300
211c-I-L-B04;08:00:00;09:30:00;317
211c-I-L-B05;09:30:00;12:30:00;385
211c-I-L-B06;12:30:00;14:00:00;385
211c-I-L-B07;14:00:00;16:30:00;391
211c-I-L-B08;16:30:00;18:30:00;360
211c-I-L-B09;18:30:00;20:30:00;300
211c-I-L-B10;20:30:00;22:00:00;450
211c-I-L-B11;22:00:00;24:00:00;720
211c-R-L-B02;05:30:00;06:30:00;300
211c-R-L-B03;06:30:00;08:00:00;300
211c-R-L-B04;08:00:00;09:30:00;317
211c-R-L-B05;09:30:00;12:30:00;385
211c-R-L-B06;12:30:00;14:00:00;385
211c-R-L-B07;14:00:00;16:30:00;391
211c-R-L-B08;16:30:00;18:30:00;360
211c-R-L-B09;18:30:00;20:30:00;300
211c-R-L-B10;20:30:00;22:00:00;490
211c-R-L-B11;22:00:00;24:00:00;1200
212-I-L-B00;00:00:00;01:00:00;1800
212-I-L-B02;05:30:00;06:30:00;600
212-I-L-B03;06:30:00;08:00:00;415
212-I-L-B04;08:00:00;09:30:00;450
212-I-L-B05;09:30:00;12:30:00;469
212-I-L-B06;12:30:00;14:00:00;415
212-I-L-B07;14:00:00;16:30:00;409
212-I-L-B08;16:30:00;18:30:00;342
212-I-L-B09;18:30:00;20:30:00;400
212-I-L-B10;20:30:00;22:00:00;490
212-I-L-B11;22:00:00;24:00:00;800
212-R-L-B02;05:30:00;06:30:00;327
212-R-L-B03;06:30:00;08:00:00;360
212-R-L-B04;08:00:00;09:30:00;450
212-R-L-B05;09:30:00;12:30:00;469
212-R-L-B06;12:30:00;14:00:00;415
212-R-L-B07;14:00:00;16:30:00;409
212-R-L-B08;16:30:00;18:30:00;342
212-R-L-B09;18:30:00;20:30:00;400
212-R-L-B10;20:30:00;22:00:00;490
212-R-L-B11;22:00:00;24:00:00;800
213e-I-L-B02;05:30:00;06:30:00;1200
213e-I-L-B03;06:30:00;08:00:00;600
213e-I-L-B04;08:00:00;09:30:00;600
213e-I-L-B05;09:30:00;12:30:00;600
213e-I-L-B06;12:30:00;14:00:00;600
213e-I-L-B07;14:00:00;16:30:00;600
213e-I-L-B08;16:30:00;18:30:00;600
213e-I-L-B09;18:30:00;20:30:00;600
213e-I-L-B10;20:30:00;22:00:00;771
213e-I-L-B11;22:00:00;24:00:00;900
213e-R-L-B01;01:00:00;05:30:00;8100
213e-R-L-B02;05:30:00;06:30:00;600
213e-R-L-B03;06:30:00;08:00:00;600
213e-R-L-B04;08:00:00;09:30:00;600
213e-R-L-B05;09:30:00;12:30:00;600
213e-R-L-B06;12:30:00;14:00:00;600
213e-R-L-B07;14:00:00;16:30:00;600
213e-R-L-B08;16:30:00;18:30:00;720
213e-R-L-B09;18:30:00;20:30:00;900
213e-R-L-B10;20:30:00;22:00:00;900
213e-R-L-B11;22:00:00;24:00:00;2400
214-I-L-B02;05:30:00;06:30:00;600
214-I-L-B03;06:30:00;08:00:00;450
214-I-L-B04;08:00:00;09:30:00;540
214-I-L-B05;09:30:00;12:30:00;675
214-I-L-B06;12:30:00;14:00:00;771
214-I-L-B07;14:00:00;16:30:00;600
214-I-L-B08;16:30:00;18:30:00;553
214-I-L-B09;18:30:00;20:30:00;600
214-I-L-B10;20:30:00;22:00:00;771
214-I-L-B11;22:00:00;24:00:00;1028
214-R-L-B02;05:30:00;06:30:00;600
214-R-L-B03;06:30:00;08:00:00;450
214-R-L-B04;08:00:00;09:30:00;540
214-R-L-B05;09:30:00;12:30:00;675
214-R-L-B06;12:30:00;14:00:00;771
214-R-L-B07;14:00:00;16:30:00;600
214-R-L-B08;16:30:00;18:30:00;553
214-R-L-B09;18:30:00;20:30:00;600
214-R-L-B10;20:30:00;22:00:00;771
214-R-L-B11;22:00:00;24:00:00;1028
216-I-L-B01;01:00:00;05:30:00;5400
216-I-L-B02;05:30:00;06:30:00;257
216-I-L-B03;06:30:00;08:00:00;234
216-I-L-B04;08:00:00;09:30:00;415
216-I-L-B05;09:30:00;12:30:00;514
216-I-L-B06;12:30:00;14:00:00;490
216-I-L-B07;14:00:00;16:30:00;473
216-I-L-B08;16:30:00;18:30:00;360
216-I-L-B09;18:30:00;20:30:00;423
216-I-L-B10;20:30:00;22:00:00;600
216-I-L-B11;22:00:00;24:00:00;900
216-R-L-B00;00:00:00;01:00:00;1800
216-R-L-B02;05:30:00;06:30:00;514
216-R-L-B03;06:30:00;08:00:00;257
216-R-L-B04;08:00:00;09:30:00;415
216-R-L-B05;09:30:00;12:30:00;514
216-R-L-B06;12:30:00;14:00:00;450
216-R-L-B07;14:00:00;16:30:00;450
216-R-L-B08;16:30:00;18:30:00;360
216-R-L-B09;18:30:00;20:30:00;423
216-R-L-B10;20:30:00;22:00:00;675
216-R-L-B11;22:00:00;24:00:00;900
217e-I-L-B02;05:30:00;06:30:00;1200
217e-I-L-B03;06:30:00;08:00:00;1080
217e-I-L-B04;08:00:00;09:30:00;1350
217e-I-L-B08;16:30:00;18:30:00;2400
217e-I-L-B09;18:30:00;20:30:00;1200
217e-R-L-B02;05:30:00;06:30:00;3600
217e-R-L-B03;06:30:00;08:00:00;1080
217e-R-L-B04;08:00:00;09:30:00;1350
217e-R-L-B08;16:30:00;18:30:00;2400
217e-R-L-B09;18:30:00;20:30:00;1200
219e-I-L-B02;05:30:00;06:30:00;514
219e-I-L-B03;06:30:00;08:00:00;490
219e-I-L-B04;08:00:00;09:30:00;600
219e-I-L-B08;16:30:00;18:30:00;1440
219e-I-L-B09;18:30:00;20:30:00;720
219e-I-L-B10;20:30:00;22:00:00;2700
219e-R-L-B02;05:30:00;06:30:00;1800
219e-R-L-B03;06:30:00;08:00:00;600
219e-R-L-B04;08:00:00;09:30:00;2700
219e-R-L-B08;16:30:00;18:30:00;800
219e-R-L-B09;18:30:00;20:30:00;514
219e-R-L-B10;20:30:00;22:00:00;1080
223-I-L-B00;00:00:00;01:00:00;1200
223-I-L-B02;05:30:00;06:30:00;514
223-I-L-B03;06:30:00;08:00:00;415
223-I-L-B04;08:00:00;09:30:00;540
223-I-L-B05;09:30:00;12:30:00;600
223-I-L-B06;12:30:00;14:00:00;675
223-I-L-B07;14:00:00;16:30:00;600
223-I-L-B08;16:30:00;18:30:00;514
223-I-L-B09;18:30:00;20:30:00;423
223-I-L-B10;20:30:00;22:00:00;675
223-I-L-B11;22:00:00;24:00:00;900
223-R-L-B02;05:30:00;06:30:00;514
223-R-L-B03;06:30:00;08:00:00;385
223-R-L-B04;08:00:00;09:30:00;490
223-R-L-B05;09:30:00;12:30:00;600
223-R-L-B06;12:30:00;14:00:00;675
223-R-L-B07;14:00:00;16:30:00;600
223-R-L-B08;16:30:00;18:30:00;553
223-R-L-B09;18:30:00;20:30:00;480
223-R-L-B10;20:30:00;22:00:00;675
223-R-L-B11;22:00:00;24:00:00;900
224-I-L-B02;05:30:00;06:30:00;600
224-I-L-B03;06:30:00;08:00:00;600
224-I-L-B04;08:00:00;09:30:00;600
224-I-L-B05;09:30:00;12:30:00;830
224-I-L-B06;12:30:00;14:00:00;490
224-I-L-B07;14:00:00;16:30:00;562
224-I-L-B08;16:30:00;18:30:00;514
224-I-L-B09;18:30:00;20:30:00;654
224-I-L-B10;20:30:00;22:00:00;675
224-I-L-B11;22:00:00;24:00:00;900
224-R-L-B02;05:30:00;06:30:00;600
224-R-L-B03;06:30:00;08:00:00;600
224-R-L-B04;08:00:00;09:30:00;600
224-R-L-B05;09:30:00;12:30:00;830
224-R-L-B06;12:30:00;14:00:00;490
224-R-L-B07;14:00:00;16:30:00;600
224-R-L-B08;16:30:00;18:30:00;514
224-R-L-B09;18:30:00;20:30:00;654
224-R-L-B10;20:30:00;22:00:00;675
224-R-L-B11;22:00:00;24:00:00;1440
225-I-L-B00;00:00:00;01:00:00;1800
225-I-L-B02;05:30:00;06:30:00;900
225-I-L-B03;06:30:00;08:00:00;600
225-I-L-B04;08:00:00;09:30:00;600
225-I-L-B05;09:30:00;12:30:00;720
225-I-L-B06;12:30:00;14:00:00;600
225-I-L-B07;14:00:00;16:30:00;600
225-I-L-B08;16:30:00;18:30:00;514
225-I-L-B09;18:30:00;20:30:00;514
225-I-L-B10;20:30:00;22:00:00;600
225-I-L-B11;22:00:00;24:00:00;1028
225-R-L-B02;05:30:00;06:30:00;514
225-R-L-B03;06:30:00;08:00:00;540
225-R-L-B04;08:00:00;09:30:00;600
225-R-L-B05;09:30:00;12:30:00;635
225-R-L-B06;12:30:00;14:00:00;675
225-R-L-B07;14:00:00;16:30:00;600
225-R-L-B08;16:30:00;18:30:00;600
225-R-L-B09;18:30:00;20:30:00;600
225-R-L-B10;20:30:00;22:00:00;771
225-R-L-B11;22:00:00;24:00:00;1028
225c-I-L-B03;06:30:00;08:00:00;600
225c-I-L-B04;08:00:00;09:30:00;2700
225c-I-L-B08;16:30:00;18:30:00;800
225c-I-L-B09;18:30:00;20:30:00;720
225c-I-L-B10;20:30:00;22:00:00;1349
226-I-L-B00;00:00:00;01:00:00;1800
226-I-L-B02;05:30:00;06:30:00;900
226-I-L-B03;06:30:00;08:00:00;540
226-I-L-B04;08:00:00;09:30:00;600
226-I-L-B05;09:30:00;12:30:00;635
226-I-L-B06;12:30:00;14:00:00;540
226-I-L-B07;14:00:00;16:30:00;642
226-I-L-B08;16:30:00;18:30:00;400
226-I-L-B09;18:30:00;20:30:00;480
226-I-L-B10;20:30:00;22:00:00;675
226-I-L-B11;22:00:00;24:00:00;1028
226-R-L-B00;00:00:00;01:00:00;1800
226-R-L-B02;05:30:00;06:30:00;450
226-R-L-B03;06:30:00;08:00:00;490
226-R-L-B04;08:00:00;09:30:00;600
226-R-L-B05;09:30:00;12:30:00;635
226-R-L-B06;12:30:00;14:00:00;540
226-R-L-B07;14:00:00;16:30:00;642
226-R-L-B08;16:30:00;18:30:00;400
226-R-L-B09;18:30:00;20:30:00;480
226-R-L-B10;20:30:00;22:00:00;675
226-R-L-B11;22:00:00;24:00:00;900
227-I-L-B02;05:30:00;06:30:00;900
227-I-L-B03;06:30:00;08:00:00;600
227-I-L-B04;08:00:00;09:30:00;600
227-I-L-B05;09:30:00;12:30:00;830
227-I-L-B06;12:30:00;14:00:00;600
227-I-L-B07;14:00:00;16:30:00;600
227-I-L-B08;16:30:00;18:30:00;800
227-I-L-B09;18:30:00;20:30:00;720
227-I-L-B10;20:30:00;22:00:00;771
227-I-L-B11;22:00:00;24:00:00;1028
227-R-L-B02;05:30:00;06:30:00;720
227-R-L-B03;06:30:00;08:00:00;600
227-R-L-B04;08:00:00;09:30:00;675
227-R-L-B05;09:30:00;12:30:00;771
227-R-L-B06;12:30:00;14:00:00;600
227-R-L-B07;14:00:00;16:30:00;600
227-R-L-B08;16:30:00;18:30:00;800
227-R-L-B09;18:30:00;20:30:00;720
227-R-L-B10;20:30:00;22:00:00;675
227-R-L-B11;22:00:00;24:00:00;1028
228-I-L-B02;05:30:00;06:30:00;514
228-I-L-B03;06:30:00;08:00:00;284
228-I-L-B04;08:00:00;09:30:00;385
228-I-L-B05;09:30:00;12:30:00;490
228-I-L-B06;12:30:00;14:00:00;415
228-I-L-B07;14:00:00;16:30:00;450
228-I-L-B08;16:30:00;18:30:00;480
228-I-L-B09;18:30:00;20:30:00;400
228-I-L-B10;20:30:00;22:00:00;540
228-I-L-B11;22:00:00;24:00:00;654
228-R-L-B02;05:30:00;06:30:00;276
228-R-L-B03;06:30:00;08:00:00;284
228-R-L-B04;08:00:00;09:30:00;385
228-R-L-B05;09:30:00;12:30:00;490
228-R-L-B06;12:30:00;14:00:00;415
228-R-L-B07;14:00:00;16:30:00;450
228-R-L-B08;16:30:00;18:30:00;450
228-R-L-B09;18:30:00;20:30:00;400
228-R-L-B10;20:30:00;22:00:00;540
228-R-L-B11;22:00:00;24:00:00;1028
229-I-L-B02;05:30:00;06:30:00;1200
229-I-L-B03;06:30:00;08:00:00;540
229-I-L-B04;08:00:00;09:30:00;771
229-I-L-B05;09:30:00;12:30:00;635
229-I-L-B06;12:30:00;14:00:00;771
229-I-L-B07;14:00:00;16:30:00;600
229-I-L-B08;16:30:00;18:30:00;553
229-I-L-B09;18:30:00;20:30:00;600
229-I-L-B10;20:30:00;22:00:00;600
229-I-L-B11;22:00:00;24:00:00;1800
229-R-L-B02;05:30:00;06:30:00;720
229-R-L-B03;06:30:00;08:00:00;415
229-R-L-B04;08:00:00;09:30:00;771
229-R-L-B05;09:30:00;12:30:00;635
229-R-L-B06;12:30:00;14:00:00;771
229-R-L-B07;14:00:00;16:30:00;642
229-R-L-B08;16:30:00;18:30:00;553
229-R-L-B09;18:30:00;20:30:00;600
229-R-L-B10;20:30:00;22:00:00;600
229-R-L-B11;22:00:00;24:00:00;1800
230-I-L-B00;00:00:00;01:00:00;1800
230-I-L-B01;01:00:00;05:30:00;1620
230-I-L-B02;05:30:00;06:30:00;720
230-I-L-B03;06:30:00;08:00:00;600
230-I-L-B04;08:00:00;09:30:00;675
230-I-L-B05;09:30:00;12:30:00;771
230-I-L-B06;12:30:00;14:00:00;771
230-I-L-B07;14:00:00;16:30:00;818
230-I-L-B08;16:30:00;18:30:00;720
230-I-L-B09;18:30:00;20:30:00;654
230-I-L-B10;20:30:00;22:00:00;900
230-I-L-B11;22:00:00;24:00:00;1028
233-I-L-B02;05:30:00;06:30:00;514
233-I-L-B03;06:30:00;08:00:00;490
233-I-L-B04;08:00:00;09:30:00;771
233-I-L-B05;09:30:00;12:30:00;720
233-I-L-B06;12:30:00;14:00:00;675
233-I-L-B07;14:00:00;16:30:00;750
233-I-L-B08;16:30:00;18:30:00;514
233-I-L-B09;18:30:00;20:30:00;600
233-I-L-B10;20:30:00;22:00:00;771
233-I-L-B11;22:00:00;24:00:00;1800
234-I-L-B02;05:30:00;06:30:00;900
234-I-L-B03;06:30:00;08:00:00;540
234-I-L-B04;08:00:00;09:30:00;771
234-I-L-B05;09:30:00;12:30:00;771
234-I-L-B06;12:30:00;14:00:00;675
234-I-L-B07;14:00:00;16:30:00;750
234-I-L-B08;16:30:00;18:30:00;600
234-I-L-B09;18:30:00;20:30:00;720
234-I-L-B10;20:30:00;22:00:00;771
234-I-L-B11;22:00:00;24:00:00;900
234-R-L-B01;01:00:00;05:30:00;5400
234-R-L-B02;05:30:00;06:30:00;720
234-R-L-B03;06:30:00;08:00:00;540
234-R-L-B04;08:00:00;09:30:00;675
234-R-L-B05;09:30:00;12:30:00;771
234-R-L-B06;12:30:00;14:00:00;900
234-R-L-B07;14:00:00;16:30:00;900
234-R-L-B08;16:30:00;18:30:00;720
234-R-L-B09;18:30:00;20:30:00;720
234-R-L-B10;20:30:00;22:00:00;900
234-R-L-B11;22:00:00;24:00:00;1028
244-I-L-B02;05:30:00;06:30:00;900
244-I-L-B03;06:30:00;08:00:00;900
244-I-L-B04;08:00:00;09:30:00;1080
244-I-L-B05;09:30:00;12:30:00;1200
244-I-L-B06;12:30:00;14:00:00;1080
244-I-L-B07;14:00:00;16:30:00;1285
244-I-L-B08;16:30:00;18:30:00;900
244-I-L-B09;18:30:00;20:30:00;900
244-I-L-B10;20:30:00;22:00:00;1349
244-I-L-B11;22:00:00;24:00:00;2400
245-I-L-B02;05:30:00;06:30:00;257
245-I-L-B03;06:30:00;08:00:00;257
245-I-L-B04;08:00:00;09:30:00;415
245-I-L-B05;09:30:00;12:30:00;900
245-I-L-B06;12:30:00;14:00:00;900
245-I-L-B07;14:00:00;16:30:00;900
245-I-L-B08;16:30:00;18:30:00;600
245-I-L-B09;18:30:00;20:30:00;378
245-I-L-B10;20:30:00;22:00:00;771
245-I-L-B11;22:00:00;24:00:00;1800
246-I-L-B02;05:30:00;06:30:00;720
246-I-L-B03;06:30:00;08:00:00;675
246-I-L-B04;08:00:00;09:30:00;771
246-I-L-B05;09:30:00;12:30:00;900
246-I-L-B06;12:30:00;14:00:00;900
246-I-L-B07;14:00:00;16:30:00;900
246-I-L-B08;16:30:00;18:30:00;720
246-I-L-B09;18:30:00;20:30:00;720
246-I-L-B10;20:30:00;22:00:00;900
246-I-L-B11;22:00:00;24:00:00;1200
262N-I-L-B00;00:00:00;01:00:00;1200
262N-I-L-B01;01:00:00;05:30:00;1800
262N-R-L-B00;00:00:00;01:00:00;1800
262N-R-L-B01;01:00:00;05:30:00;1800
264N-I-L-B00;00:00:00;01:00:00;1200
264N-I-L-B01;01:00:00;05:30:00;1800
264N-R-L-B00;00:00:00;01:00:00;1200
264N-R-L-B01;01:00:00;05:30:00;1800
271-I-L-B02;05:30:00;06:30:00;1200
271-I-L-B03;06:30:00;08:00:00;490
271-I-L-B04;08:00:00;09:30:00;600
271-I-L-B05;09:30:00;12:30:00;600
271-I-L-B06;12:30:00;14:00:00;600
271-I-L-B07;14:00:00;16:30:00;900
271-I-L-B08;16:30:00;18:30:00;720
271-I-L-B09;18:30:00;20:30:00;600
271-I-L-B10;20:30:00;22:00:00;600
271-I-L-B11;22:00:00;24:00:00;1800
271-R-L-B02;05:30:00;06:30:00;720
271-R-L-B03;06:30:00;08:00:00;490
271-R-L-B04;08:00:00;09:30:00;600
271-R-L-B05;09:30:00;12:30:00;600
271-R-L-B06;12:30:00;14:00:00;675
271-R-L-B07;14:00:00;16:30:00;900
271-R-L-B08;16:30:00;18:30:00;720
271-R-L-B09;18:30:00;20:30:00;600
271-R-L-B10;20:30:00;22:00:00;771
271-R-L-B11;22:00:00;24:00:00;2400
272-I-L-B02;05:30:00;06:30:00;720
272-I-L-B03;06:30:00;08:00:00;490
272-I-L-B04;08:00:00;09:30:00;600
272-I-L-B05;09:30:00;12:30:00;771
272-I-L-B06;12:30:00;14:00:00;771
272-I-L-B07;14:00:00;16:30:00;692
272-I-L-B08;16:30:00;18:30:00;480
272-I-L-B09;18:30:00;20:30:00;480
272-I-L-B10;20:30:00;22:00:00;771
272-I-L-B11;22:00:00;24:00:00;900
282-I-L-B02;05:30:00;06:30:00;1800
282-I-L-B03;06:30:00;08:00:00;2700
282-I-L-B05;09:30:00;12:30:00;5400
282-I-L-B06;12:30:00;14:00:00;5400
282-I-L-B07;14:00:00;16:30:00;9000
282-I-L-B08;16:30:00;18:30:00;3600
282-I-L-B09;18:30:00;20:30:00;7200
282-I-L-B10;20:30:00;22:00:00;5400
282-I-L-B11;22:00:00;24:00:00;3600
282-R-L-B00;00:00:00;01:00:00;3600
282-R-L-B03;06:30:00;08:00:00;2700
282-R-L-B04;08:00:00;09:30:00;2700
282-R-L-B05;09:30:00;12:30:00;10800
282-R-L-B06;12:30:00;14:00:00;5400
282-R-L-B07;14:00:00;16:30:00;9000
282-R-L-B08;16:30:00;18:30:00;7200
282-R-L-B09;18:30:00;20:30:00;3600
282-R-L-B10;20:30:00;22:00:00;2700
282-R-L-B11;22:00:00;24:00:00;7200
286-I-L-B01;01:00:00;05:30:00;8100
286-I-L-B02;05:30:00;06:30:00;514
286-I-L-B03;06:30:00;08:00:00;540
286-I-L-B04;08:00:00;09:30:00;600
286-I-L-B05;09:30:00;12:30:00;720
286-I-L-B06;12:30:00;14:00:00;675
286-I-L-B07;14:00:00;16:30:00;750
286-I-L-B08;16:30:00;18:30:00;600
286-I-L-B09;18:30:00;20:30:00;654
286-I-L-B10;20:30:00;22:00:00;771
286-I-L-B11;22:00:00;24:00:00;1200
286-R-L-B00;00:00:00;01:00:00;1800
286-R-L-B02;05:30:00;06:30:00;1800
286-R-L-B03;06:30:00;08:00:00;600
286-R-L-B04;08:00:00;09:30:00;600
286-R-L-B05;09:30:00;12:30:00;635
286-R-L-B06;12:30:00;14:00:00;771
286-R-L-B07;14:00:00;16:30:00;600
286-R-L-B08;16:30:00;18:30:00;514
286-R-L-B09;18:30:00;20:30:00;514
286-R-L-B10;20:30:00;22:00:00;600
286-R-L-B11;22:00:00;24:00:00;900
301-I-L-B00;00:00:00;01:00:00;1200
301-I-L-B01;01:00:00;05:30:00;1620
301-I-L-B02;05:30:00;06:30:00;514
301-I-L-B03;06:30:00;08:00:00;225
301-I-L-B04;08:00:00;09:30:00;245
301-I-L-B05;09:30:00;12:30:00;291
301-I-L-B06;12:30:00;14:00:00;300
301-I-L-B07;14:00:00;16:30:00;300
301-I-L-B08;16:30:00;18:30:00;288
301-I-L-B09;18:30:00;20:30:00;288
301-I-L-B10;20:30:00;22:00:00;284
301-I-L-B11;22:00:00;24:00:00;400
301-R-L-B00;00:00:00;01:00:00;1200
301-R-L-B01;01:00:00;05:30:00;900
301-R-L-B02;05:30:00;06:30:00;225
301-R-L-B03;06:30:00;08:00:00;245
301-R-L-B04;08:00:00;09:30:00;284
301-R-L-B05;09:30:00;12:30:00;327
301-R-L-B06;12:30:00;14:00:00;337
301-R-L-B07;14:00:00;16:30:00;300
301-R-L-B08;16:30:00;18:30:00;300
301-R-L-B09;18:30:00;20:30:00;300
301-R-L-B10;20:30:00;22:00:00;317
301-R-L-B11;22:00:00;24:00:00;514
301c-I-L-B02;05:30:00;06:30:00;720
301c-I-L-B03;06:30:00;08:00:00;540
301c-I-L-B04;08:00:00;09:30:00;600
301c-I-L-B05;09:30:00;12:30:00;600
301c-I-L-B06;12:30:00;14:00:00;600
301c-I-L-B07;14:00:00;16:30:00;600
301c-I-L-B08;16:30:00;18:30:00;342
301c-I-L-B09;18:30:00;20:30:00;360
301c-I-L-B10;20:30:00;22:00:00;540
301c-I-L-B11;22:00:00;24:00:00;900
301c-R-L-B01;01:00:00;05:30:00;8100
301c-R-L-B02;05:30:00;06:30:00;360
301c-R-L-B03;06:30:00;08:00:00;200
301c-R-L-B04;08:00:00;09:30:00;450
301c-R-L-B05;09:30:00;12:30:00;600
301c-R-L-B06;12:30:00;14:00:00;600
301c-R-L-B07;14:00:00;16:30:00;600
301c-R-L-B08;16:30:00;18:30:00;450
301c-R-L-B09;18:30:00;20:30:00;450
301c-R-L-B10;20:30:00;22:00:00;900
301c-R-L-B11;22:00:00;24:00:00;1800
302-I-L-B02;05:30:00;06:30:00;720
302-I-L-B03;06:30:00;08:00:00;600
302-I-L-B04;08:00:00;09:30:00;600
302-I-L-B05;09:30:00;12:30:00;720
302-I-L-B06;12:30:00;14:00:00;771
302-I-L-B07;14:00:00;16:30:00;600
302-I-L-B08;16:30:00;18:30:00;600
302-I-L-B09;18:30:00;20:30:00;600
302-I-L-B10;20:30:00;22:00:00;771
302-I-L-B11;22:00:00;24:00:00;900
302-R-L-B01;01:00:00;05:30:00;5400
302-R-L-B02;05:30:00;06:30:00;450
302-R-L-B03;06:30:00;08:00:00;415
302-R-L-B04;08:00:00;09:30:00;675
302-R-L-B05;09:30:00;12:30:00;720
302-R-L-B06;12:30:00;14:00:00;600
302-R-L-B07;14:00:00;16:30:00;750
302-R-L-B08;16:30:00;18:30:00;600
302-R-L-B09;18:30:00;20:30:00;654
302-R-L-B10;20:30:00;22:00:00;771
302-R-L-B11;22:00:00;24:00:00;900
302N-I-L-B00;00:00:00;01:00:00;1800
302N-I-L-B01;01:00:00;05:30:00;1800
302N-R-L-B00;00:00:00;01:00:00;1800
302N-R-L-B01;01:00:00;05:30:00;1800
303-I-L-B00;00:00:00;01:00:00;1800
303-I-L-B01;01:00:00;05:30:00;1800
303-I-L-B02;05:30:00;06:30:00;514
303-I-L-B03;06:30:00;08:00:00;360
303-I-L-B04;08:00:00;09:30:00;540
303-I-L-B05;09:30:00;12:30:00;720
303-I-L-B06;12:30:00;14:00:00;675
303-I-L-B07;14:00:00;16:30:00;642
303-I-L-B08;16:30:00;18:30:00;360
303-I-L-B09;18:30:00;20:30:00;514
303-I-L-B10;20:30:00;22:00:00;771
303-I-L-B11;22:00:00;24:00:00;1028
303-R-L-B00;00:00:00;01:00:00;1800
303-R-L-B01;01:00:00;05:30:00;1800
303-R-L-B02;05:30:00;06:30:00;720
303-R-L-B03;06:30:00;08:00:00;360
303-R-L-B04;08:00:00;09:30:00;490
303-R-L-B05;09:30:00;12:30:00;720
303-R-L-B06;12:30:00;14:00:00;600
303-R-L-B07;14:00:00;16:30:00;600
303-R-L-B08;16:30:00;18:30:00;360
303-R-L-B09;18:30:00;20:30:00;480
303-R-L-B10;20:30:00;22:00:00;675
303-R-L-B11;22:00:00;24:00:00;800
306-I-L-B02;05:30:00;06:30:00;450
306-I-L-B03;06:30:00;08:00:00;490
306-I-L-B04;08:00:00;09:30:00;600
306-I-L-B05;09:30:00;12:30:00;600
306-I-L-B06;12:30:00;14:00:00;675
306-I-L-B07;14:00:00;16:30:00;600
306-I-L-B08;16:30:00;18:30:00;480
306-I-L-B09;18:30:00;20:30:00;450
306-I-L-B10;20:30:00;22:00:00;675
306-I-L-B11;22:00:00;24:00:00;1800
306-R-L-B02;05:30:00;06:30:00;900
306-R-L-B03;06:30:00;08:00:00;450
306-R-L-B04;08:00:00;09:30:00;540
306-R-L-B05;09:30:00;12:30:00;600
306-R-L-B06;12:30:00;14:00:00;600
306-R-L-B07;14:00:00;16:30:00;600
306-R-L-B08;16:30:00;18:30:00;514
306-R-L-B09;18:30:00;20:30:00;450
306-R-L-B10;20:30:00;22:00:00;600
306-R-L-B11;22:00:00;24:00:00;1028
307-I-L-B01;01:00:00;05:30:00;5400
307-I-L-B02;05:30:00;06:30:00;400
307-I-L-B03;06:30:00;08:00:00;385
307-I-L-B04;08:00:00;09:30:00;600
307-I-L-B05;09:30:00;12:30:00;720
307-I-L-B06;12:30:00;14:00:00;490
307-I-L-B07;14:00:00;16:30:00;500
307-I-L-B08;16:30:00;18:30:00;360
307-I-L-B09;18:30:00;20:30:00;360
307-I-L-B10;20:30:00;22:00:00;675
307-I-L-B11;22:00:00;24:00:00;900
307c-I-L-B02;05:30:00;06:30:00;514
307c-I-L-B03;06:30:00;08:00:00;317
307c-I-L-B04;08:00:00;09:30:00;675
307c-I-L-B05;09:30:00;12:30:00;771
307c-I-L-B06;12:30:00;14:00:00;675
307c-I-L-B07;14:00:00;16:30:00;750
307c-I-L-B08;16:30:00;18:30:00;400
307c-I-L-B09;18:30:00;20:30:00;423
307c-I-L-B10;20:30:00;22:00:00;675
307c-I-L-B11;22:00:00;24:00:00;1800
307c-R-L-B02;05:30:00;06:30:00;900
307c-R-L-B03;06:30:00;08:00:00;317
307c-R-L-B04;08:00:00;09:30:00;675
307c-R-L-B05;09:30:00;12:30:00;771
307c-R-L-B06;12:30:00;14:00:00;675
307c-R-L-B07;14:00:00;16:30:00;642
307c-R-L-B08;16:30:00;18:30:00;400
307c-R-L-B09;18:30:00;20:30:00;360
307c-R-L-B10;20:30:00;22:00:00;675
307c-R-L-B11;22:00:00;24:00:00;1028
307e-I-L-B01;01:00:00;05:30:00;5400
307e-I-L-B02;05:30:00;06:30:00;600
307e-I-L-B03;06:30:00;08:00:00;540
307e-I-L-B04;08:00:00;09:30:00;771
307e-I-L-B08;16:30:00;18:30:00;720
307e-I-L-B09;18:30:00;20:30:00;514
307e-I-L-B10;20:30:00;22:00:00;1350
307e-R-L-B02;05:30:00;06:30:00;1200
307e-R-L-B03;06:30:00;08:00:00;600
307e-R-L-B04;08:00:00;09:30:00;900
307e-R-L-B08;16:30:00;18:30:00;720
307e-R-L-B09;18:30:00;20:30:00;480
307e-R-L-B10;20:30:00;22:00:00;900
308-I-L-B01;01:00:00;05:30:00;5400
308-I-L-B02;05:30:00;06:30:00;450
308-I-L-B03;06:30:00;08:00:00;450
308-I-L-B04;08:00:00;09:30:00;450
308-I-L-B05;09:30:00;12:30:00;600
308-I-L-B06;12:30:00;14:00:00;675
308-I-L-B07;14:00:00;16:30:00;692
308-I-L-B08;16:30:00;18:30:00;450
308-I-L-B09;18:30:00;20:30:00;654
308-I-L-B10;20:30:00;22:00:00;771
308-I-L-B11;22:00:00;24:00:00;1028
308-R-L-B02;05:30:00;06:30:00;900
308-R-L-B03;06:30:00;08:00:00;540
308-R-L-B04;08:00:00;09:30:00;771
308-R-L-B05;09:30:00;12:30:00;720
308-R-L-B06;12:30:00;14:00:00;540
308-R-L-B07;14:00:00;16:30:00;562
308-R-L-B08;16:30:00;18:30:00;423
308-R-L-B09;18:30:00;20:30:00;514
308-R-L-B10;20:30:00;22:00:00;771
308-R-L-B11;22:00:00;24:00:00;1028
308c-I-L-B02;05:30:00;06:30:00;720
308c-I-L-B03;06:30:00;08:00:00;270
308c-I-L-B04;08:00:00;09:30:00;771
308c-I-L-B05;09:30:00;12:30:00;900
308c-I-L-B06;12:30:00;14:00:00;900
308c-I-L-B07;14:00:00;16:30:00;900
308c-I-L-B08;16:30:00;18:30:00;480
308c-I-L-B09;18:30:00;20:30:00;360
308c-I-L-B10;20:30:00;22:00:00;771
308c-I-L-B11;22:00:00;24:00:00;2400
313e-I-L-B02;05:30:00;06:30:00;900
313e-I-L-B03;06:30:00;08:00:00;600
313e-I-L-B04;08:00:00;09:30:00;1350
313e-I-L-B08;16:30:00;18:30:00;1028
313e-I-L-B09;18:30:00;20:30:00;720
313e-R-L-B02;05:30:00;06:30:00;3600
313e-R-L-B03;06:30:00;08:00:00;600
313e-R-L-B04;08:00:00;09:30:00;900
313e-R-L-B08;16:30:00;18:30:00;1028
313e-R-L-B09;18:30:00;20:30:00;514
313e-R-L-B10;20:30:00;22:00:00;1350
314-I-L-B01;01:00:00;05:30:00;5400
314-I-L-B02;05:30:00;06:30:00;514
314-I-L-B03;06:30:00;08:00:00;490
314-I-L-B04;08:00:00;09:30:00;540
314-I-L-B05;09:30:00;12:30:00;600
314-I-L-B06;12:30:00;14:00:00;900
314-I-L-B07;14:00:00;16:30:00;692
314-I-L-B08;16:30:00;18:30:00;600
314-I-L-B09;18:30:00;20:30:00;720
314-I-L-B10;20:30:00;22:00:00;771
314-I-L-B11;22:00:00;24:00:00;1028
314c-I-L-B02;05:30:00;06:30:00;720
314c-I-L-B03;06:30:00;08:00:00;490
314c-I-L-B04;08:00:00;09:30:00;675
314c-I-L-B08;16:30:00;18:30:00;600
314c-I-L-B09;18:30:00;20:30:00;514
315e-I-L-B01;01:00:00;05:30:00;2700
315e-I-L-B02;05:30:00;06:30:00;276
315e-I-L-B03;06:30:00;08:00:00;225
315e-I-L-B04;08:00:00;09:30:00;337
315e-I-L-B05;09:30:00;12:30:00;514
315e-I-L-B06;12:30:00;14:00:00;540
315e-I-L-B07;14:00:00;16:30:00;562
315e-I-L-B08;16:30:00;18:30:00;342
315e-I-L-B09;18:30:00;20:30:00;360
315e-I-L-B10;20:30:00;22:00:00;771
315e-I-L-B11;22:00:00;24:00:00;1800
315e-R-L-B02;05:30:00;06:30:00;900
315e-R-L-B03;06:30:00;08:00:00;257
315e-R-L-B04;08:00:00;09:30:00;490
315e-R-L-B05;09:30:00;12:30:00;600
315e-R-L-B06;12:30:00;14:00:00;540
315e-R-L-B07;14:00:00;16:30:00;473
315e-R-L-B08;16:30:00;18:30:00;342
315e-R-L-B09;18:30:00;20:30:00;360
315e-R-L-B10;20:30:00;22:00:00;600
315e-R-L-B11;22:00:00;24:00:00;1028
320-I-L-B02;05:30:00;06:30:00;1200
320-I-L-B03;06:30:00;08:00:00;675
320-I-L-B04;08:00:00;09:30:00;900
320-I-L-B05;09:30:00;12:30:00;900
320-I-L-B06;12:30:00;14:00:00;900
320-I-L-B07;14:00:00;16:30:00;900
320-I-L-B08;16:30:00;18:30:00;900
320-I-L-B09;18:30:00;20:30:00;900
320-I-L-B10;20:30:00;22:00:00;900
320-I-L-B11;22:00:00;24:00:00;1200
320-R-L-B01;01:00:00;05:30:00;16200
320-R-L-B02;05:30:00;06:30:00;720
320-R-L-B03;06:30:00;08:00:00;675
320-R-L-B04;08:00:00;09:30:00;771
320-R-L-B05;09:30:00;12:30:00;830
320-R-L-B06;12:30:00;14:00:00;900
320-R-L-B07;14:00:00;16:30:00;900
320-R-L-B08;16:30:00;18:30:00;720
320-R-L-B09;18:30:00;20:30:00;720
320-R-L-B10;20:30:00;22:00:00;771
320-R-L-B11;22:00:00;24:00:00;1800
320c-I-L-B03;06:30:00;08:00:00;1080
320c-I-L-B04;08:00:00;09:30:00;5400
320c-I-L-B08;16:30:00;18:30:00;2400
320c-I-L-B09;18:30:00;20:30:00;1200
320c-I-L-B10;20:30:00;22:00:00;1800
320c-R-L-B02;05:30:00;06:30:00;3600
320c-R-L-B03;06:30:00;08:00:00;1080
320c-R-L-B04;08:00:00;09:30:00;5400
320c-R-L-B08;16:30:00;18:30:00;2400
320c-R-L-B09;18:30:00;20:30:00;1200
320c-R-L-B10;20:30:00;22:00:00;1800
321-I-L-B02;05:30:00;06:30:00;720
321-I-L-B03;06:30:00;08:00:00;771
321-I-L-B04;08:00:00;09:30:00;771
321-I-L-B05;09:30:00;12:30:00;981
321-I-L-B06;12:30:00;14:00:00;1080
321-I-L-B07;14:00:00;16:30:00;900
321-I-L-B08;16:30:00;18:30:00;800
321-I-L-B09;18:30:00;20:30:00;720
321-I-L-B10;20:30:00;22:00:00;900
321-I-L-B11;22:00:00;24:00:00;1800
321-R-L-B02;05:30:00;06:30:00;600
321-R-L-B03;06:30:00;08:00:00;600
321-R-L-B04;08:00:00;09:30:00;771
321-R-L-B05;09:30:00;12:30:00;981
321-R-L-B06;12:30:00;14:00:00;900
321-R-L-B07;14:00:00;16:30:00;900
321-R-L-B08;16:30:00;18:30:00;800
321-R-L-B09;18:30:00;20:30:00;900
321-R-L-B10;20:30:00;22:00:00;900
321-R-L-B11;22:00:00;24:00:00;2400
322-I-L-B02;05:30:00;06:30:00;1800
322-I-L-B03;06:30:00;08:00:00;600
322-I-L-B04;08:00:00;09:30:00;600
322-I-L-B05;09:30:00;12:30:00;830
322-I-L-B06;12:30:00;14:00:00;675
322-I-L-B07;14:00:00;16:30:00;750
322-I-L-B08;16:30:00;18:30:00;553
322-I-L-B09;18:30:00;20:30:00;553
322-I-L-B10;20:30:00;22:00:00;771
322-I-L-B11;22:00:00;24:00:00;1028
322-R-L-B02;05:30:00;06:30:00;900
322-R-L-B03;06:30:00;08:00:00;600
322-R-L-B04;08:00:00;09:30:00;600
322-R-L-B05;09:30:00;12:30:00;635
322-R-L-B06;12:30:00;14:00:00;771
322-R-L-B07;14:00:00;16:30:00;692
322-R-L-B08;16:30:00;18:30:00;600
322-R-L-B09;18:30:00;20:30:00;720
322-R-L-B10;20:30:00;22:00:00;900
322-R-L-B11;22:00:00;24:00:00;1800
323-I-L-B02;05:30:00;06:30:00;900
323-I-L-B03;06:30:00;08:00:00;675
323-I-L-B04;08:00:00;09:30:00;675
323-I-L-B05;09:30:00;12:30:00;720
323-I-L-B06;12:30:00;14:00:00;675
323-I-L-B07;14:00:00;16:30:00;692
323-I-L-B08;16:30:00;18:30:00;600
323-I-L-B09;18:30:00;20:30:00;654
323-I-L-B10;20:30:00;22:00:00;675
323-I-L-B11;22:00:00;24:00:00;1800
323-R-L-B02;05:30:00;06:30:00;600
323-R-L-B03;06:30:00;08:00:00;540
323-R-L-B04;08:00:00;09:30:00;675
323-R-L-B05;09:30:00;12:30:00;720
323-R-L-B06;12:30:00;14:00:00;675
323-R-L-B07;14:00:00;16:30:00;750
323-R-L-B08;16:30:00;18:30:00;600
323-R-L-B09;18:30:00;20:30:00;800
323-R-L-B10;20:30:00;22:00:00;900
323-R-L-B11;22:00:00;24:00:00;1800
325-I-L-B01;01:00:00;05:30:00;8100
325-I-L-B02;05:30:00;06:30:00;600
325-I-L-B03;06:30:00;08:00:00;675
325-I-L-B04;08:00:00;09:30:00;771
325-I-L-B05;09:30:00;12:30:00;771
325-I-L-B06;12:30:00;14:00:00;900
325-I-L-B07;14:00:00;16:30:00;900
325-I-L-B08;16:30:00;18:30:00;900
325-I-L-B09;18:30:00;20:30:00;900
325-I-L-B10;20:30:00;22:00:00;1080
325-I-L-B11;22:00:00;24:00:00;1200
325-R-L-B00;00:00:00;01:00:00;1800
325-R-L-B02;05:30:00;06:30:00;720
325-R-L-B03;06:30:00;08:00:00;675
325-R-L-B04;08:00:00;09:30:00;771
325-R-L-B05;09:30:00;12:30:00;771
325-R-L-B06;12:30:00;14:00:00;900
325-R-L-B07;14:00:00;16:30:00;900
325-R-L-B08;16:30:00;18:30:00;900
325-R-L-B09;18:30:00;20:30:00;900
325-R-L-B10;20:30:00;22:00:00;1080
325-R-L-B11;22:00:00;24:00:00;1028
329-I-L-B02;05:30:00;06:30:00;600
329-I-L-B03;06:30:00;08:00:00;490
329-I-L-B04;08:00:00;09:30:00;771
329-I-L-B05;09:30:00;12:30:00;720
329-I-L-B06;12:30:00;14:00:00;771
329-I-L-B07;14:00:00;16:30:00;692
329-I-L-B08;16:30:00;18:30:00;720
329-I-L-B09;18:30:00;20:30:00;800
329-I-L-B10;20:30:00;22:00:00;771
329-I-L-B11;22:00:00;24:00:00;1800
329-R-L-B02;05:30:00;06:30:00;1200
329-R-L-B03;06:30:00;08:00:00;540
329-R-L-B04;08:00:00;09:30:00;771
329-R-L-B05;09:30:00;12:30:00;720
329-R-L-B06;12:30:00;14:00:00;771
329-R-L-B07;14:00:00;16:30:00;692
329-R-L-B08;16:30:00;18:30:00;654
329-R-L-B09;18:30:00;20:30:00;720
329-R-L-B10;20:30:00;22:00:00;675
329-R-L-B11;22:00:00;24:00:00;1440
345-I-L-B02;05:30:00;06:30:00;600
345-I-L-B03;06:30:00;08:00:00;600
345-I-L-B04;08:00:00;09:30:00;771
345-I-L-B05;09:30:00;12:30:00;720
345-I-L-B06;12:30:00;14:00:00;900
345-I-L-B07;14:00:00;16:30:00;900
345-I-L-B08;16:30:00;18:30:00;800
345-I-L-B09;18:30:00;20:30:00;800
345-I-L-B10;20:30:00;22:00:00;771
345-I-L-B11;22:00:00;24:00:00;2400
345-R-L-B02;05:30:00;06:30:00;900
345-R-L-B03;06:30:00;08:00:00;675
345-R-L-B04;08:00:00;09:30:00;771
345-R-L-B05;09:30:00;12:30:00;771
345-R-L-B06;12:30:00;14:00:00;900
345-R-L-B07;14:00:00;16:30:00;900
345-R-L-B08;16:30:00;18:30:00;800
345-R-L-B09;18:30:00;20:30:00;800
345-R-L-B10;20:30:00;22:00:00;771
345-R-L-B11;22:00:00;24:00:00;1440
346N-I-L-B00;00:00:00;01:00:00;1800
346N-I-L-B01;01:00:00;05:30:00;1800
346N-R-L-B00;00:00:00;01:00:00;1800
346N-R-L-B01;01:00:00;05:30:00;1800
348-I-L-B02;05:30:00;06:30:00;720
348-I-L-B03;06:30:00;08:00:00;675
348-I-L-B04;08:00:00;09:30:00;675
348-I-L-B05;09:30:00;12:30:00;720
348-I-L-B06;12:30:00;14:00:00;675
348-I-L-B07;14:00:00;16:30:00;750
348-I-L-B08;16:30:00;18:30:00;654
348-I-L-B09;18:30:00;20:30:00;720
348-I-L-B10;20:30:00;22:00:00;771
348-I-L-B11;22:00:00;24:00:00;1800
348-R-L-B02;05:30:00;06:30:00;1200
348-R-L-B03;06:30:00;08:00:00;771
348-R-L-B04;08:00:00;09:30:00;771
348-R-L-B05;09:30:00;12:30:00;720
348-R-L-B06;12:30:00;14:00:00;771
348-R-L-B07;14:00:00;16:30:00;750
348-R-L-B08;16:30:00;18:30:00;600
348-R-L-B09;18:30:00;20:30:00;600
348-R-L-B10;20:30:00;22:00:00;771
348-R-L-B11;22:00:00;24:00:00;1028
385-I-L-B01;01:00:00;05:30:00;8100
385-I-L-B02;05:30:00;06:30:00;600
385-I-L-B03;06:30:00;08:00:00;675
385-I-L-B04;08:00:00;09:30:00;771
385-I-L-B05;09:30:00;12:30:00;720
385-I-L-B06;12:30:00;14:00:00;771
385-I-L-B07;14:00:00;16:30:00;900
385-I-L-B08;16:30:00;18:30:00;720
385-I-L-B09;18:30:00;20:30:00;800
385-I-L-B10;20:30:00;22:00:00;900
385-I-L-B11;22:00:00;24:00:00;1440
385-R-L-B02;05:30:00;06:30:00;1200
385-R-L-B03;06:30:00;08:00:00;675
385-R-L-B04;08:00:00;09:30:00;771
385-R-L-B05;09:30:00;12:30:00;720
385-R-L-B06;12:30:00;14:00:00;771
385-R-L-B07;14:00:00;16:30:00;750
385-R-L-B08;16:30:00;18:30:00;654
385-R-L-B09;18:30:00;20:30:00;720
385-R-L-B10;20:30:00;22:00:00;900
385-R-L-B11;22:00:00;24:00:00;1200
401-I-L-B00;00:00:00;01:00:00;1800
401-I-L-B01;01:00:00;05:30:00;1349
401-I-L-B02;05:30:00;06:30:00;450
401-I-L-B03;06:30:00;08:00:00;317
401-I-L-B04;08:00:00;09:30:00;540
401-I-L-B05;09:30:00;12:30:00;675
401-I-L-B06;12:30:00;14:00:00;675
401-I-L-B07;14:00:00;16:30:00;642
401-I-L-B08;16:30:00;18:30:00;480
401-I-L-B09;18:30:00;20:30:00;720
401-I-L-B10;20:30:00;22:00:00;1080
401-I-L-B11;22:00:00;24:00:00;1200
401-R-L-B00;00:00:00;01:00:00;900
401-R-L-B01;01:00:00;05:30:00;1800
401-R-L-B02;05:30:00;06:30:00;900
401-R-L-B03;06:30:00;08:00:00;675
401-R-L-B04;08:00:00;09:30:00;675
401-R-L-B05;09:30:00;12:30:00;600
401-R-L-B06;12:30:00;14:00:00;675
401-R-L-B07;14:00:00;16:30:00;562
401-R-L-B08;16:30:00;18:30:00;342
401-R-L-B09;18:30:00;20:30:00;553
401-R-L-B10;20:30:00;22:00:00;771
401-R-L-B11;22:00:00;24:00:00;800
401c-I-L-B03;06:30:00;08:00:00;2700
401c-I-L-B04;08:00:00;09:30:00;1800
401c-I-L-B05;09:30:00;12:30:00;10800
401c-I-L-B08;16:30:00;18:30:00;7200
401c-I-L-B09;18:30:00;20:30:00;1800
401c-I-L-B10;20:30:00;22:00:00;5400
401c-R-L-B03;06:30:00;08:00:00;2700
401c-R-L-B04;08:00:00;09:30:00;1800
401c-R-L-B05;09:30:00;12:30:00;10800
401c-R-L-B08;16:30:00;18:30:00;7200
401c-R-L-B09;18:30:00;20:30:00;1800
401c-R-L-B10;20:30:00;22:00:00;5400
402-I-L-B02;05:30:00;06:30:00;900
402-I-L-B03;06:30:00;08:00:00;490
402-I-L-B04;08:00:00;09:30:00;600
402-I-L-B05;09:30:00;12:30:00;720
402-I-L-B06;12:30:00;14:00:00;771
402-I-L-B07;14:00:00;16:30:00;692
402-I-L-B08;16:30:00;18:30:00;654
402-I-L-B09;18:30:00;20:30:00;654
402-I-L-B10;20:30:00;22:00:00;900
402-I-L-B11;22:00:00;24:00:00;1028
403-I-L-B00;00:00:00;01:00:00;1800
403-I-L-B01;01:00:00;05:30:00;1800
403-I-L-B02;05:30:00;06:30:00;514
403-I-L-B03;06:30:00;08:00:00;450
403-I-L-B04;08:00:00;09:30:00;490
403-I-L-B05;09:30:00;12:30:00;568
403-I-L-B06;12:30:00;14:00:00;490
403-I-L-B07;14:00:00;16:30:00;562
403-I-L-B08;16:30:00;18:30:00;480
403-I-L-B09;18:30:00;20:30:00;514
403-I-L-B10;20:30:00;22:00:00;771
403-I-L-B11;22:00:00;24:00:00;1200
403-R-L-B00;00:00:00;01:00:00;1800
403-R-L-B01;01:00:00;05:30:00;1800
403-R-L-B02;05:30:00;06:30:00;600
403-R-L-B03;06:30:00;08:00:00;490
403-R-L-B04;08:00:00;09:30:00;450
403-R-L-B05;09:30:00;12:30:00;540
403-R-L-B06;12:30:00;14:00:00;540
403-R-L-B07;14:00:00;16:30:00;529
403-R-L-B08;16:30:00;18:30:00;480
403-R-L-B09;18:30:00;20:30:00;553
403-R-L-B10;20:30:00;22:00:00;771
403-R-L-B11;22:00:00;24:00:00;1200
404-I-L-B00;00:00:00;01:00:00;1200
404-I-L-B02;05:30:00;06:30:00;720
404-I-L-B03;06:30:00;08:00:00;675
404-I-L-B04;08:00:00;09:30:00;600
404-I-L-B05;09:30:00;12:30:00;600
404-I-L-B06;12:30:00;14:00:00;600
404-I-L-B07;14:00:00;16:30:00;562
404-I-L-B08;16:30:00;18:30:00;600
404-I-L-B09;18:30:00;20:30:00;720
404-I-L-B10;20:30:00;22:00:00;675
404-I-L-B11;22:00:00;24:00:00;1028
404c-I-L-B02;05:30:00;06:30:00;1200
404c-I-L-B03;06:30:00;08:00:00;284
404c-I-L-B04;08:00:00;09:30:00;600
404c-R-L-B08;16:30:00;18:30:00;1200
404c-R-L-B09;18:30:00;20:30:00;400
404c-R-L-B10;20:30:00;22:00:00;1800
405-I-L-B00;00:00:00;01:00:00;1800
405-I-L-B01;01:00:00;05:30:00;1349
405-I-L-B02;05:30:00;06:30:00;276
405-I-L-B03;06:30:00;08:00:00;257
405-I-L-B04;08:00:00;09:30:00;415
405-I-L-B05;09:30:00;12:30:00;635
405-I-L-B06;12:30:00;14:00:00;675
405-I-L-B07;14:00:00;16:30:00;692
405-I-L-B08;16:30:00;18:30:00;553
405-I-L-B09;18:30:00;20:30:00;720
405-I-L-B10;20:30:00;22:00:00;900
405-I-L-B11;22:00:00;24:00:00;1200
405-R-L-B00;00:00:00;01:00:00;1200
405-R-L-B01;01:00:00;05:30:00;1800
405-R-L-B02;05:30:00;06:30:00;900
405-R-L-B03;06:30:00;08:00:00;771
405-R-L-B04;08:00:00;09:30:00;675
405-R-L-B05;09:30:00;12:30:00;540
405-R-L-B06;12:30:00;14:00:00;540
405-R-L-B07;14:00:00;16:30:00;409
405-R-L-B08;16:30:00;18:30:00;342
405-R-L-B09;18:30:00;20:30:00;450
405-R-L-B10;20:30:00;22:00:00;771
405-R-L-B11;22:00:00;24:00:00;720
405c-R-L-B01;01:00:00;05:30:00;5400
405c-R-L-B02;05:30:00;06:30:00;600
405c-R-L-B03;06:30:00;08:00:00;540
405c-R-L-B04;08:00:00;09:30:00;675
405c-R-L-B07;14:00:00;16:30:00;1500
405c-R-L-B08;16:30:00;18:30:00;553
405c-R-L-B09;18:30:00;20:30:00;600
405c-R-L-B10;20:30:00;22:00:00;1800
406-I-L-B01;01:00:00;05:30:00;2314
406-I-L-B02;05:30:00;06:30:00;300
406-I-L-B03;06:30:00;08:00:00;225
406-I-L-B04;08:00:00;09:30:00;450
406-I-L-B05;09:30:00;12:30:00;568
406-I-L-B06;12:30:00;14:00:00;450
406-I-L-B07;14:00:00;16:30:00;346
406-I-L-B08;16:30:00;18:30:00;342
406-I-L-B09;18:30:00;20:30:00;654
406-I-L-B10;20:30:00;22:00:00;1080
406-I-L-B11;22:00:00;24:00:00;3600
406-R-L-B02;05:30:00;06:30:00;900
406-R-L-B03;06:30:00;08:00:00;415
406-R-L-B04;08:00:00;09:30:00;385
406-R-L-B05;09:30:00;12:30:00;400
406-R-L-B06;12:30:00;14:00:00;600
406-R-L-B07;14:00:00;16:30:00;500
406-R-L-B08;16:30:00;18:30:00;327
406-R-L-B09;18:30:00;20:30:00;378
406-R-L-B10;20:30:00;22:00:00;675
406-R-L-B11;22:00:00;24:00:00;1028
406c-I-L-B03;06:30:00;08:00:00;490
406c-I-L-B04;08:00:00;09:30:00;600
406c-I-L-B05;09:30:00;12:30:00;3600
406c-I-L-B07;14:00:00;16:30:00;3000
406c-I-L-B08;16:30:00;18:30:00;553
406c-I-L-B09;18:30:00;20:30:00;1028
407-I-L-B00;00:00:00;01:00:00;1800
407-I-L-B01;01:00:00;05:30:00;1246
407-I-L-B02;05:30:00;06:30:00;327
407-I-L-B03;06:30:00;08:00:00;257
407-I-L-B04;08:00:00;09:30:00;450
407-I-L-B05;09:30:00;12:30:00;514
407-I-L-B06;12:30:00;14:00:00;490
407-I-L-B07;14:00:00;16:30:00;473
407-I-L-B08;16:30:00;18:30:00;450
407-I-L-B09;18:30:00;20:30:00;654
407-I-L-B10;20:30:00;22:00:00;771
407-I-L-B11;22:00:00;24:00:00;1440
407-R-L-B00;00:00:00;01:00:00;1800
407-R-L-B01;01:00:00;05:30:00;1620
407-R-L-B02;05:30:00;06:30:00;600
407-R-L-B03;06:30:00;08:00:00;317
407-R-L-B04;08:00:00;09:30:00;450
407-R-L-B05;09:30:00;12:30:00;490
407-R-L-B06;12:30:00;14:00:00;490
407-R-L-B07;14:00:00;16:30:00;391
407-R-L-B08;16:30:00;18:30:00;300
407-R-L-B09;18:30:00;20:30:00;654
407-R-L-B10;20:30:00;22:00:00;771
407-R-L-B11;22:00:00;24:00:00;1440
408-I-L-B02;05:30:00;06:30:00;514
408-I-L-B03;06:30:00;08:00:00;317
408-I-L-B04;08:00:00;09:30:00;415
408-I-L-B05;09:30:00;12:30:00;514
408-I-L-B06;12:30:00;14:00:00;540
408-I-L-B07;14:00:00;16:30:00;500
408-I-L-B08;16:30:00;18:30:00;600
408-I-L-B09;18:30:00;20:30:00;553
408-I-L-B10;20:30:00;22:00:00;900
408-I-L-B11;22:00:00;24:00:00;1200
408-R-L-B00;00:00:00;01:00:00;1800
408-R-L-B02;05:30:00;06:30:00;900
408-R-L-B03;06:30:00;08:00:00;490
408-R-L-B04;08:00:00;09:30:00;675
408-R-L-B05;09:30:00;12:30:00;600
408-R-L-B06;12:30:00;14:00:00;540
408-R-L-B07;14:00:00;16:30:00;500
408-R-L-B08;16:30:00;18:30:00;423
408-R-L-B09;18:30:00;20:30:00;400
408-R-L-B10;20:30:00;22:00:00;540
408-R-L-B11;22:00:00;24:00:00;800
408e-I-L-B03;06:30:00;08:00:00;385
408e-I-L-B04;08:00:00;09:30:00;1350
408e-R-L-B08;16:30:00;18:30:00;1440
408e-R-L-B09;18:30:00;20:30:00;720
409-I-L-B02;05:30:00;06:30:00;720
409-I-L-B03;06:30:00;08:00:00;300
409-I-L-B04;08:00:00;09:30:00;385
409-I-L-B05;09:30:00;12:30:00;450
409-I-L-B06;12:30:00;14:00:00;540
409-I-L-B07;14:00:00;16:30:00;562
409-I-L-B08;16:30:00;18:30:00;654
409-I-L-B09;18:30:00;20:30:00;800
409-I-L-B10;20:30:00;22:00:00;900
409-I-L-B11;22:00:00;24:00:00;1440
409-R-L-B00;00:00:00;01:00:00;1200
409-R-L-B02;05:30:00;06:30:00;1200
409-R-L-B03;06:30:00;08:00:00;675
409-R-L-B04;08:00:00;09:30:00;771
409-R-L-B05;09:30:00;12:30:00;600
409-R-L-B06;12:30:00;14:00:00;540
409-R-L-B07;14:00:00;16:30:00;529
409-R-L-B08;16:30:00;18:30:00;450
409-R-L-B09;18:30:00;20:30:00;600
409-R-L-B10;20:30:00;22:00:00;771
409-R-L-B11;22:00:00;24:00:00;1200
410-I-L-B01;01:00:00;05:30:00;5400
410-I-L-B02;05:30:00;06:30:00;360
410-I-L-B03;06:30:00;08:00:00;385
410-I-L-B04;08:00:00;09:30:00;450
410-I-L-B05;09:30:00;12:30:00;514
410-I-L-B06;12:30:00;14:00:00;600
410-I-L-B07;14:00:00;16:30:00;692
410-I-L-B08;16:30:00;18:30:00;600
410-I-L-B09;18:30:00;20:30:00;600
410-I-L-B10;20:30:00;22:00:00;1080
410-I-L-B11;22:00:00;24:00:00;1440
410-R-L-B00;00:00:00;01:00:00;1800
410-R-L-B02;05:30:00;06:30:00;900
410-R-L-B03;06:30:00;08:00:00;771
410-R-L-B04;08:00:00;09:30:00;900
410-R-L-B05;09:30:00;12:30:00;771
410-R-L-B06;12:30:00;14:00:00;675
410-R-L-B07;14:00:00;16:30:00;529
410-R-L-B08;16:30:00;18:30:00;360
410-R-L-B09;18:30:00;20:30:00;360
410-R-L-B10;20:30:00;22:00:00;450
410-R-L-B11;22:00:00;24:00:00;1028
410e-I-L-B02;05:30:00;06:30:00;720
410e-I-L-B03;06:30:00;08:00:00;490
410e-I-L-B04;08:00:00;09:30:00;1800
411-I-L-B02;05:30:00;06:30:00;720
411-I-L-B03;06:30:00;08:00:00;385
411-I-L-B04;08:00:00;09:30:00;415
411-I-L-B05;09:30:00;12:30:00;635
411-I-L-B06;12:30:00;14:00:00;771
411-I-L-B07;14:00:00;16:30:00;600
411-I-L-B08;16:30:00;18:30:00;720
411-I-L-B09;18:30:00;20:30:00;720
411-I-L-B10;20:30:00;22:00:00;1080
411-I-L-B11;22:00:00;24:00:00;1028
411-R-L-B02;05:30:00;06:30:00;1800
411-R-L-B03;06:30:00;08:00:00;675
411-R-L-B04;08:00:00;09:30:00;771
411-R-L-B05;09:30:00;12:30:00;635
411-R-L-B06;12:30:00;14:00:00;675
411-R-L-B07;14:00:00;16:30:00;600
411-R-L-B08;16:30:00;18:30:00;600
411-R-L-B09;18:30:00;20:30:00;720
411-R-L-B10;20:30:00;22:00:00;900
411-R-L-B11;22:00:00;24:00:00;1028
412-I-L-B00;00:00:00;01:00:00;1800
412-I-L-B01;01:00:00;05:30:00;8100
412-I-L-B02;05:30:00;06:30:00;600
412-I-L-B03;06:30:00;08:00:00;600
412-I-L-B04;08:00:00;09:30:00;600
412-I-L-B05;09:30:00;12:30:00;635
412-I-L-B06;12:30:00;14:00:00;675
412-I-L-B07;14:00:00;16:30:00;642
412-I-L-B08;16:30:00;18:30:00;654
412-I-L-B09;18:30:00;20:30:00;800
412-I-L-B10;20:30:00;22:00:00;900
412-I-L-B11;22:00:00;24:00:00;1440
412-R-L-B00;00:00:00;01:00:00;1800
412-R-L-B01;01:00:00;05:30:00;5400
412-R-L-B02;05:30:00;06:30:00;900
412-R-L-B03;06:30:00;08:00:00;600
412-R-L-B04;08:00:00;09:30:00;600
412-R-L-B05;09:30:00;12:30:00;635
412-R-L-B06;12:30:00;14:00:00;675
412-R-L-B07;14:00:00;16:30:00;642
412-R-L-B08;16:30:00;18:30:00;600
412-R-L-B09;18:30:00;20:30:00;720
412-R-L-B10;20:30:00;22:00:00;675
412-R-L-B11;22:00:00;24:00:00;1028
414e-I-L-B02;05:30:00;06:30:00;900
414e-I-L-B03;06:30:00;08:00:00;450
414e-I-L-B04;08:00:00;09:30:00;1080
414e-R-L-B08;16:30:00;18:30:00;514
414e-R-L-B09;18:30:00;20:30:00;654
414e-R-L-B10;20:30:00;22:00:00;2700
415e-I-L-B02;05:30:00;06:30:00;1200
415e-I-L-B03;06:30:00;08:00:00;490
415e-I-L-B04;08:00:00;09:30:00;771
415e-R-L-B08;16:30:00;18:30:00;800
415e-R-L-B09;18:30:00;20:30:00;720
415e-R-L-B10;20:30:00;22:00:00;1800
417e-I-L-B02;05:30:00;06:30:00;720
417e-I-L-B03;06:30:00;08:00:00;675
417e-I-L-B04;08:00:00;09:30:00;1349
417e-R-L-B08;16:30:00;18:30:00;1028
417e-R-L-B09;18:30:00;20:30:00;900
417e-R-L-B10;20:30:00;22:00:00;2700
418-I-L-B00;00:00:00;01:00:00;1800
418-I-L-B01;01:00:00;05:30:00;1620
418-I-L-B02;05:30:00;06:30:00;600
418-I-L-B03;06:30:00;08:00:00;490
418-I-L-B04;08:00:00;09:30:00;675
418-I-L-B05;09:30:00;12:30:00;720
418-I-L-B06;12:30:00;14:00:00;771
418-I-L-B07;14:00:00;16:30:00;692
418-I-L-B08;16:30:00;18:30:00;654
418-I-L-B09;18:30:00;20:30:00;720
418-I-L-B10;20:30:00;22:00:00;900
418-I-L-B11;22:00:00;24:00:00;1440
418-R-L-B00;00:00:00;01:00:00;1800
418-R-L-B01;01:00:00;05:30:00;1620
418-R-L-B02;05:30:00;06:30:00;900
418-R-L-B03;06:30:00;08:00:00;600
418-R-L-B04;08:00:00;09:30:00;771
418-R-L-B05;09:30:00;12:30:00;720
418-R-L-B06;12:30:00;14:00:00;900
418-R-L-B07;14:00:00;16:30:00;642
418-R-L-B08;16:30:00;18:30:00;553
418-R-L-B09;18:30:00;20:30:00;654
418-R-L-B10;20:30:00;22:00:00;900
418-R-L-B11;22:00:00;24:00:00;1200
419-I-L-B01;01:00:00;05:30:00;5400
419-I-L-B02;05:30:00;06:30:00;600
419-I-L-B03;06:30:00;08:00:00;600
419-I-L-B04;08:00:00;09:30:00;675
419-I-L-B05;09:30:00;12:30:00;771
419-I-L-B06;12:30:00;14:00:00;771
419-I-L-B07;14:00:00;16:30:00;692
419-I-L-B08;16:30:00;18:30:00;720
419-I-L-B09;18:30:00;20:30:00;900
419-I-L-B10;20:30:00;22:00:00;1080
419-I-L-B11;22:00:00;24:00:00;1440
419-R-L-B02;05:30:00;06:30:00;1800
419-R-L-B03;06:30:00;08:00:00;1080
419-R-L-B04;08:00:00;09:30:00;900
419-R-L-B05;09:30:00;12:30:00;720
419-R-L-B06;12:30:00;14:00:00;771
419-R-L-B07;14:00:00;16:30:00;692
419-R-L-B08;16:30:00;18:30:00;720
419-R-L-B09;18:30:00;20:30:00;720
419-R-L-B10;20:30:00;22:00:00;900
419-R-L-B11;22:00:00;24:00:00;1028
420-I-L-B02;05:30:00;06:30:00;900
420-I-L-B03;06:30:00;08:00:00;675
420-I-L-B04;08:00:00;09:30:00;771
420-I-L-B08;16:30:00;18:30:00;900
420-I-L-B09;18:30:00;20:30:00;720
420-I-L-B10;20:30:00;22:00:00;1800
421-I-L-B01;01:00:00;05:30:00;2700
421-I-L-B02;05:30:00;06:30:00;240
421-I-L-B03;06:30:00;08:00:00;300
421-I-L-B04;08:00:00;09:30:00;540
421-I-L-B05;09:30:00;12:30:00;720
421-I-L-B06;12:30:00;14:00:00;675
421-I-L-B07;14:00:00;16:30:00;642
421-I-L-B08;16:30:00;18:30:00;654
421-I-L-B09;18:30:00;20:30:00;720
421-I-L-B10;20:30:00;22:00:00;900
421-I-L-B11;22:00:00;24:00:00;1440
421-R-L-B00;00:00:00;01:00:00;1200
421-R-L-B02;05:30:00;06:30:00;1800
421-R-L-B03;06:30:00;08:00:00;675
421-R-L-B04;08:00:00;09:30:00;675
421-R-L-B05;09:30:00;12:30:00;675
421-R-L-B06;12:30:00;14:00:00;675
421-R-L-B07;14:00:00;16:30:00;692
421-R-L-B08;16:30:00;18:30:00;423
421-R-L-B09;18:30:00;20:30:00;514
421-R-L-B10;20:30:00;22:00:00;771
421-R-L-B11;22:00:00;24:00:00;800
421c-I-L-B03;06:30:00;08:00:00;1080
421c-I-L-B04;08:00:00;09:30:00;1080
421c-I-L-B07;14:00:00;16:30:00;1800
421c-I-L-B08;16:30:00;18:30:00;900
421c-I-L-B09;18:30:00;20:30:00;1800
422-I-L-B02;05:30:00;06:30:00;514
422-I-L-B03;06:30:00;08:00:00;490
422-I-L-B04;08:00:00;09:30:00;675
422-I-L-B05;09:30:00;12:30:00;720
422-I-L-B06;12:30:00;14:00:00;675
422-I-L-B07;14:00:00;16:30:00;600
422-I-L-B08;16:30:00;18:30:00;450
422-I-L-B09;18:30:00;20:30:00;654
422-I-L-B10;20:30:00;22:00:00;900
422-I-L-B11;22:00:00;24:00:00;1440
422-R-L-B02;05:30:00;06:30:00;1800
422-R-L-B03;06:30:00;08:00:00;450
422-R-L-B04;08:00:00;09:30:00;675
422-R-L-B05;09:30:00;12:30:00;675
422-R-L-B06;12:30:00;14:00:00;675
422-R-L-B07;14:00:00;16:30:00;562
422-R-L-B08;16:30:00;18:30:00;480
422-R-L-B09;18:30:00;20:30:00;654
422-R-L-B10;20:30:00;22:00:00;771
422-R-L-B11;22:00:00;24:00:00;1028
422c-I-L-B02;05:30:00;06:30:00;720
422c-I-L-B03;06:30:00;08:00:00;771
422c-I-L-B04;08:00:00;09:30:00;771
422c-R-L-B08;16:30:00;18:30:00;800
422c-R-L-B09;18:30:00;20:30:00;720
422c-R-L-B10;20:30:00;22:00:00;1800
423-I-L-B01;01:00:00;05:30:00;8100
423-I-L-B02;05:30:00;06:30:00;600
423-I-L-B03;06:30:00;08:00:00;600
423-I-L-B04;08:00:00;09:30:00;771
423-I-L-B05;09:30:00;12:30:00;720
423-I-L-B06;12:30:00;14:00:00;675
423-I-L-B07;14:00:00;16:30:00;692
423-I-L-B08;16:30:00;18:30:00;800
423-I-L-B09;18:30:00;20:30:00;900
423-I-L-B10;20:30:00;22:00:00;900
423-I-L-B11;22:00:00;24:00:00;2400
423-R-L-B02;05:30:00;06:30:00;1800
423-R-L-B03;06:30:00;08:00:00;900
423-R-L-B04;08:00:00;09:30:00;900
423-R-L-B05;09:30:00;12:30:00;720
423-R-L-B06;12:30:00;14:00:00;675
423-R-L-B07;14:00:00;16:30:00;692
423-R-L-B08;16:30:00;18:30:00;514
423-R-L-B09;18:30:00;20:30:00;654
423-R-L-B10;20:30:00;22:00:00;900
423-R-L-B11;22:00:00;24:00:00;900
424-I-L-B02;05:30:00;06:30:00;600
424-I-L-B03;06:30:00;08:00:00;675
424-I-L-B04;08:00:00;09:30:00;771
424-I-L-B05;09:30:00;12:30:00;771
424-I-L-B06;12:30:00;14:00:00;771
424-I-L-B07;14:00:00;16:30:00;750
424-I-L-B08;16:30:00;18:30:00;654
424-I-L-B09;18:30:00;20:30:00;800
424-I-L-B10;20:30:00;22:00:00;900
424-I-L-B11;22:00:00;24:00:00;1440
424-R-L-B00;00:00:00;01:00:00;1800
424-R-L-B03;06:30:00;08:00:00;771
424-R-L-B04;08:00:00;09:30:00;771
424-R-L-B05;09:30:00;12:30:00;720
424-R-L-B06;12:30:00;14:00:00;771
424-R-L-B07;14:00:00;16:30:00;750
424-R-L-B08;16:30:00;18:30:00;654
424-R-L-B09;18:30:00;20:30:00;720
424-R-L-B10;20:30:00;22:00:00;900
424-R-L-B11;22:00:00;24:00:00;1200
425-I-L-B00;00:00:00;01:00:00;1800
425-I-L-B01;01:00:00;05:30:00;5400
425-I-L-B02;05:30:00;06:30:00;276
425-I-L-B03;06:30:00;08:00:00;270
425-I-L-B04;08:00:00;09:30:00;385
425-I-L-B05;09:30:00;12:30:00;490
425-I-L-B06;12:30:00;14:00:00;450
425-I-L-B07;14:00:00;16:30:00;450
425-I-L-B08;16:30:00;18:30:00;378
425-I-L-B09;18:30:00;20:30:00;450
425-I-L-B10;20:30:00;22:00:00;600
425-I-L-B11;22:00:00;24:00:00;1028
425-R-L-B00;00:00:00;01:00:00;1800
425-R-L-B01;01:00:00;05:30:00;5400
425-R-L-B02;05:30:00;06:30:00;450
425-R-L-B03;06:30:00;08:00:00;257
425-R-L-B04;08:00:00;09:30:00;415
425-R-L-B05;09:30:00;12:30:00;469
425-R-L-B06;12:30:00;14:00:00;450
425-R-L-B07;14:00:00;16:30:00;450
425-R-L-B08;16:30:00;18:30:00;360
425-R-L-B09;18:30:00;20:30:00;450
425-R-L-B10;20:30:00;22:00:00;600
425-R-L-B11;22:00:00;24:00:00;800
426-I-L-B00;00:00:00;01:00:00;1800
426-I-L-B01;01:00:00;05:30:00;1472
426-I-L-B02;05:30:00;06:30:00;276
426-I-L-B03;06:30:00;08:00:00;360
426-I-L-B04;08:00:00;09:30:00;415
426-I-L-B05;09:30:00;12:30:00;514
426-I-L-B06;12:30:00;14:00:00;490
426-I-L-B07;14:00:00;16:30:00;346
426-I-L-B08;16:30:00;18:30:00;553
426-I-L-B09;18:30:00;20:30:00;720
426-I-L-B10;20:30:00;22:00:00;900
426-I-L-B11;22:00:00;24:00:00;1440
426-R-L-B00;00:00:00;01:00:00;1200
426-R-L-B01;01:00:00;05:30:00;1800
426-R-L-B02;05:30:00;06:30:00;1200
426-R-L-B03;06:30:00;08:00:00;490
426-R-L-B04;08:00:00;09:30:00;415
426-R-L-B05;09:30:00;12:30:00;400
426-R-L-B06;12:30:00;14:00:00;675
426-R-L-B07;14:00:00;16:30:00;409
426-R-L-B08;16:30:00;18:30:00;327
426-R-L-B09;18:30:00;20:30:00;514
426-R-L-B10;20:30:00;22:00:00;675
426-R-L-B11;22:00:00;24:00:00;900
428-I-L-B00;00:00:00;01:00:00;1800
428-I-L-B01;01:00:00;05:30:00;3240
428-I-L-B02;05:30:00;06:30:00;600
428-I-L-B03;06:30:00;08:00:00;415
428-I-L-B04;08:00:00;09:30:00;540
428-I-L-B05;09:30:00;12:30:00;600
428-I-L-B06;12:30:00;14:00:00;600
428-I-L-B07;14:00:00;16:30:00;562
428-I-L-B08;16:30:00;18:30:00;378
428-I-L-B09;18:30:00;20:30:00;514
428-I-L-B10;20:30:00;22:00:00;675
428-I-L-B11;22:00:00;24:00:00;900
428-R-L-B00;00:00:00;01:00:00;1800
428-R-L-B01;01:00:00;05:30:00;2700
428-R-L-B02;05:30:00;06:30:00;450
428-R-L-B03;06:30:00;08:00:00;300
428-R-L-B04;08:00:00;09:30:00;490
428-R-L-B05;09:30:00;12:30:00;600
428-R-L-B06;12:30:00;14:00:00;600
428-R-L-B07;14:00:00;16:30:00;529
428-R-L-B08;16:30:00;18:30:00;450
428-R-L-B09;18:30:00;20:30:00;423
428-R-L-B10;20:30:00;22:00:00;675
428-R-L-B11;22:00:00;24:00:00;800
428e-I-L-B02;05:30:00;06:30:00;600
428e-I-L-B03;06:30:00;08:00:00;600
428e-I-L-B04;08:00:00;09:30:00;675
428e-I-L-B08;16:30:00;18:30:00;600
428e-I-L-B09;18:30:00;20:30:00;720
428e-I-L-B10;20:30:00;22:00:00;1349
428e-R-L-B02;05:30:00;06:30:00;450
428e-R-L-B03;06:30:00;08:00:00;540
428e-R-L-B04;08:00:00;09:30:00;675
428e-R-L-B08;16:30:00;18:30:00;600
428e-R-L-B09;18:30:00;20:30:00;654
428e-R-L-B10;20:30:00;22:00:00;1349
429-I-L-B01;01:00:00;05:30:00;5400
429-I-L-B02;05:30:00;06:30:00;600
429-I-L-B03;06:30:00;08:00:00;450
429-I-L-B04;08:00:00;09:30:00;600
429-I-L-B05;09:30:00;12:30:00;600
429-I-L-B06;12:30:00;14:00:00;600
429-I-L-B07;14:00:00;16:30:00;600
429-I-L-B08;16:30:00;18:30:00;654
429-I-L-B09;18:30:00;20:30:00;654
429-I-L-B10;20:30:00;22:00:00;900
429-I-L-B11;22:00:00;24:00:00;1200
429-R-L-B01;01:00:00;05:30:00;5400
429-R-L-B02;05:30:00;06:30:00;720
429-R-L-B03;06:30:00;08:00:00;675
429-R-L-B04;08:00:00;09:30:00;600
429-R-L-B05;09:30:00;12:30:00;600
429-R-L-B06;12:30:00;14:00:00;600
429-R-L-B07;14:00:00;16:30:00;600
429-R-L-B08;16:30:00;18:30:00;654
429-R-L-B09;18:30:00;20:30:00;720
429-R-L-B10;20:30:00;22:00:00;771
429-R-L-B11;22:00:00;24:00:00;1028
429c-I-L-B03;06:30:00;08:00:00;490
429c-I-L-B04;08:00:00;09:30:00;771
429c-I-L-B07;14:00:00;16:30:00;9000
429c-I-L-B08;16:30:00;18:30:00;720
429c-I-L-B09;18:30:00;20:30:00;1028
429c-R-L-B03;06:30:00;08:00:00;1349
429c-R-L-B04;08:00:00;09:30:00;771
429c-R-L-B05;09:30:00;12:30:00;2700
429c-R-L-B08;16:30:00;18:30:00;1440
429c-R-L-B09;18:30:00;20:30:00;720
429c-R-L-B10;20:30:00;22:00:00;2700
430-I-L-B01;01:00:00;05:30:00;3240
430-I-L-B02;05:30:00;06:30:00;300
430-I-L-B03;06:30:00;08:00:00;257
430-I-L-B04;08:00:00;09:30:00;415
430-I-L-B05;09:30:00;12:30:00;600
430-I-L-B06;12:30:00;14:00:00;600
430-I-L-B07;14:00:00;16:30:00;529
430-I-L-B08;16:30:00;18:30:00;400
430-I-L-B09;18:30:00;20:30:00;600
430-I-L-B10;20:30:00;22:00:00;1080
430-I-L-B11;22:00:00;24:00:00;2400
430-R-L-B02;05:30:00;06:30:00;1800
430-R-L-B03;06:30:00;08:00:00;490
430-R-L-B04;08:00:00;09:30:00;600
430-R-L-B05;09:30:00;12:30:00;600
430-R-L-B06;12:30:00;14:00:00;600
430-R-L-B07;14:00:00;16:30:00;500
430-R-L-B08;16:30:00;18:30:00;342
430-R-L-B09;18:30:00;20:30:00;360
430-R-L-B10;20:30:00;22:00:00;675
430-R-L-B11;22:00:00;24:00:00;900
431c-I-L-B02;05:30:00;06:30:00;1200
431c-I-L-B03;06:30:00;08:00:00;600
431c-I-L-B08;16:30:00;18:30:00;1440
431c-R-L-B03;06:30:00;08:00:00;1800
431c-R-L-B04;08:00:00;09:30:00;1800
431c-R-L-B08;16:30:00;18:30:00;720
431c-R-L-B09;18:30:00;20:30:00;654
432N-I-L-B00;00:00:00;01:00:00;1800
432N-I-L-B01;01:00:00;05:30:00;1800
432N-R-L-B00;00:00:00;01:00:00;1800
432N-R-L-B01;01:00:00;05:30:00;1800
435-I-L-B02;05:30:00;06:30:00;514
435-I-L-B03;06:30:00;08:00:00;337
435-I-L-B04;08:00:00;09:30:00;540
435-I-L-B05;09:30:00;12:30:00;600
435-I-L-B06;12:30:00;14:00:00;771
435-I-L-B07;14:00:00;16:30:00;642
435-I-L-B08;16:30:00;18:30:00;720
435-I-L-B09;18:30:00;20:30:00;720
435-I-L-B10;20:30:00;22:00:00;900
435-I-L-B11;22:00:00;24:00:00;1800
435-R-L-B03;06:30:00;08:00:00;600
435-R-L-B04;08:00:00;09:30:00;771
435-R-L-B05;09:30:00;12:30:00;900
435-R-L-B06;12:30:00;14:00:00;771
435-R-L-B07;14:00:00;16:30:00;600
435-R-L-B08;16:30:00;18:30:00;514
435-R-L-B09;18:30:00;20:30:00;654
435-R-L-B10;20:30:00;22:00:00;771
435-R-L-B11;22:00:00;24:00:00;900
444-I-L-B02;05:30:00;06:30:00;600
444-I-L-B03;06:30:00;08:00:00;675
444-I-L-B04;08:00:00;09:30:00;900
444-I-L-B05;09:30:00;12:30:00;1200
444-I-L-B06;12:30:00;14:00:00;1080
444-I-L-B07;14:00:00;16:30:00;1285
444-I-L-B08;16:30:00;18:30:00;720
444-I-L-B09;18:30:00;20:30:00;800
444-I-L-B10;20:30:00;22:00:00;1080
444-I-L-B11;22:00:00;24:00:00;3600
444-R-L-B02;05:30:00;06:30:00;600
444-R-L-B03;06:30:00;08:00:00;675
444-R-L-B04;08:00:00;09:30:00;771
444-R-L-B05;09:30:00;12:30:00;1200
444-R-L-B06;12:30:00;14:00:00;1080
444-R-L-B07;14:00:00;16:30:00;1285
444-R-L-B08;16:30:00;18:30:00;654
444-R-L-B09;18:30:00;20:30:00;654
444-R-L-B10;20:30:00;22:00:00;1080
444-R-L-B11;22:00:00;24:00:00;3600
445c-I-L-B02;05:30:00;06:30:00;900
445c-I-L-B03;06:30:00;08:00:00;415
445c-I-L-B04;08:00:00;09:30:00;900
445c-R-L-B07;14:00:00;16:30:00;1500
445c-R-L-B08;16:30:00;18:30:00;553
445c-R-L-B09;18:30:00;20:30:00;720
445c-R-L-B10;20:30:00;22:00:00;1800
481-I-L-B03;06:30:00;08:00:00;771
481-I-L-B04;08:00:00;09:30:00;771
481-I-L-B05;09:30:00;12:30:00;720
481-I-L-B06;12:30:00;14:00:00;771
481-I-L-B07;14:00:00;16:30:00;692
481-I-L-B08;16:30:00;18:30:00;553
481-I-L-B09;18:30:00;20:30:00;553
481-I-L-B10;20:30:00;22:00:00;771
481-I-L-B11;22:00:00;24:00:00;1800
481-R-L-B01;01:00:00;05:30:00;8100
481-R-L-B02;05:30:00;06:30:00;514
481-R-L-B03;06:30:00;08:00:00;415
481-R-L-B04;08:00:00;09:30:00;675
481-R-L-B05;09:30:00;12:30:00;771
481-R-L-B06;12:30:00;14:00:00;771
481-R-L-B07;14:00:00;16:30:00;692
481-R-L-B08;16:30:00;18:30:00;600
481-R-L-B09;18:30:00;20:30:00;720
481-R-L-B10;20:30:00;22:00:00;900
481-R-L-B11;22:00:00;24:00:00;1800
486-I-L-B02;05:30:00;06:30:00;720
486-I-L-B03;06:30:00;08:00:00;600
486-I-L-B04;08:00:00;09:30:00;675
486-I-L-B08;16:30:00;18:30:00;720
486-I-L-B09;18:30:00;20:30:00;800
501-I-L-B02;05:30:00;06:30:00;1200
501-I-L-B03;06:30:00;08:00:00;337
501-I-L-B04;08:00:00;09:30:00;360
501-I-L-B05;09:30:00;12:30:00;540
501-I-L-B06;12:30:00;14:00:00;450
501-I-L-B07;14:00:00;16:30:00;391
501-I-L-B08;16:30:00;18:30:00;327
501-I-L-B09;18:30:00;20:30:00;400
501-I-L-B10;20:30:00;22:00:00;771
501-I-L-B11;22:00:00;24:00:00;1200
501-R-L-B02;05:30:00;06:30:00;450
501-R-L-B03;06:30:00;08:00:00;284
501-R-L-B04;08:00:00;09:30:00;360
501-R-L-B05;09:30:00;12:30:00;600
501-R-L-B06;12:30:00;14:00:00;450
501-R-L-B07;14:00:00;16:30:00;375
501-R-L-B08;16:30:00;18:30:00;327
501-R-L-B09;18:30:00;20:30:00;400
501-R-L-B10;20:30:00;22:00:00;900
501-R-L-B11;22:00:00;24:00:00;1800
502-I-L-B01;01:00:00;05:30:00;3240
502-I-L-B02;05:30:00;06:30:00;327
502-I-L-B03;06:30:00;08:00:00;257
502-I-L-B04;08:00:00;09:30:00;540
502-I-L-B05;09:30:00;12:30:00;675
502-I-L-B06;12:30:00;14:00:00;600
502-I-L-B07;14:00:00;16:30:00;321
502-I-L-B08;16:30:00;18:30:00;450
502-I-L-B09;18:30:00;20:30:00;1200
502-I-L-B10;20:30:00;22:00:00;1080
502-I-L-B11;22:00:00;24:00:00;1440
502-R-L-B00;00:00:00;01:00:00;1800
502-R-L-B02;05:30:00;06:30:00;1800
502-R-L-B03;06:30:00;08:00:00;540
502-R-L-B04;08:00:00;09:30:00;450
502-R-L-B05;09:30:00;12:30:00;415
502-R-L-B06;12:30:00;14:00:00;675
502-R-L-B07;14:00:00;16:30:00;473
502-R-L-B08;16:30:00;18:30:00;342
502-R-L-B09;18:30:00;20:30:00;450
502-R-L-B10;20:30:00;22:00:00;1080
502-R-L-B11;22:00:00;24:00:00;1028
502c-I-L-B02;05:30:00;06:30:00;720
502c-I-L-B03;06:30:00;08:00:00;675
502c-I-L-B04;08:00:00;09:30:00;2700
502c-R-L-B08;16:30:00;18:30:00;1200
502c-R-L-B09;18:30:00;20:30:00;900
502c-R-L-B10;20:30:00;22:00:00;1800
503-I-L-B01;01:00:00;05:30:00;5400
503-I-L-B02;05:30:00;06:30:00;300
503-I-L-B03;06:30:00;08:00:00;234
503-I-L-B04;08:00:00;09:30:00;450
503-I-L-B05;09:30:00;12:30:00;450
503-I-L-B06;12:30:00;14:00:00;450
503-I-L-B07;14:00:00;16:30:00;428
503-I-L-B08;16:30:00;18:30:00;327
503-I-L-B09;18:30:00;20:30:00;553
503-I-L-B10;20:30:00;22:00:00;675
503-I-L-B11;22:00:00;24:00:00;1028
503-R-L-B00;00:00:00;01:00:00;1800
503-R-L-B02;05:30:00;06:30:00;600
503-R-L-B03;06:30:00;08:00:00;317
503-R-L-B04;08:00:00;09:30:00;415
503-R-L-B05;09:30:00;12:30:00;514
503-R-L-B06;12:30:00;14:00:00;450
503-R-L-B07;14:00:00;16:30:00;360
503-R-L-B08;16:30:00;18:30:00;276
503-R-L-B09;18:30:00;20:30:00;400
503-R-L-B10;20:30:00;22:00:00;540
503-R-L-B11;22:00:00;24:00:00;1028
504-I-L-B02;05:30:00;06:30:00;450
504-I-L-B03;06:30:00;08:00:00;360
504-I-L-B04;08:00:00;09:30:00;600
504-I-L-B05;09:30:00;12:30:00;720
504-I-L-B06;12:30:00;14:00:00;771
504-I-L-B07;14:00:00;16:30:00;529
504-I-L-B08;16:30:00;18:30:00;553
504-I-L-B09;18:30:00;20:30:00;720
504-I-L-B10;20:30:00;22:00:00;900
504-I-L-B11;22:00:00;24:00:00;1800
504-R-L-B02;05:30:00;06:30:00;720
504-R-L-B03;06:30:00;08:00:00;600
504-R-L-B04;08:00:00;09:30:00;600
504-R-L-B05;09:30:00;12:30:00;635
504-R-L-B06;12:30:00;14:00:00;675
504-R-L-B07;14:00:00;16:30:00;600
504-R-L-B08;16:30:00;18:30:00;450
504-R-L-B09;18:30:00;20:30:00;600
504-R-L-B10;20:30:00;22:00:00;900
504-R-L-B11;22:00:00;24:00:00;1200
505-I-L-B01;01:00:00;05:30:00;8100
505-I-L-B02;05:30:00;06:30:00;450
505-I-L-B03;06:30:00;08:00:00;317
505-I-L-B04;08:00:00;09:30:00;415
505-I-L-B05;09:30:00;12:30:00;600
505-I-L-B06;12:30:00;14:00:00;450
505-I-L-B07;14:00:00;16:30:00;450
505-I-L-B08;16:30:00;18:30:00;514
505-I-L-B09;18:30:00;20:30:00;514
505-I-L-B10;20:30:00;22:00:00;600
505-I-L-B11;22:00:00;24:00:00;1028
505-R-L-B01;01:00:00;05:30:00;8100
505-R-L-B02;05:30:00;06:30:00;450
505-R-L-B03;06:30:00;08:00:00;360
505-R-L-B04;08:00:00;09:30:00;450
505-R-L-B05;09:30:00;12:30:00;600
505-R-L-B06;12:30:00;14:00:00;450
505-R-L-B07;14:00:00;16:30:00;450
505-R-L-B08;16:30:00;18:30:00;378
505-R-L-B09;18:30:00;20:30:00;400
505-R-L-B10;20:30:00;22:00:00;540
505-R-L-B11;22:00:00;24:00:00;1028
505c-I-L-B02;05:30:00;06:30:00;1800
505c-I-L-B03;06:30:00;08:00:00;900
505c-I-L-B04;08:00:00;09:30:00;2700
506-I-L-B00;00:00:00;01:00:00;1800
506-I-L-B01;01:00:00;05:30:00;1472
506-I-L-B02;05:30:00;06:30:00;300
506-I-L-B03;06:30:00;08:00:00;284
506-I-L-B04;08:00:00;09:30:00;540
506-I-L-B05;09:30:00;12:30:00;720
506-I-L-B06;12:30:00;14:00:00;675
506-I-L-B07;14:00:00;16:30:00;473
506-I-L-B08;16:30:00;18:30:00;400
506-I-L-B09;18:30:00;20:30:00;553
506-I-L-B10;20:30:00;22:00:00;900
506-I-L-B11;22:00:00;24:00:00;1440
506-R-L-B00;00:00:00;01:00:00;1800
506-R-L-B01;01:00:00;05:30:00;1472
506-R-L-B02;05:30:00;06:30:00;600
506-R-L-B03;06:30:00;08:00:00;540
506-R-L-B04;08:00:00;09:30:00;415
506-R-L-B05;09:30:00;12:30:00;490
506-R-L-B06;12:30:00;14:00:00;675
506-R-L-B07;14:00:00;16:30:00;600
506-R-L-B08;16:30:00;18:30:00;400
506-R-L-B09;18:30:00;20:30:00;400
506-R-L-B10;20:30:00;22:00:00;675
506-R-L-B11;22:00:00;24:00:00;1028
506e-I-L-B02;05:30:00;06:30:00;600
506e-I-L-B03;06:30:00;08:00:00;675
506e-I-L-B04;08:00:00;09:30:00;900
506e-I-L-B08;16:30:00;18:30:00;900
506e-I-L-B09;18:30:00;20:30:00;800
506e-I-L-B10;20:30:00;22:00:00;1800
506e-R-L-B03;06:30:00;08:00:00;675
506e-R-L-B04;08:00:00;09:30:00;675
506e-R-L-B05;09:30:00;12:30:00;2700
506e-R-L-B08;16:30:00;18:30:00;1440
506e-R-L-B09;18:30:00;20:30:00;720
506e-R-L-B10;20:30:00;22:00:00;1080
506v-I-L-B02;05:30:00;06:30:00;514
506v-I-L-B03;06:30:00;08:00:00;337
506v-I-L-B04;08:00:00;09:30:00;675
506v-I-L-B05;09:30:00;12:30:00;771
506v-I-L-B06;12:30:00;14:00:00;600
506v-I-L-B07;14:00:00;16:30:00;500
506v-I-L-B08;16:30:00;18:30:00;514
506v-I-L-B09;18:30:00;20:30:00;600
506v-I-L-B10;20:30:00;22:00:00;771
506v-I-L-B11;22:00:00;24:00:00;1200
506v-R-L-B02;05:30:00;06:30:00;600
506v-R-L-B03;06:30:00;08:00:00;490
506v-R-L-B04;08:00:00;09:30:00;675
506v-R-L-B05;09:30:00;12:30:00;540
506v-R-L-B06;12:30:00;14:00:00;600
506v-R-L-B07;14:00:00;16:30:00;600
506v-R-L-B08;16:30:00;18:30:00;480
506v-R-L-B09;18:30:00;20:30:00;514
506v-R-L-B10;20:30:00;22:00:00;900
506v-R-L-B11;22:00:00;24:00:00;1028
507-I-L-B00;00:00:00;01:00:00;1800
507-I-L-B02;05:30:00;06:30:00;514
507-I-L-B03;06:30:00;08:00:00;337
507-I-L-B04;08:00:00;09:30:00;540
507-I-L-B05;09:30:00;12:30:00;600
507-I-L-B06;12:30:00;14:00:00;600
507-I-L-B07;14:00:00;16:30:00;473
507-I-L-B08;16:30:00;18:30:00;378
507-I-L-B09;18:30:00;20:30:00;480
507-I-L-B10;20:30:00;22:00:00;900
507-I-L-B11;22:00:00;24:00:00;1200
507-R-L-B00;00:00:00;01:00:00;1800
507-R-L-B02;05:30:00;06:30:00;600
507-R-L-B03;06:30:00;08:00:00;385
507-R-L-B04;08:00:00;09:30:00;490
507-R-L-B05;09:30:00;12:30:00;600
507-R-L-B06;12:30:00;14:00:00;600
507-R-L-B07;14:00:00;16:30:00;473
507-R-L-B08;16:30:00;18:30:00;360
507-R-L-B09;18:30:00;20:30:00;450
507-R-L-B10;20:30:00;22:00:00;900
507-R-L-B11;22:00:00;24:00:00;1200
507c-I-L-B03;06:30:00;08:00:00;490
507c-I-L-B04;08:00:00;09:30:00;600
507c-I-L-B05;09:30:00;12:30:00;2160
507c-I-L-B08;16:30:00;18:30:00;600
507c-I-L-B09;18:30:00;20:30:00;600
507c-I-L-B10;20:30:00;22:00:00;1350
507c-R-L-B02;05:30:00;06:30:00;600
507c-R-L-B03;06:30:00;08:00:00;540
507c-R-L-B04;08:00:00;09:30:00;600
507c-R-L-B07;14:00:00;16:30:00;2250
507c-R-L-B08;16:30:00;18:30:00;600
507c-R-L-B09;18:30:00;20:30:00;600
508-I-L-B00;00:00:00;01:00:00;1800
508-I-L-B01;01:00:00;05:30:00;1800
508-I-L-B02;05:30:00;06:30:00;600
508-I-L-B03;06:30:00;08:00:00;284
508-I-L-B04;08:00:00;09:30:00;600
508-I-L-B05;09:30:00;12:30:00;568
508-I-L-B06;12:30:00;14:00:00;490
508-I-L-B07;14:00:00;16:30:00;473
508-I-L-B08;16:30:00;18:30:00;400
508-I-L-B09;18:30:00;20:30:00;514
508-I-L-B10;20:30:00;22:00:00;900
508-I-L-B11;22:00:00;24:00:00;1440
508-R-L-B00;00:00:00;01:00:00;1800
508-R-L-B01;01:00:00;05:30:00;1800
508-R-L-B02;05:30:00;06:30:00;600
508-R-L-B03;06:30:00;08:00:00;284
508-R-L-B04;08:00:00;09:30:00;490
508-R-L-B05;09:30:00;12:30:00;568
508-R-L-B06;12:30:00;14:00:00;540
508-R-L-B07;14:00:00;16:30:00;500
508-R-L-B08;16:30:00;18:30:00;400
508-R-L-B09;18:30:00;20:30:00;514
508-R-L-B10;20:30:00;22:00:00;900
508-R-L-B11;22:00:00;24:00:00;1440
509-I-L-B01;01:00:00;05:30:00;8100
509-I-L-B02;05:30:00;06:30:00;600
509-I-L-B03;06:30:00;08:00:00;675
509-I-L-B04;08:00:00;09:30:00;675
509-I-L-B05;09:30:00;12:30:00;900
509-I-L-B06;12:30:00;14:00:00;900
509-I-L-B07;14:00:00;16:30:00;692
509-I-L-B08;16:30:00;18:30:00;720
509-I-L-B09;18:30:00;20:30:00;800
509-I-L-B10;20:30:00;22:00:00;771
509-I-L-B11;22:00:00;24:00:00;2400
509-R-L-B02;05:30:00;06:30:00;1800
509-R-L-B03;06:30:00;08:00:00;771
509-R-L-B04;08:00:00;09:30:00;771
509-R-L-B05;09:30:00;12:30:00;720
509-R-L-B06;12:30:00;14:00:00;900
509-R-L-B07;14:00:00;16:30:00;818
509-R-L-B08;16:30:00;18:30:00;600
509-R-L-B09;18:30:00;20:30:00;720
509-R-L-B10;20:30:00;22:00:00;771
509-R-L-B11;22:00:00;24:00:00;1440
510-I-L-B02;05:30:00;06:30:00;720
510-I-L-B03;06:30:00;08:00:00;540
510-I-L-B04;08:00:00;09:30:00;675
510-I-L-B05;09:30:00;12:30:00;771
510-I-L-B06;12:30:00;14:00:00;771
510-I-L-B07;14:00:00;16:30:00;642
510-I-L-B08;16:30:00;18:30:00;654
510-I-L-B09;18:30:00;20:30:00;720
510-I-L-B10;20:30:00;22:00:00;771
510-I-L-B11;22:00:00;24:00:00;1200
510-R-L-B02;05:30:00;06:30:00;720
510-R-L-B03;06:30:00;08:00:00;675
510-R-L-B04;08:00:00;09:30:00;771
510-R-L-B05;09:30:00;12:30:00;675
510-R-L-B06;12:30:00;14:00:00;771
510-R-L-B07;14:00:00;16:30:00;642
510-R-L-B08;16:30:00;18:30:00;553
510-R-L-B09;18:30:00;20:30:00;720
510-R-L-B10;20:30:00;22:00:00;771
510-R-L-B11;22:00:00;24:00:00;1200
511-I-L-B00;00:00:00;01:00:00;1800
511-I-L-B02;05:30:00;06:30:00;900
511-I-L-B03;06:30:00;08:00:00;675
511-I-L-B04;08:00:00;09:30:00;675
511-I-L-B05;09:30:00;12:30:00;720
511-I-L-B06;12:30:00;14:00:00;675
511-I-L-B07;14:00:00;16:30:00;692
511-I-L-B08;16:30:00;18:30:00;654
511-I-L-B09;18:30:00;20:30:00;800
511-I-L-B10;20:30:00;22:00:00;771
511-I-L-B11;22:00:00;24:00:00;1200
511-R-L-B00;00:00:00;01:00:00;1800
511-R-L-B02;05:30:00;06:30:00;900
511-R-L-B03;06:30:00;08:00:00;675
511-R-L-B04;08:00:00;09:30:00;675
511-R-L-B05;09:30:00;12:30:00;720
511-R-L-B06;12:30:00;14:00:00;675
511-R-L-B07;14:00:00;16:30:00;692
511-R-L-B08;16:30:00;18:30:00;654
511-R-L-B09;18:30:00;20:30:00;800
511-R-L-B10;20:30:00;22:00:00;900
511-R-L-B11;22:00:00;24:00:00;1028
513-I-L-B00;00:00:00;01:00:00;1200
513-I-L-B01;01:00:00;05:30:00;1800
513-I-L-B02;05:30:00;06:30:00;514
513-I-L-B03;06:30:00;08:00:00;540
513-I-L-B04;08:00:00;09:30:00;600
513-I-L-B05;09:30:00;12:30:00;600
513-I-L-B06;12:30:00;14:00:00;600
513-I-L-B07;14:00:00;16:30:00;600
513-I-L-B08;16:30:00;18:30:00;450
513-I-L-B09;18:30:00;20:30:00;600
513-I-L-B10;20:30:00;22:00:00;675
513-I-L-B11;22:00:00;24:00:00;1028
513-R-L-B00;00:00:00;01:00:00;1200
513-R-L-B01;01:00:00;05:30:00;1800
513-R-L-B02;05:30:00;06:30:00;720
513-R-L-B03;06:30:00;08:00:00;540
513-R-L-B04;08:00:00;09:30:00;600
513-R-L-B05;09:30:00;12:30:00;600
513-R-L-B06;12:30:00;14:00:00;600
513-R-L-B07;14:00:00;16:30:00;600
513-R-L-B08;16:30:00;18:30:00;450
513-R-L-B09;18:30:00;20:30:00;600
513-R-L-B10;20:30:00;22:00:00;600
513-R-L-B11;22:00:00;24:00:00;1028
514-I-L-B02;05:30:00;06:30:00;720
514-I-L-B03;06:30:00;08:00:00;490
514-I-L-B04;08:00:00;09:30:00;600
514-I-L-B05;09:30:00;12:30:00;771
514-I-L-B06;12:30:00;14:00:00;771
514-I-L-B07;14:00:00;16:30:00;529
514-I-L-B08;16:30:00;18:30:00;553
514-I-L-B09;18:30:00;20:30:00;654
514-I-L-B10;20:30:00;22:00:00;771
514-I-L-B11;22:00:00;24:00:00;1028
514-R-L-B02;05:30:00;06:30:00;720
514-R-L-B03;06:30:00;08:00:00;490
514-R-L-B04;08:00:00;09:30:00;600
514-R-L-B05;09:30:00;12:30:00;771
514-R-L-B06;12:30:00;14:00:00;771
514-R-L-B07;14:00:00;16:30:00;500
514-R-L-B08;16:30:00;18:30:00;553
514-R-L-B09;18:30:00;20:30:00;720
514-R-L-B10;20:30:00;22:00:00;771
514-R-L-B11;22:00:00;24:00:00;1028
514c-I-L-B08;16:30:00;18:30:00;600
514c-I-L-B09;18:30:00;20:30:00;720
514c-I-L-B10;20:30:00;22:00:00;1350
514c-R-L-B02;05:30:00;06:30:00;1800
514c-R-L-B03;06:30:00;08:00:00;1080
514c-R-L-B04;08:00:00;09:30:00;1350
516-I-L-B00;00:00:00;01:00:00;1800
516-I-L-B01;01:00:00;05:30:00;1350
516-I-L-B02;05:30:00;06:30:00;240
516-I-L-B03;06:30:00;08:00:00;245
516-I-L-B04;08:00:00;09:30:00;415
516-I-L-B05;09:30:00;12:30:00;469
516-I-L-B06;12:30:00;14:00:00;450
516-I-L-B07;14:00:00;16:30:00;321
516-I-L-B08;16:30:00;18:30:00;300
516-I-L-B09;18:30:00;20:30:00;400
516-I-L-B10;20:30:00;22:00:00;675
516-I-L-B11;22:00:00;24:00:00;1028
516-R-L-B00;00:00:00;01:00:00;1800
516-R-L-B01;01:00:00;05:30:00;1800
516-R-L-B02;05:30:00;06:30:00;450
516-R-L-B03;06:30:00;08:00:00;270
516-R-L-B04;08:00:00;09:30:00;337
516-R-L-B05;09:30:00;12:30:00;385
516-R-L-B06;12:30:00;14:00:00;490
516-R-L-B07;14:00:00;16:30:00;360
516-R-L-B08;16:30:00;18:30:00;288
516-R-L-B09;18:30:00;20:30:00;327
516-R-L-B10;20:30:00;22:00:00;675
516-R-L-B11;22:00:00;24:00:00;800
517-I-L-B02;05:30:00;06:30:00;1800
517-I-L-B03;06:30:00;08:00:00;675
517-I-L-B04;08:00:00;09:30:00;900
517-I-L-B05;09:30:00;12:30:00;900
517-I-L-B06;12:30:00;14:00:00;900
517-I-L-B07;14:00:00;16:30:00;818
517-I-L-B08;16:30:00;18:30:00;654
517-I-L-B09;18:30:00;20:30:00;900
517-I-L-B10;20:30:00;22:00:00;1800
517-I-L-B11;22:00:00;24:00:00;3600
517-R-L-B02;05:30:00;06:30:00;1800
517-R-L-B03;06:30:00;08:00:00;771
517-R-L-B04;08:00:00;09:30:00;900
517-R-L-B05;09:30:00;12:30:00;900
517-R-L-B06;12:30:00;14:00:00;900
517-R-L-B07;14:00:00;16:30:00;818
517-R-L-B08;16:30:00;18:30:00;654
517-R-L-B09;18:30:00;20:30:00;900
517-R-L-B10;20:30:00;22:00:00;1800
517-R-L-B11;22:00:00;24:00:00;3600
518-I-L-B00;00:00:00;01:00:00;1800
518-I-L-B01;01:00:00;05:30:00;1620
518-I-L-B02;05:30:00;06:30:00;600
518-I-L-B03;06:30:00;08:00:00;317
518-I-L-B04;08:00:00;09:30:00;540
518-I-L-B05;09:30:00;12:30:00;771
518-I-L-B06;12:30:00;14:00:00;600
518-I-L-B07;14:00:00;16:30:00;500
518-I-L-B08;16:30:00;18:30:00;514
518-I-L-B09;18:30:00;20:30:00;654
518-I-L-B10;20:30:00;22:00:00;771
518-I-L-B11;22:00:00;24:00:00;1028
518-R-L-B00;00:00:00;01:00:00;1800
518-R-L-B01;01:00:00;05:30:00;1620
518-R-L-B02;05:30:00;06:30:00;900
518-R-L-B03;06:30:00;08:00:00;385
518-R-L-B04;08:00:00;09:30:00;540
518-R-L-B05;09:30:00;12:30:00;771
518-R-L-B06;12:30:00;14:00:00;600
518-R-L-B07;14:00:00;16:30:00;500
518-R-L-B08;16:30:00;18:30:00;450
518-R-L-B09;18:30:00;20:30:00;514
518-R-L-B10;20:30:00;22:00:00;771
518-R-L-B11;22:00:00;24:00:00;1028
519-I-L-B03;06:30:00;08:00:00;600
519-I-L-B04;08:00:00;09:30:00;600
519-I-L-B05;09:30:00;12:30:00;675
519-I-L-B06;12:30:00;14:00:00;771
519-I-L-B07;14:00:00;16:30:00;642
519-I-L-B08;16:30:00;18:30:00;514
519-I-L-B09;18:30:00;20:30:00;553
519-I-L-B10;20:30:00;22:00:00;600
519-I-L-B11;22:00:00;24:00:00;3600
519-R-L-B02;05:30:00;06:30:00;600
519-R-L-B03;06:30:00;08:00:00;415
519-R-L-B04;08:00:00;09:30:00;675
519-R-L-B05;09:30:00;12:30:00;771
519-R-L-B06;12:30:00;14:00:00;675
519-R-L-B07;14:00:00;16:30:00;562
519-R-L-B08;16:30:00;18:30:00;553
519-R-L-B09;18:30:00;20:30:00;600
519-R-L-B10;20:30:00;22:00:00;1080
541N-I-L-B00;00:00:00;01:00:00;1800
541N-I-L-B01;01:00:00;05:30:00;1800
541N-R-L-B00;00:00:00;01:00:00;1800
541N-R-L-B01;01:00:00;05:30:00;1800
542-I-L-B02;05:30:00;06:30:00;900
542-I-L-B03;06:30:00;08:00:00;900
542-I-L-B04;08:00:00;09:30:00;900
542-I-L-B05;09:30:00;12:30:00;900
542-I-L-B06;12:30:00;14:00:00;900
542-I-L-B07;14:00:00;16:30:00;900
542-I-L-B08;16:30:00;18:30:00;900
542-I-L-B09;18:30:00;20:30:00;1028
542-R-L-B03;06:30:00;08:00:00;2700
542-R-L-B04;08:00:00;09:30:00;900
542-R-L-B05;09:30:00;12:30:00;900
542-R-L-B06;12:30:00;14:00:00;900
542-R-L-B07;14:00:00;16:30:00;900
542-R-L-B08;16:30:00;18:30:00;900
542-R-L-B09;18:30:00;20:30:00;900
542-R-L-B10;20:30:00;22:00:00;771
546e-I-L-B02;05:30:00;06:30:00;900
546e-I-L-B03;06:30:00;08:00:00;1080
546e-I-L-B04;08:00:00;09:30:00;2700
546e-R-L-B08;16:30:00;18:30:00;1800
546e-R-L-B09;18:30:00;20:30:00;1028
555-I-L-B02;05:30:00;06:30:00;1800
555-I-L-B03;06:30:00;08:00:00;540
555-I-L-B04;08:00:00;09:30:00;600
555-I-L-B05;09:30:00;12:30:00;720
555-I-L-B06;12:30:00;14:00:00;771
555-I-L-B07;14:00:00;16:30:00;750
555-I-L-B08;16:30:00;18:30:00;600
555-I-L-B09;18:30:00;20:30:00;553
555-I-L-B10;20:30:00;22:00:00;675
555-I-L-B11;22:00:00;24:00:00;1800
555-R-L-B02;05:30:00;06:30:00;1200
555-R-L-B03;06:30:00;08:00:00;540
555-R-L-B04;08:00:00;09:30:00;675
555-R-L-B05;09:30:00;12:30:00;720
555-R-L-B06;12:30:00;14:00:00;771
555-R-L-B07;14:00:00;16:30:00;750
555-R-L-B08;16:30:00;18:30:00;553
555-R-L-B09;18:30:00;20:30:00;600
555-R-L-B10;20:30:00;22:00:00;675
555-R-L-B11;22:00:00;24:00:00;1800
712-I-L-B00;00:00:00;01:00:00;1800
712-I-L-B01;01:00:00;05:30:00;952
712-I-L-B02;05:30:00;06:30:00;450
712-I-L-B03;06:30:00;08:00:00;450
712-I-L-B04;08:00:00;09:30:00;540
712-I-L-B05;09:30:00;12:30:00;600
712-I-L-B06;12:30:00;14:00:00;600
712-I-L-B07;14:00:00;16:30:00;600
712-I-L-B08;16:30:00;18:30:00;654
712-I-L-B09;18:30:00;20:30:00;654
712-I-L-B10;20:30:00;22:00:00;900
712-I-L-B11;22:00:00;24:00:00;1440
712-R-L-B00;00:00:00;01:00:00;1800
712-R-L-B01;01:00:00;05:30:00;1620
712-R-L-B02;05:30:00;06:30:00;720
712-R-L-B03;06:30:00;08:00:00;600
712-R-L-B04;08:00:00;09:30:00;675
712-R-L-B05;09:30:00;12:30:00;635
712-R-L-B06;12:30:00;14:00:00;600
712-R-L-B07;14:00:00;16:30:00;600
712-R-L-B08;16:30:00;18:30:00;514
712-R-L-B09;18:30:00;20:30:00;600
712-R-L-B10;20:30:00;22:00:00;600
712-R-L-B11;22:00:00;24:00:00;900
722-I-L-B01;01:00:00;05:30:00;4050
722-I-L-B02;05:30:00;06:30:00;514
722-I-L-B03;06:30:00;08:00:00;540
722-I-L-B04;08:00:00;09:30:00;600
722-I-L-B05;09:30:00;12:30:00;600
722-I-L-B06;12:30:00;14:00:00;600
722-I-L-B07;14:00:00;16:30:00;600
722-I-L-B08;16:30:00;18:30:00;720
722-I-L-B09;18:30:00;20:30:00;720
722-I-L-B10;20:30:00;22:00:00;900
722-I-L-B11;22:00:00;24:00:00;1440
722-R-L-B00;00:00:00;01:00:00;1800
722-R-L-B01;01:00:00;05:30:00;8100
722-R-L-B02;05:30:00;06:30:00;900
722-R-L-B03;06:30:00;08:00:00;675
722-R-L-B04;08:00:00;09:30:00;490
722-R-L-B05;09:30:00;12:30:00;600
722-R-L-B06;12:30:00;14:00:00;600
722-R-L-B07;14:00:00;16:30:00;600
722-R-L-B08;16:30:00;18:30:00;514
722-R-L-B09;18:30:00;20:30:00;600
722-R-L-B10;20:30:00;22:00:00;771
722-R-L-B11;22:00:00;24:00:00;1440
B01-I-L-B00;00:00:00;01:00:00;1800
B01-I-L-B02;05:30:00;06:30:00;720
B01-I-L-B03;06:30:00;08:00:00;600
B01-I-L-B04;08:00:00;09:30:00;771
B01-I-L-B05;09:30:00;12:30:00;900
B01-I-L-B06;12:30:00;14:00:00;900
B01-I-L-B07;14:00:00;16:30:00;750
B01-I-L-B08;16:30:00;18:30:00;720
B01-I-L-B09;18:30:00;20:30:00;800
B01-I-L-B10;20:30:00;22:00:00;900
B01-I-L-B11;22:00:00;24:00:00;1028
B02-I-L-B02;05:30:00;06:30:00;720
B02-I-L-B03;06:30:00;08:00:00;771
B02-I-L-B04;08:00:00;09:30:00;900
B02-I-L-B05;09:30:00;12:30:00;720
B02-I-L-B06;12:30:00;14:00:00;771
B02-I-L-B07;14:00:00;16:30:00;900
B02-I-L-B08;16:30:00;18:30:00;720
B02-I-L-B09;18:30:00;20:30:00;900
B02-I-L-B10;20:30:00;22:00:00;900
B02-I-L-B11;22:00:00;24:00:00;3600
B02N-I-L-B00;00:00:00;01:00:00;1800
B02N-I-L-B01;01:00:00;05:30:00;1800
B02N-I-L-B11;22:00:00;24:00:00;1800
B03-I-L-B01;01:00:00;05:30:00;5400
B03-I-L-B02;05:30:00;06:30:00;514
B03-I-L-B03;06:30:00;08:00:00;490
B03-I-L-B04;08:00:00;09:30:00;490
B03-I-L-B05;09:30:00;12:30:00;514
B03-I-L-B06;12:30:00;14:00:00;675
B03-I-L-B07;14:00:00;16:30:00;500
B03-I-L-B08;16:30:00;18:30:00;600
B03-I-L-B09;18:30:00;20:30:00;600
B03-I-L-B10;20:30:00;22:00:00;900
B03-I-L-B11;22:00:00;24:00:00;1800
B04-I-L-B01;01:00:00;05:30:00;8100
B04-I-L-B02;05:30:00;06:30:00;720
B04-I-L-B03;06:30:00;08:00:00;900
B04-I-L-B04;08:00:00;09:30:00;771
B04-I-L-B05;09:30:00;12:30:00;720
B04-I-L-B06;12:30:00;14:00:00;771
B04-I-L-B07;14:00:00;16:30:00;750
B04-I-L-B08;16:30:00;18:30:00;720
B04-I-L-B09;18:30:00;20:30:00;720
B04-I-L-B10;20:30:00;22:00:00;771
B04-I-L-B11;22:00:00;24:00:00;1200
B05-I-L-B02;05:30:00;06:30:00;720
B05-I-L-B03;06:30:00;08:00:00;600
B05-I-L-B04;08:00:00;09:30:00;675
B05-I-L-B05;09:30:00;12:30:00;720
B05-I-L-B06;12:30:00;14:00:00;675
B05-I-L-B07;14:00:00;16:30:00;750
B05-I-L-B08;16:30:00;18:30:00;600
B05-I-L-B09;18:30:00;20:30:00;720
B05-I-L-B10;20:30:00;22:00:00;771
B05-I-L-B11;22:00:00;24:00:00;2400
B05-R-L-B02;05:30:00;06:30:00;720
B05-R-L-B03;06:30:00;08:00:00;600
B05-R-L-B04;08:00:00;09:30:00;675
B05-R-L-B05;09:30:00;12:30:00;720
B05-R-L-B06;12:30:00;14:00:00;675
B05-R-L-B07;14:00:00;16:30:00;750
B05-R-L-B08;16:30:00;18:30:00;600
B05-R-L-B09;18:30:00;20:30:00;720
B05-R-L-B10;20:30:00;22:00:00;771
B05-R-L-B11;22:00:00;24:00:00;2400
B06-I-L-B02;05:30:00;06:30:00;600
B06-I-L-B03;06:30:00;08:00:00;675
B06-I-L-B04;08:00:00;09:30:00;675
B06-I-L-B05;09:30:00;12:30:00;720
B06-I-L-B06;12:30:00;14:00:00;771
B06-I-L-B07;14:00:00;16:30:00;692
B06-I-L-B08;16:30:00;18:30:00;600
B06-I-L-B09;18:30:00;20:30:00;720
B06-I-L-B10;20:30:00;22:00:00;900
B06-I-L-B11;22:00:00;24:00:00;1440
B06-R-L-B01;01:00:00;05:30:00;8100
B06-R-L-B02;05:30:00;06:30:00;600
B06-R-L-B03;06:30:00;08:00:00;600
B06-R-L-B04;08:00:00;09:30:00;675
B06-R-L-B05;09:30:00;12:30:00;720
B06-R-L-B06;12:30:00;14:00:00;771
B06-R-L-B07;14:00:00;16:30:00;692
B06-R-L-B08;16:30:00;18:30:00;600
B06-R-L-B09;18:30:00;20:30:00;720
B06-R-L-B10;20:30:00;22:00:00;900
B06-R-L-B11;22:00:00;24:00:00;1800
B07-I-L-B02;05:30:00;06:30:00;720
B07-I-L-B03;06:30:00;08:00:00;490
B07-I-L-B04;08:00:00;09:30:00;675
B07-I-L-B05;09:30:00;12:30:00;720
B07-I-L-B06;12:30:00;14:00:00;771
B07-I-L-B07;14:00:00;16:30:00;692
B07-I-L-B08;16:30:00;18:30:00;600
B07-I-L-B09;18:30:00;20:30:00;654
B07-I-L-B10;20:30:00;22:00:00;1349
B07-I-L-B11;22:00:00;24:00:00;2400
B08-I-L-B00;00:00:00;01:00:00;3600
B08-I-L-B02;05:30:00;06:30:00;720
B08-I-L-B03;06:30:00;08:00:00;600
B08-I-L-B04;08:00:00;09:30:00;675
B08-I-L-B05;09:30:00;12:30:00;720
B08-I-L-B06;12:30:00;14:00:00;900
B08-I-L-B07;14:00:00;16:30:00;900
B08-I-L-B08;16:30:00;18:30:00;600
B08-I-L-B09;18:30:00;20:30:00;600
B08-I-L-B10;20:30:00;22:00:00;900
B08-I-L-B11;22:00:00;24:00:00;1028
B08-R-L-B01;01:00:00;05:30:00;5400
B08-R-L-B02;05:30:00;06:30:00;720
B08-R-L-B03;06:30:00;08:00:00;600
B08-R-L-B04;08:00:00;09:30:00;771
B08-R-L-B05;09:30:00;12:30:00;720
B08-R-L-B06;12:30:00;14:00:00;675
B08-R-L-B07;14:00:00;16:30:00;750
B08-R-L-B08;16:30:00;18:30:00;553
B08-R-L-B09;18:30:00;20:30:00;553
B08-R-L-B10;20:30:00;22:00:00;771
B08-R-L-B11;22:00:00;24:00:00;1200
B09-I-L-B01;01:00:00;05:30:00;8100
B09-I-L-B02;05:30:00;06:30:00;900
B09-I-L-B03;06:30:00;08:00:00;900
B09-I-L-B04;08:00:00;09:30:00;1349
B09-I-L-B05;09:30:00;12:30:00;1200
B09-I-L-B06;12:30:00;14:00:00;1080
B09-I-L-B07;14:00:00;16:30:00;1285
B09-I-L-B08;16:30:00;18:30:00;900
B09-I-L-B09;18:30:00;20:30:00;800
B09-I-L-B10;20:30:00;22:00:00;1080
B09-I-L-B11;22:00:00;24:00:00;2400
B10-I-L-B02;05:30:00;06:30:00;720
B10-I-L-B03;06:30:00;08:00:00;771
B10-I-L-B04;08:00:00;09:30:00;771
B10-I-L-B05;09:30:00;12:30:00;771
B10-I-L-B06;12:30:00;14:00:00;900
B10-I-L-B07;14:00:00;16:30:00;750
B10-I-L-B08;16:30:00;18:30:00;720
B10-I-L-B09;18:30:00;20:30:00;720
B10-I-L-B10;20:30:00;22:00:00;1080
B10-I-L-B11;22:00:00;24:00:00;1200
B11-I-L-B02;05:30:00;06:30:00;1200
B11-I-L-B03;06:30:00;08:00:00;771
B11-I-L-B04;08:00:00;09:30:00;771
B11-I-L-B05;09:30:00;12:30:00;771
B11-I-L-B06;12:30:00;14:00:00;675
B11-I-L-B07;14:00:00;16:30:00;750
B11-I-L-B08;16:30:00;18:30:00;720
B11-I-L-B09;18:30:00;20:30:00;800
B11-I-L-B10;20:30:00;22:00:00;1080
B11-I-L-B11;22:00:00;24:00:00;2400
B11-R-L-B01;01:00:00;05:30:00;8100
B11-R-L-B02;05:30:00;06:30:00;720
B11-R-L-B03;06:30:00;08:00:00;675
B11-R-L-B04;08:00:00;09:30:00;771
B11-R-L-B05;09:30:00;12:30:00;830
B11-R-L-B06;12:30:00;14:00:00;675
B11-R-L-B07;14:00:00;16:30:00;750
B11-R-L-B08;16:30:00;18:30:00;720
B11-R-L-B09;18:30:00;20:30:00;900
B11-R-L-B10;20:30:00;22:00:00;1080
B11-R-L-B11;22:00:00;24:00:00;3600
B12-I-L-B02;05:30:00;06:30:00;720
B12-I-L-B03;06:30:00;08:00:00;675
B12-I-L-B04;08:00:00;09:30:00;771
B12-I-L-B05;09:30:00;12:30:00;720
B12-I-L-B06;12:30:00;14:00:00;675
B12-I-L-B07;14:00:00;16:30:00;750
B12-I-L-B08;16:30:00;18:30:00;654
B12-I-L-B09;18:30:00;20:30:00;720
B12-I-L-B10;20:30:00;22:00:00;900
B12-I-L-B11;22:00:00;24:00:00;1200
B12-R-L-B01;01:00:00;05:30:00;16200
B12-R-L-B02;05:30:00;06:30:00;720
B12-R-L-B03;06:30:00;08:00:00;600
B12-R-L-B04;08:00:00;09:30:00;771
B12-R-L-B05;09:30:00;12:30:00;720
B12-R-L-B06;12:30:00;14:00:00;675
B12-R-L-B07;14:00:00;16:30:00;750
B12-R-L-B08;16:30:00;18:30:00;720
B12-R-L-B09;18:30:00;20:30:00;720
B12-R-L-B10;20:30:00;22:00:00;900
B12-R-L-B11;22:00:00;24:00:00;2400
B12c-I-L-B02;05:30:00;06:30:00;720
B12c-I-L-B03;06:30:00;08:00:00;540
B12c-I-L-B04;08:00:00;09:30:00;900
B12c-I-L-B07;14:00:00;16:30:00;2250
B12c-I-L-B08;16:30:00;18:30:00;654
B12c-I-L-B09;18:30:00;20:30:00;1200
B12c-R-L-B02;05:30:00;06:30:00;1800
B12c-R-L-B03;06:30:00;08:00:00;771
B12c-R-L-B04;08:00:00;09:30:00;771
B12c-R-L-B05;09:30:00;12:30:00;5400
B12c-R-L-B08;16:30:00;18:30:00;600
B12c-R-L-B09;18:30:00;20:30:00;654
B13-I-L-B02;05:30:00;06:30:00;360
B13-I-L-B03;06:30:00;08:00:00;270
B13-I-L-B04;08:00:00;09:30:00;540
B13-I-L-B05;09:30:00;12:30:00;600
B13-I-L-B06;12:30:00;14:00:00;600
B13-I-L-B07;14:00:00;16:30:00;600
B13-I-L-B08;16:30:00;18:30:00;300
B13-I-L-B09;18:30:00;20:30:00;450
B13-I-L-B10;20:30:00;22:00:00;600
B13-I-L-B11;22:00:00;24:00:00;1028
B14-I-L-B01;01:00:00;05:30:00;4050
B14-I-L-B02;05:30:00;06:30:00;720
B14-I-L-B03;06:30:00;08:00:00;600
B14-I-L-B04;08:00:00;09:30:00;675
B14-I-L-B05;09:30:00;12:30:00;720
B14-I-L-B06;12:30:00;14:00:00;771
B14-I-L-B07;14:00:00;16:30:00;692
B14-I-L-B08;16:30:00;18:30:00;720
B14-I-L-B09;18:30:00;20:30:00;720
B14-I-L-B10;20:30:00;22:00:00;900
B14-I-L-B11;22:00:00;24:00:00;2400
B15-I-L-B01;01:00:00;05:30:00;16200
B15-I-L-B02;05:30:00;06:30:00;1200
B15-I-L-B03;06:30:00;08:00:00;675
B15-I-L-B04;08:00:00;09:30:00;771
B15-I-L-B05;09:30:00;12:30:00;720
B15-I-L-B06;12:30:00;14:00:00;675
B15-I-L-B07;14:00:00;16:30:00;750
B15-I-L-B08;16:30:00;18:30:00;720
B15-I-L-B09;18:30:00;20:30:00;720
B15-I-L-B10;20:30:00;22:00:00;1080
B15-I-L-B11;22:00:00;24:00:00;2400
B16-I-L-B01;01:00:00;05:30:00;8100
B16-I-L-B02;05:30:00;06:30:00;720
B16-I-L-B03;06:30:00;08:00:00;490
B16-I-L-B04;08:00:00;09:30:00;540
B16-I-L-B05;09:30:00;12:30:00;635
B16-I-L-B06;12:30:00;14:00:00;771
B16-I-L-B07;14:00:00;16:30:00;562
B16-I-L-B08;16:30:00;18:30:00;553
B16-I-L-B09;18:30:00;20:30:00;654
B16-I-L-B10;20:30:00;22:00:00;771
B16-I-L-B11;22:00:00;24:00:00;1200
B16-R-L-B02;05:30:00;06:30:00;720
B16-R-L-B03;06:30:00;08:00:00;385
B16-R-L-B04;08:00:00;09:30:00;540
B16-R-L-B05;09:30:00;12:30:00;635
B16-R-L-B06;12:30:00;14:00:00;771
B16-R-L-B07;14:00:00;16:30:00;600
B16-R-L-B08;16:30:00;18:30:00;553
B16-R-L-B09;18:30:00;20:30:00;600
B16-R-L-B10;20:30:00;22:00:00;600
B16-R-L-B11;22:00:00;24:00:00;1200
B17-I-L-B01;01:00:00;05:30:00;16200
B17-I-L-B02;05:30:00;06:30:00;900
B17-I-L-B03;06:30:00;08:00:00;675
B17-I-L-B04;08:00:00;09:30:00;771
B17-I-L-B05;09:30:00;12:30:00;720
B17-I-L-B06;12:30:00;14:00:00;900
B17-I-L-B07;14:00:00;16:30:00;750
B17-I-L-B08;16:30:00;18:30:00;800
B17-I-L-B09;18:30:00;20:30:00;720
B17-I-L-B10;20:30:00;22:00:00;771
B17-I-L-B11;22:00:00;24:00:00;1200
B18-I-L-B00;00:00:00;01:00:00;3600
B18-I-L-B02;05:30:00;06:30:00;720
B18-I-L-B03;06:30:00;08:00:00;675
B18-I-L-B04;08:00:00;09:30:00;771
B18-I-L-B05;09:30:00;12:30:00;771
B18-I-L-B06;12:30:00;14:00:00;900
B18-I-L-B07;14:00:00;16:30:00;750
B18-I-L-B08;16:30:00;18:30:00;900
B18-I-L-B09;18:30:00;20:30:00;900
B18-I-L-B10;20:30:00;22:00:00;900
B18-I-L-B11;22:00:00;24:00:00;1028
B18-R-L-B01;01:00:00;05:30:00;8100
B18-R-L-B02;05:30:00;06:30:00;720
B18-R-L-B03;06:30:00;08:00:00;675
B18-R-L-B04;08:00:00;09:30:00;771
B18-R-L-B05;09:30:00;12:30:00;771
B18-R-L-B06;12:30:00;14:00:00;771
B18-R-L-B07;14:00:00;16:30:00;750
B18-R-L-B08;16:30:00;18:30:00;720
B18-R-L-B09;18:30:00;20:30:00;720
B18-R-L-B10;20:30:00;22:00:00;675
B18-R-L-B11;22:00:00;24:00:00;1028
B18e-I-L-B02;05:30:00;06:30:00;900
B18e-I-L-B03;06:30:00;08:00:00;600
B18e-I-L-B04;08:00:00;09:30:00;675
B18e-I-L-B05;09:30:00;12:30:00;981
B18e-I-L-B06;12:30:00;14:00:00;1080
B18e-I-L-B07;14:00:00;16:30:00;1125
B18e-I-L-B08;16:30:00;18:30:00;720
B18e-I-L-B09;18:30:00;20:30:00;800
B18e-I-L-B10;20:30:00;22:00:00;1080
B18e-I-L-B11;22:00:00;24:00:00;1800
B18e-R-L-B01;01:00:00;05:30:00;8100
B18e-R-L-B02;05:30:00;06:30:00;900
B18e-R-L-B03;06:30:00;08:00:00;900
B18e-R-L-B04;08:00:00;09:30:00;771
B18e-R-L-B05;09:30:00;12:30:00;1080
B18e-R-L-B06;12:30:00;14:00:00;900
B18e-R-L-B07;14:00:00;16:30:00;900
B18e-R-L-B08;16:30:00;18:30:00;720
B18e-R-L-B09;18:30:00;20:30:00;553
B18e-R-L-B10;20:30:00;22:00:00;1080
B18e-R-L-B11;22:00:00;24:00:00;2400
B19-R-L-B01;01:00:00;05:30:00;16200
B19-R-L-B02;05:30:00;06:30:00;900
B19-R-L-B03;06:30:00;08:00:00;675
B19-R-L-B04;08:00:00;09:30:00;771
B19-R-L-B05;09:30:00;12:30:00;720
B19-R-L-B06;12:30:00;14:00:00;900
B19-R-L-B07;14:00:00;16:30:00;750
B19-R-L-B08;16:30:00;18:30:00;720
B19-R-L-B09;18:30:00;20:30:00;720
B19-R-L-B10;20:30:00;22:00:00;900
B19-R-L-B11;22:00:00;24:00:00;2400
B20-I-L-B02;05:30:00;06:30:00;720
B20-I-L-B03;06:30:00;08:00:00;675
B20-I-L-B04;08:00:00;09:30:00;771
B20-I-L-B05;09:30:00;12:30:00;900
B20-I-L-B06;12:30:00;14:00:00;675
B20-I-L-B07;14:00:00;16:30:00;900
B20-I-L-B08;16:30:00;18:30:00;720
B20-I-L-B09;18:30:00;20:30:00;720
B20-I-L-B10;20:30:00;22:00:00;900
B20-I-L-B11;22:00:00;24:00:00;2400
B21-I-L-B02;05:30:00;06:30:00;1200
B21-I-L-B03;06:30:00;08:00:00;771
B21-I-L-B04;08:00:00;09:30:00;771
B21-I-L-B05;09:30:00;12:30:00;771
B21-I-L-B06;12:30:00;14:00:00;675
B21-I-L-B07;14:00:00;16:30:00;750
B21-I-L-B08;16:30:00;18:30:00;720
B21-I-L-B09;18:30:00;20:30:00;720
B21-I-L-B10;20:30:00;22:00:00;900
B21-I-L-B11;22:00:00;24:00:00;2400
B21-R-L-B01;01:00:00;05:30:00;16200
B21-R-L-B02;05:30:00;06:30:00;900
B21-R-L-B03;06:30:00;08:00:00;675
B21-R-L-B04;08:00:00;09:30:00;771
B21-R-L-B05;09:30:00;12:30:00;771
B21-R-L-B06;12:30:00;14:00:00;675
B21-R-L-B07;14:00:00;16:30:00;750
B21-R-L-B08;16:30:00;18:30:00;720
B21-R-L-B09;18:30:00;20:30:00;720
B21-R-L-B10;20:30:00;22:00:00;900
B21-R-L-B11;22:00:00;24:00:00;2400
B22-I-L-B02;05:30:00;06:30:00;900
B22-I-L-B03;06:30:00;08:00:00;675
B22-I-L-B04;08:00:00;09:30:00;675
B22-I-L-B05;09:30:00;12:30:00;720
B22-I-L-B06;12:30:00;14:00:00;771
B22-I-L-B07;14:00:00;16:30:00;750
B22-I-L-B08;16:30:00;18:30:00;654
B22-I-L-B09;18:30:00;20:30:00;654
B22-I-L-B10;20:30:00;22:00:00;1080
B22-I-L-B11;22:00:00;24:00:00;1200
B22-R-L-B02;05:30:00;06:30:00;900
B22-R-L-B03;06:30:00;08:00:00;600
B22-R-L-B04;08:00:00;09:30:00;675
B22-R-L-B05;09:30:00;12:30:00;720
B22-R-L-B06;12:30:00;14:00:00;771
B22-R-L-B07;14:00:00;16:30:00;750
B22-R-L-B08;16:30:00;18:30:00;654
B22-R-L-B09;18:30:00;20:30:00;654
B22-R-L-B10;20:30:00;22:00:00;1080
B22-R-L-B11;22:00:00;24:00:00;1200
B24-I-L-B02;05:30:00;06:30:00;720
B24-I-L-B03;06:30:00;08:00:00;675
B24-I-L-B04;08:00:00;09:30:00;771
B24-I-L-B05;09:30:00;12:30:00;900
B24-I-L-B06;12:30:00;14:00:00;900
B24-I-L-B07;14:00:00;16:30:00;692
B24-I-L-B08;16:30:00;18:30:00;600
B24-I-L-B09;18:30:00;20:30:00;720
B24-I-L-B10;20:30:00;22:00:00;771
B24-I-L-B11;22:00:00;24:00:00;2400
B25-I-L-B01;01:00:00;05:30:00;16200
B25-I-L-B02;05:30:00;06:30:00;1200
B25-I-L-B03;06:30:00;08:00:00;1080
B25-I-L-B04;08:00:00;09:30:00;900
B25-I-L-B05;09:30:00;12:30:00;900
B25-I-L-B06;12:30:00;14:00:00;900
B25-I-L-B07;14:00:00;16:30:00;750
B25-I-L-B08;16:30:00;18:30:00;900
B25-I-L-B09;18:30:00;20:30:00;900
B25-I-L-B10;20:30:00;22:00:00;1080
B25-I-L-B11;22:00:00;24:00:00;1200
B26-I-L-B01;01:00:00;05:30:00;4050
B26-I-L-B02;05:30:00;06:30:00;600
B26-I-L-B03;06:30:00;08:00:00;540
B26-I-L-B04;08:00:00;09:30:00;600
B26-I-L-B05;09:30:00;12:30:00;600
B26-I-L-B06;12:30:00;14:00:00;600
B26-I-L-B07;14:00:00;16:30:00;600
B26-I-L-B08;16:30:00;18:30:00;600
B26-I-L-B09;18:30:00;20:30:00;654
B26-I-L-B10;20:30:00;22:00:00;675
B26-I-L-B11;22:00:00;24:00:00;1028
B27-I-L-B02;05:30:00;06:30:00;720
B27-I-L-B03;06:30:00;08:00:00;600
B27-I-L-B04;08:00:00;09:30:00;675
B27-I-L-B05;09:30:00;12:30:00;720
B27-I-L-B06;12:30:00;14:00:00;675
B27-I-L-B07;14:00:00;16:30:00;750
B27-I-L-B08;16:30:00;18:30:00;600
B27-I-L-B09;18:30:00;20:30:00;654
B27-I-L-B10;20:30:00;22:00:00;900
B27-I-L-B11;22:00:00;24:00:00;1440
B27-R-L-B02;05:30:00;06:30:00;720
B27-R-L-B03;06:30:00;08:00:00;600
B27-R-L-B04;08:00:00;09:30:00;675
B27-R-L-B05;09:30:00;12:30:00;720
B27-R-L-B06;12:30:00;14:00:00;675
B27-R-L-B07;14:00:00;16:30:00;750
B27-R-L-B08;16:30:00;18:30:00;600
B27-R-L-B09;18:30:00;20:30:00;654
B27-R-L-B10;20:30:00;22:00:00;900
B27-R-L-B11;22:00:00;24:00:00;1440
B28-I-L-B02;05:30:00;06:30:00;720
B28-I-L-B03;06:30:00;08:00:00;675
B28-I-L-B04;08:00:00;09:30:00;771
B28-I-L-B05;09:30:00;12:30:00;771
B28-I-L-B06;12:30:00;14:00:00;900
B28-I-L-B07;14:00:00;16:30:00;900
B28-I-L-B08;16:30:00;18:30:00;800
B28-I-L-B09;18:30:00;20:30:00;720
B28-I-L-B10;20:30:00;22:00:00;900
B28-I-L-B11;22:00:00;24:00:00;1028
B29-I-L-B01;01:00:00;05:30:00;8100
B29-I-L-B02;05:30:00;06:30:00;600
B29-I-L-B03;06:30:00;08:00:00;490
B29-I-L-B04;08:00:00;09:30:00;675
B29-I-L-B05;09:30:00;12:30:00;771
B29-I-L-B06;12:30:00;14:00:00;771
B29-I-L-B07;14:00:00;16:30:00;692
B29-I-L-B08;16:30:00;18:30:00;600
B29-I-L-B09;18:30:00;20:30:00;720
B29-I-L-B10;20:30:00;22:00:00;771
B29-I-L-B11;22:00:00;24:00:00;2400
B30N-I-L-B00;00:00:00;01:00:00;1800
B30N-I-L-B01;01:00:00;05:30:00;1800
B30N-I-L-B11;22:00:00;24:00:00;1440
B31N-I-L-B00;00:00:00;01:00:00;1800
B31N-I-L-B01;01:00:00;05:30:00;1800
B31N-I-L-B11;22:00:00;24:00:00;3600
B31N-R-L-B00;00:00:00;01:00:00;1800
B31N-R-L-B01;01:00:00;05:30:00;1800
B31N-R-L-B11;22:00:00;24:00:00;2400
B32-I-L-B02;05:30:00;06:30:00;1200
B32-I-L-B03;06:30:00;08:00:00;1349
B32-I-L-B04;08:00:00;09:30:00;1349
B32-I-L-B05;09:30:00;12:30:00;1200
B32-I-L-B06;12:30:00;14:00:00;1080
B32-I-L-B07;14:00:00;16:30:00;1285
B32-I-L-B08;16:30:00;18:30:00;1200
B32-I-L-B09;18:30:00;20:30:00;1200
B32-I-L-B10;20:30:00;22:00:00;1080
B32-I-L-B11;22:00:00;24:00:00;2400
B33-I-L-B02;05:30:00;06:30:00;720
B33-I-L-B03;06:30:00;08:00:00;257
B33-I-L-B04;08:00:00;09:30:00;450
B33-I-L-B05;09:30:00;12:30:00;720
B33-I-L-B06;12:30:00;14:00:00;771
B33-I-L-B07;14:00:00;16:30:00;692
B33-I-L-B08;16:30:00;18:30:00;400
B33-I-L-B09;18:30:00;20:30:00;480
B33-I-L-B10;20:30:00;22:00:00;1080
B33-I-L-B11;22:00:00;24:00:00;2400
B35-I-L-B03;06:30:00;08:00:00;1800
B35-I-L-B04;08:00:00;09:30:00;1800
B35-I-L-B05;09:30:00;12:30:00;1800
B35-I-L-B06;12:30:00;14:00:00;1800
B35-I-L-B07;14:00:00;16:30:00;1800
B35-I-L-B08;16:30:00;18:30:00;1800
B35-I-L-B09;18:30:00;20:30:00;1800
B35-I-L-B10;20:30:00;22:00:00;1800
B35-I-L-B11;22:00:00;24:00:00;3600
B36-I-L-B02;05:30:00;06:30:00;720
B36-I-L-B03;06:30:00;08:00:00;675
B36-I-L-B04;08:00:00;09:30:00;771
B36-I-L-B05;09:30:00;12:30:00;675
B36-I-L-B06;12:30:00;14:00:00;600
B36-I-L-B07;14:00:00;16:30:00;600
B36-I-L-B08;16:30:00;18:30:00;720
B36-I-L-B09;18:30:00;20:30:00;720
B36-I-L-B10;20:30:00;22:00:00;771
B36-I-L-B11;22:00:00;24:00:00;1440
B37-I-L-B02;05:30:00;06:30:00;1200
B37-I-L-B03;06:30:00;08:00:00;1800
B37-I-L-B04;08:00:00;09:30:00;1800
B37-I-L-B05;09:30:00;12:30:00;1800
B37-I-L-B06;12:30:00;14:00:00;1800
B37-I-L-B07;14:00:00;16:30:00;1800
B37-I-L-B08;16:30:00;18:30:00;1440
B37-I-L-B09;18:30:00;20:30:00;1800
B37-I-L-B10;20:30:00;22:00:00;1800
B37-I-L-B11;22:00:00;24:00:00;3600
B38-I-L-B02;05:30:00;06:30:00;1800
B38-I-L-B03;06:30:00;08:00:00;1800
B38-I-L-B04;08:00:00;09:30:00;1800
B38-I-L-B05;09:30:00;12:30:00;1800
B38-I-L-B06;12:30:00;14:00:00;1800
B38-I-L-B07;14:00:00;16:30:00;1800
B38-I-L-B08;16:30:00;18:30:00;1800
B38-I-L-B09;18:30:00;20:30:00;1800
B38-I-L-B10;20:30:00;22:00:00;1800
B41-I-L-B02;05:30:00;06:30:00;600
B41-I-L-B03;06:30:00;08:00:00;600
B41-I-L-B04;08:00:00;09:30:00;675
B41-I-L-B05;09:30:00;12:30:00;720
B41-I-L-B06;12:30:00;14:00:00;900
B41-I-L-B07;14:00:00;16:30:00;692
B41-I-L-B08;16:30:00;18:30:00;600
B41-I-L-B09;18:30:00;20:30:00;600
B41-I-L-B10;20:30:00;22:00:00;900
B41-I-L-B11;22:00:00;24:00:00;1440
B42-I-L-B02;05:30:00;06:30:00;900
B42-I-L-B03;06:30:00;08:00:00;450
B42-I-L-B04;08:00:00;09:30:00;771
B42-I-L-B05;09:30:00;12:30:00;771
B42-I-L-B06;12:30:00;14:00:00;900
B42-I-L-B07;14:00:00;16:30:00;750
B42-I-L-B08;16:30:00;18:30:00;720
B42-I-L-B09;18:30:00;20:30:00;720
B42-I-L-B10;20:30:00;22:00:00;900
B42-I-L-B11;22:00:00;24:00:00;2400
B42-R-L-B02;05:30:00;06:30:00;900
B42-R-L-B03;06:30:00;08:00:00;600
B42-R-L-B04;08:00:00;09:30:00;771
B42-R-L-B05;09:30:00;12:30:00;771
B42-R-L-B06;12:30:00;14:00:00;675
B42-R-L-B07;14:00:00;16:30:00;750
B42-R-L-B08;16:30:00;18:30:00;720
B42-R-L-B09;18:30:00;20:30:00;720
B42-R-L-B10;20:30:00;22:00:00;900
B42-R-L-B11;22:00:00;24:00:00;2400
B43-I-L-B00;00:00:00;01:00:00;1800
B43-I-L-B02;05:30:00;06:30:00;1200
B43-I-L-B03;06:30:00;08:00:00;900
B43-I-L-B04;08:00:00;09:30:00;771
B43-I-L-B05;09:30:00;12:30:00;771
B43-I-L-B06;12:30:00;14:00:00;675
B43-I-L-B07;14:00:00;16:30:00;750
B43-I-L-B08;16:30:00;18:30:00;720
B43-I-L-B09;18:30:00;20:30:00;720
B43-I-L-B10;20:30:00;22:00:00;900
B43-I-L-B11;22:00:00;24:00:00;1800
B43-R-L-B02;05:30:00;06:30:00;1200
B43-R-L-B03;06:30:00;08:00:00;900
B43-R-L-B04;08:00:00;09:30:00;771
B43-R-L-B05;09:30:00;12:30:00;771
B43-R-L-B06;12:30:00;14:00:00;771
B43-R-L-B07;14:00:00;16:30:00;692
B43-R-L-B08;16:30:00;18:30:00;800
B43-R-L-B09;18:30:00;20:30:00;800
B43-R-L-B10;20:30:00;22:00:00;1080
B43-R-L-B11;22:00:00;24:00:00;1440
B45-I-L-B02;05:30:00;06:30:00;514
B45-I-L-B03;06:30:00;08:00:00;337
B45-I-L-B04;08:00:00;09:30:00;675
B45-I-L-B05;09:30:00;12:30:00;720
B45-I-L-B06;12:30:00;14:00:00;771
B45-I-L-B07;14:00:00;16:30:00;900
B45-I-L-B08;16:30:00;18:30:00;288
B45-I-L-B09;18:30:00;20:30:00;288
B45-I-L-B10;20:30:00;22:00:00;900
B45-I-L-B11;22:00:00;24:00:00;1200
B45-R-L-B02;05:30:00;06:30:00;900
B45-R-L-B03;06:30:00;08:00:00;337
B45-R-L-B04;08:00:00;09:30:00;900
B45-R-L-B05;09:30:00;12:30:00;830
B45-R-L-B06;12:30:00;14:00:00;675
B45-R-L-B07;14:00:00;16:30:00;692
B45-R-L-B08;16:30:00;18:30:00;288
B45-R-L-B09;18:30:00;20:30:00;288
B45-R-L-B10;20:30:00;22:00:00;771
B45-R-L-B11;22:00:00;24:00:00;1200
C01-I-L-B00;00:00:00;01:00:00;1800
C01-I-L-B02;05:30:00;06:30:00;600
C01-I-L-B03;06:30:00;08:00:00;317
C01-I-L-B04;08:00:00;09:30:00;450
C01-I-L-B05;09:30:00;12:30:00;469
C01-I-L-B06;12:30:00;14:00:00;540
C01-I-L-B07;14:00:00;16:30:00;529
C01-I-L-B08;16:30:00;18:30:00;480
C01-I-L-B09;18:30:00;20:30:00;600
C01-I-L-B10;20:30:00;22:00:00;540
C01-I-L-B11;22:00:00;24:00:00;1028
C01-R-L-B00;00:00:00;01:00:00;1800
C01-R-L-B02;05:30:00;06:30:00;720
C01-R-L-B03;06:30:00;08:00:00;490
C01-R-L-B04;08:00:00;09:30:00;490
C01-R-L-B05;09:30:00;12:30:00;514
C01-R-L-B06;12:30:00;14:00:00;540
C01-R-L-B07;14:00:00;16:30:00;473
C01-R-L-B08;16:30:00;18:30:00;423
C01-R-L-B09;18:30:00;20:30:00;480
C01-R-L-B10;20:30:00;22:00:00;600
C01-R-L-B11;22:00:00;24:00:00;900
C01c-I-L-B02;05:30:00;06:30:00;900
C01c-I-L-B03;06:30:00;08:00:00;300
C01c-I-L-B04;08:00:00;09:30:00;360
C01c-I-L-B05;09:30:00;12:30:00;450
C01c-I-L-B06;12:30:00;14:00:00;450
C01c-I-L-B07;14:00:00;16:30:00;450
C01c-I-L-B08;16:30:00;18:30:00;450
C01c-I-L-B09;18:30:00;20:30:00;553
C01c-I-L-B10;20:30:00;22:00:00;540
C01c-I-L-B11;22:00:00;24:00:00;1028
C01c-R-L-B03;06:30:00;08:00:00;360
C01c-R-L-B04;08:00:00;09:30:00;415
C01c-R-L-B05;09:30:00;12:30:00;450
C01c-R-L-B06;12:30:00;14:00:00;450
C01c-R-L-B07;14:00:00;16:30:00;450
C01c-R-L-B08;16:30:00;18:30:00;423
C01c-R-L-B09;18:30:00;20:30:00;480
C01c-R-L-B10;20:30:00;22:00:00;490
C01c-R-L-B11;22:00:00;24:00:00;1028
C02-I-L-B00;00:00:00;01:00:00;1800
C02-I-L-B01;01:00:00;05:30:00;1620
C02-I-L-B02;05:30:00;06:30:00;720
C02-I-L-B03;06:30:00;08:00:00;450
C02-I-L-B04;08:00:00;09:30:00;450
C02-I-L-B05;09:30:00;12:30:00;568
C02-I-L-B06;12:30:00;14:00:00;600
C02-I-L-B07;14:00:00;16:30:00;529
C02-I-L-B08;16:30:00;18:30:00;480
C02-I-L-B09;18:30:00;20:30:00;654
C02-I-L-B10;20:30:00;22:00:00;675
C02-I-L-B11;22:00:00;24:00:00;1028
C02c-I-L-B03;06:30:00;08:00:00;360
C02c-I-L-B04;08:00:00;09:30:00;317
C02c-I-L-B05;09:30:00;12:30:00;450
C02c-I-L-B06;12:30:00;14:00:00;490
C02c-I-L-B07;14:00:00;16:30:00;428
C02c-I-L-B08;16:30:00;18:30:00;288
C02c-I-L-B09;18:30:00;20:30:00;360
C02c-I-L-B10;20:30:00;22:00:00;1080
C02c-R-L-B03;06:30:00;08:00:00;270
C02c-R-L-B04;08:00:00;09:30:00;245
C02c-R-L-B05;09:30:00;12:30:00;450
C02c-R-L-B06;12:30:00;14:00:00;450
C02c-R-L-B07;14:00:00;16:30:00;450
C02c-R-L-B08;16:30:00;18:30:00;313
C02c-R-L-B09;18:30:00;20:30:00;378
C02c-R-L-B10;20:30:00;22:00:00;1080
C03-R-L-B00;00:00:00;01:00:00;3600
C03-R-L-B02;05:30:00;06:30:00;600
C03-R-L-B03;06:30:00;08:00:00;600
C03-R-L-B04;08:00:00;09:30:00;540
C03-R-L-B05;09:30:00;12:30:00;600
C03-R-L-B06;12:30:00;14:00:00;600
C03-R-L-B07;14:00:00;16:30:00;600
C03-R-L-B08;16:30:00;18:30:00;553
C03-R-L-B09;18:30:00;20:30:00;720
C03-R-L-B10;20:30:00;22:00:00;675
C03-R-L-B11;22:00:00;24:00:00;1200
C03c-I-L-B03;06:30:00;08:00:00;771
C03c-I-L-B04;08:00:00;09:30:00;771
C03c-I-L-B08;16:30:00;18:30:00;1200
C03c-I-L-B09;18:30:00;20:30:00;654
C03c-R-L-B03;06:30:00;08:00:00;675
C03c-R-L-B04;08:00:00;09:30:00;600
C03c-R-L-B08;16:30:00;18:30:00;1440
C03c-R-L-B09;18:30:00;20:30:00;720
C05-I-L-B02;05:30:00;06:30:00;900
C05-I-L-B03;06:30:00;08:00:00;675
C05-I-L-B04;08:00:00;09:30:00;771
C05-I-L-B05;09:30:00;12:30:00;600
C05-I-L-B06;12:30:00;14:00:00;600
C05-I-L-B07;14:00:00;16:30:00;600
C05-I-L-B08;16:30:00;18:30:00;450
C05-I-L-B09;18:30:00;20:30:00;654
C05-I-L-B10;20:30:00;22:00:00;771
C05-I-L-B11;22:00:00;24:00:00;2400
C05-R-L-B02;05:30:00;06:30:00;600
C05-R-L-B03;06:30:00;08:00:00;540
C05-R-L-B04;08:00:00;09:30:00;490
C05-R-L-B05;09:30:00;12:30:00;600
C05-R-L-B06;12:30:00;14:00:00;600
C05-R-L-B07;14:00:00;16:30:00;750
C05-R-L-B08;16:30:00;18:30:00;553
C05-R-L-B09;18:30:00;20:30:00;720
C05-R-L-B10;20:30:00;22:00:00;675
C05-R-L-B11;22:00:00;24:00:00;2400
C06-I-L-B02;05:30:00;06:30:00;720
C06-I-L-B03;06:30:00;08:00:00;450
C06-I-L-B04;08:00:00;09:30:00;600
C06-I-L-B05;09:30:00;12:30:00;675
C06-I-L-B06;12:30:00;14:00:00;600
C06-I-L-B07;14:00:00;16:30:00;600
C06-I-L-B08;16:30:00;18:30:00;553
C06-I-L-B09;18:30:00;20:30:00;600
C06-I-L-B10;20:30:00;22:00:00;771
C06-I-L-B11;22:00:00;24:00:00;2400
C06-R-L-B02;05:30:00;06:30:00;720
C06-R-L-B03;06:30:00;08:00:00;490
C06-R-L-B04;08:00:00;09:30:00;600
C06-R-L-B05;09:30:00;12:30:00;600
C06-R-L-B06;12:30:00;14:00:00;600
C06-R-L-B07;14:00:00;16:30:00;600
C06-R-L-B08;16:30:00;18:30:00;514
C06-R-L-B09;18:30:00;20:30:00;600
C06-R-L-B10;20:30:00;22:00:00;771
C06-R-L-B11;22:00:00;24:00:00;2400
C07-I-L-B02;05:30:00;06:30:00;720
C07-I-L-B03;06:30:00;08:00:00;540
C07-I-L-B04;08:00:00;09:30:00;600
C07-I-L-B05;09:30:00;12:30:00;450
C07-I-L-B06;12:30:00;14:00:00;600
C07-I-L-B07;14:00:00;16:30:00;473
C07-I-L-B08;16:30:00;18:30:00;400
C07-I-L-B09;18:30:00;20:30:00;480
C07-I-L-B10;20:30:00;22:00:00;600
C07-I-L-B11;22:00:00;24:00:00;1800
C07-R-L-B02;05:30:00;06:30:00;600
C07-R-L-B03;06:30:00;08:00:00;415
C07-R-L-B04;08:00:00;09:30:00;385
C07-R-L-B05;09:30:00;12:30:00;415
C07-R-L-B06;12:30:00;14:00:00;540
C07-R-L-B07;14:00:00;16:30:00;562
C07-R-L-B08;16:30:00;18:30:00;514
C07-R-L-B09;18:30:00;20:30:00;654
C07-R-L-B10;20:30:00;22:00:00;675
C07-R-L-B11;22:00:00;24:00:00;2400
C09-I-L-B01;01:00:00;05:30:00;5400
C09-I-L-B02;05:30:00;06:30:00;720
C09-I-L-B03;06:30:00;08:00:00;771
C09-I-L-B04;08:00:00;09:30:00;675
C09-I-L-B05;09:30:00;12:30:00;600
C09-I-L-B06;12:30:00;14:00:00;600
C09-I-L-B07;14:00:00;16:30:00;600
C09-I-L-B08;16:30:00;18:30:00;654
C09-I-L-B09;18:30:00;20:30:00;654
C09-I-L-B10;20:30:00;22:00:00;771
C09-I-L-B11;22:00:00;24:00:00;2400
C09c-I-L-B02;05:30:00;06:30:00;600
C09c-I-L-B03;06:30:00;08:00:00;450
C09c-I-L-B04;08:00:00;09:30:00;1080
C09c-I-L-B08;16:30:00;18:30:00;480
C09c-I-L-B09;18:30:00;20:30:00;600
C10e-I-L-B02;05:30:00;06:30:00;900
C10e-I-L-B03;06:30:00;08:00:00;270
C10e-I-L-B04;08:00:00;09:30:00;300
C10e-I-L-B05;09:30:00;12:30:00;1200
C10e-I-L-B07;14:00:00;16:30:00;1285
C10e-I-L-B08;16:30:00;18:30:00;423
C10e-I-L-B09;18:30:00;20:30:00;553
C10e-I-L-B10;20:30:00;22:00:00;2700
C10e-R-L-B02;05:30:00;06:30:00;900
C10e-R-L-B03;06:30:00;08:00:00;317
C10e-R-L-B04;08:00:00;09:30:00;337
C10e-R-L-B05;09:30:00;12:30:00;1200
C10e-R-L-B07;14:00:00;16:30:00;1285
C10e-R-L-B08;16:30:00;18:30:00;378
C10e-R-L-B09;18:30:00;20:30:00;553
C10e-R-L-B10;20:30:00;22:00:00;2700
C11-I-L-B02;05:30:00;06:30:00;720
C11-I-L-B03;06:30:00;08:00:00;450
C11-I-L-B04;08:00:00;09:30:00;490
C11-I-L-B05;09:30:00;12:30:00;540
C11-I-L-B06;12:30:00;14:00:00;600
C11-I-L-B07;14:00:00;16:30:00;600
C11-I-L-B08;16:30:00;18:30:00;480
C11-I-L-B09;18:30:00;20:30:00;514
C11-I-L-B10;20:30:00;22:00:00;675
C11-I-L-B11;22:00:00;24:00:00;1800
C13-I-L-B02;05:30:00;06:30:00;1200
C13-I-L-B03;06:30:00;08:00:00;600
C13-I-L-B04;08:00:00;09:30:00;675
C13-I-L-B05;09:30:00;12:30:00;771
C13-I-L-B06;12:30:00;14:00:00;900
C13-I-L-B07;14:00:00;16:30:00;818
C13-I-L-B08;16:30:00;18:30:00;720
C13-I-L-B09;18:30:00;20:30:00;720
C13-I-L-B10;20:30:00;22:00:00;1080
C13-I-L-B11;22:00:00;24:00:00;2400
C14-I-L-B02;05:30:00;06:30:00;600
C14-I-L-B03;06:30:00;08:00:00;284
C14-I-L-B04;08:00:00;09:30:00;300
C14-I-L-B05;09:30:00;12:30:00;385
C14-I-L-B06;12:30:00;14:00:00;415
C14-I-L-B07;14:00:00;16:30:00;409
C14-I-L-B08;16:30:00;18:30:00;423
C14-I-L-B09;18:30:00;20:30:00;450
C14-I-L-B10;20:30:00;22:00:00;600
C14-I-L-B11;22:00:00;24:00:00;1440
C14-R-L-B00;00:00:00;01:00:00;1800
C14-R-L-B02;05:30:00;06:30:00;600
C14-R-L-B03;06:30:00;08:00:00;360
C14-R-L-B04;08:00:00;09:30:00;385
C14-R-L-B05;09:30:00;12:30:00;385
C14-R-L-B06;12:30:00;14:00:00;385
C14-R-L-B07;14:00:00;16:30:00;409
C14-R-L-B08;16:30:00;18:30:00;342
C14-R-L-B09;18:30:00;20:30:00;450
C14-R-L-B10;20:30:00;22:00:00;600
C14-R-L-B11;22:00:00;24:00:00;1440
C15-I-L-B02;05:30:00;06:30:00;1200
C15-I-L-B03;06:30:00;08:00:00;490
C15-I-L-B04;08:00:00;09:30:00;540
C15-I-L-B05;09:30:00;12:30:00;600
C15-I-L-B06;12:30:00;14:00:00;600
C15-I-L-B07;14:00:00;16:30:00;642
C15-I-L-B08;16:30:00;18:30:00;600
C15-I-L-B09;18:30:00;20:30:00;720
C15-I-L-B10;20:30:00;22:00:00;771
C15-I-L-B11;22:00:00;24:00:00;2400
C16-I-L-B02;05:30:00;06:30:00;720
C16-I-L-B03;06:30:00;08:00:00;540
C16-I-L-B04;08:00:00;09:30:00;490
C16-I-L-B05;09:30:00;12:30:00;600
C16-I-L-B06;12:30:00;14:00:00;600
C16-I-L-B07;14:00:00;16:30:00;562
C16-I-L-B08;16:30:00;18:30:00;600
C16-I-L-B09;18:30:00;20:30:00;600
C16-I-L-B10;20:30:00;22:00:00;600
C16-I-L-B11;22:00:00;24:00:00;2400
C16-R-L-B02;05:30:00;06:30:00;720
C16-R-L-B03;06:30:00;08:00:00;540
C16-R-L-B04;08:00:00;09:30:00;600
C16-R-L-B05;09:30:00;12:30:00;568
C16-R-L-B06;12:30:00;14:00:00;600
C16-R-L-B07;14:00:00;16:30:00;600
C16-R-L-B08;16:30:00;18:30:00;553
C16-R-L-B09;18:30:00;20:30:00;553
C16-R-L-B10;20:30:00;22:00:00;600
C16-R-L-B11;22:00:00;24:00:00;1440
C17-I-L-B02;05:30:00;06:30:00;1200
C17-I-L-B03;06:30:00;08:00:00;1080
C17-I-L-B04;08:00:00;09:30:00;1349
C17-I-L-B05;09:30:00;12:30:00;1800
C17-I-L-B06;12:30:00;14:00:00;1800
C17-I-L-B07;14:00:00;16:30:00;1800
C17-I-L-B08;16:30:00;18:30:00;1200
C17-I-L-B09;18:30:00;20:30:00;1440
C17-I-L-B10;20:30:00;22:00:00;1800
C17-I-L-B11;22:00:00;24:00:00;2400
C17-R-L-B02;05:30:00;06:30:00;1200
C17-R-L-B03;06:30:00;08:00:00;1080
C17-R-L-B04;08:00:00;09:30:00;1349
C17-R-L-B05;09:30:00;12:30:00;1800
C17-R-L-B06;12:30:00;14:00:00;1800
C17-R-L-B07;14:00:00;16:30:00;1800
C17-R-L-B08;16:30:00;18:30:00;1200
C17-R-L-B09;18:30:00;20:30:00;1440
C17-R-L-B10;20:30:00;22:00:00;1800
C17-R-L-B11;22:00:00;24:00:00;2400
C18-I-L-B02;05:30:00;06:30:00;900
C18-I-L-B03;06:30:00;08:00:00;600
C18-I-L-B04;08:00:00;09:30:00;490
C18-I-L-B05;09:30:00;12:30:00;514
C18-I-L-B06;12:30:00;14:00:00;540
C18-I-L-B07;14:00:00;16:30:00;600
C18-I-L-B08;16:30:00;18:30:00;514
C18-I-L-B09;18:30:00;20:30:00;553
C18-I-L-B10;20:30:00;22:00:00;771
C18-I-L-B11;22:00:00;24:00:00;1440
C18-R-L-B02;05:30:00;06:30:00;514
C18-R-L-B03;06:30:00;08:00:00;600
C18-R-L-B04;08:00:00;09:30:00;540
C18-R-L-B05;09:30:00;12:30:00;600
C18-R-L-B06;12:30:00;14:00:00;540
C18-R-L-B07;14:00:00;16:30:00;500
C18-R-L-B08;16:30:00;18:30:00;514
C18-R-L-B09;18:30:00;20:30:00;600
C18-R-L-B10;20:30:00;22:00:00;771
C18-R-L-B11;22:00:00;24:00:00;1800
C19-I-L-B02;05:30:00;06:30:00;1200
C19-I-L-B03;06:30:00;08:00:00;540
C19-I-L-B04;08:00:00;09:30:00;540
C19-I-L-B05;09:30:00;12:30:00;635
C19-I-L-B06;12:30:00;14:00:00;675
C19-I-L-B07;14:00:00;16:30:00;750
C19-I-L-B08;16:30:00;18:30:00;600
C19-I-L-B09;18:30:00;20:30:00;720
C19-I-L-B10;20:30:00;22:00:00;1080
C19-I-L-B11;22:00:00;24:00:00;2400
C19-R-L-B02;05:30:00;06:30:00;1200
C19-R-L-B03;06:30:00;08:00:00;675
C19-R-L-B04;08:00:00;09:30:00;600
C19-R-L-B05;09:30:00;12:30:00;635
C19-R-L-B06;12:30:00;14:00:00;675
C19-R-L-B07;14:00:00;16:30:00;750
C19-R-L-B08;16:30:00;18:30:00;600
C19-R-L-B09;18:30:00;20:30:00;720
C19-R-L-B10;20:30:00;22:00:00;771
C19-R-L-B11;22:00:00;24:00:00;2400
C20-I-L-B02;05:30:00;06:30:00;1800
C20-I-L-B03;06:30:00;08:00:00;415
C20-I-L-B04;08:00:00;09:30:00;317
C20-I-L-B05;09:30:00;12:30:00;276
C20-I-L-B06;12:30:00;14:00:00;284
C20-I-L-B07;14:00:00;16:30:00;290
C20-I-L-B08;16:30:00;18:30:00;300
C20-I-L-B09;18:30:00;20:30:00;400
C20-I-L-B10;20:30:00;22:00:00;360
C20-I-L-B11;22:00:00;24:00:00;1200
C22-I-L-B02;05:30:00;06:30:00;900
C22-I-L-B03;06:30:00;08:00:00;600
C22-I-L-B04;08:00:00;09:30:00;675
C22-I-L-B05;09:30:00;12:30:00;1080
C22-I-L-B06;12:30:00;14:00:00;1080
C22-I-L-B07;14:00:00;16:30:00;1285
C22-I-L-B08;16:30:00;18:30:00;720
C22-I-L-B09;18:30:00;20:30:00;720
C22-I-L-B10;20:30:00;22:00:00;1080
C22-I-L-B11;22:00:00;24:00:00;3600
C22-R-L-B02;05:30:00;06:30:00;900
C22-R-L-B03;06:30:00;08:00:00;600
C22-R-L-B04;08:00:00;09:30:00;675
C22-R-L-B05;09:30:00;12:30:00;1200
C22-R-L-B06;12:30:00;14:00:00;1080
C22-R-L-B07;14:00:00;16:30:00;1125
C22-R-L-B08;16:30:00;18:30:00;720
C22-R-L-B09;18:30:00;20:30:00;720
C22-R-L-B10;20:30:00;22:00:00;1080
C22-R-L-B11;22:00:00;24:00:00;3600
C25-I-L-B00;00:00:00;01:00:00;3600
C25-I-L-B01;01:00:00;05:30:00;8100
C25-I-L-B02;05:30:00;06:30:00;900
C25-I-L-B03;06:30:00;08:00:00;771
C25-I-L-B04;08:00:00;09:30:00;900
C25-I-L-B05;09:30:00;12:30:00;900
C25-I-L-B06;12:30:00;14:00:00;900
C25-I-L-B07;14:00:00;16:30:00;900
C25-I-L-B08;16:30:00;18:30:00;720
C25-I-L-B09;18:30:00;20:30:00;720
C25-I-L-B10;20:30:00;22:00:00;900
C25-I-L-B11;22:00:00;24:00:00;1440
C25-R-L-B02;05:30:00;06:30:00;900
C25-R-L-B03;06:30:00;08:00:00;771
C25-R-L-B04;08:00:00;09:30:00;900
C25-R-L-B05;09:30:00;12:30:00;900
C25-R-L-B06;12:30:00;14:00:00;900
C25-R-L-B07;14:00:00;16:30:00;900
C25-R-L-B08;16:30:00;18:30:00;720
C25-R-L-B09;18:30:00;20:30:00;720
C25-R-L-B10;20:30:00;22:00:00;900
C25-R-L-B11;22:00:00;24:00:00;1200
C26c-I-L-B03;06:30:00;08:00:00;900
C26c-I-L-B04;08:00:00;09:30:00;1080
C26c-I-L-B08;16:30:00;18:30:00;1800
C26c-I-L-B09;18:30:00;20:30:00;900
C27-I-L-B02;05:30:00;06:30:00;900
C27-I-L-B03;06:30:00;08:00:00;540
C27-I-L-B04;08:00:00;09:30:00;600
C27-I-L-B05;09:30:00;12:30:00;635
C27-I-L-B06;12:30:00;14:00:00;675
C27-I-L-B07;14:00:00;16:30:00;692
C27-I-L-B08;16:30:00;18:30:00;553
C27-I-L-B09;18:30:00;20:30:00;720
C27-I-L-B10;20:30:00;22:00:00;771
C27-I-L-B11;22:00:00;24:00:00;2400
C28-I-L-B01;01:00:00;05:30:00;16200
C28-I-L-B02;05:30:00;06:30:00;600
C28-I-L-B03;06:30:00;08:00:00;415
C28-I-L-B04;08:00:00;09:30:00;450
C28-I-L-B05;09:30:00;12:30:00;600
C28-I-L-B06;12:30:00;14:00:00;600
C28-I-L-B07;14:00:00;16:30:00;600
C28-I-L-B08;16:30:00;18:30:00;553
C28-I-L-B09;18:30:00;20:30:00;553
C28-I-L-B10;20:30:00;22:00:00;771
C28-I-L-B11;22:00:00;24:00:00;900
C28-R-L-B00;00:00:00;01:00:00;1800
C28-R-L-B01;01:00:00;05:30:00;16200
C28-R-L-B02;05:30:00;06:30:00;900
C28-R-L-B03;06:30:00;08:00:00;600
C28-R-L-B04;08:00:00;09:30:00;600
C28-R-L-B05;09:30:00;12:30:00;600
C28-R-L-B06;12:30:00;14:00:00;600
C28-R-L-B07;14:00:00;16:30:00;600
C28-R-L-B08;16:30:00;18:30:00;423
C28-R-L-B09;18:30:00;20:30:00;514
C28-R-L-B10;20:30:00;22:00:00;771
C28-R-L-B11;22:00:00;24:00:00;900
C30e-I-L-B02;05:30:00;06:30:00;900
C30e-I-L-B03;06:30:00;08:00:00;490
C30e-I-L-B04;08:00:00;09:30:00;490
C30e-I-L-B05;09:30:00;12:30:00;2159
C30e-I-L-B07;14:00:00;16:30:00;1800
C30e-I-L-B08;16:30:00;18:30:00;514
C30e-I-L-B09;18:30:00;20:30:00;553
C30e-I-L-B10;20:30:00;22:00:00;2700
C30e-R-L-B02;05:30:00;06:30:00;900
C30e-R-L-B03;06:30:00;08:00:00;540
C30e-R-L-B04;08:00:00;09:30:00;490
C30e-R-L-B05;09:30:00;12:30:00;2159
C30e-R-L-B07;14:00:00;16:30:00;1800
C30e-R-L-B08;16:30:00;18:30:00;480
C30e-R-L-B09;18:30:00;20:30:00;600
C30e-R-L-B10;20:30:00;22:00:00;2700
C33c-I-L-B03;06:30:00;08:00:00;1349
C33c-I-L-B04;08:00:00;09:30:00;1080
C33c-I-L-B08;16:30:00;18:30:00;900
C33c-I-L-B09;18:30:00;20:30:00;900
C37-R-L-B03;06:30:00;08:00:00;675
C37-R-L-B04;08:00:00;09:30:00;675
C37-R-L-B05;09:30:00;12:30:00;720
C37-R-L-B06;12:30:00;14:00:00;675
C37-R-L-B07;14:00:00;16:30:00;692
C37-R-L-B08;16:30:00;18:30:00;600
C37-R-L-B09;18:30:00;20:30:00;800
C37-R-L-B10;20:30:00;22:00:00;900
C37-R-L-B11;22:00:00;24:00:00;3600
D01-I-L-B02;05:30:00;06:30:00;1800
D01-I-L-B03;06:30:00;08:00:00;675
D01-I-L-B04;08:00:00;09:30:00;900
D01-I-L-B05;09:30:00;12:30:00;720
D01-I-L-B06;12:30:00;14:00:00;771
D01-I-L-B07;14:00:00;16:30:00;818
D01-I-L-B08;16:30:00;18:30:00;800
D01-I-L-B09;18:30:00;20:30:00;900
D01-I-L-B10;20:30:00;22:00:00;900
D01-I-L-B11;22:00:00;24:00:00;1028
D02-I-L-B02;05:30:00;06:30:00;900
D02-I-L-B03;06:30:00;08:00:00;600
D02-I-L-B04;08:00:00;09:30:00;675
D02-I-L-B05;09:30:00;12:30:00;720
D02-I-L-B06;12:30:00;14:00:00;675
D02-I-L-B07;14:00:00;16:30:00;750
D02-I-L-B08;16:30:00;18:30:00;654
D02-I-L-B09;18:30:00;20:30:00;654
D02-I-L-B10;20:30:00;22:00:00;900
D02-I-L-B11;22:00:00;24:00:00;1028
D02-R-L-B02;05:30:00;06:30:00;900
D02-R-L-B03;06:30:00;08:00:00;600
D02-R-L-B04;08:00:00;09:30:00;771
D02-R-L-B05;09:30:00;12:30:00;720
D02-R-L-B06;12:30:00;14:00:00;675
D02-R-L-B07;14:00:00;16:30:00;750
D02-R-L-B08;16:30:00;18:30:00;720
D02-R-L-B09;18:30:00;20:30:00;720
D02-R-L-B10;20:30:00;22:00:00;771
D02-R-L-B11;22:00:00;24:00:00;1440
D03-I-L-B01;01:00:00;05:30:00;5400
D03-I-L-B02;05:30:00;06:30:00;720
D03-I-L-B03;06:30:00;08:00:00;540
D03-I-L-B04;08:00:00;09:30:00;600
D03-I-L-B05;09:30:00;12:30:00;514
D03-I-L-B06;12:30:00;14:00:00;600
D03-I-L-B07;14:00:00;16:30:00;529
D03-I-L-B08;16:30:00;18:30:00;553
D03-I-L-B09;18:30:00;20:30:00;553
D03-I-L-B10;20:30:00;22:00:00;675
D03-I-L-B11;22:00:00;24:00:00;800
D03-R-L-B02;05:30:00;06:30:00;720
D03-R-L-B03;06:30:00;08:00:00;450
D03-R-L-B04;08:00:00;09:30:00;540
D03-R-L-B05;09:30:00;12:30:00;540
D03-R-L-B06;12:30:00;14:00:00;490
D03-R-L-B07;14:00:00;16:30:00;529
D03-R-L-B08;16:30:00;18:30:00;514
D03-R-L-B09;18:30:00;20:30:00;600
D03-R-L-B10;20:30:00;22:00:00;675
D03-R-L-B11;22:00:00;24:00:00;800
D03c-I-L-B02;05:30:00;06:30:00;1800
D03c-I-L-B03;06:30:00;08:00:00;900
D03c-I-L-B04;08:00:00;09:30:00;2700
D03c-I-L-B08;16:30:00;18:30:00;1440
D03c-I-L-B09;18:30:00;20:30:00;1028
D05-I-L-B02;05:30:00;06:30:00;900
D05-I-L-B03;06:30:00;08:00:00;600
D05-I-L-B04;08:00:00;09:30:00;600
D05-I-L-B05;09:30:00;12:30:00;514
D05-I-L-B06;12:30:00;14:00:00;540
D05-I-L-B07;14:00:00;16:30:00;529
D05-I-L-B08;16:30:00;18:30:00;514
D05-I-L-B09;18:30:00;20:30:00;600
D05-I-L-B10;20:30:00;22:00:00;675
D05-I-L-B11;22:00:00;24:00:00;800
D05-R-L-B01;01:00:00;05:30:00;8100
D05-R-L-B02;05:30:00;06:30:00;720
D05-R-L-B03;06:30:00;08:00:00;600
D05-R-L-B04;08:00:00;09:30:00;600
D05-R-L-B05;09:30:00;12:30:00;514
D05-R-L-B06;12:30:00;14:00:00;540
D05-R-L-B07;14:00:00;16:30:00;562
D05-R-L-B08;16:30:00;18:30:00;553
D05-R-L-B09;18:30:00;20:30:00;600
D05-R-L-B10;20:30:00;22:00:00;771
D05-R-L-B11;22:00:00;24:00:00;1028
D07-I-L-B01;01:00:00;05:30:00;8100
D07-I-L-B02;05:30:00;06:30:00;720
D07-I-L-B03;06:30:00;08:00:00;600
D07-I-L-B04;08:00:00;09:30:00;675
D07-I-L-B05;09:30:00;12:30:00;635
D07-I-L-B06;12:30:00;14:00:00;675
D07-I-L-B07;14:00:00;16:30:00;642
D07-I-L-B08;16:30:00;18:30:00;720
D07-I-L-B09;18:30:00;20:30:00;720
D07-I-L-B10;20:30:00;22:00:00;900
D07-I-L-B11;22:00:00;24:00:00;900
D07-R-L-B00;00:00:00;01:00:00;1800
D07-R-L-B02;05:30:00;06:30:00;720
D07-R-L-B03;06:30:00;08:00:00;540
D07-R-L-B04;08:00:00;09:30:00;771
D07-R-L-B05;09:30:00;12:30:00;600
D07-R-L-B06;12:30:00;14:00:00;675
D07-R-L-B07;14:00:00;16:30:00;642
D07-R-L-B08;16:30:00;18:30:00;600
D07-R-L-B09;18:30:00;20:30:00;654
D07-R-L-B10;20:30:00;22:00:00;771
D07-R-L-B11;22:00:00;24:00:00;1028
D07c-I-L-B02;05:30:00;06:30:00;1200
D07c-I-L-B03;06:30:00;08:00:00;771
D07c-I-L-B04;08:00:00;09:30:00;771
D07c-I-L-B08;16:30:00;18:30:00;1800
D07c-I-L-B09;18:30:00;20:30:00;1800
D08-I-L-B01;01:00:00;05:30:00;5400
D08-I-L-B02;05:30:00;06:30:00;514
D08-I-L-B03;06:30:00;08:00:00;540
D08-I-L-B04;08:00:00;09:30:00;540
D08-I-L-B05;09:30:00;12:30:00;600
D08-I-L-B06;12:30:00;14:00:00;600
D08-I-L-B07;14:00:00;16:30:00;600
D08-I-L-B08;16:30:00;18:30:00;600
D08-I-L-B09;18:30:00;20:30:00;654
D08-I-L-B10;20:30:00;22:00:00;675
D08-I-L-B11;22:00:00;24:00:00;1028
D09-I-L-B00;00:00:00;01:00:00;1800
D09-I-L-B01;01:00:00;05:30:00;4050
D09-I-L-B02;05:30:00;06:30:00;900
D09-I-L-B03;06:30:00;08:00:00;450
D09-I-L-B04;08:00:00;09:30:00;600
D09-I-L-B05;09:30:00;12:30:00;635
D09-I-L-B06;12:30:00;14:00:00;600
D09-I-L-B07;14:00:00;16:30:00;600
D09-I-L-B08;16:30:00;18:30:00;600
D09-I-L-B09;18:30:00;20:30:00;654
D09-I-L-B10;20:30:00;22:00:00;900
D09-I-L-B11;22:00:00;24:00:00;1200
D10-I-L-B02;05:30:00;06:30:00;720
D10-I-L-B03;06:30:00;08:00:00;540
D10-I-L-B04;08:00:00;09:30:00;771
D10-I-L-B05;09:30:00;12:30:00;720
D10-I-L-B06;12:30:00;14:00:00;675
D10-I-L-B07;14:00:00;16:30:00;750
D10-I-L-B08;16:30:00;18:30:00;654
D10-I-L-B09;18:30:00;20:30:00;720
D10-I-L-B10;20:30:00;22:00:00;771
D10-I-L-B11;22:00:00;24:00:00;1440
D10-R-L-B02;05:30:00;06:30:00;720
D10-R-L-B03;06:30:00;08:00:00;675
D10-R-L-B04;08:00:00;09:30:00;771
D10-R-L-B05;09:30:00;12:30:00;830
D10-R-L-B06;12:30:00;14:00:00;900
D10-R-L-B07;14:00:00;16:30:00;750
D10-R-L-B08;16:30:00;18:30:00;720
D10-R-L-B09;18:30:00;20:30:00;720
D10-R-L-B10;20:30:00;22:00:00;771
D10-R-L-B11;22:00:00;24:00:00;1028
D11-I-L-B02;05:30:00;06:30:00;600
D11-I-L-B03;06:30:00;08:00:00;540
D11-I-L-B04;08:00:00;09:30:00;675
D11-I-L-B05;09:30:00;12:30:00;600
D11-I-L-B06;12:30:00;14:00:00;600
D11-I-L-B07;14:00:00;16:30:00;600
D11-I-L-B08;16:30:00;18:30:00;720
D11-I-L-B09;18:30:00;20:30:00;654
D11-I-L-B10;20:30:00;22:00:00;1080
D11-I-L-B11;22:00:00;24:00:00;1200
D11-R-L-B00;00:00:00;01:00:00;1800
D11-R-L-B02;05:30:00;06:30:00;900
D11-R-L-B03;06:30:00;08:00:00;600
D11-R-L-B04;08:00:00;09:30:00;675
D11-R-L-B05;09:30:00;12:30:00;600
D11-R-L-B06;12:30:00;14:00:00;600
D11-R-L-B07;14:00:00;16:30:00;600
D11-R-L-B08;16:30:00;18:30:00;600
D11-R-L-B09;18:30:00;20:30:00;600
D11-R-L-B10;20:30:00;22:00:00;600
D11-R-L-B11;22:00:00;24:00:00;1028
D13-I-L-B02;05:30:00;06:30:00;900
D13-I-L-B03;06:30:00;08:00:00;771
D13-I-L-B04;08:00:00;09:30:00;771
D13-I-L-B05;09:30:00;12:30:00;720
D13-I-L-B06;12:30:00;14:00:00;771
D13-I-L-B07;14:00:00;16:30:00;900
D13-I-L-B08;16:30:00;18:30:00;720
D13-I-L-B09;18:30:00;20:30:00;800
D13-I-L-B10;20:30:00;22:00:00;771
D13-I-L-B11;22:00:00;24:00:00;1800
D13-R-L-B02;05:30:00;06:30:00;900
D13-R-L-B03;06:30:00;08:00:00;771
D13-R-L-B04;08:00:00;09:30:00;771
D13-R-L-B05;09:30:00;12:30:00;720
D13-R-L-B06;12:30:00;14:00:00;771
D13-R-L-B07;14:00:00;16:30:00;900
D13-R-L-B08;16:30:00;18:30:00;720
D13-R-L-B09;18:30:00;20:30:00;800
D13-R-L-B10;20:30:00;22:00:00;771
D13-R-L-B11;22:00:00;24:00:00;1800
D14-I-L-B02;05:30:00;06:30:00;900
D14-I-L-B03;06:30:00;08:00:00;600
D14-I-L-B04;08:00:00;09:30:00;675
D14-I-L-B05;09:30:00;12:30:00;720
D14-I-L-B06;12:30:00;14:00:00;771
D14-I-L-B07;14:00:00;16:30:00;750
D14-I-L-B08;16:30:00;18:30:00;600
D14-I-L-B09;18:30:00;20:30:00;654
D14-I-L-B10;20:30:00;22:00:00;771
D14-I-L-B11;22:00:00;24:00:00;1440
D14-R-L-B02;05:30:00;06:30:00;900
D14-R-L-B03;06:30:00;08:00:00;600
D14-R-L-B04;08:00:00;09:30:00;771
D14-R-L-B05;09:30:00;12:30:00;720
D14-R-L-B06;12:30:00;14:00:00;771
D14-R-L-B07;14:00:00;16:30:00;750
D14-R-L-B08;16:30:00;18:30:00;654
D14-R-L-B09;18:30:00;20:30:00;654
D14-R-L-B10;20:30:00;22:00:00;771
D14-R-L-B11;22:00:00;24:00:00;1028
D15-I-L-B02;05:30:00;06:30:00;900
D15-I-L-B03;06:30:00;08:00:00;490
D15-I-L-B04;08:00:00;09:30:00;771
D15-I-L-B05;09:30:00;12:30:00;720
D15-I-L-B06;12:30:00;14:00:00;675
D15-I-L-B07;14:00:00;16:30:00;692
D15-I-L-B08;16:30:00;18:30:00;720
D15-I-L-B09;18:30:00;20:30:00;720
D15-I-L-B10;20:30:00;22:00:00;771
D15-I-L-B11;22:00:00;24:00:00;1028
D16-I-L-B02;05:30:00;06:30:00;900
D16-I-L-B03;06:30:00;08:00:00;900
D16-I-L-B04;08:00:00;09:30:00;900
D16-I-L-B05;09:30:00;12:30:00;900
D16-I-L-B06;12:30:00;14:00:00;900
D16-I-L-B07;14:00:00;16:30:00;900
D16-I-L-B08;16:30:00;18:30:00;900
D16-I-L-B09;18:30:00;20:30:00;900
D16-I-L-B10;20:30:00;22:00:00;900
D16-I-L-B11;22:00:00;24:00:00;1028
D16-R-L-B02;05:30:00;06:30:00;900
D16-R-L-B03;06:30:00;08:00:00;900
D16-R-L-B04;08:00:00;09:30:00;900
D16-R-L-B05;09:30:00;12:30:00;900
D16-R-L-B06;12:30:00;14:00:00;900
D16-R-L-B07;14:00:00;16:30:00;900
D16-R-L-B08;16:30:00;18:30:00;900
D16-R-L-B09;18:30:00;20:30:00;900
D16-R-L-B10;20:30:00;22:00:00;900
D16-R-L-B11;22:00:00;24:00:00;1028
D17-I-L-B01;01:00:00;05:30:00;16200
D17-I-L-B02;05:30:00;06:30:00;1200
D17-I-L-B03;06:30:00;08:00:00;675
D17-I-L-B04;08:00:00;09:30:00;675
D17-I-L-B05;09:30:00;12:30:00;600
D17-I-L-B06;12:30:00;14:00:00;675
D17-I-L-B07;14:00:00;16:30:00;600
D17-I-L-B08;16:30:00;18:30:00;720
D17-I-L-B09;18:30:00;20:30:00;720
D17-I-L-B10;20:30:00;22:00:00;771
D17-I-L-B11;22:00:00;24:00:00;1200
D17v-I-L-B03;06:30:00;08:00:00;1080
D17v-I-L-B04;08:00:00;09:30:00;1349
D17v-I-L-B05;09:30:00;12:30:00;1200
D17v-I-L-B06;12:30:00;14:00:00;1080
D17v-I-L-B07;14:00:00;16:30:00;1285
D17v-I-L-B08;16:30:00;18:30:00;1200
D17v-I-L-B09;18:30:00;20:30:00;1200
D17v-I-L-B10;20:30:00;22:00:00;1080
D17v-I-L-B11;22:00:00;24:00:00;1200
D18-I-L-B02;05:30:00;06:30:00;720
D18-I-L-B03;06:30:00;08:00:00;540
D18-I-L-B04;08:00:00;09:30:00;540
D18-I-L-B05;09:30:00;12:30:00;540
D18-I-L-B06;12:30:00;14:00:00;540
D18-I-L-B07;14:00:00;16:30:00;529
D18-I-L-B08;16:30:00;18:30:00;553
D18-I-L-B09;18:30:00;20:30:00;553
D18-I-L-B10;20:30:00;22:00:00;771
D18-I-L-B11;22:00:00;24:00:00;1028
D18-R-L-B02;05:30:00;06:30:00;720
D18-R-L-B03;06:30:00;08:00:00;771
D18-R-L-B04;08:00:00;09:30:00;600
D18-R-L-B05;09:30:00;12:30:00;514
D18-R-L-B06;12:30:00;14:00:00;540
D18-R-L-B07;14:00:00;16:30:00;562
D18-R-L-B08;16:30:00;18:30:00;553
D18-R-L-B09;18:30:00;20:30:00;600
D18-R-L-B10;20:30:00;22:00:00;771
D18-R-L-B11;22:00:00;24:00:00;1028
D20-I-L-B04;08:00:00;09:30:00;1080
D20-I-L-B05;09:30:00;12:30:00;900
D20-I-L-B06;12:30:00;14:00:00;900
D20-I-L-B07;14:00:00;16:30:00;900
D20-I-L-B08;16:30:00;18:30:00;1800
D26-I-L-B01;01:00:00;05:30:00;8100
D26-I-L-B02;05:30:00;06:30:00;1200
D26-I-L-B03;06:30:00;08:00:00;900
D26-I-L-B04;08:00:00;09:30:00;1080
D26-I-L-B05;09:30:00;12:30:00;1200
D26-I-L-B06;12:30:00;14:00:00;1349
D26-I-L-B07;14:00:00;16:30:00;1125
D26-I-L-B08;16:30:00;18:30:00;900
D26-I-L-B09;18:30:00;20:30:00;900
D26-I-L-B10;20:30:00;22:00:00;1080
D26-I-L-B11;22:00:00;24:00:00;1440
E01-I-L-B02;05:30:00;06:30:00;600
E01-I-L-B03;06:30:00;08:00:00;490
E01-I-L-B04;08:00:00;09:30:00;675
E01-I-L-B05;09:30:00;12:30:00;900
E01-I-L-B06;12:30:00;14:00:00;675
E01-I-L-B07;14:00:00;16:30:00;818
E01-I-L-B08;16:30:00;18:30:00;800
E01-I-L-B09;18:30:00;20:30:00;800
E01-I-L-B10;20:30:00;22:00:00;1080
E01-I-L-B11;22:00:00;24:00:00;1028
E01-R-L-B02;05:30:00;06:30:00;720
E01-R-L-B03;06:30:00;08:00:00;675
E01-R-L-B04;08:00:00;09:30:00;675
E01-R-L-B05;09:30:00;12:30:00;900
E01-R-L-B06;12:30:00;14:00:00;675
E01-R-L-B07;14:00:00;16:30:00;818
E01-R-L-B08;16:30:00;18:30:00;800
E01-R-L-B09;18:30:00;20:30:00;800
E01-R-L-B10;20:30:00;22:00:00;900
E01-R-L-B11;22:00:00;24:00:00;1028
E02-I-L-B02;05:30:00;06:30:00;720
E02-I-L-B03;06:30:00;08:00:00;600
E02-I-L-B04;08:00:00;09:30:00;771
E02-I-L-B05;09:30:00;12:30:00;900
E02-I-L-B06;12:30:00;14:00:00;675
E02-I-L-B07;14:00:00;16:30:00;642
E02-I-L-B08;16:30:00;18:30:00;600
E02-I-L-B09;18:30:00;20:30:00;600
E02-I-L-B10;20:30:00;22:00:00;900
E02-I-L-B11;22:00:00;24:00:00;1800
E02-R-L-B02;05:30:00;06:30:00;600
E02-R-L-B03;06:30:00;08:00:00;540
E02-R-L-B04;08:00:00;09:30:00;675
E02-R-L-B05;09:30:00;12:30:00;900
E02-R-L-B06;12:30:00;14:00:00;771
E02-R-L-B07;14:00:00;16:30:00;642
E02-R-L-B08;16:30:00;18:30:00;654
E02-R-L-B09;18:30:00;20:30:00;720
E02-R-L-B10;20:30:00;22:00:00;900
E02-R-L-B11;22:00:00;24:00:00;2400
E03-I-L-B00;00:00:00;01:00:00;1800
E03-I-L-B01;01:00:00;05:30:00;5400
E03-I-L-B02;05:30:00;06:30:00;1200
E03-I-L-B03;06:30:00;08:00:00;490
E03-I-L-B04;08:00:00;09:30:00;600
E03-I-L-B05;09:30:00;12:30:00;720
E03-I-L-B06;12:30:00;14:00:00;771
E03-I-L-B07;14:00:00;16:30:00;642
E03-I-L-B08;16:30:00;18:30:00;480
E03-I-L-B09;18:30:00;20:30:00;514
E03-I-L-B10;20:30:00;22:00:00;675
E03-I-L-B11;22:00:00;24:00:00;1028
E03-R-L-B00;00:00:00;01:00:00;1800
E03-R-L-B01;01:00:00;05:30:00;4050
E03-R-L-B02;05:30:00;06:30:00;514
E03-R-L-B03;06:30:00;08:00:00;490
E03-R-L-B04;08:00:00;09:30:00;600
E03-R-L-B05;09:30:00;12:30:00;720
E03-R-L-B06;12:30:00;14:00:00;675
E03-R-L-B07;14:00:00;16:30:00;642
E03-R-L-B08;16:30:00;18:30:00;514
E03-R-L-B09;18:30:00;20:30:00;654
E03-R-L-B10;20:30:00;22:00:00;771
E03-R-L-B11;22:00:00;24:00:00;1028
E04-I-L-B02;05:30:00;06:30:00;514
E04-I-L-B03;06:30:00;08:00:00;490
E04-I-L-B04;08:00:00;09:30:00;600
E04-I-L-B05;09:30:00;12:30:00;900
E04-I-L-B06;12:30:00;14:00:00;900
E04-I-L-B07;14:00:00;16:30:00;818
E04-I-L-B08;16:30:00;18:30:00;800
E04-I-L-B09;18:30:00;20:30:00;720
E04-I-L-B10;20:30:00;22:00:00;771
E04-I-L-B11;22:00:00;24:00:00;2400
E04-R-L-B02;05:30:00;06:30:00;720
E04-R-L-B03;06:30:00;08:00:00;675
E04-R-L-B04;08:00:00;09:30:00;600
E04-R-L-B05;09:30:00;12:30:00;900
E04-R-L-B06;12:30:00;14:00:00;900
E04-R-L-B07;14:00:00;16:30:00;818
E04-R-L-B08;16:30:00;18:30:00;800
E04-R-L-B09;18:30:00;20:30:00;720
E04-R-L-B10;20:30:00;22:00:00;771
E04-R-L-B11;22:00:00;24:00:00;1028
E05-I-L-B02;05:30:00;06:30:00;720
E05-I-L-B03;06:30:00;08:00:00;490
E05-I-L-B04;08:00:00;09:30:00;675
E05-I-L-B05;09:30:00;12:30:00;771
E05-I-L-B06;12:30:00;14:00:00;771
E05-I-L-B07;14:00:00;16:30:00;818
E05-I-L-B08;16:30:00;18:30:00;600
E05-I-L-B09;18:30:00;20:30:00;654
E05-I-L-B10;20:30:00;22:00:00;900
E05-I-L-B11;22:00:00;24:00:00;1200
E05-R-L-B02;05:30:00;06:30:00;720
E05-R-L-B03;06:30:00;08:00:00;600
E05-R-L-B04;08:00:00;09:30:00;771
E05-R-L-B05;09:30:00;12:30:00;900
E05-R-L-B06;12:30:00;14:00:00;600
E05-R-L-B07;14:00:00;16:30:00;692
E05-R-L-B08;16:30:00;18:30:00;553
E05-R-L-B09;18:30:00;20:30:00;600
E05-R-L-B10;20:30:00;22:00:00;900
E05-R-L-B11;22:00:00;24:00:00;1200
E07-I-L-B02;05:30:00;06:30:00;1200
E07-I-L-B03;06:30:00;08:00:00;600
E07-I-L-B04;08:00:00;09:30:00;675
E07-I-L-B05;09:30:00;12:30:00;830
E07-I-L-B06;12:30:00;14:00:00;771
E07-I-L-B07;14:00:00;16:30:00;750
E07-I-L-B08;16:30:00;18:30:00;600
E07-I-L-B09;18:30:00;20:30:00;600
E07-I-L-B10;20:30:00;22:00:00;675
E07-I-L-B11;22:00:00;24:00:00;1028
E07-R-L-B02;05:30:00;06:30:00;900
E07-R-L-B03;06:30:00;08:00:00;540
E07-R-L-B04;08:00:00;09:30:00;600
E07-R-L-B05;09:30:00;12:30:00;720
E07-R-L-B06;12:30:00;14:00:00;900
E07-R-L-B07;14:00:00;16:30:00;818
E07-R-L-B08;16:30:00;18:30:00;654
E07-R-L-B09;18:30:00;20:30:00;720
E07-R-L-B10;20:30:00;22:00:00;771
E07-R-L-B11;22:00:00;24:00:00;2400
E08-I-L-B02;05:30:00;06:30:00;720
E08-I-L-B03;06:30:00;08:00:00;771
E08-I-L-B04;08:00:00;09:30:00;900
E08-I-L-B05;09:30:00;12:30:00;900
E08-I-L-B06;12:30:00;14:00:00;900
E08-I-L-B07;14:00:00;16:30:00;900
E08-I-L-B08;16:30:00;18:30:00;800
E08-I-L-B09;18:30:00;20:30:00;720
E08-I-L-B10;20:30:00;22:00:00;771
E08-I-L-B11;22:00:00;24:00:00;1440
E08-R-L-B02;05:30:00;06:30:00;1200
E08-R-L-B03;06:30:00;08:00:00;771
E08-R-L-B04;08:00:00;09:30:00;900
E08-R-L-B05;09:30:00;12:30:00;900
E08-R-L-B06;12:30:00;14:00:00;900
E08-R-L-B07;14:00:00;16:30:00;900
E08-R-L-B08;16:30:00;18:30:00;800
E08-R-L-B09;18:30:00;20:30:00;654
E08-R-L-B10;20:30:00;22:00:00;675
E08-R-L-B11;22:00:00;24:00:00;900
E09-I-L-B02;05:30:00;06:30:00;600
E09-I-L-B03;06:30:00;08:00:00;360
E09-I-L-B04;08:00:00;09:30:00;600
E09-I-L-B05;09:30:00;12:30:00;771
E09-I-L-B06;12:30:00;14:00:00;600
E09-I-L-B07;14:00:00;16:30:00;642
E09-I-L-B08;16:30:00;18:30:00;720
E09-I-L-B09;18:30:00;20:30:00;480
E09-I-L-B10;20:30:00;22:00:00;675
E09-I-L-B11;22:00:00;24:00:00;1028
E09-R-L-B02;05:30:00;06:30:00;720
E09-R-L-B03;06:30:00;08:00:00;450
E09-R-L-B04;08:00:00;09:30:00;600
E09-R-L-B05;09:30:00;12:30:00;771
E09-R-L-B06;12:30:00;14:00:00;600
E09-R-L-B07;14:00:00;16:30:00;642
E09-R-L-B08;16:30:00;18:30:00;600
E09-R-L-B09;18:30:00;20:30:00;480
E09-R-L-B10;20:30:00;22:00:00;675
E09-R-L-B11;22:00:00;24:00:00;900
E10-I-L-B01;01:00:00;05:30:00;8100
E10-I-L-B02;05:30:00;06:30:00;900
E10-I-L-B03;06:30:00;08:00:00;600
E10-I-L-B04;08:00:00;09:30:00;771
E10-I-L-B05;09:30:00;12:30:00;720
E10-I-L-B06;12:30:00;14:00:00;771
E10-I-L-B07;14:00:00;16:30:00;900
E10-I-L-B08;16:30:00;18:30:00;800
E10-I-L-B09;18:30:00;20:30:00;900
E10-I-L-B10;20:30:00;22:00:00;900
E10-I-L-B11;22:00:00;24:00:00;2400
E10-R-L-B02;05:30:00;06:30:00;720
E10-R-L-B03;06:30:00;08:00:00;540
E10-R-L-B04;08:00:00;09:30:00;771
E10-R-L-B05;09:30:00;12:30:00;720
E10-R-L-B06;12:30:00;14:00:00;675
E10-R-L-B07;14:00:00;16:30:00;900
E10-R-L-B08;16:30:00;18:30:00;720
E10-R-L-B09;18:30:00;20:30:00;900
E10-R-L-B10;20:30:00;22:00:00;900
E10-R-L-B11;22:00:00;24:00:00;2400
E11-I-L-B01;01:00:00;05:30:00;5400
E11-I-L-B02;05:30:00;06:30:00;514
E11-I-L-B03;06:30:00;08:00:00;317
E11-I-L-B04;08:00:00;09:30:00;450
E11-I-L-B05;09:30:00;12:30:00;635
E11-I-L-B06;12:30:00;14:00:00;675
E11-I-L-B07;14:00:00;16:30:00;562
E11-I-L-B08;16:30:00;18:30:00;400
E11-I-L-B09;18:30:00;20:30:00;450
E11-I-L-B10;20:30:00;22:00:00;675
E11-I-L-B11;22:00:00;24:00:00;900
E11-R-L-B01;01:00:00;05:30:00;16200
E11-R-L-B02;05:30:00;06:30:00;720
E11-R-L-B03;06:30:00;08:00:00;317
E11-R-L-B04;08:00:00;09:30:00;450
E11-R-L-B05;09:30:00;12:30:00;635
E11-R-L-B06;12:30:00;14:00:00;675
E11-R-L-B07;14:00:00;16:30:00;529
E11-R-L-B08;16:30:00;18:30:00;423
E11-R-L-B09;18:30:00;20:30:00;480
E11-R-L-B10;20:30:00;22:00:00;675
E11-R-L-B11;22:00:00;24:00:00;800
E12-I-L-B01;01:00:00;05:30:00;8100
E12-I-L-B02;05:30:00;06:30:00;514
E12-I-L-B03;06:30:00;08:00:00;415
E12-I-L-B04;08:00:00;09:30:00;540
E12-I-L-B05;09:30:00;12:30:00;900
E12-I-L-B06;12:30:00;14:00:00;900
E12-I-L-B07;14:00:00;16:30:00;600
E12-I-L-B08;16:30:00;18:30:00;514
E12-I-L-B09;18:30:00;20:30:00;654
E12-I-L-B10;20:30:00;22:00:00;600
E12-I-L-B11;22:00:00;24:00:00;1200
E13-I-L-B02;05:30:00;06:30:00;600
E13-I-L-B03;06:30:00;08:00:00;600
E13-I-L-B04;08:00:00;09:30:00;675
E13-I-L-B05;09:30:00;12:30:00;720
E13-I-L-B06;12:30:00;14:00:00;771
E13-I-L-B07;14:00:00;16:30:00;750
E13-I-L-B08;16:30:00;18:30:00;654
E13-I-L-B09;18:30:00;20:30:00;654
E13-I-L-B10;20:30:00;22:00:00;771
E13-I-L-B11;22:00:00;24:00:00;1440
E13-R-L-B02;05:30:00;06:30:00;900
E13-R-L-B03;06:30:00;08:00:00;675
E13-R-L-B04;08:00:00;09:30:00;771
E13-R-L-B05;09:30:00;12:30:00;720
E13-R-L-B06;12:30:00;14:00:00;675
E13-R-L-B07;14:00:00;16:30:00;600
E13-R-L-B08;16:30:00;18:30:00;600
E13-R-L-B09;18:30:00;20:30:00;514
E13-R-L-B10;20:30:00;22:00:00;540
E13-R-L-B11;22:00:00;24:00:00;800
E14-I-L-B02;05:30:00;06:30:00;720
E14-I-L-B03;06:30:00;08:00:00;600
E14-I-L-B04;08:00:00;09:30:00;771
E14-I-L-B05;09:30:00;12:30:00;900
E14-I-L-B06;12:30:00;14:00:00;900
E14-I-L-B07;14:00:00;16:30:00;818
E14-I-L-B08;16:30:00;18:30:00;800
E14-I-L-B09;18:30:00;20:30:00;800
E14-I-L-B10;20:30:00;22:00:00;900
E14-I-L-B11;22:00:00;24:00:00;2400
E14-R-L-B02;05:30:00;06:30:00;1200
E14-R-L-B03;06:30:00;08:00:00;675
E14-R-L-B04;08:00:00;09:30:00;771
E14-R-L-B05;09:30:00;12:30:00;900
E14-R-L-B06;12:30:00;14:00:00;900
E14-R-L-B07;14:00:00;16:30:00;818
E14-R-L-B08;16:30:00;18:30:00;720
E14-R-L-B09;18:30:00;20:30:00;600
E14-R-L-B10;20:30:00;22:00:00;771
E14-R-L-B11;22:00:00;24:00:00;1800
E15c-I-L-B02;05:30:00;06:30:00;450
E15c-I-L-B03;06:30:00;08:00:00;450
E15c-I-L-B04;08:00:00;09:30:00;490
E15c-I-L-B05;09:30:00;12:30:00;600
E15c-I-L-B06;12:30:00;14:00:00;540
E15c-I-L-B07;14:00:00;16:30:00;642
E15c-I-L-B08;16:30:00;18:30:00;720
E15c-I-L-B09;18:30:00;20:30:00;720
E15c-I-L-B10;20:30:00;22:00:00;1080
E15c-I-L-B11;22:00:00;24:00:00;3600
E15c-R-L-B02;05:30:00;06:30:00;900
E15c-R-L-B03;06:30:00;08:00:00;490
E15c-R-L-B04;08:00:00;09:30:00;675
E15c-R-L-B05;09:30:00;12:30:00;720
E15c-R-L-B06;12:30:00;14:00:00;600
E15c-R-L-B07;14:00:00;16:30:00;600
E15c-R-L-B08;16:30:00;18:30:00;600
E15c-R-L-B09;18:30:00;20:30:00;553
E15c-R-L-B10;20:30:00;22:00:00;900
E15c-R-L-B11;22:00:00;24:00:00;2400
E16-I-L-B02;05:30:00;06:30:00;600
E16-I-L-B03;06:30:00;08:00:00;600
E16-I-L-B04;08:00:00;09:30:00;771
E16-I-L-B05;09:30:00;12:30:00;720
E16-I-L-B06;12:30:00;14:00:00;675
E16-I-L-B07;14:00:00;16:30:00;750
E16-I-L-B08;16:30:00;18:30:00;600
E16-I-L-B09;18:30:00;20:30:00;800
E16-I-L-B10;20:30:00;22:00:00;900
E16-I-L-B11;22:00:00;24:00:00;2400
E16-R-L-B02;05:30:00;06:30:00;720
E16-R-L-B03;06:30:00;08:00:00;540
E16-R-L-B04;08:00:00;09:30:00;771
E16-R-L-B05;09:30:00;12:30:00;720
E16-R-L-B06;12:30:00;14:00:00;675
E16-R-L-B07;14:00:00;16:30:00;692
E16-R-L-B08;16:30:00;18:30:00;600
E16-R-L-B09;18:30:00;20:30:00;720
E16-R-L-B10;20:30:00;22:00:00;900
E16-R-L-B11;22:00:00;24:00:00;1028
E17-I-L-B02;05:30:00;06:30:00;1200
E17-I-L-B03;06:30:00;08:00:00;675
E17-I-L-B04;08:00:00;09:30:00;900
E17-I-L-B05;09:30:00;12:30:00;900
E17-I-L-B06;12:30:00;14:00:00;900
E17-I-L-B07;14:00:00;16:30:00;900
E17-I-L-B08;16:30:00;18:30:00;800
E17-I-L-B09;18:30:00;20:30:00;720
E17-I-L-B10;20:30:00;22:00:00;900
E17-I-L-B11;22:00:00;24:00:00;900
E17-R-L-B02;05:30:00;06:30:00;720
E17-R-L-B03;06:30:00;08:00:00;540
E17-R-L-B04;08:00:00;09:30:00;900
E17-R-L-B05;09:30:00;12:30:00;900
E17-R-L-B06;12:30:00;14:00:00;900
E17-R-L-B07;14:00:00;16:30:00;900
E17-R-L-B08;16:30:00;18:30:00;800
E17-R-L-B09;18:30:00;20:30:00;720
E17-R-L-B10;20:30:00;22:00:00;900
E17-R-L-B11;22:00:00;24:00:00;1800
E18-I-L-B01;01:00:00;05:30:00;8100
E18-I-L-B02;05:30:00;06:30:00;720
E18-I-L-B03;06:30:00;08:00:00;600
E18-I-L-B04;08:00:00;09:30:00;771
E18-I-L-B05;09:30:00;12:30:00;900
E18-I-L-B06;12:30:00;14:00:00;771
E18-I-L-B07;14:00:00;16:30:00;818
E18-I-L-B08;16:30:00;18:30:00;720
E18-I-L-B09;18:30:00;20:30:00;654
E18-I-L-B10;20:30:00;22:00:00;771
E18-I-L-B11;22:00:00;24:00:00;2400
E18-R-L-B01;01:00:00;05:30:00;16200
E18-R-L-B02;05:30:00;06:30:00;900
E18-R-L-B03;06:30:00;08:00:00;600
E18-R-L-B04;08:00:00;09:30:00;771
E18-R-L-B05;09:30:00;12:30:00;900
E18-R-L-B06;12:30:00;14:00:00;771
E18-R-L-B07;14:00:00;16:30:00;900
E18-R-L-B08;16:30:00;18:30:00;720
E18-R-L-B09;18:30:00;20:30:00;654
E18-R-L-B10;20:30:00;22:00:00;771
E18-R-L-B11;22:00:00;24:00:00;1200
E20-I-L-B02;05:30:00;06:30:00;720
E20-I-L-B03;06:30:00;08:00:00;675
E20-I-L-B04;08:00:00;09:30:00;771
E20-I-L-B05;09:30:00;12:30:00;771
E20-I-L-B06;12:30:00;14:00:00;900
E20-I-L-B07;14:00:00;16:30:00;818
E20-I-L-B08;16:30:00;18:30:00;720
E20-I-L-B09;18:30:00;20:30:00;720
E20-I-L-B10;20:30:00;22:00:00;900
E20-I-L-B11;22:00:00;24:00:00;1028
F01-I-L-B01;01:00:00;05:30:00;16200
F01-I-L-B02;05:30:00;06:30:00;900
F01-I-L-B03;06:30:00;08:00:00;600
F01-I-L-B04;08:00:00;09:30:00;771
F01-I-L-B05;09:30:00;12:30:00;720
F01-I-L-B06;12:30:00;14:00:00;675
F01-I-L-B07;14:00:00;16:30:00;750
F01-I-L-B08;16:30:00;18:30:00;800
F01-I-L-B09;18:30:00;20:30:00;720
F01-I-L-B10;20:30:00;22:00:00;771
F01-I-L-B11;22:00:00;24:00:00;1200
F01-R-L-B01;01:00:00;05:30:00;3240
F01-R-L-B02;05:30:00;06:30:00;1200
F01-R-L-B03;06:30:00;08:00:00;675
F01-R-L-B04;08:00:00;09:30:00;771
F01-R-L-B05;09:30:00;12:30:00;720
F01-R-L-B06;12:30:00;14:00:00;771
F01-R-L-B07;14:00:00;16:30:00;750
F01-R-L-B08;16:30:00;18:30:00;654
F01-R-L-B09;18:30:00;20:30:00;720
F01-R-L-B10;20:30:00;22:00:00;771
F01-R-L-B11;22:00:00;24:00:00;1200
F01c-R-L-B01;01:00:00;05:30:00;8100
F01c-R-L-B02;05:30:00;06:30:00;600
F01c-R-L-B03;06:30:00;08:00:00;450
F01c-R-L-B04;08:00:00;09:30:00;771
F01c-R-L-B08;16:30:00;18:30:00;1028
F01c-R-L-B09;18:30:00;20:30:00;553
F01c-R-L-B10;20:30:00;22:00:00;900
F01c-R-L-B11;22:00:00;24:00:00;1800
F02-I-L-B02;05:30:00;06:30:00;720
F02-I-L-B03;06:30:00;08:00:00;675
F02-I-L-B04;08:00:00;09:30:00;771
F02-I-L-B05;09:30:00;12:30:00;720
F02-I-L-B06;12:30:00;14:00:00;900
F02-I-L-B07;14:00:00;16:30:00;750
F02-I-L-B08;16:30:00;18:30:00;720
F02-I-L-B09;18:30:00;20:30:00;720
F02-I-L-B10;20:30:00;22:00:00;900
F02-I-L-B11;22:00:00;24:00:00;1800
F03-I-L-B01;01:00:00;05:30:00;2314
F03-I-L-B02;05:30:00;06:30:00;720
F03-I-L-B03;06:30:00;08:00:00;675
F03-I-L-B04;08:00:00;09:30:00;771
F03-I-L-B05;09:30:00;12:30:00;720
F03-I-L-B06;12:30:00;14:00:00;675
F03-I-L-B07;14:00:00;16:30:00;750
F03-I-L-B08;16:30:00;18:30:00;720
F03-I-L-B09;18:30:00;20:30:00;654
F03-I-L-B10;20:30:00;22:00:00;675
F03-I-L-B11;22:00:00;24:00:00;1028
F03-R-L-B01;01:00:00;05:30:00;8100
F03-R-L-B02;05:30:00;06:30:00;720
F03-R-L-B03;06:30:00;08:00:00;600
F03-R-L-B04;08:00:00;09:30:00;771
F03-R-L-B05;09:30:00;12:30:00;720
F03-R-L-B06;12:30:00;14:00:00;675
F03-R-L-B07;14:00:00;16:30:00;750
F03-R-L-B08;16:30:00;18:30:00;600
F03-R-L-B09;18:30:00;20:30:00;720
F03-R-L-B10;20:30:00;22:00:00;771
F03-R-L-B11;22:00:00;24:00:00;900
F03c-I-L-B01;01:00:00;05:30:00;16200
F03c-I-L-B02;05:30:00;06:30:00;720
F03c-I-L-B03;06:30:00;08:00:00;675
F03c-I-L-B04;08:00:00;09:30:00;1080
F03c-I-L-B05;09:30:00;12:30:00;1200
F03c-I-L-B06;12:30:00;14:00:00;1080
F03c-I-L-B07;14:00:00;16:30:00;1285
F03c-I-L-B08;16:30:00;18:30:00;900
F03c-I-L-B09;18:30:00;20:30:00;654
F03c-I-L-B10;20:30:00;22:00:00;1080
F03c-I-L-B11;22:00:00;24:00:00;1800
F05-I-L-B00;00:00:00;01:00:00;1800
F05-I-L-B02;05:30:00;06:30:00;600
F05-I-L-B03;06:30:00;08:00:00;490
F05-I-L-B04;08:00:00;09:30:00;540
F05-I-L-B05;09:30:00;12:30:00;514
F05-I-L-B06;12:30:00;14:00:00;540
F05-I-L-B07;14:00:00;16:30:00;500
F05-I-L-B08;16:30:00;18:30:00;553
F05-I-L-B09;18:30:00;20:30:00;514
F05-I-L-B10;20:30:00;22:00:00;540
F05-I-L-B11;22:00:00;24:00:00;800
F05-R-L-B01;01:00:00;05:30:00;5400
F05-R-L-B02;05:30:00;06:30:00;450
F05-R-L-B03;06:30:00;08:00:00;450
F05-R-L-B04;08:00:00;09:30:00;450
F05-R-L-B05;09:30:00;12:30:00;514
F05-R-L-B06;12:30:00;14:00:00;540
F05-R-L-B07;14:00:00;16:30:00;500
F05-R-L-B08;16:30:00;18:30:00;553
F05-R-L-B09;18:30:00;20:30:00;600
F05-R-L-B10;20:30:00;22:00:00;675
F05-R-L-B11;22:00:00;24:00:00;1028
F06-I-L-B00;00:00:00;01:00:00;1800
F06-I-L-B01;01:00:00;05:30:00;8100
F06-I-L-B02;05:30:00;06:30:00;720
F06-I-L-B03;06:30:00;08:00:00;600
F06-I-L-B04;08:00:00;09:30:00;540
F06-I-L-B05;09:30:00;12:30:00;600
F06-I-L-B06;12:30:00;14:00:00;600
F06-I-L-B07;14:00:00;16:30:00;529
F06-I-L-B08;16:30:00;18:30:00;480
F06-I-L-B09;18:30:00;20:30:00;514
F06-I-L-B10;20:30:00;22:00:00;490
F06-I-L-B11;22:00:00;24:00:00;800
F06-R-L-B01;01:00:00;05:30:00;2025
F06-R-L-B02;05:30:00;06:30:00;400
F06-R-L-B03;06:30:00;08:00:00;415
F06-R-L-B04;08:00:00;09:30:00;600
F06-R-L-B05;09:30:00;12:30:00;568
F06-R-L-B06;12:30:00;14:00:00;540
F06-R-L-B07;14:00:00;16:30:00;529
F06-R-L-B08;16:30:00;18:30:00;600
F06-R-L-B09;18:30:00;20:30:00;600
F06-R-L-B10;20:30:00;22:00:00;600
F06-R-L-B11;22:00:00;24:00:00;1028
F07-R-L-B01;01:00:00;05:30:00;16200
F07-R-L-B02;05:30:00;06:30:00;720
F07-R-L-B03;06:30:00;08:00:00;675
F07-R-L-B04;08:00:00;09:30:00;771
F07-R-L-B05;09:30:00;12:30:00;720
F07-R-L-B06;12:30:00;14:00:00;771
F07-R-L-B07;14:00:00;16:30:00;750
F07-R-L-B08;16:30:00;18:30:00;720
F07-R-L-B09;18:30:00;20:30:00;720
F07-R-L-B10;20:30:00;22:00:00;675
F07-R-L-B11;22:00:00;24:00:00;1800
F08-I-L-B00;00:00:00;01:00:00;3600
F08-I-L-B01;01:00:00;05:30:00;8100
F08-I-L-B02;05:30:00;06:30:00;600
F08-I-L-B03;06:30:00;08:00:00;675
F08-I-L-B04;08:00:00;09:30:00;771
F08-I-L-B05;09:30:00;12:30:00;720
F08-I-L-B06;12:30:00;14:00:00;675
F08-I-L-B07;14:00:00;16:30:00;818
F08-I-L-B08;16:30:00;18:30:00;720
F08-I-L-B09;18:30:00;20:30:00;720
F08-I-L-B10;20:30:00;22:00:00;675
F08-I-L-B11;22:00:00;24:00:00;1028
F09-I-L-B01;01:00:00;05:30:00;16200
F09-I-L-B02;05:30:00;06:30:00;450
F09-I-L-B03;06:30:00;08:00:00;415
F09-I-L-B04;08:00:00;09:30:00;600
F09-I-L-B05;09:30:00;12:30:00;720
F09-I-L-B06;12:30:00;14:00:00;675
F09-I-L-B07;14:00:00;16:30:00;750
F09-I-L-B08;16:30:00;18:30:00;900
F09-I-L-B09;18:30:00;20:30:00;800
F09-I-L-B10;20:30:00;22:00:00;771
F09-I-L-B11;22:00:00;24:00:00;1440
F09-R-L-B00;00:00:00;01:00:00;3600
F09-R-L-B02;05:30:00;06:30:00;1200
F09-R-L-B03;06:30:00;08:00:00;600
F09-R-L-B04;08:00:00;09:30:00;600
F09-R-L-B05;09:30:00;12:30:00;720
F09-R-L-B06;12:30:00;14:00:00;675
F09-R-L-B07;14:00:00;16:30:00;750
F09-R-L-B08;16:30:00;18:30:00;720
F09-R-L-B09;18:30:00;20:30:00;480
F09-R-L-B10;20:30:00;22:00:00;600
F09-R-L-B11;22:00:00;24:00:00;1028
F10-I-L-B01;01:00:00;05:30:00;5400
F10-I-L-B02;05:30:00;06:30:00;514
F10-I-L-B03;06:30:00;08:00:00;450
F10-I-L-B04;08:00:00;09:30:00;540
F10-I-L-B05;09:30:00;12:30:00;540
F10-I-L-B06;12:30:00;14:00:00;600
F10-I-L-B07;14:00:00;16:30:00;500
F10-I-L-B08;16:30:00;18:30:00;480
F10-I-L-B09;18:30:00;20:30:00;480
F10-I-L-B10;20:30:00;22:00:00;675
F10-I-L-B11;22:00:00;24:00:00;800
F10-R-L-B00;00:00:00;01:00:00;1800
F10-R-L-B01;01:00:00;05:30:00;2700
F10-R-L-B02;05:30:00;06:30:00;514
F10-R-L-B03;06:30:00;08:00:00;415
F10-R-L-B04;08:00:00;09:30:00;540
F10-R-L-B05;09:30:00;12:30:00;568
F10-R-L-B06;12:30:00;14:00:00;540
F10-R-L-B07;14:00:00;16:30:00;529
F10-R-L-B08;16:30:00;18:30:00;480
F10-R-L-B09;18:30:00;20:30:00;450
F10-R-L-B10;20:30:00;22:00:00;600
F10-R-L-B11;22:00:00;24:00:00;900
F10c-I-L-B01;01:00:00;05:30:00;8100
F10c-I-L-B02;05:30:00;06:30:00;450
F10c-I-L-B03;06:30:00;08:00:00;450
F10c-I-L-B04;08:00:00;09:30:00;771
F10c-I-L-B05;09:30:00;12:30:00;10800
F10c-I-L-B08;16:30:00;18:30:00;1028
F10c-I-L-B09;18:30:00;20:30:00;720
F10c-I-L-B10;20:30:00;22:00:00;1349
F11-I-L-B01;01:00:00;05:30:00;8100
F11-I-L-B02;05:30:00;06:30:00;900
F11-I-L-B03;06:30:00;08:00:00;600
F11-I-L-B04;08:00:00;09:30:00;771
F11-I-L-B05;09:30:00;12:30:00;720
F11-I-L-B06;12:30:00;14:00:00;675
F11-I-L-B07;14:00:00;16:30:00;750
F11-I-L-B08;16:30:00;18:30:00;720
F11-I-L-B09;18:30:00;20:30:00;720
F11-I-L-B10;20:30:00;22:00:00;771
F11-I-L-B11;22:00:00;24:00:00;1028
F12-I-L-B01;01:00:00;05:30:00;8100
F12-I-L-B02;05:30:00;06:30:00;1200
F12-I-L-B03;06:30:00;08:00:00;900
F12-I-L-B04;08:00:00;09:30:00;1349
F12-I-L-B05;09:30:00;12:30:00;1080
F12-I-L-B06;12:30:00;14:00:00;900
F12-I-L-B07;14:00:00;16:30:00;900
F12-I-L-B08;16:30:00;18:30:00;1200
F12-I-L-B09;18:30:00;20:30:00;1200
F12-I-L-B10;20:30:00;22:00:00;1080
F12-I-L-B11;22:00:00;24:00:00;3600
F12-R-L-B02;05:30:00;06:30:00;1200
F12-R-L-B03;06:30:00;08:00:00;900
F12-R-L-B04;08:00:00;09:30:00;1349
F12-R-L-B05;09:30:00;12:30:00;1080
F12-R-L-B06;12:30:00;14:00:00;900
F12-R-L-B07;14:00:00;16:30:00;900
F12-R-L-B08;16:30:00;18:30:00;1200
F12-R-L-B09;18:30:00;20:30:00;1200
F12-R-L-B10;20:30:00;22:00:00;1080
F12-R-L-B11;22:00:00;24:00:00;1440
F12c-I-L-B02;05:30:00;06:30:00;600
F12c-I-L-B03;06:30:00;08:00:00;600
F12c-I-L-B04;08:00:00;09:30:00;771
F12c-I-L-B05;09:30:00;12:30:00;5400
F12c-I-L-B08;16:30:00;18:30:00;2400
F12c-I-L-B09;18:30:00;20:30:00;1200
F12c-I-L-B10;20:30:00;22:00:00;1080
F12c-R-L-B02;05:30:00;06:30:00;1800
F12c-R-L-B03;06:30:00;08:00:00;900
F12c-R-L-B04;08:00:00;09:30:00;900
F12c-R-L-B05;09:30:00;12:30:00;2159
F12c-R-L-B08;16:30:00;18:30:00;1200
F12c-R-L-B09;18:30:00;20:30:00;600
F12c-R-L-B10;20:30:00;22:00:00;1080
F13-I-L-B01;01:00:00;05:30:00;3240
F13-I-L-B02;05:30:00;06:30:00;450
F13-I-L-B03;06:30:00;08:00:00;540
F13-I-L-B04;08:00:00;09:30:00;675
F13-I-L-B05;09:30:00;12:30:00;514
F13-I-L-B06;12:30:00;14:00:00;540
F13-I-L-B07;14:00:00;16:30:00;500
F13-I-L-B08;16:30:00;18:30:00;553
F13-I-L-B09;18:30:00;20:30:00;514
F13-I-L-B10;20:30:00;22:00:00;675
F13-I-L-B11;22:00:00;24:00:00;720
F13-R-L-B00;00:00:00;01:00:00;3600
F13-R-L-B01;01:00:00;05:30:00;2700
F13-R-L-B02;05:30:00;06:30:00;600
F13-R-L-B03;06:30:00;08:00:00;490
F13-R-L-B04;08:00:00;09:30:00;540
F13-R-L-B05;09:30:00;12:30:00;514
F13-R-L-B06;12:30:00;14:00:00;540
F13-R-L-B07;14:00:00;16:30:00;500
F13-R-L-B08;16:30:00;18:30:00;514
F13-R-L-B09;18:30:00;20:30:00;514
F13-R-L-B10;20:30:00;22:00:00;675
F13-R-L-B11;22:00:00;24:00:00;1028
F13c-I-L-B02;05:30:00;06:30:00;720
F13c-I-L-B03;06:30:00;08:00:00;450
F13c-I-L-B04;08:00:00;09:30:00;600
F13c-I-L-B08;16:30:00;18:30:00;1200
F13c-I-L-B09;18:30:00;20:30:00;514
F13c-I-L-B10;20:30:00;22:00:00;1080
F14-I-L-B01;01:00:00;05:30:00;3240
F14-I-L-B02;05:30:00;06:30:00;600
F14-I-L-B03;06:30:00;08:00:00;415
F14-I-L-B04;08:00:00;09:30:00;600
F14-I-L-B05;09:30:00;12:30:00;600
F14-I-L-B06;12:30:00;14:00:00;600
F14-I-L-B07;14:00:00;16:30:00;600
F14-I-L-B08;16:30:00;18:30:00;514
F14-I-L-B09;18:30:00;20:30:00;600
F14-I-L-B10;20:30:00;22:00:00;600
F14-I-L-B11;22:00:00;24:00:00;1800
F14-R-L-B02;05:30:00;06:30:00;600
F14-R-L-B03;06:30:00;08:00:00;385
F14-R-L-B04;08:00:00;09:30:00;540
F14-R-L-B05;09:30:00;12:30:00;600
F14-R-L-B06;12:30:00;14:00:00;600
F14-R-L-B07;14:00:00;16:30:00;600
F14-R-L-B08;16:30:00;18:30:00;553
F14-R-L-B09;18:30:00;20:30:00;553
F14-R-L-B10;20:30:00;22:00:00;600
F14-R-L-B11;22:00:00;24:00:00;1028
F15-I-L-B01;01:00:00;05:30:00;5400
F15-I-L-B02;05:30:00;06:30:00;720
F15-I-L-B03;06:30:00;08:00:00;675
F15-I-L-B04;08:00:00;09:30:00;771
F15-I-L-B05;09:30:00;12:30:00;675
F15-I-L-B06;12:30:00;14:00:00;675
F15-I-L-B07;14:00:00;16:30:00;750
F15-I-L-B08;16:30:00;18:30:00;720
F15-I-L-B09;18:30:00;20:30:00;720
F15-I-L-B10;20:30:00;22:00:00;900
F15-I-L-B11;22:00:00;24:00:00;1800
F15-R-L-B00;00:00:00;01:00:00;3600
F15-R-L-B02;05:30:00;06:30:00;720
F15-R-L-B03;06:30:00;08:00:00;900
F15-R-L-B04;08:00:00;09:30:00;900
F15-R-L-B05;09:30:00;12:30:00;720
F15-R-L-B06;12:30:00;14:00:00;675
F15-R-L-B07;14:00:00;16:30:00;750
F15-R-L-B08;16:30:00;18:30:00;720
F15-R-L-B09;18:30:00;20:30:00;800
F15-R-L-B10;20:30:00;22:00:00;600
F15-R-L-B11;22:00:00;24:00:00;900
F16-I-L-B01;01:00:00;05:30:00;5400
F16-I-L-B02;05:30:00;06:30:00;720
F16-I-L-B03;06:30:00;08:00:00;600
F16-I-L-B04;08:00:00;09:30:00;771
F16-I-L-B05;09:30:00;12:30:00;720
F16-I-L-B06;12:30:00;14:00:00;675
F16-I-L-B07;14:00:00;16:30:00;750
F16-I-L-B08;16:30:00;18:30:00;720
F16-I-L-B09;18:30:00;20:30:00;720
F16-I-L-B10;20:30:00;22:00:00;771
F16-I-L-B11;22:00:00;24:00:00;1028
F16-R-L-B02;05:30:00;06:30:00;720
F16-R-L-B03;06:30:00;08:00:00;675
F16-R-L-B04;08:00:00;09:30:00;675
F16-R-L-B05;09:30:00;12:30:00;720
F16-R-L-B06;12:30:00;14:00:00;675
F16-R-L-B07;14:00:00;16:30:00;750
F16-R-L-B08;16:30:00;18:30:00;800
F16-R-L-B09;18:30:00;20:30:00;800
F16-R-L-B10;20:30:00;22:00:00;771
F16-R-L-B11;22:00:00;24:00:00;1028
F18-I-L-B01;01:00:00;05:30:00;3240
F18-I-L-B02;05:30:00;06:30:00;400
F18-I-L-B03;06:30:00;08:00:00;385
F18-I-L-B04;08:00:00;09:30:00;600
F18-I-L-B05;09:30:00;12:30:00;635
F18-I-L-B06;12:30:00;14:00:00;675
F18-I-L-B07;14:00:00;16:30:00;692
F18-I-L-B08;16:30:00;18:30:00;720
F18-I-L-B09;18:30:00;20:30:00;720
F18-I-L-B10;20:30:00;22:00:00;771
F18-I-L-B11;22:00:00;24:00:00;1800
F18-R-L-B00;00:00:00;01:00:00;3600
F18-R-L-B01;01:00:00;05:30:00;16200
F18-R-L-B02;05:30:00;06:30:00;600
F18-R-L-B03;06:30:00;08:00:00;675
F18-R-L-B04;08:00:00;09:30:00;600
F18-R-L-B05;09:30:00;12:30:00;635
F18-R-L-B06;12:30:00;14:00:00;675
F18-R-L-B07;14:00:00;16:30:00;692
F18-R-L-B08;16:30:00;18:30:00;553
F18-R-L-B09;18:30:00;20:30:00;553
F18-R-L-B10;20:30:00;22:00:00;900
F18-R-L-B11;22:00:00;24:00:00;1028
F20-I-L-B00;00:00:00;01:00:00;1800
F20-I-L-B01;01:00:00;05:30:00;1800
F20-I-L-B02;05:30:00;06:30:00;720
F20-I-L-B03;06:30:00;08:00:00;600
F20-I-L-B04;08:00:00;09:30:00;600
F20-I-L-B05;09:30:00;12:30:00;600
F20-I-L-B06;12:30:00;14:00:00;600
F20-I-L-B07;14:00:00;16:30:00;600
F20-I-L-B08;16:30:00;18:30:00;600
F20-I-L-B09;18:30:00;20:30:00;600
F20-I-L-B10;20:30:00;22:00:00;600
F20-I-L-B11;22:00:00;24:00:00;900
F20-R-L-B00;00:00:00;01:00:00;1200
F20-R-L-B01;01:00:00;05:30:00;1472
F20-R-L-B02;05:30:00;06:30:00;600
F20-R-L-B03;06:30:00;08:00:00;600
F20-R-L-B04;08:00:00;09:30:00;600
F20-R-L-B05;09:30:00;12:30:00;600
F20-R-L-B06;12:30:00;14:00:00;600
F20-R-L-B07;14:00:00;16:30:00;600
F20-R-L-B08;16:30:00;18:30:00;654
F20-R-L-B09;18:30:00;20:30:00;720
F20-R-L-B10;20:30:00;22:00:00;771
F20-R-L-B11;22:00:00;24:00:00;1200
F24-I-L-B01;01:00:00;05:30:00;8100
F24-I-L-B02;05:30:00;06:30:00;900
F24-I-L-B03;06:30:00;08:00:00;771
F24-I-L-B04;08:00:00;09:30:00;771
F24-I-L-B05;09:30:00;12:30:00;720
F24-I-L-B06;12:30:00;14:00:00;771
F24-I-L-B07;14:00:00;16:30:00;692
F24-I-L-B08;16:30:00;18:30:00;720
F24-I-L-B09;18:30:00;20:30:00;720
F24-I-L-B10;20:30:00;22:00:00;900
F24-I-L-B11;22:00:00;24:00:00;1800
F24-R-L-B02;05:30:00;06:30:00;900
F24-R-L-B03;06:30:00;08:00:00;675
F24-R-L-B04;08:00:00;09:30:00;771
F24-R-L-B05;09:30:00;12:30:00;720
F24-R-L-B06;12:30:00;14:00:00;771
F24-R-L-B07;14:00:00;16:30:00;692
F24-R-L-B08;16:30:00;18:30:00;720
F24-R-L-B09;18:30:00;20:30:00;720
F24-R-L-B10;20:30:00;22:00:00;771
F24-R-L-B11;22:00:00;24:00:00;1440
F25-I-L-B00;00:00:00;01:00:00;3600
F25-I-L-B01;01:00:00;05:30:00;4050
F25-I-L-B02;05:30:00;06:30:00;720
F25-I-L-B03;06:30:00;08:00:00;675
F25-I-L-B04;08:00:00;09:30:00;771
F25-I-L-B05;09:30:00;12:30:00;720
F25-I-L-B06;12:30:00;14:00:00;675
F25-I-L-B07;14:00:00;16:30:00;750
F25-I-L-B08;16:30:00;18:30:00;720
F25-I-L-B09;18:30:00;20:30:00;720
F25-I-L-B10;20:30:00;22:00:00;675
F25-I-L-B11;22:00:00;24:00:00;1440
F25-R-L-B00;00:00:00;01:00:00;1800
F25-R-L-B02;05:30:00;06:30:00;900
F25-R-L-B03;06:30:00;08:00:00;675
F25-R-L-B04;08:00:00;09:30:00;771
F25-R-L-B05;09:30:00;12:30:00;720
F25-R-L-B06;12:30:00;14:00:00;675
F25-R-L-B07;14:00:00;16:30:00;750
F25-R-L-B08;16:30:00;18:30:00;654
F25-R-L-B09;18:30:00;20:30:00;720
F25-R-L-B10;20:30:00;22:00:00;675
F25-R-L-B11;22:00:00;24:00:00;1028
F25e-I-L-B02;05:30:00;06:30:00;514
F25e-I-L-B03;06:30:00;08:00:00;540
F25e-I-L-B04;08:00:00;09:30:00;771
F25e-I-L-B08;16:30:00;18:30:00;900
F25e-I-L-B09;18:30:00;20:30:00;1028
F25e-I-L-B10;20:30:00;22:00:00;5400
F25e-R-L-B03;06:30:00;08:00:00;900
F25e-R-L-B04;08:00:00;09:30:00;900
F25e-R-L-B05;09:30:00;12:30:00;5400
F25e-R-L-B08;16:30:00;18:30:00;1200
F25e-R-L-B09;18:30:00;20:30:00;600
F25e-R-L-B10;20:30:00;22:00:00;1080
F26-I-L-B01;01:00:00;05:30:00;5400
F26-I-L-B02;05:30:00;06:30:00;514
F26-I-L-B03;06:30:00;08:00:00;540
F26-I-L-B04;08:00:00;09:30:00;771
F26-I-L-B05;09:30:00;12:30:00;720
F26-I-L-B06;12:30:00;14:00:00;771
F26-I-L-B07;14:00:00;16:30:00;750
F26-I-L-B08;16:30:00;18:30:00;654
F26-I-L-B09;18:30:00;20:30:00;600
F26-I-L-B10;20:30:00;22:00:00;771
F26-I-L-B11;22:00:00;24:00:00;1800
F27-I-L-B01;01:00:00;05:30:00;5400
F27-I-L-B02;05:30:00;06:30:00;276
F27-I-L-B03;06:30:00;08:00:00;317
F27-I-L-B04;08:00:00;09:30:00;490
F27-I-L-B05;09:30:00;12:30:00;600
F27-I-L-B06;12:30:00;14:00:00;600
F27-I-L-B07;14:00:00;16:30:00;529
F27-I-L-B08;16:30:00;18:30:00;400
F27-I-L-B09;18:30:00;20:30:00;400
F27-I-L-B10;20:30:00;22:00:00;540
F27-I-L-B11;22:00:00;24:00:00;900
F28-I-L-B02;05:30:00;06:30:00;900
F28-I-L-B03;06:30:00;08:00:00;600
F28-I-L-B04;08:00:00;09:30:00;900
F28-I-L-B05;09:30:00;12:30:00;900
F28-I-L-B06;12:30:00;14:00:00;771
F28-I-L-B07;14:00:00;16:30:00;900
F28-I-L-B08;16:30:00;18:30:00;800
F28-I-L-B09;18:30:00;20:30:00;800
F28-I-L-B10;20:30:00;22:00:00;900
F28-I-L-B11;22:00:00;24:00:00;2400
F28-R-L-B02;05:30:00;06:30:00;1200
F28-R-L-B03;06:30:00;08:00:00;675
F28-R-L-B04;08:00:00;09:30:00;900
F28-R-L-B05;09:30:00;12:30:00;900
F28-R-L-B06;12:30:00;14:00:00;771
F28-R-L-B07;14:00:00;16:30:00;900
F28-R-L-B08;16:30:00;18:30:00;800
F28-R-L-B09;18:30:00;20:30:00;720
F28-R-L-B10;20:30:00;22:00:00;771
F28-R-L-B11;22:00:00;24:00:00;1200
F29-I-L-B02;05:30:00;06:30:00;720
F29-I-L-B03;06:30:00;08:00:00;675
F29-I-L-B04;08:00:00;09:30:00;675
F29-I-L-B05;09:30:00;12:30:00;720
F29-I-L-B06;12:30:00;14:00:00;771
F29-I-L-B07;14:00:00;16:30:00;692
F29-I-L-B08;16:30:00;18:30:00;720
F29-I-L-B09;18:30:00;20:30:00;654
F29-I-L-B10;20:30:00;22:00:00;771
F29-I-L-B11;22:00:00;24:00:00;1800
F29-R-L-B01;01:00:00;05:30:00;8100
F29-R-L-B02;05:30:00;06:30:00;720
F29-R-L-B03;06:30:00;08:00:00;675
F29-R-L-B04;08:00:00;09:30:00;675
F29-R-L-B05;09:30:00;12:30:00;720
F29-R-L-B06;12:30:00;14:00:00;900
F29-R-L-B07;14:00:00;16:30:00;692
F29-R-L-B08;16:30:00;18:30:00;654
F29-R-L-B09;18:30:00;20:30:00;720
F29-R-L-B10;20:30:00;22:00:00;900
F29-R-L-B11;22:00:00;24:00:00;2400
F30N-I-L-B00;00:00:00;01:00:00;1800
F30N-I-L-B01;01:00:00;05:30:00;1800
F30N-I-L-B11;22:00:00;24:00:00;3600
F30N-R-L-B00;00:00:00;01:00:00;1800
F30N-R-L-B01;01:00:00;05:30:00;1800
F30N-R-L-B02;05:30:00;06:30:00;3600
F30N-R-L-B11;22:00:00;24:00:00;3600
F33-I-L-B01;01:00:00;05:30:00;8100
F33-I-L-B02;05:30:00;06:30:00;360
F33-I-L-B03;06:30:00;08:00:00;317
F33-I-L-B04;08:00:00;09:30:00;540
F33-I-L-B05;09:30:00;12:30:00;720
F33-I-L-B06;12:30:00;14:00:00;771
F33-I-L-B07;14:00:00;16:30:00;692
F33-I-L-B08;16:30:00;18:30:00;720
F33-I-L-B09;18:30:00;20:30:00;600
F33-I-L-B10;20:30:00;22:00:00;771
F33-I-L-B11;22:00:00;24:00:00;1200
F33-R-L-B00;00:00:00;01:00:00;3600
F33-R-L-B02;05:30:00;06:30:00;1200
F33-R-L-B03;06:30:00;08:00:00;600
F33-R-L-B04;08:00:00;09:30:00;540
F33-R-L-B05;09:30:00;12:30:00;675
F33-R-L-B06;12:30:00;14:00:00;771
F33-R-L-B07;14:00:00;16:30:00;692
F33-R-L-B08;16:30:00;18:30:00;514
F33-R-L-B09;18:30:00;20:30:00;400
F33-R-L-B10;20:30:00;22:00:00;675
F33-R-L-B11;22:00:00;24:00:00;1028
G01-I-L-B00;00:00:00;01:00:00;1800
G01-I-L-B02;05:30:00;06:30:00;600
G01-I-L-B03;06:30:00;08:00:00;540
G01-I-L-B04;08:00:00;09:30:00;600
G01-I-L-B05;09:30:00;12:30:00;600
G01-I-L-B06;12:30:00;14:00:00;600
G01-I-L-B07;14:00:00;16:30:00;600
G01-I-L-B08;16:30:00;18:30:00;600
G01-I-L-B09;18:30:00;20:30:00;600
G01-I-L-B10;20:30:00;22:00:00;675
G01-I-L-B11;22:00:00;24:00:00;900
G01-R-L-B00;00:00:00;01:00:00;1800
G01-R-L-B02;05:30:00;06:30:00;600
G01-R-L-B03;06:30:00;08:00:00;540
G01-R-L-B04;08:00:00;09:30:00;600
G01-R-L-B05;09:30:00;12:30:00;600
G01-R-L-B06;12:30:00;14:00:00;600
G01-R-L-B07;14:00:00;16:30:00;600
G01-R-L-B08;16:30:00;18:30:00;600
G01-R-L-B09;18:30:00;20:30:00;600
G01-R-L-B10;20:30:00;22:00:00;675
G01-R-L-B11;22:00:00;24:00:00;900
G01c-I-L-B02;05:30:00;06:30:00;720
G01c-I-L-B03;06:30:00;08:00:00;600
G01c-I-L-B04;08:00:00;09:30:00;2700
G01c-I-L-B08;16:30:00;18:30:00;720
G01c-I-L-B09;18:30:00;20:30:00;720
G01c-R-L-B02;05:30:00;06:30:00;720
G01c-R-L-B03;06:30:00;08:00:00;600
G01c-R-L-B04;08:00:00;09:30:00;2700
G01c-R-L-B08;16:30:00;18:30:00;720
G01c-R-L-B09;18:30:00;20:30:00;720
G02-I-L-B02;05:30:00;06:30:00;900
G02-I-L-B03;06:30:00;08:00:00;450
G02-I-L-B04;08:00:00;09:30:00;900
G02-I-L-B05;09:30:00;12:30:00;900
G02-I-L-B06;12:30:00;14:00:00;900
G02-I-L-B07;14:00:00;16:30:00;900
G02-I-L-B08;16:30:00;18:30:00;600
G02-I-L-B09;18:30:00;20:30:00;600
G02-I-L-B10;20:30:00;22:00:00;900
G02-I-L-B11;22:00:00;24:00:00;1800
G02-R-L-B02;05:30:00;06:30:00;720
G02-R-L-B03;06:30:00;08:00:00;385
G02-R-L-B04;08:00:00;09:30:00;900
G02-R-L-B05;09:30:00;12:30:00;771
G02-R-L-B06;12:30:00;14:00:00;900
G02-R-L-B07;14:00:00;16:30:00;900
G02-R-L-B08;16:30:00;18:30:00;654
G02-R-L-B09;18:30:00;20:30:00;654
G02-R-L-B10;20:30:00;22:00:00;900
G02-R-L-B11;22:00:00;24:00:00;1800
G04-I-L-B00;00:00:00;01:00:00;3600
G04-I-L-B02;05:30:00;06:30:00;720
G04-I-L-B03;06:30:00;08:00:00;337
G04-I-L-B04;08:00:00;09:30:00;385
G04-I-L-B05;09:30:00;12:30:00;490
G04-I-L-B06;12:30:00;14:00:00;415
G04-I-L-B07;14:00:00;16:30:00;409
G04-I-L-B08;16:30:00;18:30:00;342
G04-I-L-B09;18:30:00;20:30:00;300
G04-I-L-B10;20:30:00;22:00:00;490
G04-I-L-B11;22:00:00;24:00:00;654
G04-R-L-B01;01:00:00;05:30:00;5400
G04-R-L-B02;05:30:00;06:30:00;276
G04-R-L-B03;06:30:00;08:00:00;257
G04-R-L-B04;08:00:00;09:30:00;284
G04-R-L-B05;09:30:00;12:30:00;469
G04-R-L-B06;12:30:00;14:00:00;415
G04-R-L-B07;14:00:00;16:30:00;391
G04-R-L-B08;16:30:00;18:30:00;342
G04-R-L-B09;18:30:00;20:30:00;300
G04-R-L-B10;20:30:00;22:00:00;675
G04-R-L-B11;22:00:00;24:00:00;900
G05-I-L-B01;01:00:00;05:30:00;4050
G05-I-L-B02;05:30:00;06:30:00;360
G05-I-L-B03;06:30:00;08:00:00;337
G05-I-L-B04;08:00:00;09:30:00;385
G05-I-L-B05;09:30:00;12:30:00;720
G05-I-L-B06;12:30:00;14:00:00;675
G05-I-L-B07;14:00:00;16:30:00;562
G05-I-L-B08;16:30:00;18:30:00;450
G05-I-L-B09;18:30:00;20:30:00;450
G05-I-L-B10;20:30:00;22:00:00;675
G05-I-L-B11;22:00:00;24:00:00;1800
G05-R-L-B02;05:30:00;06:30:00;600
G05-R-L-B03;06:30:00;08:00:00;385
G05-R-L-B04;08:00:00;09:30:00;450
G05-R-L-B05;09:30:00;12:30:00;720
G05-R-L-B06;12:30:00;14:00:00;675
G05-R-L-B07;14:00:00;16:30:00;529
G05-R-L-B08;16:30:00;18:30:00;450
G05-R-L-B09;18:30:00;20:30:00;450
G05-R-L-B10;20:30:00;22:00:00;675
G05-R-L-B11;22:00:00;24:00:00;900
G07-I-L-B02;05:30:00;06:30:00;720
G07-I-L-B03;06:30:00;08:00:00;675
G07-I-L-B04;08:00:00;09:30:00;900
G07-I-L-B05;09:30:00;12:30:00;900
G07-I-L-B06;12:30:00;14:00:00;900
G07-I-L-B07;14:00:00;16:30:00;900
G07-I-L-B08;16:30:00;18:30:00;800
G07-I-L-B09;18:30:00;20:30:00;720
G07-I-L-B10;20:30:00;22:00:00;900
G07-I-L-B11;22:00:00;24:00:00;1028
G07-R-L-B02;05:30:00;06:30:00;720
G07-R-L-B03;06:30:00;08:00:00;675
G07-R-L-B04;08:00:00;09:30:00;900
G07-R-L-B05;09:30:00;12:30:00;900
G07-R-L-B06;12:30:00;14:00:00;900
G07-R-L-B07;14:00:00;16:30:00;900
G07-R-L-B08;16:30:00;18:30:00;800
G07-R-L-B09;18:30:00;20:30:00;720
G07-R-L-B10;20:30:00;22:00:00;900
G07-R-L-B11;22:00:00;24:00:00;1800
G08-I-L-B00;00:00:00;01:00:00;1800
G08-I-L-B01;01:00:00;05:30:00;1800
G08-I-L-B02;05:30:00;06:30:00;450
G08-I-L-B03;06:30:00;08:00:00;450
G08-I-L-B04;08:00:00;09:30:00;490
G08-I-L-B05;09:30:00;12:30:00;720
G08-I-L-B06;12:30:00;14:00:00;600
G08-I-L-B07;14:00:00;16:30:00;600
G08-I-L-B08;16:30:00;18:30:00;553
G08-I-L-B09;18:30:00;20:30:00;514
G08-I-L-B10;20:30:00;22:00:00;675
G08-I-L-B11;22:00:00;24:00:00;900
G08-R-L-B00;00:00:00;01:00:00;1800
G08-R-L-B01;01:00:00;05:30:00;1800
G08-R-L-B02;05:30:00;06:30:00;514
G08-R-L-B03;06:30:00;08:00:00;450
G08-R-L-B04;08:00:00;09:30:00;600
G08-R-L-B05;09:30:00;12:30:00;720
G08-R-L-B06;12:30:00;14:00:00;600
G08-R-L-B07;14:00:00;16:30:00;600
G08-R-L-B08;16:30:00;18:30:00;553
G08-R-L-B09;18:30:00;20:30:00;514
G08-R-L-B10;20:30:00;22:00:00;675
G08-R-L-B11;22:00:00;24:00:00;900
G08v-I-L-B02;05:30:00;06:30:00;514
G08v-I-L-B03;06:30:00;08:00:00;490
G08v-I-L-B04;08:00:00;09:30:00;600
G08v-I-L-B05;09:30:00;12:30:00;720
G08v-I-L-B06;12:30:00;14:00:00;675
G08v-I-L-B07;14:00:00;16:30:00;600
G08v-I-L-B08;16:30:00;18:30:00;720
G08v-I-L-B09;18:30:00;20:30:00;600
G08v-I-L-B10;20:30:00;22:00:00;771
G08v-I-L-B11;22:00:00;24:00:00;1028
G08v-R-L-B02;05:30:00;06:30:00;600
G08v-R-L-B03;06:30:00;08:00:00;540
G08v-R-L-B04;08:00:00;09:30:00;600
G08v-R-L-B05;09:30:00;12:30:00;720
G08v-R-L-B06;12:30:00;14:00:00;675
G08v-R-L-B07;14:00:00;16:30:00;642
G08v-R-L-B08;16:30:00;18:30:00;720
G08v-R-L-B09;18:30:00;20:30:00;600
G08v-R-L-B10;20:30:00;22:00:00;600
G08v-R-L-B11;22:00:00;24:00:00;800
G09-I-L-B01;01:00:00;05:30:00;3240
G09-I-L-B02;05:30:00;06:30:00;600
G09-I-L-B03;06:30:00;08:00:00;450
G09-I-L-B04;08:00:00;09:30:00;600
G09-I-L-B05;09:30:00;12:30:00;720
G09-I-L-B06;12:30:00;14:00:00;675
G09-I-L-B07;14:00:00;16:30:00;692
G09-I-L-B08;16:30:00;18:30:00;600
G09-I-L-B09;18:30:00;20:30:00;600
G09-I-L-B10;20:30:00;22:00:00;675
G09-I-L-B11;22:00:00;24:00:00;1800
G11-I-L-B00;00:00:00;01:00:00;1800
G11-I-L-B01;01:00:00;05:30:00;5400
G11-I-L-B02;05:30:00;06:30:00;514
G11-I-L-B03;06:30:00;08:00:00;415
G11-I-L-B04;08:00:00;09:30:00;540
G11-I-L-B05;09:30:00;12:30:00;600
G11-I-L-B06;12:30:00;14:00:00;600
G11-I-L-B07;14:00:00;16:30:00;562
G11-I-L-B08;16:30:00;18:30:00;480
G11-I-L-B09;18:30:00;20:30:00;450
G11-I-L-B10;20:30:00;22:00:00;675
G11-I-L-B11;22:00:00;24:00:00;1028
G12-I-L-B02;05:30:00;06:30:00;720
G12-I-L-B03;06:30:00;08:00:00;675
G12-I-L-B04;08:00:00;09:30:00;771
G12-I-L-B05;09:30:00;12:30:00;720
G12-I-L-B06;12:30:00;14:00:00;675
G12-I-L-B07;14:00:00;16:30:00;750
G12-I-L-B08;16:30:00;18:30:00;720
G12-I-L-B09;18:30:00;20:30:00;654
G12-I-L-B10;20:30:00;22:00:00;771
G12-I-L-B11;22:00:00;24:00:00;900
G12-R-L-B02;05:30:00;06:30:00;720
G12-R-L-B03;06:30:00;08:00:00;675
G12-R-L-B04;08:00:00;09:30:00;771
G12-R-L-B05;09:30:00;12:30:00;720
G12-R-L-B06;12:30:00;14:00:00;675
G12-R-L-B07;14:00:00;16:30:00;750
G12-R-L-B08;16:30:00;18:30:00;720
G12-R-L-B09;18:30:00;20:30:00;654
G12-R-L-B10;20:30:00;22:00:00;771
G12-R-L-B11;22:00:00;24:00:00;900
G13-I-L-B02;05:30:00;06:30:00;514
G13-I-L-B03;06:30:00;08:00:00;317
G13-I-L-B04;08:00:00;09:30:00;337
G13-I-L-B05;09:30:00;12:30:00;469
G13-I-L-B06;12:30:00;14:00:00;490
G13-I-L-B07;14:00:00;16:30:00;409
G13-I-L-B08;16:30:00;18:30:00;360
G13-I-L-B09;18:30:00;20:30:00;276
G13-I-L-B10;20:30:00;22:00:00;490
G13-I-L-B11;22:00:00;24:00:00;720
G13-R-L-B02;05:30:00;06:30:00;257
G13-R-L-B03;06:30:00;08:00:00;284
G13-R-L-B04;08:00:00;09:30:00;284
G13-R-L-B05;09:30:00;12:30:00;431
G13-R-L-B06;12:30:00;14:00:00;450
G13-R-L-B07;14:00:00;16:30:00;409
G13-R-L-B08;16:30:00;18:30:00;360
G13-R-L-B09;18:30:00;20:30:00;276
G13-R-L-B10;20:30:00;22:00:00;490
G13-R-L-B11;22:00:00;24:00:00;1200
G13c-I-L-B02;05:30:00;06:30:00;720
G13c-I-L-B03;06:30:00;08:00:00;675
G13c-I-L-B04;08:00:00;09:30:00;2700
G13c-I-L-B08;16:30:00;18:30:00;720
G13c-I-L-B09;18:30:00;20:30:00;720
G14-I-L-B02;05:30:00;06:30:00;720
G14-I-L-B03;06:30:00;08:00:00;540
G14-I-L-B04;08:00:00;09:30:00;771
G14-I-L-B05;09:30:00;12:30:00;720
G14-I-L-B06;12:30:00;14:00:00;900
G14-I-L-B07;14:00:00;16:30:00;818
G14-I-L-B08;16:30:00;18:30:00;600
G14-I-L-B09;18:30:00;20:30:00;553
G14-I-L-B10;20:30:00;22:00:00;771
G14-I-L-B11;22:00:00;24:00:00;1028
G14-R-L-B02;05:30:00;06:30:00;600
G14-R-L-B03;06:30:00;08:00:00;540
G14-R-L-B04;08:00:00;09:30:00;771
G14-R-L-B05;09:30:00;12:30:00;720
G14-R-L-B06;12:30:00;14:00:00;900
G14-R-L-B07;14:00:00;16:30:00;818
G14-R-L-B08;16:30:00;18:30:00;600
G14-R-L-B09;18:30:00;20:30:00;553
G14-R-L-B10;20:30:00;22:00:00;900
G14-R-L-B11;22:00:00;24:00:00;1800
G15-I-L-B01;01:00:00;05:30:00;8100
G15-I-L-B02;05:30:00;06:30:00;600
G15-I-L-B03;06:30:00;08:00:00;490
G15-I-L-B04;08:00:00;09:30:00;540
G15-I-L-B05;09:30:00;12:30:00;600
G15-I-L-B06;12:30:00;14:00:00;600
G15-I-L-B07;14:00:00;16:30:00;600
G15-I-L-B08;16:30:00;18:30:00;514
G15-I-L-B09;18:30:00;20:30:00;450
G15-I-L-B10;20:30:00;22:00:00;675
G15-I-L-B11;22:00:00;24:00:00;900
G15-R-L-B01;01:00:00;05:30:00;4050
G15-R-L-B02;05:30:00;06:30:00;450
G15-R-L-B03;06:30:00;08:00:00;490
G15-R-L-B04;08:00:00;09:30:00;540
G15-R-L-B05;09:30:00;12:30:00;600
G15-R-L-B06;12:30:00;14:00:00;600
G15-R-L-B07;14:00:00;16:30:00;562
G15-R-L-B08;16:30:00;18:30:00;514
G15-R-L-B09;18:30:00;20:30:00;450
G15-R-L-B10;20:30:00;22:00:00;675
G15-R-L-B11;22:00:00;24:00:00;1800
G16-I-L-B00;00:00:00;01:00:00;1800
G16-I-L-B02;05:30:00;06:30:00;900
G16-I-L-B03;06:30:00;08:00:00;600
G16-I-L-B04;08:00:00;09:30:00;600
G16-I-L-B05;09:30:00;12:30:00;720
G16-I-L-B06;12:30:00;14:00:00;675
G16-I-L-B07;14:00:00;16:30:00;562
G16-I-L-B08;16:30:00;18:30:00;423
G16-I-L-B09;18:30:00;20:30:00;400
G16-I-L-B10;20:30:00;22:00:00;600
G16-I-L-B11;22:00:00;24:00:00;800
G16-R-L-B00;00:00:00;01:00:00;3600
G16-R-L-B02;05:30:00;06:30:00;327
G16-R-L-B03;06:30:00;08:00:00;360
G16-R-L-B04;08:00:00;09:30:00;415
G16-R-L-B05;09:30:00;12:30:00;720
G16-R-L-B06;12:30:00;14:00:00;771
G16-R-L-B07;14:00:00;16:30:00;600
G16-R-L-B08;16:30:00;18:30:00;423
G16-R-L-B09;18:30:00;20:30:00;400
G16-R-L-B10;20:30:00;22:00:00;675
G16-R-L-B11;22:00:00;24:00:00;1028
G18-I-L-B02;05:30:00;06:30:00;720
G18-I-L-B03;06:30:00;08:00:00;675
G18-I-L-B04;08:00:00;09:30:00;675
G18-I-L-B05;09:30:00;12:30:00;771
G18-I-L-B06;12:30:00;14:00:00;771
G18-I-L-B07;14:00:00;16:30:00;692
G18-I-L-B08;16:30:00;18:30:00;720
G18-I-L-B09;18:30:00;20:30:00;654
G18-I-L-B10;20:30:00;22:00:00;771
G18-I-L-B11;22:00:00;24:00:00;1200
G18-R-L-B02;05:30:00;06:30:00;720
G18-R-L-B03;06:30:00;08:00:00;600
G18-R-L-B04;08:00:00;09:30:00;771
G18-R-L-B05;09:30:00;12:30:00;771
G18-R-L-B06;12:30:00;14:00:00;771
G18-R-L-B07;14:00:00;16:30:00;692
G18-R-L-B08;16:30:00;18:30:00;654
G18-R-L-B09;18:30:00;20:30:00;600
G18-R-L-B10;20:30:00;22:00:00;675
G18-R-L-B11;22:00:00;24:00:00;1028
G22-I-L-B02;05:30:00;06:30:00;300
G22-I-L-B03;06:30:00;08:00:00;270
G22-I-L-B04;08:00:00;09:30:00;450
G22-I-L-B05;09:30:00;12:30:00;490
G22-I-L-B06;12:30:00;14:00:00;415
G22-I-L-B07;14:00:00;16:30:00;391
G22-I-L-B08;16:30:00;18:30:00;327
G22-I-L-B09;18:30:00;20:30:00;288
G22-I-L-B10;20:30:00;22:00:00;450
G22-I-L-B11;22:00:00;24:00:00;800
G22-R-L-B02;05:30:00;06:30:00;360
G22-R-L-B03;06:30:00;08:00:00;270
G22-R-L-B04;08:00:00;09:30:00;450
G22-R-L-B05;09:30:00;12:30:00;490
G22-R-L-B06;12:30:00;14:00:00;415
G22-R-L-B07;14:00:00;16:30:00;391
G22-R-L-B08;16:30:00;18:30:00;327
G22-R-L-B09;18:30:00;20:30:00;288
G22-R-L-B10;20:30:00;22:00:00;450
G22-R-L-B11;22:00:00;24:00:00;654
G23-I-L-B02;05:30:00;06:30:00;900
G23-I-L-B03;06:30:00;08:00:00;385
G23-I-L-B04;08:00:00;09:30:00;600
G23-I-L-B05;09:30:00;12:30:00;771
G23-I-L-B06;12:30:00;14:00:00;771
G23-I-L-B07;14:00:00;16:30:00;692
G23-I-L-B08;16:30:00;18:30:00;600
G23-I-L-B09;18:30:00;20:30:00;600
G23-I-L-B10;20:30:00;22:00:00;900
G23-I-L-B11;22:00:00;24:00:00;1028
G23-R-L-B02;05:30:00;06:30:00;450
G23-R-L-B03;06:30:00;08:00:00;385
G23-R-L-B04;08:00:00;09:30:00;600
G23-R-L-B05;09:30:00;12:30:00;771
G23-R-L-B06;12:30:00;14:00:00;771
G23-R-L-B07;14:00:00;16:30:00;692
G23-R-L-B08;16:30:00;18:30:00;600
G23-R-L-B09;18:30:00;20:30:00;600
G23-R-L-B10;20:30:00;22:00:00;900
G23-R-L-B11;22:00:00;24:00:00;1800
G24-I-L-B01;01:00:00;05:30:00;8100
G24-I-L-B02;05:30:00;06:30:00;600
G24-I-L-B03;06:30:00;08:00:00;490
G24-I-L-B04;08:00:00;09:30:00;490
G24-I-L-B05;09:30:00;12:30:00;830
G24-I-L-B06;12:30:00;14:00:00;900
G24-I-L-B07;14:00:00;16:30:00;642
G24-I-L-B08;16:30:00;18:30:00;600
G24-I-L-B09;18:30:00;20:30:00;553
G24-I-L-B10;20:30:00;22:00:00;900
G24-I-L-B11;22:00:00;24:00:00;2400
G27-I-L-B02;05:30:00;06:30:00;720
G27-I-L-B03;06:30:00;08:00:00;675
G27-I-L-B04;08:00:00;09:30:00;900
G27-I-L-B05;09:30:00;12:30:00;900
G27-I-L-B06;12:30:00;14:00:00;900
G27-I-L-B07;14:00:00;16:30:00;900
G27-I-L-B08;16:30:00;18:30:00;800
G27-I-L-B09;18:30:00;20:30:00;720
G27-I-L-B10;20:30:00;22:00:00;900
G27-I-L-B11;22:00:00;24:00:00;2400
G28-I-L-B01;01:00:00;05:30:00;8100
G28-I-L-B02;05:30:00;06:30:00;600
G28-I-L-B03;06:30:00;08:00:00;450
G28-I-L-B04;08:00:00;09:30:00;600
G28-I-L-B05;09:30:00;12:30:00;635
G28-I-L-B06;12:30:00;14:00:00;771
G28-I-L-B07;14:00:00;16:30:00;692
G28-I-L-B08;16:30:00;18:30:00;600
G28-I-L-B09;18:30:00;20:30:00;720
G28-I-L-B10;20:30:00;22:00:00;675
G28-I-L-B11;22:00:00;24:00:00;1200
G31-I-L-B01;01:00:00;05:30:00;8100
G31-I-L-B02;05:30:00;06:30:00;900
G31-I-L-B03;06:30:00;08:00:00;540
G31-I-L-B04;08:00:00;09:30:00;900
G31-I-L-B08;16:30:00;18:30:00;800
G31-I-L-B09;18:30:00;20:30:00;800
G31-I-L-B10;20:30:00;22:00:00;1349
G31-I-L-B11;22:00:00;24:00:00;3600
G31-R-L-B02;05:30:00;06:30:00;900
G31-R-L-B03;06:30:00;08:00:00;540
G31-R-L-B04;08:00:00;09:30:00;900
G31-R-L-B08;16:30:00;18:30:00;800
G31-R-L-B09;18:30:00;20:30:00;800
G31-R-L-B10;20:30:00;22:00:00;1349
G31-R-L-B11;22:00:00;24:00:00;3600
G32-I-L-B02;05:30:00;06:30:00;720
G32-I-L-B03;06:30:00;08:00:00;540
G32-I-L-B04;08:00:00;09:30:00;600
G32-I-L-B05;09:30:00;12:30:00;600
G32-I-L-B06;12:30:00;14:00:00;600
G32-I-L-B07;14:00:00;16:30:00;600
G32-I-L-B08;16:30:00;18:30:00;600
G32-I-L-B09;18:30:00;20:30:00;600
G32-I-L-B10;20:30:00;22:00:00;771
G32-I-L-B11;22:00:00;24:00:00;1800
G34-I-L-B02;05:30:00;06:30:00;900
G34-I-L-B03;06:30:00;08:00:00;900
G34-I-L-B04;08:00:00;09:30:00;1080
G34-I-L-B05;09:30:00;12:30:00;1200
G34-I-L-B06;12:30:00;14:00:00;900
G34-I-L-B07;14:00:00;16:30:00;1125
G34-I-L-B08;16:30:00;18:30:00;900
G34-I-L-B09;18:30:00;20:30:00;900
G34-I-L-B10;20:30:00;22:00:00;1080
G34-I-L-B11;22:00:00;24:00:00;2400
G35-I-L-B02;05:30:00;06:30:00;720
G35-I-L-B03;06:30:00;08:00:00;540
G35-I-L-B04;08:00:00;09:30:00;771
G35-I-L-B05;09:30:00;12:30:00;720
G35-I-L-B06;12:30:00;14:00:00;771
G35-I-L-B07;14:00:00;16:30:00;750
G35-I-L-B08;16:30:00;18:30:00;600
G35-I-L-B09;18:30:00;20:30:00;600
G35-I-L-B10;20:30:00;22:00:00;771
G35-I-L-B11;22:00:00;24:00:00;1800
G37-I-L-B03;06:30:00;08:00:00;2700
G37-I-L-B04;08:00:00;09:30:00;5400
G37-I-L-B05;09:30:00;12:30:00;5400
G37-I-L-B07;14:00:00;16:30:00;4500
G37-I-L-B08;16:30:00;18:30:00;7200
G37-I-L-B09;18:30:00;20:30:00;3600
G37-I-L-B10;20:30:00;22:00:00;5400
G37-I-L-B11;22:00:00;24:00:00;7200
G37-R-L-B02;05:30:00;06:30:00;3600
G37-R-L-B03;06:30:00;08:00:00;2700
G37-R-L-B04;08:00:00;09:30:00;5400
G37-R-L-B05;09:30:00;12:30:00;10800
G37-R-L-B06;12:30:00;14:00:00;5400
G37-R-L-B07;14:00:00;16:30:00;9000
G37-R-L-B08;16:30:00;18:30:00;3600
G37-R-L-B09;18:30:00;20:30:00;3600
G37-R-L-B11;22:00:00;24:00:00;7200
G38-I-L-B01;01:00:00;05:30:00;8100
G38-I-L-B02;05:30:00;06:30:00;720
G38-I-L-B03;06:30:00;08:00:00;540
G38-I-L-B04;08:00:00;09:30:00;600
G38-I-L-B05;09:30:00;12:30:00;720
G38-I-L-B06;12:30:00;14:00:00;600
G38-I-L-B07;14:00:00;16:30:00;600
G38-I-L-B08;16:30:00;18:30:00;600
G38-I-L-B09;18:30:00;20:30:00;600
G38-I-L-B10;20:30:00;22:00:00;771
G38-I-L-B11;22:00:00;24:00:00;1028
G39-I-L-B02;05:30:00;06:30:00;720
G39-I-L-B03;06:30:00;08:00:00;600
G39-I-L-B04;08:00:00;09:30:00;600
G39-I-L-B05;09:30:00;12:30:00;720
G39-I-L-B06;12:30:00;14:00:00;771
G39-I-L-B07;14:00:00;16:30:00;692
G39-I-L-B08;16:30:00;18:30:00;654
G39-I-L-B09;18:30:00;20:30:00;600
G39-I-L-B10;20:30:00;22:00:00;675
G39-I-L-B11;22:00:00;24:00:00;1200
G43-I-L-B02;05:30:00;06:30:00;900
G43-I-L-B03;06:30:00;08:00:00;600
G43-I-L-B04;08:00:00;09:30:00;771
G43-I-L-B05;09:30:00;12:30:00;675
G43-I-L-B06;12:30:00;14:00:00;675
G43-I-L-B07;14:00:00;16:30:00;750
G43-I-L-B08;16:30:00;18:30:00;654
G43-I-L-B09;18:30:00;20:30:00;654
G43-I-L-B10;20:30:00;22:00:00;900
G43-I-L-B11;22:00:00;24:00:00;2400
G43-R-L-B02;05:30:00;06:30:00;900
G43-R-L-B03;06:30:00;08:00:00;600
G43-R-L-B04;08:00:00;09:30:00;771
G43-R-L-B05;09:30:00;12:30:00;675
G43-R-L-B06;12:30:00;14:00:00;675
G43-R-L-B07;14:00:00;16:30:00;750
G43-R-L-B08;16:30:00;18:30:00;654
G43-R-L-B09;18:30:00;20:30:00;654
G43-R-L-B10;20:30:00;22:00:00;900
G43-R-L-B11;22:00:00;24:00:00;2400
G46-I-L-B02;05:30:00;06:30:00;3600
G46-I-L-B03;06:30:00;08:00:00;2700
G46-I-L-B04;08:00:00;09:30:00;2700
G46-I-L-B05;09:30:00;12:30:00;3600
G46-I-L-B06;12:30:00;14:00:00;2700
G46-I-L-B07;14:00:00;16:30:00;3000
G46-I-L-B08;16:30:00;18:30:00;2400
G46-I-L-B09;18:30:00;20:30:00;2400
G46-I-L-B10;20:30:00;22:00:00;2700
G46-I-L-B11;22:00:00;24:00:00;7200
H03-I-L-B02;05:30:00;06:30:00;1200
H03-I-L-B03;06:30:00;08:00:00;675
H03-I-L-B04;08:00:00;09:30:00;771
H03-I-L-B05;09:30:00;12:30:00;900
H03-I-L-B06;12:30:00;14:00:00;771
H03-I-L-B07;14:00:00;16:30:00;900
H03-I-L-B08;16:30:00;18:30:00;654
H03-I-L-B09;18:30:00;20:30:00;720
H03-I-L-B10;20:30:00;22:00:00;771
H03-I-L-B11;22:00:00;24:00:00;1028
H03-R-L-B02;05:30:00;06:30:00;900
H03-R-L-B03;06:30:00;08:00:00;675
H03-R-L-B04;08:00:00;09:30:00;771
H03-R-L-B05;09:30:00;12:30:00;900
H03-R-L-B06;12:30:00;14:00:00;771
H03-R-L-B07;14:00:00;16:30:00;900
H03-R-L-B08;16:30:00;18:30:00;654
H03-R-L-B09;18:30:00;20:30:00;720
H03-R-L-B10;20:30:00;22:00:00;771
H03-R-L-B11;22:00:00;24:00:00;1800
H05-I-L-B02;05:30:00;06:30:00;900
H05-I-L-B03;06:30:00;08:00:00;675
H05-I-L-B04;08:00:00;09:30:00;900
H05-I-L-B05;09:30:00;12:30:00;900
H05-I-L-B06;12:30:00;14:00:00;900
H05-I-L-B07;14:00:00;16:30:00;818
H05-I-L-B08;16:30:00;18:30:00;720
H05-I-L-B09;18:30:00;20:30:00;900
H05-I-L-B10;20:30:00;22:00:00;900
H05-I-L-B11;22:00:00;24:00:00;1200
H05-R-L-B02;05:30:00;06:30:00;720
H05-R-L-B03;06:30:00;08:00:00;675
H05-R-L-B04;08:00:00;09:30:00;900
H05-R-L-B05;09:30:00;12:30:00;900
H05-R-L-B06;12:30:00;14:00:00;900
H05-R-L-B07;14:00:00;16:30:00;818
H05-R-L-B08;16:30:00;18:30:00;720
H05-R-L-B09;18:30:00;20:30:00;900
H05-R-L-B10;20:30:00;22:00:00;900
H05-R-L-B11;22:00:00;24:00:00;2400
H07-I-L-B02;05:30:00;06:30:00;600
H07-I-L-B03;06:30:00;08:00:00;600
H07-I-L-B04;08:00:00;09:30:00;771
H07-I-L-B05;09:30:00;12:30:00;981
H07-I-L-B06;12:30:00;14:00:00;900
H07-I-L-B07;14:00:00;16:30:00;818
H07-I-L-B08;16:30:00;18:30:00;800
H07-I-L-B09;18:30:00;20:30:00;720
H07-I-L-B10;20:30:00;22:00:00;900
H07-I-L-B11;22:00:00;24:00:00;1440
H07-R-L-B02;05:30:00;06:30:00;600
H07-R-L-B03;06:30:00;08:00:00;600
H07-R-L-B04;08:00:00;09:30:00;900
H07-R-L-B05;09:30:00;12:30:00;981
H07-R-L-B06;12:30:00;14:00:00;900
H07-R-L-B07;14:00:00;16:30:00;1000
H07-R-L-B08;16:30:00;18:30:00;720
H07-R-L-B09;18:30:00;20:30:00;720
H07-R-L-B10;20:30:00;22:00:00;1080
H07-R-L-B11;22:00:00;24:00:00;1200
H08-I-L-B02;05:30:00;06:30:00;514
H08-I-L-B03;06:30:00;08:00:00;540
H08-I-L-B04;08:00:00;09:30:00;771
H08-I-L-B05;09:30:00;12:30:00;900
H08-I-L-B06;12:30:00;14:00:00;771
H08-I-L-B07;14:00:00;16:30:00;692
H08-I-L-B08;16:30:00;18:30:00;720
H08-I-L-B09;18:30:00;20:30:00;900
H08-I-L-B10;20:30:00;22:00:00;1080
H08-I-L-B11;22:00:00;24:00:00;1800
H08-R-L-B02;05:30:00;06:30:00;600
H08-R-L-B03;06:30:00;08:00:00;540
H08-R-L-B04;08:00:00;09:30:00;771
H08-R-L-B05;09:30:00;12:30:00;900
H08-R-L-B06;12:30:00;14:00:00;900
H08-R-L-B07;14:00:00;16:30:00;750
H08-R-L-B08;16:30:00;18:30:00;720
H08-R-L-B09;18:30:00;20:30:00;900
H08-R-L-B10;20:30:00;22:00:00;1080
H08-R-L-B11;22:00:00;24:00:00;1028
H09-I-L-B02;05:30:00;06:30:00;720
H09-I-L-B03;06:30:00;08:00:00;771
H09-I-L-B04;08:00:00;09:30:00;900
H09-I-L-B05;09:30:00;12:30:00;900
H09-I-L-B06;12:30:00;14:00:00;900
H09-I-L-B07;14:00:00;16:30:00;900
H09-I-L-B08;16:30:00;18:30:00;720
H09-I-L-B09;18:30:00;20:30:00;900
H09-I-L-B10;20:30:00;22:00:00;900
H09-I-L-B11;22:00:00;24:00:00;1440
H09-R-L-B02;05:30:00;06:30:00;720
H09-R-L-B03;06:30:00;08:00:00;771
H09-R-L-B04;08:00:00;09:30:00;900
H09-R-L-B05;09:30:00;12:30:00;900
H09-R-L-B06;12:30:00;14:00:00;900
H09-R-L-B07;14:00:00;16:30:00;900
H09-R-L-B08;16:30:00;18:30:00;720
H09-R-L-B09;18:30:00;20:30:00;900
H09-R-L-B10;20:30:00;22:00:00;900
H09-R-L-B11;22:00:00;24:00:00;1440
H12-I-L-B02;05:30:00;06:30:00;900
H12-I-L-B03;06:30:00;08:00:00;900
H12-I-L-B04;08:00:00;09:30:00;900
H12-I-L-B05;09:30:00;12:30:00;900
H12-I-L-B06;12:30:00;14:00:00;900
H12-I-L-B07;14:00:00;16:30:00;900
H12-I-L-B08;16:30:00;18:30:00;900
H12-I-L-B09;18:30:00;20:30:00;1028
H12-I-L-B10;20:30:00;22:00:00;900
H12-I-L-B11;22:00:00;24:00:00;2400
H12-R-L-B02;05:30:00;06:30:00;900
H12-R-L-B03;06:30:00;08:00:00;900
H12-R-L-B04;08:00:00;09:30:00;900
H12-R-L-B05;09:30:00;12:30:00;900
H12-R-L-B06;12:30:00;14:00:00;900
H12-R-L-B07;14:00:00;16:30:00;900
H12-R-L-B08;16:30:00;18:30:00;900
H12-R-L-B09;18:30:00;20:30:00;1028
H12-R-L-B10;20:30:00;22:00:00;900
H12-R-L-B11;22:00:00;24:00:00;1440
H13-I-L-B01;01:00:00;05:30:00;8100
H13-I-L-B02;05:30:00;06:30:00;514
H13-I-L-B03;06:30:00;08:00:00;490
H13-I-L-B04;08:00:00;09:30:00;675
H13-I-L-B05;09:30:00;12:30:00;771
H13-I-L-B06;12:30:00;14:00:00;675
H13-I-L-B07;14:00:00;16:30:00;642
H13-I-L-B08;16:30:00;18:30:00;654
H13-I-L-B09;18:30:00;20:30:00;800
H13-I-L-B10;20:30:00;22:00:00;900
H13-I-L-B11;22:00:00;24:00:00;3600
H24-I-L-B02;05:30:00;06:30:00;720
H24-I-L-B03;06:30:00;08:00:00;600
H24-I-L-B04;08:00:00;09:30:00;771
H24-I-L-B05;09:30:00;12:30:00;900
H24-I-L-B06;12:30:00;14:00:00;771
H24-I-L-B07;14:00:00;16:30:00;900
H24-I-L-B08;16:30:00;18:30:00;720
H24-I-L-B09;18:30:00;20:30:00;900
H24-I-L-B10;20:30:00;22:00:00;900
H24-I-L-B11;22:00:00;24:00:00;1200
H24-R-L-B01;01:00:00;05:30:00;8100
H24-R-L-B02;05:30:00;06:30:00;600
H24-R-L-B03;06:30:00;08:00:00;600
H24-R-L-B04;08:00:00;09:30:00;771
H24-R-L-B05;09:30:00;12:30:00;900
H24-R-L-B06;12:30:00;14:00:00;900
H24-R-L-B07;14:00:00;16:30:00;818
H24-R-L-B08;16:30:00;18:30:00;720
H24-R-L-B09;18:30:00;20:30:00;900
H24-R-L-B10;20:30:00;22:00:00;900
H24-R-L-B11;22:00:00;24:00:00;1800
I01-I-L-B01;01:00:00;05:30:00;8100
I01-I-L-B02;05:30:00;06:30:00;600
I01-I-L-B03;06:30:00;08:00:00;600
I01-I-L-B04;08:00:00;09:30:00;600
I01-I-L-B05;09:30:00;12:30:00;635
I01-I-L-B06;12:30:00;14:00:00;771
I01-I-L-B07;14:00:00;16:30:00;818
I01-I-L-B08;16:30:00;18:30:00;600
I01-I-L-B09;18:30:00;20:30:00;720
I01-I-L-B10;20:30:00;22:00:00;900
I01-I-L-B11;22:00:00;24:00:00;1200
I01-R-L-B00;00:00:00;01:00:00;1800
I01-R-L-B02;05:30:00;06:30:00;900
I01-R-L-B03;06:30:00;08:00:00;675
I01-R-L-B04;08:00:00;09:30:00;771
I01-R-L-B05;09:30:00;12:30:00;720
I01-R-L-B06;12:30:00;14:00:00;600
I01-R-L-B07;14:00:00;16:30:00;600
I01-R-L-B08;16:30:00;18:30:00;600
I01-R-L-B09;18:30:00;20:30:00;600
I01-R-L-B10;20:30:00;22:00:00;771
I01-R-L-B11;22:00:00;24:00:00;1200
I02-I-L-B01;01:00:00;05:30:00;16200
I02-I-L-B02;05:30:00;06:30:00;720
I02-I-L-B03;06:30:00;08:00:00;675
I02-I-L-B04;08:00:00;09:30:00;771
I02-I-L-B05;09:30:00;12:30:00;771
I02-I-L-B06;12:30:00;14:00:00;771
I02-I-L-B07;14:00:00;16:30:00;900
I02-I-L-B08;16:30:00;18:30:00;600
I02-I-L-B09;18:30:00;20:30:00;720
I02-I-L-B10;20:30:00;22:00:00;771
I02-I-L-B11;22:00:00;24:00:00;2400
I02-R-L-B02;05:30:00;06:30:00;1200
I02-R-L-B03;06:30:00;08:00:00;675
I02-R-L-B04;08:00:00;09:30:00;771
I02-R-L-B05;09:30:00;12:30:00;771
I02-R-L-B06;12:30:00;14:00:00;900
I02-R-L-B07;14:00:00;16:30:00;900
I02-R-L-B08;16:30:00;18:30:00;600
I02-R-L-B09;18:30:00;20:30:00;654
I02-R-L-B10;20:30:00;22:00:00;900
I02-R-L-B11;22:00:00;24:00:00;1440
I03-I-L-B01;01:00:00;05:30:00;8100
I03-I-L-B02;05:30:00;06:30:00;514
I03-I-L-B03;06:30:00;08:00:00;415
I03-I-L-B04;08:00:00;09:30:00;540
I03-I-L-B05;09:30:00;12:30:00;514
I03-I-L-B06;12:30:00;14:00:00;540
I03-I-L-B07;14:00:00;16:30:00;600
I03-I-L-B08;16:30:00;18:30:00;514
I03-I-L-B09;18:30:00;20:30:00;654
I03-I-L-B10;20:30:00;22:00:00;771
I03-I-L-B11;22:00:00;24:00:00;1800
I03-R-L-B02;05:30:00;06:30:00;1200
I03-R-L-B03;06:30:00;08:00:00;600
I03-R-L-B04;08:00:00;09:30:00;600
I03-R-L-B05;09:30:00;12:30:00;514
I03-R-L-B06;12:30:00;14:00:00;540
I03-R-L-B07;14:00:00;16:30:00;529
I03-R-L-B08;16:30:00;18:30:00;400
I03-R-L-B09;18:30:00;20:30:00;400
I03-R-L-B10;20:30:00;22:00:00;675
I03-R-L-B11;22:00:00;24:00:00;1028
I03c-I-L-B03;06:30:00;08:00:00;450
I03c-I-L-B04;08:00:00;09:30:00;2700
I03c-R-L-B08;16:30:00;18:30:00;1800
I03c-R-L-B09;18:30:00;20:30:00;800
I04-I-L-B01;01:00:00;05:30:00;8100
I04-I-L-B02;05:30:00;06:30:00;600
I04-I-L-B03;06:30:00;08:00:00;540
I04-I-L-B04;08:00:00;09:30:00;600
I04-I-L-B05;09:30:00;12:30:00;635
I04-I-L-B06;12:30:00;14:00:00;600
I04-I-L-B07;14:00:00;16:30:00;750
I04-I-L-B08;16:30:00;18:30:00;553
I04-I-L-B09;18:30:00;20:30:00;654
I04-I-L-B10;20:30:00;22:00:00;771
I04-I-L-B11;22:00:00;24:00:00;1200
I04-R-L-B00;00:00:00;01:00:00;1800
I04-R-L-B02;05:30:00;06:30:00;1200
I04-R-L-B03;06:30:00;08:00:00;600
I04-R-L-B04;08:00:00;09:30:00;771
I04-R-L-B05;09:30:00;12:30:00;635
I04-R-L-B06;12:30:00;14:00:00;600
I04-R-L-B07;14:00:00;16:30:00;600
I04-R-L-B08;16:30:00;18:30:00;450
I04-R-L-B09;18:30:00;20:30:00;480
I04-R-L-B10;20:30:00;22:00:00;675
I04-R-L-B11;22:00:00;24:00:00;1028
I04c-I-L-B03;06:30:00;08:00:00;450
I04c-I-L-B04;08:00:00;09:30:00;1800
I04c-I-L-B08;16:30:00;18:30:00;1440
I04c-I-L-B09;18:30:00;20:30:00;720
I04c-R-L-B03;06:30:00;08:00:00;675
I04c-R-L-B04;08:00:00;09:30:00;2700
I04c-R-L-B08;16:30:00;18:30:00;1440
I04c-R-L-B09;18:30:00;20:30:00;720
I04e-I-L-B03;06:30:00;08:00:00;600
I04e-I-L-B04;08:00:00;09:30:00;1800
I05-I-L-B01;01:00:00;05:30:00;8100
I05-I-L-B02;05:30:00;06:30:00;720
I05-I-L-B03;06:30:00;08:00:00;675
I05-I-L-B04;08:00:00;09:30:00;900
I05-I-L-B05;09:30:00;12:30:00;900
I05-I-L-B06;12:30:00;14:00:00;900
I05-I-L-B07;14:00:00;16:30:00;900
I05-I-L-B08;16:30:00;18:30:00;900
I05-I-L-B09;18:30:00;20:30:00;900
I05-I-L-B10;20:30:00;22:00:00;900
I05-I-L-B11;22:00:00;24:00:00;1800
I05-R-L-B02;05:30:00;06:30:00;900
I05-R-L-B03;06:30:00;08:00:00;675
I05-R-L-B04;08:00:00;09:30:00;900
I05-R-L-B05;09:30:00;12:30:00;900
I05-R-L-B06;12:30:00;14:00:00;900
I05-R-L-B07;14:00:00;16:30:00;900
I05-R-L-B08;16:30:00;18:30:00;720
I05-R-L-B09;18:30:00;20:30:00;720
I05-R-L-B10;20:30:00;22:00:00;900
I05-R-L-B11;22:00:00;24:00:00;1200
I07-I-L-B02;05:30:00;06:30:00;900
I07-I-L-B03;06:30:00;08:00:00;675
I07-I-L-B04;08:00:00;09:30:00;771
I07-I-L-B05;09:30:00;12:30:00;771
I07-I-L-B06;12:30:00;14:00:00;771
I07-I-L-B07;14:00:00;16:30:00;750
I07-I-L-B08;16:30:00;18:30:00;800
I07-I-L-B09;18:30:00;20:30:00;800
I07-I-L-B10;20:30:00;22:00:00;900
I07-I-L-B11;22:00:00;24:00:00;1800
I07-R-L-B02;05:30:00;06:30:00;1200
I07-R-L-B03;06:30:00;08:00:00;675
I07-R-L-B04;08:00:00;09:30:00;771
I07-R-L-B05;09:30:00;12:30:00;771
I07-R-L-B06;12:30:00;14:00:00;675
I07-R-L-B07;14:00:00;16:30:00;692
I07-R-L-B08;16:30:00;18:30:00;720
I07-R-L-B09;18:30:00;20:30:00;720
I07-R-L-B10;20:30:00;22:00:00;900
I07-R-L-B11;22:00:00;24:00:00;1800
I08-I-L-B02;05:30:00;06:30:00;300
I08-I-L-B03;06:30:00;08:00:00;225
I08-I-L-B04;08:00:00;09:30:00;257
I08-I-L-B05;09:30:00;12:30:00;327
I08-I-L-B06;12:30:00;14:00:00;360
I08-I-L-B07;14:00:00;16:30:00;346
I08-I-L-B08;16:30:00;18:30:00;300
I08-I-L-B09;18:30:00;20:30:00;327
I08-I-L-B10;20:30:00;22:00:00;771
I08-I-L-B11;22:00:00;24:00:00;1200
I08-R-L-B02;05:30:00;06:30:00;720
I08-R-L-B03;06:30:00;08:00:00;284
I08-R-L-B04;08:00:00;09:30:00;337
I08-R-L-B05;09:30:00;12:30:00;348
I08-R-L-B06;12:30:00;14:00:00;317
I08-R-L-B07;14:00:00;16:30:00;333
I08-R-L-B08;16:30:00;18:30:00;225
I08-R-L-B09;18:30:00;20:30:00;200
I08-R-L-B10;20:30:00;22:00:00;385
I08-R-L-B11;22:00:00;24:00:00;553
I08N-I-L-B00;00:00:00;01:00:00;1800
I08N-I-L-B01;01:00:00;05:30:00;1620
I08N-R-L-B00;00:00:00;01:00:00;1800
I08N-R-L-B01;01:00:00;05:30:00;1800
I08c-I-L-B03;06:30:00;08:00:00;450
I08c-I-L-B04;08:00:00;09:30:00;1800
I09-I-L-B01;01:00:00;05:30:00;2314
I09-I-L-B02;05:30:00;06:30:00;211
I09-I-L-B03;06:30:00;08:00:00;225
I09-I-L-B04;08:00:00;09:30:00;225
I09-I-L-B05;09:30:00;12:30:00;270
I09-I-L-B06;12:30:00;14:00:00;284
I09-I-L-B07;14:00:00;16:30:00;264
I09-I-L-B08;16:30:00;18:30:00;300
I09-I-L-B09;18:30:00;20:30:00;327
I09-I-L-B10;20:30:00;22:00:00;415
I09-I-L-B11;22:00:00;24:00:00;600
I09-R-L-B02;05:30:00;06:30:00;514
I09-R-L-B03;06:30:00;08:00:00;284
I09-R-L-B04;08:00:00;09:30:00;385
I09-R-L-B05;09:30:00;12:30:00;291
I09-R-L-B06;12:30:00;14:00:00;284
I09-R-L-B07;14:00:00;16:30:00;243
I09-R-L-B08;16:30:00;18:30:00;240
I09-R-L-B09;18:30:00;20:30:00;276
I09-R-L-B10;20:30:00;22:00:00;270
I09-R-L-B11;22:00:00;24:00:00;514
I09c-I-L-B03;06:30:00;08:00:00;900
I09c-I-L-B04;08:00:00;09:30:00;1080
I09c-I-L-B08;16:30:00;18:30:00;1440
I09c-I-L-B09;18:30:00;20:30:00;900
I09c-R-L-B03;06:30:00;08:00:00;1350
I09c-R-L-B04;08:00:00;09:30:00;1350
I09c-R-L-B08;16:30:00;18:30:00;1440
I09c-R-L-B09;18:30:00;20:30:00;900
I09e-I-L-B02;05:30:00;06:30:00;1200
I09e-I-L-B03;06:30:00;08:00:00;415
I09e-I-L-B04;08:00:00;09:30:00;1350
I09e-I-L-B08;16:30:00;18:30:00;1200
I09e-I-L-B09;18:30:00;20:30:00;1028
I09e-R-L-B03;06:30:00;08:00:00;675
I09e-R-L-B04;08:00:00;09:30:00;2700
I09e-R-L-B08;16:30:00;18:30:00;900
I09e-R-L-B09;18:30:00;20:30:00;600
I10-I-L-B02;05:30:00;06:30:00;514
I10-I-L-B03;06:30:00;08:00:00;385
I10-I-L-B04;08:00:00;09:30:00;540
I10-I-L-B05;09:30:00;12:30:00;514
I10-I-L-B06;12:30:00;14:00:00;600
I10-I-L-B07;14:00:00;16:30:00;529
I10-I-L-B08;16:30:00;18:30:00;450
I10-I-L-B09;18:30:00;20:30:00;514
I10-I-L-B10;20:30:00;22:00:00;900
I10-I-L-B11;22:00:00;24:00:00;1028
I10-R-L-B02;05:30:00;06:30:00;1200
I10-R-L-B03;06:30:00;08:00:00;490
I10-R-L-B04;08:00:00;09:30:00;540
I10-R-L-B05;09:30:00;12:30:00;540
I10-R-L-B06;12:30:00;14:00:00;540
I10-R-L-B07;14:00:00;16:30:00;529
I10-R-L-B08;16:30:00;18:30:00;400
I10-R-L-B09;18:30:00;20:30:00;450
I10-R-L-B10;20:30:00;22:00:00;675
I10-R-L-B11;22:00:00;24:00:00;800
I10N-I-L-B00;00:00:00;01:00:00;1800
I10N-I-L-B01;01:00:00;05:30:00;1472
I10N-R-L-B00;00:00:00;01:00:00;1800
I10N-R-L-B01;01:00:00;05:30:00;1800
I11-I-L-B01;01:00:00;05:30:00;8100
I11-I-L-B02;05:30:00;06:30:00;720
I11-I-L-B03;06:30:00;08:00:00;317
I11-I-L-B04;08:00:00;09:30:00;490
I11-I-L-B05;09:30:00;12:30:00;600
I11-I-L-B06;12:30:00;14:00:00;600
I11-I-L-B07;14:00:00;16:30:00;600
I11-I-L-B08;16:30:00;18:30:00;327
I11-I-L-B09;18:30:00;20:30:00;300
I11-I-L-B10;20:30:00;22:00:00;771
I11-I-L-B11;22:00:00;24:00:00;1028
I11-R-L-B01;01:00:00;05:30:00;16200
I11-R-L-B02;05:30:00;06:30:00;600
I11-R-L-B03;06:30:00;08:00:00;317
I11-R-L-B04;08:00:00;09:30:00;540
I11-R-L-B05;09:30:00;12:30:00;600
I11-R-L-B06;12:30:00;14:00:00;600
I11-R-L-B07;14:00:00;16:30:00;562
I11-R-L-B08;16:30:00;18:30:00;313
I11-R-L-B09;18:30:00;20:30:00;288
I11-R-L-B10;20:30:00;22:00:00;675
I11-R-L-B11;22:00:00;24:00:00;1028
I11N-I-L-B00;00:00:00;01:00:00;1800
I11N-I-L-B01;01:00:00;05:30:00;2025
I11N-R-L-B00;00:00:00;01:00:00;1800
I11N-R-L-B01;01:00:00;05:30:00;2025
I12-I-L-B01;01:00:00;05:30:00;8100
I12-I-L-B02;05:30:00;06:30:00;720
I12-I-L-B03;06:30:00;08:00:00;675
I12-I-L-B04;08:00:00;09:30:00;900
I12-I-L-B05;09:30:00;12:30:00;720
I12-I-L-B06;12:30:00;14:00:00;675
I12-I-L-B07;14:00:00;16:30:00;818
I12-I-L-B08;16:30:00;18:30:00;654
I12-I-L-B09;18:30:00;20:30:00;720
I12-I-L-B10;20:30:00;22:00:00;771
I12-I-L-B11;22:00:00;24:00:00;1800
I12-R-L-B02;05:30:00;06:30:00;1200
I12-R-L-B03;06:30:00;08:00:00;675
I12-R-L-B04;08:00:00;09:30:00;900
I12-R-L-B05;09:30:00;12:30:00;720
I12-R-L-B06;12:30:00;14:00:00;771
I12-R-L-B07;14:00:00;16:30:00;692
I12-R-L-B08;16:30:00;18:30:00;654
I12-R-L-B09;18:30:00;20:30:00;720
I12-R-L-B10;20:30:00;22:00:00;771
I12-R-L-B11;22:00:00;24:00:00;1200
I13-I-L-B01;01:00:00;05:30:00;8100
I13-I-L-B02;05:30:00;06:30:00;720
I13-I-L-B03;06:30:00;08:00:00;675
I13-I-L-B04;08:00:00;09:30:00;771
I13-I-L-B05;09:30:00;12:30:00;720
I13-I-L-B06;12:30:00;14:00:00;675
I13-I-L-B07;14:00:00;16:30:00;818
I13-I-L-B08;16:30:00;18:30:00;800
I13-I-L-B09;18:30:00;20:30:00;720
I13-I-L-B10;20:30:00;22:00:00;900
I13-I-L-B11;22:00:00;24:00:00;1800
I13-R-L-B02;05:30:00;06:30:00;1200
I13-R-L-B03;06:30:00;08:00:00;675
I13-R-L-B04;08:00:00;09:30:00;771
I13-R-L-B05;09:30:00;12:30:00;720
I13-R-L-B06;12:30:00;14:00:00;771
I13-R-L-B07;14:00:00;16:30:00;818
I13-R-L-B08;16:30:00;18:30:00;720
I13-R-L-B09;18:30:00;20:30:00;654
I13-R-L-B10;20:30:00;22:00:00;771
I13-R-L-B11;22:00:00;24:00:00;900
I14-I-L-B02;05:30:00;06:30:00;900
I14-I-L-B03;06:30:00;08:00:00;540
I14-I-L-B04;08:00:00;09:30:00;600
I14-I-L-B05;09:30:00;12:30:00;600
I14-I-L-B06;12:30:00;14:00:00;600
I14-I-L-B07;14:00:00;16:30:00;750
I14-I-L-B08;16:30:00;18:30:00;654
I14-I-L-B09;18:30:00;20:30:00;654
I14-I-L-B10;20:30:00;22:00:00;771
I14-I-L-B11;22:00:00;24:00:00;1028
I14-R-L-B02;05:30:00;06:30:00;1200
I14-R-L-B03;06:30:00;08:00:00;600
I14-R-L-B04;08:00:00;09:30:00;771
I14-R-L-B05;09:30:00;12:30:00;720
I14-R-L-B06;12:30:00;14:00:00;600
I14-R-L-B07;14:00:00;16:30:00;562
I14-R-L-B08;16:30:00;18:30:00;480
I14-R-L-B09;18:30:00;20:30:00;600
I14-R-L-B10;20:30:00;22:00:00;771
I14-R-L-B11;22:00:00;24:00:00;1028
I14N-I-L-B00;00:00:00;01:00:00;1800
I14N-I-L-B01;01:00:00;05:30:00;1800
I14N-R-L-B00;00:00:00;01:00:00;1800
I14N-R-L-B01;01:00:00;05:30:00;1800
I16-I-L-B01;01:00:00;05:30:00;8100
I16-I-L-B02;05:30:00;06:30:00;720
I16-I-L-B03;06:30:00;08:00:00;771
I16-I-L-B04;08:00:00;09:30:00;771
I16-I-L-B05;09:30:00;12:30:00;720
I16-I-L-B06;12:30:00;14:00:00;771
I16-I-L-B07;14:00:00;16:30:00;900
I16-I-L-B08;16:30:00;18:30:00;800
I16-I-L-B09;18:30:00;20:30:00;720
I16-I-L-B10;20:30:00;22:00:00;771
I16-I-L-B11;22:00:00;24:00:00;1200
I16-R-L-B01;01:00:00;05:30:00;8100
I16-R-L-B02;05:30:00;06:30:00;1200
I16-R-L-B03;06:30:00;08:00:00;771
I16-R-L-B04;08:00:00;09:30:00;771
I16-R-L-B05;09:30:00;12:30:00;720
I16-R-L-B06;12:30:00;14:00:00;771
I16-R-L-B07;14:00:00;16:30:00;750
I16-R-L-B08;16:30:00;18:30:00;720
I16-R-L-B09;18:30:00;20:30:00;654
I16-R-L-B10;20:30:00;22:00:00;771
I16-R-L-B11;22:00:00;24:00:00;1200
I17-I-L-B02;05:30:00;06:30:00;900
I17-I-L-B03;06:30:00;08:00:00;675
I17-I-L-B04;08:00:00;09:30:00;771
I17-I-L-B05;09:30:00;12:30:00;720
I17-I-L-B06;12:30:00;14:00:00;771
I17-I-L-B07;14:00:00;16:30:00;900
I17-I-L-B08;16:30:00;18:30:00;720
I17-I-L-B09;18:30:00;20:30:00;720
I17-I-L-B10;20:30:00;22:00:00;900
I17-I-L-B11;22:00:00;24:00:00;2400
I17-R-L-B02;05:30:00;06:30:00;1200
I17-R-L-B03;06:30:00;08:00:00;675
I17-R-L-B04;08:00:00;09:30:00;771
I17-R-L-B05;09:30:00;12:30:00;720
I17-R-L-B06;12:30:00;14:00:00;771
I17-R-L-B07;14:00:00;16:30:00;818
I17-R-L-B08;16:30:00;18:30:00;720
I17-R-L-B09;18:30:00;20:30:00;720
I17-R-L-B10;20:30:00;22:00:00;900
I17-R-L-B11;22:00:00;24:00:00;2400
I18-I-L-B02;05:30:00;06:30:00;900
I18-I-L-B03;06:30:00;08:00:00;771
I18-I-L-B04;08:00:00;09:30:00;771
I18-I-L-B05;09:30:00;12:30:00;720
I18-I-L-B06;12:30:00;14:00:00;771
I18-I-L-B07;14:00:00;16:30:00;818
I18-I-L-B08;16:30:00;18:30:00;720
I18-I-L-B09;18:30:00;20:30:00;800
I18-I-L-B10;20:30:00;22:00:00;900
I18-I-L-B11;22:00:00;24:00:00;2400
I18-R-L-B02;05:30:00;06:30:00;1200
I18-R-L-B03;06:30:00;08:00:00;771
I18-R-L-B04;08:00:00;09:30:00;771
I18-R-L-B05;09:30:00;12:30:00;720
I18-R-L-B06;12:30:00;14:00:00;771
I18-R-L-B07;14:00:00;16:30:00;692
I18-R-L-B08;16:30:00;18:30:00;720
I18-R-L-B09;18:30:00;20:30:00;720
I18-R-L-B10;20:30:00;22:00:00;771
I18-R-L-B11;22:00:00;24:00:00;1200
I20-I-L-B02;05:30:00;06:30:00;900
I20-I-L-B03;06:30:00;08:00:00;771
I20-I-L-B04;08:00:00;09:30:00;771
I20-I-L-B05;09:30:00;12:30:00;720
I20-I-L-B06;12:30:00;14:00:00;675
I20-I-L-B07;14:00:00;16:30:00;692
I20-I-L-B08;16:30:00;18:30:00;720
I20-I-L-B09;18:30:00;20:30:00;720
I20-I-L-B10;20:30:00;22:00:00;771
I20-I-L-B11;22:00:00;24:00:00;1028
I20-R-L-B02;05:30:00;06:30:00;1200
I20-R-L-B03;06:30:00;08:00:00;771
I20-R-L-B04;08:00:00;09:30:00;771
I20-R-L-B05;09:30:00;12:30:00;720
I20-R-L-B06;12:30:00;14:00:00;900
I20-R-L-B07;14:00:00;16:30:00;750
I20-R-L-B08;16:30:00;18:30:00;720
I20-R-L-B09;18:30:00;20:30:00;720
I20-R-L-B10;20:30:00;22:00:00;771
I20-R-L-B11;22:00:00;24:00:00;1028
I21-I-L-B02;05:30:00;06:30:00;720
I21-I-L-B03;06:30:00;08:00:00;771
I21-I-L-B04;08:00:00;09:30:00;771
I21-I-L-B05;09:30:00;12:30:00;720
I21-I-L-B06;12:30:00;14:00:00;900
I21-I-L-B07;14:00:00;16:30:00;900
I21-I-L-B08;16:30:00;18:30:00;720
I21-I-L-B09;18:30:00;20:30:00;720
I21-I-L-B10;20:30:00;22:00:00;900
I21-I-L-B11;22:00:00;24:00:00;1800
I21-R-L-B02;05:30:00;06:30:00;1800
I21-R-L-B03;06:30:00;08:00:00;771
I21-R-L-B04;08:00:00;09:30:00;771
I21-R-L-B05;09:30:00;12:30:00;720
I21-R-L-B06;12:30:00;14:00:00;900
I21-R-L-B07;14:00:00;16:30:00;900
I21-R-L-B08;16:30:00;18:30:00;720
I21-R-L-B09;18:30:00;20:30:00;720
I21-R-L-B10;20:30:00;22:00:00;900
I21-R-L-B11;22:00:00;24:00:00;1028
I22-I-L-B02;05:30:00;06:30:00;900
I22-I-L-B03;06:30:00;08:00:00;490
I22-I-L-B04;08:00:00;09:30:00;900
I22-I-L-B05;09:30:00;12:30:00;720
I22-I-L-B06;12:30:00;14:00:00;675
I22-I-L-B07;14:00:00;16:30:00;818
I22-I-L-B08;16:30:00;18:30:00;720
I22-I-L-B09;18:30:00;20:30:00;720
I22-I-L-B10;20:30:00;22:00:00;771
I22-I-L-B11;22:00:00;24:00:00;1440
I22-R-L-B02;05:30:00;06:30:00;1200
I22-R-L-B03;06:30:00;08:00:00;490
I22-R-L-B04;08:00:00;09:30:00;900
I22-R-L-B05;09:30:00;12:30:00;720
I22-R-L-B06;12:30:00;14:00:00;771
I22-R-L-B07;14:00:00;16:30:00;692
I22-R-L-B08;16:30:00;18:30:00;600
I22-R-L-B09;18:30:00;20:30:00;553
I22-R-L-B10;20:30:00;22:00:00;771
I22-R-L-B11;22:00:00;24:00:00;1200
I24-I-L-B02;05:30:00;06:30:00;900
I24-I-L-B03;06:30:00;08:00:00;675
I24-I-L-B04;08:00:00;09:30:00;900
I24-I-L-B05;09:30:00;12:30:00;771
I24-I-L-B06;12:30:00;14:00:00;900
I24-I-L-B07;14:00:00;16:30:00;750
I24-I-L-B08;16:30:00;18:30:00;720
I24-I-L-B09;18:30:00;20:30:00;720
I24-I-L-B10;20:30:00;22:00:00;900
I24-I-L-B11;22:00:00;24:00:00;1800
I24-R-L-B02;05:30:00;06:30:00;1200
I24-R-L-B03;06:30:00;08:00:00;675
I24-R-L-B04;08:00:00;09:30:00;900
I24-R-L-B05;09:30:00;12:30:00;771
I24-R-L-B06;12:30:00;14:00:00;900
I24-R-L-B07;14:00:00;16:30:00;750
I24-R-L-B08;16:30:00;18:30:00;720
I24-R-L-B09;18:30:00;20:30:00;720
I24-R-L-B10;20:30:00;22:00:00;771
I24-R-L-B11;22:00:00;24:00:00;1200
I25-I-L-B01;01:00:00;05:30:00;8100
I25-I-L-B02;05:30:00;06:30:00;720
I25-I-L-B03;06:30:00;08:00:00;360
I25-I-L-B04;08:00:00;09:30:00;675
I25-I-L-B05;09:30:00;12:30:00;720
I25-I-L-B06;12:30:00;14:00:00;771
I25-I-L-B07;14:00:00;16:30:00;642
I25-I-L-B08;16:30:00;18:30:00;450
I25-I-L-B09;18:30:00;20:30:00;600
I25-I-L-B10;20:30:00;22:00:00;771
I25-I-L-B11;22:00:00;24:00:00;1800
I26-I-L-B01;01:00:00;05:30:00;16200
I26-I-L-B02;05:30:00;06:30:00;720
I26-I-L-B03;06:30:00;08:00:00;675
I26-I-L-B04;08:00:00;09:30:00;771
I26-I-L-B05;09:30:00;12:30:00;900
I26-I-L-B06;12:30:00;14:00:00;900
I26-I-L-B07;14:00:00;16:30:00;900
I26-I-L-B08;16:30:00;18:30:00;720
I26-I-L-B09;18:30:00;20:30:00;800
I26-I-L-B10;20:30:00;22:00:00;1080
I26-I-L-B11;22:00:00;24:00:00;2400
I35-I-L-B02;05:30:00;06:30:00;514
I35-I-L-B03;06:30:00;08:00:00;450
I35-I-L-B04;08:00:00;09:30:00;450
I35-I-L-B05;09:30:00;12:30:00;450
I35-I-L-B06;12:30:00;14:00:00;450
I35-I-L-B07;14:00:00;16:30:00;375
I35-I-L-B08;16:30:00;18:30:00;300
I35-I-L-B09;18:30:00;20:30:00;300
I35-I-L-B10;20:30:00;22:00:00;450
I35-I-L-B11;22:00:00;24:00:00;1028
I35-R-L-B01;01:00:00;05:30:00;4050
I35-R-L-B02;05:30:00;06:30:00;300
I35-R-L-B03;06:30:00;08:00:00;300
I35-R-L-B04;08:00:00;09:30:00;385
I35-R-L-B05;09:30:00;12:30:00;450
I35-R-L-B06;12:30:00;14:00:00;490
I35-R-L-B07;14:00:00;16:30:00;391
I35-R-L-B08;16:30:00;18:30:00;327
I35-R-L-B09;18:30:00;20:30:00;313
I35-R-L-B10;20:30:00;22:00:00;675
I35-R-L-B11;22:00:00;24:00:00;1440
I39-I-L-B02;05:30:00;06:30:00;3600
I39-I-L-B03;06:30:00;08:00:00;1800
I39-I-L-B04;08:00:00;09:30:00;1800
I39-I-L-B05;09:30:00;12:30:00;1800
I39-I-L-B06;12:30:00;14:00:00;1800
I39-I-L-B07;14:00:00;16:30:00;1800
I39-I-L-B08;16:30:00;18:30:00;1800
I39-I-L-B09;18:30:00;20:30:00;1800
I39-I-L-B10;20:30:00;22:00:00;1800
I39-I-L-B11;22:00:00;24:00:00;3600
J01-I-L-B01;01:00:00;05:30:00;5400
J01-I-L-B02;05:30:00;06:30:00;450
J01-I-L-B03;06:30:00;08:00:00;317
J01-I-L-B04;08:00:00;09:30:00;540
J01-I-L-B05;09:30:00;12:30:00;600
J01-I-L-B06;12:30:00;14:00:00;600
J01-I-L-B07;14:00:00;16:30:00;473
J01-I-L-B08;16:30:00;18:30:00;400
J01-I-L-B09;18:30:00;20:30:00;450
J01-I-L-B10;20:30:00;22:00:00;771
J01-I-L-B11;22:00:00;24:00:00;1440
J01-R-L-B02;05:30:00;06:30:00;720
J01-R-L-B03;06:30:00;08:00:00;385
J01-R-L-B04;08:00:00;09:30:00;450
J01-R-L-B05;09:30:00;12:30:00;568
J01-R-L-B06;12:30:00;14:00:00;675
J01-R-L-B07;14:00:00;16:30:00;529
J01-R-L-B08;16:30:00;18:30:00;378
J01-R-L-B09;18:30:00;20:30:00;400
J01-R-L-B10;20:30:00;22:00:00;675
J01-R-L-B11;22:00:00;24:00:00;1028
J01c-I-L-B08;16:30:00;18:30:00;1800
J01c-I-L-B09;18:30:00;20:30:00;1800
J01c-R-L-B03;06:30:00;08:00:00;675
J01c-R-L-B04;08:00:00;09:30:00;1350
J02-I-L-B02;05:30:00;06:30:00;720
J02-I-L-B03;06:30:00;08:00:00;675
J02-I-L-B04;08:00:00;09:30:00;900
J02-I-L-B05;09:30:00;12:30:00;981
J02-I-L-B06;12:30:00;14:00:00;900
J02-I-L-B07;14:00:00;16:30:00;750
J02-I-L-B08;16:30:00;18:30:00;900
J02-I-L-B09;18:30:00;20:30:00;800
J02-I-L-B10;20:30:00;22:00:00;1080
J02-I-L-B11;22:00:00;24:00:00;1440
J03-I-L-B02;05:30:00;06:30:00;600
J03-I-L-B03;06:30:00;08:00:00;540
J03-I-L-B04;08:00:00;09:30:00;675
J03-I-L-B05;09:30:00;12:30:00;900
J03-I-L-B06;12:30:00;14:00:00;900
J03-I-L-B07;14:00:00;16:30:00;900
J03-I-L-B08;16:30:00;18:30:00;720
J03-I-L-B09;18:30:00;20:30:00;720
J03-I-L-B10;20:30:00;22:00:00;1080
J03-I-L-B11;22:00:00;24:00:00;1440
J04-I-L-B02;05:30:00;06:30:00;1200
J04-I-L-B03;06:30:00;08:00:00;450
J04-I-L-B04;08:00:00;09:30:00;675
J04-I-L-B05;09:30:00;12:30:00;675
J04-I-L-B06;12:30:00;14:00:00;675
J04-I-L-B07;14:00:00;16:30:00;642
J04-I-L-B08;16:30:00;18:30:00;553
J04-I-L-B09;18:30:00;20:30:00;450
J04-I-L-B10;20:30:00;22:00:00;675
J04-I-L-B11;22:00:00;24:00:00;1200
J04-R-L-B02;05:30:00;06:30:00;514
J04-R-L-B03;06:30:00;08:00:00;337
J04-R-L-B04;08:00:00;09:30:00;490
J04-R-L-B05;09:30:00;12:30:00;720
J04-R-L-B06;12:30:00;14:00:00;675
J04-R-L-B07;14:00:00;16:30:00;642
J04-R-L-B08;16:30:00;18:30:00;553
J04-R-L-B09;18:30:00;20:30:00;450
J04-R-L-B10;20:30:00;22:00:00;900
J04-R-L-B11;22:00:00;24:00:00;1800
J05-I-L-B02;05:30:00;06:30:00;600
J05-I-L-B03;06:30:00;08:00:00;600
J05-I-L-B04;08:00:00;09:30:00;675
J05-I-L-B05;09:30:00;12:30:00;900
J05-I-L-B06;12:30:00;14:00:00;900
J05-I-L-B07;14:00:00;16:30:00;818
J05-I-L-B08;16:30:00;18:30:00;600
J05-I-L-B09;18:30:00;20:30:00;720
J05-I-L-B10;20:30:00;22:00:00;900
J05-I-L-B11;22:00:00;24:00:00;1440
J06-I-L-B02;05:30:00;06:30:00;3600
J06-I-L-B03;06:30:00;08:00:00;1800
J06-I-L-B04;08:00:00;09:30:00;2700
J06-I-L-B05;09:30:00;12:30:00;2160
J06-I-L-B06;12:30:00;14:00:00;2700
J06-I-L-B07;14:00:00;16:30:00;1800
J06-I-L-B08;16:30:00;18:30:00;2400
J06-I-L-B09;18:30:00;20:30:00;2400
J06-I-L-B10;20:30:00;22:00:00;1800
J06-I-L-B11;22:00:00;24:00:00;3600
J06-R-L-B02;05:30:00;06:30:00;1800
J06-R-L-B03;06:30:00;08:00:00;2700
J06-R-L-B04;08:00:00;09:30:00;1800
J06-R-L-B05;09:30:00;12:30:00;2160
J06-R-L-B06;12:30:00;14:00:00;2700
J06-R-L-B07;14:00:00;16:30:00;2250
J06-R-L-B08;16:30:00;18:30:00;1800
J06-R-L-B09;18:30:00;20:30:00;2400
J06-R-L-B10;20:30:00;22:00:00;2700
J06-R-L-B11;22:00:00;24:00:00;3600
J07-I-L-B01;01:00:00;05:30:00;8100
J07-I-L-B02;05:30:00;06:30:00;900
J07-I-L-B03;06:30:00;08:00:00;771
J07-I-L-B04;08:00:00;09:30:00;1080
J07-I-L-B05;09:30:00;12:30:00;1349
J07-I-L-B06;12:30:00;14:00:00;900
J07-I-L-B07;14:00:00;16:30:00;900
J07-I-L-B08;16:30:00;18:30:00;1028
J07-I-L-B09;18:30:00;20:30:00;1028
J07-I-L-B10;20:30:00;22:00:00;1349
J07-I-L-B11;22:00:00;24:00:00;1800
J07c-I-L-B03;06:30:00;08:00:00;450
J07c-I-L-B04;08:00:00;09:30:00;2700
J07e-I-L-B01;01:00:00;05:30:00;8100
J07e-I-L-B02;05:30:00;06:30:00;720
J07e-I-L-B03;06:30:00;08:00:00;900
J07e-I-L-B04;08:00:00;09:30:00;1349
J07e-I-L-B05;09:30:00;12:30:00;1542
J07e-I-L-B06;12:30:00;14:00:00;900
J07e-I-L-B07;14:00:00;16:30:00;900
J07e-I-L-B08;16:30:00;18:30:00;900
J07e-I-L-B09;18:30:00;20:30:00;1028
J07e-I-L-B10;20:30:00;22:00:00;1349
J07e-I-L-B11;22:00:00;24:00:00;1800
J08-I-L-B00;00:00:00;01:00:00;1800
J08-I-L-B01;01:00:00;05:30:00;1620
J08-I-L-B02;05:30:00;06:30:00;720
J08-I-L-B03;06:30:00;08:00:00;675
J08-I-L-B04;08:00:00;09:30:00;900
J08-I-L-B05;09:30:00;12:30:00;830
J08-I-L-B06;12:30:00;14:00:00;900
J08-I-L-B07;14:00:00;16:30:00;818
J08-I-L-B08;16:30:00;18:30:00;600
J08-I-L-B09;18:30:00;20:30:00;720
J08-I-L-B10;20:30:00;22:00:00;771
J08-I-L-B11;22:00:00;24:00:00;1200
J08-R-L-B00;00:00:00;01:00:00;1800
J08-R-L-B01;01:00:00;05:30:00;1800
J08-R-L-B02;05:30:00;06:30:00;900
J08-R-L-B03;06:30:00;08:00:00;675
J08-R-L-B04;08:00:00;09:30:00;900
J08-R-L-B05;09:30:00;12:30:00;830
J08-R-L-B06;12:30:00;14:00:00;900
J08-R-L-B07;14:00:00;16:30:00;900
J08-R-L-B08;16:30:00;18:30:00;600
J08-R-L-B09;18:30:00;20:30:00;654
J08-R-L-B10;20:30:00;22:00:00;675
J08-R-L-B11;22:00:00;24:00:00;1200
J10-I-L-B02;05:30:00;06:30:00;720
J10-I-L-B03;06:30:00;08:00:00;900
J10-I-L-B04;08:00:00;09:30:00;900
J10-I-L-B05;09:30:00;12:30:00;900
J10-I-L-B06;12:30:00;14:00:00;675
J10-I-L-B07;14:00:00;16:30:00;692
J10-I-L-B08;16:30:00;18:30:00;654
J10-I-L-B09;18:30:00;20:30:00;800
J10-I-L-B10;20:30:00;22:00:00;771
J10-I-L-B11;22:00:00;24:00:00;1440
J10-R-L-B02;05:30:00;06:30:00;1200
J10-R-L-B03;06:30:00;08:00:00;771
J10-R-L-B04;08:00:00;09:30:00;675
J10-R-L-B05;09:30:00;12:30:00;830
J10-R-L-B06;12:30:00;14:00:00;600
J10-R-L-B07;14:00:00;16:30:00;600
J10-R-L-B08;16:30:00;18:30:00;900
J10-R-L-B09;18:30:00;20:30:00;900
J10-R-L-B10;20:30:00;22:00:00;900
J10-R-L-B11;22:00:00;24:00:00;1028
J11-I-L-B02;05:30:00;06:30:00;1200
J11-I-L-B03;06:30:00;08:00:00;1080
J11-I-L-B04;08:00:00;09:30:00;1080
J11-I-L-B05;09:30:00;12:30:00;1542
J11-I-L-B06;12:30:00;14:00:00;1350
J11-I-L-B07;14:00:00;16:30:00;1285
J11-I-L-B08;16:30:00;18:30:00;1028
J11-I-L-B09;18:30:00;20:30:00;1200
J11-I-L-B10;20:30:00;22:00:00;1350
J11-I-L-B11;22:00:00;24:00:00;1800
J11-R-L-B02;05:30:00;06:30:00;1800
J11-R-L-B03;06:30:00;08:00:00;900
J11-R-L-B04;08:00:00;09:30:00;1350
J11-R-L-B05;09:30:00;12:30:00;1542
J11-R-L-B06;12:30:00;14:00:00;1350
J11-R-L-B07;14:00:00;16:30:00;1285
J11-R-L-B08;16:30:00;18:30:00;1028
J11-R-L-B09;18:30:00;20:30:00;1200
J11-R-L-B10;20:30:00;22:00:00;1350
J11-R-L-B11;22:00:00;24:00:00;1800
J12-I-L-B02;05:30:00;06:30:00;1200
J12-I-L-B03;06:30:00;08:00:00;450
J12-I-L-B04;08:00:00;09:30:00;600
J12-I-L-B05;09:30:00;12:30:00;1080
J12-I-L-B06;12:30:00;14:00:00;900
J12-I-L-B07;14:00:00;16:30:00;750
J12-I-L-B08;16:30:00;18:30:00;600
J12-I-L-B09;18:30:00;20:30:00;720
J12-I-L-B10;20:30:00;22:00:00;900
J12-I-L-B11;22:00:00;24:00:00;1440
J12-R-L-B02;05:30:00;06:30:00;1200
J12-R-L-B03;06:30:00;08:00:00;450
J12-R-L-B04;08:00:00;09:30:00;540
J12-R-L-B05;09:30:00;12:30:00;981
J12-R-L-B06;12:30:00;14:00:00;900
J12-R-L-B07;14:00:00;16:30:00;692
J12-R-L-B08;16:30:00;18:30:00;600
J12-R-L-B09;18:30:00;20:30:00;654
J12-R-L-B10;20:30:00;22:00:00;1080
J12-R-L-B11;22:00:00;24:00:00;1440
J13-I-L-B00;00:00:00;01:00:00;1800
J13-I-L-B02;05:30:00;06:30:00;1800
J13-I-L-B03;06:30:00;08:00:00;900
J13-I-L-B04;08:00:00;09:30:00;675
J13-I-L-B05;09:30:00;12:30:00;830
J13-I-L-B06;12:30:00;14:00:00;771
J13-I-L-B07;14:00:00;16:30:00;692
J13-I-L-B08;16:30:00;18:30:00;720
J13-I-L-B09;18:30:00;20:30:00;654
J13-I-L-B10;20:30:00;22:00:00;675
J13-I-L-B11;22:00:00;24:00:00;1028
J13-R-L-B02;05:30:00;06:30:00;900
J13-R-L-B03;06:30:00;08:00:00;600
J13-R-L-B04;08:00:00;09:30:00;675
J13-R-L-B05;09:30:00;12:30:00;830
J13-R-L-B06;12:30:00;14:00:00;771
J13-R-L-B07;14:00:00;16:30:00;692
J13-R-L-B08;16:30:00;18:30:00;720
J13-R-L-B09;18:30:00;20:30:00;720
J13-R-L-B10;20:30:00;22:00:00;771
J13-R-L-B11;22:00:00;24:00:00;1440
J13c-I-L-B02;05:30:00;06:30:00;1800
J13c-I-L-B03;06:30:00;08:00:00;900
J13c-I-L-B04;08:00:00;09:30:00;900
J13c-I-L-B05;09:30:00;12:30:00;771
J13c-I-L-B06;12:30:00;14:00:00;771
J13c-I-L-B07;14:00:00;16:30:00;750
J13c-I-L-B08;16:30:00;18:30:00;600
J13c-I-L-B09;18:30:00;20:30:00;514
J13c-I-L-B10;20:30:00;22:00:00;675
J13c-I-L-B11;22:00:00;24:00:00;1440
J13c-R-L-B02;05:30:00;06:30:00;720
J13c-R-L-B03;06:30:00;08:00:00;490
J13c-R-L-B04;08:00:00;09:30:00;540
J13c-R-L-B05;09:30:00;12:30:00;720
J13c-R-L-B06;12:30:00;14:00:00;771
J13c-R-L-B07;14:00:00;16:30:00;750
J13c-R-L-B08;16:30:00;18:30:00;654
J13c-R-L-B09;18:30:00;20:30:00;654
J13c-R-L-B10;20:30:00;22:00:00;900
J13c-R-L-B11;22:00:00;24:00:00;1800
J15c-I-L-B02;05:30:00;06:30:00;900
J15c-I-L-B03;06:30:00;08:00:00;450
J15c-I-L-B04;08:00:00;09:30:00;600
J15c-I-L-B05;09:30:00;12:30:00;900
J15c-I-L-B06;12:30:00;14:00:00;900
J15c-I-L-B07;14:00:00;16:30:00;900
J15c-I-L-B08;16:30:00;18:30:00;720
J15c-I-L-B09;18:30:00;20:30:00;654
J15c-I-L-B10;20:30:00;22:00:00;900
J15c-I-L-B11;22:00:00;24:00:00;1800
J15c-R-L-B02;05:30:00;06:30:00;1800
J15c-R-L-B03;06:30:00;08:00:00;675
J15c-R-L-B04;08:00:00;09:30:00;771
J15c-R-L-B05;09:30:00;12:30:00;900
J15c-R-L-B06;12:30:00;14:00:00;900
J15c-R-L-B07;14:00:00;16:30:00;900
J15c-R-L-B08;16:30:00;18:30:00;600
J15c-R-L-B09;18:30:00;20:30:00;450
J15c-R-L-B10;20:30:00;22:00:00;771
J15c-R-L-B11;22:00:00;24:00:00;1800
J16-I-L-B02;05:30:00;06:30:00;900
J16-I-L-B03;06:30:00;08:00:00;771
J16-I-L-B04;08:00:00;09:30:00;900
J16-I-L-B05;09:30:00;12:30:00;900
J16-I-L-B06;12:30:00;14:00:00;900
J16-I-L-B07;14:00:00;16:30:00;900
J16-I-L-B08;16:30:00;18:30:00;800
J16-I-L-B09;18:30:00;20:30:00;900
J16-I-L-B10;20:30:00;22:00:00;1350
J16-I-L-B11;22:00:00;24:00:00;2400
J17-I-L-B03;06:30:00;08:00:00;1800
J17-I-L-B04;08:00:00;09:30:00;1800
J17-I-L-B05;09:30:00;12:30:00;2160
J17-I-L-B06;12:30:00;14:00:00;1800
J17-I-L-B07;14:00:00;16:30:00;2250
J17-I-L-B08;16:30:00;18:30:00;2400
J17-I-L-B09;18:30:00;20:30:00;2400
J17-I-L-B10;20:30:00;22:00:00;1800
J17-I-L-B11;22:00:00;24:00:00;3600
J17-R-L-B03;06:30:00;08:00:00;1800
J17-R-L-B04;08:00:00;09:30:00;1800
J17-R-L-B05;09:30:00;12:30:00;2160
J17-R-L-B06;12:30:00;14:00:00;1800
J17-R-L-B07;14:00:00;16:30:00;2250
J17-R-L-B08;16:30:00;18:30:00;2400
J17-R-L-B09;18:30:00;20:30:00;2400
J17-R-L-B10;20:30:00;22:00:00;1800
J17-R-L-B11;22:00:00;24:00:00;3600
J18-I-L-B01;01:00:00;05:30:00;16200
J18-I-L-B02;05:30:00;06:30:00;600
J18-I-L-B03;06:30:00;08:00:00;450
J18-I-L-B04;08:00:00;09:30:00;540
J18-I-L-B05;09:30:00;12:30:00;675
J18-I-L-B06;12:30:00;14:00:00;600
J18-I-L-B07;14:00:00;16:30:00;500
J18-I-L-B08;16:30:00;18:30:00;480
J18-I-L-B09;18:30:00;20:30:00;514
J18-I-L-B10;20:30:00;22:00:00;771
J18-I-L-B11;22:00:00;24:00:00;1200
J18-R-L-B02;05:30:00;06:30:00;600
J18-R-L-B03;06:30:00;08:00:00;600
J18-R-L-B04;08:00:00;09:30:00;600
J18-R-L-B05;09:30:00;12:30:00;675
J18-R-L-B06;12:30:00;14:00:00;600
J18-R-L-B07;14:00:00;16:30:00;500
J18-R-L-B08;16:30:00;18:30:00;480
J18-R-L-B09;18:30:00;20:30:00;480
J18-R-L-B10;20:30:00;22:00:00;675
J18-R-L-B11;22:00:00;24:00:00;1028
J18c-I-L-B03;06:30:00;08:00:00;900
J18c-I-L-B04;08:00:00;09:30:00;1080
J18c-R-L-B08;16:30:00;18:30:00;1200
J18c-R-L-B09;18:30:00;20:30:00;514
J18c-R-L-B10;20:30:00;22:00:00;1349
J19-I-L-B02;05:30:00;06:30:00;720
J19-I-L-B03;06:30:00;08:00:00;490
J19-I-L-B04;08:00:00;09:30:00;675
J19-I-L-B05;09:30:00;12:30:00;720
J19-I-L-B06;12:30:00;14:00:00;900
J19-I-L-B07;14:00:00;16:30:00;900
J19-I-L-B08;16:30:00;18:30:00;800
J19-I-L-B09;18:30:00;20:30:00;800
J19-I-L-B10;20:30:00;22:00:00;1080
J19-I-L-B11;22:00:00;24:00:00;2400
J19-R-L-B02;05:30:00;06:30:00;1800
J19-R-L-B03;06:30:00;08:00:00;540
J19-R-L-B04;08:00:00;09:30:00;771
J19-R-L-B05;09:30:00;12:30:00;720
J19-R-L-B06;12:30:00;14:00:00;771
J19-R-L-B07;14:00:00;16:30:00;750
J19-R-L-B08;16:30:00;18:30:00;600
J19-R-L-B09;18:30:00;20:30:00;800
J19-R-L-B10;20:30:00;22:00:00;1080
J19-R-L-B11;22:00:00;24:00:00;2400
J20-I-L-B02;05:30:00;06:30:00;900
J20-I-L-B03;06:30:00;08:00:00;600
J20-I-L-B04;08:00:00;09:30:00;771
J20-I-L-B05;09:30:00;12:30:00;900
J20-I-L-B06;12:30:00;14:00:00;900
J20-I-L-B07;14:00:00;16:30:00;818
J20-I-L-B08;16:30:00;18:30:00;654
J20-I-L-B09;18:30:00;20:30:00;720
J20-I-L-B10;20:30:00;22:00:00;900
J20-I-L-B11;22:00:00;24:00:00;1800
J22-I-L-B01;01:00:00;05:30:00;16200
J22-I-L-B02;05:30:00;06:30:00;3600
J22-I-L-B03;06:30:00;08:00:00;5400
J22-I-L-B04;08:00:00;09:30:00;5400
J22-I-L-B05;09:30:00;12:30:00;5400
J22-I-L-B06;12:30:00;14:00:00;5400
J22-I-L-B07;14:00:00;16:30:00;9000
J22-I-L-B08;16:30:00;18:30:00;3600
J22-I-L-B09;18:30:00;20:30:00;7200
J22-I-L-B10;20:30:00;22:00:00;5400
J22-R-L-B02;05:30:00;06:30:00;3600
J22-R-L-B03;06:30:00;08:00:00;2700
J22-R-L-B04;08:00:00;09:30:00;5400
J22-R-L-B05;09:30:00;12:30:00;10800
J22-R-L-B06;12:30:00;14:00:00;5400
J22-R-L-B07;14:00:00;16:30:00;9000
J22-R-L-B08;16:30:00;18:30:00;3600
J22-R-L-B09;18:30:00;20:30:00;3600
J22-R-L-B10;20:30:00;22:00:00;5400
